source_id,endpoint,model,date_local,success,status_code,request_url,request_url_sha256,response_sha256,response_text,error,production_status
previous_runs_gfs_temperature,previous_runs,gfs_seamless,2023-01-01,true,200,https://previous-runs-api.open-meteo.com/v1/forecast?end_date=2023-01-01&hourly=temperature_2m_previous_day1%2Cdew_point_2m_previous_day1%2Ccloud_cover_previous_day1%2Ccloud_cover_low_previous_day1%2Cpressure_msl_previous_day1%2Cwind_speed_10m_previous_day1%2Cwind_gusts_10m_previous_day1%2Cwind_direction_10m_previous_day1&latitude=-41.3272&longitude=174.8053&models=gfs_seamless&start_date=2023-01-01&timezone=auto,11a3b29cc0bc9c9fe42f7c7f882832b75196be324c315fc86bf6e313671257df,367deee944f13b18b88d1134f5c83a2b8397016562871b8dd63eca88ebe3ffe2,"{""latitude"":-41.295143,""longitude"":174.72656,""generationtime_ms"":7.9735517501831055,""utc_offset_seconds"":43200,""timezone"":""Pacific/Auckland"",""timezone_abbreviation"":""GMT+12"",""elevation"":5.0,""hourly_units"":{""time"":""iso8601"",""temperature_2m_previous_day1"":""°C"",""dew_point_2m_previous_day1"":""°C"",""cloud_cover_previous_day1"":""%"",""cloud_cover_low_previous_day1"":""%"",""pressure_msl_previous_day1"":""hPa"",""wind_speed_10m_previous_day1"":""km/h"",""wind_gusts_10m_previous_day1"":""km/h"",""wind_direction_10m_previous_day1"":""°""},""hourly"":{""time"":[""2023-01-01T00:00"",""2023-01-01T01:00"",""2023-01-01T02:00"",""2023-01-01T03:00"",""2023-01-01T04:00"",""2023-01-01T05:00"",""2023-01-01T06:00"",""2023-01-01T07:00"",""2023-01-01T08:00"",""2023-01-01T09:00"",""2023-01-01T10:00"",""2023-01-01T11:00"",""2023-01-01T12:00"",""2023-01-01T13:00"",""2023-01-01T14:00"",""2023-01-01T15:00"",""2023-01-01T16:00"",""2023-01-01T17:00"",""2023-01-01T18:00"",""2023-01-01T19:00"",""2023-01-01T20:00"",""2023-01-01T21:00"",""2023-01-01T22:00"",""2023-01-01T23:00""],""temperature_2m_previous_day1"":[12.9,12.9,12.8,12.9,12.8,12.8,13.4,14.8,15.9,16.8,17.2,17.5,17.6,17.6,17.3,17.2,16.6,16.0,15.4,15.1,15.0,14.1,12.8,12.5],""dew_point_2m_previous_day1"":[null,null,null,null,null,null,null,null,null,null,null,null,null,null,null,null,null,null,null,null,null,null,null,null],""cloud_cover_previous_day1"":[null,null,null,null,null,null,null,null,null,null,null,null,null,null,null,null,null,null,null,null,null,null,null,null],""cloud_cover_low_previous_day1"":[null,null,null,null,null,null,null,null,null,null,null,null,null,null,null,null,null,null,null,null,null,null,null,null],""pressure_msl_previous_day1"":[null,null,null,null,null,null,null,null,null,null,null,null,null,null,null,null,null,null,null,null,null,null,null,null],""wind_speed_10m_previous_day1"":[null,null,null,null,null,null,null,null,null,null,null,null,null,null,null,null,null,null,null,null,null,null,null,null],""wind_gusts_10m_previous_day1"":[null,null,null,null,null,null,null,null,null,null,null,null,null,null,null,null,null,null,null,null,null,null,null,null],""wind_direction_10m_previous_day1"":[null,null,null,null,null,null,null,null,null,null,null,null,null,null,null,null,null,null,null,null,null,null,null,null]}}",,EXPERIMENT_ONLY
previous_runs_gfs_temperature,previous_runs,gfs_seamless,2023-01-15,true,200,https://previous-runs-api.open-meteo.com/v1/forecast?end_date=2023-01-15&hourly=temperature_2m_previous_day1%2Cdew_point_2m_previous_day1%2Ccloud_cover_previous_day1%2Ccloud_cover_low_previous_day1%2Cpressure_msl_previous_day1%2Cwind_speed_10m_previous_day1%2Cwind_gusts_10m_previous_day1%2Cwind_direction_10m_previous_day1&latitude=-41.3272&longitude=174.8053&models=gfs_seamless&start_date=2023-01-15&timezone=auto,435171267bbefbe9228d88cfcf776bffe6a7bbfee58df099121638d770b045a8,aa3c3a5fc47d9df4ad34cc9083282ea2c4cc2866ea737df23e49493070989840,"{""latitude"":-41.295143,""longitude"":174.72656,""generationtime_ms"":11.877775192260742,""utc_offset_seconds"":43200,""timezone"":""Pacific/Auckland"",""timezone_abbreviation"":""GMT+12"",""elevation"":5.0,""hourly_units"":{""time"":""iso8601"",""temperature_2m_previous_day1"":""°C"",""dew_point_2m_previous_day1"":""°C"",""cloud_cover_previous_day1"":""%"",""cloud_cover_low_previous_day1"":""%"",""pressure_msl_previous_day1"":""hPa"",""wind_speed_10m_previous_day1"":""km/h"",""wind_gusts_10m_previous_day1"":""km/h"",""wind_direction_10m_previous_day1"":""°""},""hourly"":{""time"":[""2023-01-15T00:00"",""2023-01-15T01:00"",""2023-01-15T02:00"",""2023-01-15T03:00"",""2023-01-15T04:00"",""2023-01-15T05:00"",""2023-01-15T06:00"",""2023-01-15T07:00"",""2023-01-15T08:00"",""2023-01-15T09:00"",""2023-01-15T10:00"",""2023-01-15T11:00"",""2023-01-15T12:00"",""2023-01-15T13:00"",""2023-01-15T14:00"",""2023-01-15T15:00"",""2023-01-15T16:00"",""2023-01-15T17:00"",""2023-01-15T18:00"",""2023-01-15T19:00"",""2023-01-15T20:00"",""2023-01-15T21:00"",""2023-01-15T22:00"",""2023-01-15T23:00""],""temperature_2m_previous_day1"":[12.4,12.1,11.9,11.8,11.7,11.6,12.1,14.1,16.1,17.9,19.1,19.2,19.3,19.5,19.8,19.8,19.7,19.4,18.9,17.4,15.4,15.0,14.6,14.0],""dew_point_2m_previous_day1"":[null,null,null,null,null,null,null,null,null,null,null,null,null,null,null,null,null,null,null,null,null,null,null,null],""cloud_cover_previous_day1"":[null,null,null,null,null,null,null,null,null,null,null,null,null,null,null,null,null,null,null,null,null,null,null,null],""cloud_cover_low_previous_day1"":[null,null,null,null,null,null,null,null,null,null,null,null,null,null,null,null,null,null,null,null,null,null,null,null],""pressure_msl_previous_day1"":[null,null,null,null,null,null,null,null,null,null,null,null,null,null,null,null,null,null,null,null,null,null,null,null],""wind_speed_10m_previous_day1"":[null,null,null,null,null,null,null,null,null,null,null,null,null,null,null,null,null,null,null,null,null,null,null,null],""wind_gusts_10m_previous_day1"":[null,null,null,null,null,null,null,null,null,null,null,null,null,null,null,null,null,null,null,null,null,null,null,null],""wind_direction_10m_previous_day1"":[null,null,null,null,null,null,null,null,null,null,null,null,null,null,null,null,null,null,null,null,null,null,null,null]}}",,EXPERIMENT_ONLY
previous_runs_gfs_temperature,previous_runs,gfs_seamless,2023-02-01,true,200,https://previous-runs-api.open-meteo.com/v1/forecast?end_date=2023-02-01&hourly=temperature_2m_previous_day1%2Cdew_point_2m_previous_day1%2Ccloud_cover_previous_day1%2Ccloud_cover_low_previous_day1%2Cpressure_msl_previous_day1%2Cwind_speed_10m_previous_day1%2Cwind_gusts_10m_previous_day1%2Cwind_direction_10m_previous_day1&latitude=-41.3272&longitude=174.8053&models=gfs_seamless&start_date=2023-02-01&timezone=auto,c2bba9370cf74dc7c5826538f18cde4075bacf802e052b3db3c33a5eeae78279,f717f03f3c0b5e2faf0170de4baf05732023c4f53e5ebe5a983f7f98a94d117a,"{""latitude"":-41.295143,""longitude"":174.72656,""generationtime_ms"":2.914309501647949,""utc_offset_seconds"":43200,""timezone"":""Pacific/Auckland"",""timezone_abbreviation"":""GMT+12"",""elevation"":5.0,""hourly_units"":{""time"":""iso8601"",""temperature_2m_previous_day1"":""°C"",""dew_point_2m_previous_day1"":""°C"",""cloud_cover_previous_day1"":""%"",""cloud_cover_low_previous_day1"":""%"",""pressure_msl_previous_day1"":""hPa"",""wind_speed_10m_previous_day1"":""km/h"",""wind_gusts_10m_previous_day1"":""km/h"",""wind_direction_10m_previous_day1"":""°""},""hourly"":{""time"":[""2023-02-01T00:00"",""2023-02-01T01:00"",""2023-02-01T02:00"",""2023-02-01T03:00"",""2023-02-01T04:00"",""2023-02-01T05:00"",""2023-02-01T06:00"",""2023-02-01T07:00"",""2023-02-01T08:00"",""2023-02-01T09:00"",""2023-02-01T10:00"",""2023-02-01T11:00"",""2023-02-01T12:00"",""2023-02-01T13:00"",""2023-02-01T14:00"",""2023-02-01T15:00"",""2023-02-01T16:00"",""2023-02-01T17:00"",""2023-02-01T18:00"",""2023-02-01T19:00"",""2023-02-01T20:00"",""2023-02-01T21:00"",""2023-02-01T22:00"",""2023-02-01T23:00""],""temperature_2m_previous_day1"":[17.9,18.0,18.4,18.1,18.0,18.0,17.9,18.1,18.0,18.0,18.1,19.6,17.8,17.5,20.8,22.8,18.7,18.0,20.8,19.5,18.4,17.3,17.4,17.7],""dew_point_2m_previous_day1"":[null,null,null,null,null,null,null,null,null,null,null,null,null,null,null,null,null,null,null,null,null,null,null,null],""cloud_cover_previous_day1"":[null,null,null,null,null,null,null,null,null,null,null,null,null,null,null,null,null,null,null,null,null,null,null,null],""cloud_cover_low_previous_day1"":[null,null,null,null,null,null,null,null,null,null,null,null,null,null,null,null,null,null,null,null,null,null,null,null],""pressure_msl_previous_day1"":[null,null,null,null,null,null,null,null,null,null,null,null,null,null,null,null,null,null,null,null,null,null,null,null],""wind_speed_10m_previous_day1"":[null,null,null,null,null,null,null,null,null,null,null,null,null,null,null,null,null,null,null,null,null,null,null,null],""wind_gusts_10m_previous_day1"":[null,null,null,null,null,null,null,null,null,null,null,null,null,null,null,null,null,null,null,null,null,null,null,null],""wind_direction_10m_previous_day1"":[null,null,null,null,null,null,null,null,null,null,null,null,null,null,null,null,null,null,null,null,null,null,null,null]}}",,EXPERIMENT_ONLY
previous_runs_gfs_temperature,previous_runs,gfs_seamless,2023-02-15,true,200,https://previous-runs-api.open-meteo.com/v1/forecast?end_date=2023-02-15&hourly=temperature_2m_previous_day1%2Cdew_point_2m_previous_day1%2Ccloud_cover_previous_day1%2Ccloud_cover_low_previous_day1%2Cpressure_msl_previous_day1%2Cwind_speed_10m_previous_day1%2Cwind_gusts_10m_previous_day1%2Cwind_direction_10m_previous_day1&latitude=-41.3272&longitude=174.8053&models=gfs_seamless&start_date=2023-02-15&timezone=auto,4d5931b8a598b9ef127d823cab4a2d0723548cd3b52c502feb8d1a0cfb02af0f,635b19ab437c463887f9ecb734bff817ca58c3f82908fa510f37900bd316d412,"{""latitude"":-41.295143,""longitude"":174.72656,""generationtime_ms"":2.380490303039551,""utc_offset_seconds"":43200,""timezone"":""Pacific/Auckland"",""timezone_abbreviation"":""GMT+12"",""elevation"":5.0,""hourly_units"":{""time"":""iso8601"",""temperature_2m_previous_day1"":""°C"",""dew_point_2m_previous_day1"":""°C"",""cloud_cover_previous_day1"":""%"",""cloud_cover_low_previous_day1"":""%"",""pressure_msl_previous_day1"":""hPa"",""wind_speed_10m_previous_day1"":""km/h"",""wind_gusts_10m_previous_day1"":""km/h"",""wind_direction_10m_previous_day1"":""°""},""hourly"":{""time"":[""2023-02-15T00:00"",""2023-02-15T01:00"",""2023-02-15T02:00"",""2023-02-15T03:00"",""2023-02-15T04:00"",""2023-02-15T05:00"",""2023-02-15T06:00"",""2023-02-15T07:00"",""2023-02-15T08:00"",""2023-02-15T09:00"",""2023-02-15T10:00"",""2023-02-15T11:00"",""2023-02-15T12:00"",""2023-02-15T13:00"",""2023-02-15T14:00"",""2023-02-15T15:00"",""2023-02-15T16:00"",""2023-02-15T17:00"",""2023-02-15T18:00"",""2023-02-15T19:00"",""2023-02-15T20:00"",""2023-02-15T21:00"",""2023-02-15T22:00"",""2023-02-15T23:00""],""temperature_2m_previous_day1"":[16.0,16.1,16.1,16.1,16.0,16.1,16.1,16.0,16.1,16.2,16.1,16.4,15.6,16.5,17.5,17.9,17.8,17.2,17.4,17.3,17.2,16.7,16.2,15.8],""dew_point_2m_previous_day1"":[null,null,null,null,null,null,null,null,null,null,null,null,null,null,null,null,null,null,null,null,null,null,null,null],""cloud_cover_previous_day1"":[null,null,null,null,null,null,null,null,null,null,null,null,null,null,null,null,null,null,null,null,null,null,null,null],""cloud_cover_low_previous_day1"":[null,null,null,null,null,null,null,null,null,null,null,null,null,null,null,null,null,null,null,null,null,null,null,null],""pressure_msl_previous_day1"":[null,null,null,null,null,null,null,null,null,null,null,null,null,null,null,null,null,null,null,null,null,null,null,null],""wind_speed_10m_previous_day1"":[null,null,null,null,null,null,null,null,null,null,null,null,null,null,null,null,null,null,null,null,null,null,null,null],""wind_gusts_10m_previous_day1"":[null,null,null,null,null,null,null,null,null,null,null,null,null,null,null,null,null,null,null,null,null,null,null,null],""wind_direction_10m_previous_day1"":[null,null,null,null,null,null,null,null,null,null,null,null,null,null,null,null,null,null,null,null,null,null,null,null]}}",,EXPERIMENT_ONLY
previous_runs_gfs_temperature,previous_runs,gfs_seamless,2023-03-01,true,200,https://previous-runs-api.open-meteo.com/v1/forecast?end_date=2023-03-01&hourly=temperature_2m_previous_day1%2Cdew_point_2m_previous_day1%2Ccloud_cover_previous_day1%2Ccloud_cover_low_previous_day1%2Cpressure_msl_previous_day1%2Cwind_speed_10m_previous_day1%2Cwind_gusts_10m_previous_day1%2Cwind_direction_10m_previous_day1&latitude=-41.3272&longitude=174.8053&models=gfs_seamless&start_date=2023-03-01&timezone=auto,4de35cfb2278a404381a614769f4d91c58f7e2147c8d6161b874ee936a22491c,7c99b2db76322d2dc2bff0c1e76fad67ef9f4e88fe48137529807ce692f802d0,"{""latitude"":-41.295143,""longitude"":174.72656,""generationtime_ms"":0.09894371032714844,""utc_offset_seconds"":43200,""timezone"":""Pacific/Auckland"",""timezone_abbreviation"":""GMT+12"",""elevation"":5.0,""hourly_units"":{""time"":""iso8601"",""temperature_2m_previous_day1"":""°C"",""dew_point_2m_previous_day1"":""°C"",""cloud_cover_previous_day1"":""%"",""cloud_cover_low_previous_day1"":""%"",""pressure_msl_previous_day1"":""hPa"",""wind_speed_10m_previous_day1"":""km/h"",""wind_gusts_10m_previous_day1"":""km/h"",""wind_direction_10m_previous_day1"":""°""},""hourly"":{""time"":[""2023-03-01T00:00"",""2023-03-01T01:00"",""2023-03-01T02:00"",""2023-03-01T03:00"",""2023-03-01T04:00"",""2023-03-01T05:00"",""2023-03-01T06:00"",""2023-03-01T07:00"",""2023-03-01T08:00"",""2023-03-01T09:00"",""2023-03-01T10:00"",""2023-03-01T11:00"",""2023-03-01T12:00"",""2023-03-01T13:00"",""2023-03-01T14:00"",""2023-03-01T15:00"",""2023-03-01T16:00"",""2023-03-01T17:00"",""2023-03-01T18:00"",""2023-03-01T19:00"",""2023-03-01T20:00"",""2023-03-01T21:00"",""2023-03-01T22:00"",""2023-03-01T23:00""],""temperature_2m_previous_day1"":[14.0,13.9,13.4,13.1,12.8,12.5,12.2,13.0,15.4,17.6,18.5,19.0,19.5,19.8,20.0,19.8,19.4,18.7,17.6,16.6,16.6,16.7,16.8,16.9],""dew_point_2m_previous_day1"":[null,null,null,null,null,null,null,null,null,null,null,null,null,null,null,null,null,null,null,null,null,null,null,null],""cloud_cover_previous_day1"":[null,null,null,null,null,null,null,null,null,null,null,null,null,null,null,null,null,null,null,null,null,null,null,null],""cloud_cover_low_previous_day1"":[null,null,null,null,null,null,null,null,null,null,null,null,null,null,null,null,null,null,null,null,null,null,null,null],""pressure_msl_previous_day1"":[null,null,null,null,null,null,null,null,null,null,null,null,null,null,null,null,null,null,null,null,null,null,null,null],""wind_speed_10m_previous_day1"":[null,null,null,null,null,null,null,null,null,null,null,null,null,null,null,null,null,null,null,null,null,null,null,null],""wind_gusts_10m_previous_day1"":[null,null,null,null,null,null,null,null,null,null,null,null,null,null,null,null,null,null,null,null,null,null,null,null],""wind_direction_10m_previous_day1"":[null,null,null,null,null,null,null,null,null,null,null,null,null,null,null,null,null,null,null,null,null,null,null,null]}}",,EXPERIMENT_ONLY
previous_runs_gfs_temperature,previous_runs,gfs_seamless,2023-03-15,true,200,https://previous-runs-api.open-meteo.com/v1/forecast?end_date=2023-03-15&hourly=temperature_2m_previous_day1%2Cdew_point_2m_previous_day1%2Ccloud_cover_previous_day1%2Ccloud_cover_low_previous_day1%2Cpressure_msl_previous_day1%2Cwind_speed_10m_previous_day1%2Cwind_gusts_10m_previous_day1%2Cwind_direction_10m_previous_day1&latitude=-41.3272&longitude=174.8053&models=gfs_seamless&start_date=2023-03-15&timezone=auto,ea6e3253cdba2d23d418f27cf2d3fd51521cd384dfbc04e9ef2b3eeec5fc0214,e516cc50df7f5b12d2145d4fcd3df029d7e35ffe19c121d84b340a27aaa5c22d,"{""latitude"":-41.295143,""longitude"":174.72656,""generationtime_ms"":1.4100074768066406,""utc_offset_seconds"":43200,""timezone"":""Pacific/Auckland"",""timezone_abbreviation"":""GMT+12"",""elevation"":5.0,""hourly_units"":{""time"":""iso8601"",""temperature_2m_previous_day1"":""°C"",""dew_point_2m_previous_day1"":""°C"",""cloud_cover_previous_day1"":""%"",""cloud_cover_low_previous_day1"":""%"",""pressure_msl_previous_day1"":""hPa"",""wind_speed_10m_previous_day1"":""km/h"",""wind_gusts_10m_previous_day1"":""km/h"",""wind_direction_10m_previous_day1"":""°""},""hourly"":{""time"":[""2023-03-15T00:00"",""2023-03-15T01:00"",""2023-03-15T02:00"",""2023-03-15T03:00"",""2023-03-15T04:00"",""2023-03-15T05:00"",""2023-03-15T06:00"",""2023-03-15T07:00"",""2023-03-15T08:00"",""2023-03-15T09:00"",""2023-03-15T10:00"",""2023-03-15T11:00"",""2023-03-15T12:00"",""2023-03-15T13:00"",""2023-03-15T14:00"",""2023-03-15T15:00"",""2023-03-15T16:00"",""2023-03-15T17:00"",""2023-03-15T18:00"",""2023-03-15T19:00"",""2023-03-15T20:00"",""2023-03-15T21:00"",""2023-03-15T22:00"",""2023-03-15T23:00""],""temperature_2m_previous_day1"":[11.7,11.7,11.6,11.5,11.4,11.3,11.1,11.9,15.0,16.7,17.6,18.2,18.7,19.0,19.1,18.9,18.4,17.4,16.1,14.3,14.0,13.9,14.2,14.9],""dew_point_2m_previous_day1"":[null,null,null,null,null,null,null,null,null,null,null,null,null,null,null,null,null,null,null,null,null,null,null,null],""cloud_cover_previous_day1"":[null,null,null,null,null,null,null,null,null,null,null,null,null,null,null,null,null,null,null,null,null,null,null,null],""cloud_cover_low_previous_day1"":[null,null,null,null,null,null,null,null,null,null,null,null,null,null,null,null,null,null,null,null,null,null,null,null],""pressure_msl_previous_day1"":[null,null,null,null,null,null,null,null,null,null,null,null,null,null,null,null,null,null,null,null,null,null,null,null],""wind_speed_10m_previous_day1"":[null,null,null,null,null,null,null,null,null,null,null,null,null,null,null,null,null,null,null,null,null,null,null,null],""wind_gusts_10m_previous_day1"":[null,null,null,null,null,null,null,null,null,null,null,null,null,null,null,null,null,null,null,null,null,null,null,null],""wind_direction_10m_previous_day1"":[null,null,null,null,null,null,null,null,null,null,null,null,null,null,null,null,null,null,null,null,null,null,null,null]}}",,EXPERIMENT_ONLY
previous_runs_gfs_temperature,previous_runs,gfs_seamless,2023-04-01,true,200,https://previous-runs-api.open-meteo.com/v1/forecast?end_date=2023-04-01&hourly=temperature_2m_previous_day1%2Cdew_point_2m_previous_day1%2Ccloud_cover_previous_day1%2Ccloud_cover_low_previous_day1%2Cpressure_msl_previous_day1%2Cwind_speed_10m_previous_day1%2Cwind_gusts_10m_previous_day1%2Cwind_direction_10m_previous_day1&latitude=-41.3272&longitude=174.8053&models=gfs_seamless&start_date=2023-04-01&timezone=auto,254e7683f7195e7a4ba9eb6307ee0152f53df3006e656916b28a831cb15717d0,c1d020df9942fe5f0e3019e71e61b3d488517f3906b81e7ecd93d8d38a767cad,"{""latitude"":-41.295143,""longitude"":174.72656,""generationtime_ms"":1.2326240539550781,""utc_offset_seconds"":43200,""timezone"":""Pacific/Auckland"",""timezone_abbreviation"":""GMT+12"",""elevation"":5.0,""hourly_units"":{""time"":""iso8601"",""temperature_2m_previous_day1"":""°C"",""dew_point_2m_previous_day1"":""°C"",""cloud_cover_previous_day1"":""%"",""cloud_cover_low_previous_day1"":""%"",""pressure_msl_previous_day1"":""hPa"",""wind_speed_10m_previous_day1"":""km/h"",""wind_gusts_10m_previous_day1"":""km/h"",""wind_direction_10m_previous_day1"":""°""},""hourly"":{""time"":[""2023-04-01T00:00"",""2023-04-01T01:00"",""2023-04-01T02:00"",""2023-04-01T03:00"",""2023-04-01T04:00"",""2023-04-01T05:00"",""2023-04-01T06:00"",""2023-04-01T07:00"",""2023-04-01T08:00"",""2023-04-01T09:00"",""2023-04-01T10:00"",""2023-04-01T11:00"",""2023-04-01T12:00"",""2023-04-01T13:00"",""2023-04-01T14:00"",""2023-04-01T15:00"",""2023-04-01T16:00"",""2023-04-01T17:00"",""2023-04-01T18:00"",""2023-04-01T19:00"",""2023-04-01T20:00"",""2023-04-01T21:00"",""2023-04-01T22:00"",""2023-04-01T23:00""],""temperature_2m_previous_day1"":[15.8,15.7,15.9,15.5,14.8,15.1,15.2,14.8,14.2,14.2,14.2,14.3,14.6,14.4,14.7,15.8,16.4,16.5,16.3,16.6,16.9,17.0,17.1,16.9],""dew_point_2m_previous_day1"":[null,null,null,null,null,null,null,null,null,null,null,null,null,null,null,null,null,null,null,null,null,null,null,null],""cloud_cover_previous_day1"":[null,null,null,null,null,null,null,null,null,null,null,null,null,null,null,null,null,null,null,null,null,null,null,null],""cloud_cover_low_previous_day1"":[null,null,null,null,null,null,null,null,null,null,null,null,null,null,null,null,null,null,null,null,null,null,null,null],""pressure_msl_previous_day1"":[null,null,null,null,null,null,null,null,null,null,null,null,null,null,null,null,null,null,null,null,null,null,null,null],""wind_speed_10m_previous_day1"":[null,null,null,null,null,null,null,null,null,null,null,null,null,null,null,null,null,null,null,null,null,null,null,null],""wind_gusts_10m_previous_day1"":[null,null,null,null,null,null,null,null,null,null,null,null,null,null,null,null,null,null,null,null,null,null,null,null],""wind_direction_10m_previous_day1"":[null,null,null,null,null,null,null,null,null,null,null,null,null,null,null,null,null,null,null,null,null,null,null,null]}}",,EXPERIMENT_ONLY
previous_runs_gfs_temperature,previous_runs,gfs_seamless,2023-04-15,true,200,https://previous-runs-api.open-meteo.com/v1/forecast?end_date=2023-04-15&hourly=temperature_2m_previous_day1%2Cdew_point_2m_previous_day1%2Ccloud_cover_previous_day1%2Ccloud_cover_low_previous_day1%2Cpressure_msl_previous_day1%2Cwind_speed_10m_previous_day1%2Cwind_gusts_10m_previous_day1%2Cwind_direction_10m_previous_day1&latitude=-41.3272&longitude=174.8053&models=gfs_seamless&start_date=2023-04-15&timezone=auto,89dc3a4421b91948e1036d355916795ef301b3b9c345d6fa4f8561e7818d5eb1,7b3208367a22b5e632b2adc082f15235bf650458c5b3b88328e49d60ecf59d9f,"{""latitude"":-41.295143,""longitude"":174.72656,""generationtime_ms"":1.469731330871582,""utc_offset_seconds"":43200,""timezone"":""Pacific/Auckland"",""timezone_abbreviation"":""GMT+12"",""elevation"":5.0,""hourly_units"":{""time"":""iso8601"",""temperature_2m_previous_day1"":""°C"",""dew_point_2m_previous_day1"":""°C"",""cloud_cover_previous_day1"":""%"",""cloud_cover_low_previous_day1"":""%"",""pressure_msl_previous_day1"":""hPa"",""wind_speed_10m_previous_day1"":""km/h"",""wind_gusts_10m_previous_day1"":""km/h"",""wind_direction_10m_previous_day1"":""°""},""hourly"":{""time"":[""2023-04-15T00:00"",""2023-04-15T01:00"",""2023-04-15T02:00"",""2023-04-15T03:00"",""2023-04-15T04:00"",""2023-04-15T05:00"",""2023-04-15T06:00"",""2023-04-15T07:00"",""2023-04-15T08:00"",""2023-04-15T09:00"",""2023-04-15T10:00"",""2023-04-15T11:00"",""2023-04-15T12:00"",""2023-04-15T13:00"",""2023-04-15T14:00"",""2023-04-15T15:00"",""2023-04-15T16:00"",""2023-04-15T17:00"",""2023-04-15T18:00"",""2023-04-15T19:00"",""2023-04-15T20:00"",""2023-04-15T21:00"",""2023-04-15T22:00"",""2023-04-15T23:00""],""temperature_2m_previous_day1"":[12.9,12.7,12.7,12.6,12.4,12.5,12.7,12.6,13.4,14.7,15.7,16.9,17.7,18.1,18.2,18.3,17.5,16.5,14.3,13.4,12.8,12.1,11.6,11.2],""dew_point_2m_previous_day1"":[null,null,null,null,null,null,null,null,null,null,null,null,null,null,null,null,null,null,null,null,null,null,null,null],""cloud_cover_previous_day1"":[null,null,null,null,null,null,null,null,null,null,null,null,null,null,null,null,null,null,null,null,null,null,null,null],""cloud_cover_low_previous_day1"":[null,null,null,null,null,null,null,null,null,null,null,null,null,null,null,null,null,null,null,null,null,null,null,null],""pressure_msl_previous_day1"":[null,null,null,null,null,null,null,null,null,null,null,null,null,null,null,null,null,null,null,null,null,null,null,null],""wind_speed_10m_previous_day1"":[null,null,null,null,null,null,null,null,null,null,null,null,null,null,null,null,null,null,null,null,null,null,null,null],""wind_gusts_10m_previous_day1"":[null,null,null,null,null,null,null,null,null,null,null,null,null,null,null,null,null,null,null,null,null,null,null,null],""wind_direction_10m_previous_day1"":[null,null,null,null,null,null,null,null,null,null,null,null,null,null,null,null,null,null,null,null,null,null,null,null]}}",,EXPERIMENT_ONLY
previous_runs_gfs_temperature,previous_runs,gfs_seamless,2023-05-01,true,200,https://previous-runs-api.open-meteo.com/v1/forecast?end_date=2023-05-01&hourly=temperature_2m_previous_day1%2Cdew_point_2m_previous_day1%2Ccloud_cover_previous_day1%2Ccloud_cover_low_previous_day1%2Cpressure_msl_previous_day1%2Cwind_speed_10m_previous_day1%2Cwind_gusts_10m_previous_day1%2Cwind_direction_10m_previous_day1&latitude=-41.3272&longitude=174.8053&models=gfs_seamless&start_date=2023-05-01&timezone=auto,8adae64b86e1e345cfb718111ae7bca8aba4d385a6f6b12307d63b5909f9ca0b,1e93c444725f0f161a8e58c30a3c029764e36038e15c66063526f0d1592be752,"{""latitude"":-41.295143,""longitude"":174.72656,""generationtime_ms"":0.10216236114501953,""utc_offset_seconds"":43200,""timezone"":""Pacific/Auckland"",""timezone_abbreviation"":""GMT+12"",""elevation"":5.0,""hourly_units"":{""time"":""iso8601"",""temperature_2m_previous_day1"":""°C"",""dew_point_2m_previous_day1"":""°C"",""cloud_cover_previous_day1"":""%"",""cloud_cover_low_previous_day1"":""%"",""pressure_msl_previous_day1"":""hPa"",""wind_speed_10m_previous_day1"":""km/h"",""wind_gusts_10m_previous_day1"":""km/h"",""wind_direction_10m_previous_day1"":""°""},""hourly"":{""time"":[""2023-05-01T00:00"",""2023-05-01T01:00"",""2023-05-01T02:00"",""2023-05-01T03:00"",""2023-05-01T04:00"",""2023-05-01T05:00"",""2023-05-01T06:00"",""2023-05-01T07:00"",""2023-05-01T08:00"",""2023-05-01T09:00"",""2023-05-01T10:00"",""2023-05-01T11:00"",""2023-05-01T12:00"",""2023-05-01T13:00"",""2023-05-01T14:00"",""2023-05-01T15:00"",""2023-05-01T16:00"",""2023-05-01T17:00"",""2023-05-01T18:00"",""2023-05-01T19:00"",""2023-05-01T20:00"",""2023-05-01T21:00"",""2023-05-01T22:00"",""2023-05-01T23:00""],""temperature_2m_previous_day1"":[14.8,15.2,15.2,15.4,15.5,15.5,15.0,15.0,15.6,17.1,18.4,19.5,20.9,21.0,20.7,20.4,20.3,18.9,17.3,17.0,16.6,16.7,16.6,16.5],""dew_point_2m_previous_day1"":[null,null,null,null,null,null,null,null,null,null,null,null,null,null,null,null,null,null,null,null,null,null,null,null],""cloud_cover_previous_day1"":[null,null,null,null,null,null,null,null,null,null,null,null,null,null,null,null,null,null,null,null,null,null,null,null],""cloud_cover_low_previous_day1"":[null,null,null,null,null,null,null,null,null,null,null,null,null,null,null,null,null,null,null,null,null,null,null,null],""pressure_msl_previous_day1"":[null,null,null,null,null,null,null,null,null,null,null,null,null,null,null,null,null,null,null,null,null,null,null,null],""wind_speed_10m_previous_day1"":[null,null,null,null,null,null,null,null,null,null,null,null,null,null,null,null,null,null,null,null,null,null,null,null],""wind_gusts_10m_previous_day1"":[null,null,null,null,null,null,null,null,null,null,null,null,null,null,null,null,null,null,null,null,null,null,null,null],""wind_direction_10m_previous_day1"":[null,null,null,null,null,null,null,null,null,null,null,null,null,null,null,null,null,null,null,null,null,null,null,null]}}",,EXPERIMENT_ONLY
previous_runs_gfs_temperature,previous_runs,gfs_seamless,2023-05-15,true,200,https://previous-runs-api.open-meteo.com/v1/forecast?end_date=2023-05-15&hourly=temperature_2m_previous_day1%2Cdew_point_2m_previous_day1%2Ccloud_cover_previous_day1%2Ccloud_cover_low_previous_day1%2Cpressure_msl_previous_day1%2Cwind_speed_10m_previous_day1%2Cwind_gusts_10m_previous_day1%2Cwind_direction_10m_previous_day1&latitude=-41.3272&longitude=174.8053&models=gfs_seamless&start_date=2023-05-15&timezone=auto,1028f95fd547eb16971f2efc02935cb29bf2c29c86c5ad1280ddcd309e358c23,00bd2136f168439d1d1a0729a821c1606df0914e5b1d38c54438ac4c50e1735c,"{""latitude"":-41.295143,""longitude"":174.72656,""generationtime_ms"":1.2123584747314453,""utc_offset_seconds"":43200,""timezone"":""Pacific/Auckland"",""timezone_abbreviation"":""GMT+12"",""elevation"":5.0,""hourly_units"":{""time"":""iso8601"",""temperature_2m_previous_day1"":""°C"",""dew_point_2m_previous_day1"":""°C"",""cloud_cover_previous_day1"":""%"",""cloud_cover_low_previous_day1"":""%"",""pressure_msl_previous_day1"":""hPa"",""wind_speed_10m_previous_day1"":""km/h"",""wind_gusts_10m_previous_day1"":""km/h"",""wind_direction_10m_previous_day1"":""°""},""hourly"":{""time"":[""2023-05-15T00:00"",""2023-05-15T01:00"",""2023-05-15T02:00"",""2023-05-15T03:00"",""2023-05-15T04:00"",""2023-05-15T05:00"",""2023-05-15T06:00"",""2023-05-15T07:00"",""2023-05-15T08:00"",""2023-05-15T09:00"",""2023-05-15T10:00"",""2023-05-15T11:00"",""2023-05-15T12:00"",""2023-05-15T13:00"",""2023-05-15T14:00"",""2023-05-15T15:00"",""2023-05-15T16:00"",""2023-05-15T17:00"",""2023-05-15T18:00"",""2023-05-15T19:00"",""2023-05-15T20:00"",""2023-05-15T21:00"",""2023-05-15T22:00"",""2023-05-15T23:00""],""temperature_2m_previous_day1"":[14.1,13.1,11.5,11.8,11.7,11.8,11.6,11.7,11.4,11.6,12.6,12.8,13.2,12.8,13.4,13.2,13.0,11.5,11.0,11.3,12.2,12.1,11.9,11.8],""dew_point_2m_previous_day1"":[null,null,null,null,null,null,null,null,null,null,null,null,null,null,null,null,null,null,null,null,null,null,null,null],""cloud_cover_previous_day1"":[null,null,null,null,null,null,null,null,null,null,null,null,null,null,null,null,null,null,null,null,null,null,null,null],""cloud_cover_low_previous_day1"":[null,null,null,null,null,null,null,null,null,null,null,null,null,null,null,null,null,null,null,null,null,null,null,null],""pressure_msl_previous_day1"":[null,null,null,null,null,null,null,null,null,null,null,null,null,null,null,null,null,null,null,null,null,null,null,null],""wind_speed_10m_previous_day1"":[null,null,null,null,null,null,null,null,null,null,null,null,null,null,null,null,null,null,null,null,null,null,null,null],""wind_gusts_10m_previous_day1"":[null,null,null,null,null,null,null,null,null,null,null,null,null,null,null,null,null,null,null,null,null,null,null,null],""wind_direction_10m_previous_day1"":[null,null,null,null,null,null,null,null,null,null,null,null,null,null,null,null,null,null,null,null,null,null,null,null]}}",,EXPERIMENT_ONLY
previous_runs_gfs_temperature,previous_runs,gfs_seamless,2023-06-01,true,200,https://previous-runs-api.open-meteo.com/v1/forecast?end_date=2023-06-01&hourly=temperature_2m_previous_day1%2Cdew_point_2m_previous_day1%2Ccloud_cover_previous_day1%2Ccloud_cover_low_previous_day1%2Cpressure_msl_previous_day1%2Cwind_speed_10m_previous_day1%2Cwind_gusts_10m_previous_day1%2Cwind_direction_10m_previous_day1&latitude=-41.3272&longitude=174.8053&models=gfs_seamless&start_date=2023-06-01&timezone=auto,d76972df9cce812cbb2349d593a199a8df5f2831a7752599a2cf1460295c9e3b,0da496f11d0b4a71831966ed364d5b4153eb723f91919aae24ba54aba9a33ff7,"{""latitude"":-41.295143,""longitude"":174.72656,""generationtime_ms"":1.2334585189819336,""utc_offset_seconds"":43200,""timezone"":""Pacific/Auckland"",""timezone_abbreviation"":""GMT+12"",""elevation"":5.0,""hourly_units"":{""time"":""iso8601"",""temperature_2m_previous_day1"":""°C"",""dew_point_2m_previous_day1"":""°C"",""cloud_cover_previous_day1"":""%"",""cloud_cover_low_previous_day1"":""%"",""pressure_msl_previous_day1"":""hPa"",""wind_speed_10m_previous_day1"":""km/h"",""wind_gusts_10m_previous_day1"":""km/h"",""wind_direction_10m_previous_day1"":""°""},""hourly"":{""time"":[""2023-06-01T00:00"",""2023-06-01T01:00"",""2023-06-01T02:00"",""2023-06-01T03:00"",""2023-06-01T04:00"",""2023-06-01T05:00"",""2023-06-01T06:00"",""2023-06-01T07:00"",""2023-06-01T08:00"",""2023-06-01T09:00"",""2023-06-01T10:00"",""2023-06-01T11:00"",""2023-06-01T12:00"",""2023-06-01T13:00"",""2023-06-01T14:00"",""2023-06-01T15:00"",""2023-06-01T16:00"",""2023-06-01T17:00"",""2023-06-01T18:00"",""2023-06-01T19:00"",""2023-06-01T20:00"",""2023-06-01T21:00"",""2023-06-01T22:00"",""2023-06-01T23:00""],""temperature_2m_previous_day1"":[13.5,13.5,13.4,13.5,13.5,13.5,13.5,13.5,13.6,14.2,14.7,15.1,15.3,15.7,15.6,15.5,15.4,15.3,15.2,15.3,15.6,15.4,15.6,15.6],""dew_point_2m_previous_day1"":[null,null,null,null,null,null,null,null,null,null,null,null,null,null,null,null,null,null,null,null,null,null,null,null],""cloud_cover_previous_day1"":[null,null,null,null,null,null,null,null,null,null,null,null,null,null,null,null,null,null,null,null,null,null,null,null],""cloud_cover_low_previous_day1"":[null,null,null,null,null,null,null,null,null,null,null,null,null,null,null,null,null,null,null,null,null,null,null,null],""pressure_msl_previous_day1"":[null,null,null,null,null,null,null,null,null,null,null,null,null,null,null,null,null,null,null,null,null,null,null,null],""wind_speed_10m_previous_day1"":[null,null,null,null,null,null,null,null,null,null,null,null,null,null,null,null,null,null,null,null,null,null,null,null],""wind_gusts_10m_previous_day1"":[null,null,null,null,null,null,null,null,null,null,null,null,null,null,null,null,null,null,null,null,null,null,null,null],""wind_direction_10m_previous_day1"":[null,null,null,null,null,null,null,null,null,null,null,null,null,null,null,null,null,null,null,null,null,null,null,null]}}",,EXPERIMENT_ONLY
previous_runs_gfs_temperature,previous_runs,gfs_seamless,2023-06-15,true,200,https://previous-runs-api.open-meteo.com/v1/forecast?end_date=2023-06-15&hourly=temperature_2m_previous_day1%2Cdew_point_2m_previous_day1%2Ccloud_cover_previous_day1%2Ccloud_cover_low_previous_day1%2Cpressure_msl_previous_day1%2Cwind_speed_10m_previous_day1%2Cwind_gusts_10m_previous_day1%2Cwind_direction_10m_previous_day1&latitude=-41.3272&longitude=174.8053&models=gfs_seamless&start_date=2023-06-15&timezone=auto,167a7191f92a36b2488dea5967ff8d8e819b45b9c46f6653e48732bd5ac0a975,a848ab50adf603119a63f18025feeb39686a08a19934b47c4a88062e99622029,"{""latitude"":-41.295143,""longitude"":174.72656,""generationtime_ms"":11.580348014831543,""utc_offset_seconds"":43200,""timezone"":""Pacific/Auckland"",""timezone_abbreviation"":""GMT+12"",""elevation"":5.0,""hourly_units"":{""time"":""iso8601"",""temperature_2m_previous_day1"":""°C"",""dew_point_2m_previous_day1"":""°C"",""cloud_cover_previous_day1"":""%"",""cloud_cover_low_previous_day1"":""%"",""pressure_msl_previous_day1"":""hPa"",""wind_speed_10m_previous_day1"":""km/h"",""wind_gusts_10m_previous_day1"":""km/h"",""wind_direction_10m_previous_day1"":""°""},""hourly"":{""time"":[""2023-06-15T00:00"",""2023-06-15T01:00"",""2023-06-15T02:00"",""2023-06-15T03:00"",""2023-06-15T04:00"",""2023-06-15T05:00"",""2023-06-15T06:00"",""2023-06-15T07:00"",""2023-06-15T08:00"",""2023-06-15T09:00"",""2023-06-15T10:00"",""2023-06-15T11:00"",""2023-06-15T12:00"",""2023-06-15T13:00"",""2023-06-15T14:00"",""2023-06-15T15:00"",""2023-06-15T16:00"",""2023-06-15T17:00"",""2023-06-15T18:00"",""2023-06-15T19:00"",""2023-06-15T20:00"",""2023-06-15T21:00"",""2023-06-15T22:00"",""2023-06-15T23:00""],""temperature_2m_previous_day1"":[10.1,10.8,11.1,11.3,11.4,11.1,11.2,11.1,10.4,11.3,11.6,12.1,12.9,12.8,12.8,12.6,11.8,10.0,9.6,9.5,9.4,9.2,9.1,8.7],""dew_point_2m_previous_day1"":[null,null,null,null,null,null,null,null,null,null,null,null,null,null,null,null,null,null,null,null,null,null,null,null],""cloud_cover_previous_day1"":[null,null,null,null,null,null,null,null,null,null,null,null,null,null,null,null,null,null,null,null,null,null,null,null],""cloud_cover_low_previous_day1"":[null,null,null,null,null,null,null,null,null,null,null,null,null,null,null,null,null,null,null,null,null,null,null,null],""pressure_msl_previous_day1"":[null,null,null,null,null,null,null,null,null,null,null,null,null,null,null,null,null,null,null,null,null,null,null,null],""wind_speed_10m_previous_day1"":[null,null,null,null,null,null,null,null,null,null,null,null,null,null,null,null,null,null,null,null,null,null,null,null],""wind_gusts_10m_previous_day1"":[null,null,null,null,null,null,null,null,null,null,null,null,null,null,null,null,null,null,null,null,null,null,null,null],""wind_direction_10m_previous_day1"":[null,null,null,null,null,null,null,null,null,null,null,null,null,null,null,null,null,null,null,null,null,null,null,null]}}",,EXPERIMENT_ONLY
previous_runs_gfs_temperature,previous_runs,gfs_seamless,2023-07-01,true,200,https://previous-runs-api.open-meteo.com/v1/forecast?end_date=2023-07-01&hourly=temperature_2m_previous_day1%2Cdew_point_2m_previous_day1%2Ccloud_cover_previous_day1%2Ccloud_cover_low_previous_day1%2Cpressure_msl_previous_day1%2Cwind_speed_10m_previous_day1%2Cwind_gusts_10m_previous_day1%2Cwind_direction_10m_previous_day1&latitude=-41.3272&longitude=174.8053&models=gfs_seamless&start_date=2023-07-01&timezone=auto,e34f7090675d6a98dbccae4ec6cf85a4d78dc5397549878f7cfa85eaac20623c,2d58dd0c2f19fe47adecdb4f97a75c780cb1795449f978997667ba688b8e618e,"{""latitude"":-41.295143,""longitude"":174.72656,""generationtime_ms"":11.146306991577148,""utc_offset_seconds"":43200,""timezone"":""Pacific/Auckland"",""timezone_abbreviation"":""GMT+12"",""elevation"":5.0,""hourly_units"":{""time"":""iso8601"",""temperature_2m_previous_day1"":""°C"",""dew_point_2m_previous_day1"":""°C"",""cloud_cover_previous_day1"":""%"",""cloud_cover_low_previous_day1"":""%"",""pressure_msl_previous_day1"":""hPa"",""wind_speed_10m_previous_day1"":""km/h"",""wind_gusts_10m_previous_day1"":""km/h"",""wind_direction_10m_previous_day1"":""°""},""hourly"":{""time"":[""2023-07-01T00:00"",""2023-07-01T01:00"",""2023-07-01T02:00"",""2023-07-01T03:00"",""2023-07-01T04:00"",""2023-07-01T05:00"",""2023-07-01T06:00"",""2023-07-01T07:00"",""2023-07-01T08:00"",""2023-07-01T09:00"",""2023-07-01T10:00"",""2023-07-01T11:00"",""2023-07-01T12:00"",""2023-07-01T13:00"",""2023-07-01T14:00"",""2023-07-01T15:00"",""2023-07-01T16:00"",""2023-07-01T17:00"",""2023-07-01T18:00"",""2023-07-01T19:00"",""2023-07-01T20:00"",""2023-07-01T21:00"",""2023-07-01T22:00"",""2023-07-01T23:00""],""temperature_2m_previous_day1"":[10.2,9.7,8.2,8.5,8.2,9.3,7.4,7.2,7.0,8.1,9.3,11.3,11.2,11.1,11.1,11.2,10.8,10.5,10.4,10.7,11.8,12.0,11.7,11.7],""dew_point_2m_previous_day1"":[null,null,null,null,null,null,null,null,null,null,null,null,null,null,null,null,null,null,null,null,null,null,null,null],""cloud_cover_previous_day1"":[null,null,null,null,null,null,null,null,null,null,null,null,null,null,null,null,null,null,null,null,null,null,null,null],""cloud_cover_low_previous_day1"":[null,null,null,null,null,null,null,null,null,null,null,null,null,null,null,null,null,null,null,null,null,null,null,null],""pressure_msl_previous_day1"":[null,null,null,null,null,null,null,null,null,null,null,null,null,null,null,null,null,null,null,null,null,null,null,null],""wind_speed_10m_previous_day1"":[null,null,null,null,null,null,null,null,null,null,null,null,null,null,null,null,null,null,null,null,null,null,null,null],""wind_gusts_10m_previous_day1"":[null,null,null,null,null,null,null,null,null,null,null,null,null,null,null,null,null,null,null,null,null,null,null,null],""wind_direction_10m_previous_day1"":[null,null,null,null,null,null,null,null,null,null,null,null,null,null,null,null,null,null,null,null,null,null,null,null]}}",,EXPERIMENT_ONLY
previous_runs_gfs_temperature,previous_runs,gfs_seamless,2023-07-15,true,200,https://previous-runs-api.open-meteo.com/v1/forecast?end_date=2023-07-15&hourly=temperature_2m_previous_day1%2Cdew_point_2m_previous_day1%2Ccloud_cover_previous_day1%2Ccloud_cover_low_previous_day1%2Cpressure_msl_previous_day1%2Cwind_speed_10m_previous_day1%2Cwind_gusts_10m_previous_day1%2Cwind_direction_10m_previous_day1&latitude=-41.3272&longitude=174.8053&models=gfs_seamless&start_date=2023-07-15&timezone=auto,91b7d539548790cfed1be35e61da1258ed202a45d6f887bd950eeae1b5b24a27,b1e719fe31aed09fa3d2e016ec038d6d96c4cd01ffa18d16c359ee09c166a664,"{""latitude"":-41.295143,""longitude"":174.72656,""generationtime_ms"":3.0524730682373047,""utc_offset_seconds"":43200,""timezone"":""Pacific/Auckland"",""timezone_abbreviation"":""GMT+12"",""elevation"":5.0,""hourly_units"":{""time"":""iso8601"",""temperature_2m_previous_day1"":""°C"",""dew_point_2m_previous_day1"":""°C"",""cloud_cover_previous_day1"":""%"",""cloud_cover_low_previous_day1"":""%"",""pressure_msl_previous_day1"":""hPa"",""wind_speed_10m_previous_day1"":""km/h"",""wind_gusts_10m_previous_day1"":""km/h"",""wind_direction_10m_previous_day1"":""°""},""hourly"":{""time"":[""2023-07-15T00:00"",""2023-07-15T01:00"",""2023-07-15T02:00"",""2023-07-15T03:00"",""2023-07-15T04:00"",""2023-07-15T05:00"",""2023-07-15T06:00"",""2023-07-15T07:00"",""2023-07-15T08:00"",""2023-07-15T09:00"",""2023-07-15T10:00"",""2023-07-15T11:00"",""2023-07-15T12:00"",""2023-07-15T13:00"",""2023-07-15T14:00"",""2023-07-15T15:00"",""2023-07-15T16:00"",""2023-07-15T17:00"",""2023-07-15T18:00"",""2023-07-15T19:00"",""2023-07-15T20:00"",""2023-07-15T21:00"",""2023-07-15T22:00"",""2023-07-15T23:00""],""temperature_2m_previous_day1"":[10.2,9.9,9.7,9.4,9.1,8.9,8.7,9.1,9.5,10.9,12.6,13.6,14.0,14.0,13.6,13.1,12.6,12.1,12.0,12.3,12.8,12.7,12.7,12.6],""dew_point_2m_previous_day1"":[null,null,null,null,null,null,null,null,null,null,null,null,null,null,null,null,null,null,null,null,null,null,null,null],""cloud_cover_previous_day1"":[null,null,null,null,null,null,null,null,null,null,null,null,null,null,null,null,null,null,null,null,null,null,null,null],""cloud_cover_low_previous_day1"":[null,null,null,null,null,null,null,null,null,null,null,null,null,null,null,null,null,null,null,null,null,null,null,null],""pressure_msl_previous_day1"":[null,null,null,null,null,null,null,null,null,null,null,null,null,null,null,null,null,null,null,null,null,null,null,null],""wind_speed_10m_previous_day1"":[null,null,null,null,null,null,null,null,null,null,null,null,null,null,null,null,null,null,null,null,null,null,null,null],""wind_gusts_10m_previous_day1"":[null,null,null,null,null,null,null,null,null,null,null,null,null,null,null,null,null,null,null,null,null,null,null,null],""wind_direction_10m_previous_day1"":[null,null,null,null,null,null,null,null,null,null,null,null,null,null,null,null,null,null,null,null,null,null,null,null]}}",,EXPERIMENT_ONLY
previous_runs_gfs_temperature,previous_runs,gfs_seamless,2023-08-01,true,200,https://previous-runs-api.open-meteo.com/v1/forecast?end_date=2023-08-01&hourly=temperature_2m_previous_day1%2Cdew_point_2m_previous_day1%2Ccloud_cover_previous_day1%2Ccloud_cover_low_previous_day1%2Cpressure_msl_previous_day1%2Cwind_speed_10m_previous_day1%2Cwind_gusts_10m_previous_day1%2Cwind_direction_10m_previous_day1&latitude=-41.3272&longitude=174.8053&models=gfs_seamless&start_date=2023-08-01&timezone=auto,ec68b67b011fe1a31036d1ee749d1a0ee4d6ef144ac90f63a6cc35a2d4d06c3a,665f8bc673ae2c37ffd9d5323c6689e8f4bf65af7813467a9c27c9188d4ce80d,"{""latitude"":-41.295143,""longitude"":174.72656,""generationtime_ms"":4.225611686706543,""utc_offset_seconds"":43200,""timezone"":""Pacific/Auckland"",""timezone_abbreviation"":""GMT+12"",""elevation"":5.0,""hourly_units"":{""time"":""iso8601"",""temperature_2m_previous_day1"":""°C"",""dew_point_2m_previous_day1"":""°C"",""cloud_cover_previous_day1"":""%"",""cloud_cover_low_previous_day1"":""%"",""pressure_msl_previous_day1"":""hPa"",""wind_speed_10m_previous_day1"":""km/h"",""wind_gusts_10m_previous_day1"":""km/h"",""wind_direction_10m_previous_day1"":""°""},""hourly"":{""time"":[""2023-08-01T00:00"",""2023-08-01T01:00"",""2023-08-01T02:00"",""2023-08-01T03:00"",""2023-08-01T04:00"",""2023-08-01T05:00"",""2023-08-01T06:00"",""2023-08-01T07:00"",""2023-08-01T08:00"",""2023-08-01T09:00"",""2023-08-01T10:00"",""2023-08-01T11:00"",""2023-08-01T12:00"",""2023-08-01T13:00"",""2023-08-01T14:00"",""2023-08-01T15:00"",""2023-08-01T16:00"",""2023-08-01T17:00"",""2023-08-01T18:00"",""2023-08-01T19:00"",""2023-08-01T20:00"",""2023-08-01T21:00"",""2023-08-01T22:00"",""2023-08-01T23:00""],""temperature_2m_previous_day1"":[11.9,12.0,12.2,12.2,12.2,12.2,12.4,12.6,12.5,12.9,13.6,14.0,13.8,13.7,13.6,13.3,12.9,12.4,12.6,12.8,12.8,12.7,12.8,12.9],""dew_point_2m_previous_day1"":[null,null,null,null,null,null,null,null,null,null,null,null,null,null,null,null,null,null,null,null,null,null,null,null],""cloud_cover_previous_day1"":[null,null,null,null,null,null,null,null,null,null,null,null,null,null,null,null,null,null,null,null,null,null,null,null],""cloud_cover_low_previous_day1"":[null,null,null,null,null,null,null,null,null,null,null,null,null,null,null,null,null,null,null,null,null,null,null,null],""pressure_msl_previous_day1"":[null,null,null,null,null,null,null,null,null,null,null,null,null,null,null,null,null,null,null,null,null,null,null,null],""wind_speed_10m_previous_day1"":[null,null,null,null,null,null,null,null,null,null,null,null,null,null,null,null,null,null,null,null,null,null,null,null],""wind_gusts_10m_previous_day1"":[null,null,null,null,null,null,null,null,null,null,null,null,null,null,null,null,null,null,null,null,null,null,null,null],""wind_direction_10m_previous_day1"":[null,null,null,null,null,null,null,null,null,null,null,null,null,null,null,null,null,null,null,null,null,null,null,null]}}",,EXPERIMENT_ONLY
previous_runs_gfs_temperature,previous_runs,gfs_seamless,2023-08-15,true,200,https://previous-runs-api.open-meteo.com/v1/forecast?end_date=2023-08-15&hourly=temperature_2m_previous_day1%2Cdew_point_2m_previous_day1%2Ccloud_cover_previous_day1%2Ccloud_cover_low_previous_day1%2Cpressure_msl_previous_day1%2Cwind_speed_10m_previous_day1%2Cwind_gusts_10m_previous_day1%2Cwind_direction_10m_previous_day1&latitude=-41.3272&longitude=174.8053&models=gfs_seamless&start_date=2023-08-15&timezone=auto,a7111fd7b655659969fd63037d55b2af4a307c8bcb342793aec2a4206d938b70,36b46b18a2a2690d8904067d144de63c381e600c970b46ed1306392a8c764862,"{""latitude"":-41.295143,""longitude"":174.72656,""generationtime_ms"":1.1436939239501953,""utc_offset_seconds"":43200,""timezone"":""Pacific/Auckland"",""timezone_abbreviation"":""GMT+12"",""elevation"":5.0,""hourly_units"":{""time"":""iso8601"",""temperature_2m_previous_day1"":""°C"",""dew_point_2m_previous_day1"":""°C"",""cloud_cover_previous_day1"":""%"",""cloud_cover_low_previous_day1"":""%"",""pressure_msl_previous_day1"":""hPa"",""wind_speed_10m_previous_day1"":""km/h"",""wind_gusts_10m_previous_day1"":""km/h"",""wind_direction_10m_previous_day1"":""°""},""hourly"":{""time"":[""2023-08-15T00:00"",""2023-08-15T01:00"",""2023-08-15T02:00"",""2023-08-15T03:00"",""2023-08-15T04:00"",""2023-08-15T05:00"",""2023-08-15T06:00"",""2023-08-15T07:00"",""2023-08-15T08:00"",""2023-08-15T09:00"",""2023-08-15T10:00"",""2023-08-15T11:00"",""2023-08-15T12:00"",""2023-08-15T13:00"",""2023-08-15T14:00"",""2023-08-15T15:00"",""2023-08-15T16:00"",""2023-08-15T17:00"",""2023-08-15T18:00"",""2023-08-15T19:00"",""2023-08-15T20:00"",""2023-08-15T21:00"",""2023-08-15T22:00"",""2023-08-15T23:00""],""temperature_2m_previous_day1"":[9.9,9.7,9.6,9.4,9.5,9.5,9.5,9.5,9.8,10.6,11.2,11.4,11.6,11.8,11.7,11.0,9.6,9.7,10.1,10.3,10.4,10.4,10.5,10.2],""dew_point_2m_previous_day1"":[null,null,null,null,null,null,null,null,null,null,null,null,null,null,null,null,null,null,null,null,null,null,null,null],""cloud_cover_previous_day1"":[null,null,null,null,null,null,null,null,null,null,null,null,null,null,null,null,null,null,null,null,null,null,null,null],""cloud_cover_low_previous_day1"":[null,null,null,null,null,null,null,null,null,null,null,null,null,null,null,null,null,null,null,null,null,null,null,null],""pressure_msl_previous_day1"":[null,null,null,null,null,null,null,null,null,null,null,null,null,null,null,null,null,null,null,null,null,null,null,null],""wind_speed_10m_previous_day1"":[null,null,null,null,null,null,null,null,null,null,null,null,null,null,null,null,null,null,null,null,null,null,null,null],""wind_gusts_10m_previous_day1"":[null,null,null,null,null,null,null,null,null,null,null,null,null,null,null,null,null,null,null,null,null,null,null,null],""wind_direction_10m_previous_day1"":[null,null,null,null,null,null,null,null,null,null,null,null,null,null,null,null,null,null,null,null,null,null,null,null]}}",,EXPERIMENT_ONLY
previous_runs_gfs_temperature,previous_runs,gfs_seamless,2023-09-01,true,200,https://previous-runs-api.open-meteo.com/v1/forecast?end_date=2023-09-01&hourly=temperature_2m_previous_day1%2Cdew_point_2m_previous_day1%2Ccloud_cover_previous_day1%2Ccloud_cover_low_previous_day1%2Cpressure_msl_previous_day1%2Cwind_speed_10m_previous_day1%2Cwind_gusts_10m_previous_day1%2Cwind_direction_10m_previous_day1&latitude=-41.3272&longitude=174.8053&models=gfs_seamless&start_date=2023-09-01&timezone=auto,430fbf335db9b7d0e927139e93f2ed93bb4c83919c288a1b5514e75e534b28db,a2185d6dc45475cca84d9c53b1aead9e67358de8f6121c747ee85e4739998857,"{""latitude"":-41.295143,""longitude"":174.72656,""generationtime_ms"":1.7112493515014648,""utc_offset_seconds"":43200,""timezone"":""Pacific/Auckland"",""timezone_abbreviation"":""GMT+12"",""elevation"":5.0,""hourly_units"":{""time"":""iso8601"",""temperature_2m_previous_day1"":""°C"",""dew_point_2m_previous_day1"":""°C"",""cloud_cover_previous_day1"":""%"",""cloud_cover_low_previous_day1"":""%"",""pressure_msl_previous_day1"":""hPa"",""wind_speed_10m_previous_day1"":""km/h"",""wind_gusts_10m_previous_day1"":""km/h"",""wind_direction_10m_previous_day1"":""°""},""hourly"":{""time"":[""2023-09-01T00:00"",""2023-09-01T01:00"",""2023-09-01T02:00"",""2023-09-01T03:00"",""2023-09-01T04:00"",""2023-09-01T05:00"",""2023-09-01T06:00"",""2023-09-01T07:00"",""2023-09-01T08:00"",""2023-09-01T09:00"",""2023-09-01T10:00"",""2023-09-01T11:00"",""2023-09-01T12:00"",""2023-09-01T13:00"",""2023-09-01T14:00"",""2023-09-01T15:00"",""2023-09-01T16:00"",""2023-09-01T17:00"",""2023-09-01T18:00"",""2023-09-01T19:00"",""2023-09-01T20:00"",""2023-09-01T21:00"",""2023-09-01T22:00"",""2023-09-01T23:00""],""temperature_2m_previous_day1"":[11.1,11.1,11.0,11.0,11.0,11.0,11.1,11.1,11.5,12.0,12.4,12.8,13.1,13.2,13.1,12.8,12.4,11.8,11.3,11.3,11.4,11.4,11.4,11.4],""dew_point_2m_previous_day1"":[null,null,null,null,null,null,null,null,null,null,null,null,null,null,null,null,null,null,null,null,null,null,null,null],""cloud_cover_previous_day1"":[null,null,null,null,null,null,null,null,null,null,null,null,null,null,null,null,null,null,null,null,null,null,null,null],""cloud_cover_low_previous_day1"":[null,null,null,null,null,null,null,null,null,null,null,null,null,null,null,null,null,null,null,null,null,null,null,null],""pressure_msl_previous_day1"":[null,null,null,null,null,null,null,null,null,null,null,null,null,null,null,null,null,null,null,null,null,null,null,null],""wind_speed_10m_previous_day1"":[null,null,null,null,null,null,null,null,null,null,null,null,null,null,null,null,null,null,null,null,null,null,null,null],""wind_gusts_10m_previous_day1"":[null,null,null,null,null,null,null,null,null,null,null,null,null,null,null,null,null,null,null,null,null,null,null,null],""wind_direction_10m_previous_day1"":[null,null,null,null,null,null,null,null,null,null,null,null,null,null,null,null,null,null,null,null,null,null,null,null]}}",,EXPERIMENT_ONLY
previous_runs_gfs_temperature,previous_runs,gfs_seamless,2023-09-15,true,200,https://previous-runs-api.open-meteo.com/v1/forecast?end_date=2023-09-15&hourly=temperature_2m_previous_day1%2Cdew_point_2m_previous_day1%2Ccloud_cover_previous_day1%2Ccloud_cover_low_previous_day1%2Cpressure_msl_previous_day1%2Cwind_speed_10m_previous_day1%2Cwind_gusts_10m_previous_day1%2Cwind_direction_10m_previous_day1&latitude=-41.3272&longitude=174.8053&models=gfs_seamless&start_date=2023-09-15&timezone=auto,feab1bf1ff8446dc899e91e9b284311a65a63c8f00036a21ba779218c94cb34b,7e4647e99b77b449dd9ae0bd12a117858f4e17e33283ed7d6c81fee23ae24270,"{""latitude"":-41.295143,""longitude"":174.72656,""generationtime_ms"":0.09930133819580078,""utc_offset_seconds"":43200,""timezone"":""Pacific/Auckland"",""timezone_abbreviation"":""GMT+12"",""elevation"":5.0,""hourly_units"":{""time"":""iso8601"",""temperature_2m_previous_day1"":""°C"",""dew_point_2m_previous_day1"":""°C"",""cloud_cover_previous_day1"":""%"",""cloud_cover_low_previous_day1"":""%"",""pressure_msl_previous_day1"":""hPa"",""wind_speed_10m_previous_day1"":""km/h"",""wind_gusts_10m_previous_day1"":""km/h"",""wind_direction_10m_previous_day1"":""°""},""hourly"":{""time"":[""2023-09-15T00:00"",""2023-09-15T01:00"",""2023-09-15T02:00"",""2023-09-15T03:00"",""2023-09-15T04:00"",""2023-09-15T05:00"",""2023-09-15T06:00"",""2023-09-15T07:00"",""2023-09-15T08:00"",""2023-09-15T09:00"",""2023-09-15T10:00"",""2023-09-15T11:00"",""2023-09-15T12:00"",""2023-09-15T13:00"",""2023-09-15T14:00"",""2023-09-15T15:00"",""2023-09-15T16:00"",""2023-09-15T17:00"",""2023-09-15T18:00"",""2023-09-15T19:00"",""2023-09-15T20:00"",""2023-09-15T21:00"",""2023-09-15T22:00"",""2023-09-15T23:00""],""temperature_2m_previous_day1"":[12.6,12.0,11.6,11.7,12.3,12.2,11.6,11.2,12.2,12.2,9.1,9.0,8.9,9.1,8.8,8.6,8.8,9.3,9.6,9.6,9.6,9.6,9.7,9.7],""dew_point_2m_previous_day1"":[null,null,null,null,null,null,null,null,null,null,null,null,null,null,null,null,null,null,null,null,null,null,null,null],""cloud_cover_previous_day1"":[null,null,null,null,null,null,null,null,null,null,null,null,null,null,null,null,null,null,null,null,null,null,null,null],""cloud_cover_low_previous_day1"":[null,null,null,null,null,null,null,null,null,null,null,null,null,null,null,null,null,null,null,null,null,null,null,null],""pressure_msl_previous_day1"":[null,null,null,null,null,null,null,null,null,null,null,null,null,null,null,null,null,null,null,null,null,null,null,null],""wind_speed_10m_previous_day1"":[null,null,null,null,null,null,null,null,null,null,null,null,null,null,null,null,null,null,null,null,null,null,null,null],""wind_gusts_10m_previous_day1"":[null,null,null,null,null,null,null,null,null,null,null,null,null,null,null,null,null,null,null,null,null,null,null,null],""wind_direction_10m_previous_day1"":[null,null,null,null,null,null,null,null,null,null,null,null,null,null,null,null,null,null,null,null,null,null,null,null]}}",,EXPERIMENT_ONLY
previous_runs_gfs_temperature,previous_runs,gfs_seamless,2023-10-01,true,200,https://previous-runs-api.open-meteo.com/v1/forecast?end_date=2023-10-01&hourly=temperature_2m_previous_day1%2Cdew_point_2m_previous_day1%2Ccloud_cover_previous_day1%2Ccloud_cover_low_previous_day1%2Cpressure_msl_previous_day1%2Cwind_speed_10m_previous_day1%2Cwind_gusts_10m_previous_day1%2Cwind_direction_10m_previous_day1&latitude=-41.3272&longitude=174.8053&models=gfs_seamless&start_date=2023-10-01&timezone=auto,ebb3a994cf207d53fe909275c62494834bec17c2003891506a96aeb82814e2f4,eddbed56cee9f5ac190f820b39d4360549d0ebba9900ad21b6c92d662e441046,"{""latitude"":-41.295143,""longitude"":174.72656,""generationtime_ms"":0.948786735534668,""utc_offset_seconds"":43200,""timezone"":""Pacific/Auckland"",""timezone_abbreviation"":""GMT+12"",""elevation"":5.0,""hourly_units"":{""time"":""iso8601"",""temperature_2m_previous_day1"":""°C"",""dew_point_2m_previous_day1"":""°C"",""cloud_cover_previous_day1"":""%"",""cloud_cover_low_previous_day1"":""%"",""pressure_msl_previous_day1"":""hPa"",""wind_speed_10m_previous_day1"":""km/h"",""wind_gusts_10m_previous_day1"":""km/h"",""wind_direction_10m_previous_day1"":""°""},""hourly"":{""time"":[""2023-10-01T00:00"",""2023-10-01T01:00"",""2023-10-01T02:00"",""2023-10-01T03:00"",""2023-10-01T04:00"",""2023-10-01T05:00"",""2023-10-01T06:00"",""2023-10-01T07:00"",""2023-10-01T08:00"",""2023-10-01T09:00"",""2023-10-01T10:00"",""2023-10-01T11:00"",""2023-10-01T12:00"",""2023-10-01T13:00"",""2023-10-01T14:00"",""2023-10-01T15:00"",""2023-10-01T16:00"",""2023-10-01T17:00"",""2023-10-01T18:00"",""2023-10-01T19:00"",""2023-10-01T20:00"",""2023-10-01T21:00"",""2023-10-01T22:00"",""2023-10-01T23:00""],""temperature_2m_previous_day1"":[6.8,7.6,8.6,9.3,10.1,9.8,9.9,10.3,10.7,12.1,12.6,12.9,13.8,14.7,15.0,14.7,14.5,13.8,13.2,13.0,12.6,12.2,11.9,11.6],""dew_point_2m_previous_day1"":[null,null,null,null,null,null,null,null,null,null,null,null,null,null,null,null,null,null,null,null,null,null,null,null],""cloud_cover_previous_day1"":[null,null,null,null,null,null,null,null,null,null,null,null,null,null,null,null,null,null,null,null,null,null,null,null],""cloud_cover_low_previous_day1"":[null,null,null,null,null,null,null,null,null,null,null,null,null,null,null,null,null,null,null,null,null,null,null,null],""pressure_msl_previous_day1"":[null,null,null,null,null,null,null,null,null,null,null,null,null,null,null,null,null,null,null,null,null,null,null,null],""wind_speed_10m_previous_day1"":[null,null,null,null,null,null,null,null,null,null,null,null,null,null,null,null,null,null,null,null,null,null,null,null],""wind_gusts_10m_previous_day1"":[null,null,null,null,null,null,null,null,null,null,null,null,null,null,null,null,null,null,null,null,null,null,null,null],""wind_direction_10m_previous_day1"":[null,null,null,null,null,null,null,null,null,null,null,null,null,null,null,null,null,null,null,null,null,null,null,null]}}",,EXPERIMENT_ONLY
previous_runs_gfs_temperature,previous_runs,gfs_seamless,2023-10-15,true,200,https://previous-runs-api.open-meteo.com/v1/forecast?end_date=2023-10-15&hourly=temperature_2m_previous_day1%2Cdew_point_2m_previous_day1%2Ccloud_cover_previous_day1%2Ccloud_cover_low_previous_day1%2Cpressure_msl_previous_day1%2Cwind_speed_10m_previous_day1%2Cwind_gusts_10m_previous_day1%2Cwind_direction_10m_previous_day1&latitude=-41.3272&longitude=174.8053&models=gfs_seamless&start_date=2023-10-15&timezone=auto,f2a16242b110ccec14dea83cd76bcb65e4e20f461da0bef9a0c86fba56e21334,343618d56a0d090bf3c5b93f79632251091d4288b9b5da0b05da087cae887e11,"{""latitude"":-41.295143,""longitude"":174.72656,""generationtime_ms"":0.965118408203125,""utc_offset_seconds"":43200,""timezone"":""Pacific/Auckland"",""timezone_abbreviation"":""GMT+12"",""elevation"":5.0,""hourly_units"":{""time"":""iso8601"",""temperature_2m_previous_day1"":""°C"",""dew_point_2m_previous_day1"":""°C"",""cloud_cover_previous_day1"":""%"",""cloud_cover_low_previous_day1"":""%"",""pressure_msl_previous_day1"":""hPa"",""wind_speed_10m_previous_day1"":""km/h"",""wind_gusts_10m_previous_day1"":""km/h"",""wind_direction_10m_previous_day1"":""°""},""hourly"":{""time"":[""2023-10-15T00:00"",""2023-10-15T01:00"",""2023-10-15T02:00"",""2023-10-15T03:00"",""2023-10-15T04:00"",""2023-10-15T05:00"",""2023-10-15T06:00"",""2023-10-15T07:00"",""2023-10-15T08:00"",""2023-10-15T09:00"",""2023-10-15T10:00"",""2023-10-15T11:00"",""2023-10-15T12:00"",""2023-10-15T13:00"",""2023-10-15T14:00"",""2023-10-15T15:00"",""2023-10-15T16:00"",""2023-10-15T17:00"",""2023-10-15T18:00"",""2023-10-15T19:00"",""2023-10-15T20:00"",""2023-10-15T21:00"",""2023-10-15T22:00"",""2023-10-15T23:00""],""temperature_2m_previous_day1"":[12.5,12.4,12.3,12.4,12.2,12.2,12.3,12.8,13.7,14.3,14.4,14.7,14.9,14.1,13.5,14.4,15.1,14.2,13.3,13.0,12.7,12.2,11.5,11.2],""dew_point_2m_previous_day1"":[null,null,null,null,null,null,null,null,null,null,null,null,null,null,null,null,null,null,null,null,null,null,null,null],""cloud_cover_previous_day1"":[null,null,null,null,null,null,null,null,null,null,null,null,null,null,null,null,null,null,null,null,null,null,null,null],""cloud_cover_low_previous_day1"":[null,null,null,null,null,null,null,null,null,null,null,null,null,null,null,null,null,null,null,null,null,null,null,null],""pressure_msl_previous_day1"":[null,null,null,null,null,null,null,null,null,null,null,null,null,null,null,null,null,null,null,null,null,null,null,null],""wind_speed_10m_previous_day1"":[null,null,null,null,null,null,null,null,null,null,null,null,null,null,null,null,null,null,null,null,null,null,null,null],""wind_gusts_10m_previous_day1"":[null,null,null,null,null,null,null,null,null,null,null,null,null,null,null,null,null,null,null,null,null,null,null,null],""wind_direction_10m_previous_day1"":[null,null,null,null,null,null,null,null,null,null,null,null,null,null,null,null,null,null,null,null,null,null,null,null]}}",,EXPERIMENT_ONLY
previous_runs_gfs_temperature,previous_runs,gfs_seamless,2023-11-01,true,200,https://previous-runs-api.open-meteo.com/v1/forecast?end_date=2023-11-01&hourly=temperature_2m_previous_day1%2Cdew_point_2m_previous_day1%2Ccloud_cover_previous_day1%2Ccloud_cover_low_previous_day1%2Cpressure_msl_previous_day1%2Cwind_speed_10m_previous_day1%2Cwind_gusts_10m_previous_day1%2Cwind_direction_10m_previous_day1&latitude=-41.3272&longitude=174.8053&models=gfs_seamless&start_date=2023-11-01&timezone=auto,abdb01a043505e1d1cd0dd1cea48b220fea59fc920823e6ab4059d7603575ed1,f4e46397ebb9569673bfbcc29f5a20b9b207b26288b21940aefc3c4bd1bb5df3,"{""latitude"":-41.295143,""longitude"":174.72656,""generationtime_ms"":1.1621713638305664,""utc_offset_seconds"":43200,""timezone"":""Pacific/Auckland"",""timezone_abbreviation"":""GMT+12"",""elevation"":5.0,""hourly_units"":{""time"":""iso8601"",""temperature_2m_previous_day1"":""°C"",""dew_point_2m_previous_day1"":""°C"",""cloud_cover_previous_day1"":""%"",""cloud_cover_low_previous_day1"":""%"",""pressure_msl_previous_day1"":""hPa"",""wind_speed_10m_previous_day1"":""km/h"",""wind_gusts_10m_previous_day1"":""km/h"",""wind_direction_10m_previous_day1"":""°""},""hourly"":{""time"":[""2023-11-01T00:00"",""2023-11-01T01:00"",""2023-11-01T02:00"",""2023-11-01T03:00"",""2023-11-01T04:00"",""2023-11-01T05:00"",""2023-11-01T06:00"",""2023-11-01T07:00"",""2023-11-01T08:00"",""2023-11-01T09:00"",""2023-11-01T10:00"",""2023-11-01T11:00"",""2023-11-01T12:00"",""2023-11-01T13:00"",""2023-11-01T14:00"",""2023-11-01T15:00"",""2023-11-01T16:00"",""2023-11-01T17:00"",""2023-11-01T18:00"",""2023-11-01T19:00"",""2023-11-01T20:00"",""2023-11-01T21:00"",""2023-11-01T22:00"",""2023-11-01T23:00""],""temperature_2m_previous_day1"":[13.5,13.6,13.8,14.0,14.1,14.1,14.4,14.5,15.4,16.3,17.0,17.2,17.4,16.8,16.4,15.4,15.6,14.9,14.3,13.8,13.9,13.9,13.8,13.8],""dew_point_2m_previous_day1"":[null,null,null,null,null,null,null,null,null,null,null,null,null,null,null,null,null,null,null,null,null,null,null,null],""cloud_cover_previous_day1"":[null,null,null,null,null,null,null,null,null,null,null,null,null,null,null,null,null,null,null,null,null,null,null,null],""cloud_cover_low_previous_day1"":[null,null,null,null,null,null,null,null,null,null,null,null,null,null,null,null,null,null,null,null,null,null,null,null],""pressure_msl_previous_day1"":[null,null,null,null,null,null,null,null,null,null,null,null,null,null,null,null,null,null,null,null,null,null,null,null],""wind_speed_10m_previous_day1"":[null,null,null,null,null,null,null,null,null,null,null,null,null,null,null,null,null,null,null,null,null,null,null,null],""wind_gusts_10m_previous_day1"":[null,null,null,null,null,null,null,null,null,null,null,null,null,null,null,null,null,null,null,null,null,null,null,null],""wind_direction_10m_previous_day1"":[null,null,null,null,null,null,null,null,null,null,null,null,null,null,null,null,null,null,null,null,null,null,null,null]}}",,EXPERIMENT_ONLY
previous_runs_gfs_temperature,previous_runs,gfs_seamless,2023-11-15,true,200,https://previous-runs-api.open-meteo.com/v1/forecast?end_date=2023-11-15&hourly=temperature_2m_previous_day1%2Cdew_point_2m_previous_day1%2Ccloud_cover_previous_day1%2Ccloud_cover_low_previous_day1%2Cpressure_msl_previous_day1%2Cwind_speed_10m_previous_day1%2Cwind_gusts_10m_previous_day1%2Cwind_direction_10m_previous_day1&latitude=-41.3272&longitude=174.8053&models=gfs_seamless&start_date=2023-11-15&timezone=auto,8b59cfbd0cba198a568c29431ba930d773378e842ebc898a4945cd0f8a9c0d2e,31f98e0d9d40b4033c4330f91c1abaafb5469f25e5fdfbc69f972f4d98ef46e5,"{""latitude"":-41.295143,""longitude"":174.72656,""generationtime_ms"":0.11110305786132812,""utc_offset_seconds"":43200,""timezone"":""Pacific/Auckland"",""timezone_abbreviation"":""GMT+12"",""elevation"":5.0,""hourly_units"":{""time"":""iso8601"",""temperature_2m_previous_day1"":""°C"",""dew_point_2m_previous_day1"":""°C"",""cloud_cover_previous_day1"":""%"",""cloud_cover_low_previous_day1"":""%"",""pressure_msl_previous_day1"":""hPa"",""wind_speed_10m_previous_day1"":""km/h"",""wind_gusts_10m_previous_day1"":""km/h"",""wind_direction_10m_previous_day1"":""°""},""hourly"":{""time"":[""2023-11-15T00:00"",""2023-11-15T01:00"",""2023-11-15T02:00"",""2023-11-15T03:00"",""2023-11-15T04:00"",""2023-11-15T05:00"",""2023-11-15T06:00"",""2023-11-15T07:00"",""2023-11-15T08:00"",""2023-11-15T09:00"",""2023-11-15T10:00"",""2023-11-15T11:00"",""2023-11-15T12:00"",""2023-11-15T13:00"",""2023-11-15T14:00"",""2023-11-15T15:00"",""2023-11-15T16:00"",""2023-11-15T17:00"",""2023-11-15T18:00"",""2023-11-15T19:00"",""2023-11-15T20:00"",""2023-11-15T21:00"",""2023-11-15T22:00"",""2023-11-15T23:00""],""temperature_2m_previous_day1"":[14.0,14.0,14.0,14.1,14.1,13.4,13.6,15.0,15.7,16.1,16.3,17.7,17.1,17.6,17.7,17.1,16.0,16.0,15.3,14.9,14.7,14.4,14.2,14.0],""dew_point_2m_previous_day1"":[null,null,null,null,null,null,null,null,null,null,null,null,null,null,null,null,null,null,null,null,null,null,null,null],""cloud_cover_previous_day1"":[null,null,null,null,null,null,null,null,null,null,null,null,null,null,null,null,null,null,null,null,null,null,null,null],""cloud_cover_low_previous_day1"":[null,null,null,null,null,null,null,null,null,null,null,null,null,null,null,null,null,null,null,null,null,null,null,null],""pressure_msl_previous_day1"":[null,null,null,null,null,null,null,null,null,null,null,null,null,null,null,null,null,null,null,null,null,null,null,null],""wind_speed_10m_previous_day1"":[null,null,null,null,null,null,null,null,null,null,null,null,null,null,null,null,null,null,null,null,null,null,null,null],""wind_gusts_10m_previous_day1"":[null,null,null,null,null,null,null,null,null,null,null,null,null,null,null,null,null,null,null,null,null,null,null,null],""wind_direction_10m_previous_day1"":[null,null,null,null,null,null,null,null,null,null,null,null,null,null,null,null,null,null,null,null,null,null,null,null]}}",,EXPERIMENT_ONLY
previous_runs_gfs_temperature,previous_runs,gfs_seamless,2023-12-01,true,200,https://previous-runs-api.open-meteo.com/v1/forecast?end_date=2023-12-01&hourly=temperature_2m_previous_day1%2Cdew_point_2m_previous_day1%2Ccloud_cover_previous_day1%2Ccloud_cover_low_previous_day1%2Cpressure_msl_previous_day1%2Cwind_speed_10m_previous_day1%2Cwind_gusts_10m_previous_day1%2Cwind_direction_10m_previous_day1&latitude=-41.3272&longitude=174.8053&models=gfs_seamless&start_date=2023-12-01&timezone=auto,03f6dff00c3e3aa60996a6d519369e899fdd177900d3ca78968ab53de68b7aba,e771200a9f7595d501d5f69ae8e3d518f8afa57b8f489d308a312deff53f50d6,"{""latitude"":-41.295143,""longitude"":174.72656,""generationtime_ms"":1.0772943496704102,""utc_offset_seconds"":43200,""timezone"":""Pacific/Auckland"",""timezone_abbreviation"":""GMT+12"",""elevation"":5.0,""hourly_units"":{""time"":""iso8601"",""temperature_2m_previous_day1"":""°C"",""dew_point_2m_previous_day1"":""°C"",""cloud_cover_previous_day1"":""%"",""cloud_cover_low_previous_day1"":""%"",""pressure_msl_previous_day1"":""hPa"",""wind_speed_10m_previous_day1"":""km/h"",""wind_gusts_10m_previous_day1"":""km/h"",""wind_direction_10m_previous_day1"":""°""},""hourly"":{""time"":[""2023-12-01T00:00"",""2023-12-01T01:00"",""2023-12-01T02:00"",""2023-12-01T03:00"",""2023-12-01T04:00"",""2023-12-01T05:00"",""2023-12-01T06:00"",""2023-12-01T07:00"",""2023-12-01T08:00"",""2023-12-01T09:00"",""2023-12-01T10:00"",""2023-12-01T11:00"",""2023-12-01T12:00"",""2023-12-01T13:00"",""2023-12-01T14:00"",""2023-12-01T15:00"",""2023-12-01T16:00"",""2023-12-01T17:00"",""2023-12-01T18:00"",""2023-12-01T19:00"",""2023-12-01T20:00"",""2023-12-01T21:00"",""2023-12-01T22:00"",""2023-12-01T23:00""],""temperature_2m_previous_day1"":[10.6,10.4,10.4,11.4,11.8,12.0,11.7,11.2,11.8,14.7,14.5,14.4,14.8,15.0,14.7,14.3,14.4,13.8,13.1,12.4,11.4,11.2,10.4,10.1],""dew_point_2m_previous_day1"":[null,null,null,null,null,null,null,null,null,null,null,null,null,null,null,null,null,null,null,null,null,null,null,null],""cloud_cover_previous_day1"":[null,null,null,null,null,null,null,null,null,null,null,null,null,null,null,null,null,null,null,null,null,null,null,null],""cloud_cover_low_previous_day1"":[null,null,null,null,null,null,null,null,null,null,null,null,null,null,null,null,null,null,null,null,null,null,null,null],""pressure_msl_previous_day1"":[null,null,null,null,null,null,null,null,null,null,null,null,null,null,null,null,null,null,null,null,null,null,null,null],""wind_speed_10m_previous_day1"":[null,null,null,null,null,null,null,null,null,null,null,null,null,null,null,null,null,null,null,null,null,null,null,null],""wind_gusts_10m_previous_day1"":[null,null,null,null,null,null,null,null,null,null,null,null,null,null,null,null,null,null,null,null,null,null,null,null],""wind_direction_10m_previous_day1"":[null,null,null,null,null,null,null,null,null,null,null,null,null,null,null,null,null,null,null,null,null,null,null,null]}}",,EXPERIMENT_ONLY
previous_runs_gfs_temperature,previous_runs,gfs_seamless,2023-12-15,true,200,https://previous-runs-api.open-meteo.com/v1/forecast?end_date=2023-12-15&hourly=temperature_2m_previous_day1%2Cdew_point_2m_previous_day1%2Ccloud_cover_previous_day1%2Ccloud_cover_low_previous_day1%2Cpressure_msl_previous_day1%2Cwind_speed_10m_previous_day1%2Cwind_gusts_10m_previous_day1%2Cwind_direction_10m_previous_day1&latitude=-41.3272&longitude=174.8053&models=gfs_seamless&start_date=2023-12-15&timezone=auto,a128e4ed2c1a423f876316df1770f842dff9b3d591759b5813eeebadbe8734d8,54f4272755757b3141134c05366a916ab171768c5a4f6135ee373318d9f6dfc8,"{""latitude"":-41.295143,""longitude"":174.72656,""generationtime_ms"":1.4282464981079102,""utc_offset_seconds"":43200,""timezone"":""Pacific/Auckland"",""timezone_abbreviation"":""GMT+12"",""elevation"":5.0,""hourly_units"":{""time"":""iso8601"",""temperature_2m_previous_day1"":""°C"",""dew_point_2m_previous_day1"":""°C"",""cloud_cover_previous_day1"":""%"",""cloud_cover_low_previous_day1"":""%"",""pressure_msl_previous_day1"":""hPa"",""wind_speed_10m_previous_day1"":""km/h"",""wind_gusts_10m_previous_day1"":""km/h"",""wind_direction_10m_previous_day1"":""°""},""hourly"":{""time"":[""2023-12-15T00:00"",""2023-12-15T01:00"",""2023-12-15T02:00"",""2023-12-15T03:00"",""2023-12-15T04:00"",""2023-12-15T05:00"",""2023-12-15T06:00"",""2023-12-15T07:00"",""2023-12-15T08:00"",""2023-12-15T09:00"",""2023-12-15T10:00"",""2023-12-15T11:00"",""2023-12-15T12:00"",""2023-12-15T13:00"",""2023-12-15T14:00"",""2023-12-15T15:00"",""2023-12-15T16:00"",""2023-12-15T17:00"",""2023-12-15T18:00"",""2023-12-15T19:00"",""2023-12-15T20:00"",""2023-12-15T21:00"",""2023-12-15T22:00"",""2023-12-15T23:00""],""temperature_2m_previous_day1"":[14.4,14.3,14.1,14.2,14.6,14.2,14.3,14.9,15.7,16.4,16.8,17.2,17.7,17.8,17.9,17.8,17.5,16.9,16.3,16.0,16.0,15.9,16.0,16.0],""dew_point_2m_previous_day1"":[null,null,null,null,null,null,null,null,null,null,null,null,null,null,null,null,null,null,null,null,null,null,null,null],""cloud_cover_previous_day1"":[null,null,null,null,null,null,null,null,null,null,null,null,null,null,null,null,null,null,null,null,null,null,null,null],""cloud_cover_low_previous_day1"":[null,null,null,null,null,null,null,null,null,null,null,null,null,null,null,null,null,null,null,null,null,null,null,null],""pressure_msl_previous_day1"":[null,null,null,null,null,null,null,null,null,null,null,null,null,null,null,null,null,null,null,null,null,null,null,null],""wind_speed_10m_previous_day1"":[null,null,null,null,null,null,null,null,null,null,null,null,null,null,null,null,null,null,null,null,null,null,null,null],""wind_gusts_10m_previous_day1"":[null,null,null,null,null,null,null,null,null,null,null,null,null,null,null,null,null,null,null,null,null,null,null,null],""wind_direction_10m_previous_day1"":[null,null,null,null,null,null,null,null,null,null,null,null,null,null,null,null,null,null,null,null,null,null,null,null]}}",,EXPERIMENT_ONLY
previous_runs_gfs_temperature,previous_runs,gfs_seamless,2024-01-01,true,200,https://previous-runs-api.open-meteo.com/v1/forecast?end_date=2024-01-01&hourly=temperature_2m_previous_day1%2Cdew_point_2m_previous_day1%2Ccloud_cover_previous_day1%2Ccloud_cover_low_previous_day1%2Cpressure_msl_previous_day1%2Cwind_speed_10m_previous_day1%2Cwind_gusts_10m_previous_day1%2Cwind_direction_10m_previous_day1&latitude=-41.3272&longitude=174.8053&models=gfs_seamless&start_date=2024-01-01&timezone=auto,4e19f7c409e37af7a9a6cf3bfc3bd34d2f6760e6e39476ea9dc872608a8cb398,099bce97f0d9cde664bb0d72b4ede282ba18ebf470bde084021da1a4b66cba3f,"{""latitude"":-41.295143,""longitude"":174.72656,""generationtime_ms"":2014.5384073257446,""utc_offset_seconds"":43200,""timezone"":""Pacific/Auckland"",""timezone_abbreviation"":""GMT+12"",""elevation"":5.0,""hourly_units"":{""time"":""iso8601"",""temperature_2m_previous_day1"":""°C"",""dew_point_2m_previous_day1"":""°C"",""cloud_cover_previous_day1"":""%"",""cloud_cover_low_previous_day1"":""%"",""pressure_msl_previous_day1"":""hPa"",""wind_speed_10m_previous_day1"":""km/h"",""wind_gusts_10m_previous_day1"":""km/h"",""wind_direction_10m_previous_day1"":""°""},""hourly"":{""time"":[""2024-01-01T00:00"",""2024-01-01T01:00"",""2024-01-01T02:00"",""2024-01-01T03:00"",""2024-01-01T04:00"",""2024-01-01T05:00"",""2024-01-01T06:00"",""2024-01-01T07:00"",""2024-01-01T08:00"",""2024-01-01T09:00"",""2024-01-01T10:00"",""2024-01-01T11:00"",""2024-01-01T12:00"",""2024-01-01T13:00"",""2024-01-01T14:00"",""2024-01-01T15:00"",""2024-01-01T16:00"",""2024-01-01T17:00"",""2024-01-01T18:00"",""2024-01-01T19:00"",""2024-01-01T20:00"",""2024-01-01T21:00"",""2024-01-01T22:00"",""2024-01-01T23:00""],""temperature_2m_previous_day1"":[null,null,null,null,null,null,null,null,null,null,null,null,null,null,null,null,null,null,null,null,null,null,null,null],""dew_point_2m_previous_day1"":[null,null,null,null,null,null,null,null,null,null,null,null,null,null,null,null,null,null,null,null,null,null,null,null],""cloud_cover_previous_day1"":[null,null,null,null,null,null,null,null,null,null,null,null,null,null,null,null,null,null,null,null,null,null,null,null],""cloud_cover_low_previous_day1"":[null,null,null,null,null,null,null,null,null,null,null,null,null,null,null,null,null,null,null,null,null,null,null,null],""pressure_msl_previous_day1"":[null,null,null,null,null,null,null,null,null,null,null,null,null,null,null,null,null,null,null,null,null,null,null,null],""wind_speed_10m_previous_day1"":[null,null,null,null,null,null,null,null,null,null,null,null,null,null,null,null,null,null,null,null,null,null,null,null],""wind_gusts_10m_previous_day1"":[null,null,null,null,null,null,null,null,null,null,null,null,null,null,null,null,null,null,null,null,null,null,null,null],""wind_direction_10m_previous_day1"":[null,null,null,null,null,null,null,null,null,null,null,null,null,null,null,null,null,null,null,null,null,null,null,null]}}",,EXPERIMENT_ONLY
previous_runs_gfs_temperature,previous_runs,gfs_seamless,2024-01-15,true,200,https://previous-runs-api.open-meteo.com/v1/forecast?end_date=2024-01-15&hourly=temperature_2m_previous_day1%2Cdew_point_2m_previous_day1%2Ccloud_cover_previous_day1%2Ccloud_cover_low_previous_day1%2Cpressure_msl_previous_day1%2Cwind_speed_10m_previous_day1%2Cwind_gusts_10m_previous_day1%2Cwind_direction_10m_previous_day1&latitude=-41.3272&longitude=174.8053&models=gfs_seamless&start_date=2024-01-15&timezone=auto,f0a8902c213d5acc915a4cde48c414a82567c7d85ad4698c721d6d90b46ebd39,d1f1585843dd53e77546b46ef73c6f0dc3ef6fc8ee87b4e3b3da430ce96a0d03,"{""latitude"":-41.295143,""longitude"":174.72656,""generationtime_ms"":1.3318061828613281,""utc_offset_seconds"":43200,""timezone"":""Pacific/Auckland"",""timezone_abbreviation"":""GMT+12"",""elevation"":5.0,""hourly_units"":{""time"":""iso8601"",""temperature_2m_previous_day1"":""°C"",""dew_point_2m_previous_day1"":""°C"",""cloud_cover_previous_day1"":""%"",""cloud_cover_low_previous_day1"":""%"",""pressure_msl_previous_day1"":""hPa"",""wind_speed_10m_previous_day1"":""km/h"",""wind_gusts_10m_previous_day1"":""km/h"",""wind_direction_10m_previous_day1"":""°""},""hourly"":{""time"":[""2024-01-15T00:00"",""2024-01-15T01:00"",""2024-01-15T02:00"",""2024-01-15T03:00"",""2024-01-15T04:00"",""2024-01-15T05:00"",""2024-01-15T06:00"",""2024-01-15T07:00"",""2024-01-15T08:00"",""2024-01-15T09:00"",""2024-01-15T10:00"",""2024-01-15T11:00"",""2024-01-15T12:00"",""2024-01-15T13:00"",""2024-01-15T14:00"",""2024-01-15T15:00"",""2024-01-15T16:00"",""2024-01-15T17:00"",""2024-01-15T18:00"",""2024-01-15T19:00"",""2024-01-15T20:00"",""2024-01-15T21:00"",""2024-01-15T22:00"",""2024-01-15T23:00""],""temperature_2m_previous_day1"":[null,null,null,null,null,null,null,null,null,null,null,null,null,null,null,null,null,null,null,null,null,null,null,null],""dew_point_2m_previous_day1"":[null,null,null,null,null,null,null,null,null,null,null,null,null,null,null,null,null,null,null,null,null,null,null,null],""cloud_cover_previous_day1"":[null,null,null,null,null,null,null,null,null,null,null,null,null,null,null,null,null,null,null,null,null,null,null,null],""cloud_cover_low_previous_day1"":[null,null,null,null,null,null,null,null,null,null,null,null,null,null,null,null,null,null,null,null,null,null,null,null],""pressure_msl_previous_day1"":[null,null,null,null,null,null,null,null,null,null,null,null,null,null,null,null,null,null,null,null,null,null,null,null],""wind_speed_10m_previous_day1"":[null,null,null,null,null,null,null,null,null,null,null,null,null,null,null,null,null,null,null,null,null,null,null,null],""wind_gusts_10m_previous_day1"":[null,null,null,null,null,null,null,null,null,null,null,null,null,null,null,null,null,null,null,null,null,null,null,null],""wind_direction_10m_previous_day1"":[null,null,null,null,null,null,null,null,null,null,null,null,null,null,null,null,null,null,null,null,null,null,null,null]}}",,EXPERIMENT_ONLY
previous_runs_gfs_temperature,previous_runs,gfs_seamless,2024-02-01,true,200,https://previous-runs-api.open-meteo.com/v1/forecast?end_date=2024-02-01&hourly=temperature_2m_previous_day1%2Cdew_point_2m_previous_day1%2Ccloud_cover_previous_day1%2Ccloud_cover_low_previous_day1%2Cpressure_msl_previous_day1%2Cwind_speed_10m_previous_day1%2Cwind_gusts_10m_previous_day1%2Cwind_direction_10m_previous_day1&latitude=-41.3272&longitude=174.8053&models=gfs_seamless&start_date=2024-02-01&timezone=auto,d36e8f64b575f5e0661aa2d125d6607584477b9dd05b26a0dd256d764ca26b99,ce27d2108cf9469893948555458f204f70259aca23bcdcba281a8cfb7e4025c8,"{""latitude"":-41.295143,""longitude"":174.72656,""generationtime_ms"":44.35443878173828,""utc_offset_seconds"":43200,""timezone"":""Pacific/Auckland"",""timezone_abbreviation"":""GMT+12"",""elevation"":5.0,""hourly_units"":{""time"":""iso8601"",""temperature_2m_previous_day1"":""°C"",""dew_point_2m_previous_day1"":""°C"",""cloud_cover_previous_day1"":""%"",""cloud_cover_low_previous_day1"":""%"",""pressure_msl_previous_day1"":""hPa"",""wind_speed_10m_previous_day1"":""km/h"",""wind_gusts_10m_previous_day1"":""km/h"",""wind_direction_10m_previous_day1"":""°""},""hourly"":{""time"":[""2024-02-01T00:00"",""2024-02-01T01:00"",""2024-02-01T02:00"",""2024-02-01T03:00"",""2024-02-01T04:00"",""2024-02-01T05:00"",""2024-02-01T06:00"",""2024-02-01T07:00"",""2024-02-01T08:00"",""2024-02-01T09:00"",""2024-02-01T10:00"",""2024-02-01T11:00"",""2024-02-01T12:00"",""2024-02-01T13:00"",""2024-02-01T14:00"",""2024-02-01T15:00"",""2024-02-01T16:00"",""2024-02-01T17:00"",""2024-02-01T18:00"",""2024-02-01T19:00"",""2024-02-01T20:00"",""2024-02-01T21:00"",""2024-02-01T22:00"",""2024-02-01T23:00""],""temperature_2m_previous_day1"":[16.4,16.6,16.5,16.0,14.6,14.1,14.4,16.3,17.7,17.2,18.7,19.1,20.2,20.1,21.8,23.0,22.0,20.5,19.7,18.2,17.5,17.8,17.7,17.8],""dew_point_2m_previous_day1"":[14.0,14.0,14.3,14.3,13.7,13.3,13.7,14.5,14.8,14.8,14.4,14.2,14.1,13.8,13.2,12.9,13.1,13.7,14.7,15.1,15.5,15.8,15.9,15.9],""cloud_cover_previous_day1"":[0,0,0,0,6,100,100,100,100,100,100,100,47,92,26,0,5,0,0,0,6,100,100,100],""cloud_cover_low_previous_day1"":[null,null,null,null,null,null,null,null,null,null,null,null,null,null,null,null,null,null,null,null,null,null,null,null],""pressure_msl_previous_day1"":[1001.7,1001.1,1000.7,1000.3,1000.4,1000.7,1001.5,1001.9,1002.1,1001.7,1001.9,1001.3,1000.5,999.8,998.9,998.2,998.1,997.7,997.2,996.8,995.9,996.2,995.3,995.1],""wind_speed_10m_previous_day1"":[15.5,15.5,14.9,11.0,5.4,1.6,5.2,6.3,13.5,13.5,13.4,13.7,12.4,9.7,7.3,4.7,5.4,11.2,22.4,27.0,31.6,33.8,34.6,35.0],""wind_gusts_10m_previous_day1"":[33.8,35.6,34.9,29.2,14.8,7.6,6.8,10.1,18.0,20.2,20.5,19.1,16.9,13.0,8.6,7.2,13.0,22.0,33.8,42.8,48.2,47.9,48.2,50.0],""wind_direction_10m_previous_day1"":[5,5,8,11,37,117,192,211,209,196,200,175,197,178,160,189,266,339,349,2,11,1,359,351]}}",,EXPERIMENT_ONLY
previous_runs_gfs_temperature,previous_runs,gfs_seamless,2024-02-15,true,200,https://previous-runs-api.open-meteo.com/v1/forecast?end_date=2024-02-15&hourly=temperature_2m_previous_day1%2Cdew_point_2m_previous_day1%2Ccloud_cover_previous_day1%2Ccloud_cover_low_previous_day1%2Cpressure_msl_previous_day1%2Cwind_speed_10m_previous_day1%2Cwind_gusts_10m_previous_day1%2Cwind_direction_10m_previous_day1&latitude=-41.3272&longitude=174.8053&models=gfs_seamless&start_date=2024-02-15&timezone=auto,a6354039cbbd8959e4d015f67e86a209021b50b01b74e17907c09f8ed893dbf1,715f8a261fa99c46d94c174a44c00d8e6dc30fc76ef9663cbd383437581bdcab,"{""latitude"":-41.295143,""longitude"":174.72656,""generationtime_ms"":25.136351585388184,""utc_offset_seconds"":43200,""timezone"":""Pacific/Auckland"",""timezone_abbreviation"":""GMT+12"",""elevation"":5.0,""hourly_units"":{""time"":""iso8601"",""temperature_2m_previous_day1"":""°C"",""dew_point_2m_previous_day1"":""°C"",""cloud_cover_previous_day1"":""%"",""cloud_cover_low_previous_day1"":""%"",""pressure_msl_previous_day1"":""hPa"",""wind_speed_10m_previous_day1"":""km/h"",""wind_gusts_10m_previous_day1"":""km/h"",""wind_direction_10m_previous_day1"":""°""},""hourly"":{""time"":[""2024-02-15T00:00"",""2024-02-15T01:00"",""2024-02-15T02:00"",""2024-02-15T03:00"",""2024-02-15T04:00"",""2024-02-15T05:00"",""2024-02-15T06:00"",""2024-02-15T07:00"",""2024-02-15T08:00"",""2024-02-15T09:00"",""2024-02-15T10:00"",""2024-02-15T11:00"",""2024-02-15T12:00"",""2024-02-15T13:00"",""2024-02-15T14:00"",""2024-02-15T15:00"",""2024-02-15T16:00"",""2024-02-15T17:00"",""2024-02-15T18:00"",""2024-02-15T19:00"",""2024-02-15T20:00"",""2024-02-15T21:00"",""2024-02-15T22:00"",""2024-02-15T23:00""],""temperature_2m_previous_day1"":[16.9,17.0,17.0,17.0,16.9,16.9,16.8,17.3,18.0,18.2,18.8,19.7,20.6,20.6,20.5,20.4,19.6,19.1,18.6,18.2,18.0,18.1,17.9,17.9],""dew_point_2m_previous_day1"":[12.2,12.1,11.9,11.9,11.8,11.8,12.0,12.0,12.2,12.6,13.0,13.4,12.5,12.3,12.0,12.1,13.3,13.5,14.1,14.1,14.3,14.4,14.8,14.9],""cloud_cover_previous_day1"":[0,0,0,0,5,100,100,100,100,100,100,73,100,100,100,100,100,100,100,79,99,63,100,100],""cloud_cover_low_previous_day1"":[null,null,null,null,null,null,null,null,null,null,null,null,null,null,null,null,null,null,null,null,null,null,null,null],""pressure_msl_previous_day1"":[1020.2,1019.9,1019.9,1019.9,1019.5,1019.5,1019.8,1020.0,1020.1,1020.5,1020.9,1020.9,1021.3,1021.1,1020.8,1020.5,1020.4,1020.7,1020.9,1021.0,1021.4,1021.9,1022.4,1022.5],""wind_speed_10m_previous_day1"":[49.3,49.4,49.8,49.2,47.4,47.3,48.1,47.0,46.9,43.8,41.1,40.5,40.7,40.2,38.4,38.1,39.4,39.1,38.5,38.2,37.9,35.3,34.5,35.1],""wind_gusts_10m_previous_day1"":[67.3,65.9,67.7,66.6,64.4,64.8,65.2,64.1,65.9,62.6,58.7,58.3,57.2,54.0,54.7,57.6,59.0,60.8,60.8,60.1,58.0,56.2,55.4,53.6],""wind_direction_10m_previous_day1"":[330,332,332,331,332,334,334,336,335,333,332,331,332,333,337,337,337,336,336,337,336,335,335,334]}}",,EXPERIMENT_ONLY
previous_runs_gfs_temperature,previous_runs,gfs_seamless,2024-03-01,true,200,https://previous-runs-api.open-meteo.com/v1/forecast?end_date=2024-03-01&hourly=temperature_2m_previous_day1%2Cdew_point_2m_previous_day1%2Ccloud_cover_previous_day1%2Ccloud_cover_low_previous_day1%2Cpressure_msl_previous_day1%2Cwind_speed_10m_previous_day1%2Cwind_gusts_10m_previous_day1%2Cwind_direction_10m_previous_day1&latitude=-41.3272&longitude=174.8053&models=gfs_seamless&start_date=2024-03-01&timezone=auto,2bad59920e7fe44e3d7f892e93e9d21a8e62d586e6f8bcf3f70a729474759497,05749df4c792779fd7ff560088d195c7c3f9b731edbe269c250f026fc03172a2,"{""latitude"":-41.295143,""longitude"":174.72656,""generationtime_ms"":20.803213119506836,""utc_offset_seconds"":43200,""timezone"":""Pacific/Auckland"",""timezone_abbreviation"":""GMT+12"",""elevation"":5.0,""hourly_units"":{""time"":""iso8601"",""temperature_2m_previous_day1"":""°C"",""dew_point_2m_previous_day1"":""°C"",""cloud_cover_previous_day1"":""%"",""cloud_cover_low_previous_day1"":""%"",""pressure_msl_previous_day1"":""hPa"",""wind_speed_10m_previous_day1"":""km/h"",""wind_gusts_10m_previous_day1"":""km/h"",""wind_direction_10m_previous_day1"":""°""},""hourly"":{""time"":[""2024-03-01T00:00"",""2024-03-01T01:00"",""2024-03-01T02:00"",""2024-03-01T03:00"",""2024-03-01T04:00"",""2024-03-01T05:00"",""2024-03-01T06:00"",""2024-03-01T07:00"",""2024-03-01T08:00"",""2024-03-01T09:00"",""2024-03-01T10:00"",""2024-03-01T11:00"",""2024-03-01T12:00"",""2024-03-01T13:00"",""2024-03-01T14:00"",""2024-03-01T15:00"",""2024-03-01T16:00"",""2024-03-01T17:00"",""2024-03-01T18:00"",""2024-03-01T19:00"",""2024-03-01T20:00"",""2024-03-01T21:00"",""2024-03-01T22:00"",""2024-03-01T23:00""],""temperature_2m_previous_day1"":[12.6,12.2,11.8,11.9,12.7,13.3,13.5,14.9,16.6,17.1,17.9,18.5,18.6,19.1,19.4,19.7,19.2,18.5,17.4,16.4,16.0,15.8,15.8,15.7],""dew_point_2m_previous_day1"":[11.5,11.1,11.0,11.1,11.9,12.3,11.9,12.4,12.5,12.4,11.9,11.3,11.9,12.3,13.3,13.8,13.8,13.8,13.7,13.5,13.5,13.4,13.3,13.2],""cloud_cover_previous_day1"":[-1,0,0,20,18,11,0,0,50,35,13,7,32,58,5,5,10,12,100,100,76,92,74,12],""cloud_cover_low_previous_day1"":[null,null,null,null,null,null,null,null,null,null,null,null,null,null,null,null,null,null,null,null,null,null,null,null],""pressure_msl_previous_day1"":[1018.1,1017.5,1016.7,1016.2,1015.4,1014.8,1014.6,1014.5,1014.5,1014.7,1014.7,1014.2,1013.7,1013.0,1012.3,1011.6,1011.2,1011.2,1011.1,1011.2,1011.7,1012.1,1012.2,1012.4],""wind_speed_10m_previous_day1"":[0.7,4.3,7.7,9.0,11.5,13.7,16.2,18.4,20.2,20.9,21.3,23.2,23.6,23.2,24.6,25.1,24.9,21.6,20.4,20.5,20.4,19.6,19.9,18.6],""wind_gusts_10m_previous_day1"":[3.2,5.4,11.2,13.7,17.3,24.1,27.4,28.1,28.4,28.8,29.2,31.7,32.4,34.2,35.6,37.8,38.5,38.5,38.9,38.5,38.9,37.8,37.8,37.1],""wind_direction_10m_previous_day1"":[90,24,11,2,2,358,3,359,358,360,358,354,352,354,354,353,356,2,8,15,17,14,17,10]}}",,EXPERIMENT_ONLY
previous_runs_gfs_temperature,previous_runs,gfs_seamless,2024-03-15,true,200,https://previous-runs-api.open-meteo.com/v1/forecast?end_date=2024-03-15&hourly=temperature_2m_previous_day1%2Cdew_point_2m_previous_day1%2Ccloud_cover_previous_day1%2Ccloud_cover_low_previous_day1%2Cpressure_msl_previous_day1%2Cwind_speed_10m_previous_day1%2Cwind_gusts_10m_previous_day1%2Cwind_direction_10m_previous_day1&latitude=-41.3272&longitude=174.8053&models=gfs_seamless&start_date=2024-03-15&timezone=auto,f093393fdf2f2619b2198dd8aad51b058aee03205f69f09999e71526e5d34c27,b6a856291849e2a3e788cd36fd58ed2ebf44dfadd3c82e795586b2c7073c9dc4,"{""latitude"":-41.295143,""longitude"":174.72656,""generationtime_ms"":0.3712177276611328,""utc_offset_seconds"":43200,""timezone"":""Pacific/Auckland"",""timezone_abbreviation"":""GMT+12"",""elevation"":5.0,""hourly_units"":{""time"":""iso8601"",""temperature_2m_previous_day1"":""°C"",""dew_point_2m_previous_day1"":""°C"",""cloud_cover_previous_day1"":""%"",""cloud_cover_low_previous_day1"":""%"",""pressure_msl_previous_day1"":""hPa"",""wind_speed_10m_previous_day1"":""km/h"",""wind_gusts_10m_previous_day1"":""km/h"",""wind_direction_10m_previous_day1"":""°""},""hourly"":{""time"":[""2024-03-15T00:00"",""2024-03-15T01:00"",""2024-03-15T02:00"",""2024-03-15T03:00"",""2024-03-15T04:00"",""2024-03-15T05:00"",""2024-03-15T06:00"",""2024-03-15T07:00"",""2024-03-15T08:00"",""2024-03-15T09:00"",""2024-03-15T10:00"",""2024-03-15T11:00"",""2024-03-15T12:00"",""2024-03-15T13:00"",""2024-03-15T14:00"",""2024-03-15T15:00"",""2024-03-15T16:00"",""2024-03-15T17:00"",""2024-03-15T18:00"",""2024-03-15T19:00"",""2024-03-15T20:00"",""2024-03-15T21:00"",""2024-03-15T22:00"",""2024-03-15T23:00""],""temperature_2m_previous_day1"":[14.5,14.4,14.5,14.5,14.5,14.5,14.3,14.5,14.6,14.8,15.2,16.1,17.8,17.9,18.0,18.1,17.5,12.1,11.6,10.8,10.1,10.4,10.2,9.6],""dew_point_2m_previous_day1"":[9.5,9.6,9.5,9.1,8.9,9.1,8.9,9.1,9.0,7.8,7.2,7.3,6.6,7.0,6.5,7.8,9.7,10.8,8.2,8.4,8.5,8.6,8.3,7.7],""cloud_cover_previous_day1"":[100,100,100,100,100,100,100,100,100,100,100,100,0,0,0,0,11,83,100,100,100,100,100,100],""cloud_cover_low_previous_day1"":[null,null,null,null,null,null,null,null,null,null,null,null,null,null,null,null,null,null,null,null,null,null,null,null],""pressure_msl_previous_day1"":[1003.6,1003.2,1002.8,1001.5,1000.9,1000.8,1000.1,1001.1,1000.6,1000.6,1001.1,1001.4,1000.3,1000.1,999.7,999.7,999.5,1000.9,1002.5,1003.9,1005.6,1006.4,1007.3,1008.3],""wind_speed_10m_previous_day1"":[43.0,42.3,40.7,39.5,40.0,40.9,37.4,39.4,30.9,25.1,20.5,15.1,11.3,12.8,12.9,19.6,7.6,51.7,47.0,46.8,43.1,40.4,39.3,34.1],""wind_gusts_10m_previous_day1"":[53.3,53.3,52.9,51.8,50.4,54.4,48.2,50.8,41.4,34.9,30.2,23.8,17.3,15.8,14.0,23.0,18.7,52.6,51.5,53.3,52.2,51.8,49.3,45.7],""wind_direction_10m_previous_day1"":[351,351,347,345,349,346,339,333,326,325,321,310,301,308,330,340,315,185,191,196,186,185,188,193]}}",,EXPERIMENT_ONLY
previous_runs_gfs_temperature,previous_runs,gfs_seamless,2024-04-01,true,200,https://previous-runs-api.open-meteo.com/v1/forecast?end_date=2024-04-01&hourly=temperature_2m_previous_day1%2Cdew_point_2m_previous_day1%2Ccloud_cover_previous_day1%2Ccloud_cover_low_previous_day1%2Cpressure_msl_previous_day1%2Cwind_speed_10m_previous_day1%2Cwind_gusts_10m_previous_day1%2Cwind_direction_10m_previous_day1&latitude=-41.3272&longitude=174.8053&models=gfs_seamless&start_date=2024-04-01&timezone=auto,1cd13b59d701460efb3ac9f3dbb5d49f69bc7a69d9b296b1e182a46030d0a908,ebfa2fe5e00a896bd3538fc49b2835e9ecdb28447513c08049731422208d0840,"{""latitude"":-41.295143,""longitude"":174.72656,""generationtime_ms"":31.05151653289795,""utc_offset_seconds"":43200,""timezone"":""Pacific/Auckland"",""timezone_abbreviation"":""GMT+12"",""elevation"":5.0,""hourly_units"":{""time"":""iso8601"",""temperature_2m_previous_day1"":""°C"",""dew_point_2m_previous_day1"":""°C"",""cloud_cover_previous_day1"":""%"",""cloud_cover_low_previous_day1"":""%"",""pressure_msl_previous_day1"":""hPa"",""wind_speed_10m_previous_day1"":""km/h"",""wind_gusts_10m_previous_day1"":""km/h"",""wind_direction_10m_previous_day1"":""°""},""hourly"":{""time"":[""2024-04-01T00:00"",""2024-04-01T01:00"",""2024-04-01T02:00"",""2024-04-01T03:00"",""2024-04-01T04:00"",""2024-04-01T05:00"",""2024-04-01T06:00"",""2024-04-01T07:00"",""2024-04-01T08:00"",""2024-04-01T09:00"",""2024-04-01T10:00"",""2024-04-01T11:00"",""2024-04-01T12:00"",""2024-04-01T13:00"",""2024-04-01T14:00"",""2024-04-01T15:00"",""2024-04-01T16:00"",""2024-04-01T17:00"",""2024-04-01T18:00"",""2024-04-01T19:00"",""2024-04-01T20:00"",""2024-04-01T21:00"",""2024-04-01T22:00"",""2024-04-01T23:00""],""temperature_2m_previous_day1"":[11.7,11.6,11.8,11.9,11.4,11.2,11.4,11.6,13.7,13.8,14.0,14.8,15.5,15.9,16.2,16.3,16.3,15.5,13.1,11.8,11.6,11.5,11.6,11.9],""dew_point_2m_previous_day1"":[9.8,10.0,10.2,10.1,9.8,9.8,9.5,9.3,8.5,8.2,8.4,8.3,8.2,8.1,7.9,8.0,8.0,8.0,8.3,8.8,9.1,9.2,9.3,9.8],""cloud_cover_previous_day1"":[21,35,39,39,0,35,39,47,100,100,100,99,74,52,23,0,0,0,0,0,0,0,0,0],""cloud_cover_low_previous_day1"":[null,null,null,null,null,null,null,null,null,null,null,null,null,null,null,null,null,null,null,null,null,null,null,null],""pressure_msl_previous_day1"":[1017.2,1017.4,1017.2,1016.9,1016.9,1017.0,1017.4,1017.8,1018.3,1018.7,1018.9,1018.9,1018.7,1018.1,1017.8,1017.7,1017.5,1017.7,1018.1,1018.6,1019.1,1019.6,1020.1,1020.2],""wind_speed_10m_previous_day1"":[12.1,11.7,12.0,12.4,11.4,11.1,9.8,9.2,9.2,9.6,10.0,9.7,10.8,11.2,10.1,8.0,4.8,1.8,5.4,7.2,8.1,10.1,11.1,11.2],""wind_gusts_10m_previous_day1"":[19.4,18.7,18.7,18.7,18.0,17.3,14.0,13.3,11.5,11.2,10.8,9.4,9.0,8.3,7.2,6.5,5.8,7.2,9.7,10.4,11.9,15.1,17.6,18.0],""wind_direction_10m_previous_day1"":[168,171,173,172,169,167,156,154,159,160,159,165,176,180,180,175,153,79,352,3,13,17,13,6]}}",,EXPERIMENT_ONLY
previous_runs_gfs_temperature,previous_runs,gfs_seamless,2024-04-15,true,200,https://previous-runs-api.open-meteo.com/v1/forecast?end_date=2024-04-15&hourly=temperature_2m_previous_day1%2Cdew_point_2m_previous_day1%2Ccloud_cover_previous_day1%2Ccloud_cover_low_previous_day1%2Cpressure_msl_previous_day1%2Cwind_speed_10m_previous_day1%2Cwind_gusts_10m_previous_day1%2Cwind_direction_10m_previous_day1&latitude=-41.3272&longitude=174.8053&models=gfs_seamless&start_date=2024-04-15&timezone=auto,79ff3e3b6ece9a4c515d76d832dd573182dd82c74e5d35bb79cc4dcec8c5e74b,413f7e4d6592f9e73ce5ba5f8e4a0097b675ec2bee337b1c70a789ae27041c80,"{""latitude"":-41.295143,""longitude"":174.72656,""generationtime_ms"":71.2883472442627,""utc_offset_seconds"":43200,""timezone"":""Pacific/Auckland"",""timezone_abbreviation"":""GMT+12"",""elevation"":5.0,""hourly_units"":{""time"":""iso8601"",""temperature_2m_previous_day1"":""°C"",""dew_point_2m_previous_day1"":""°C"",""cloud_cover_previous_day1"":""%"",""cloud_cover_low_previous_day1"":""%"",""pressure_msl_previous_day1"":""hPa"",""wind_speed_10m_previous_day1"":""km/h"",""wind_gusts_10m_previous_day1"":""km/h"",""wind_direction_10m_previous_day1"":""°""},""hourly"":{""time"":[""2024-04-15T00:00"",""2024-04-15T01:00"",""2024-04-15T02:00"",""2024-04-15T03:00"",""2024-04-15T04:00"",""2024-04-15T05:00"",""2024-04-15T06:00"",""2024-04-15T07:00"",""2024-04-15T08:00"",""2024-04-15T09:00"",""2024-04-15T10:00"",""2024-04-15T11:00"",""2024-04-15T12:00"",""2024-04-15T13:00"",""2024-04-15T14:00"",""2024-04-15T15:00"",""2024-04-15T16:00"",""2024-04-15T17:00"",""2024-04-15T18:00"",""2024-04-15T19:00"",""2024-04-15T20:00"",""2024-04-15T21:00"",""2024-04-15T22:00"",""2024-04-15T23:00""],""temperature_2m_previous_day1"":[10.9,10.7,10.4,11.4,11.6,12.0,11.9,12.4,13.7,14.2,14.6,15.6,16.5,16.5,16.2,16.0,15.4,14.6,14.3,13.5,13.1,13.0,12.8,12.4],""dew_point_2m_previous_day1"":[8.3,8.1,8.0,8.2,8.4,8.8,9.6,9.6,10.1,10.4,11.2,11.9,12.2,11.8,11.7,11.7,11.6,11.4,12.3,12.5,12.3,12.2,12.0,11.6],""cloud_cover_previous_day1"":[57,57,54,100,100,100,37,52,76,100,100,88,45,0,0,0,16,27,100,27,7,16,20,16],""cloud_cover_low_previous_day1"":[null,null,null,null,null,null,null,null,null,null,null,null,null,null,null,null,null,null,null,null,null,null,null,null],""pressure_msl_previous_day1"":[1020.8,1020.9,1020.7,1020.2,1019.9,1019.7,1019.4,1019.2,1019.4,1019.3,1019.0,1018.5,1017.8,1017.1,1016.4,1016.1,1015.8,1015.7,1015.4,1015.7,1015.8,1016.0,1016.0,1016.0],""wind_speed_10m_previous_day1"":[5.1,2.8,2.1,5.1,8.0,10.9,15.5,17.4,20.2,22.3,22.9,24.6,21.4,19.8,19.4,18.9,16.7,13.3,12.6,10.8,9.4,9.2,9.3,9.0],""wind_gusts_10m_previous_day1"":[6.1,3.6,2.2,6.8,12.6,19.8,25.9,28.8,29.5,31.0,34.2,33.1,29.5,27.0,25.2,24.8,23.0,21.6,23.0,21.6,18.4,16.9,18.7,19.4],""wind_direction_10m_previous_day1"":[141,140,31,356,350,351,348,354,357,359,8,7,347,341,338,339,346,357,355,2,18,31,36,37]}}",,EXPERIMENT_ONLY
previous_runs_gfs_temperature,previous_runs,gfs_seamless,2024-05-01,true,200,https://previous-runs-api.open-meteo.com/v1/forecast?end_date=2024-05-01&hourly=temperature_2m_previous_day1%2Cdew_point_2m_previous_day1%2Ccloud_cover_previous_day1%2Ccloud_cover_low_previous_day1%2Cpressure_msl_previous_day1%2Cwind_speed_10m_previous_day1%2Cwind_gusts_10m_previous_day1%2Cwind_direction_10m_previous_day1&latitude=-41.3272&longitude=174.8053&models=gfs_seamless&start_date=2024-05-01&timezone=auto,5e86bdedb65fb48d4ab36bee0627199fcf398a26641f000cfa2b8c517e2d93a6,68737617011411ff1a7650ee10c5ef8c3e89b202d7801d8a7306ecf10397fa1f,"{""latitude"":-41.295143,""longitude"":174.72656,""generationtime_ms"":16.75999164581299,""utc_offset_seconds"":43200,""timezone"":""Pacific/Auckland"",""timezone_abbreviation"":""GMT+12"",""elevation"":5.0,""hourly_units"":{""time"":""iso8601"",""temperature_2m_previous_day1"":""°C"",""dew_point_2m_previous_day1"":""°C"",""cloud_cover_previous_day1"":""%"",""cloud_cover_low_previous_day1"":""%"",""pressure_msl_previous_day1"":""hPa"",""wind_speed_10m_previous_day1"":""km/h"",""wind_gusts_10m_previous_day1"":""km/h"",""wind_direction_10m_previous_day1"":""°""},""hourly"":{""time"":[""2024-05-01T00:00"",""2024-05-01T01:00"",""2024-05-01T02:00"",""2024-05-01T03:00"",""2024-05-01T04:00"",""2024-05-01T05:00"",""2024-05-01T06:00"",""2024-05-01T07:00"",""2024-05-01T08:00"",""2024-05-01T09:00"",""2024-05-01T10:00"",""2024-05-01T11:00"",""2024-05-01T12:00"",""2024-05-01T13:00"",""2024-05-01T14:00"",""2024-05-01T15:00"",""2024-05-01T16:00"",""2024-05-01T17:00"",""2024-05-01T18:00"",""2024-05-01T19:00"",""2024-05-01T20:00"",""2024-05-01T21:00"",""2024-05-01T22:00"",""2024-05-01T23:00""],""temperature_2m_previous_day1"":[14.7,14.3,14.0,13.9,13.8,14.0,13.9,13.8,14.2,15.1,15.7,16.0,16.0,16.6,15.3,15.2,14.7,13.2,14.2,13.5,13.0,12.6,12.5,12.3],""dew_point_2m_previous_day1"":[9.9,10.1,10.2,10.1,9.6,9.8,9.3,9.8,10.6,11.7,12.2,12.5,12.7,13.1,13.3,13.0,12.5,11.9,12.0,11.7,11.2,11.1,11.0,10.2],""cloud_cover_previous_day1"":[0,0,0,0,0,0,0,5,17,100,100,100,100,100,100,100,100,100,100,65,100,100,100,100],""cloud_cover_low_previous_day1"":[null,null,null,null,null,null,null,null,null,null,null,null,null,null,null,null,null,null,null,null,null,null,null,null],""pressure_msl_previous_day1"":[1013.1,1012.5,1011.6,1011.0,1010.4,1009.8,1010.3,1010.2,1010.1,1009.9,1009.9,1009.9,1009.4,1008.3,1007.4,1007.0,1006.4,1006.4,1005.6,1005.2,1004.7,1004.5,1004.1,1004.3],""wind_speed_10m_previous_day1"":[31.8,30.5,29.3,28.0,29.5,30.3,29.2,29.0,30.4,33.9,37.9,38.0,33.3,31.2,29.5,26.3,23.2,14.1,20.5,14.8,11.1,8.9,7.6,15.8],""wind_gusts_10m_previous_day1"":[43.2,42.8,42.5,41.4,42.1,43.9,42.5,43.2,46.1,48.6,50.0,51.8,47.2,43.9,42.5,41.4,40.7,27.0,33.8,28.8,27.0,21.2,20.2,28.8],""wind_direction_10m_previous_day1"":[344,346,344,342,340,342,340,335,329,326,328,327,324,329,335,335,318,199,332,331,331,256,245,348]}}",,EXPERIMENT_ONLY
previous_runs_gfs_temperature,previous_runs,gfs_seamless,2024-05-15,true,200,https://previous-runs-api.open-meteo.com/v1/forecast?end_date=2024-05-15&hourly=temperature_2m_previous_day1%2Cdew_point_2m_previous_day1%2Ccloud_cover_previous_day1%2Ccloud_cover_low_previous_day1%2Cpressure_msl_previous_day1%2Cwind_speed_10m_previous_day1%2Cwind_gusts_10m_previous_day1%2Cwind_direction_10m_previous_day1&latitude=-41.3272&longitude=174.8053&models=gfs_seamless&start_date=2024-05-15&timezone=auto,2e7c87bd3674274303ba29040e5fc763d883531eecd9e4961b89b94bd8f92c43,fcbc67189e007ab8e6a949eff250c0ab8f2ef25fae1c7eecac2ef825da64ad5a,"{""latitude"":-41.295143,""longitude"":174.72656,""generationtime_ms"":0.9771585464477539,""utc_offset_seconds"":43200,""timezone"":""Pacific/Auckland"",""timezone_abbreviation"":""GMT+12"",""elevation"":5.0,""hourly_units"":{""time"":""iso8601"",""temperature_2m_previous_day1"":""°C"",""dew_point_2m_previous_day1"":""°C"",""cloud_cover_previous_day1"":""%"",""cloud_cover_low_previous_day1"":""%"",""pressure_msl_previous_day1"":""hPa"",""wind_speed_10m_previous_day1"":""km/h"",""wind_gusts_10m_previous_day1"":""km/h"",""wind_direction_10m_previous_day1"":""°""},""hourly"":{""time"":[""2024-05-15T00:00"",""2024-05-15T01:00"",""2024-05-15T02:00"",""2024-05-15T03:00"",""2024-05-15T04:00"",""2024-05-15T05:00"",""2024-05-15T06:00"",""2024-05-15T07:00"",""2024-05-15T08:00"",""2024-05-15T09:00"",""2024-05-15T10:00"",""2024-05-15T11:00"",""2024-05-15T12:00"",""2024-05-15T13:00"",""2024-05-15T14:00"",""2024-05-15T15:00"",""2024-05-15T16:00"",""2024-05-15T17:00"",""2024-05-15T18:00"",""2024-05-15T19:00"",""2024-05-15T20:00"",""2024-05-15T21:00"",""2024-05-15T22:00"",""2024-05-15T23:00""],""temperature_2m_previous_day1"":[13.3,12.7,12.3,12.4,12.3,12.3,12.5,12.7,12.4,13.1,12.6,12.1,11.1,10.7,10.6,10.8,10.9,10.9,11.1,11.3,11.3,11.3,11.4,11.5],""dew_point_2m_previous_day1"":[10.5,10.6,10.2,9.2,9.3,9.1,8.4,7.6,7.7,7.5,7.7,8.9,9.0,9.3,9.3,9.7,9.9,10.1,10.6,10.8,10.8,10.7,10.3,10.5],""cloud_cover_previous_day1"":[100,100,100,100,100,100,100,100,100,100,100,100,100,100,100,100,100,100,100,100,100,100,99,100],""cloud_cover_low_previous_day1"":[null,null,null,null,null,null,null,null,null,null,null,null,null,null,null,null,null,null,null,null,null,null,null,null],""pressure_msl_previous_day1"":[1020.1,1019.9,1019.4,1018.7,1018.3,1017.7,1017.0,1016.8,1016.8,1016.2,1015.5,1015.5,1012.8,1011.7,1011.1,1010.6,1010.5,1010.6,1010.0,1010.9,1011.4,1011.7,1011.6,1011.3],""wind_speed_10m_previous_day1"":[28.8,26.4,24.8,24.5,24.9,21.6,16.7,14.3,8.7,4.4,3.2,2.2,4.1,8.0,7.9,9.7,13.7,13.1,3.7,8.2,10.5,5.9,2.4,1.6],""wind_gusts_10m_previous_day1"":[42.8,40.7,40.3,40.3,40.0,35.6,31.3,31.0,21.6,10.4,4.3,2.9,7.2,9.4,10.1,11.2,16.9,18.4,5.8,11.9,10.1,5.0,2.5,4.7],""wind_direction_10m_previous_day1"":[351,354,359,358,358,2,6,10,7,55,180,270,128,126,120,138,145,172,169,232,186,166,153,27]}}",,EXPERIMENT_ONLY
previous_runs_gfs_temperature,previous_runs,gfs_seamless,2024-06-01,true,200,https://previous-runs-api.open-meteo.com/v1/forecast?end_date=2024-06-01&hourly=temperature_2m_previous_day1%2Cdew_point_2m_previous_day1%2Ccloud_cover_previous_day1%2Ccloud_cover_low_previous_day1%2Cpressure_msl_previous_day1%2Cwind_speed_10m_previous_day1%2Cwind_gusts_10m_previous_day1%2Cwind_direction_10m_previous_day1&latitude=-41.3272&longitude=174.8053&models=gfs_seamless&start_date=2024-06-01&timezone=auto,debee33e54632f4f00ac2d15b2b4691ec7917a1f35d2ee3dcc6fd464c384acdc,49f20ffa8f3b74d2901f6985cce99c12dd572bfc15ce937c08ad7a239377908b,"{""latitude"":-41.295143,""longitude"":174.72656,""generationtime_ms"":37.27841377258301,""utc_offset_seconds"":43200,""timezone"":""Pacific/Auckland"",""timezone_abbreviation"":""GMT+12"",""elevation"":5.0,""hourly_units"":{""time"":""iso8601"",""temperature_2m_previous_day1"":""°C"",""dew_point_2m_previous_day1"":""°C"",""cloud_cover_previous_day1"":""%"",""cloud_cover_low_previous_day1"":""%"",""pressure_msl_previous_day1"":""hPa"",""wind_speed_10m_previous_day1"":""km/h"",""wind_gusts_10m_previous_day1"":""km/h"",""wind_direction_10m_previous_day1"":""°""},""hourly"":{""time"":[""2024-06-01T00:00"",""2024-06-01T01:00"",""2024-06-01T02:00"",""2024-06-01T03:00"",""2024-06-01T04:00"",""2024-06-01T05:00"",""2024-06-01T06:00"",""2024-06-01T07:00"",""2024-06-01T08:00"",""2024-06-01T09:00"",""2024-06-01T10:00"",""2024-06-01T11:00"",""2024-06-01T12:00"",""2024-06-01T13:00"",""2024-06-01T14:00"",""2024-06-01T15:00"",""2024-06-01T16:00"",""2024-06-01T17:00"",""2024-06-01T18:00"",""2024-06-01T19:00"",""2024-06-01T20:00"",""2024-06-01T21:00"",""2024-06-01T22:00"",""2024-06-01T23:00""],""temperature_2m_previous_day1"":[14.0,14.1,14.0,13.6,13.4,13.2,13.3,13.3,13.7,14.2,14.6,14.9,14.8,14.7,14.7,14.8,15.0,15.0,15.2,15.0,15.2,15.4,15.3,14.9],""dew_point_2m_previous_day1"":[10.4,10.3,10.6,11.1,10.9,11.1,11.3,11.6,11.6,11.1,11.5,11.8,12.1,12.2,12.4,12.6,12.8,12.8,12.7,13.3,13.5,13.6,13.6,13.8],""cloud_cover_previous_day1"":[100,99,100,49,100,0,100,100,100,100,100,100,100,100,100,100,100,100,100,100,100,100,100,100],""cloud_cover_low_previous_day1"":[null,null,null,null,null,null,null,null,null,null,null,null,null,null,null,null,null,null,null,null,null,null,null,null],""pressure_msl_previous_day1"":[1022.2,1022.2,1022.2,1022.4,1022.2,1022.3,1022.4,1022.4,1022.3,1022.3,1022.2,1021.4,1020.4,1019.6,1018.5,1018.1,1018.2,1018.0,1018.4,1018.0,1017.7,1017.3,1017.8,1017.4],""wind_speed_10m_previous_day1"":[30.8,33.0,34.9,35.8,33.5,32.1,33.8,33.9,39.0,41.1,41.9,45.3,46.6,48.0,47.6,48.3,47.2,47.2,46.6,43.7,52.0,49.7,42.3,42.1],""wind_gusts_10m_previous_day1"":[50.0,49.0,52.2,54.7,50.0,49.7,51.5,51.8,56.5,62.6,64.4,69.8,72.0,72.7,70.9,70.6,70.6,70.2,69.8,65.5,73.1,70.9,65.2,60.5],""wind_direction_10m_previous_day1"":[11,7,8,5,2,3,359,358,351,343,336,331,328,325,321,320,318,318,316,320,321,319,318,324]}}",,EXPERIMENT_ONLY
previous_runs_gfs_temperature,previous_runs,gfs_seamless,2024-06-15,true,200,https://previous-runs-api.open-meteo.com/v1/forecast?end_date=2024-06-15&hourly=temperature_2m_previous_day1%2Cdew_point_2m_previous_day1%2Ccloud_cover_previous_day1%2Ccloud_cover_low_previous_day1%2Cpressure_msl_previous_day1%2Cwind_speed_10m_previous_day1%2Cwind_gusts_10m_previous_day1%2Cwind_direction_10m_previous_day1&latitude=-41.3272&longitude=174.8053&models=gfs_seamless&start_date=2024-06-15&timezone=auto,607fcb492a784f4e8bd1f5adb2bebce8f187033ab01c730c4a5c9e4b99511928,b83bc32050a95038aacbfa382ea859bd7d1187b86db771275cbaf34fb0bbfaaf,"{""latitude"":-41.295143,""longitude"":174.72656,""generationtime_ms"":30.22468090057373,""utc_offset_seconds"":43200,""timezone"":""Pacific/Auckland"",""timezone_abbreviation"":""GMT+12"",""elevation"":5.0,""hourly_units"":{""time"":""iso8601"",""temperature_2m_previous_day1"":""°C"",""dew_point_2m_previous_day1"":""°C"",""cloud_cover_previous_day1"":""%"",""cloud_cover_low_previous_day1"":""%"",""pressure_msl_previous_day1"":""hPa"",""wind_speed_10m_previous_day1"":""km/h"",""wind_gusts_10m_previous_day1"":""km/h"",""wind_direction_10m_previous_day1"":""°""},""hourly"":{""time"":[""2024-06-15T00:00"",""2024-06-15T01:00"",""2024-06-15T02:00"",""2024-06-15T03:00"",""2024-06-15T04:00"",""2024-06-15T05:00"",""2024-06-15T06:00"",""2024-06-15T07:00"",""2024-06-15T08:00"",""2024-06-15T09:00"",""2024-06-15T10:00"",""2024-06-15T11:00"",""2024-06-15T12:00"",""2024-06-15T13:00"",""2024-06-15T14:00"",""2024-06-15T15:00"",""2024-06-15T16:00"",""2024-06-15T17:00"",""2024-06-15T18:00"",""2024-06-15T19:00"",""2024-06-15T20:00"",""2024-06-15T21:00"",""2024-06-15T22:00"",""2024-06-15T23:00""],""temperature_2m_previous_day1"":[11.8,11.5,11.4,11.4,11.8,10.8,11.2,11.1,11.5,12.0,12.2,12.8,12.7,12.7,12.7,12.5,12.1,11.5,11.3,11.2,11.3,11.5,11.6,11.4],""dew_point_2m_previous_day1"":[11.6,11.3,11.2,11.1,11.5,10.2,10.6,10.3,10.4,8.6,7.9,7.9,7.3,7.1,7.1,6.9,7.0,6.6,6.6,7.3,7.2,7.2,7.1,6.9],""cloud_cover_previous_day1"":[100,100,100,100,100,100,100,100,100,100,90,100,10,100,100,0,0,0,0,0,20,5,5,0],""cloud_cover_low_previous_day1"":[null,null,null,null,null,null,null,null,null,null,null,null,null,null,null,null,null,null,null,null,null,null,null,null],""pressure_msl_previous_day1"":[993.7,993.4,993.7,993.6,993.7,994.8,995.5,996.3,997.1,997.9,998.6,999.0,998.4,998.5,998.4,998.6,999.3,999.9,1000.4,1000.7,1001.1,1001.5,1001.9,1002.5],""wind_speed_10m_previous_day1"":[12.3,12.4,10.0,9.2,6.2,14.2,6.5,1.5,12.7,38.0,39.7,36.8,40.9,40.4,38.8,38.7,36.4,34.2,33.6,34.9,34.0,34.0,35.8,35.0],""wind_gusts_10m_previous_day1"":[11.2,10.8,6.1,9.0,16.2,17.6,12.2,11.2,33.8,50.8,53.6,50.4,57.6,56.9,57.6,58.3,55.8,52.2,53.3,49.3,49.0,50.8,51.8,50.0],""wind_direction_10m_previous_day1"":[159,154,159,159,234,207,186,45,352,325,316,323,320,320,320,318,317,320,329,329,328,330,328,326]}}",,EXPERIMENT_ONLY
previous_runs_gfs_temperature,previous_runs,gfs_seamless,2024-07-01,true,200,https://previous-runs-api.open-meteo.com/v1/forecast?end_date=2024-07-01&hourly=temperature_2m_previous_day1%2Cdew_point_2m_previous_day1%2Ccloud_cover_previous_day1%2Ccloud_cover_low_previous_day1%2Cpressure_msl_previous_day1%2Cwind_speed_10m_previous_day1%2Cwind_gusts_10m_previous_day1%2Cwind_direction_10m_previous_day1&latitude=-41.3272&longitude=174.8053&models=gfs_seamless&start_date=2024-07-01&timezone=auto,1eb79f36ef54dbd4f0cd69b3dcdc68626513f61f7600b1d07f2306b0556a4227,acd3132a5c88891cd9c0ee81beffe5feda3e7ee616e4c70834d17ba17da98141,"{""latitude"":-41.295143,""longitude"":174.72656,""generationtime_ms"":13.905525207519531,""utc_offset_seconds"":43200,""timezone"":""Pacific/Auckland"",""timezone_abbreviation"":""GMT+12"",""elevation"":5.0,""hourly_units"":{""time"":""iso8601"",""temperature_2m_previous_day1"":""°C"",""dew_point_2m_previous_day1"":""°C"",""cloud_cover_previous_day1"":""%"",""cloud_cover_low_previous_day1"":""%"",""pressure_msl_previous_day1"":""hPa"",""wind_speed_10m_previous_day1"":""km/h"",""wind_gusts_10m_previous_day1"":""km/h"",""wind_direction_10m_previous_day1"":""°""},""hourly"":{""time"":[""2024-07-01T00:00"",""2024-07-01T01:00"",""2024-07-01T02:00"",""2024-07-01T03:00"",""2024-07-01T04:00"",""2024-07-01T05:00"",""2024-07-01T06:00"",""2024-07-01T07:00"",""2024-07-01T08:00"",""2024-07-01T09:00"",""2024-07-01T10:00"",""2024-07-01T11:00"",""2024-07-01T12:00"",""2024-07-01T13:00"",""2024-07-01T14:00"",""2024-07-01T15:00"",""2024-07-01T16:00"",""2024-07-01T17:00"",""2024-07-01T18:00"",""2024-07-01T19:00"",""2024-07-01T20:00"",""2024-07-01T21:00"",""2024-07-01T22:00"",""2024-07-01T23:00""],""temperature_2m_previous_day1"":[12.4,12.4,12.5,12.6,12.5,12.8,12.8,12.5,12.4,12.8,12.9,13.1,13.5,14.1,13.5,13.5,13.9,13.6,12.4,13.0,12.5,12.1,12.1,12.0],""dew_point_2m_previous_day1"":[9.4,9.4,9.3,9.4,10.0,10.5,10.3,10.2,10.3,10.7,11.3,11.3,11.7,11.2,11.5,12.4,12.9,13.0,10.8,10.2,9.5,8.7,8.9,9.4],""cloud_cover_previous_day1"":[100,100,100,100,100,100,100,100,100,100,100,100,100,100,100,100,100,100,100,100,100,100,0,13],""cloud_cover_low_previous_day1"":[null,null,null,null,null,null,null,null,null,null,null,null,null,null,null,null,null,null,null,null,null,null,null,null],""pressure_msl_previous_day1"":[1012.9,1012.4,1011.8,1011.6,1010.4,1009.6,1009.5,1008.3,1007.5,1007.1,1006.5,1005.5,1003.5,1002.1,1000.3,999.3,998.1,996.8,997.7,998.4,998.7,998.8,998.9,999.4],""wind_speed_10m_previous_day1"":[39.4,39.9,42.4,44.2,42.5,44.3,45.8,40.2,41.1,42.9,44.3,44.7,50.6,51.4,54.0,52.9,48.6,39.1,32.9,43.4,45.0,44.7,44.6,42.8],""wind_gusts_10m_previous_day1"":[52.2,55.4,58.7,64.1,60.5,62.3,64.8,58.7,65.2,69.1,73.4,72.7,82.1,85.7,91.4,90.7,84.2,67.0,55.4,63.4,63.4,61.9,64.8,62.6],""wind_direction_10m_previous_day1"":[329,329,330,328,335,336,337,345,352,352,353,352,352,351,353,349,350,350,342,324,325,325,322,317]}}",,EXPERIMENT_ONLY
previous_runs_gfs_temperature,previous_runs,gfs_seamless,2024-07-15,true,200,https://previous-runs-api.open-meteo.com/v1/forecast?end_date=2024-07-15&hourly=temperature_2m_previous_day1%2Cdew_point_2m_previous_day1%2Ccloud_cover_previous_day1%2Ccloud_cover_low_previous_day1%2Cpressure_msl_previous_day1%2Cwind_speed_10m_previous_day1%2Cwind_gusts_10m_previous_day1%2Cwind_direction_10m_previous_day1&latitude=-41.3272&longitude=174.8053&models=gfs_seamless&start_date=2024-07-15&timezone=auto,0c5914b124444661f33f75266188a9005468bea2765aaef2f6958ba3c5a7ab32,22ed20beccaa0d72d53c3460b3eef9ed274fc6e1e984f398b944140b9b8f0544,"{""latitude"":-41.295143,""longitude"":174.72656,""generationtime_ms"":0.213623046875,""utc_offset_seconds"":43200,""timezone"":""Pacific/Auckland"",""timezone_abbreviation"":""GMT+12"",""elevation"":5.0,""hourly_units"":{""time"":""iso8601"",""temperature_2m_previous_day1"":""°C"",""dew_point_2m_previous_day1"":""°C"",""cloud_cover_previous_day1"":""%"",""cloud_cover_low_previous_day1"":""%"",""pressure_msl_previous_day1"":""hPa"",""wind_speed_10m_previous_day1"":""km/h"",""wind_gusts_10m_previous_day1"":""km/h"",""wind_direction_10m_previous_day1"":""°""},""hourly"":{""time"":[""2024-07-15T00:00"",""2024-07-15T01:00"",""2024-07-15T02:00"",""2024-07-15T03:00"",""2024-07-15T04:00"",""2024-07-15T05:00"",""2024-07-15T06:00"",""2024-07-15T07:00"",""2024-07-15T08:00"",""2024-07-15T09:00"",""2024-07-15T10:00"",""2024-07-15T11:00"",""2024-07-15T12:00"",""2024-07-15T13:00"",""2024-07-15T14:00"",""2024-07-15T15:00"",""2024-07-15T16:00"",""2024-07-15T17:00"",""2024-07-15T18:00"",""2024-07-15T19:00"",""2024-07-15T20:00"",""2024-07-15T21:00"",""2024-07-15T22:00"",""2024-07-15T23:00""],""temperature_2m_previous_day1"":[7.4,7.5,7.5,7.3,7.2,7.1,7.2,7.4,7.5,8.4,9.9,11.4,12.3,12.8,13.0,12.4,11.4,10.6,10.3,10.1,10.0,9.9,9.7,9.8],""dew_point_2m_previous_day1"":[5.7,5.8,6.1,6.2,6.3,6.3,6.1,6.2,6.3,6.5,6.6,6.7,7.0,7.0,7.0,7.5,8.2,8.7,9.0,9.0,9.1,9.0,9.1,9.0],""cloud_cover_previous_day1"":[100,100,100,100,100,100,100,100,100,100,100,100,100,100,100,100,100,100,100,100,100,100,100,100],""cloud_cover_low_previous_day1"":[null,null,null,null,null,null,null,null,null,null,null,null,null,null,null,null,null,null,null,null,null,null,null,null],""pressure_msl_previous_day1"":[1023.8,1022.9,1022.5,1022.0,1021.3,1020.6,1019.8,1019.6,1019.0,1018.6,1018.3,1017.7,1016.6,1015.4,1014.5,1014.1,1013.4,1012.6,1011.9,1011.8,1011.6,1011.3,1010.9,1010.4],""wind_speed_10m_previous_day1"":[7.6,6.5,7.6,6.8,7.2,7.1,6.2,5.9,6.2,5.9,5.3,3.8,2.3,2.1,2.5,2.2,5.1,7.9,6.5,4.8,4.6,2.8,7.0,5.6],""wind_gusts_10m_previous_day1"":[7.9,7.2,8.6,8.3,8.6,7.9,7.2,7.6,7.9,8.6,7.2,7.9,7.9,7.2,6.8,4.3,5.8,10.1,10.1,6.5,6.1,4.0,11.5,7.2],""wind_direction_10m_previous_day1"":[65,87,71,65,63,41,69,79,80,76,62,73,108,31,360,270,184,141,93,42,45,40,55,50]}}",,EXPERIMENT_ONLY
previous_runs_gfs_temperature,previous_runs,gfs_seamless,2024-08-01,true,200,https://previous-runs-api.open-meteo.com/v1/forecast?end_date=2024-08-01&hourly=temperature_2m_previous_day1%2Cdew_point_2m_previous_day1%2Ccloud_cover_previous_day1%2Ccloud_cover_low_previous_day1%2Cpressure_msl_previous_day1%2Cwind_speed_10m_previous_day1%2Cwind_gusts_10m_previous_day1%2Cwind_direction_10m_previous_day1&latitude=-41.3272&longitude=174.8053&models=gfs_seamless&start_date=2024-08-01&timezone=auto,a7bb1e8ddae0cca56faee7920ec56f371c5495bedd3c8620c29bc7ba0dade80e,69f0dc19cf59408f7790b33017ad76f071d755039d7d1ef36af593c9b598ea30,"{""latitude"":-41.295143,""longitude"":174.72656,""generationtime_ms"":24.091243743896484,""utc_offset_seconds"":43200,""timezone"":""Pacific/Auckland"",""timezone_abbreviation"":""GMT+12"",""elevation"":5.0,""hourly_units"":{""time"":""iso8601"",""temperature_2m_previous_day1"":""°C"",""dew_point_2m_previous_day1"":""°C"",""cloud_cover_previous_day1"":""%"",""cloud_cover_low_previous_day1"":""%"",""pressure_msl_previous_day1"":""hPa"",""wind_speed_10m_previous_day1"":""km/h"",""wind_gusts_10m_previous_day1"":""km/h"",""wind_direction_10m_previous_day1"":""°""},""hourly"":{""time"":[""2024-08-01T00:00"",""2024-08-01T01:00"",""2024-08-01T02:00"",""2024-08-01T03:00"",""2024-08-01T04:00"",""2024-08-01T05:00"",""2024-08-01T06:00"",""2024-08-01T07:00"",""2024-08-01T08:00"",""2024-08-01T09:00"",""2024-08-01T10:00"",""2024-08-01T11:00"",""2024-08-01T12:00"",""2024-08-01T13:00"",""2024-08-01T14:00"",""2024-08-01T15:00"",""2024-08-01T16:00"",""2024-08-01T17:00"",""2024-08-01T18:00"",""2024-08-01T19:00"",""2024-08-01T20:00"",""2024-08-01T21:00"",""2024-08-01T22:00"",""2024-08-01T23:00""],""temperature_2m_previous_day1"":[8.1,8.2,8.2,8.2,8.2,8.2,8.2,8.2,8.0,8.0,8.0,8.3,8.7,8.5,8.4,8.5,8.6,8.4,8.5,8.5,8.5,8.5,8.4,8.4],""dew_point_2m_previous_day1"":[4.1,3.6,3.8,3.8,3.4,3.0,2.8,3.6,4.6,4.9,4.9,4.5,4.5,5.0,5.3,4.5,4.6,4.8,4.9,4.9,4.9,4.7,4.8,4.6],""cloud_cover_previous_day1"":[100,100,100,100,100,100,100,100,100,100,100,100,100,100,100,100,100,100,100,100,100,100,100,100],""cloud_cover_low_previous_day1"":[null,null,null,null,null,null,null,null,null,null,null,null,null,null,null,null,null,null,null,null,null,null,null,null],""pressure_msl_previous_day1"":[1023.2,1023.0,1023.1,1022.9,1022.8,1022.7,1022.5,1023.2,1023.8,1023.9,1024.0,1024.0,1023.9,1023.2,1022.4,1022.3,1022.3,1022.5,1023.1,1023.5,1023.8,1024.0,1024.1,1024.1],""wind_speed_10m_previous_day1"":[42.7,41.4,41.6,41.8,41.1,40.8,41.9,39.7,38.7,37.8,37.1,38.5,39.5,39.6,39.9,39.2,38.1,36.7,35.8,36.4,35.5,35.0,33.9,33.0],""wind_gusts_10m_previous_day1"":[54.0,51.8,51.5,52.6,51.5,50.8,51.5,50.4,49.7,48.6,48.2,49.0,49.0,49.0,49.0,48.2,46.4,45.0,44.6,45.0,44.3,43.6,42.5,41.4],""wind_direction_10m_previous_day1"":[159,159,158,157,157,157,159,158,157,158,156,159,163,166,167,165,165,164,163,166,167,168,168,169]}}",,EXPERIMENT_ONLY
previous_runs_gfs_temperature,previous_runs,gfs_seamless,2024-08-15,true,200,https://previous-runs-api.open-meteo.com/v1/forecast?end_date=2024-08-15&hourly=temperature_2m_previous_day1%2Cdew_point_2m_previous_day1%2Ccloud_cover_previous_day1%2Ccloud_cover_low_previous_day1%2Cpressure_msl_previous_day1%2Cwind_speed_10m_previous_day1%2Cwind_gusts_10m_previous_day1%2Cwind_direction_10m_previous_day1&latitude=-41.3272&longitude=174.8053&models=gfs_seamless&start_date=2024-08-15&timezone=auto,5ed8719f188b71d5b04a17c7091275d606284153914f5cad0056ac7ec92cd81a,ce31eee34ef8740300a8df6a73f0859c1c67fb73c7cf9cbac64cc67811135778,"{""latitude"":-41.295143,""longitude"":174.72656,""generationtime_ms"":30.173897743225098,""utc_offset_seconds"":43200,""timezone"":""Pacific/Auckland"",""timezone_abbreviation"":""GMT+12"",""elevation"":5.0,""hourly_units"":{""time"":""iso8601"",""temperature_2m_previous_day1"":""°C"",""dew_point_2m_previous_day1"":""°C"",""cloud_cover_previous_day1"":""%"",""cloud_cover_low_previous_day1"":""%"",""pressure_msl_previous_day1"":""hPa"",""wind_speed_10m_previous_day1"":""km/h"",""wind_gusts_10m_previous_day1"":""km/h"",""wind_direction_10m_previous_day1"":""°""},""hourly"":{""time"":[""2024-08-15T00:00"",""2024-08-15T01:00"",""2024-08-15T02:00"",""2024-08-15T03:00"",""2024-08-15T04:00"",""2024-08-15T05:00"",""2024-08-15T06:00"",""2024-08-15T07:00"",""2024-08-15T08:00"",""2024-08-15T09:00"",""2024-08-15T10:00"",""2024-08-15T11:00"",""2024-08-15T12:00"",""2024-08-15T13:00"",""2024-08-15T14:00"",""2024-08-15T15:00"",""2024-08-15T16:00"",""2024-08-15T17:00"",""2024-08-15T18:00"",""2024-08-15T19:00"",""2024-08-15T20:00"",""2024-08-15T21:00"",""2024-08-15T22:00"",""2024-08-15T23:00""],""temperature_2m_previous_day1"":[10.7,10.8,11.1,11.1,11.5,11.1,11.1,10.9,11.2,11.5,11.9,12.3,12.6,12.6,12.9,12.6,12.5,12.5,12.2,12.2,12.2,12.3,12.2,12.2],""dew_point_2m_previous_day1"":[8.6,8.2,8.6,9.3,8.7,8.8,8.6,8.3,8.4,8.0,7.8,8.2,7.5,7.9,8.2,8.5,8.7,8.4,8.3,8.6,8.6,8.9,9.0,8.5],""cloud_cover_previous_day1"":[63,38,9,29,71,16,44,36,26,100,100,100,100,100,100,100,100,100,100,100,100,100,100,100],""cloud_cover_low_previous_day1"":[null,null,null,null,null,null,null,null,null,null,null,null,null,null,null,null,null,null,null,null,null,null,null,null],""pressure_msl_previous_day1"":[1024.5,1024.1,1023.6,1023.1,1022.1,1021.8,1021.5,1021.3,1021.3,1020.8,1020.9,1020.4,1020.0,1019.0,1018.2,1017.9,1017.6,1017.5,1017.9,1018.6,1018.5,1018.5,1017.9,1017.6],""wind_speed_10m_previous_day1"":[30.4,31.0,31.8,33.5,34.2,35.3,33.9,35.7,37.3,35.9,36.7,38.0,38.3,39.1,39.4,41.2,42.6,39.9,35.2,31.6,30.7,33.4,35.4,35.6],""wind_gusts_10m_previous_day1"":[44.6,45.0,46.8,47.2,47.5,49.3,49.0,50.4,51.1,50.0,52.2,52.9,53.6,54.7,54.7,56.2,55.4,52.9,51.5,46.4,45.7,48.6,50.0,51.8],""wind_direction_10m_previous_day1"":[6,3,5,2,360,356,356,356,354,354,346,350,348,345,346,348,348,347,344,345,347,346,343,339]}}",,EXPERIMENT_ONLY
previous_runs_gfs_temperature,previous_runs,gfs_seamless,2024-09-01,true,200,https://previous-runs-api.open-meteo.com/v1/forecast?end_date=2024-09-01&hourly=temperature_2m_previous_day1%2Cdew_point_2m_previous_day1%2Ccloud_cover_previous_day1%2Ccloud_cover_low_previous_day1%2Cpressure_msl_previous_day1%2Cwind_speed_10m_previous_day1%2Cwind_gusts_10m_previous_day1%2Cwind_direction_10m_previous_day1&latitude=-41.3272&longitude=174.8053&models=gfs_seamless&start_date=2024-09-01&timezone=auto,eb0b64a4bf514d178962bbe58b283cc6de9ab68dece331eb58cb0528bdbe0a58,8c01e710b8c34c4076b5cae263bb1b5f85ca19dd1cdeb4e5ab6508cdbe674dd8,"{""latitude"":-41.295143,""longitude"":174.72656,""generationtime_ms"":20.119428634643555,""utc_offset_seconds"":43200,""timezone"":""Pacific/Auckland"",""timezone_abbreviation"":""GMT+12"",""elevation"":5.0,""hourly_units"":{""time"":""iso8601"",""temperature_2m_previous_day1"":""°C"",""dew_point_2m_previous_day1"":""°C"",""cloud_cover_previous_day1"":""%"",""cloud_cover_low_previous_day1"":""%"",""pressure_msl_previous_day1"":""hPa"",""wind_speed_10m_previous_day1"":""km/h"",""wind_gusts_10m_previous_day1"":""km/h"",""wind_direction_10m_previous_day1"":""°""},""hourly"":{""time"":[""2024-09-01T00:00"",""2024-09-01T01:00"",""2024-09-01T02:00"",""2024-09-01T03:00"",""2024-09-01T04:00"",""2024-09-01T05:00"",""2024-09-01T06:00"",""2024-09-01T07:00"",""2024-09-01T08:00"",""2024-09-01T09:00"",""2024-09-01T10:00"",""2024-09-01T11:00"",""2024-09-01T12:00"",""2024-09-01T13:00"",""2024-09-01T14:00"",""2024-09-01T15:00"",""2024-09-01T16:00"",""2024-09-01T17:00"",""2024-09-01T18:00"",""2024-09-01T19:00"",""2024-09-01T20:00"",""2024-09-01T21:00"",""2024-09-01T22:00"",""2024-09-01T23:00""],""temperature_2m_previous_day1"":[14.4,14.4,14.3,14.0,13.9,13.6,13.4,12.9,12.9,13.1,13.3,13.7,14.1,14.3,14.2,14.2,13.8,13.4,13.0,13.0,13.0,12.9,13.0,13.0],""dew_point_2m_previous_day1"":[13.6,13.4,13.2,12.5,12.3,12.3,10.4,10.2,10.1,10.1,10.1,10.1,10.9,11.1,11.1,11.3,11.3,11.1,11.0,11.2,11.2,11.3,10.9,10.7],""cloud_cover_previous_day1"":[100,100,100,69,58,57,70,11,100,100,100,100,16,7,72,20,100,100,100,100,100,51,100,100],""cloud_cover_low_previous_day1"":[null,null,null,null,null,null,null,null,null,null,null,null,null,null,null,null,null,null,null,null,null,null,null,null],""pressure_msl_previous_day1"":[1002.1,1000.7,1001.1,1000.4,1001.5,1001.8,1003.1,1005.1,1006.5,1007.6,1008.6,1009.4,1010.3,1010.6,1010.5,1010.5,1010.5,1010.9,1011.7,1012.2,1012.9,1013.4,1013.8,1013.6],""wind_speed_10m_previous_day1"":[56.0,51.8,52.5,46.7,46.6,46.1,38.0,39.5,42.2,47.4,48.6,48.8,44.7,42.9,43.8,42.9,43.8,43.0,41.6,42.8,43.7,43.2,44.1,45.8],""wind_gusts_10m_previous_day1"":[88.9,88.2,77.4,74.5,69.8,65.5,61.2,56.9,61.6,64.8,61.2,62.6,56.9,56.2,56.5,58.7,59.4,58.7,56.9,60.1,60.8,61.6,64.1,67.3],""wind_direction_10m_previous_day1"":[338,347,327,331,326,327,318,328,329,327,327,328,327,325,326,325,326,329,335,333,331,330,329,326]}}",,EXPERIMENT_ONLY
previous_runs_gfs_temperature,previous_runs,gfs_seamless,2024-09-15,true,200,https://previous-runs-api.open-meteo.com/v1/forecast?end_date=2024-09-15&hourly=temperature_2m_previous_day1%2Cdew_point_2m_previous_day1%2Ccloud_cover_previous_day1%2Ccloud_cover_low_previous_day1%2Cpressure_msl_previous_day1%2Cwind_speed_10m_previous_day1%2Cwind_gusts_10m_previous_day1%2Cwind_direction_10m_previous_day1&latitude=-41.3272&longitude=174.8053&models=gfs_seamless&start_date=2024-09-15&timezone=auto,80996eb5795fd3e8cc09ab6939ff55152f88af74172aa3ea9fa8bf15f14db478,6d85917286a117ff23e2836ee6efa0ef74e500ff97e32b044d9872d249e57c01,"{""latitude"":-41.295143,""longitude"":174.72656,""generationtime_ms"":0.4864931106567383,""utc_offset_seconds"":43200,""timezone"":""Pacific/Auckland"",""timezone_abbreviation"":""GMT+12"",""elevation"":5.0,""hourly_units"":{""time"":""iso8601"",""temperature_2m_previous_day1"":""°C"",""dew_point_2m_previous_day1"":""°C"",""cloud_cover_previous_day1"":""%"",""cloud_cover_low_previous_day1"":""%"",""pressure_msl_previous_day1"":""hPa"",""wind_speed_10m_previous_day1"":""km/h"",""wind_gusts_10m_previous_day1"":""km/h"",""wind_direction_10m_previous_day1"":""°""},""hourly"":{""time"":[""2024-09-15T00:00"",""2024-09-15T01:00"",""2024-09-15T02:00"",""2024-09-15T03:00"",""2024-09-15T04:00"",""2024-09-15T05:00"",""2024-09-15T06:00"",""2024-09-15T07:00"",""2024-09-15T08:00"",""2024-09-15T09:00"",""2024-09-15T10:00"",""2024-09-15T11:00"",""2024-09-15T12:00"",""2024-09-15T13:00"",""2024-09-15T14:00"",""2024-09-15T15:00"",""2024-09-15T16:00"",""2024-09-15T17:00"",""2024-09-15T18:00"",""2024-09-15T19:00"",""2024-09-15T20:00"",""2024-09-15T21:00"",""2024-09-15T22:00"",""2024-09-15T23:00""],""temperature_2m_previous_day1"":[10.7,10.6,10.4,10.3,10.2,10.1,10.1,10.2,10.6,11.2,11.9,12.3,12.6,12.7,12.7,12.5,11.3,10.5,10.5,9.9,10.0,10.5,10.2,10.7],""dew_point_2m_previous_day1"":[9.8,9.5,9.1,9.0,8.9,8.7,8.5,8.3,8.5,8.6,8.7,7.6,6.8,6.5,6.3,6.3,6.2,6.4,7.7,8.1,8.1,7.5,7.2,7.4],""cloud_cover_previous_day1"":[100,100,100,100,100,100,86,100,71,68,20,12,36,37,41,12,96,100,14,53,46,54,8,100],""cloud_cover_low_previous_day1"":[null,null,null,null,null,null,null,null,null,null,null,null,null,null,null,null,null,null,null,null,null,null,null,null],""pressure_msl_previous_day1"":[1009.6,1009.5,1008.9,1008.6,1008.6,1008.5,1009.1,1009.2,1009.5,1009.6,1009.4,1008.7,1008.6,1008.1,1007.9,1007.4,1007.0,1006.8,1007.3,1006.9,1007.3,1006.8,1006.0,1005.4],""wind_speed_10m_previous_day1"":[19.5,19.9,20.6,20.6,19.4,20.9,21.7,19.9,19.7,19.3,19.4,18.5,14.8,13.9,13.0,12.2,10.8,7.5,11.3,13.1,16.2,15.2,18.1,21.8],""wind_gusts_10m_previous_day1"":[26.3,27.4,28.4,29.2,28.1,28.8,30.2,28.8,27.4,25.2,23.8,20.9,13.7,11.9,10.8,7.9,7.9,6.5,19.8,22.0,27.4,25.2,30.2,34.6],""wind_direction_10m_previous_day1"":[175,175,176,174,169,169,169,167,171,171,169,167,157,155,166,161,159,145,329,344,348,355,5,8]}}",,EXPERIMENT_ONLY
previous_runs_gfs_temperature,previous_runs,gfs_seamless,2024-10-01,true,200,https://previous-runs-api.open-meteo.com/v1/forecast?end_date=2024-10-01&hourly=temperature_2m_previous_day1%2Cdew_point_2m_previous_day1%2Ccloud_cover_previous_day1%2Ccloud_cover_low_previous_day1%2Cpressure_msl_previous_day1%2Cwind_speed_10m_previous_day1%2Cwind_gusts_10m_previous_day1%2Cwind_direction_10m_previous_day1&latitude=-41.3272&longitude=174.8053&models=gfs_seamless&start_date=2024-10-01&timezone=auto,432334e662e8bc33caa93069815e42f058ec4ae8696229334e081181c900863a,bcb1c81a0fab8d375772459bbd9c4b89838ffd4c384988b525e123df1d040f9d,"{""latitude"":-41.295143,""longitude"":174.72656,""generationtime_ms"":80.42716979980469,""utc_offset_seconds"":43200,""timezone"":""Pacific/Auckland"",""timezone_abbreviation"":""GMT+12"",""elevation"":5.0,""hourly_units"":{""time"":""iso8601"",""temperature_2m_previous_day1"":""°C"",""dew_point_2m_previous_day1"":""°C"",""cloud_cover_previous_day1"":""%"",""cloud_cover_low_previous_day1"":""%"",""pressure_msl_previous_day1"":""hPa"",""wind_speed_10m_previous_day1"":""km/h"",""wind_gusts_10m_previous_day1"":""km/h"",""wind_direction_10m_previous_day1"":""°""},""hourly"":{""time"":[""2024-10-01T00:00"",""2024-10-01T01:00"",""2024-10-01T02:00"",""2024-10-01T03:00"",""2024-10-01T04:00"",""2024-10-01T05:00"",""2024-10-01T06:00"",""2024-10-01T07:00"",""2024-10-01T08:00"",""2024-10-01T09:00"",""2024-10-01T10:00"",""2024-10-01T11:00"",""2024-10-01T12:00"",""2024-10-01T13:00"",""2024-10-01T14:00"",""2024-10-01T15:00"",""2024-10-01T16:00"",""2024-10-01T17:00"",""2024-10-01T18:00"",""2024-10-01T19:00"",""2024-10-01T20:00"",""2024-10-01T21:00"",""2024-10-01T22:00"",""2024-10-01T23:00""],""temperature_2m_previous_day1"":[12.1,12.0,12.0,12.2,12.3,12.4,12.3,12.7,13.5,14.0,14.5,14.6,14.8,14.8,14.7,14.3,14.0,13.6,13.0,13.2,13.7,13.6,13.5,13.8],""dew_point_2m_previous_day1"":[9.3,9.7,10.1,10.6,10.5,10.4,10.5,10.2,9.7,10.2,10.1,10.2,10.2,10.2,10.3,10.3,10.8,10.9,10.7,10.0,9.1,9.0,9.3,9.0],""cloud_cover_previous_day1"":[100,100,100,100,100,100,89,75,95,68,34,100,69,23,43,46,17,80,100,100,100,100,100,100],""cloud_cover_low_previous_day1"":[null,null,null,null,null,null,null,null,null,null,null,null,null,null,null,null,null,null,null,null,null,null,null,null],""pressure_msl_previous_day1"":[1024.3,1023.8,1023.4,1023.2,1022.7,1022.4,1022.6,1022.6,1022.5,1022.7,1022.5,1022.2,1022.0,1021.8,1021.3,1020.8,1020.3,1020.0,1020.1,1020.0,1020.1,1019.8,1019.5,1019.0],""wind_speed_10m_previous_day1"":[31.8,32.4,33.2,35.8,38.3,40.5,39.1,39.3,42.1,42.3,41.4,40.7,39.5,38.4,36.9,36.2,36.4,36.0,35.5,37.2,38.6,37.4,36.2,36.2],""wind_gusts_10m_previous_day1"":[50.8,50.4,50.8,59.8,61.6,60.1,57.2,58.3,61.2,61.2,60.1,58.7,58.0,55.8,55.1,54.7,54.7,55.1,55.8,57.2,58.3,59.8,60.5,60.1],""wind_direction_10m_previous_day1"":[340,341,339,336,338,338,334,335,337,340,339,338,337,337,336,333,332,329,330,327,326,322,323,322]}}",,EXPERIMENT_ONLY
previous_runs_gfs_temperature,previous_runs,gfs_seamless,2024-10-15,true,200,https://previous-runs-api.open-meteo.com/v1/forecast?end_date=2024-10-15&hourly=temperature_2m_previous_day1%2Cdew_point_2m_previous_day1%2Ccloud_cover_previous_day1%2Ccloud_cover_low_previous_day1%2Cpressure_msl_previous_day1%2Cwind_speed_10m_previous_day1%2Cwind_gusts_10m_previous_day1%2Cwind_direction_10m_previous_day1&latitude=-41.3272&longitude=174.8053&models=gfs_seamless&start_date=2024-10-15&timezone=auto,3acdbda8587f704b6eda059e0d792d309e192b80d5b5584333bd46ea0e61e329,5eb0bfb0cc471f750fa658916c9c5209cb323e684d7cd7212cda9dff0aa7c71f,"{""latitude"":-41.295143,""longitude"":174.72656,""generationtime_ms"":35.100340843200684,""utc_offset_seconds"":43200,""timezone"":""Pacific/Auckland"",""timezone_abbreviation"":""GMT+12"",""elevation"":5.0,""hourly_units"":{""time"":""iso8601"",""temperature_2m_previous_day1"":""°C"",""dew_point_2m_previous_day1"":""°C"",""cloud_cover_previous_day1"":""%"",""cloud_cover_low_previous_day1"":""%"",""pressure_msl_previous_day1"":""hPa"",""wind_speed_10m_previous_day1"":""km/h"",""wind_gusts_10m_previous_day1"":""km/h"",""wind_direction_10m_previous_day1"":""°""},""hourly"":{""time"":[""2024-10-15T00:00"",""2024-10-15T01:00"",""2024-10-15T02:00"",""2024-10-15T03:00"",""2024-10-15T04:00"",""2024-10-15T05:00"",""2024-10-15T06:00"",""2024-10-15T07:00"",""2024-10-15T08:00"",""2024-10-15T09:00"",""2024-10-15T10:00"",""2024-10-15T11:00"",""2024-10-15T12:00"",""2024-10-15T13:00"",""2024-10-15T14:00"",""2024-10-15T15:00"",""2024-10-15T16:00"",""2024-10-15T17:00"",""2024-10-15T18:00"",""2024-10-15T19:00"",""2024-10-15T20:00"",""2024-10-15T21:00"",""2024-10-15T22:00"",""2024-10-15T23:00""],""temperature_2m_previous_day1"":[9.4,9.7,10.1,10.1,10.1,10.1,10.8,11.1,11.3,11.5,11.5,11.5,12.8,13.1,12.8,12.1,11.0,9.9,9.7,9.5,9.5,9.6,9.6,9.5],""dew_point_2m_previous_day1"":[8.0,8.3,8.7,8.7,8.7,8.5,8.4,8.6,8.0,7.8,6.6,5.3,5.9,6.5,7.0,6.8,5.5,4.3,4.3,4.7,4.5,4.2,4.2,4.1],""cloud_cover_previous_day1"":[100,100,100,100,100,100,100,100,100,100,100,100,100,8,97,40,70,100,100,100,100,100,100,100],""cloud_cover_low_previous_day1"":[null,null,null,null,null,null,null,null,null,null,null,null,null,null,null,null,null,null,null,null,null,null,null,null],""pressure_msl_previous_day1"":[1012.6,1012.4,1012.6,1013.0,1013.6,1014.0,1015.2,1016.3,1017.3,1018.5,1019.3,1019.7,1020.6,1021.0,1021.2,1021.5,1022.5,1023.9,1024.2,1025.1,1026.1,1026.6,1026.8,1027.2],""wind_speed_10m_previous_day1"":[27.0,23.9,21.3,23.3,22.5,21.1,23.6,26.2,31.5,35.9,40.2,41.1,40.1,37.7,37.1,38.6,37.2,36.7,36.0,33.9,32.5,30.4,30.4,30.6],""wind_gusts_10m_previous_day1"":[39.6,36.0,31.7,31.0,30.6,32.0,34.2,36.0,41.4,45.7,49.0,50.8,50.8,47.5,44.6,45.7,46.4,46.4,45.7,43.9,42.5,40.3,39.6,39.6],""wind_direction_10m_previous_day1"":[201,196,192,193,193,189,187,188,186,186,187,182,175,173,168,164,165,166,166,168,167,166,166,168]}}",,EXPERIMENT_ONLY
previous_runs_gfs_temperature,previous_runs,gfs_seamless,2024-11-01,true,200,https://previous-runs-api.open-meteo.com/v1/forecast?end_date=2024-11-01&hourly=temperature_2m_previous_day1%2Cdew_point_2m_previous_day1%2Ccloud_cover_previous_day1%2Ccloud_cover_low_previous_day1%2Cpressure_msl_previous_day1%2Cwind_speed_10m_previous_day1%2Cwind_gusts_10m_previous_day1%2Cwind_direction_10m_previous_day1&latitude=-41.3272&longitude=174.8053&models=gfs_seamless&start_date=2024-11-01&timezone=auto,60951df9a8caf990f5fea4b7f0e645caae8f4a7760cf6c0218f155593bfc6a21,b0139ba8a77f63ea72c671004a28e716964cca98e8ebf2eb6ea730c6017a8dde,"{""latitude"":-41.295143,""longitude"":174.72656,""generationtime_ms"":18.671393394470215,""utc_offset_seconds"":43200,""timezone"":""Pacific/Auckland"",""timezone_abbreviation"":""GMT+12"",""elevation"":5.0,""hourly_units"":{""time"":""iso8601"",""temperature_2m_previous_day1"":""°C"",""dew_point_2m_previous_day1"":""°C"",""cloud_cover_previous_day1"":""%"",""cloud_cover_low_previous_day1"":""%"",""pressure_msl_previous_day1"":""hPa"",""wind_speed_10m_previous_day1"":""km/h"",""wind_gusts_10m_previous_day1"":""km/h"",""wind_direction_10m_previous_day1"":""°""},""hourly"":{""time"":[""2024-11-01T00:00"",""2024-11-01T01:00"",""2024-11-01T02:00"",""2024-11-01T03:00"",""2024-11-01T04:00"",""2024-11-01T05:00"",""2024-11-01T06:00"",""2024-11-01T07:00"",""2024-11-01T08:00"",""2024-11-01T09:00"",""2024-11-01T10:00"",""2024-11-01T11:00"",""2024-11-01T12:00"",""2024-11-01T13:00"",""2024-11-01T14:00"",""2024-11-01T15:00"",""2024-11-01T16:00"",""2024-11-01T17:00"",""2024-11-01T18:00"",""2024-11-01T19:00"",""2024-11-01T20:00"",""2024-11-01T21:00"",""2024-11-01T22:00"",""2024-11-01T23:00""],""temperature_2m_previous_day1"":[13.5,13.4,13.1,12.9,12.8,12.6,13.1,14.2,14.5,15.1,15.9,16.2,16.6,17.0,17.1,16.7,16.3,15.7,15.0,14.5,14.4,14.3,14.2,14.3],""dew_point_2m_previous_day1"":[10.5,10.0,9.9,9.7,9.6,9.1,8.9,8.8,8.9,9.3,9.4,10.1,11.3,11.5,11.3,11.4,11.9,11.9,12.3,12.3,12.5,12.7,12.9,13.2],""cloud_cover_previous_day1"":[7,7,7,0,0,0,6,8,7,10,7,7,6,5,6,5,5,8,12,90,61,100,100,100],""cloud_cover_low_previous_day1"":[null,null,null,null,null,null,null,null,null,null,null,null,null,null,null,null,null,null,null,null,null,null,null,null],""pressure_msl_previous_day1"":[1005.4,1005.5,1005.8,1006.3,1006.6,1007.1,1007.8,1008.5,1009.0,1009.4,1009.7,1009.9,1009.8,1010.0,1010.0,1009.7,1009.6,1009.9,1010.2,1010.4,1010.8,1010.9,1011.0,1011.1],""wind_speed_10m_previous_day1"":[27.2,29.5,32.2,32.9,32.1,30.3,30.0,32.4,34.8,34.9,35.1,35.1,37.2,36.6,36.6,37.2,37.1,41.6,39.5,41.7,44.1,43.0,39.8,38.4],""wind_gusts_10m_previous_day1"":[46.1,48.2,49.7,51.5,51.8,50.4,50.0,51.8,51.1,49.0,49.7,48.2,49.0,50.8,56.2,59.4,61.9,65.9,63.0,64.1,64.8,63.0,58.0,55.4],""wind_direction_10m_previous_day1"":[345,344,344,340,337,336,340,333,336,335,333,333,334,335,330,328,326,322,324,326,326,326,325,326]}}",,EXPERIMENT_ONLY
previous_runs_gfs_temperature,previous_runs,gfs_seamless,2024-11-15,true,200,https://previous-runs-api.open-meteo.com/v1/forecast?end_date=2024-11-15&hourly=temperature_2m_previous_day1%2Cdew_point_2m_previous_day1%2Ccloud_cover_previous_day1%2Ccloud_cover_low_previous_day1%2Cpressure_msl_previous_day1%2Cwind_speed_10m_previous_day1%2Cwind_gusts_10m_previous_day1%2Cwind_direction_10m_previous_day1&latitude=-41.3272&longitude=174.8053&models=gfs_seamless&start_date=2024-11-15&timezone=auto,c0711f296b3785c3ce19051b1b5533f9b0ab6cc46a80a635628e43c45a8c48d6,e7f95334194d1a7ffcbe3d73b43ad757b175346b218ec250c3a59f81c68eff94,"{""latitude"":-41.295143,""longitude"":174.72656,""generationtime_ms"":45.815110206604004,""utc_offset_seconds"":43200,""timezone"":""Pacific/Auckland"",""timezone_abbreviation"":""GMT+12"",""elevation"":5.0,""hourly_units"":{""time"":""iso8601"",""temperature_2m_previous_day1"":""°C"",""dew_point_2m_previous_day1"":""°C"",""cloud_cover_previous_day1"":""%"",""cloud_cover_low_previous_day1"":""%"",""pressure_msl_previous_day1"":""hPa"",""wind_speed_10m_previous_day1"":""km/h"",""wind_gusts_10m_previous_day1"":""km/h"",""wind_direction_10m_previous_day1"":""°""},""hourly"":{""time"":[""2024-11-15T00:00"",""2024-11-15T01:00"",""2024-11-15T02:00"",""2024-11-15T03:00"",""2024-11-15T04:00"",""2024-11-15T05:00"",""2024-11-15T06:00"",""2024-11-15T07:00"",""2024-11-15T08:00"",""2024-11-15T09:00"",""2024-11-15T10:00"",""2024-11-15T11:00"",""2024-11-15T12:00"",""2024-11-15T13:00"",""2024-11-15T14:00"",""2024-11-15T15:00"",""2024-11-15T16:00"",""2024-11-15T17:00"",""2024-11-15T18:00"",""2024-11-15T19:00"",""2024-11-15T20:00"",""2024-11-15T21:00"",""2024-11-15T22:00"",""2024-11-15T23:00""],""temperature_2m_previous_day1"":[16.1,16.1,16.0,16.1,16.1,15.9,15.1,14.5,15.2,15.4,15.8,16.3,15.1,15.2,15.6,16.9,16.5,16.1,15.2,14.9,14.8,14.8,14.3,13.2],""dew_point_2m_previous_day1"":[15.3,15.3,15.4,15.5,15.6,15.5,14.6,14.1,14.2,14.1,14.0,13.8,14.3,14.4,14.1,13.8,13.4,13.4,13.3,13.6,13.4,12.9,13.2,12.6],""cloud_cover_previous_day1"":[100,100,100,100,100,100,100,100,100,100,100,100,100,100,100,100,100,39,87,100,100,96,100,100],""cloud_cover_low_previous_day1"":[null,null,null,null,null,null,null,null,null,null,null,null,null,null,null,null,null,null,null,null,null,null,null,null],""pressure_msl_previous_day1"":[1012.4,1011.3,1010.3,1009.7,1009.2,1009.3,1010.1,1010.8,1010.6,1010.5,1010.4,1010.1,1009.1,1008.4,1007.9,1007.5,1006.9,1006.9,1006.3,1006.6,1007.2,1008.2,1008.8,1009.6],""wind_speed_10m_previous_day1"":[40.0,43.6,42.9,43.5,42.2,38.8,35.3,33.8,34.2,33.9,31.9,31.0,32.4,33.7,34.9,34.9,34.5,30.2,31.0,28.8,21.3,11.2,10.9,21.7],""wind_gusts_10m_previous_day1"":[77.0,76.7,78.8,76.7,76.3,69.5,59.0,55.1,58.7,56.2,52.9,49.0,52.6,53.3,54.4,52.6,52.2,46.1,43.2,41.0,34.9,26.6,14.8,27.4],""wind_direction_10m_previous_day1"":[357,352,352,350,349,339,333,336,338,341,342,345,348,350,348,348,346,348,357,360,5,15,188,186]}}",,EXPERIMENT_ONLY
previous_runs_gfs_temperature,previous_runs,gfs_seamless,2024-12-01,true,200,https://previous-runs-api.open-meteo.com/v1/forecast?end_date=2024-12-01&hourly=temperature_2m_previous_day1%2Cdew_point_2m_previous_day1%2Ccloud_cover_previous_day1%2Ccloud_cover_low_previous_day1%2Cpressure_msl_previous_day1%2Cwind_speed_10m_previous_day1%2Cwind_gusts_10m_previous_day1%2Cwind_direction_10m_previous_day1&latitude=-41.3272&longitude=174.8053&models=gfs_seamless&start_date=2024-12-01&timezone=auto,d08f31014e3e23b02ad2e268c9b2f4603cef8c01c3123c7bcb7e3ad47051a2fe,dc31ac18e4a0bea04033d90fb44bea03bfa6263dae7bdd4aaff60624460dd88d,"{""latitude"":-41.295143,""longitude"":174.72656,""generationtime_ms"":0.18310546875,""utc_offset_seconds"":43200,""timezone"":""Pacific/Auckland"",""timezone_abbreviation"":""GMT+12"",""elevation"":5.0,""hourly_units"":{""time"":""iso8601"",""temperature_2m_previous_day1"":""°C"",""dew_point_2m_previous_day1"":""°C"",""cloud_cover_previous_day1"":""%"",""cloud_cover_low_previous_day1"":""%"",""pressure_msl_previous_day1"":""hPa"",""wind_speed_10m_previous_day1"":""km/h"",""wind_gusts_10m_previous_day1"":""km/h"",""wind_direction_10m_previous_day1"":""°""},""hourly"":{""time"":[""2024-12-01T00:00"",""2024-12-01T01:00"",""2024-12-01T02:00"",""2024-12-01T03:00"",""2024-12-01T04:00"",""2024-12-01T05:00"",""2024-12-01T06:00"",""2024-12-01T07:00"",""2024-12-01T08:00"",""2024-12-01T09:00"",""2024-12-01T10:00"",""2024-12-01T11:00"",""2024-12-01T12:00"",""2024-12-01T13:00"",""2024-12-01T14:00"",""2024-12-01T15:00"",""2024-12-01T16:00"",""2024-12-01T17:00"",""2024-12-01T18:00"",""2024-12-01T19:00"",""2024-12-01T20:00"",""2024-12-01T21:00"",""2024-12-01T22:00"",""2024-12-01T23:00""],""temperature_2m_previous_day1"":[11.1,11.2,11.3,11.3,11.9,12.7,13.9,15.4,16.5,17.3,17.6,18.0,18.2,17.8,19.2,18.8,18.3,17.8,16.7,16.3,15.6,14.9,14.8,14.7],""dew_point_2m_previous_day1"":[8.8,9.1,9.7,10.2,10.8,10.8,10.9,10.8,11.0,11.6,12.5,13.3,13.9,14.1,14.2,14.5,15.0,15.0,15.1,15.2,14.3,14.1,14.3,14.3],""cloud_cover_previous_day1"":[16,39,12,8,0,0,0,0,0,0,0,0,53,83,53,22,56,85,92,100,75,12,30,46],""cloud_cover_low_previous_day1"":[null,null,null,null,null,null,null,null,null,null,null,null,null,null,null,null,null,null,null,null,null,null,null,null],""pressure_msl_previous_day1"":[1023.2,1022.9,1022.8,1022.5,1022.1,1022.2,1022.4,1023.1,1023.1,1022.8,1022.1,1021.8,1021.5,1021.3,1021.3,1021.2,1021.0,1020.9,1021.1,1021.9,1022.5,1023.1,1023.1,1023.6],""wind_speed_10m_previous_day1"":[8.6,8.3,7.9,7.1,9.4,13.0,13.7,15.2,19.7,22.3,26.6,27.7,28.6,26.7,28.8,27.9,28.3,27.3,25.4,26.4,19.5,18.0,17.7,17.4],""wind_gusts_10m_previous_day1"":[12.2,11.5,11.2,11.9,18.4,23.8,24.5,23.4,27.0,31.0,37.8,40.0,43.9,44.6,44.6,44.6,45.0,44.6,46.8,41.0,35.6,34.6,33.8,33.5],""wind_direction_10m_previous_day1"":[22,358,336,336,358,357,358,353,352,351,351,347,343,346,342,343,342,344,353,355,348,358,355,342]}}",,EXPERIMENT_ONLY
previous_runs_gfs_temperature,previous_runs,gfs_seamless,2024-12-15,true,200,https://previous-runs-api.open-meteo.com/v1/forecast?end_date=2024-12-15&hourly=temperature_2m_previous_day1%2Cdew_point_2m_previous_day1%2Ccloud_cover_previous_day1%2Ccloud_cover_low_previous_day1%2Cpressure_msl_previous_day1%2Cwind_speed_10m_previous_day1%2Cwind_gusts_10m_previous_day1%2Cwind_direction_10m_previous_day1&latitude=-41.3272&longitude=174.8053&models=gfs_seamless&start_date=2024-12-15&timezone=auto,04e430fd033fe9e741e191c1be3df1aecd10232e54e2e14c1ff12755877a5a34,817e5833782a5c701d8e5afcc789fbc3c264ff262888d274c1f818d5e47a4fd1,"{""latitude"":-41.295143,""longitude"":174.72656,""generationtime_ms"":120.74482440948486,""utc_offset_seconds"":43200,""timezone"":""Pacific/Auckland"",""timezone_abbreviation"":""GMT+12"",""elevation"":5.0,""hourly_units"":{""time"":""iso8601"",""temperature_2m_previous_day1"":""°C"",""dew_point_2m_previous_day1"":""°C"",""cloud_cover_previous_day1"":""%"",""cloud_cover_low_previous_day1"":""%"",""pressure_msl_previous_day1"":""hPa"",""wind_speed_10m_previous_day1"":""km/h"",""wind_gusts_10m_previous_day1"":""km/h"",""wind_direction_10m_previous_day1"":""°""},""hourly"":{""time"":[""2024-12-15T00:00"",""2024-12-15T01:00"",""2024-12-15T02:00"",""2024-12-15T03:00"",""2024-12-15T04:00"",""2024-12-15T05:00"",""2024-12-15T06:00"",""2024-12-15T07:00"",""2024-12-15T08:00"",""2024-12-15T09:00"",""2024-12-15T10:00"",""2024-12-15T11:00"",""2024-12-15T12:00"",""2024-12-15T13:00"",""2024-12-15T14:00"",""2024-12-15T15:00"",""2024-12-15T16:00"",""2024-12-15T17:00"",""2024-12-15T18:00"",""2024-12-15T19:00"",""2024-12-15T20:00"",""2024-12-15T21:00"",""2024-12-15T22:00"",""2024-12-15T23:00""],""temperature_2m_previous_day1"":[16.5,16.4,16.5,16.6,16.8,16.9,17.0,17.5,17.9,19.6,19.9,20.1,20.8,20.6,20.0,19.9,19.1,18.4,17.4,17.1,16.8,16.8,16.8,16.8],""dew_point_2m_previous_day1"":[15.4,15.6,15.6,15.5,15.5,15.6,15.5,15.5,15.3,15.5,14.9,15.3,15.5,15.6,15.5,15.6,15.5,15.4,15.2,15.1,15.2,15.2,15.0,15.1],""cloud_cover_previous_day1"":[100,64,100,100,100,100,100,97,99,52,100,100,100,100,100,100,100,100,100,100,100,100,100,100],""cloud_cover_low_previous_day1"":[null,null,null,null,null,null,null,null,null,null,null,null,null,null,null,null,null,null,null,null,null,null,null,null],""pressure_msl_previous_day1"":[1014.8,1015.0,1015.0,1014.7,1014.8,1015.3,1015.7,1016.4,1017.0,1016.6,1016.6,1016.4,1015.7,1015.3,1015.1,1014.5,1014.3,1013.9,1013.7,1013.9,1013.9,1014.0,1014.1,1014.1],""wind_speed_10m_previous_day1"":[29.0,31.7,33.5,34.3,32.1,31.7,30.8,28.0,25.5,24.2,22.0,24.1,29.9,32.4,34.0,32.9,32.5,32.1,30.0,29.9,31.7,32.8,33.8,36.7],""wind_gusts_10m_previous_day1"":[45.0,45.4,47.9,49.3,46.8,46.4,46.4,43.2,38.5,38.5,34.6,35.6,42.8,47.9,50.8,49.7,50.0,50.0,48.2,47.2,49.7,51.5,51.5,53.3],""wind_direction_10m_previous_day1"":[6,3,359,356,357,358,354,352,347,349,350,357,360,357,355,356,356,356,355,358,358,360,359,359]}}",,EXPERIMENT_ONLY
previous_runs_gfs_temperature,previous_runs,gfs_seamless,2025-01-01,true,200,https://previous-runs-api.open-meteo.com/v1/forecast?end_date=2025-01-01&hourly=temperature_2m_previous_day1%2Cdew_point_2m_previous_day1%2Ccloud_cover_previous_day1%2Ccloud_cover_low_previous_day1%2Cpressure_msl_previous_day1%2Cwind_speed_10m_previous_day1%2Cwind_gusts_10m_previous_day1%2Cwind_direction_10m_previous_day1&latitude=-41.3272&longitude=174.8053&models=gfs_seamless&start_date=2025-01-01&timezone=auto,9ebde8e3bbb5d8e5cfec92c276d1559f2f0b1c137388dd4ac58d0efa226f7d04,343c4b6e63acec1ce0d4973a47f25885db89681340cc4da1d78ad2cc657f590a,"{""latitude"":-41.295143,""longitude"":174.72656,""generationtime_ms"":32.128334045410156,""utc_offset_seconds"":43200,""timezone"":""Pacific/Auckland"",""timezone_abbreviation"":""GMT+12"",""elevation"":5.0,""hourly_units"":{""time"":""iso8601"",""temperature_2m_previous_day1"":""°C"",""dew_point_2m_previous_day1"":""°C"",""cloud_cover_previous_day1"":""%"",""cloud_cover_low_previous_day1"":""%"",""pressure_msl_previous_day1"":""hPa"",""wind_speed_10m_previous_day1"":""km/h"",""wind_gusts_10m_previous_day1"":""km/h"",""wind_direction_10m_previous_day1"":""°""},""hourly"":{""time"":[""2025-01-01T00:00"",""2025-01-01T01:00"",""2025-01-01T02:00"",""2025-01-01T03:00"",""2025-01-01T04:00"",""2025-01-01T05:00"",""2025-01-01T06:00"",""2025-01-01T07:00"",""2025-01-01T08:00"",""2025-01-01T09:00"",""2025-01-01T10:00"",""2025-01-01T11:00"",""2025-01-01T12:00"",""2025-01-01T13:00"",""2025-01-01T14:00"",""2025-01-01T15:00"",""2025-01-01T16:00"",""2025-01-01T17:00"",""2025-01-01T18:00"",""2025-01-01T19:00"",""2025-01-01T20:00"",""2025-01-01T21:00"",""2025-01-01T22:00"",""2025-01-01T23:00""],""temperature_2m_previous_day1"":[13.5,13.5,13.4,13.3,13.1,12.9,12.8,13.0,12.9,12.9,13.2,13.2,13.5,13.7,14.0,13.7,13.0,13.0,13.1,13.0,13.1,12.9,12.9,13.0],""dew_point_2m_previous_day1"":[12.2,12.1,12.0,11.7,11.5,11.2,11.2,11.4,11.3,11.3,11.4,11.3,11.2,11.2,11.1,11.1,11.6,11.6,11.3,11.4,11.5,11.5,11.4,11.4],""cloud_cover_previous_day1"":[100,100,100,100,100,100,100,100,100,100,100,100,100,100,100,100,100,100,100,100,100,100,100,100],""cloud_cover_low_previous_day1"":[null,null,null,null,null,null,null,null,null,null,null,null,null,null,null,null,null,null,null,null,null,null,null,null],""pressure_msl_previous_day1"":[1005.0,1004.9,1004.7,1004.6,1004.8,1005.4,1005.7,1006.2,1006.5,1006.6,1006.9,1007.1,1007.4,1007.1,1006.8,1006.9,1007.0,1007.2,1007.3,1007.7,1008.1,1008.8,1008.9,1008.8],""wind_speed_10m_previous_day1"":[34.2,35.5,35.4,33.7,34.1,34.5,32.6,30.3,33.1,32.1,30.2,31.4,31.7,31.4,31.8,33.4,32.5,27.5,31.7,29.2,28.8,28.1,27.8,26.0],""wind_gusts_10m_previous_day1"":[54.4,55.4,53.6,51.1,49.3,49.0,45.7,42.5,45.7,45.7,43.9,44.6,44.3,45.4,45.7,47.2,47.5,44.6,44.6,43.9,43.2,43.6,43.6,42.8],""wind_direction_10m_previous_day1"":[192,193,195,196,196,194,196,196,192,193,192,193,182,177,175,173,175,169,182,179,180,179,183,186]}}",,EXPERIMENT_ONLY
previous_runs_gfs_temperature,previous_runs,gfs_seamless,2025-01-15,true,200,https://previous-runs-api.open-meteo.com/v1/forecast?end_date=2025-01-15&hourly=temperature_2m_previous_day1%2Cdew_point_2m_previous_day1%2Ccloud_cover_previous_day1%2Ccloud_cover_low_previous_day1%2Cpressure_msl_previous_day1%2Cwind_speed_10m_previous_day1%2Cwind_gusts_10m_previous_day1%2Cwind_direction_10m_previous_day1&latitude=-41.3272&longitude=174.8053&models=gfs_seamless&start_date=2025-01-15&timezone=auto,35a1aee24666122ed74e48b0287284bf760bec0f68a2cc78d9b8968e285902d6,44a4296ec0058c13fa7d0f866fc98f30a05b11f21c285beeae9fc6d7fa4a9610,"{""latitude"":-41.295143,""longitude"":174.72656,""generationtime_ms"":26.89528465270996,""utc_offset_seconds"":43200,""timezone"":""Pacific/Auckland"",""timezone_abbreviation"":""GMT+12"",""elevation"":5.0,""hourly_units"":{""time"":""iso8601"",""temperature_2m_previous_day1"":""°C"",""dew_point_2m_previous_day1"":""°C"",""cloud_cover_previous_day1"":""%"",""cloud_cover_low_previous_day1"":""%"",""pressure_msl_previous_day1"":""hPa"",""wind_speed_10m_previous_day1"":""km/h"",""wind_gusts_10m_previous_day1"":""km/h"",""wind_direction_10m_previous_day1"":""°""},""hourly"":{""time"":[""2025-01-15T00:00"",""2025-01-15T01:00"",""2025-01-15T02:00"",""2025-01-15T03:00"",""2025-01-15T04:00"",""2025-01-15T05:00"",""2025-01-15T06:00"",""2025-01-15T07:00"",""2025-01-15T08:00"",""2025-01-15T09:00"",""2025-01-15T10:00"",""2025-01-15T11:00"",""2025-01-15T12:00"",""2025-01-15T13:00"",""2025-01-15T14:00"",""2025-01-15T15:00"",""2025-01-15T16:00"",""2025-01-15T17:00"",""2025-01-15T18:00"",""2025-01-15T19:00"",""2025-01-15T20:00"",""2025-01-15T21:00"",""2025-01-15T22:00"",""2025-01-15T23:00""],""temperature_2m_previous_day1"":[12.5,12.6,12.7,12.7,12.7,13.1,13.2,13.5,13.9,14.2,14.5,15.1,15.8,16.2,16.3,16.3,16.3,16.0,15.2,14.3,13.5,13.4,13.4,13.5],""dew_point_2m_previous_day1"":[9.5,9.5,9.4,9.1,9.0,9.0,8.8,8.6,8.7,9.0,9.1,9.3,9.3,9.2,9.0,8.7,8.8,9.2,9.5,9.9,10.3,10.6,11.1,11.2],""cloud_cover_previous_day1"":[5,6,17,26,75,100,90,100,100,100,100,73,43,5,0,0,0,0,0,0,0,0,0,17],""cloud_cover_low_previous_day1"":[null,null,null,null,null,null,null,null,null,null,null,null,null,null,null,null,null,null,null,null,null,null,null,null],""pressure_msl_previous_day1"":[1013.9,1013.6,1013.8,1013.5,1013.6,1013.8,1014.1,1014.4,1014.8,1015.1,1015.3,1015.3,1014.9,1014.5,1014.0,1013.7,1013.4,1013.4,1013.7,1014.1,1014.3,1015.0,1015.4,1015.6],""wind_speed_10m_previous_day1"":[18.3,19.8,21.5,20.4,21.7,21.0,22.1,22.6,21.4,21.4,21.7,22.5,23.1,22.4,22.1,22.4,24.4,23.1,23.9,24.7,23.3,22.3,21.3,20.7],""wind_gusts_10m_previous_day1"":[27.0,28.4,30.6,29.2,29.2,28.4,28.4,28.8,27.0,26.6,26.6,27.4,26.3,26.3,25.6,26.3,29.2,31.0,31.7,33.1,33.1,31.0,29.5,29.2],""wind_direction_10m_previous_day1"":[160,161,162,163,165,164,164,163,163,167,168,167,165,165,168,169,167,166,162,161,160,162,164,163]}}",,EXPERIMENT_ONLY
previous_runs_gfs_temperature,previous_runs,gfs_seamless,2025-02-01,true,200,https://previous-runs-api.open-meteo.com/v1/forecast?end_date=2025-02-01&hourly=temperature_2m_previous_day1%2Cdew_point_2m_previous_day1%2Ccloud_cover_previous_day1%2Ccloud_cover_low_previous_day1%2Cpressure_msl_previous_day1%2Cwind_speed_10m_previous_day1%2Cwind_gusts_10m_previous_day1%2Cwind_direction_10m_previous_day1&latitude=-41.3272&longitude=174.8053&models=gfs_seamless&start_date=2025-02-01&timezone=auto,7e3824f67ff87d2507d7f60df2d47a9fcd05fb494602e51c22f66c62482ef79a,5c7a1f38330d83ea48f8d9ed645186b492844dc211ab5d52cc8cd6c09eda7f20,"{""latitude"":-41.295143,""longitude"":174.72656,""generationtime_ms"":0.19443035125732422,""utc_offset_seconds"":43200,""timezone"":""Pacific/Auckland"",""timezone_abbreviation"":""GMT+12"",""elevation"":5.0,""hourly_units"":{""time"":""iso8601"",""temperature_2m_previous_day1"":""°C"",""dew_point_2m_previous_day1"":""°C"",""cloud_cover_previous_day1"":""%"",""cloud_cover_low_previous_day1"":""%"",""pressure_msl_previous_day1"":""hPa"",""wind_speed_10m_previous_day1"":""km/h"",""wind_gusts_10m_previous_day1"":""km/h"",""wind_direction_10m_previous_day1"":""°""},""hourly"":{""time"":[""2025-02-01T00:00"",""2025-02-01T01:00"",""2025-02-01T02:00"",""2025-02-01T03:00"",""2025-02-01T04:00"",""2025-02-01T05:00"",""2025-02-01T06:00"",""2025-02-01T07:00"",""2025-02-01T08:00"",""2025-02-01T09:00"",""2025-02-01T10:00"",""2025-02-01T11:00"",""2025-02-01T12:00"",""2025-02-01T13:00"",""2025-02-01T14:00"",""2025-02-01T15:00"",""2025-02-01T16:00"",""2025-02-01T17:00"",""2025-02-01T18:00"",""2025-02-01T19:00"",""2025-02-01T20:00"",""2025-02-01T21:00"",""2025-02-01T22:00"",""2025-02-01T23:00""],""temperature_2m_previous_day1"":[16.5,16.4,16.5,16.5,16.5,16.5,16.9,17.5,18.1,18.8,19.2,19.1,19.2,18.1,18.8,17.6,16.9,17.2,17.3,17.0,17.2,17.3,17.2,16.8],""dew_point_2m_previous_day1"":[15.7,15.8,15.5,15.7,15.7,15.7,15.9,16.0,15.9,15.8,15.6,15.4,14.7,14.4,14.7,15.4,15.4,15.2,15.0,16.0,16.2,16.1,16.4,16.3],""cloud_cover_previous_day1"":[37,79,83,100,100,100,100,100,100,100,100,100,100,100,100,100,100,100,100,100,100,100,100,100],""cloud_cover_low_previous_day1"":[null,null,null,null,null,null,null,null,null,null,null,null,null,null,null,null,null,null,null,null,null,null,null,null],""pressure_msl_previous_day1"":[1019.8,1019.8,1019.6,1019.1,1018.5,1018.6,1018.6,1018.8,1019.0,1018.7,1018.8,1018.5,1018.2,1017.7,1017.3,1016.8,1016.3,1015.9,1015.5,1016.0,1016.3,1016.9,1017.7,1018.3],""wind_speed_10m_previous_day1"":[14.0,14.4,13.0,13.7,14.5,17.0,18.1,21.3,23.8,25.2,27.2,28.3,31.7,31.0,31.6,30.7,29.5,28.5,28.7,25.6,23.7,20.4,15.6,8.5],""wind_gusts_10m_previous_day1"":[27.4,28.8,28.4,28.8,31.0,34.2,35.6,37.1,39.2,40.7,42.5,43.9,47.2,49.0,48.6,46.1,44.3,44.3,46.1,42.5,39.2,33.8,28.1,16.6],""wind_direction_10m_previous_day1"":[1,359,2,3,6,6,5,4,357,357,353,348,351,351,348,355,360,358,352,350,350,352,345,332]}}",,EXPERIMENT_ONLY
previous_runs_gfs_temperature,previous_runs,gfs_seamless,2025-02-15,true,200,https://previous-runs-api.open-meteo.com/v1/forecast?end_date=2025-02-15&hourly=temperature_2m_previous_day1%2Cdew_point_2m_previous_day1%2Ccloud_cover_previous_day1%2Ccloud_cover_low_previous_day1%2Cpressure_msl_previous_day1%2Cwind_speed_10m_previous_day1%2Cwind_gusts_10m_previous_day1%2Cwind_direction_10m_previous_day1&latitude=-41.3272&longitude=174.8053&models=gfs_seamless&start_date=2025-02-15&timezone=auto,183f74b53393c964ff02267a702d47c436a6799b2a21cf7144a20dedbf92d05e,10bcfb3190b756b974db518dad7ce6b57b945bba02beac0f9ee323c999e2c0fd,"{""latitude"":-41.295143,""longitude"":174.72656,""generationtime_ms"":1395.7334756851196,""utc_offset_seconds"":43200,""timezone"":""Pacific/Auckland"",""timezone_abbreviation"":""GMT+12"",""elevation"":5.0,""hourly_units"":{""time"":""iso8601"",""temperature_2m_previous_day1"":""°C"",""dew_point_2m_previous_day1"":""°C"",""cloud_cover_previous_day1"":""%"",""cloud_cover_low_previous_day1"":""%"",""pressure_msl_previous_day1"":""hPa"",""wind_speed_10m_previous_day1"":""km/h"",""wind_gusts_10m_previous_day1"":""km/h"",""wind_direction_10m_previous_day1"":""°""},""hourly"":{""time"":[""2025-02-15T00:00"",""2025-02-15T01:00"",""2025-02-15T02:00"",""2025-02-15T03:00"",""2025-02-15T04:00"",""2025-02-15T05:00"",""2025-02-15T06:00"",""2025-02-15T07:00"",""2025-02-15T08:00"",""2025-02-15T09:00"",""2025-02-15T10:00"",""2025-02-15T11:00"",""2025-02-15T12:00"",""2025-02-15T13:00"",""2025-02-15T14:00"",""2025-02-15T15:00"",""2025-02-15T16:00"",""2025-02-15T17:00"",""2025-02-15T18:00"",""2025-02-15T19:00"",""2025-02-15T20:00"",""2025-02-15T21:00"",""2025-02-15T22:00"",""2025-02-15T23:00""],""temperature_2m_previous_day1"":[14.3,14.1,14.0,14.2,14.9,14.7,14.3,16.0,18.4,19.3,19.7,20.6,21.1,21.4,21.6,21.4,21.2,20.8,20.5,18.6,17.2,17.2,17.0,17.3],""dew_point_2m_previous_day1"":[10.5,10.3,10.0,10.3,12.2,12.5,11.1,10.6,11.2,13.0,13.1,13.3,14.5,14.8,15.2,15.5,15.3,14.9,14.9,15.5,15.7,16.3,16.5,16.5],""cloud_cover_previous_day1"":[0,0,0,0,0,0,0,0,0,0,0,0,0,0,0,0,0,0,5,100,100,100,63,100],""cloud_cover_low_previous_day1"":[null,null,null,null,null,null,null,null,null,null,null,null,null,null,null,null,null,null,null,null,null,null,null,null],""pressure_msl_previous_day1"":[1020.2,1019.8,1019.7,1019.5,1019.3,1019.2,1019.8,1020.2,1020.3,1020.5,1020.7,1020.6,1020.1,1019.7,1019.3,1018.9,1018.4,1018.0,1017.9,1018.2,1018.9,1019.4,1019.4,1019.6],""wind_speed_10m_previous_day1"":[10.1,9.5,9.4,11.3,11.3,8.4,11.0,12.3,15.9,20.9,22.8,24.3,25.3,24.7,25.0,23.5,19.2,15.7,12.7,12.2,13.3,14.7,15.5,16.4],""wind_gusts_10m_previous_day1"":[14.8,15.1,15.1,18.7,14.0,10.1,18.4,25.2,29.5,30.6,33.5,34.9,35.3,33.8,33.5,32.0,27.7,22.3,15.8,15.8,19.4,22.0,22.7,26.3],""wind_direction_10m_previous_day1"":[35,37,43,27,9,20,23,15,5,357,354,353,349,347,342,342,347,351,8,19,19,22,25,26]}}",,EXPERIMENT_ONLY
previous_runs_gfs_temperature,previous_runs,gfs_seamless,2025-03-01,true,200,https://previous-runs-api.open-meteo.com/v1/forecast?end_date=2025-03-01&hourly=temperature_2m_previous_day1%2Cdew_point_2m_previous_day1%2Ccloud_cover_previous_day1%2Ccloud_cover_low_previous_day1%2Cpressure_msl_previous_day1%2Cwind_speed_10m_previous_day1%2Cwind_gusts_10m_previous_day1%2Cwind_direction_10m_previous_day1&latitude=-41.3272&longitude=174.8053&models=gfs_seamless&start_date=2025-03-01&timezone=auto,6a22013e720541f9171d5dfe73006dfc284c78e9e9a97eceb1bf198d78e8c859,b34f245953e0cddac26ab19a4a87ccf22b41ffee9fc09814704ecd7ff93da59f,"{""latitude"":-41.295143,""longitude"":174.72656,""generationtime_ms"":36.81766986846924,""utc_offset_seconds"":43200,""timezone"":""Pacific/Auckland"",""timezone_abbreviation"":""GMT+12"",""elevation"":5.0,""hourly_units"":{""time"":""iso8601"",""temperature_2m_previous_day1"":""°C"",""dew_point_2m_previous_day1"":""°C"",""cloud_cover_previous_day1"":""%"",""cloud_cover_low_previous_day1"":""%"",""pressure_msl_previous_day1"":""hPa"",""wind_speed_10m_previous_day1"":""km/h"",""wind_gusts_10m_previous_day1"":""km/h"",""wind_direction_10m_previous_day1"":""°""},""hourly"":{""time"":[""2025-03-01T00:00"",""2025-03-01T01:00"",""2025-03-01T02:00"",""2025-03-01T03:00"",""2025-03-01T04:00"",""2025-03-01T05:00"",""2025-03-01T06:00"",""2025-03-01T07:00"",""2025-03-01T08:00"",""2025-03-01T09:00"",""2025-03-01T10:00"",""2025-03-01T11:00"",""2025-03-01T12:00"",""2025-03-01T13:00"",""2025-03-01T14:00"",""2025-03-01T15:00"",""2025-03-01T16:00"",""2025-03-01T17:00"",""2025-03-01T18:00"",""2025-03-01T19:00"",""2025-03-01T20:00"",""2025-03-01T21:00"",""2025-03-01T22:00"",""2025-03-01T23:00""],""temperature_2m_previous_day1"":[17.8,17.7,17.8,17.8,17.8,17.7,17.7,18.0,18.8,19.6,20.2,20.5,21.2,21.2,20.5,20.3,19.8,19.1,18.4,17.8,17.7,17.8,17.8,17.8],""dew_point_2m_previous_day1"":[15.2,15.5,15.9,16.1,16.1,16.0,15.7,15.6,15.3,14.8,14.8,14.9,14.4,14.3,14.1,14.4,14.4,14.5,14.7,14.7,14.6,14.7,14.7,14.5],""cloud_cover_previous_day1"":[0,0,0,28,46,39,41,33,11,5,100,100,28,5,100,100,100,100,7,24,30,20,12,14],""cloud_cover_low_previous_day1"":[null,null,null,null,null,null,null,null,null,null,null,null,null,null,null,null,null,null,null,null,null,null,null,null],""pressure_msl_previous_day1"":[1021.2,1020.9,1020.5,1020.2,1019.8,1019.5,1019.6,1019.6,1019.6,1019.4,1019.2,1019.0,1018.4,1018.1,1017.7,1017.4,1017.0,1017.1,1017.4,1017.5,1017.9,1018.1,1018.4,1018.4],""wind_speed_10m_previous_day1"":[22.0,25.5,27.8,29.6,31.5,32.9,36.2,37.5,38.6,40.0,40.8,40.8,40.2,40.4,40.2,40.3,38.3,36.3,35.5,36.7,34.6,33.8,33.2,33.4],""wind_gusts_10m_previous_day1"":[37.4,41.4,45.0,46.4,47.5,49.0,51.5,50.4,52.6,54.0,56.5,56.5,56.2,56.2,57.6,57.6,55.1,51.8,49.0,50.4,51.1,50.8,49.0,48.2],""wind_direction_10m_previous_day1"":[358,352,347,344,341,342,338,340,339,339,338,338,338,338,340,341,344,349,354,358,1,1,4,7]}}",,EXPERIMENT_ONLY
previous_runs_gfs_temperature,previous_runs,gfs_seamless,2025-03-15,true,200,https://previous-runs-api.open-meteo.com/v1/forecast?end_date=2025-03-15&hourly=temperature_2m_previous_day1%2Cdew_point_2m_previous_day1%2Ccloud_cover_previous_day1%2Ccloud_cover_low_previous_day1%2Cpressure_msl_previous_day1%2Cwind_speed_10m_previous_day1%2Cwind_gusts_10m_previous_day1%2Cwind_direction_10m_previous_day1&latitude=-41.3272&longitude=174.8053&models=gfs_seamless&start_date=2025-03-15&timezone=auto,4dd50e74e8462deb7fe7518532cc9cf222accd6a92dd3eb97716ccd0c038edba,2fbc892dcaf565c118ba3325b626bfaec9da688f97d6cbd20d98778558d38dff,"{""latitude"":-41.295143,""longitude"":174.72656,""generationtime_ms"":32.28342533111572,""utc_offset_seconds"":43200,""timezone"":""Pacific/Auckland"",""timezone_abbreviation"":""GMT+12"",""elevation"":5.0,""hourly_units"":{""time"":""iso8601"",""temperature_2m_previous_day1"":""°C"",""dew_point_2m_previous_day1"":""°C"",""cloud_cover_previous_day1"":""%"",""cloud_cover_low_previous_day1"":""%"",""pressure_msl_previous_day1"":""hPa"",""wind_speed_10m_previous_day1"":""km/h"",""wind_gusts_10m_previous_day1"":""km/h"",""wind_direction_10m_previous_day1"":""°""},""hourly"":{""time"":[""2025-03-15T00:00"",""2025-03-15T01:00"",""2025-03-15T02:00"",""2025-03-15T03:00"",""2025-03-15T04:00"",""2025-03-15T05:00"",""2025-03-15T06:00"",""2025-03-15T07:00"",""2025-03-15T08:00"",""2025-03-15T09:00"",""2025-03-15T10:00"",""2025-03-15T11:00"",""2025-03-15T12:00"",""2025-03-15T13:00"",""2025-03-15T14:00"",""2025-03-15T15:00"",""2025-03-15T16:00"",""2025-03-15T17:00"",""2025-03-15T18:00"",""2025-03-15T19:00"",""2025-03-15T20:00"",""2025-03-15T21:00"",""2025-03-15T22:00"",""2025-03-15T23:00""],""temperature_2m_previous_day1"":[17.1,17.0,17.0,16.9,16.9,16.7,16.6,16.6,16.9,17.4,17.8,17.9,17.7,19.0,19.6,19.7,19.3,18.4,17.4,16.8,16.8,16.9,16.9,17.0],""dew_point_2m_previous_day1"":[14.5,14.6,14.3,13.6,13.4,13.2,12.9,12.7,12.8,12.9,12.9,12.5,12.1,12.0,12.3,14.1,14.3,14.3,14.6,14.8,15.0,15.1,15.3,15.5],""cloud_cover_previous_day1"":[0,11,2,0,0,5,15,100,100,100,100,100,100,100,100,100,6,0,0,0,4,5,5,16],""cloud_cover_low_previous_day1"":[null,null,null,null,null,null,null,null,null,null,null,null,null,null,null,null,null,null,null,null,null,null,null,null],""pressure_msl_previous_day1"":[1015.3,1014.7,1014.4,1013.6,1012.9,1012.6,1012.8,1013.3,1013.6,1014.2,1014.7,1014.9,1014.9,1015.2,1015.3,1015.4,1015.7,1016.0,1016.4,1016.9,1017.5,1017.9,1018.2,1018.1],""wind_speed_10m_previous_day1"":[41.2,42.2,42.0,42.7,45.6,48.3,47.8,45.4,41.9,37.4,33.0,30.9,29.4,24.7,23.1,25.2,29.0,28.0,27.6,26.9,26.1,25.9,25.5,25.3],""wind_gusts_10m_previous_day1"":[58.7,59.8,61.6,64.1,67.7,69.5,68.0,63.4,59.0,53.3,46.8,42.5,41.0,35.3,33.8,36.4,40.0,42.5,44.6,42.8,45.0,45.7,45.4,44.3],""wind_direction_10m_previous_day1"":[334,334,333,337,334,332,334,335,337,337,340,343,348,352,3,10,7,7,7,8,7,9,9,11]}}",,EXPERIMENT_ONLY
previous_runs_gfs_temperature,previous_runs,gfs_seamless,2025-04-01,true,200,https://previous-runs-api.open-meteo.com/v1/forecast?end_date=2025-04-01&hourly=temperature_2m_previous_day1%2Cdew_point_2m_previous_day1%2Ccloud_cover_previous_day1%2Ccloud_cover_low_previous_day1%2Cpressure_msl_previous_day1%2Cwind_speed_10m_previous_day1%2Cwind_gusts_10m_previous_day1%2Cwind_direction_10m_previous_day1&latitude=-41.3272&longitude=174.8053&models=gfs_seamless&start_date=2025-04-01&timezone=auto,618a5b4df15ea90880c278de8e9cd3cc330dfa8f4d4df99efb4eaed8a43534f7,facd86f07d5c9d0e1c7d7687a933fd2598510f624c30dcfb6fd15caaf6a14d19,"{""latitude"":-41.295143,""longitude"":174.72656,""generationtime_ms"":0.21219253540039062,""utc_offset_seconds"":43200,""timezone"":""Pacific/Auckland"",""timezone_abbreviation"":""GMT+12"",""elevation"":5.0,""hourly_units"":{""time"":""iso8601"",""temperature_2m_previous_day1"":""°C"",""dew_point_2m_previous_day1"":""°C"",""cloud_cover_previous_day1"":""%"",""cloud_cover_low_previous_day1"":""%"",""pressure_msl_previous_day1"":""hPa"",""wind_speed_10m_previous_day1"":""km/h"",""wind_gusts_10m_previous_day1"":""km/h"",""wind_direction_10m_previous_day1"":""°""},""hourly"":{""time"":[""2025-04-01T00:00"",""2025-04-01T01:00"",""2025-04-01T02:00"",""2025-04-01T03:00"",""2025-04-01T04:00"",""2025-04-01T05:00"",""2025-04-01T06:00"",""2025-04-01T07:00"",""2025-04-01T08:00"",""2025-04-01T09:00"",""2025-04-01T10:00"",""2025-04-01T11:00"",""2025-04-01T12:00"",""2025-04-01T13:00"",""2025-04-01T14:00"",""2025-04-01T15:00"",""2025-04-01T16:00"",""2025-04-01T17:00"",""2025-04-01T18:00"",""2025-04-01T19:00"",""2025-04-01T20:00"",""2025-04-01T21:00"",""2025-04-01T22:00"",""2025-04-01T23:00""],""temperature_2m_previous_day1"":[15.7,16.0,16.1,15.9,15.9,16.0,16.0,15.8,16.5,17.2,17.2,17.7,17.6,18.1,17.8,17.0,16.5,16.4,15.1,14.8,14.6,14.9,15.1,14.9],""dew_point_2m_previous_day1"":[13.0,13.5,13.9,14.1,14.2,14.2,14.2,14.1,14.3,14.3,14.3,14.4,13.9,13.8,13.5,13.3,13.4,13.3,13.8,13.8,13.9,14.1,14.3,14.4],""cloud_cover_previous_day1"":[100,100,100,100,100,100,100,100,100,100,100,100,100,100,100,100,100,100,100,100,100,100,100,100],""cloud_cover_low_previous_day1"":[null,null,null,null,null,null,null,null,null,null,null,null,null,null,null,null,null,null,null,null,null,null,null,null],""pressure_msl_previous_day1"":[1019.4,1019.7,1019.6,1019.3,1019.3,1019.4,1020.2,1020.8,1021.5,1022.1,1022.2,1022.2,1022.0,1021.8,1021.6,1021.5,1021.5,1021.5,1021.9,1022.9,1023.4,1023.4,1023.6,1023.7],""wind_speed_10m_previous_day1"":[18.0,21.6,22.0,22.4,22.4,20.0,18.2,14.8,12.4,11.9,10.0,8.1,3.8,4.3,11.2,13.0,12.4,12.5,12.6,11.7,11.3,14.1,11.8,12.6],""wind_gusts_10m_previous_day1"":[32.8,35.6,34.6,36.4,36.7,34.2,31.3,28.1,24.1,20.2,16.6,13.3,8.6,5.8,7.2,13.3,17.3,18.7,22.3,20.5,20.9,23.0,22.0,23.0],""wind_direction_10m_previous_day1"":[1,356,356,355,354,352,351,346,343,331,330,328,319,222,176,161,163,162,160,171,163,176,157,160]}}",,EXPERIMENT_ONLY
previous_runs_gfs_temperature,previous_runs,gfs_seamless,2025-04-15,true,200,https://previous-runs-api.open-meteo.com/v1/forecast?end_date=2025-04-15&hourly=temperature_2m_previous_day1%2Cdew_point_2m_previous_day1%2Ccloud_cover_previous_day1%2Ccloud_cover_low_previous_day1%2Cpressure_msl_previous_day1%2Cwind_speed_10m_previous_day1%2Cwind_gusts_10m_previous_day1%2Cwind_direction_10m_previous_day1&latitude=-41.3272&longitude=174.8053&models=gfs_seamless&start_date=2025-04-15&timezone=auto,47f34fc8822ce0497513e313165183075e5af9c591c08a1e6278bdd06f873f7d,1fab15d8b9dc3dbb5de2a66ff22f3b9f353fb90c0ff7d63ae290210b30a38952,"{""latitude"":-41.295143,""longitude"":174.72656,""generationtime_ms"":20.024776458740234,""utc_offset_seconds"":43200,""timezone"":""Pacific/Auckland"",""timezone_abbreviation"":""GMT+12"",""elevation"":5.0,""hourly_units"":{""time"":""iso8601"",""temperature_2m_previous_day1"":""°C"",""dew_point_2m_previous_day1"":""°C"",""cloud_cover_previous_day1"":""%"",""cloud_cover_low_previous_day1"":""%"",""pressure_msl_previous_day1"":""hPa"",""wind_speed_10m_previous_day1"":""km/h"",""wind_gusts_10m_previous_day1"":""km/h"",""wind_direction_10m_previous_day1"":""°""},""hourly"":{""time"":[""2025-04-15T00:00"",""2025-04-15T01:00"",""2025-04-15T02:00"",""2025-04-15T03:00"",""2025-04-15T04:00"",""2025-04-15T05:00"",""2025-04-15T06:00"",""2025-04-15T07:00"",""2025-04-15T08:00"",""2025-04-15T09:00"",""2025-04-15T10:00"",""2025-04-15T11:00"",""2025-04-15T12:00"",""2025-04-15T13:00"",""2025-04-15T14:00"",""2025-04-15T15:00"",""2025-04-15T16:00"",""2025-04-15T17:00"",""2025-04-15T18:00"",""2025-04-15T19:00"",""2025-04-15T20:00"",""2025-04-15T21:00"",""2025-04-15T22:00"",""2025-04-15T23:00""],""temperature_2m_previous_day1"":[14.2,14.3,13.7,13.5,13.7,13.6,13.6,13.5,13.7,13.7,13.3,13.6,14.0,14.1,14.7,14.4,14.0,13.2,12.9,12.7,12.6,12.8,13.0,13.2],""dew_point_2m_previous_day1"":[12.4,12.0,10.7,9.7,9.5,9.4,8.6,9.5,8.7,9.3,8.7,7.8,8.2,7.4,7.0,7.0,6.8,6.3,6.5,6.3,6.2,6.1,6.1,6.3],""cloud_cover_previous_day1"":[10,94,100,100,100,100,100,100,100,100,100,100,100,100,100,100,8,100,24,14,6,100,100,100],""cloud_cover_low_previous_day1"":[null,null,null,null,null,null,null,null,null,null,null,null,null,null,null,null,null,null,null,null,null,null,null,null],""pressure_msl_previous_day1"":[1024.3,1025.4,1026.0,1026.1,1026.4,1027.3,1028.4,1028.8,1029.6,1030.2,1031.0,1031.6,1032.1,1031.8,1031.9,1031.0,1031.3,1031.8,1032.3,1033.4,1033.3,1033.9,1034.5,1034.4],""wind_speed_10m_previous_day1"":[27.0,35.6,42.0,39.2,38.4,35.4,35.5,32.8,33.7,34.9,34.2,30.4,32.3,31.0,29.1,31.4,29.6,29.3,28.8,26.5,26.7,26.8,25.9,26.3],""wind_gusts_10m_previous_day1"":[26.3,43.9,50.8,49.3,47.5,44.6,43.9,41.4,41.4,41.4,41.4,38.2,37.1,36.4,34.2,36.7,34.9,34.6,36.0,35.6,37.8,37.1,36.0,37.1],""wind_direction_10m_previous_day1"":[167,172,174,173,170,171,169,163,153,158,158,154,142,142,140,139,138,137,136,135,136,131,129,131]}}",,EXPERIMENT_ONLY
previous_runs_gfs_temperature,previous_runs,gfs_seamless,2025-05-01,true,200,https://previous-runs-api.open-meteo.com/v1/forecast?end_date=2025-05-01&hourly=temperature_2m_previous_day1%2Cdew_point_2m_previous_day1%2Ccloud_cover_previous_day1%2Ccloud_cover_low_previous_day1%2Cpressure_msl_previous_day1%2Cwind_speed_10m_previous_day1%2Cwind_gusts_10m_previous_day1%2Cwind_direction_10m_previous_day1&latitude=-41.3272&longitude=174.8053&models=gfs_seamless&start_date=2025-05-01&timezone=auto,4f3e57f40d628e8124ba32130f29e368e3bbdfe7255584b126cbd35d4298c2d0,ea20f3c64b31340ca3120feb7403b968f2809a01dd7a91232d241591576d21b1,"{""latitude"":-41.295143,""longitude"":174.72656,""generationtime_ms"":40.87865352630615,""utc_offset_seconds"":43200,""timezone"":""Pacific/Auckland"",""timezone_abbreviation"":""GMT+12"",""elevation"":5.0,""hourly_units"":{""time"":""iso8601"",""temperature_2m_previous_day1"":""°C"",""dew_point_2m_previous_day1"":""°C"",""cloud_cover_previous_day1"":""%"",""cloud_cover_low_previous_day1"":""%"",""pressure_msl_previous_day1"":""hPa"",""wind_speed_10m_previous_day1"":""km/h"",""wind_gusts_10m_previous_day1"":""km/h"",""wind_direction_10m_previous_day1"":""°""},""hourly"":{""time"":[""2025-05-01T00:00"",""2025-05-01T01:00"",""2025-05-01T02:00"",""2025-05-01T03:00"",""2025-05-01T04:00"",""2025-05-01T05:00"",""2025-05-01T06:00"",""2025-05-01T07:00"",""2025-05-01T08:00"",""2025-05-01T09:00"",""2025-05-01T10:00"",""2025-05-01T11:00"",""2025-05-01T12:00"",""2025-05-01T13:00"",""2025-05-01T14:00"",""2025-05-01T15:00"",""2025-05-01T16:00"",""2025-05-01T17:00"",""2025-05-01T18:00"",""2025-05-01T19:00"",""2025-05-01T20:00"",""2025-05-01T21:00"",""2025-05-01T22:00"",""2025-05-01T23:00""],""temperature_2m_previous_day1"":[13.6,13.5,13.3,12.8,12.3,11.1,12.0,12.4,12.7,12.8,12.5,12.1,11.3,10.5,10.2,10.0,9.8,9.8,9.8,9.4,9.3,9.5,9.7,9.9],""dew_point_2m_previous_day1"":[12.8,12.5,12.3,11.8,11.3,10.0,10.4,10.8,11.1,11.2,10.9,10.2,8.9,8.1,7.9,7.8,7.5,7.2,7.2,7.2,7.4,7.8,8.0,8.1],""cloud_cover_previous_day1"":[100,100,100,100,100,100,100,100,100,100,100,100,100,100,100,100,100,100,100,100,100,100,100,100],""cloud_cover_low_previous_day1"":[null,null,null,null,null,null,null,null,null,null,null,null,null,null,null,null,null,null,null,null,null,null,null,null],""pressure_msl_previous_day1"":[993.5,992.8,992.5,992.2,991.6,992.2,992.1,992.2,992.7,993.3,993.8,994.3,995.0,995.5,996.3,997.3,998.0,998.7,999.5,1000.7,1001.6,1002.7,1003.6,1004.2],""wind_speed_10m_previous_day1"":[56.7,57.0,57.3,56.8,57.1,59.5,51.7,54.9,57.7,58.3,61.9,63.1,61.7,62.1,60.1,59.4,57.6,58.6,62.6,63.6,60.3,59.4,56.8,55.8],""wind_gusts_10m_previous_day1"":[74.2,76.0,76.3,78.8,85.7,80.6,77.4,81.7,83.9,87.5,91.8,95.4,94.7,95.4,92.5,92.2,89.6,89.3,93.2,90.7,84.2,81.0,80.3,79.2],""wind_direction_10m_previous_day1"":[184,188,190,194,196,203,213,214,211,214,216,215,215,215,213,214,214,211,208,205,201,199,200,202]}}",,EXPERIMENT_ONLY
previous_runs_gfs_temperature,previous_runs,gfs_seamless,2025-05-15,true,200,https://previous-runs-api.open-meteo.com/v1/forecast?end_date=2025-05-15&hourly=temperature_2m_previous_day1%2Cdew_point_2m_previous_day1%2Ccloud_cover_previous_day1%2Ccloud_cover_low_previous_day1%2Cpressure_msl_previous_day1%2Cwind_speed_10m_previous_day1%2Cwind_gusts_10m_previous_day1%2Cwind_direction_10m_previous_day1&latitude=-41.3272&longitude=174.8053&models=gfs_seamless&start_date=2025-05-15&timezone=auto,c90aa7106fd4a16a2f07d80f09c2c8be5902e7ae1fd3ec3fdddfea8d67a9de51,11b91374232f12f2a2e0420de5ef90114f0ffd8fca0704fde903a7030ec07a82,"{""latitude"":-41.295143,""longitude"":174.72656,""generationtime_ms"":29.320597648620605,""utc_offset_seconds"":43200,""timezone"":""Pacific/Auckland"",""timezone_abbreviation"":""GMT+12"",""elevation"":5.0,""hourly_units"":{""time"":""iso8601"",""temperature_2m_previous_day1"":""°C"",""dew_point_2m_previous_day1"":""°C"",""cloud_cover_previous_day1"":""%"",""cloud_cover_low_previous_day1"":""%"",""pressure_msl_previous_day1"":""hPa"",""wind_speed_10m_previous_day1"":""km/h"",""wind_gusts_10m_previous_day1"":""km/h"",""wind_direction_10m_previous_day1"":""°""},""hourly"":{""time"":[""2025-05-15T00:00"",""2025-05-15T01:00"",""2025-05-15T02:00"",""2025-05-15T03:00"",""2025-05-15T04:00"",""2025-05-15T05:00"",""2025-05-15T06:00"",""2025-05-15T07:00"",""2025-05-15T08:00"",""2025-05-15T09:00"",""2025-05-15T10:00"",""2025-05-15T11:00"",""2025-05-15T12:00"",""2025-05-15T13:00"",""2025-05-15T14:00"",""2025-05-15T15:00"",""2025-05-15T16:00"",""2025-05-15T17:00"",""2025-05-15T18:00"",""2025-05-15T19:00"",""2025-05-15T20:00"",""2025-05-15T21:00"",""2025-05-15T22:00"",""2025-05-15T23:00""],""temperature_2m_previous_day1"":[13.4,13.5,13.4,13.3,13.2,13.0,13.0,12.6,12.1,12.3,12.8,13.4,13.7,14.1,14.1,13.7,13.1,12.3,12.1,12.0,13.1,12.6,13.0,14.1],""dew_point_2m_previous_day1"":[9.2,8.9,8.6,8.7,8.8,8.8,8.6,8.7,8.2,7.6,7.4,7.2,7.2,7.8,8.0,8.1,8.1,7.6,7.6,8.1,8.7,8.5,8.8,10.5],""cloud_cover_previous_day1"":[0,0,0,6,100,100,100,100,92,32,6,7,12,14,11,0,0,7,0,0,0,0,0,0],""cloud_cover_low_previous_day1"":[null,null,null,null,null,null,null,null,null,null,null,null,null,null,null,null,null,null,null,null,null,null,null,null],""pressure_msl_previous_day1"":[1019.7,1019.3,1018.9,1018.6,1018.3,1018.3,1018.2,1018.4,1019.1,1019.8,1020.1,1020.4,1020.1,1019.5,1019.3,1019.2,1019.4,1019.7,1020.1,1020.6,1020.8,1020.8,1020.6,1020.3],""wind_speed_10m_previous_day1"":[40.6,45.3,47.3,47.9,49.3,47.3,44.5,38.5,32.1,26.9,21.6,14.5,15.7,17.9,19.1,19.5,19.4,18.8,18.2,18.8,23.4,22.9,24.5,26.6],""wind_gusts_10m_previous_day1"":[58.0,61.2,61.9,63.0,63.4,62.6,58.7,54.0,46.4,40.3,34.2,25.9,23.0,22.3,23.0,26.3,26.6,27.0,28.4,31.7,34.9,37.4,41.8,43.2],""wind_direction_10m_previous_day1"":[335,335,334,337,339,339,340,333,325,322,316,312,340,345,349,355,359,4,8,4,4,13,14,358]}}",,EXPERIMENT_ONLY
previous_runs_gfs_temperature,previous_runs,gfs_seamless,2025-06-01,true,200,https://previous-runs-api.open-meteo.com/v1/forecast?end_date=2025-06-01&hourly=temperature_2m_previous_day1%2Cdew_point_2m_previous_day1%2Ccloud_cover_previous_day1%2Ccloud_cover_low_previous_day1%2Cpressure_msl_previous_day1%2Cwind_speed_10m_previous_day1%2Cwind_gusts_10m_previous_day1%2Cwind_direction_10m_previous_day1&latitude=-41.3272&longitude=174.8053&models=gfs_seamless&start_date=2025-06-01&timezone=auto,ca43854042f32bd19e377c99929027c4623d9a31264b57d57698687e1bd95bcf,ea1834007ff130c96afa2f821f3beab9b577ca6699d46a2bd557ee037b295375,"{""latitude"":-41.295143,""longitude"":174.72656,""generationtime_ms"":10.957002639770508,""utc_offset_seconds"":43200,""timezone"":""Pacific/Auckland"",""timezone_abbreviation"":""GMT+12"",""elevation"":5.0,""hourly_units"":{""time"":""iso8601"",""temperature_2m_previous_day1"":""°C"",""dew_point_2m_previous_day1"":""°C"",""cloud_cover_previous_day1"":""%"",""cloud_cover_low_previous_day1"":""%"",""pressure_msl_previous_day1"":""hPa"",""wind_speed_10m_previous_day1"":""km/h"",""wind_gusts_10m_previous_day1"":""km/h"",""wind_direction_10m_previous_day1"":""°""},""hourly"":{""time"":[""2025-06-01T00:00"",""2025-06-01T01:00"",""2025-06-01T02:00"",""2025-06-01T03:00"",""2025-06-01T04:00"",""2025-06-01T05:00"",""2025-06-01T06:00"",""2025-06-01T07:00"",""2025-06-01T08:00"",""2025-06-01T09:00"",""2025-06-01T10:00"",""2025-06-01T11:00"",""2025-06-01T12:00"",""2025-06-01T13:00"",""2025-06-01T14:00"",""2025-06-01T15:00"",""2025-06-01T16:00"",""2025-06-01T17:00"",""2025-06-01T18:00"",""2025-06-01T19:00"",""2025-06-01T20:00"",""2025-06-01T21:00"",""2025-06-01T22:00"",""2025-06-01T23:00""],""temperature_2m_previous_day1"":[12.2,11.4,10.4,9.9,9.5,9.5,9.6,9.7,9.9,11.5,12.8,13.4,11.7,11.9,11.7,11.6,10.8,9.9,9.4,9.2,9.0,9.0,9.2,9.7],""dew_point_2m_previous_day1"":[5.8,6.1,5.9,5.8,6.2,6.7,7.5,7.6,7.8,8.3,8.5,8.4,8.7,8.0,8.2,8.1,7.8,7.6,7.3,7.5,7.6,7.7,7.8,7.8],""cloud_cover_previous_day1"":[5,6,7,48,100,76,100,95,91,56,17,5,100,76,79,50,100,100,94,23,36,5,11,27],""cloud_cover_low_previous_day1"":[null,null,null,null,null,null,null,null,null,null,null,null,null,null,null,null,null,null,null,null,null,null,null,null],""pressure_msl_previous_day1"":[1008.9,1009.1,1009.3,1009.7,1010.1,1010.5,1011.2,1012.2,1013.3,1014.4,1015.2,1015.9,1016.3,1016.1,1016.1,1016.1,1016.5,1016.8,1017.2,1017.6,1017.8,1017.8,1017.8,1017.4],""wind_speed_10m_previous_day1"":[19.5,13.1,9.7,5.9,5.6,9.0,7.2,5.9,5.0,5.6,8.3,9.5,18.4,17.4,16.0,14.0,11.2,8.5,7.0,5.3,8.2,8.6,8.8,10.9],""wind_gusts_10m_previous_day1"":[33.8,27.4,22.0,14.8,9.0,11.5,9.7,7.6,7.6,9.0,10.4,10.4,17.3,15.8,15.8,14.8,13.0,10.1,7.2,5.8,9.0,11.2,14.8,21.2],""wind_direction_10m_previous_day1"":[289,286,301,313,285,270,264,259,240,225,214,205,152,156,157,151,140,126,102,62,41,33,9,352]}}",,EXPERIMENT_ONLY
previous_runs_gfs_temperature,previous_runs,gfs_seamless,2025-06-15,true,200,https://previous-runs-api.open-meteo.com/v1/forecast?end_date=2025-06-15&hourly=temperature_2m_previous_day1%2Cdew_point_2m_previous_day1%2Ccloud_cover_previous_day1%2Ccloud_cover_low_previous_day1%2Cpressure_msl_previous_day1%2Cwind_speed_10m_previous_day1%2Cwind_gusts_10m_previous_day1%2Cwind_direction_10m_previous_day1&latitude=-41.3272&longitude=174.8053&models=gfs_seamless&start_date=2025-06-15&timezone=auto,218e15bfd6c63d9afb150ac1785d3c2779dac93daf8e90b3ed06ff572902dae6,1fb2122b4ba5dcf0a8429a3cc73a68af1281a9fae7de4f9a71f824643c4e9a3e,"{""latitude"":-41.295143,""longitude"":174.72656,""generationtime_ms"":24.990439414978027,""utc_offset_seconds"":43200,""timezone"":""Pacific/Auckland"",""timezone_abbreviation"":""GMT+12"",""elevation"":5.0,""hourly_units"":{""time"":""iso8601"",""temperature_2m_previous_day1"":""°C"",""dew_point_2m_previous_day1"":""°C"",""cloud_cover_previous_day1"":""%"",""cloud_cover_low_previous_day1"":""%"",""pressure_msl_previous_day1"":""hPa"",""wind_speed_10m_previous_day1"":""km/h"",""wind_gusts_10m_previous_day1"":""km/h"",""wind_direction_10m_previous_day1"":""°""},""hourly"":{""time"":[""2025-06-15T00:00"",""2025-06-15T01:00"",""2025-06-15T02:00"",""2025-06-15T03:00"",""2025-06-15T04:00"",""2025-06-15T05:00"",""2025-06-15T06:00"",""2025-06-15T07:00"",""2025-06-15T08:00"",""2025-06-15T09:00"",""2025-06-15T10:00"",""2025-06-15T11:00"",""2025-06-15T12:00"",""2025-06-15T13:00"",""2025-06-15T14:00"",""2025-06-15T15:00"",""2025-06-15T16:00"",""2025-06-15T17:00"",""2025-06-15T18:00"",""2025-06-15T19:00"",""2025-06-15T20:00"",""2025-06-15T21:00"",""2025-06-15T22:00"",""2025-06-15T23:00""],""temperature_2m_previous_day1"":[7.2,7.1,7.0,6.7,6.6,6.5,6.3,6.3,6.3,7.6,9.3,10.4,11.2,11.8,12.0,11.6,10.1,8.4,8.5,9.0,9.6,9.7,9.4,8.7],""dew_point_2m_previous_day1"":[3.6,3.5,3.4,3.5,3.4,3.3,3.1,3.1,3.1,3.6,4.1,4.5,4.6,4.3,4.0,4.5,5.8,5.3,4.5,5.0,5.6,5.7,5.5,5.4],""cloud_cover_previous_day1"":[0,0,0,0,0,0,0,5,0,0,0,0,6,74,66,12,6,5,0,0,0,5,5,0],""cloud_cover_low_previous_day1"":[null,null,null,null,null,null,null,null,null,null,null,null,null,null,null,null,null,null,null,null,null,null,null,null],""pressure_msl_previous_day1"":[1022.0,1021.7,1021.8,1021.7,1021.4,1021.1,1021.8,1022.1,1022.5,1022.7,1022.7,1022.6,1021.5,1020.8,1020.4,1020.2,1020.4,1020.5,1020.7,1021.1,1021.3,1021.3,1021.8,1022.2],""wind_speed_10m_previous_day1"":[7.4,7.1,6.5,6.6,6.8,7.1,6.6,6.1,6.2,5.1,3.1,2.4,1.3,0.8,1.9,5.1,7.6,10.0,11.1,13.8,15.8,16.9,17.1,15.8],""wind_gusts_10m_previous_day1"":[8.3,7.6,6.8,6.8,6.5,7.2,6.8,6.5,6.1,4.7,3.2,2.5,3.6,3.2,2.9,4.0,9.0,12.6,17.6,21.6,25.2,25.6,26.6,25.2],""wind_direction_10m_previous_day1"":[104,105,96,81,65,60,45,40,21,4,339,297,304,153,202,172,175,167,167,165,168,156,145,139]}}",,EXPERIMENT_ONLY
previous_runs_gfs_temperature,previous_runs,gfs_seamless,2025-07-01,true,200,https://previous-runs-api.open-meteo.com/v1/forecast?end_date=2025-07-01&hourly=temperature_2m_previous_day1%2Cdew_point_2m_previous_day1%2Ccloud_cover_previous_day1%2Ccloud_cover_low_previous_day1%2Cpressure_msl_previous_day1%2Cwind_speed_10m_previous_day1%2Cwind_gusts_10m_previous_day1%2Cwind_direction_10m_previous_day1&latitude=-41.3272&longitude=174.8053&models=gfs_seamless&start_date=2025-07-01&timezone=auto,eaaedfb7148d568de6d11b43dfe43562063e79aa92bcda919859d170ea55aa52,bc8e016777c2278cb0e6050b1930b5b5653a2ecf2d5d09213fd51929bbbf9fd8,"{""latitude"":-41.295143,""longitude"":174.72656,""generationtime_ms"":41.46301746368408,""utc_offset_seconds"":43200,""timezone"":""Pacific/Auckland"",""timezone_abbreviation"":""GMT+12"",""elevation"":5.0,""hourly_units"":{""time"":""iso8601"",""temperature_2m_previous_day1"":""°C"",""dew_point_2m_previous_day1"":""°C"",""cloud_cover_previous_day1"":""%"",""cloud_cover_low_previous_day1"":""%"",""pressure_msl_previous_day1"":""hPa"",""wind_speed_10m_previous_day1"":""km/h"",""wind_gusts_10m_previous_day1"":""km/h"",""wind_direction_10m_previous_day1"":""°""},""hourly"":{""time"":[""2025-07-01T00:00"",""2025-07-01T01:00"",""2025-07-01T02:00"",""2025-07-01T03:00"",""2025-07-01T04:00"",""2025-07-01T05:00"",""2025-07-01T06:00"",""2025-07-01T07:00"",""2025-07-01T08:00"",""2025-07-01T09:00"",""2025-07-01T10:00"",""2025-07-01T11:00"",""2025-07-01T12:00"",""2025-07-01T13:00"",""2025-07-01T14:00"",""2025-07-01T15:00"",""2025-07-01T16:00"",""2025-07-01T17:00"",""2025-07-01T18:00"",""2025-07-01T19:00"",""2025-07-01T20:00"",""2025-07-01T21:00"",""2025-07-01T22:00"",""2025-07-01T23:00""],""temperature_2m_previous_day1"":[9.5,9.4,9.2,8.3,7.7,7.9,9.1,9.1,7.8,8.8,10.2,11.2,11.8,12.2,12.2,11.9,11.0,9.2,8.8,8.6,8.5,8.6,8.6,8.6],""dew_point_2m_previous_day1"":[3.9,4.0,4.2,3.9,3.9,4.1,4.3,4.5,4.4,5.2,5.6,5.9,5.2,4.9,4.6,5.3,5.9,5.7,5.9,5.9,5.9,6.0,5.9,6.2],""cloud_cover_previous_day1"":[100,100,100,36,7,53,100,100,7,6,0,0,0,0,0,0,57,11,15,41,62,100,17,100],""cloud_cover_low_previous_day1"":[null,null,null,null,null,null,null,null,null,null,null,null,null,null,null,null,null,null,null,null,null,null,null,null],""pressure_msl_previous_day1"":[1026.4,1026.7,1026.4,1026.6,1026.8,1026.4,1026.4,1027.4,1027.4,1028.3,1028.9,1029.3,1028.4,1028.6,1028.2,1028.2,1028.3,1028.4,1027.8,1028.6,1028.8,1029.6,1029.2,1029.0],""wind_speed_10m_previous_day1"":[11.9,9.7,8.5,7.4,2.1,2.5,2.1,3.0,2.1,1.3,4.4,3.3,4.8,4.0,5.5,8.1,9.0,9.0,8.4,7.6,7.9,9.3,10.4,11.2],""wind_gusts_10m_previous_day1"":[16.6,14.0,11.9,9.4,3.6,3.6,2.5,3.2,2.9,1.8,5.4,5.8,7.6,7.6,10.1,12.2,13.3,13.3,9.7,7.9,8.6,11.9,14.4,17.6],""wind_direction_10m_previous_day1"":[145,141,144,137,121,135,149,256,121,56,9,6,42,5,349,347,355,355,10,360,16,344,360,2]}}",,EXPERIMENT_ONLY
previous_runs_gfs_temperature,previous_runs,gfs_seamless,2025-07-15,true,200,https://previous-runs-api.open-meteo.com/v1/forecast?end_date=2025-07-15&hourly=temperature_2m_previous_day1%2Cdew_point_2m_previous_day1%2Ccloud_cover_previous_day1%2Ccloud_cover_low_previous_day1%2Cpressure_msl_previous_day1%2Cwind_speed_10m_previous_day1%2Cwind_gusts_10m_previous_day1%2Cwind_direction_10m_previous_day1&latitude=-41.3272&longitude=174.8053&models=gfs_seamless&start_date=2025-07-15&timezone=auto,672f57ea0f6b460efe72be0131581a632a5e018285ce36d71c2025a855c9294a,f91cd93e23c32d64900caf118cc8f1329e1eb9d12a4fee1b139b2e0f0794699a,"{""latitude"":-41.295143,""longitude"":174.72656,""generationtime_ms"":59.2803955078125,""utc_offset_seconds"":43200,""timezone"":""Pacific/Auckland"",""timezone_abbreviation"":""GMT+12"",""elevation"":5.0,""hourly_units"":{""time"":""iso8601"",""temperature_2m_previous_day1"":""°C"",""dew_point_2m_previous_day1"":""°C"",""cloud_cover_previous_day1"":""%"",""cloud_cover_low_previous_day1"":""%"",""pressure_msl_previous_day1"":""hPa"",""wind_speed_10m_previous_day1"":""km/h"",""wind_gusts_10m_previous_day1"":""km/h"",""wind_direction_10m_previous_day1"":""°""},""hourly"":{""time"":[""2025-07-15T00:00"",""2025-07-15T01:00"",""2025-07-15T02:00"",""2025-07-15T03:00"",""2025-07-15T04:00"",""2025-07-15T05:00"",""2025-07-15T06:00"",""2025-07-15T07:00"",""2025-07-15T08:00"",""2025-07-15T09:00"",""2025-07-15T10:00"",""2025-07-15T11:00"",""2025-07-15T12:00"",""2025-07-15T13:00"",""2025-07-15T14:00"",""2025-07-15T15:00"",""2025-07-15T16:00"",""2025-07-15T17:00"",""2025-07-15T18:00"",""2025-07-15T19:00"",""2025-07-15T20:00"",""2025-07-15T21:00"",""2025-07-15T22:00"",""2025-07-15T23:00""],""temperature_2m_previous_day1"":[12.0,11.8,11.7,11.6,11.6,11.7,11.7,11.6,11.7,12.1,12.7,13.1,13.7,13.6,13.1,13.0,12.4,11.9,10.9,10.9,11.3,11.4,10.9,11.1],""dew_point_2m_previous_day1"":[10.2,9.9,9.6,9.5,9.3,9.1,7.6,7.5,7.8,8.2,8.6,8.9,8.5,8.8,8.5,9.0,10.1,10.3,9.8,9.8,10.0,9.8,9.6,9.5],""cloud_cover_previous_day1"":[0,0,5,0,19,10,0,5,0,0,10,100,0,8,49,43,90,100,42,58,65,47,62,79],""cloud_cover_low_previous_day1"":[null,null,null,null,null,null,null,null,null,null,null,null,null,null,null,null,null,null,null,null,null,null,null,null],""pressure_msl_previous_day1"":[999.1,998.8,998.5,998.1,997.6,997.5,997.9,998.0,998.0,997.7,997.2,996.6,996.2,995.4,994.8,994.3,994.0,993.9,994.0,994.1,994.2,994.5,994.8,995.1],""wind_speed_10m_previous_day1"":[23.1,24.8,22.9,25.0,28.0,29.8,30.5,31.9,29.8,27.7,26.7,25.7,20.4,22.4,24.8,20.3,19.2,17.6,14.0,13.9,13.0,14.0,7.4,6.9],""wind_gusts_10m_previous_day1"":[35.6,37.1,35.3,37.8,41.0,42.1,41.0,42.5,40.7,37.4,36.7,34.6,27.4,30.2,36.0,32.0,28.8,28.4,25.6,24.5,24.8,23.8,14.0,13.0],""wind_direction_10m_previous_day1"":[339,336,338,337,331,328,331,330,330,330,334,340,346,349,351,354,354,15,18,17,336,314,309,261]}}",,EXPERIMENT_ONLY
previous_runs_gfs_temperature,previous_runs,gfs_seamless,2025-08-01,true,200,https://previous-runs-api.open-meteo.com/v1/forecast?end_date=2025-08-01&hourly=temperature_2m_previous_day1%2Cdew_point_2m_previous_day1%2Ccloud_cover_previous_day1%2Ccloud_cover_low_previous_day1%2Cpressure_msl_previous_day1%2Cwind_speed_10m_previous_day1%2Cwind_gusts_10m_previous_day1%2Cwind_direction_10m_previous_day1&latitude=-41.3272&longitude=174.8053&models=gfs_seamless&start_date=2025-08-01&timezone=auto,6c260268a6ee270dfd5e48c9df5b3e9b23e8b8f078434364c814d986c96e684c,4674521ad7e14fcf52f3a9fea2c4e76e00adbc7c5746a9274deef3f999be650c,"{""latitude"":-41.295143,""longitude"":174.72656,""generationtime_ms"":0.2130270004272461,""utc_offset_seconds"":43200,""timezone"":""Pacific/Auckland"",""timezone_abbreviation"":""GMT+12"",""elevation"":5.0,""hourly_units"":{""time"":""iso8601"",""temperature_2m_previous_day1"":""°C"",""dew_point_2m_previous_day1"":""°C"",""cloud_cover_previous_day1"":""%"",""cloud_cover_low_previous_day1"":""%"",""pressure_msl_previous_day1"":""hPa"",""wind_speed_10m_previous_day1"":""km/h"",""wind_gusts_10m_previous_day1"":""km/h"",""wind_direction_10m_previous_day1"":""°""},""hourly"":{""time"":[""2025-08-01T00:00"",""2025-08-01T01:00"",""2025-08-01T02:00"",""2025-08-01T03:00"",""2025-08-01T04:00"",""2025-08-01T05:00"",""2025-08-01T06:00"",""2025-08-01T07:00"",""2025-08-01T08:00"",""2025-08-01T09:00"",""2025-08-01T10:00"",""2025-08-01T11:00"",""2025-08-01T12:00"",""2025-08-01T13:00"",""2025-08-01T14:00"",""2025-08-01T15:00"",""2025-08-01T16:00"",""2025-08-01T17:00"",""2025-08-01T18:00"",""2025-08-01T19:00"",""2025-08-01T20:00"",""2025-08-01T21:00"",""2025-08-01T22:00"",""2025-08-01T23:00""],""temperature_2m_previous_day1"":[8.5,8.5,8.4,8.3,8.3,8.4,8.0,8.2,8.4,8.5,8.6,8.4,8.9,8.6,9.1,9.0,8.7,8.5,8.5,8.2,8.1,7.6,7.4,6.7],""dew_point_2m_previous_day1"":[2.9,2.9,3.0,2.7,2.7,2.6,2.6,2.8,3.0,3.7,4.4,4.9,5.1,5.5,6.0,4.0,2.7,1.8,2.1,2.6,2.1,1.2,1.2,1.0],""cloud_cover_previous_day1"":[100,100,100,100,100,100,51,100,100,100,100,100,100,100,100,100,100,54,100,100,100,9,34,7],""cloud_cover_low_previous_day1"":[null,null,null,null,null,null,null,null,null,null,null,null,null,null,null,null,null,null,null,null,null,null,null,null],""pressure_msl_previous_day1"":[1008.3,1008.3,1008.5,1008.7,1008.9,1009.7,1010.9,1012.0,1012.8,1013.8,1014.7,1015.5,1015.4,1015.5,1015.0,1015.7,1016.2,1016.7,1017.2,1018.2,1018.9,1019.4,1019.7,1019.9],""wind_speed_10m_previous_day1"":[27.7,26.6,25.7,26.3,27.2,27.1,28.9,30.5,31.5,33.8,36.0,34.9,37.1,40.8,38.2,37.7,35.7,35.0,34.2,29.6,24.9,18.6,14.1,10.8],""wind_gusts_10m_previous_day1"":[34.2,33.5,32.0,32.0,34.2,34.6,37.1,39.6,40.0,41.8,45.0,45.4,48.2,51.8,48.2,46.4,45.0,45.0,43.6,38.2,32.8,27.0,21.2,16.6],""wind_direction_10m_previous_day1"":[167,167,169,171,172,175,176,173,174,179,182,182,179,184,172,173,176,176,168,164,158,158,161,154]}}",,EXPERIMENT_ONLY
previous_runs_gfs_temperature,previous_runs,gfs_seamless,2025-08-15,true,200,https://previous-runs-api.open-meteo.com/v1/forecast?end_date=2025-08-15&hourly=temperature_2m_previous_day1%2Cdew_point_2m_previous_day1%2Ccloud_cover_previous_day1%2Ccloud_cover_low_previous_day1%2Cpressure_msl_previous_day1%2Cwind_speed_10m_previous_day1%2Cwind_gusts_10m_previous_day1%2Cwind_direction_10m_previous_day1&latitude=-41.3272&longitude=174.8053&models=gfs_seamless&start_date=2025-08-15&timezone=auto,c60b076ec984df9b0df78fd6add6f4d684abd7da37d64b0fc19b99c1f7697c60,43317f035b3f2401e8d875dfa9058518100c21a7f4ab1ffee7accd8d2a9e1d38,"{""latitude"":-41.295143,""longitude"":174.72656,""generationtime_ms"":34.674882888793945,""utc_offset_seconds"":43200,""timezone"":""Pacific/Auckland"",""timezone_abbreviation"":""GMT+12"",""elevation"":5.0,""hourly_units"":{""time"":""iso8601"",""temperature_2m_previous_day1"":""°C"",""dew_point_2m_previous_day1"":""°C"",""cloud_cover_previous_day1"":""%"",""cloud_cover_low_previous_day1"":""%"",""pressure_msl_previous_day1"":""hPa"",""wind_speed_10m_previous_day1"":""km/h"",""wind_gusts_10m_previous_day1"":""km/h"",""wind_direction_10m_previous_day1"":""°""},""hourly"":{""time"":[""2025-08-15T00:00"",""2025-08-15T01:00"",""2025-08-15T02:00"",""2025-08-15T03:00"",""2025-08-15T04:00"",""2025-08-15T05:00"",""2025-08-15T06:00"",""2025-08-15T07:00"",""2025-08-15T08:00"",""2025-08-15T09:00"",""2025-08-15T10:00"",""2025-08-15T11:00"",""2025-08-15T12:00"",""2025-08-15T13:00"",""2025-08-15T14:00"",""2025-08-15T15:00"",""2025-08-15T16:00"",""2025-08-15T17:00"",""2025-08-15T18:00"",""2025-08-15T19:00"",""2025-08-15T20:00"",""2025-08-15T21:00"",""2025-08-15T22:00"",""2025-08-15T23:00""],""temperature_2m_previous_day1"":[7.0,7.2,8.2,8.8,9.0,8.8,7.6,7.8,8.5,10.7,12.0,12.6,13.3,13.3,13.2,12.7,12.2,11.1,9.4,9.1,9.2,9.2,9.3,9.0],""dew_point_2m_previous_day1"":[5.3,5.6,6.3,6.7,6.6,6.0,5.9,6.1,6.4,7.4,7.1,7.0,7.1,7.1,7.0,7.1,7.5,7.4,6.8,6.9,7.1,7.1,7.2,7.3],""cloud_cover_previous_day1"":[0,0,2,37,0,0,5,0,0,0,0,6,5,0,0,0,0,0,0,0,0,0,0,0],""cloud_cover_low_previous_day1"":[null,null,null,null,null,null,null,null,null,null,null,null,null,null,null,null,null,null,null,null,null,null,null,null],""pressure_msl_previous_day1"":[1020.7,1020.9,1020.7,1020.5,1020.0,1020.3,1020.4,1020.8,1021.3,1022.0,1022.1,1022.5,1022.8,1022.4,1022.2,1022.1,1022.3,1022.5,1022.9,1023.8,1024.1,1024.1,1024.4,1024.2],""wind_speed_10m_previous_day1"":[11.2,12.4,16.0,16.6,16.2,13.3,9.8,10.8,11.2,10.4,13.0,11.5,13.2,12.9,13.4,14.6,12.1,11.8,10.4,10.8,11.5,11.3,12.3,12.0],""wind_gusts_10m_previous_day1"":[18.4,19.8,27.0,27.7,27.7,23.8,16.6,18.7,18.7,16.6,15.8,13.3,15.5,15.1,15.5,18.0,18.7,20.9,17.6,18.7,19.8,19.1,21.2,19.8],""wind_direction_10m_previous_day1"":[6,10,8,5,357,347,354,356,360,2,357,346,349,347,346,344,343,348,358,4,4,7,7,7]}}",,EXPERIMENT_ONLY
previous_runs_gfs_temperature,previous_runs,gfs_seamless,2025-09-01,true,200,https://previous-runs-api.open-meteo.com/v1/forecast?end_date=2025-09-01&hourly=temperature_2m_previous_day1%2Cdew_point_2m_previous_day1%2Ccloud_cover_previous_day1%2Ccloud_cover_low_previous_day1%2Cpressure_msl_previous_day1%2Cwind_speed_10m_previous_day1%2Cwind_gusts_10m_previous_day1%2Cwind_direction_10m_previous_day1&latitude=-41.3272&longitude=174.8053&models=gfs_seamless&start_date=2025-09-01&timezone=auto,16f2e83203626da273bc2ad44c15b21ef5e3bd7256d8d684867ae98c2430925a,46c345b3e5afd62b09fa486536ce21bd3591ddd56309d8f142b714654ae55d96,"{""latitude"":-41.295143,""longitude"":174.72656,""generationtime_ms"":19.280433654785156,""utc_offset_seconds"":43200,""timezone"":""Pacific/Auckland"",""timezone_abbreviation"":""GMT+12"",""elevation"":5.0,""hourly_units"":{""time"":""iso8601"",""temperature_2m_previous_day1"":""°C"",""dew_point_2m_previous_day1"":""°C"",""cloud_cover_previous_day1"":""%"",""cloud_cover_low_previous_day1"":""%"",""pressure_msl_previous_day1"":""hPa"",""wind_speed_10m_previous_day1"":""km/h"",""wind_gusts_10m_previous_day1"":""km/h"",""wind_direction_10m_previous_day1"":""°""},""hourly"":{""time"":[""2025-09-01T00:00"",""2025-09-01T01:00"",""2025-09-01T02:00"",""2025-09-01T03:00"",""2025-09-01T04:00"",""2025-09-01T05:00"",""2025-09-01T06:00"",""2025-09-01T07:00"",""2025-09-01T08:00"",""2025-09-01T09:00"",""2025-09-01T10:00"",""2025-09-01T11:00"",""2025-09-01T12:00"",""2025-09-01T13:00"",""2025-09-01T14:00"",""2025-09-01T15:00"",""2025-09-01T16:00"",""2025-09-01T17:00"",""2025-09-01T18:00"",""2025-09-01T19:00"",""2025-09-01T20:00"",""2025-09-01T21:00"",""2025-09-01T22:00"",""2025-09-01T23:00""],""temperature_2m_previous_day1"":[7.6,7.6,6.3,6.4,6.6,6.8,6.1,6.7,9.8,11.9,12.5,13.0,13.4,13.9,14.0,13.9,13.8,12.9,12.0,11.9,11.9,11.9,12.1,12.1],""dew_point_2m_previous_day1"":[4.7,4.3,3.9,4.4,3.7,3.9,3.9,4.3,5.0,5.1,6.3,6.3,6.9,6.9,7.3,7.4,7.1,6.7,6.7,6.8,7.0,7.2,7.2,7.0],""cloud_cover_previous_day1"":[100,100,69,66,11,0,-1,0,0,5,5,100,87,48,15,6,6,0,6,7,10,44,18,6],""cloud_cover_low_previous_day1"":[null,null,null,null,null,null,null,null,null,null,null,null,null,null,null,null,null,null,null,null,null,null,null,null],""pressure_msl_previous_day1"":[999.2,1000.0,1000.3,1000.0,1000.2,1001.2,1002.0,1002.4,1003.4,1004.3,1004.3,1005.4,1005.2,1004.5,1004.2,1003.6,1003.4,1003.9,1004.2,1005.0,1005.7,1006.2,1006.2,1006.5],""wind_speed_10m_previous_day1"":[10.9,2.9,7.9,9.4,6.1,7.1,6.9,15.5,19.3,35.1,44.4,39.9,32.3,35.7,35.7,33.1,36.7,42.1,39.7,37.5,36.3,34.7,32.8,34.0],""wind_gusts_10m_previous_day1"":[16.6,4.0,13.7,18.7,13.3,13.3,7.2,22.0,38.9,52.2,60.1,57.2,56.5,56.2,56.2,54.4,61.9,59.0,59.0,52.9,54.0,50.8,47.9,48.2],""wind_direction_10m_previous_day1"":[189,240,336,7,332,285,351,13,323,297,305,309,315,312,311,316,311,305,301,301,300,305,308,302]}}",,EXPERIMENT_ONLY
previous_runs_gfs_temperature,previous_runs,gfs_seamless,2025-09-15,true,200,https://previous-runs-api.open-meteo.com/v1/forecast?end_date=2025-09-15&hourly=temperature_2m_previous_day1%2Cdew_point_2m_previous_day1%2Ccloud_cover_previous_day1%2Ccloud_cover_low_previous_day1%2Cpressure_msl_previous_day1%2Cwind_speed_10m_previous_day1%2Cwind_gusts_10m_previous_day1%2Cwind_direction_10m_previous_day1&latitude=-41.3272&longitude=174.8053&models=gfs_seamless&start_date=2025-09-15&timezone=auto,4a4972e09bcf1a7b00c5efb3cbaa3c977f73b3d3db3e11bed01c51f7f8fbbef1,939deb1f6e89f2a1af70c038b8b47ba1fcdf0c75ee64c8f5f2196a1c65955fb3,"{""latitude"":-41.295143,""longitude"":174.72656,""generationtime_ms"":17.544865608215332,""utc_offset_seconds"":43200,""timezone"":""Pacific/Auckland"",""timezone_abbreviation"":""GMT+12"",""elevation"":5.0,""hourly_units"":{""time"":""iso8601"",""temperature_2m_previous_day1"":""°C"",""dew_point_2m_previous_day1"":""°C"",""cloud_cover_previous_day1"":""%"",""cloud_cover_low_previous_day1"":""%"",""pressure_msl_previous_day1"":""hPa"",""wind_speed_10m_previous_day1"":""km/h"",""wind_gusts_10m_previous_day1"":""km/h"",""wind_direction_10m_previous_day1"":""°""},""hourly"":{""time"":[""2025-09-15T00:00"",""2025-09-15T01:00"",""2025-09-15T02:00"",""2025-09-15T03:00"",""2025-09-15T04:00"",""2025-09-15T05:00"",""2025-09-15T06:00"",""2025-09-15T07:00"",""2025-09-15T08:00"",""2025-09-15T09:00"",""2025-09-15T10:00"",""2025-09-15T11:00"",""2025-09-15T12:00"",""2025-09-15T13:00"",""2025-09-15T14:00"",""2025-09-15T15:00"",""2025-09-15T16:00"",""2025-09-15T17:00"",""2025-09-15T18:00"",""2025-09-15T19:00"",""2025-09-15T20:00"",""2025-09-15T21:00"",""2025-09-15T22:00"",""2025-09-15T23:00""],""temperature_2m_previous_day1"":[6.0,6.2,7.7,8.7,9.2,9.5,10.7,10.4,11.7,12.7,13.2,13.8,14.3,14.7,15.9,16.5,16.4,15.8,14.7,14.1,13.6,13.4,13.1,12.6],""dew_point_2m_previous_day1"":[3.1,3.5,4.3,4.5,5.2,5.6,6.8,7.4,7.6,7.6,7.8,8.0,7.8,7.0,6.3,6.3,8.3,7.8,7.2,6.7,6.4,6.2,6.4,6.4],""cloud_cover_previous_day1"":[30,5,5,5,0,42,100,91,38,7,0,0,0,0,0,6,10,6,6,6,0,0,0,0],""cloud_cover_low_previous_day1"":[null,null,null,null,null,null,null,null,null,null,null,null,null,null,null,null,null,null,null,null,null,null,null,null],""pressure_msl_previous_day1"":[1013.2,1013.2,1012.8,1012.5,1012.3,1012.1,1012.1,1012.3,1012.2,1012.2,1012.0,1011.2,1010.7,1010.1,1009.3,1008.4,1007.7,1007.9,1008.3,1008.4,1008.9,1009.0,1009.3,1009.1],""wind_speed_10m_previous_day1"":[10.7,13.3,17.5,21.0,24.4,25.2,26.3,26.1,25.3,26.3,26.8,26.2,23.2,19.6,15.5,15.2,14.2,24.0,30.6,31.7,31.2,26.6,17.6,12.1],""wind_gusts_10m_previous_day1"":[14.4,22.3,28.4,31.3,34.2,36.4,37.1,38.5,35.3,32.0,29.5,24.5,19.8,19.1,26.6,45.7,48.2,51.5,52.9,49.3,45.0,38.2,41.4,46.4],""wind_direction_10m_previous_day1"":[12,357,351,344,344,351,357,6,355,347,345,344,344,346,359,7,336,310,311,309,309,311,316,337]}}",,EXPERIMENT_ONLY
previous_runs_gfs_temperature,previous_runs,gfs_seamless,2025-10-01,true,200,https://previous-runs-api.open-meteo.com/v1/forecast?end_date=2025-10-01&hourly=temperature_2m_previous_day1%2Cdew_point_2m_previous_day1%2Ccloud_cover_previous_day1%2Ccloud_cover_low_previous_day1%2Cpressure_msl_previous_day1%2Cwind_speed_10m_previous_day1%2Cwind_gusts_10m_previous_day1%2Cwind_direction_10m_previous_day1&latitude=-41.3272&longitude=174.8053&models=gfs_seamless&start_date=2025-10-01&timezone=auto,c7d3a5d7efa3aa120a82b4259a7f03d6a00896a8da5f8adca3d1b163e080b11f,92897ed0a83a0bc9972701d0b69151bc92ee379922f9a4656c06dabe11e7aa12,"{""latitude"":-41.295143,""longitude"":174.72656,""generationtime_ms"":74.22161102294922,""utc_offset_seconds"":43200,""timezone"":""Pacific/Auckland"",""timezone_abbreviation"":""GMT+12"",""elevation"":5.0,""hourly_units"":{""time"":""iso8601"",""temperature_2m_previous_day1"":""°C"",""dew_point_2m_previous_day1"":""°C"",""cloud_cover_previous_day1"":""%"",""cloud_cover_low_previous_day1"":""%"",""pressure_msl_previous_day1"":""hPa"",""wind_speed_10m_previous_day1"":""km/h"",""wind_gusts_10m_previous_day1"":""km/h"",""wind_direction_10m_previous_day1"":""°""},""hourly"":{""time"":[""2025-10-01T00:00"",""2025-10-01T01:00"",""2025-10-01T02:00"",""2025-10-01T03:00"",""2025-10-01T04:00"",""2025-10-01T05:00"",""2025-10-01T06:00"",""2025-10-01T07:00"",""2025-10-01T08:00"",""2025-10-01T09:00"",""2025-10-01T10:00"",""2025-10-01T11:00"",""2025-10-01T12:00"",""2025-10-01T13:00"",""2025-10-01T14:00"",""2025-10-01T15:00"",""2025-10-01T16:00"",""2025-10-01T17:00"",""2025-10-01T18:00"",""2025-10-01T19:00"",""2025-10-01T20:00"",""2025-10-01T21:00"",""2025-10-01T22:00"",""2025-10-01T23:00""],""temperature_2m_previous_day1"":[11.7,11.7,11.6,11.7,11.9,12.0,12.3,12.2,12.7,13.2,13.5,6.6,6.1,6.0,5.5,5.5,5.8,5.9,6.2,6.3,6.4,7.1,7.0,6.7],""dew_point_2m_previous_day1"":[3.9,3.9,4.1,4.6,6.8,7.3,8.4,8.3,8.2,7.2,7.9,5.4,5.4,5.5,4.9,4.0,4.3,3.9,3.0,2.4,1.9,1.6,1.9,2.0],""cloud_cover_previous_day1"":[44,100,0,56,100,100,100,100,100,100,100,100,100,100,100,100,100,100,100,100,75,100,100,100],""cloud_cover_low_previous_day1"":[null,null,null,null,null,null,null,null,null,null,null,null,null,null,null,null,null,null,null,null,null,null,null,null],""pressure_msl_previous_day1"":[1007.2,1007.0,1006.7,1006.5,1006.9,1006.5,1005.9,1005.9,1006.2,1006.4,1007.2,1009.6,1009.8,1009.7,1010.2,1010.5,1011.0,1011.5,1011.9,1012.1,1012.9,1013.3,1013.8,1013.6],""wind_speed_10m_previous_day1"":[38.6,39.1,36.2,41.2,46.0,46.0,44.8,38.2,35.2,31.1,27.0,38.2,35.3,27.5,31.0,22.1,22.7,20.1,19.7,19.5,13.2,10.3,6.9,6.6],""wind_gusts_10m_previous_day1"":[58.7,60.1,59.0,62.3,60.8,54.0,53.3,49.7,47.9,47.5,47.5,48.2,43.9,35.3,35.6,31.0,29.9,28.8,28.4,28.1,20.2,14.4,8.3,8.3],""wind_direction_10m_previous_day1"":[309,309,312,309,309,320,323,322,318,319,272,183,179,175,160,161,153,153,149,141,137,126,99,68]}}",,EXPERIMENT_ONLY
previous_runs_gfs_temperature,previous_runs,gfs_seamless,2025-10-15,true,200,https://previous-runs-api.open-meteo.com/v1/forecast?end_date=2025-10-15&hourly=temperature_2m_previous_day1%2Cdew_point_2m_previous_day1%2Ccloud_cover_previous_day1%2Ccloud_cover_low_previous_day1%2Cpressure_msl_previous_day1%2Cwind_speed_10m_previous_day1%2Cwind_gusts_10m_previous_day1%2Cwind_direction_10m_previous_day1&latitude=-41.3272&longitude=174.8053&models=gfs_seamless&start_date=2025-10-15&timezone=auto,7c673324473e1c937e311353a0b1997563f462256e45d4236b1bafc6378e0353,c49c972521b30add3f5d9649774dc951fd90fe1cafa835113ed8e887dc8b73ec,"{""latitude"":-41.295143,""longitude"":174.72656,""generationtime_ms"":4.323720932006836,""utc_offset_seconds"":43200,""timezone"":""Pacific/Auckland"",""timezone_abbreviation"":""GMT+12"",""elevation"":5.0,""hourly_units"":{""time"":""iso8601"",""temperature_2m_previous_day1"":""°C"",""dew_point_2m_previous_day1"":""°C"",""cloud_cover_previous_day1"":""%"",""cloud_cover_low_previous_day1"":""%"",""pressure_msl_previous_day1"":""hPa"",""wind_speed_10m_previous_day1"":""km/h"",""wind_gusts_10m_previous_day1"":""km/h"",""wind_direction_10m_previous_day1"":""°""},""hourly"":{""time"":[""2025-10-15T00:00"",""2025-10-15T01:00"",""2025-10-15T02:00"",""2025-10-15T03:00"",""2025-10-15T04:00"",""2025-10-15T05:00"",""2025-10-15T06:00"",""2025-10-15T07:00"",""2025-10-15T08:00"",""2025-10-15T09:00"",""2025-10-15T10:00"",""2025-10-15T11:00"",""2025-10-15T12:00"",""2025-10-15T13:00"",""2025-10-15T14:00"",""2025-10-15T15:00"",""2025-10-15T16:00"",""2025-10-15T17:00"",""2025-10-15T18:00"",""2025-10-15T19:00"",""2025-10-15T20:00"",""2025-10-15T21:00"",""2025-10-15T22:00"",""2025-10-15T23:00""],""temperature_2m_previous_day1"":[8.1,9.3,9.3,9.1,8.4,7.8,9.0,10.7,12.1,13.2,14.1,14.2,13.7,14.2,14.3,14.9,14.8,14.1,13.4,12.1,11.7,11.5,11.5,11.8],""dew_point_2m_previous_day1"":[4.7,4.7,4.7,5.1,5.3,5.1,5.5,6.0,6.3,6.3,5.7,5.0,5.6,5.8,6.1,6.7,6.8,7.1,7.6,8.4,8.4,8.4,8.6,8.5],""cloud_cover_previous_day1"":[81,100,100,100,82,11,12,15,14,11,10,0,5,79,100,63,55,7,0,0,0,0,0,7],""cloud_cover_low_previous_day1"":[null,null,null,null,null,null,null,null,null,null,null,null,null,null,null,null,null,null,null,null,null,null,null,null],""pressure_msl_previous_day1"":[1011.3,1011.3,1011.2,1011.0,1010.9,1010.8,1011.0,1011.2,1011.3,1011.4,1011.4,1011.3,1011.0,1010.9,1010.6,1010.2,1009.9,1010.2,1010.0,1010.3,1010.8,1011.2,1011.3,1011.1],""wind_speed_10m_previous_day1"":[7.8,5.2,3.7,6.2,9.0,12.7,17.7,21.2,21.4,21.7,23.0,24.8,29.5,26.3,25.7,23.2,21.9,20.9,17.1,13.7,14.8,15.1,14.2,12.7],""wind_gusts_10m_previous_day1"":[11.9,7.6,4.0,8.6,13.7,20.9,28.4,29.2,28.4,27.7,28.4,28.4,31.0,28.8,31.3,29.9,29.9,29.5,28.8,23.0,25.2,25.9,27.4,25.2],""wind_direction_10m_previous_day1"":[146,124,29,350,337,335,336,345,347,336,331,327,332,338,338,341,346,349,352,14,23,25,16,8]}}",,EXPERIMENT_ONLY
previous_runs_gfs_temperature,previous_runs,gfs_seamless,2025-11-01,true,200,https://previous-runs-api.open-meteo.com/v1/forecast?end_date=2025-11-01&hourly=temperature_2m_previous_day1%2Cdew_point_2m_previous_day1%2Ccloud_cover_previous_day1%2Ccloud_cover_low_previous_day1%2Cpressure_msl_previous_day1%2Cwind_speed_10m_previous_day1%2Cwind_gusts_10m_previous_day1%2Cwind_direction_10m_previous_day1&latitude=-41.3272&longitude=174.8053&models=gfs_seamless&start_date=2025-11-01&timezone=auto,7cb5403e7679c5b7e29a856450aad7c062c176c869f4f4709b0d7c450e1dbb68,163bd8f121d82fdf383112a46506026ccddd7ce0d51ada2fe79903816b98af4e,"{""latitude"":-41.295143,""longitude"":174.72656,""generationtime_ms"":41.90933704376221,""utc_offset_seconds"":43200,""timezone"":""Pacific/Auckland"",""timezone_abbreviation"":""GMT+12"",""elevation"":5.0,""hourly_units"":{""time"":""iso8601"",""temperature_2m_previous_day1"":""°C"",""dew_point_2m_previous_day1"":""°C"",""cloud_cover_previous_day1"":""%"",""cloud_cover_low_previous_day1"":""%"",""pressure_msl_previous_day1"":""hPa"",""wind_speed_10m_previous_day1"":""km/h"",""wind_gusts_10m_previous_day1"":""km/h"",""wind_direction_10m_previous_day1"":""°""},""hourly"":{""time"":[""2025-11-01T00:00"",""2025-11-01T01:00"",""2025-11-01T02:00"",""2025-11-01T03:00"",""2025-11-01T04:00"",""2025-11-01T05:00"",""2025-11-01T06:00"",""2025-11-01T07:00"",""2025-11-01T08:00"",""2025-11-01T09:00"",""2025-11-01T10:00"",""2025-11-01T11:00"",""2025-11-01T12:00"",""2025-11-01T13:00"",""2025-11-01T14:00"",""2025-11-01T15:00"",""2025-11-01T16:00"",""2025-11-01T17:00"",""2025-11-01T18:00"",""2025-11-01T19:00"",""2025-11-01T20:00"",""2025-11-01T21:00"",""2025-11-01T22:00"",""2025-11-01T23:00""],""temperature_2m_previous_day1"":[10.3,10.2,10.5,10.5,10.5,10.3,10.5,11.2,12.2,13.4,14.3,14.9,15.8,15.8,17.0,17.1,16.5,15.6,14.2,11.9,11.8,12.5,12.6,12.5],""dew_point_2m_previous_day1"":[5.2,5.6,5.7,5.8,5.6,5.7,5.6,5.7,5.2,5.0,5.1,5.4,5.9,6.0,5.6,5.4,4.9,4.6,6.3,7.0,7.5,8.0,8.1,8.2],""cloud_cover_previous_day1"":[57,62,100,100,100,82,93,75,8,7,7,73,44,47,5,5,0,0,0,0,0,0,0,0],""cloud_cover_low_previous_day1"":[null,null,null,null,null,null,null,null,null,null,null,null,null,null,null,null,null,null,null,null,null,null,null,null],""pressure_msl_previous_day1"":[1025.5,1025.6,1025.9,1026.3,1026.7,1027.2,1027.8,1028.5,1029.0,1029.3,1029.3,1029.0,1028.5,1028.2,1027.8,1027.2,1027.0,1026.8,1026.4,1026.6,1027.0,1027.0,1027.0,1027.0],""wind_speed_10m_previous_day1"":[22.0,21.8,21.3,19.3,17.6,17.1,14.3,13.5,13.0,11.3,11.5,11.0,11.2,9.8,6.2,4.2,1.6,3.9,7.1,11.4,15.3,19.7,23.5,26.0],""wind_gusts_10m_previous_day1"":[29.9,29.2,27.0,25.6,24.5,23.4,19.8,17.3,13.7,9.7,7.6,6.8,9.4,9.4,8.6,9.0,8.6,9.0,12.6,18.0,27.4,32.8,36.7,39.6],""wind_direction_10m_previous_day1"":[148,149,150,147,145,141,135,134,134,143,160,169,182,172,170,200,243,338,345,349,351,342,339,343]}}",,EXPERIMENT_ONLY
previous_runs_gfs_temperature,previous_runs,gfs_seamless,2025-11-15,true,200,https://previous-runs-api.open-meteo.com/v1/forecast?end_date=2025-11-15&hourly=temperature_2m_previous_day1%2Cdew_point_2m_previous_day1%2Ccloud_cover_previous_day1%2Ccloud_cover_low_previous_day1%2Cpressure_msl_previous_day1%2Cwind_speed_10m_previous_day1%2Cwind_gusts_10m_previous_day1%2Cwind_direction_10m_previous_day1&latitude=-41.3272&longitude=174.8053&models=gfs_seamless&start_date=2025-11-15&timezone=auto,9f5b1f550c7b4faf1483fe737c8d5cb5e9c2b3574eac3643b7227a194a8711f0,618f9e67c00eefe906a02f0baee9bcfb70cfae9072fafd5d8399df653ef8676b,"{""latitude"":-41.295143,""longitude"":174.72656,""generationtime_ms"":69.05877590179443,""utc_offset_seconds"":43200,""timezone"":""Pacific/Auckland"",""timezone_abbreviation"":""GMT+12"",""elevation"":5.0,""hourly_units"":{""time"":""iso8601"",""temperature_2m_previous_day1"":""°C"",""dew_point_2m_previous_day1"":""°C"",""cloud_cover_previous_day1"":""%"",""cloud_cover_low_previous_day1"":""%"",""pressure_msl_previous_day1"":""hPa"",""wind_speed_10m_previous_day1"":""km/h"",""wind_gusts_10m_previous_day1"":""km/h"",""wind_direction_10m_previous_day1"":""°""},""hourly"":{""time"":[""2025-11-15T00:00"",""2025-11-15T01:00"",""2025-11-15T02:00"",""2025-11-15T03:00"",""2025-11-15T04:00"",""2025-11-15T05:00"",""2025-11-15T06:00"",""2025-11-15T07:00"",""2025-11-15T08:00"",""2025-11-15T09:00"",""2025-11-15T10:00"",""2025-11-15T11:00"",""2025-11-15T12:00"",""2025-11-15T13:00"",""2025-11-15T14:00"",""2025-11-15T15:00"",""2025-11-15T16:00"",""2025-11-15T17:00"",""2025-11-15T18:00"",""2025-11-15T19:00"",""2025-11-15T20:00"",""2025-11-15T21:00"",""2025-11-15T22:00"",""2025-11-15T23:00""],""temperature_2m_previous_day1"":[14.7,14.9,15.1,15.3,15.4,14.2,13.2,13.5,14.1,15.2,15.6,16.6,15.9,15.7,15.0,16.3,16.2,15.7,15.4,14.6,14.2,12.1,11.7,11.8],""dew_point_2m_previous_day1"":[13.1,13.4,13.4,13.5,9.9,9.5,5.8,5.4,5.9,5.7,4.3,5.5,5.2,7.4,8.5,6.7,6.3,6.4,7.4,7.1,6.6,8.5,8.8,8.7],""cloud_cover_previous_day1"":[77,100,100,100,16,0,90,5,0,5,0,5,5,6,6,8,74,74,98,6,0,0,0,0],""cloud_cover_low_previous_day1"":[null,null,null,null,null,null,null,null,null,null,null,null,null,null,null,null,null,null,null,null,null,null,null,null],""pressure_msl_previous_day1"":[1002.1,1001.5,1000.7,1000.3,1000.4,1001.8,1003.1,1004.6,1006.7,1007.2,1007.7,1008.1,1008.4,1008.3,1008.5,1009.0,1009.9,1010.4,1011.4,1012.4,1014.0,1015.5,1016.6,1017.6],""wind_speed_10m_previous_day1"":[41.9,44.2,44.9,40.6,41.3,31.7,38.3,36.2,14.8,5.6,6.0,21.2,19.5,34.0,36.3,35.0,25.8,23.5,21.5,19.1,15.3,9.8,15.5,13.3],""wind_gusts_10m_previous_day1"":[65.9,69.5,68.8,63.7,65.5,48.6,51.5,50.8,31.7,18.7,26.6,38.2,32.8,41.4,46.4,45.4,40.3,41.0,39.2,38.5,33.5,19.1,18.7,19.1],""wind_direction_10m_previous_day1"":[325,328,322,325,317,299,301,287,236,165,303,320,337,333,326,320,311,324,310,319,297,174,152,161]}}",,EXPERIMENT_ONLY
previous_runs_gfs_temperature,previous_runs,gfs_seamless,2025-12-01,true,200,https://previous-runs-api.open-meteo.com/v1/forecast?end_date=2025-12-01&hourly=temperature_2m_previous_day1%2Cdew_point_2m_previous_day1%2Ccloud_cover_previous_day1%2Ccloud_cover_low_previous_day1%2Cpressure_msl_previous_day1%2Cwind_speed_10m_previous_day1%2Cwind_gusts_10m_previous_day1%2Cwind_direction_10m_previous_day1&latitude=-41.3272&longitude=174.8053&models=gfs_seamless&start_date=2025-12-01&timezone=auto,e5c0cfefe3c0b1c7a882c60f1856ca61c9eba7bbb14af1d01c3081efc66269e6,a3f704a7c2f65a61861d862929089c7b5b7c01cb92e8ef68a3f950878d3e2522,"{""latitude"":-41.295143,""longitude"":174.72656,""generationtime_ms"":29.01172637939453,""utc_offset_seconds"":43200,""timezone"":""Pacific/Auckland"",""timezone_abbreviation"":""GMT+12"",""elevation"":5.0,""hourly_units"":{""time"":""iso8601"",""temperature_2m_previous_day1"":""°C"",""dew_point_2m_previous_day1"":""°C"",""cloud_cover_previous_day1"":""%"",""cloud_cover_low_previous_day1"":""%"",""pressure_msl_previous_day1"":""hPa"",""wind_speed_10m_previous_day1"":""km/h"",""wind_gusts_10m_previous_day1"":""km/h"",""wind_direction_10m_previous_day1"":""°""},""hourly"":{""time"":[""2025-12-01T00:00"",""2025-12-01T01:00"",""2025-12-01T02:00"",""2025-12-01T03:00"",""2025-12-01T04:00"",""2025-12-01T05:00"",""2025-12-01T06:00"",""2025-12-01T07:00"",""2025-12-01T08:00"",""2025-12-01T09:00"",""2025-12-01T10:00"",""2025-12-01T11:00"",""2025-12-01T12:00"",""2025-12-01T13:00"",""2025-12-01T14:00"",""2025-12-01T15:00"",""2025-12-01T16:00"",""2025-12-01T17:00"",""2025-12-01T18:00"",""2025-12-01T19:00"",""2025-12-01T20:00"",""2025-12-01T21:00"",""2025-12-01T22:00"",""2025-12-01T23:00""],""temperature_2m_previous_day1"":[15.8,15.4,15.1,14.8,14.7,14.7,15.2,15.9,16.6,17.1,17.5,17.6,17.7,17.2,16.9,16.5,16.3,16.0,15.5,15.0,14.8,14.7,14.7,14.7],""dew_point_2m_previous_day1"":[12.7,12.9,12.8,12.9,12.8,12.4,12.5,12.2,12.1,11.8,11.3,11.2,11.3,11.0,10.8,10.4,10.2,9.9,10.3,10.4,10.6,10.9,11.1,11.3],""cloud_cover_previous_day1"":[0,0,0,0,0,0,0,0,0,0,0,0,7,100,0,0,63,6,0,0,0,0,0,0],""cloud_cover_low_previous_day1"":[null,null,null,null,null,null,null,null,null,null,null,null,null,null,null,null,null,null,null,null,null,null,null,null],""pressure_msl_previous_day1"":[994.4,994.2,994.4,994.7,995.1,995.9,996.6,997.7,998.9,999.3,999.8,1000.0,1000.2,1000.3,1000.4,1000.4,1000.5,1000.3,1000.4,1000.8,1001.4,1002.3,1002.8,1003.3],""wind_speed_10m_previous_day1"":[50.6,49.5,44.0,42.1,41.1,41.6,38.1,34.5,34.5,35.2,35.3,36.3,41.1,46.0,49.5,51.7,51.9,51.9,49.6,48.8,48.9,47.3,44.6,41.1],""wind_gusts_10m_previous_day1"":[73.1,69.8,62.3,58.0,56.2,55.8,54.7,51.5,50.0,48.2,48.2,49.7,54.4,60.5,64.4,66.2,67.3,68.0,66.2,65.2,64.1,61.2,56.9,52.9],""wind_direction_10m_previous_day1"":[330,330,332,336,337,338,337,340,342,340,342,344,337,333,330,329,329,330,331,333,333,333,334,331]}}",,EXPERIMENT_ONLY
previous_runs_gfs_temperature,previous_runs,gfs_seamless,2025-12-15,true,200,https://previous-runs-api.open-meteo.com/v1/forecast?end_date=2025-12-15&hourly=temperature_2m_previous_day1%2Cdew_point_2m_previous_day1%2Ccloud_cover_previous_day1%2Ccloud_cover_low_previous_day1%2Cpressure_msl_previous_day1%2Cwind_speed_10m_previous_day1%2Cwind_gusts_10m_previous_day1%2Cwind_direction_10m_previous_day1&latitude=-41.3272&longitude=174.8053&models=gfs_seamless&start_date=2025-12-15&timezone=auto,fd0be176ef852401e52146b63e401e0b76fd11e84910e1dc1b7d9e7135f1471a,fca39a678ef0ab2c5d229fd5d529d4cdca3527c6092a279b629caa747dac6d81,"{""latitude"":-41.295143,""longitude"":174.72656,""generationtime_ms"":0.1882314682006836,""utc_offset_seconds"":43200,""timezone"":""Pacific/Auckland"",""timezone_abbreviation"":""GMT+12"",""elevation"":5.0,""hourly_units"":{""time"":""iso8601"",""temperature_2m_previous_day1"":""°C"",""dew_point_2m_previous_day1"":""°C"",""cloud_cover_previous_day1"":""%"",""cloud_cover_low_previous_day1"":""%"",""pressure_msl_previous_day1"":""hPa"",""wind_speed_10m_previous_day1"":""km/h"",""wind_gusts_10m_previous_day1"":""km/h"",""wind_direction_10m_previous_day1"":""°""},""hourly"":{""time"":[""2025-12-15T00:00"",""2025-12-15T01:00"",""2025-12-15T02:00"",""2025-12-15T03:00"",""2025-12-15T04:00"",""2025-12-15T05:00"",""2025-12-15T06:00"",""2025-12-15T07:00"",""2025-12-15T08:00"",""2025-12-15T09:00"",""2025-12-15T10:00"",""2025-12-15T11:00"",""2025-12-15T12:00"",""2025-12-15T13:00"",""2025-12-15T14:00"",""2025-12-15T15:00"",""2025-12-15T16:00"",""2025-12-15T17:00"",""2025-12-15T18:00"",""2025-12-15T19:00"",""2025-12-15T20:00"",""2025-12-15T21:00"",""2025-12-15T22:00"",""2025-12-15T23:00""],""temperature_2m_previous_day1"":[16.4,16.3,16.2,16.2,16.2,16.3,16.6,17.3,17.8,18.1,18.6,19.2,19.8,19.6,19.4,19.2,18.9,18.6,18.3,18.2,17.7,17.7,17.5,17.4],""dew_point_2m_previous_day1"":[15.2,15.1,14.7,14.8,14.8,14.5,14.3,14.2,14.3,14.6,14.5,14.2,13.2,13.8,14.0,13.8,14.0,13.4,13.1,12.4,12.8,13.0,13.4,13.9],""cloud_cover_previous_day1"":[88,63,49,37,61,34,100,100,75,100,100,100,100,100,100,100,100,100,100,89,100,100,100,100],""cloud_cover_low_previous_day1"":[null,null,null,null,null,null,null,null,null,null,null,null,null,null,null,null,null,null,null,null,null,null,null,null],""pressure_msl_previous_day1"":[1019.9,1019.4,1018.9,1018.2,1018.1,1018.2,1018.1,1017.9,1017.7,1017.4,1017.2,1016.8,1016.7,1016.1,1015.5,1015.0,1014.6,1014.0,1013.2,1012.6,1012.4,1012.6,1012.0,1011.5],""wind_speed_10m_previous_day1"":[32.1,32.5,32.4,33.0,34.1,34.0,34.3,36.1,37.9,39.5,39.0,40.4,37.5,40.8,43.1,42.1,42.0,42.0,39.5,37.7,36.6,37.9,38.2,39.3],""wind_gusts_10m_previous_day1"":[49.3,50.8,52.9,52.9,53.3,53.6,54.4,55.8,56.9,56.9,57.2,60.8,58.0,61.6,64.4,65.9,65.5,63.4,61.6,60.5,59.8,62.3,64.8,68.0],""wind_direction_10m_previous_day1"":[347,345,339,336,332,332,330,328,327,330,327,329,332,328,327,324,324,326,328,330,330,330,331,333]}}",,EXPERIMENT_ONLY
