date_local,cp,stage,outer_test_year,evaluation_year,actual,augmented_prediction,augmented_absolute_error,actual_bracket,augmented_pred_bracket,augmented_exact_bracket,calendar_year,month,binary_macro_regime_label,calibrated_prediction,calibrated_absolute_error,calibrated_pred_bracket,calibrated_exact_bracket,mae_delta_calibrated_minus_augmented,prediction_delta_calibrated_minus_augmented,exact_delta_calibrated_minus_augmented,calibrated_wins_mae,augmented_wins_mae,bracket_lost_by_calibration,bracket_gained_by_calibration,calibrated_signed_error,augmented_signed_error,production_status
2024-01-20,20:00,test,2024,2024,25,24.46235876132316,0.5376412386768408,25,24,false,2024,2024-01,macro_non_southerly,23.325,1.6750000000000007,23,false,1.13735876132316,-1.13735876132316,0,false,true,false,false,-1.6750000000000007,-0.5376412386768408,EXPERIMENT_ONLY
2024-01-20,21:00,test,2024,2024,25,24.008946447177415,0.991053552822585,25,24,false,2024,2024-01,macro_non_southerly,23.325,1.6750000000000007,23,false,0.6839464471774157,-0.6839464471774157,0,false,true,false,false,-1.6750000000000007,-0.991053552822585,EXPERIMENT_ONLY
2024-01-20,22:00,test,2024,2024,25,23.88663379182205,1.1133662081779505,25,24,false,2024,2024-01,macro_non_southerly,23.325,1.6750000000000007,23,false,0.5616337918220502,-0.5616337918220502,0,false,true,false,false,-1.6750000000000007,-1.1133662081779505,EXPERIMENT_ONLY
2024-01-20,23:00,test,2024,2024,25,24.1310845514492,0.8689154485508013,25,24,false,2024,2024-01,macro_non_southerly,23.325,1.6750000000000007,23,false,0.8060845514491994,-0.8060845514491994,0,false,true,false,false,-1.6750000000000007,-0.8689154485508013,EXPERIMENT_ONLY
2024-01-21,20:00,test,2024,2024,29,24.593588826942756,4.4064111730572435,29,25,false,2024,2024-01,macro_non_southerly,25.175,3.8249999999999993,25,false,-0.5814111730572442,0.5814111730572442,0,true,false,false,false,-3.8249999999999993,-4.4064111730572435,EXPERIMENT_ONLY
2024-01-21,21:00,test,2024,2024,29,24.953550081187103,4.046449918812897,29,25,false,2024,2024-01,macro_non_southerly,25.175,3.8249999999999993,25,false,-0.22144991881289755,0.22144991881289755,0,true,false,false,false,-3.8249999999999993,-4.046449918812897,EXPERIMENT_ONLY
2024-01-21,22:00,test,2024,2024,29,24.855478215289732,4.1445217847102676,29,25,false,2024,2024-01,macro_non_southerly,25.175,3.8249999999999993,25,false,-0.31952178471026826,0.31952178471026826,0,true,false,false,false,-3.8249999999999993,-4.1445217847102676,EXPERIMENT_ONLY
2024-01-21,23:00,test,2024,2024,29,25.04488425604498,3.9551157439550195,29,25,false,2024,2024-01,macro_non_southerly,25.175,3.8249999999999993,25,false,-0.13011574395502024,0.13011574395502024,0,true,false,false,false,-3.8249999999999993,-3.9551157439550195,EXPERIMENT_ONLY
2024-01-22,20:00,test,2024,2024,29,25.21211175792565,3.7878882420743487,29,25,false,2024,2024-01,macro_non_southerly,25.6,3.3999999999999986,26,false,-0.38788824207435013,0.38788824207435013,0,true,false,false,false,-3.3999999999999986,-3.7878882420743487,EXPERIMENT_ONLY
2024-01-22,21:00,test,2024,2024,29,25.675051964648667,3.3249480353513334,29,26,false,2024,2024-01,macro_non_southerly,25.6,3.3999999999999986,26,false,0.07505196464866515,-0.07505196464866515,0,false,true,false,false,-3.3999999999999986,-3.3249480353513334,EXPERIMENT_ONLY
2024-01-22,22:00,test,2024,2024,29,25.609233836061833,3.390766163938167,29,26,false,2024,2024-01,macro_non_southerly,25.6,3.3999999999999986,26,false,0.009233836061831369,-0.009233836061831369,0,false,true,false,false,-3.3999999999999986,-3.390766163938167,EXPERIMENT_ONLY
2024-01-22,23:00,test,2024,2024,29,25.847021254776077,3.1529787452239226,29,26,false,2024,2024-01,macro_non_southerly,25.6,3.3999999999999986,26,false,0.24702125477607595,-0.24702125477607595,0,false,true,false,false,-3.3999999999999986,-3.1529787452239226,EXPERIMENT_ONLY
2024-01-23,20:00,test,2024,2024,24,22.888729403325105,1.1112705966748955,24,23,false,2024,2024-01,macro_non_southerly,22.45,1.5500000000000007,22,false,0.43872940332510524,-0.43872940332510524,0,false,true,false,false,-1.5500000000000007,-1.1112705966748955,EXPERIMENT_ONLY
2024-01-23,21:00,test,2024,2024,24,22.851601218460385,1.1483987815396155,24,23,false,2024,2024-01,macro_non_southerly,22.45,1.5500000000000007,22,false,0.4016012184603852,-0.4016012184603852,0,false,true,false,false,-1.5500000000000007,-1.1483987815396155,EXPERIMENT_ONLY
2024-01-23,22:00,test,2024,2024,24,22.881948204735934,1.1180517952640656,24,23,false,2024,2024-01,macro_non_southerly,22.45,1.5500000000000007,22,false,0.4319482047359351,-0.4319482047359351,0,false,true,false,false,-1.5500000000000007,-1.1180517952640656,EXPERIMENT_ONLY
2024-01-23,23:00,test,2024,2024,24,22.938421650972412,1.061578349027588,24,23,false,2024,2024-01,macro_non_southerly,22.45,1.5500000000000007,22,false,0.48842165097241264,-0.48842165097241264,0,false,true,false,false,-1.5500000000000007,-1.061578349027588,EXPERIMENT_ONLY
2024-01-24,20:00,test,2024,2024,22,18.2112035551283,3.7887964448717,22,18,false,2024,2024-01,macro_southerly_flow,19.825,2.1750000000000007,20,false,-1.6137964448716993,1.6137964448716993,0,true,false,false,false,-2.1750000000000007,-3.7887964448717,EXPERIMENT_ONLY
2024-01-24,21:00,test,2024,2024,22,17.95542794558381,4.044572054416189,22,18,false,2024,2024-01,macro_southerly_flow,19.825,2.1750000000000007,20,false,-1.8695720544161887,1.8695720544161887,0,true,false,false,false,-2.1750000000000007,-4.044572054416189,EXPERIMENT_ONLY
2024-01-24,22:00,test,2024,2024,22,18.42555186329442,3.5744481367055805,22,18,false,2024,2024-01,macro_southerly_flow,19.825,2.1750000000000007,20,false,-1.3994481367055798,1.3994481367055798,0,true,false,false,false,-2.1750000000000007,-3.5744481367055805,EXPERIMENT_ONLY
2024-01-24,23:00,test,2024,2024,22,18.798711125955773,3.201288874044227,22,19,false,2024,2024-01,macro_southerly_flow,19.825,2.1750000000000007,20,false,-1.0262888740442264,1.0262888740442264,0,true,false,false,false,-2.1750000000000007,-3.201288874044227,EXPERIMENT_ONLY
2024-01-25,20:00,test,2024,2024,23,20.5076073226671,2.4923926773329015,23,21,false,2024,2024-01,macro_non_southerly,22.075,0.9250000000000007,22,false,-1.5673926773329008,1.5673926773329008,0,true,false,false,false,-0.9250000000000007,-2.4923926773329015,EXPERIMENT_ONLY
2024-01-25,21:00,test,2024,2024,23,21.274545224903964,1.7254547750960363,23,21,false,2024,2024-01,macro_non_southerly,22.075,0.9250000000000007,22,false,-0.8004547750960356,0.8004547750960356,0,true,false,false,false,-0.9250000000000007,-1.7254547750960363,EXPERIMENT_ONLY
2024-01-25,22:00,test,2024,2024,23,20.758464808881506,2.241535191118494,23,21,false,2024,2024-01,macro_non_southerly,22.075,0.9250000000000007,22,false,-1.3165351911184935,1.3165351911184935,0,true,false,false,false,-0.9250000000000007,-2.241535191118494,EXPERIMENT_ONLY
2024-01-25,23:00,test,2024,2024,23,21.057790777023392,1.942209222976608,23,21,false,2024,2024-01,macro_non_southerly,22.075,0.9250000000000007,22,false,-1.0172092229766072,1.0172092229766072,0,true,false,false,false,-0.9250000000000007,-1.942209222976608,EXPERIMENT_ONLY
2024-01-26,20:00,test,2024,2024,23,21.965819601419597,1.0341803985804034,23,22,false,2024,2024-01,macro_non_southerly,21.75,1.25,22,false,0.21581960141959655,-0.21581960141959655,0,false,true,false,false,-1.25,-1.0341803985804034,EXPERIMENT_ONLY
2024-01-26,21:00,test,2024,2024,23,23.023412765532466,0.023412765532466295,23,23,true,2024,2024-01,macro_non_southerly,21.75,1.25,22,false,1.2265872344675337,-1.2734127655324663,-1,false,true,true,false,-1.25,0.023412765532466295,EXPERIMENT_ONLY
2024-01-26,22:00,test,2024,2024,23,22.881318008632473,0.11868199136752722,23,23,true,2024,2024-01,macro_non_southerly,21.75,1.25,22,false,1.1313180086324728,-1.1313180086324728,-1,false,true,true,false,-1.25,-0.11868199136752722,EXPERIMENT_ONLY
2024-01-26,23:00,test,2024,2024,23,22.700753225243517,0.2992467747564831,23,23,true,2024,2024-01,macro_non_southerly,21.75,1.25,22,false,0.9507532252435169,-0.9507532252435169,-1,false,true,true,false,-1.25,-0.2992467747564831,EXPERIMENT_ONLY
2024-01-27,20:00,test,2024,2024,24,22.184140450486378,1.8158595495136218,24,22,false,2024,2024-01,macro_non_southerly,22.75,1.25,23,false,-0.5658595495136218,0.5658595495136218,0,true,false,false,false,-1.25,-1.8158595495136218,EXPERIMENT_ONLY
2024-01-27,21:00,test,2024,2024,24,21.633718699398695,2.3662813006013046,24,22,false,2024,2024-01,macro_non_southerly,22.75,1.25,23,false,-1.1162813006013046,1.1162813006013046,0,true,false,false,false,-1.25,-2.3662813006013046,EXPERIMENT_ONLY
2024-01-27,22:00,test,2024,2024,24,21.34911176244977,2.6508882375502303,24,21,false,2024,2024-01,macro_non_southerly,22.75,1.25,23,false,-1.4008882375502303,1.4008882375502303,0,true,false,false,false,-1.25,-2.6508882375502303,EXPERIMENT_ONLY
2024-01-27,23:00,test,2024,2024,24,21.44981895603656,2.550181043963441,24,21,false,2024,2024-01,macro_non_southerly,22.75,1.25,23,false,-1.3001810439634411,1.3001810439634411,0,true,false,false,false,-1.25,-2.550181043963441,EXPERIMENT_ONLY
2024-01-28,20:00,test,2024,2024,22,22.960514224525973,0.9605142245259728,22,23,false,2024,2024-01,macro_non_southerly,21.15,0.8500000000000014,21,false,-0.11051422452597137,-1.8105142245259742,0,true,false,false,false,-0.8500000000000014,0.9605142245259728,EXPERIMENT_ONLY
2024-01-28,21:00,test,2024,2024,22,22.882898824560577,0.8828988245605771,22,23,false,2024,2024-01,macro_non_southerly,21.15,0.8500000000000014,21,false,-0.03289882456057569,-1.7328988245605785,0,true,false,false,false,-0.8500000000000014,0.8828988245605771,EXPERIMENT_ONLY
2024-01-28,22:00,test,2024,2024,22,22.224974529119066,0.22497452911906635,22,22,true,2024,2024-01,macro_non_southerly,21.15,0.8500000000000014,21,false,0.6250254708809351,-1.0749745291190678,-1,false,true,true,false,-0.8500000000000014,0.22497452911906635,EXPERIMENT_ONLY
2024-01-28,23:00,test,2024,2024,22,22.785471519928073,0.7854715199280733,22,23,false,2024,2024-01,macro_non_southerly,21.15,0.8500000000000014,21,false,0.06452848007192813,-1.6354715199280747,0,false,true,false,false,-0.8500000000000014,0.7854715199280733,EXPERIMENT_ONLY
2024-01-29,20:00,test,2024,2024,19,21.30662587111048,2.30662587111048,19,21,false,2024,2024-01,macro_non_southerly,19.7,0.6999999999999993,20,false,-1.6066258711104808,-1.6066258711104808,0,true,false,false,false,0.6999999999999993,2.30662587111048,EXPERIMENT_ONLY
2024-01-29,21:00,test,2024,2024,19,21.47030283308794,2.4703028330879384,19,21,false,2024,2024-01,macro_non_southerly,19.7,0.6999999999999993,20,false,-1.7703028330879391,-1.7703028330879391,0,true,false,false,false,0.6999999999999993,2.4703028330879384,EXPERIMENT_ONLY
2024-01-29,22:00,test,2024,2024,19,21.375832957715023,2.375832957715023,19,21,false,2024,2024-01,macro_non_southerly,19.7,0.6999999999999993,20,false,-1.6758329577150235,-1.6758329577150235,0,true,false,false,false,0.6999999999999993,2.375832957715023,EXPERIMENT_ONLY
2024-01-29,23:00,test,2024,2024,19,21.384229319290352,2.384229319290352,19,21,false,2024,2024-01,macro_non_southerly,19.7,0.6999999999999993,20,false,-1.6842293192903526,-1.6842293192903526,0,true,false,false,false,0.6999999999999993,2.384229319290352,EXPERIMENT_ONLY
2024-01-30,20:00,test,2024,2024,20,20.175569150171977,0.17556915017197738,20,20,true,2024,2024-01,macro_southerly_flow,21.174999999999997,1.1749999999999972,21,false,0.9994308498280198,0.9994308498280198,-1,false,true,true,false,1.1749999999999972,0.17556915017197738,EXPERIMENT_ONLY
2024-01-30,21:00,test,2024,2024,20,20.22994900650259,0.22994900650258998,20,20,true,2024,2024-01,macro_southerly_flow,21.174999999999997,1.1749999999999972,21,false,0.9450509934974072,0.9450509934974072,-1,false,true,true,false,1.1749999999999972,0.22994900650258998,EXPERIMENT_ONLY
2024-01-30,22:00,test,2024,2024,20,20.10072000877527,0.10072000877526932,20,20,true,2024,2024-01,macro_southerly_flow,21.174999999999997,1.1749999999999972,21,false,1.0742799912247278,1.0742799912247278,-1,false,true,true,false,1.1749999999999972,0.10072000877526932,EXPERIMENT_ONLY
2024-01-30,23:00,test,2024,2024,20,20.343196216806295,0.34319621680629453,20,20,true,2024,2024-01,macro_southerly_flow,21.174999999999997,1.1749999999999972,21,false,0.8318037831937026,0.8318037831937026,-1,false,true,true,false,1.1749999999999972,0.34319621680629453,EXPERIMENT_ONLY
2024-01-31,20:00,test,2024,2024,20,20.143574031078376,0.1435740310783764,20,20,true,2024,2024-01,macro_southerly_flow,21.975,1.9750000000000014,22,false,1.831425968921625,1.831425968921625,-1,false,true,true,false,1.9750000000000014,0.1435740310783764,EXPERIMENT_ONLY
2024-01-31,21:00,test,2024,2024,20,20.084420901414827,0.08442090141482694,20,20,true,2024,2024-01,macro_southerly_flow,21.975,1.9750000000000014,22,false,1.8905790985851745,1.8905790985851745,-1,false,true,true,false,1.9750000000000014,0.08442090141482694,EXPERIMENT_ONLY
2024-01-31,22:00,test,2024,2024,20,19.818692075434882,0.18130792456511813,20,20,true,2024,2024-01,macro_southerly_flow,21.975,1.9750000000000014,22,false,1.7936920754348833,2.1563079245651195,-1,false,true,true,false,1.9750000000000014,-0.18130792456511813,EXPERIMENT_ONLY
2024-01-31,23:00,test,2024,2024,20,20.366760194176454,0.3667601941764538,20,20,true,2024,2024-01,macro_southerly_flow,21.975,1.9750000000000014,22,false,1.6082398058235476,1.6082398058235476,-1,false,true,true,false,1.9750000000000014,0.3667601941764538,EXPERIMENT_ONLY
2024-02-01,20:00,test,2024,2024,24,22.190157289030324,1.8098427109696757,24,22,false,2024,2024-02,macro_non_southerly,23.125,0.875,23,false,-0.9348427109696757,0.9348427109696757,0,true,false,false,false,-0.875,-1.8098427109696757,EXPERIMENT_ONLY
2024-02-01,21:00,test,2024,2024,24,22.408030000782166,1.5919699992178344,24,22,false,2024,2024-02,macro_non_southerly,23.125,0.875,23,false,-0.7169699992178344,0.7169699992178344,0,true,false,false,false,-0.875,-1.5919699992178344,EXPERIMENT_ONLY
2024-02-01,22:00,test,2024,2024,24,22.249109006602435,1.7508909933975652,24,22,false,2024,2024-02,macro_non_southerly,23.125,0.875,23,false,-0.8758909933975652,0.8758909933975652,0,true,false,false,false,-0.875,-1.7508909933975652,EXPERIMENT_ONLY
2024-02-01,23:00,test,2024,2024,24,22.665095597880274,1.3349044021197258,24,23,false,2024,2024-02,macro_non_southerly,23.125,0.875,23,false,-0.45990440211972583,0.45990440211972583,0,true,false,false,false,-0.875,-1.3349044021197258,EXPERIMENT_ONLY
2024-02-02,20:00,test,2024,2024,22,22.51116461748361,0.5111646174836117,22,23,false,2024,2024-02,macro_non_southerly,20.625,1.375,21,false,0.8638353825163883,-1.8861646174836117,0,false,true,false,false,-1.375,0.5111646174836117,EXPERIMENT_ONLY
2024-02-02,21:00,test,2024,2024,22,22.415982370898707,0.41598237089870693,22,22,true,2024,2024-02,macro_non_southerly,20.625,1.375,21,false,0.9590176291012931,-1.790982370898707,-1,false,true,true,false,-1.375,0.41598237089870693,EXPERIMENT_ONLY
2024-02-02,22:00,test,2024,2024,22,22.345769004482012,0.34576900448201187,22,22,true,2024,2024-02,macro_non_southerly,20.625,1.375,21,false,1.0292309955179881,-1.7207690044820119,-1,false,true,true,false,-1.375,0.34576900448201187,EXPERIMENT_ONLY
2024-02-02,23:00,test,2024,2024,22,22.194216525700856,0.19421652570085612,22,22,true,2024,2024-02,macro_non_southerly,20.625,1.375,21,false,1.1807834742991439,-1.5692165257008561,-1,false,true,true,false,-1.375,0.19421652570085612,EXPERIMENT_ONLY
2024-02-03,20:00,test,2024,2024,20,19.71220963881118,0.2877903611888186,20,20,true,2024,2024-02,macro_non_southerly,19.299999999999997,0.7000000000000028,19,false,0.4122096388111842,-0.4122096388111842,-1,false,true,true,false,-0.7000000000000028,-0.2877903611888186,EXPERIMENT_ONLY
2024-02-03,21:00,test,2024,2024,20,19.667574884957556,0.33242511504244376,20,20,true,2024,2024-02,macro_non_southerly,19.299999999999997,0.7000000000000028,19,false,0.3675748849575591,-0.3675748849575591,-1,false,true,true,false,-0.7000000000000028,-0.33242511504244376,EXPERIMENT_ONLY
2024-02-03,22:00,test,2024,2024,20,20.487237237430456,0.4872372374304561,20,20,true,2024,2024-02,macro_non_southerly,19.299999999999997,0.7000000000000028,19,false,0.21276276256954674,-1.187237237430459,-1,false,true,true,false,-0.7000000000000028,0.4872372374304561,EXPERIMENT_ONLY
2024-02-03,23:00,test,2024,2024,20,20.787953502694087,0.7879535026940871,20,21,false,2024,2024-02,macro_non_southerly,19.299999999999997,0.7000000000000028,19,false,-0.0879535026940843,-1.48795350269409,0,true,false,false,false,-0.7000000000000028,0.7879535026940871,EXPERIMENT_ONLY
2024-02-04,20:00,test,2024,2024,22,20.571363199564747,1.4286368004352532,22,21,false,2024,2024-02,macro_non_southerly,20.73,1.2699999999999996,21,false,-0.15863680043525363,0.15863680043525363,0,true,false,false,false,-1.2699999999999996,-1.4286368004352532,EXPERIMENT_ONLY
2024-02-04,21:00,test,2024,2024,22,21.166547199002004,0.8334528009979962,22,21,false,2024,2024-02,macro_non_southerly,20.73,1.2699999999999996,21,false,0.43654719900200334,-0.43654719900200334,0,false,true,false,false,-1.2699999999999996,-0.8334528009979962,EXPERIMENT_ONLY
2024-02-04,22:00,test,2024,2024,22,21.60015763121932,0.39984236878067847,22,22,true,2024,2024-02,macro_non_southerly,20.73,1.2699999999999996,21,false,0.8701576312193211,-0.8701576312193211,-1,false,true,true,false,-1.2699999999999996,-0.39984236878067847,EXPERIMENT_ONLY
2024-02-04,23:00,test,2024,2024,22,21.820173219378745,0.179826780621255,22,22,true,2024,2024-02,macro_non_southerly,20.73,1.2699999999999996,21,false,1.0901732193787446,-1.0901732193787446,-1,false,true,true,false,-1.2699999999999996,-0.179826780621255,EXPERIMENT_ONLY
2024-02-05,20:00,test,2024,2024,24,22.956319052398154,1.043680947601846,24,23,false,2024,2024-02,macro_non_southerly,22.669999999999998,1.3300000000000018,23,false,0.2863190523981558,-0.2863190523981558,0,false,true,false,false,-1.3300000000000018,-1.043680947601846,EXPERIMENT_ONLY
2024-02-05,21:00,test,2024,2024,24,23.172079926390477,0.8279200736095227,24,23,false,2024,2024-02,macro_non_southerly,22.669999999999998,1.3300000000000018,23,false,0.5020799263904792,-0.5020799263904792,0,false,true,false,false,-1.3300000000000018,-0.8279200736095227,EXPERIMENT_ONLY
2024-02-05,22:00,test,2024,2024,24,23.100597203367375,0.899402796632625,24,23,false,2024,2024-02,macro_non_southerly,22.669999999999998,1.3300000000000018,23,false,0.43059720336737684,-0.43059720336737684,0,false,true,false,false,-1.3300000000000018,-0.899402796632625,EXPERIMENT_ONLY
2024-02-05,23:00,test,2024,2024,24,23.144568542975836,0.8554314570241637,24,23,false,2024,2024-02,macro_non_southerly,22.669999999999998,1.3300000000000018,23,false,0.47456854297583817,-0.47456854297583817,0,false,true,false,false,-1.3300000000000018,-0.8554314570241637,EXPERIMENT_ONLY
2024-02-06,20:00,test,2024,2024,23,22.698763509254785,0.3012364907452145,23,23,true,2024,2024-02,macro_non_southerly,22.05,0.9499999999999993,22,false,0.6487635092547848,-0.6487635092547848,-1,false,true,true,false,-0.9499999999999993,-0.3012364907452145,EXPERIMENT_ONLY
2024-02-06,21:00,test,2024,2024,23,22.750405753452068,0.24959424654793239,23,23,true,2024,2024-02,macro_non_southerly,22.05,0.9499999999999993,22,false,0.7004057534520669,-0.7004057534520669,-1,false,true,true,false,-0.9499999999999993,-0.24959424654793239,EXPERIMENT_ONLY
2024-02-06,22:00,test,2024,2024,23,22.817494886922926,0.18250511307707384,23,23,true,2024,2024-02,macro_non_southerly,22.05,0.9499999999999993,22,false,0.7674948869229254,-0.7674948869229254,-1,false,true,true,false,-0.9499999999999993,-0.18250511307707384,EXPERIMENT_ONLY
2024-02-06,23:00,test,2024,2024,23,22.941092261721174,0.058907738278826116,23,23,true,2024,2024-02,macro_non_southerly,22.05,0.9499999999999993,22,false,0.8910922617211732,-0.8910922617211732,-1,false,true,true,false,-0.9499999999999993,-0.058907738278826116,EXPERIMENT_ONLY
2024-02-07,20:00,test,2024,2024,23,22.460141338691937,0.5398586613080631,23,22,false,2024,2024-02,macro_non_southerly,22.47,0.5300000000000011,22,false,-0.009858661308062011,0.009858661308062011,0,true,false,false,false,-0.5300000000000011,-0.5398586613080631,EXPERIMENT_ONLY
2024-02-07,21:00,test,2024,2024,23,22.756165578854336,0.24383442114566378,23,23,true,2024,2024-02,macro_non_southerly,22.47,0.5300000000000011,22,false,0.28616557885433735,-0.28616557885433735,-1,false,true,true,false,-0.5300000000000011,-0.24383442114566378,EXPERIMENT_ONLY
2024-02-07,22:00,test,2024,2024,23,22.64877868756592,0.35122131243408106,23,23,true,2024,2024-02,macro_non_southerly,22.47,0.5300000000000011,22,false,0.17877868756592008,-0.17877868756592008,-1,false,true,true,false,-0.5300000000000011,-0.35122131243408106,EXPERIMENT_ONLY
2024-02-07,23:00,test,2024,2024,23,22.875450519683625,0.12454948031637514,23,23,true,2024,2024-02,macro_non_southerly,22.47,0.5300000000000011,22,false,0.405450519683626,-0.405450519683626,-1,false,true,true,false,-0.5300000000000011,-0.12454948031637514,EXPERIMENT_ONLY
2024-02-08,20:00,test,2024,2024,25,22.228957705367165,2.771042294632835,25,22,false,2024,2024-02,macro_non_southerly,23.05,1.9499999999999993,23,false,-0.8210422946328357,0.8210422946328357,0,true,false,false,false,-1.9499999999999993,-2.771042294632835,EXPERIMENT_ONLY
2024-02-08,21:00,test,2024,2024,25,22.5290776431266,2.4709223568733982,25,23,false,2024,2024-02,macro_non_southerly,23.05,1.9499999999999993,23,false,-0.5209223568733989,0.5209223568733989,0,true,false,false,false,-1.9499999999999993,-2.4709223568733982,EXPERIMENT_ONLY
2024-02-08,22:00,test,2024,2024,25,22.456263894757807,2.5437361052421927,25,22,false,2024,2024-02,macro_non_southerly,23.05,1.9499999999999993,23,false,-0.5937361052421934,0.5937361052421934,0,true,false,false,false,-1.9499999999999993,-2.5437361052421927,EXPERIMENT_ONLY
2024-02-08,23:00,test,2024,2024,25,22.727545565060357,2.272454434939643,25,23,false,2024,2024-02,macro_non_southerly,23.05,1.9499999999999993,23,false,-0.3224544349396439,0.3224544349396439,0,true,false,false,false,-1.9499999999999993,-2.272454434939643,EXPERIMENT_ONLY
2024-02-09,20:00,test,2024,2024,22,20.205903561661074,1.7940964383389257,22,20,false,2024,2024-02,macro_southerly_flow,23.35,1.3500000000000014,23,false,-0.4440964383389243,3.144096438338927,0,true,false,false,false,1.3500000000000014,-1.7940964383389257,EXPERIMENT_ONLY
2024-02-09,21:00,test,2024,2024,22,20.499012815327983,1.5009871846720166,22,20,false,2024,2024-02,macro_southerly_flow,23.35,1.3500000000000014,23,false,-0.15098718467201522,2.850987184672018,0,true,false,false,false,1.3500000000000014,-1.5009871846720166,EXPERIMENT_ONLY
2024-02-09,22:00,test,2024,2024,22,20.877650647726995,1.1223493522730053,22,21,false,2024,2024-02,macro_southerly_flow,23.35,1.3500000000000014,23,false,0.22765064772699617,2.4723493522730067,0,false,true,false,false,1.3500000000000014,-1.1223493522730053,EXPERIMENT_ONLY
2024-02-09,23:00,test,2024,2024,22,21.24757108180461,0.7524289181953883,22,21,false,2024,2024-02,macro_southerly_flow,23.35,1.3500000000000014,23,false,0.5975710818046132,2.1024289181953897,0,false,true,false,false,1.3500000000000014,-0.7524289181953883,EXPERIMENT_ONLY
2024-02-10,20:00,test,2024,2024,22,21.601753348233803,0.3982466517661969,22,22,true,2024,2024-02,macro_non_southerly,21.19,0.8099999999999987,21,false,0.41175334823380183,-0.41175334823380183,-1,false,true,true,false,-0.8099999999999987,-0.3982466517661969,EXPERIMENT_ONLY
2024-02-10,21:00,test,2024,2024,22,21.916239310290937,0.08376068970906303,22,22,true,2024,2024-02,macro_non_southerly,21.19,0.8099999999999987,21,false,0.7262393102909357,-0.7262393102909357,-1,false,true,true,false,-0.8099999999999987,-0.08376068970906303,EXPERIMENT_ONLY
2024-02-10,22:00,test,2024,2024,22,21.810733533197187,0.18926646680281323,22,22,true,2024,2024-02,macro_non_southerly,21.19,0.8099999999999987,21,false,0.6207335331971855,-0.6207335331971855,-1,false,true,true,false,-0.8099999999999987,-0.18926646680281323,EXPERIMENT_ONLY
2024-02-10,23:00,test,2024,2024,22,21.868335371431755,0.13166462856824523,22,22,true,2024,2024-02,macro_non_southerly,21.19,0.8099999999999987,21,false,0.6783353714317535,-0.6783353714317535,-1,false,true,true,false,-0.8099999999999987,-0.13166462856824523,EXPERIMENT_ONLY
2024-02-11,20:00,test,2024,2024,16,17.15761192691447,1.1576119269144698,16,17,false,2024,2024-02,macro_southerly_flow,16.869999999999997,0.8699999999999974,17,false,-0.28761192691447235,-0.28761192691447235,0,true,false,false,false,0.8699999999999974,1.1576119269144698,EXPERIMENT_ONLY
2024-02-11,21:00,test,2024,2024,16,16.707358574603752,0.7073585746037523,16,17,false,2024,2024-02,macro_southerly_flow,16.869999999999997,0.8699999999999974,17,false,0.16264142539624515,0.16264142539624515,0,false,true,false,false,0.8699999999999974,0.7073585746037523,EXPERIMENT_ONLY
2024-02-11,22:00,test,2024,2024,16,17.093420875892182,1.093420875892182,16,17,false,2024,2024-02,macro_southerly_flow,16.869999999999997,0.8699999999999974,17,false,-0.2234208758921845,-0.2234208758921845,0,true,false,false,false,0.8699999999999974,1.093420875892182,EXPERIMENT_ONLY
2024-02-11,23:00,test,2024,2024,16,17.36522707149528,1.3652270714952799,16,17,false,2024,2024-02,macro_southerly_flow,16.869999999999997,0.8699999999999974,17,false,-0.49522707149528244,-0.49522707149528244,0,true,false,false,false,0.8699999999999974,1.3652270714952799,EXPERIMENT_ONLY
2024-02-12,20:00,test,2024,2024,20,18.92994851061992,1.0700514893800808,20,19,false,2024,2024-02,macro_southerly_flow,19.509999999999998,0.490000000000002,20,true,-0.5800514893800788,0.5800514893800788,1,true,false,false,true,-0.490000000000002,-1.0700514893800808,EXPERIMENT_ONLY
2024-02-12,21:00,test,2024,2024,20,19.5557067978235,0.4442932021764996,20,20,true,2024,2024-02,macro_non_southerly,19.509999999999998,0.490000000000002,20,true,0.0457067978235024,-0.0457067978235024,0,false,true,false,false,-0.490000000000002,-0.4442932021764996,EXPERIMENT_ONLY
2024-02-12,22:00,test,2024,2024,20,19.30806674257898,0.6919332574210202,20,19,false,2024,2024-02,macro_non_southerly,19.509999999999998,0.490000000000002,20,true,-0.2019332574210182,0.2019332574210182,1,true,false,false,true,-0.490000000000002,-0.6919332574210202,EXPERIMENT_ONLY
2024-02-12,23:00,test,2024,2024,20,19.56530453465034,0.43469546534965886,20,20,true,2024,2024-02,macro_non_southerly,19.509999999999998,0.490000000000002,20,true,0.05530453465034313,-0.05530453465034313,0,false,true,false,false,-0.490000000000002,-0.43469546534965886,EXPERIMENT_ONLY
2024-02-13,20:00,test,2024,2024,22,20.30326460026531,1.6967353997346883,22,20,false,2024,2024-02,macro_non_southerly,21.15,0.8500000000000014,21,false,-0.8467353997346869,0.8467353997346869,0,true,false,false,false,-0.8500000000000014,-1.6967353997346883,EXPERIMENT_ONLY
2024-02-13,21:00,test,2024,2024,22,20.974181775022835,1.025818224977165,22,21,false,2024,2024-02,macro_non_southerly,21.15,0.8500000000000014,21,false,-0.1758182249771636,0.1758182249771636,0,true,false,false,false,-0.8500000000000014,-1.025818224977165,EXPERIMENT_ONLY
2024-02-13,22:00,test,2024,2024,22,20.765982854956757,1.234017145043243,22,21,false,2024,2024-02,macro_non_southerly,21.15,0.8500000000000014,21,false,-0.38401714504324147,0.38401714504324147,0,true,false,false,false,-0.8500000000000014,-1.234017145043243,EXPERIMENT_ONLY
2024-02-13,23:00,test,2024,2024,22,21.19496890640473,0.8050310935952716,22,21,false,2024,2024-02,macro_non_southerly,21.15,0.8500000000000014,21,false,0.044968906404729836,-0.044968906404729836,0,false,true,false,false,-0.8500000000000014,-0.8050310935952716,EXPERIMENT_ONLY
2024-02-14,20:00,test,2024,2024,21,21.35114391363208,0.35114391363207886,21,21,true,2024,2024-02,macro_non_southerly,20.270000000000003,0.7299999999999969,20,false,0.378856086367918,-1.0811439136320757,-1,false,true,true,false,-0.7299999999999969,0.35114391363207886,EXPERIMENT_ONLY
2024-02-14,21:00,test,2024,2024,21,21.85013454386178,0.8501345438617811,21,22,false,2024,2024-02,macro_non_southerly,20.270000000000003,0.7299999999999969,20,false,-0.12013454386178424,-1.580134543861778,0,true,false,false,false,-0.7299999999999969,0.8501345438617811,EXPERIMENT_ONLY
2024-02-14,22:00,test,2024,2024,21,21.74569063065596,0.745690630655961,21,22,false,2024,2024-02,macro_non_southerly,20.270000000000003,0.7299999999999969,20,false,-0.0156906306559641,-1.4756906306559578,0,true,false,false,false,-0.7299999999999969,0.745690630655961,EXPERIMENT_ONLY
2024-02-14,23:00,test,2024,2024,21,21.890552178856655,0.8905521788566553,21,22,false,2024,2024-02,macro_non_southerly,20.270000000000003,0.7299999999999969,20,false,-0.1605521788566584,-1.6205521788566521,0,true,false,false,false,-0.7299999999999969,0.8905521788566553,EXPERIMENT_ONLY
2024-02-15,20:00,test,2024,2024,23,22.02583149572645,0.9741685042735497,23,22,false,2024,2024-02,macro_non_southerly,21.43,1.5700000000000003,21,false,0.5958314957264506,-0.5958314957264506,0,false,true,false,false,-1.5700000000000003,-0.9741685042735497,EXPERIMENT_ONLY
2024-02-15,21:00,test,2024,2024,23,22.2854015881338,0.7145984118661985,23,22,false,2024,2024-02,macro_non_southerly,21.43,1.5700000000000003,21,false,0.8554015881338017,-0.8554015881338017,0,false,true,false,false,-1.5700000000000003,-0.7145984118661985,EXPERIMENT_ONLY
2024-02-15,22:00,test,2024,2024,23,22.281646169114797,0.7183538308852029,23,22,false,2024,2024-02,macro_non_southerly,21.43,1.5700000000000003,21,false,0.8516461691147974,-0.8516461691147974,0,false,true,false,false,-1.5700000000000003,-0.7183538308852029,EXPERIMENT_ONLY
2024-02-15,23:00,test,2024,2024,23,22.62868027880057,0.3713197211994306,23,23,true,2024,2024-02,macro_non_southerly,21.43,1.5700000000000003,21,false,1.1986802788005697,-1.1986802788005697,-1,false,true,true,false,-1.5700000000000003,-0.3713197211994306,EXPERIMENT_ONLY
2024-02-16,20:00,test,2024,2024,24,22.764036575212963,1.2359634247870375,24,23,false,2024,2024-02,macro_non_southerly,22.009999999999998,1.990000000000002,22,false,0.7540365752129645,-0.7540365752129645,0,false,true,false,false,-1.990000000000002,-1.2359634247870375,EXPERIMENT_ONLY
2024-02-16,21:00,test,2024,2024,24,23.10284477016986,0.8971552298301404,24,23,false,2024,2024-02,macro_non_southerly,22.009999999999998,1.990000000000002,22,false,1.0928447701698616,-1.0928447701698616,0,false,true,false,false,-1.990000000000002,-0.8971552298301404,EXPERIMENT_ONLY
2024-02-16,22:00,test,2024,2024,24,22.943343077584213,1.0566569224157867,24,23,false,2024,2024-02,macro_non_southerly,22.009999999999998,1.990000000000002,22,false,0.9333430775842153,-0.9333430775842153,0,false,true,false,false,-1.990000000000002,-1.0566569224157867,EXPERIMENT_ONLY
2024-02-16,23:00,test,2024,2024,24,22.973286975618905,1.0267130243810954,24,23,false,2024,2024-02,macro_non_southerly,22.009999999999998,1.990000000000002,22,false,0.9632869756189066,-0.9632869756189066,0,false,true,false,false,-1.990000000000002,-1.0267130243810954,EXPERIMENT_ONLY
2024-02-17,20:00,test,2024,2024,24,22.37859285920932,1.62140714079068,24,22,false,2024,2024-02,macro_non_southerly,21.65,2.3500000000000014,22,false,0.7285928592093214,-0.7285928592093214,0,false,true,false,false,-2.3500000000000014,-1.62140714079068,EXPERIMENT_ONLY
2024-02-17,21:00,test,2024,2024,24,22.572092407915875,1.427907592084125,24,23,false,2024,2024-02,macro_non_southerly,21.65,2.3500000000000014,22,false,0.9220924079158763,-0.9220924079158763,0,false,true,false,false,-2.3500000000000014,-1.427907592084125,EXPERIMENT_ONLY
2024-02-17,22:00,test,2024,2024,24,22.27518547908747,1.7248145209125312,24,22,false,2024,2024-02,macro_non_southerly,21.65,2.3500000000000014,22,false,0.6251854790874702,-0.6251854790874702,0,false,true,false,false,-2.3500000000000014,-1.7248145209125312,EXPERIMENT_ONLY
2024-02-17,23:00,test,2024,2024,24,22.695288925677705,1.3047110743222952,24,23,false,2024,2024-02,macro_non_southerly,21.65,2.3500000000000014,22,false,1.0452889256777063,-1.0452889256777063,0,false,true,false,false,-2.3500000000000014,-1.3047110743222952,EXPERIMENT_ONLY
2024-02-18,20:00,test,2024,2024,22,22.189777637052423,0.18977763705242268,22,22,true,2024,2024-02,macro_non_southerly,21.330000000000002,0.6699999999999982,21,false,0.4802223629475755,-0.8597776370524208,-1,false,true,true,false,-0.6699999999999982,0.18977763705242268,EXPERIMENT_ONLY
2024-02-18,21:00,test,2024,2024,22,22.40016213348109,0.4001621334810892,22,22,true,2024,2024-02,macro_non_southerly,21.330000000000002,0.6699999999999982,21,false,0.26983786651890895,-1.0701621334810874,-1,false,true,true,false,-0.6699999999999982,0.4001621334810892,EXPERIMENT_ONLY
2024-02-18,22:00,test,2024,2024,22,22.19568924317612,0.19568924317611902,22,22,true,2024,2024-02,macro_non_southerly,21.330000000000002,0.6699999999999982,21,false,0.47431075682387913,-0.8656892431761172,-1,false,true,true,false,-0.6699999999999982,0.19568924317611902,EXPERIMENT_ONLY
2024-02-18,23:00,test,2024,2024,22,22.358093489498934,0.35809348949893405,22,22,true,2024,2024-02,macro_non_southerly,21.330000000000002,0.6699999999999982,21,false,0.3119065105010641,-1.0280934894989322,-1,false,true,true,false,-0.6699999999999982,0.35809348949893405,EXPERIMENT_ONLY
2024-02-19,20:00,test,2024,2024,23,21.830752169477947,1.1692478305220533,23,22,false,2024,2024-02,macro_non_southerly,21.57,1.4299999999999997,22,false,0.26075216947794644,-0.26075216947794644,0,false,true,false,false,-1.4299999999999997,-1.1692478305220533,EXPERIMENT_ONLY
2024-02-19,21:00,test,2024,2024,23,21.886612665886684,1.113387334113316,23,22,false,2024,2024-02,macro_non_southerly,21.57,1.4299999999999997,22,false,0.3166126658866837,-0.3166126658866837,0,false,true,false,false,-1.4299999999999997,-1.113387334113316,EXPERIMENT_ONLY
2024-02-19,22:00,test,2024,2024,23,21.73325106980145,1.266748930198549,23,22,false,2024,2024-02,macro_non_southerly,21.57,1.4299999999999997,22,false,0.16325106980145065,-0.16325106980145065,0,false,true,false,false,-1.4299999999999997,-1.266748930198549,EXPERIMENT_ONLY
2024-02-19,23:00,test,2024,2024,23,22.2872825043661,0.7127174956338997,23,22,false,2024,2024-02,macro_non_southerly,21.57,1.4299999999999997,22,false,0.7172825043661,-0.7172825043661,0,false,true,false,false,-1.4299999999999997,-0.7127174956338997,EXPERIMENT_ONLY
2024-02-20,20:00,test,2024,2024,19,18.606855657729845,0.3931443422701548,19,19,true,2024,2024-02,macro_southerly_flow,19.45,0.4499999999999993,19,true,0.056855657729844467,0.8431443422701541,0,false,true,false,false,0.4499999999999993,-0.3931443422701548,EXPERIMENT_ONLY
2024-02-20,21:00,test,2024,2024,19,18.67561540948054,0.3243845905194611,19,19,true,2024,2024-02,macro_southerly_flow,19.45,0.4499999999999993,19,true,0.12561540948053818,0.7743845905194604,0,false,true,false,false,0.4499999999999993,-0.3243845905194611,EXPERIMENT_ONLY
2024-02-20,22:00,test,2024,2024,19,18.671532298132657,0.32846770186734275,19,19,true,2024,2024-02,macro_southerly_flow,19.45,0.4499999999999993,19,true,0.12153229813265654,0.778467701867342,0,false,true,false,false,0.4499999999999993,-0.32846770186734275,EXPERIMENT_ONLY
2024-02-20,23:00,test,2024,2024,19,18.93693691306826,0.06306308693174145,19,19,true,2024,2024-02,macro_southerly_flow,19.45,0.4499999999999993,19,true,0.38693691306825784,0.5130630869317407,0,false,true,false,false,0.4499999999999993,-0.06306308693174145,EXPERIMENT_ONLY
2024-02-21,20:00,test,2024,2024,19,19.642316306573402,0.6423163065734023,19,20,false,2024,2024-02,macro_non_southerly,19.57,0.5700000000000003,20,false,-0.07231630657340204,-0.07231630657340204,0,true,false,false,false,0.5700000000000003,0.6423163065734023,EXPERIMENT_ONLY
2024-02-21,21:00,test,2024,2024,19,20.104264136188974,1.1042641361889736,19,20,false,2024,2024-02,macro_non_southerly,19.57,0.5700000000000003,20,false,-0.5342641361889733,-0.5342641361889733,0,true,false,false,false,0.5700000000000003,1.1042641361889736,EXPERIMENT_ONLY
2024-02-21,22:00,test,2024,2024,19,19.73527658789501,0.7352765878950116,19,20,false,2024,2024-02,macro_non_southerly,19.57,0.5700000000000003,20,false,-0.16527658789501132,-0.16527658789501132,0,true,false,false,false,0.5700000000000003,0.7352765878950116,EXPERIMENT_ONLY
2024-02-21,23:00,test,2024,2024,19,19.940043591628857,0.9400435916288572,19,20,false,2024,2024-02,macro_non_southerly,19.57,0.5700000000000003,20,false,-0.3700435916288569,-0.3700435916288569,0,true,false,false,false,0.5700000000000003,0.9400435916288572,EXPERIMENT_ONLY
2024-02-22,20:00,test,2024,2024,24,21.13868646874155,2.8613135312584497,24,21,false,2024,2024-02,macro_non_southerly,22.73,1.2699999999999996,23,false,-1.59131353125845,1.59131353125845,0,true,false,false,false,-1.2699999999999996,-2.8613135312584497,EXPERIMENT_ONLY
2024-02-22,21:00,test,2024,2024,24,21.810108361363994,2.1898916386360057,24,22,false,2024,2024-02,macro_non_southerly,22.73,1.2699999999999996,23,false,-0.9198916386360061,0.9198916386360061,0,true,false,false,false,-1.2699999999999996,-2.1898916386360057,EXPERIMENT_ONLY
2024-02-22,22:00,test,2024,2024,24,21.80593733899125,2.1940626610087506,24,22,false,2024,2024-02,macro_non_southerly,22.73,1.2699999999999996,23,false,-0.924062661008751,0.924062661008751,0,true,false,false,false,-1.2699999999999996,-2.1940626610087506,EXPERIMENT_ONLY
2024-02-22,23:00,test,2024,2024,24,21.806411753129215,2.1935882468707852,24,22,false,2024,2024-02,macro_non_southerly,22.73,1.2699999999999996,23,false,-0.9235882468707857,0.9235882468707857,0,true,false,false,false,-1.2699999999999996,-2.1935882468707852,EXPERIMENT_ONLY
2024-02-23,20:00,test,2024,2024,23,22.119840484464497,0.8801595155355031,23,22,false,2024,2024-02,macro_non_southerly,21.09,1.9100000000000001,21,false,1.029840484464497,-1.029840484464497,0,false,true,false,false,-1.9100000000000001,-0.8801595155355031,EXPERIMENT_ONLY
2024-02-23,21:00,test,2024,2024,23,22.06277246224041,0.9372275377595898,23,22,false,2024,2024-02,macro_non_southerly,21.09,1.9100000000000001,21,false,0.9727724622404104,-0.9727724622404104,0,false,true,false,false,-1.9100000000000001,-0.9372275377595898,EXPERIMENT_ONLY
2024-02-23,22:00,test,2024,2024,23,21.929981278298847,1.0700187217011532,23,22,false,2024,2024-02,macro_non_southerly,21.09,1.9100000000000001,21,false,0.839981278298847,-0.839981278298847,0,false,true,false,false,-1.9100000000000001,-1.0700187217011532,EXPERIMENT_ONLY
2024-02-23,23:00,test,2024,2024,23,22.161628529621773,0.8383714703782275,23,22,false,2024,2024-02,macro_non_southerly,21.09,1.9100000000000001,21,false,1.0716285296217727,-1.0716285296217727,0,false,true,false,false,-1.9100000000000001,-0.8383714703782275,EXPERIMENT_ONLY
2024-02-24,20:00,test,2024,2024,21,22.17301923518775,1.1730192351877484,21,22,false,2024,2024-02,macro_non_southerly,21.07,0.07000000000000028,21,true,-1.1030192351877481,-1.1030192351877481,1,true,false,false,true,0.07000000000000028,1.1730192351877484,EXPERIMENT_ONLY
2024-02-24,21:00,test,2024,2024,21,22.316660758276605,1.3166607582766048,21,22,false,2024,2024-02,macro_non_southerly,21.07,0.07000000000000028,21,true,-1.2466607582766045,-1.2466607582766045,1,true,false,false,true,0.07000000000000028,1.3166607582766048,EXPERIMENT_ONLY
2024-02-24,22:00,test,2024,2024,21,22.10333981906572,1.1033398190657202,21,22,false,2024,2024-02,macro_non_southerly,21.07,0.07000000000000028,21,true,-1.03333981906572,-1.03333981906572,1,true,false,false,true,0.07000000000000028,1.1033398190657202,EXPERIMENT_ONLY
2024-02-24,23:00,test,2024,2024,21,22.09757548347743,1.0975754834774314,21,22,false,2024,2024-02,macro_non_southerly,21.07,0.07000000000000028,21,true,-1.027575483477431,-1.027575483477431,1,true,false,false,true,0.07000000000000028,1.0975754834774314,EXPERIMENT_ONLY
2024-02-25,20:00,test,2024,2024,20,20.424945854065086,0.42494585406508634,20,20,true,2024,2024-02,macro_southerly_flow,20.990000000000002,0.990000000000002,21,false,0.5650541459349157,0.5650541459349157,-1,false,true,true,false,0.990000000000002,0.42494585406508634,EXPERIMENT_ONLY
2024-02-25,21:00,test,2024,2024,20,19.968008435474715,0.031991564525284844,20,20,true,2024,2024-02,macro_southerly_flow,20.990000000000002,0.990000000000002,21,false,0.9580084354747171,1.0219915645252868,-1,false,true,true,false,0.990000000000002,-0.031991564525284844,EXPERIMENT_ONLY
2024-02-25,22:00,test,2024,2024,20,19.93384180019053,0.06615819980946824,20,20,true,2024,2024-02,macro_southerly_flow,20.990000000000002,0.990000000000002,21,false,0.9238418001905337,1.0561581998094702,-1,false,true,true,false,0.990000000000002,-0.06615819980946824,EXPERIMENT_ONLY
2024-02-25,23:00,test,2024,2024,20,20.439026307444614,0.4390263074446139,20,20,true,2024,2024-02,macro_southerly_flow,20.990000000000002,0.990000000000002,21,false,0.5509736925553881,0.5509736925553881,-1,false,true,true,false,0.990000000000002,0.4390263074446139,EXPERIMENT_ONLY
2024-02-26,20:00,test,2024,2024,22,21.427371942550863,0.5726280574491369,22,21,false,2024,2024-02,macro_non_southerly,21.23,0.7699999999999996,21,false,0.19737194255086266,-0.19737194255086266,0,false,true,false,false,-0.7699999999999996,-0.5726280574491369,EXPERIMENT_ONLY
2024-02-26,21:00,test,2024,2024,22,21.642731277595203,0.3572687224047968,22,22,true,2024,2024-02,macro_non_southerly,21.23,0.7699999999999996,21,false,0.4127312775952028,-0.4127312775952028,-1,false,true,true,false,-0.7699999999999996,-0.3572687224047968,EXPERIMENT_ONLY
2024-02-26,22:00,test,2024,2024,22,21.541162265728033,0.4588377342719667,22,22,true,2024,2024-02,macro_non_southerly,21.23,0.7699999999999996,21,false,0.31116226572803285,-0.31116226572803285,-1,false,true,true,false,-0.7699999999999996,-0.4588377342719667,EXPERIMENT_ONLY
2024-02-26,23:00,test,2024,2024,22,21.566918227917714,0.4330817720822857,22,22,true,2024,2024-02,macro_non_southerly,21.23,0.7699999999999996,21,false,0.33691822791771386,-0.33691822791771386,-1,false,true,true,false,-0.7699999999999996,-0.4330817720822857,EXPERIMENT_ONLY
2024-02-27,20:00,test,2024,2024,22,21.32908669603129,0.6709133039687103,22,21,false,2024,2024-02,macro_non_southerly,20.61,1.3900000000000006,21,false,0.7190866960312903,-0.7190866960312903,0,false,true,false,false,-1.3900000000000006,-0.6709133039687103,EXPERIMENT_ONLY
2024-02-27,21:00,test,2024,2024,22,21.34609442771365,0.6539055722863516,22,21,false,2024,2024-02,macro_non_southerly,20.61,1.3900000000000006,21,false,0.736094427713649,-0.736094427713649,0,false,true,false,false,-1.3900000000000006,-0.6539055722863516,EXPERIMENT_ONLY
2024-02-27,22:00,test,2024,2024,22,21.000020841349812,0.9999791586501878,22,21,false,2024,2024-02,macro_non_southerly,20.61,1.3900000000000006,21,false,0.39002084134981274,-0.39002084134981274,0,false,true,false,false,-1.3900000000000006,-0.9999791586501878,EXPERIMENT_ONLY
2024-02-27,23:00,test,2024,2024,22,21.191130025938254,0.8088699740617464,22,21,false,2024,2024-02,macro_non_southerly,20.61,1.3900000000000006,21,false,0.5811300259382541,-0.5811300259382541,0,false,true,false,false,-1.3900000000000006,-0.8088699740617464,EXPERIMENT_ONLY
2024-02-28,20:00,test,2024,2024,18,19.44758710437453,1.4475871043745308,18,19,false,2024,2024-02,macro_southerly_flow,18.65,0.6499999999999986,19,false,-0.7975871043745322,-0.7975871043745322,0,true,false,false,false,0.6499999999999986,1.4475871043745308,EXPERIMENT_ONLY
2024-02-28,21:00,test,2024,2024,18,19.390924722460348,1.3909247224603476,18,19,false,2024,2024-02,macro_southerly_flow,18.65,0.6499999999999986,19,false,-0.740924722460349,-0.740924722460349,0,true,false,false,false,0.6499999999999986,1.3909247224603476,EXPERIMENT_ONLY
2024-02-28,22:00,test,2024,2024,18,19.13469912766263,1.1346991276626284,18,19,false,2024,2024-02,macro_southerly_flow,18.65,0.6499999999999986,19,false,-0.4846991276626298,-0.4846991276626298,0,true,false,false,false,0.6499999999999986,1.1346991276626284,EXPERIMENT_ONLY
2024-02-28,23:00,test,2024,2024,18,18.75982045789413,0.7598204578941292,18,19,false,2024,2024-02,macro_southerly_flow,18.65,0.6499999999999986,19,false,-0.10982045789413064,-0.10982045789413064,0,true,false,false,false,0.6499999999999986,0.7598204578941292,EXPERIMENT_ONLY
2024-02-29,20:00,test,2024,2024,18,17.96275521429779,0.03724478570221024,18,18,true,2024,2024-02,macro_southerly_flow,18.89,0.8900000000000006,19,false,0.8527552142977903,0.9272447857022108,-1,false,true,true,false,0.8900000000000006,-0.03724478570221024,EXPERIMENT_ONLY
2024-02-29,21:00,test,2024,2024,18,17.70500660696634,0.29499339303366057,18,18,true,2024,2024-02,macro_southerly_flow,18.89,0.8900000000000006,19,false,0.59500660696634,1.1849933930336611,-1,false,true,true,false,0.8900000000000006,-0.29499339303366057,EXPERIMENT_ONLY
2024-02-29,22:00,test,2024,2024,18,17.616272423133438,0.383727576866562,18,18,true,2024,2024-02,macro_southerly_flow,18.89,0.8900000000000006,19,false,0.5062724231334386,1.2737275768665626,-1,false,true,true,false,0.8900000000000006,-0.383727576866562,EXPERIMENT_ONLY
2024-02-29,23:00,test,2024,2024,18,17.89356260143895,0.10643739856104872,18,18,true,2024,2024-02,macro_southerly_flow,18.89,0.8900000000000006,19,false,0.7835626014389518,0.9964373985610493,-1,false,true,true,false,0.8900000000000006,-0.10643739856104872,EXPERIMENT_ONLY
2024-03-01,20:00,test,2024,2024,23,20.255653981689072,2.744346018310928,23,20,false,2024,2024-03,macro_non_southerly,21.163434343434343,1.8365656565656572,21,false,-0.9077803617452709,0.9077803617452709,0,true,false,false,false,-1.8365656565656572,-2.744346018310928,EXPERIMENT_ONLY
2024-03-01,21:00,test,2024,2024,23,20.9774872059068,2.022512794093199,23,21,false,2024,2024-03,macro_non_southerly,21.163434343434343,1.8365656565656572,21,false,-0.18594713752754188,0.18594713752754188,0,true,false,false,false,-1.8365656565656572,-2.022512794093199,EXPERIMENT_ONLY
2024-03-01,22:00,test,2024,2024,23,20.87576285964132,2.12423714035868,23,21,false,2024,2024-03,macro_non_southerly,21.163434343434343,1.8365656565656572,21,false,-0.287671483793023,0.287671483793023,0,true,false,false,false,-1.8365656565656572,-2.12423714035868,EXPERIMENT_ONLY
2024-03-01,23:00,test,2024,2024,23,20.932422181638433,2.067577818361567,23,21,false,2024,2024-03,macro_non_southerly,21.163434343434343,1.8365656565656572,21,false,-0.23101216179590978,0.23101216179590978,0,true,false,false,false,-1.8365656565656572,-2.067577818361567,EXPERIMENT_ONLY
2024-03-02,20:00,test,2024,2024,20,22.268354535722043,2.268354535722043,20,22,false,2024,2024-03,macro_non_southerly,21.333181818181817,1.3331818181818171,21,false,-0.935172717540226,-0.935172717540226,0,true,false,false,false,1.3331818181818171,2.268354535722043,EXPERIMENT_ONLY
2024-03-02,21:00,test,2024,2024,20,22.379042363753335,2.379042363753335,20,22,false,2024,2024-03,macro_non_southerly,21.333181818181817,1.3331818181818171,21,false,-1.045860545571518,-1.045860545571518,0,true,false,false,false,1.3331818181818171,2.379042363753335,EXPERIMENT_ONLY
2024-03-02,22:00,test,2024,2024,20,22.249044033359795,2.2490440333597945,20,22,false,2024,2024-03,macro_non_southerly,21.333181818181817,1.3331818181818171,21,false,-0.9158622151779774,-0.9158622151779774,0,true,false,false,false,1.3331818181818171,2.2490440333597945,EXPERIMENT_ONLY
2024-03-02,23:00,test,2024,2024,20,22.482800120194806,2.4828001201948062,20,22,false,2024,2024-03,macro_non_southerly,21.333181818181817,1.3331818181818171,21,false,-1.149618302012989,-1.149618302012989,0,true,false,false,false,1.3331818181818171,2.4828001201948062,EXPERIMENT_ONLY
2024-03-03,20:00,test,2024,2024,22,22.47607541658819,0.4760754165881913,22,22,true,2024,2024-03,macro_non_southerly,21.856565656565657,0.14343434343434325,22,true,-0.33264107315384805,-0.6195097600225346,0,true,false,false,false,-0.14343434343434325,0.4760754165881913,EXPERIMENT_ONLY
2024-03-03,21:00,test,2024,2024,22,21.422091630205507,0.5779083697944927,22,21,false,2024,2024-03,macro_non_southerly,21.856565656565657,0.14343434343434325,22,true,-0.4344740263601494,0.4344740263601494,1,true,false,false,true,-0.14343434343434325,-0.5779083697944927,EXPERIMENT_ONLY
2024-03-03,22:00,test,2024,2024,22,20.937782219580566,1.0622177804194344,22,21,false,2024,2024-03,macro_non_southerly,21.856565656565657,0.14343434343434325,22,true,-0.9187834369850911,0.9187834369850911,1,true,false,false,true,-0.14343434343434325,-1.0622177804194344,EXPERIMENT_ONLY
2024-03-03,23:00,test,2024,2024,22,21.16525311440093,0.8347468855990705,22,21,false,2024,2024-03,macro_non_southerly,21.856565656565657,0.14343434343434325,22,true,-0.6913125421647273,0.6913125421647273,1,true,false,false,true,-0.14343434343434325,-0.8347468855990705,EXPERIMENT_ONLY
2024-03-04,20:00,test,2024,2024,20,21.315929009970755,1.3159290099707555,20,21,false,2024,2024-03,macro_non_southerly,20.584898989898992,0.584898989898992,21,false,-0.7310300200717634,-0.7310300200717634,0,true,false,false,false,0.584898989898992,1.3159290099707555,EXPERIMENT_ONLY
2024-03-04,21:00,test,2024,2024,20,21.700810944029012,1.700810944029012,20,22,false,2024,2024-03,macro_non_southerly,20.584898989898992,0.584898989898992,21,false,-1.11591195413002,-1.11591195413002,0,true,false,false,false,0.584898989898992,1.700810944029012,EXPERIMENT_ONLY
2024-03-04,22:00,test,2024,2024,20,21.823173666894583,1.8231736668945828,20,22,false,2024,2024-03,macro_non_southerly,20.584898989898992,0.584898989898992,21,false,-1.2382746769955908,-1.2382746769955908,0,true,false,false,false,0.584898989898992,1.8231736668945828,EXPERIMENT_ONLY
2024-03-04,23:00,test,2024,2024,20,21.872831721589407,1.8728317215894066,20,22,false,2024,2024-03,macro_non_southerly,20.584898989898992,0.584898989898992,21,false,-1.2879327316904146,-1.2879327316904146,0,true,false,false,false,0.584898989898992,1.8728317215894066,EXPERIMENT_ONLY
2024-03-05,20:00,test,2024,2024,19,18.43032122061411,0.5696787793858888,19,18,false,2024,2024-03,macro_non_southerly,18.294949494949496,0.7050505050505045,18,false,0.13537172566461564,-0.13537172566461564,0,false,true,false,false,-0.7050505050505045,-0.5696787793858888,EXPERIMENT_ONLY
2024-03-05,21:00,test,2024,2024,19,18.076778305375374,0.9232216946246261,19,18,false,2024,2024-03,macro_non_southerly,18.294949494949496,0.7050505050505045,18,false,-0.21817118957412163,0.21817118957412163,0,true,false,false,false,-0.7050505050505045,-0.9232216946246261,EXPERIMENT_ONLY
2024-03-05,22:00,test,2024,2024,19,18.11691248386975,0.8830875161302494,19,18,false,2024,2024-03,macro_non_southerly,18.294949494949496,0.7050505050505045,18,false,-0.1780370110797449,0.1780370110797449,0,true,false,false,false,-0.7050505050505045,-0.8830875161302494,EXPERIMENT_ONLY
2024-03-05,23:00,test,2024,2024,19,18.628625905342012,0.37137409465798754,19,19,true,2024,2024-03,macro_non_southerly,18.294949494949496,0.7050505050505045,18,false,0.33367641039251694,-0.33367641039251694,-1,false,true,true,false,-0.7050505050505045,-0.37137409465798754,EXPERIMENT_ONLY
2024-03-06,20:00,test,2024,2024,17,16.121714797195768,0.8782852028042321,17,16,false,2024,2024-03,macro_southerly_flow,17.316010101010104,0.31601010101010374,17,true,-0.5622751017941283,1.1942953038143358,1,true,false,false,true,0.31601010101010374,-0.8782852028042321,EXPERIMENT_ONLY
2024-03-06,21:00,test,2024,2024,17,15.923592605806135,1.0764073941938648,17,16,false,2024,2024-03,macro_southerly_flow,17.316010101010104,0.31601010101010374,17,true,-0.760397293183761,1.3924174952039685,1,true,false,false,true,0.31601010101010374,-1.0764073941938648,EXPERIMENT_ONLY
2024-03-06,22:00,test,2024,2024,17,15.760787049285906,1.2392129507140943,17,16,false,2024,2024-03,macro_southerly_flow,17.316010101010104,0.31601010101010374,17,true,-0.9232028497039906,1.555223051724198,1,true,false,false,true,0.31601010101010374,-1.2392129507140943,EXPERIMENT_ONLY
2024-03-06,23:00,test,2024,2024,17,16.17663003398391,0.8233699660160916,17,16,false,2024,2024-03,macro_southerly_flow,17.316010101010104,0.31601010101010374,17,true,-0.5073598650059878,1.1393800670261953,1,true,false,false,true,0.31601010101010374,-0.8233699660160916,EXPERIMENT_ONLY
2024-03-07,20:00,test,2024,2024,19,19.340641385172862,0.34064138517286224,19,19,true,2024,2024-03,macro_non_southerly,19.651666666666667,0.6516666666666673,20,false,0.31102528149380504,0.31102528149380504,-1,false,true,true,false,0.6516666666666673,0.34064138517286224,EXPERIMENT_ONLY
2024-03-07,21:00,test,2024,2024,19,19.81361196217706,0.8136119621770597,19,20,false,2024,2024-03,macro_non_southerly,19.651666666666667,0.6516666666666673,20,false,-0.16194529551039238,-0.16194529551039238,0,true,false,false,false,0.6516666666666673,0.8136119621770597,EXPERIMENT_ONLY
2024-03-07,22:00,test,2024,2024,19,19.750667505425128,0.7506675054251275,19,20,false,2024,2024-03,macro_non_southerly,19.651666666666667,0.6516666666666673,20,false,-0.09900083875846022,-0.09900083875846022,0,true,false,false,false,0.6516666666666673,0.7506675054251275,EXPERIMENT_ONLY
2024-03-07,23:00,test,2024,2024,19,19.8766816147315,0.8766816147314991,19,20,false,2024,2024-03,macro_non_southerly,19.651666666666667,0.6516666666666673,20,false,-0.2250149480648318,-0.2250149480648318,0,true,false,false,false,0.6516666666666673,0.8766816147314991,EXPERIMENT_ONLY
2024-03-08,20:00,test,2024,2024,19,19.59431174659698,0.5943117465969792,19,20,false,2024,2024-03,macro_non_southerly,18.84989898989899,0.15010101010101096,19,true,-0.4442107364959682,-0.7444127566979901,1,true,false,false,true,-0.15010101010101096,0.5943117465969792,EXPERIMENT_ONLY
2024-03-08,21:00,test,2024,2024,19,19.190977525409416,0.1909775254094157,19,19,true,2024,2024-03,macro_non_southerly,18.84989898989899,0.15010101010101096,19,true,-0.04087651530840475,-0.34107853551042666,0,true,false,false,false,-0.15010101010101096,0.1909775254094157,EXPERIMENT_ONLY
2024-03-08,22:00,test,2024,2024,19,19.08792133686332,0.08792133686332093,19,19,true,2024,2024-03,macro_non_southerly,18.84989898989899,0.15010101010101096,19,true,0.062179673237690025,-0.2380223469643319,0,false,true,false,false,-0.15010101010101096,0.08792133686332093,EXPERIMENT_ONLY
2024-03-08,23:00,test,2024,2024,19,19.140740101937794,0.1407401019377943,19,19,true,2024,2024-03,macro_non_southerly,18.84989898989899,0.15010101010101096,19,true,0.009360908163216664,-0.29084111203880525,0,false,true,false,false,-0.15010101010101096,0.1407401019377943,EXPERIMENT_ONLY
2024-03-09,20:00,test,2024,2024,20,20.01590560068379,0.015905600683790766,20,20,true,2024,2024-03,macro_non_southerly,19.8580303030303,0.1419696969696993,20,true,0.12606409628590853,-0.15787529765349007,0,false,true,false,false,-0.1419696969696993,0.015905600683790766,EXPERIMENT_ONLY
2024-03-09,21:00,test,2024,2024,20,19.516161315751834,0.4838386842481661,20,20,true,2024,2024-03,macro_non_southerly,19.8580303030303,0.1419696969696993,20,true,-0.3418689872784668,0.3418689872784668,0,true,false,false,false,-0.1419696969696993,-0.4838386842481661,EXPERIMENT_ONLY
2024-03-09,22:00,test,2024,2024,20,20.234640663169323,0.23464066316932275,20,20,true,2024,2024-03,macro_non_southerly,19.8580303030303,0.1419696969696993,20,true,-0.09267096619962345,-0.37661036013902205,0,true,false,false,false,-0.1419696969696993,0.23464066316932275,EXPERIMENT_ONLY
2024-03-09,23:00,test,2024,2024,20,20.4311012508185,0.43110125081850015,20,20,true,2024,2024-03,macro_non_southerly,19.8580303030303,0.1419696969696993,20,true,-0.28913155384880085,-0.5730709477881994,0,true,false,false,false,-0.1419696969696993,0.43110125081850015,EXPERIMENT_ONLY
2024-03-10,20:00,test,2024,2024,20,19.07584422413221,0.9241557758677885,20,19,false,2024,2024-03,macro_southerly_flow,18.836363636363636,1.163636363636364,19,false,0.2394805877685755,-0.2394805877685755,0,false,true,false,false,-1.163636363636364,-0.9241557758677885,EXPERIMENT_ONLY
2024-03-10,21:00,test,2024,2024,20,19.546840489525554,0.45315951047444614,20,20,true,2024,2024-03,macro_southerly_flow,18.836363636363636,1.163636363636364,19,false,0.7104768531619179,-0.7104768531619179,-1,false,true,true,false,-1.163636363636364,-0.45315951047444614,EXPERIMENT_ONLY
2024-03-10,22:00,test,2024,2024,20,19.902801142179552,0.09719885782044813,20,20,true,2024,2024-03,macro_southerly_flow,18.836363636363636,1.163636363636364,19,false,1.066437505815916,-1.066437505815916,-1,false,true,true,false,-1.163636363636364,-0.09719885782044813,EXPERIMENT_ONLY
2024-03-10,23:00,test,2024,2024,20,20.46422563794209,0.46422563794208926,20,20,true,2024,2024-03,macro_southerly_flow,18.836363636363636,1.163636363636364,19,false,0.6994107256942748,-1.6278620015784533,-1,false,true,true,false,-1.163636363636364,0.46422563794208926,EXPERIMENT_ONLY
2024-03-11,20:00,test,2024,2024,21,20.63657752094885,0.3634224790511489,21,21,true,2024,2024-03,macro_non_southerly,20.675959595959597,0.324040404040403,21,true,-0.039382075010745865,0.039382075010745865,0,true,false,false,false,-0.324040404040403,-0.3634224790511489,EXPERIMENT_ONLY
2024-03-11,21:00,test,2024,2024,21,20.847876920897523,0.15212307910247702,21,21,true,2024,2024-03,macro_non_southerly,20.675959595959597,0.324040404040403,21,true,0.171917324937926,-0.171917324937926,0,false,true,false,false,-0.324040404040403,-0.15212307910247702,EXPERIMENT_ONLY
2024-03-11,22:00,test,2024,2024,21,20.266834779001893,0.7331652209981065,21,20,false,2024,2024-03,macro_non_southerly,20.675959595959597,0.324040404040403,21,true,-0.40912481695770353,0.40912481695770353,1,true,false,false,true,-0.324040404040403,-0.7331652209981065,EXPERIMENT_ONLY
2024-03-11,23:00,test,2024,2024,21,20.491067139929697,0.5089328600703027,21,20,false,2024,2024-03,macro_non_southerly,20.675959595959597,0.324040404040403,21,true,-0.18489245602989968,0.18489245602989968,1,true,false,false,true,-0.324040404040403,-0.5089328600703027,EXPERIMENT_ONLY
2024-03-12,20:00,test,2024,2024,22,19.414883010724914,2.585116989275086,22,19,false,2024,2024-03,macro_southerly_flow,20.19131313131313,1.8086868686868698,20,false,-0.7764301205882163,0.7764301205882163,0,true,false,false,false,-1.8086868686868698,-2.585116989275086,EXPERIMENT_ONLY
2024-03-12,21:00,test,2024,2024,22,19.859879017811462,2.140120982188538,22,20,false,2024,2024-03,macro_southerly_flow,20.19131313131313,1.8086868686868698,20,false,-0.3314341135016683,0.3314341135016683,0,true,false,false,false,-1.8086868686868698,-2.140120982188538,EXPERIMENT_ONLY
2024-03-12,22:00,test,2024,2024,22,20.004152929360167,1.995847070639833,22,20,false,2024,2024-03,macro_southerly_flow,20.19131313131313,1.8086868686868698,20,false,-0.18716020195296323,0.18716020195296323,0,true,false,false,false,-1.8086868686868698,-1.995847070639833,EXPERIMENT_ONLY
2024-03-12,23:00,test,2024,2024,22,21.436441817038524,0.5635581829614758,22,21,false,2024,2024-03,macro_non_southerly,20.19131313131313,1.8086868686868698,20,false,1.245128685725394,-1.245128685725394,0,false,true,false,false,-1.8086868686868698,-0.5635581829614758,EXPERIMENT_ONLY
2024-03-13,20:00,test,2024,2024,18,20.296336483369693,2.296336483369693,18,20,false,2024,2024-03,macro_non_southerly,19.179444444444442,1.1794444444444423,19,false,-1.1168920389252506,-1.1168920389252506,0,true,false,false,false,1.1794444444444423,2.296336483369693,EXPERIMENT_ONLY
2024-03-13,21:00,test,2024,2024,18,19.434603075943926,1.4346030759439259,18,19,false,2024,2024-03,macro_non_southerly,19.179444444444442,1.1794444444444423,19,false,-0.2551586314994836,-0.2551586314994836,0,true,false,false,false,1.1794444444444423,1.4346030759439259,EXPERIMENT_ONLY
2024-03-13,22:00,test,2024,2024,18,19.34857364591408,1.3485736459140796,18,19,false,2024,2024-03,macro_non_southerly,19.179444444444442,1.1794444444444423,19,false,-0.16912920146963728,-0.16912920146963728,0,true,false,false,false,1.1794444444444423,1.3485736459140796,EXPERIMENT_ONLY
2024-03-13,23:00,test,2024,2024,18,19.45062782886705,1.4506278288670487,18,19,false,2024,2024-03,macro_non_southerly,19.179444444444442,1.1794444444444423,19,false,-0.27118338442260637,-0.27118338442260637,0,true,false,false,false,1.1794444444444423,1.4506278288670487,EXPERIMENT_ONLY
2024-03-14,20:00,test,2024,2024,19,19.184839385146446,0.1848393851464465,19,19,true,2024,2024-03,macro_non_southerly,18.41833333333333,0.5816666666666706,18,false,0.39682728152022406,-0.766506051813117,-1,false,true,true,false,-0.5816666666666706,0.1848393851464465,EXPERIMENT_ONLY
2024-03-14,21:00,test,2024,2024,19,19.66827471485495,0.6682747148549488,19,20,false,2024,2024-03,macro_non_southerly,18.41833333333333,0.5816666666666706,18,false,-0.08660804818827827,-1.2499413815216194,0,true,false,false,false,-0.5816666666666706,0.6682747148549488,EXPERIMENT_ONLY
2024-03-14,22:00,test,2024,2024,19,19.60222346809945,0.6022234680994494,19,20,false,2024,2024-03,macro_non_southerly,18.41833333333333,0.5816666666666706,18,false,-0.020556801432778826,-1.18389013476612,0,true,false,false,false,-0.5816666666666706,0.6022234680994494,EXPERIMENT_ONLY
2024-03-14,23:00,test,2024,2024,19,19.69036012887362,0.6903601288736212,19,20,false,2024,2024-03,macro_non_southerly,18.41833333333333,0.5816666666666706,18,false,-0.10869346220695064,-1.2720267955402917,0,true,false,false,false,-0.5816666666666706,0.6903601288736212,EXPERIMENT_ONLY
2024-03-15,20:00,test,2024,2024,20,18.653995513549972,1.3460044864500276,20,19,false,2024,2024-03,macro_non_southerly,19.219797979797978,0.7802020202020223,19,false,-0.5658024662480052,0.5658024662480052,0,true,false,false,false,-0.7802020202020223,-1.3460044864500276,EXPERIMENT_ONLY
2024-03-15,21:00,test,2024,2024,20,18.740995213663783,1.2590047863362166,20,19,false,2024,2024-03,macro_non_southerly,19.219797979797978,0.7802020202020223,19,false,-0.47880276613419426,0.47880276613419426,0,true,false,false,false,-0.7802020202020223,-1.2590047863362166,EXPERIMENT_ONLY
2024-03-15,22:00,test,2024,2024,20,18.744227469917487,1.2557725300825133,20,19,false,2024,2024-03,macro_non_southerly,19.219797979797978,0.7802020202020223,19,false,-0.475570509880491,0.475570509880491,0,true,false,false,false,-0.7802020202020223,-1.2557725300825133,EXPERIMENT_ONLY
2024-03-15,23:00,test,2024,2024,20,19.347735423737287,0.6522645762627128,20,19,false,2024,2024-03,macro_non_southerly,19.219797979797978,0.7802020202020223,19,false,0.1279374439393095,-0.1279374439393095,0,false,true,false,false,-0.7802020202020223,-0.6522645762627128,EXPERIMENT_ONLY
2024-03-16,20:00,test,2024,2024,17,17.751042023231076,0.7510420232310757,17,18,false,2024,2024-03,macro_non_southerly,16.662777777777777,0.3372222222222234,17,true,-0.4138198010088523,-1.0882642454532991,1,true,false,false,true,-0.3372222222222234,0.7510420232310757,EXPERIMENT_ONLY
2024-03-16,21:00,test,2024,2024,17,17.554293666624773,0.5542936666247726,17,18,false,2024,2024-03,macro_non_southerly,16.662777777777777,0.3372222222222234,17,true,-0.21707144440254922,-0.8915158888469961,1,true,false,false,true,-0.3372222222222234,0.5542936666247726,EXPERIMENT_ONLY
2024-03-16,22:00,test,2024,2024,17,17.390306944599402,0.3903069445994021,17,17,true,2024,2024-03,macro_non_southerly,16.662777777777777,0.3372222222222234,17,true,-0.05308472237717865,-0.7275291668216255,0,true,false,false,false,-0.3372222222222234,0.3903069445994021,EXPERIMENT_ONLY
2024-03-16,23:00,test,2024,2024,17,17.627721014751277,0.6277210147512768,17,18,false,2024,2024-03,macro_non_southerly,16.662777777777777,0.3372222222222234,17,true,-0.2904987925290534,-0.9649432369735003,1,true,false,false,true,-0.3372222222222234,0.6277210147512768,EXPERIMENT_ONLY
2024-03-17,20:00,test,2024,2024,20,18.538914353012068,1.4610856469879323,20,19,false,2024,2024-03,macro_non_southerly,18.927323232323232,1.072676767676768,19,false,-0.3884088793111644,0.3884088793111644,0,true,false,false,false,-1.072676767676768,-1.4610856469879323,EXPERIMENT_ONLY
2024-03-17,21:00,test,2024,2024,20,18.95282475063885,1.0471752493611497,20,19,false,2024,2024-03,macro_non_southerly,18.927323232323232,1.072676767676768,19,false,0.0255015183156182,-0.0255015183156182,0,false,true,false,false,-1.072676767676768,-1.0471752493611497,EXPERIMENT_ONLY
2024-03-17,22:00,test,2024,2024,20,18.67697667945857,1.3230233205414308,20,19,false,2024,2024-03,macro_non_southerly,18.927323232323232,1.072676767676768,19,false,-0.2503465528646629,0.2503465528646629,0,true,false,false,false,-1.072676767676768,-1.3230233205414308,EXPERIMENT_ONLY
2024-03-17,23:00,test,2024,2024,20,19.111403878444726,0.888596121555274,20,19,false,2024,2024-03,macro_non_southerly,18.927323232323232,1.072676767676768,19,false,0.18408064612149388,-0.18408064612149388,0,false,true,false,false,-1.072676767676768,-0.888596121555274,EXPERIMENT_ONLY
2024-03-18,20:00,test,2024,2024,17,18.777635826709286,1.777635826709286,17,19,false,2024,2024-03,macro_non_southerly,16.70878787878788,0.29121212121211926,17,true,-1.4864237054971667,-2.0688479479214053,1,true,false,false,true,-0.29121212121211926,1.777635826709286,EXPERIMENT_ONLY
2024-03-18,21:00,test,2024,2024,17,18.657355901196503,1.6573559011965031,17,19,false,2024,2024-03,macro_non_southerly,16.70878787878788,0.29121212121211926,17,true,-1.3661437799843839,-1.9485680224086224,1,true,false,false,true,-0.29121212121211926,1.6573559011965031,EXPERIMENT_ONLY
2024-03-18,22:00,test,2024,2024,17,18.398352858069632,1.3983528580696323,17,18,false,2024,2024-03,macro_non_southerly,16.70878787878788,0.29121212121211926,17,true,-1.107140736857513,-1.6895649792817515,1,true,false,false,true,-0.29121212121211926,1.3983528580696323,EXPERIMENT_ONLY
2024-03-18,23:00,test,2024,2024,17,17.919622622903507,0.9196226229035069,17,18,false,2024,2024-03,macro_non_southerly,16.70878787878788,0.29121212121211926,17,true,-0.6284105016913877,-1.2108347441156262,1,true,false,false,true,-0.29121212121211926,0.9196226229035069,EXPERIMENT_ONLY
2024-03-19,20:00,test,2024,2024,15,15.377569366927574,0.3775693669275739,15,15,true,2024,2024-03,macro_southerly_flow,14.803737373737373,0.19626262626262658,15,true,-0.18130674066494734,-0.5738319931902005,0,true,false,false,false,-0.19626262626262658,0.3775693669275739,EXPERIMENT_ONLY
2024-03-19,21:00,test,2024,2024,15,15.500354158152799,0.500354158152799,15,16,false,2024,2024-03,macro_southerly_flow,14.803737373737373,0.19626262626262658,15,true,-0.30409153189017246,-0.6966167844154256,1,true,false,false,true,-0.19626262626262658,0.500354158152799,EXPERIMENT_ONLY
2024-03-19,22:00,test,2024,2024,15,15.335861222339517,0.335861222339517,15,15,true,2024,2024-03,macro_southerly_flow,14.803737373737373,0.19626262626262658,15,true,-0.1395985960768904,-0.5321238486021436,0,true,false,false,false,-0.19626262626262658,0.335861222339517,EXPERIMENT_ONLY
2024-03-19,23:00,test,2024,2024,15,15.856146117860973,0.8561461178609733,15,16,false,2024,2024-03,macro_southerly_flow,14.803737373737373,0.19626262626262658,15,true,-0.6598834915983467,-1.0524087441235999,1,true,false,false,true,-0.19626262626262658,0.8561461178609733,EXPERIMENT_ONLY
2024-03-20,20:00,test,2024,2024,16,16.245885803668834,0.24588580366883406,16,16,true,2024,2024-03,macro_southerly_flow,16.499797979797982,0.49979797979798235,16,true,0.2539121761291483,0.2539121761291483,0,false,true,false,false,0.49979797979798235,0.24588580366883406,EXPERIMENT_ONLY
2024-03-20,21:00,test,2024,2024,16,16.415629720988857,0.4156297209888571,16,16,true,2024,2024-03,macro_southerly_flow,16.499797979797982,0.49979797979798235,16,true,0.08416825880912526,0.08416825880912526,0,false,true,false,false,0.49979797979798235,0.4156297209888571,EXPERIMENT_ONLY
2024-03-20,22:00,test,2024,2024,16,16.346230925905925,0.34623092590592464,16,16,true,2024,2024-03,macro_southerly_flow,16.499797979797982,0.49979797979798235,16,true,0.15356705389205771,0.15356705389205771,0,false,true,false,false,0.49979797979798235,0.34623092590592464,EXPERIMENT_ONLY
2024-03-20,23:00,test,2024,2024,16,16.53986134731352,0.5398613473135185,16,17,false,2024,2024-03,macro_southerly_flow,16.499797979797982,0.49979797979798235,16,true,-0.040063367515536186,-0.040063367515536186,1,true,false,false,true,0.49979797979798235,0.5398613473135185,EXPERIMENT_ONLY
2024-03-21,20:00,test,2024,2024,19,18.53521160651388,0.46478839348612055,19,19,true,2024,2024-03,macro_non_southerly,18.071212121212124,0.928787878787876,18,false,0.4639994853017555,-0.4639994853017555,-1,false,true,true,false,-0.928787878787876,-0.46478839348612055,EXPERIMENT_ONLY
2024-03-21,21:00,test,2024,2024,19,19.095991191110762,0.09599119111076249,19,19,true,2024,2024-03,macro_non_southerly,18.071212121212124,0.928787878787876,18,false,0.8327966876771136,-1.0247790698986385,-1,false,true,true,false,-0.928787878787876,0.09599119111076249,EXPERIMENT_ONLY
2024-03-21,22:00,test,2024,2024,19,18.915233966880063,0.08476603311993713,19,19,true,2024,2024-03,macro_non_southerly,18.071212121212124,0.928787878787876,18,false,0.8440218456679389,-0.8440218456679389,-1,false,true,true,false,-0.928787878787876,-0.08476603311993713,EXPERIMENT_ONLY
2024-03-21,23:00,test,2024,2024,19,19.030419236804963,0.03041923680496339,19,19,true,2024,2024-03,macro_non_southerly,18.071212121212124,0.928787878787876,18,false,0.8983686419829127,-0.9592071155928394,-1,false,true,true,false,-0.928787878787876,0.03041923680496339,EXPERIMENT_ONLY
2024-03-22,20:00,test,2024,2024,20,18.530024353962105,1.469975646037895,20,19,false,2024,2024-03,macro_non_southerly,18.866717171717173,1.1332828282828267,19,false,-0.3366928177550683,0.3366928177550683,0,true,false,false,false,-1.1332828282828267,-1.469975646037895,EXPERIMENT_ONLY
2024-03-22,21:00,test,2024,2024,20,18.720463302888994,1.2795366971110056,20,19,false,2024,2024-03,macro_non_southerly,18.866717171717173,1.1332828282828267,19,false,-0.14625386882817892,0.14625386882817892,0,true,false,false,false,-1.1332828282828267,-1.2795366971110056,EXPERIMENT_ONLY
2024-03-22,22:00,test,2024,2024,20,18.59163189025277,1.4083681097472294,20,19,false,2024,2024-03,macro_non_southerly,18.866717171717173,1.1332828282828267,19,false,-0.2750852814644027,0.2750852814644027,0,true,false,false,false,-1.1332828282828267,-1.4083681097472294,EXPERIMENT_ONLY
2024-03-22,23:00,test,2024,2024,20,18.452239203077344,1.5477607969226561,20,18,false,2024,2024-03,macro_non_southerly,18.866717171717173,1.1332828282828267,19,false,-0.41447796863982944,0.41447796863982944,0,true,false,false,false,-1.1332828282828267,-1.5477607969226561,EXPERIMENT_ONLY
2024-03-23,20:00,test,2024,2024,21,19.844278754850137,1.1557212451498629,21,20,false,2024,2024-03,macro_non_southerly,19.541818181818183,1.4581818181818171,20,false,0.3024605730319543,-0.3024605730319543,0,false,true,false,false,-1.4581818181818171,-1.1557212451498629,EXPERIMENT_ONLY
2024-03-23,21:00,test,2024,2024,21,20.09592511287399,0.9040748871260114,21,20,false,2024,2024-03,macro_non_southerly,19.541818181818183,1.4581818181818171,20,false,0.5541069310558058,-0.5541069310558058,0,false,true,false,false,-1.4581818181818171,-0.9040748871260114,EXPERIMENT_ONLY
2024-03-23,22:00,test,2024,2024,21,20.06794639510929,0.9320536048907115,21,20,false,2024,2024-03,macro_non_southerly,19.541818181818183,1.4581818181818171,20,false,0.5261282132911056,-0.5261282132911056,0,false,true,false,false,-1.4581818181818171,-0.9320536048907115,EXPERIMENT_ONLY
2024-03-23,23:00,test,2024,2024,21,20.170620376038553,0.8293796239614473,21,20,false,2024,2024-03,macro_non_southerly,19.541818181818183,1.4581818181818171,20,false,0.6288021942203699,-0.6288021942203699,0,false,true,false,false,-1.4581818181818171,-0.8293796239614473,EXPERIMENT_ONLY
2024-03-24,20:00,test,2024,2024,21,19.771369152233945,1.2286308477660555,21,20,false,2024,2024-03,macro_non_southerly,19.54191919191919,1.4580808080808083,20,false,0.22944996031475284,-0.22944996031475284,0,false,true,false,false,-1.4580808080808083,-1.2286308477660555,EXPERIMENT_ONLY
2024-03-24,21:00,test,2024,2024,21,19.674811955382758,1.3251880446172422,21,20,false,2024,2024-03,macro_non_southerly,19.54191919191919,1.4580808080808083,20,false,0.13289276346356615,-0.13289276346356615,0,false,true,false,false,-1.4580808080808083,-1.3251880446172422,EXPERIMENT_ONLY
2024-03-24,22:00,test,2024,2024,21,19.558219442302416,1.4417805576975837,21,20,false,2024,2024-03,macro_non_southerly,19.54191919191919,1.4580808080808083,20,false,0.01630025038322458,-0.01630025038322458,0,false,true,false,false,-1.4580808080808083,-1.4417805576975837,EXPERIMENT_ONLY
2024-03-24,23:00,test,2024,2024,21,19.981507617404475,1.0184923825955252,21,20,false,2024,2024-03,macro_non_southerly,19.54191919191919,1.4580808080808083,20,false,0.4395884254852831,-0.4395884254852831,0,false,true,false,false,-1.4580808080808083,-1.0184923825955252,EXPERIMENT_ONLY
2024-03-25,20:00,test,2024,2024,21,20.871103342007835,0.12889665799216488,21,21,true,2024,2024-03,macro_non_southerly,19.85,1.1499999999999986,20,false,1.0211033420078337,-1.0211033420078337,-1,false,true,true,false,-1.1499999999999986,-0.12889665799216488,EXPERIMENT_ONLY
2024-03-25,21:00,test,2024,2024,21,20.995962717390857,0.004037282609143489,21,21,true,2024,2024-03,macro_non_southerly,19.85,1.1499999999999986,20,false,1.145962717390855,-1.145962717390855,-1,false,true,true,false,-1.1499999999999986,-0.004037282609143489,EXPERIMENT_ONLY
2024-03-25,22:00,test,2024,2024,21,20.891004174054167,0.10899582594583279,21,21,true,2024,2024-03,macro_non_southerly,19.85,1.1499999999999986,20,false,1.0410041740541658,-1.0410041740541658,-1,false,true,true,false,-1.1499999999999986,-0.10899582594583279,EXPERIMENT_ONLY
2024-03-25,23:00,test,2024,2024,21,21.017595207432404,0.017595207432403726,21,21,true,2024,2024-03,macro_non_southerly,19.85,1.1499999999999986,20,false,1.1324047925675949,-1.1675952074324023,-1,false,true,true,false,-1.1499999999999986,0.017595207432403726,EXPERIMENT_ONLY
2024-03-26,20:00,test,2024,2024,22,21.280714594694526,0.7192854053054738,22,21,false,2024,2024-03,macro_non_southerly,20.85,1.1499999999999986,21,false,0.4307145946945248,-0.4307145946945248,0,false,true,false,false,-1.1499999999999986,-0.7192854053054738,EXPERIMENT_ONLY
2024-03-26,21:00,test,2024,2024,22,21.20363993693514,0.79636006306486,22,21,false,2024,2024-03,macro_non_southerly,20.85,1.1499999999999986,21,false,0.3536399369351386,-0.3536399369351386,0,false,true,false,false,-1.1499999999999986,-0.79636006306486,EXPERIMENT_ONLY
2024-03-26,22:00,test,2024,2024,22,21.114049285500773,0.8859507144992271,22,21,false,2024,2024-03,macro_non_southerly,20.85,1.1499999999999986,21,false,0.26404928550077145,-0.26404928550077145,0,false,true,false,false,-1.1499999999999986,-0.8859507144992271,EXPERIMENT_ONLY
2024-03-26,23:00,test,2024,2024,22,21.28635721417405,0.7136427858259502,22,21,false,2024,2024-03,macro_non_southerly,20.85,1.1499999999999986,21,false,0.4363572141740484,-0.4363572141740484,0,false,true,false,false,-1.1499999999999986,-0.7136427858259502,EXPERIMENT_ONLY
2024-03-27,20:00,test,2024,2024,21,19.53728280367172,1.4627171963282812,21,20,false,2024,2024-03,macro_non_southerly,20.47,0.5300000000000011,20,false,-0.9327171963282801,0.9327171963282801,0,true,false,false,false,-0.5300000000000011,-1.4627171963282812,EXPERIMENT_ONLY
2024-03-27,21:00,test,2024,2024,21,19.873000864502696,1.1269991354973037,21,20,false,2024,2024-03,macro_non_southerly,20.47,0.5300000000000011,20,false,-0.5969991354973025,0.5969991354973025,0,true,false,false,false,-0.5300000000000011,-1.1269991354973037,EXPERIMENT_ONLY
2024-03-27,22:00,test,2024,2024,21,19.777245685950508,1.2227543140494923,21,20,false,2024,2024-03,macro_non_southerly,20.47,0.5300000000000011,20,false,-0.6927543140494912,0.6927543140494912,0,true,false,false,false,-0.5300000000000011,-1.2227543140494923,EXPERIMENT_ONLY
2024-03-27,23:00,test,2024,2024,21,20.123258234325714,0.8767417656742857,21,20,false,2024,2024-03,macro_non_southerly,20.47,0.5300000000000011,20,false,-0.3467417656742846,0.3467417656742846,0,true,false,false,false,-0.5300000000000011,-0.8767417656742857,EXPERIMENT_ONLY
2024-03-28,20:00,test,2024,2024,17,17.234689015234085,0.23468901523408547,17,17,true,2024,2024-03,macro_non_southerly,17.31,0.3099999999999987,17,true,0.07531098476591325,0.07531098476591325,0,false,true,false,false,0.3099999999999987,0.23468901523408547,EXPERIMENT_ONLY
2024-03-28,21:00,test,2024,2024,17,17.261118522997315,0.26111852299731453,17,17,true,2024,2024-03,macro_non_southerly,17.31,0.3099999999999987,17,true,0.04888147700268419,0.04888147700268419,0,false,true,false,false,0.3099999999999987,0.26111852299731453,EXPERIMENT_ONLY
2024-03-28,22:00,test,2024,2024,17,16.954856846231568,0.04514315376843214,17,17,true,2024,2024-03,macro_non_southerly,17.31,0.3099999999999987,17,true,0.2648568462315666,0.35514315376843086,0,false,true,false,false,0.3099999999999987,-0.04514315376843214,EXPERIMENT_ONLY
2024-03-28,23:00,test,2024,2024,17,17.08646702293614,0.08646702293614084,17,17,true,2024,2024-03,macro_non_southerly,17.31,0.3099999999999987,17,true,0.22353297706385789,0.22353297706385789,0,false,true,false,false,0.3099999999999987,0.08646702293614084,EXPERIMENT_ONLY
2024-03-29,20:00,test,2024,2024,15,15.42984135909475,0.4298413590947501,15,15,true,2024,2024-03,macro_non_southerly,14.99,0.009999999999999787,15,true,-0.4198413590947503,-0.43984135909474986,0,true,false,false,false,-0.009999999999999787,0.4298413590947501,EXPERIMENT_ONLY
2024-03-29,21:00,test,2024,2024,15,15.841499894997249,0.8414998949972485,15,16,false,2024,2024-03,macro_non_southerly,14.99,0.009999999999999787,15,true,-0.8314998949972487,-0.8514998949972483,1,true,false,false,true,-0.009999999999999787,0.8414998949972485,EXPERIMENT_ONLY
2024-03-29,22:00,test,2024,2024,15,16.020585999514882,1.020585999514882,15,16,false,2024,2024-03,macro_non_southerly,14.99,0.009999999999999787,15,true,-1.0105859995148823,-1.0305859995148818,1,true,false,false,true,-0.009999999999999787,1.020585999514882,EXPERIMENT_ONLY
2024-03-29,23:00,test,2024,2024,15,16.194062355396767,1.1940623553967669,15,16,false,2024,2024-03,macro_non_southerly,14.99,0.009999999999999787,15,true,-1.184062355396767,-1.2040623553967666,1,true,false,false,true,-0.009999999999999787,1.1940623553967669,EXPERIMENT_ONLY
2024-03-30,20:00,test,2024,2024,15,15.452092180804115,0.4520921808041152,15,15,true,2024,2024-03,macro_southerly_flow,15.61,0.6099999999999994,16,false,0.15790781919588426,0.15790781919588426,-1,false,true,true,false,0.6099999999999994,0.4520921808041152,EXPERIMENT_ONLY
2024-03-30,21:00,test,2024,2024,15,15.399167692243111,0.3991676922431111,15,15,true,2024,2024-03,macro_southerly_flow,15.61,0.6099999999999994,16,false,0.21083230775688833,0.21083230775688833,-1,false,true,true,false,0.6099999999999994,0.3991676922431111,EXPERIMENT_ONLY
2024-03-30,22:00,test,2024,2024,15,15.350928322304632,0.35092832230463245,15,15,true,2024,2024-03,macro_southerly_flow,15.61,0.6099999999999994,16,false,0.259071677695367,0.259071677695367,-1,false,true,true,false,0.6099999999999994,0.35092832230463245,EXPERIMENT_ONLY
2024-03-30,23:00,test,2024,2024,15,15.25974816652283,0.2597481665228294,15,15,true,2024,2024-03,macro_southerly_flow,15.61,0.6099999999999994,16,false,0.35025183347717004,0.35025183347717004,-1,false,true,true,false,0.6099999999999994,0.2597481665228294,EXPERIMENT_ONLY
2024-03-31,20:00,test,2024,2024,16,16.17485700403472,0.17485700403472038,16,16,true,2024,2024-03,macro_southerly_flow,16.169999999999998,0.16999999999999815,16,true,-0.004857004034722223,-0.004857004034722223,0,true,false,false,false,0.16999999999999815,0.17485700403472038,EXPERIMENT_ONLY
2024-03-31,21:00,test,2024,2024,16,16.103010413192287,0.10301041319228688,16,16,true,2024,2024-03,macro_southerly_flow,16.169999999999998,0.16999999999999815,16,true,0.06698958680771128,0.06698958680771128,0,false,true,false,false,0.16999999999999815,0.10301041319228688,EXPERIMENT_ONLY
2024-03-31,22:00,test,2024,2024,16,16.11449969195021,0.11449969195021126,16,16,true,2024,2024-03,macro_southerly_flow,16.169999999999998,0.16999999999999815,16,true,0.055500308049786895,0.055500308049786895,0,false,true,false,false,0.16999999999999815,0.11449969195021126,EXPERIMENT_ONLY
2024-03-31,23:00,test,2024,2024,16,16.216876329236776,0.2168763292367757,16,16,true,2024,2024-03,macro_southerly_flow,16.169999999999998,0.16999999999999815,16,true,-0.046876329236777536,-0.046876329236777536,0,true,false,false,false,0.16999999999999815,0.2168763292367757,EXPERIMENT_ONLY
2024-04-01,20:00,test,2024,2024,16,15.798659011798886,0.2013409882011139,16,16,true,2024,2024-04,macro_southerly_flow,17.369999999999997,1.3699999999999974,17,false,1.1686590117988835,1.5713409882011113,-1,false,true,true,false,1.3699999999999974,-0.2013409882011139,EXPERIMENT_ONLY
2024-04-01,21:00,test,2024,2024,16,15.584867609511978,0.4151323904880222,16,16,true,2024,2024-04,macro_southerly_flow,17.369999999999997,1.3699999999999974,17,false,0.9548676095119752,1.7851323904880196,-1,false,true,true,false,1.3699999999999974,-0.4151323904880222,EXPERIMENT_ONLY
2024-04-01,22:00,test,2024,2024,16,15.559743046749503,0.44025695325049696,16,16,true,2024,2024-04,macro_southerly_flow,17.369999999999997,1.3699999999999974,17,false,0.9297430467495005,1.8102569532504944,-1,false,true,true,false,1.3699999999999974,-0.44025695325049696,EXPERIMENT_ONLY
2024-04-01,23:00,test,2024,2024,16,15.836048920467402,0.16395107953259824,16,16,true,2024,2024-04,macro_southerly_flow,17.369999999999997,1.3699999999999974,17,false,1.2060489204673992,1.5339510795325957,-1,false,true,true,false,1.3699999999999974,-0.16395107953259824,EXPERIMENT_ONLY
2024-04-02,20:00,test,2024,2024,15,17.355397630979503,2.3553976309795033,15,17,false,2024,2024-04,macro_non_southerly,17.23,2.2300000000000004,17,false,-0.12539763097950285,-0.12539763097950285,0,true,false,false,false,2.2300000000000004,2.3553976309795033,EXPERIMENT_ONLY
2024-04-02,21:00,test,2024,2024,15,17.141354366202158,2.141354366202158,15,17,false,2024,2024-04,macro_non_southerly,17.23,2.2300000000000004,17,false,0.0886456337978423,0.0886456337978423,0,false,true,false,false,2.2300000000000004,2.141354366202158,EXPERIMENT_ONLY
2024-04-02,22:00,test,2024,2024,15,16.76646867387358,1.7664686738735789,15,17,false,2024,2024-04,macro_non_southerly,17.23,2.2300000000000004,17,false,0.46353132612642156,0.46353132612642156,0,false,true,false,false,2.2300000000000004,1.7664686738735789,EXPERIMENT_ONLY
2024-04-02,23:00,test,2024,2024,15,16.779664098485526,1.7796640984855259,15,17,false,2024,2024-04,macro_non_southerly,17.23,2.2300000000000004,17,false,0.45033590151447456,0.45033590151447456,0,false,true,false,false,2.2300000000000004,1.7796640984855259,EXPERIMENT_ONLY
2024-04-03,20:00,test,2024,2024,19,19.172988539194773,0.17298853919477253,19,19,true,2024,2024-04,macro_non_southerly,18.330000000000002,0.6699999999999982,18,false,0.4970114608052256,-0.8429885391947707,-1,false,true,true,false,-0.6699999999999982,0.17298853919477253,EXPERIMENT_ONLY
2024-04-03,21:00,test,2024,2024,19,19.299403852741,0.29940385274100123,19,19,true,2024,2024-04,macro_non_southerly,18.330000000000002,0.6699999999999982,18,false,0.3705961472589969,-0.9694038527409994,-1,false,true,true,false,-0.6699999999999982,0.29940385274100123,EXPERIMENT_ONLY
2024-04-03,22:00,test,2024,2024,19,19.092785840215715,0.0927858402157149,19,19,true,2024,2024-04,macro_non_southerly,18.330000000000002,0.6699999999999982,18,false,0.5772141597842833,-0.762785840215713,-1,false,true,true,false,-0.6699999999999982,0.0927858402157149,EXPERIMENT_ONLY
2024-04-03,23:00,test,2024,2024,19,19.4891724478184,0.48917244781840097,19,19,true,2024,2024-04,macro_non_southerly,18.330000000000002,0.6699999999999982,18,false,0.18082755218159718,-1.1591724478183991,-1,false,true,true,false,-0.6699999999999982,0.48917244781840097,EXPERIMENT_ONLY
2024-04-04,20:00,test,2024,2024,18,19.559727401149814,1.5597274011498143,18,20,false,2024,2024-04,macro_non_southerly,18.41,0.41000000000000014,18,true,-1.1497274011498142,-1.1497274011498142,1,true,false,false,true,0.41000000000000014,1.5597274011498143,EXPERIMENT_ONLY
2024-04-04,21:00,test,2024,2024,18,19.513133603159236,1.5131336031592362,18,20,false,2024,2024-04,macro_non_southerly,18.41,0.41000000000000014,18,true,-1.103133603159236,-1.103133603159236,1,true,false,false,true,0.41000000000000014,1.5131336031592362,EXPERIMENT_ONLY
2024-04-04,22:00,test,2024,2024,18,19.21796257178318,1.217962571783179,18,19,false,2024,2024-04,macro_non_southerly,18.41,0.41000000000000014,18,true,-0.8079625717831789,-0.8079625717831789,1,true,false,false,true,0.41000000000000014,1.217962571783179,EXPERIMENT_ONLY
2024-04-04,23:00,test,2024,2024,18,19.053928575791414,1.0539285757914136,18,19,false,2024,2024-04,macro_non_southerly,18.41,0.41000000000000014,18,true,-0.6439285757914135,-0.6439285757914135,1,true,false,false,true,0.41000000000000014,1.0539285757914136,EXPERIMENT_ONLY
2024-04-05,20:00,test,2024,2024,17,16.443187472150072,0.5568125278499281,17,16,false,2024,2024-04,macro_southerly_flow,17.11,0.10999999999999943,17,true,-0.44681252784992864,0.6668125278499275,1,true,false,false,true,0.10999999999999943,-0.5568125278499281,EXPERIMENT_ONLY
2024-04-05,21:00,test,2024,2024,17,16.222682290441465,0.7773177095585346,17,16,false,2024,2024-04,macro_southerly_flow,17.11,0.10999999999999943,17,true,-0.6673177095585352,0.8873177095585341,1,true,false,false,true,0.10999999999999943,-0.7773177095585346,EXPERIMENT_ONLY
2024-04-05,22:00,test,2024,2024,17,16.165499810249816,0.8345001897501838,17,16,false,2024,2024-04,macro_southerly_flow,17.11,0.10999999999999943,17,true,-0.7245001897501844,0.9445001897501832,1,true,false,false,true,0.10999999999999943,-0.8345001897501838,EXPERIMENT_ONLY
2024-04-05,23:00,test,2024,2024,17,16.3346920892636,0.6653079107363986,17,16,false,2024,2024-04,macro_southerly_flow,17.11,0.10999999999999943,17,true,-0.5553079107363992,0.775307910736398,1,true,false,false,true,0.10999999999999943,-0.6653079107363986,EXPERIMENT_ONLY
2024-04-06,20:00,test,2024,2024,17,16.744756290031773,0.25524370996822654,17,17,true,2024,2024-04,macro_non_southerly,17.15,0.14999999999999858,17,true,-0.10524370996822796,0.4052437099682251,0,true,false,false,false,0.14999999999999858,-0.25524370996822654,EXPERIMENT_ONLY
2024-04-06,21:00,test,2024,2024,17,16.880287813567218,0.11971218643278192,17,17,true,2024,2024-04,macro_non_southerly,17.15,0.14999999999999858,17,true,0.03028781356721666,0.2697121864327805,0,false,true,false,false,0.14999999999999858,-0.11971218643278192,EXPERIMENT_ONLY
2024-04-06,22:00,test,2024,2024,17,16.751180069466535,0.24881993053346463,17,17,true,2024,2024-04,macro_non_southerly,17.15,0.14999999999999858,17,true,-0.09881993053346605,0.3988199305334632,0,true,false,false,false,0.14999999999999858,-0.24881993053346463,EXPERIMENT_ONLY
2024-04-06,23:00,test,2024,2024,17,16.716311781179286,0.28368821882071416,17,17,true,2024,2024-04,macro_non_southerly,17.15,0.14999999999999858,17,true,-0.13368821882071558,0.43368821882071273,0,true,false,false,false,0.14999999999999858,-0.28368821882071416,EXPERIMENT_ONLY
2024-04-07,20:00,test,2024,2024,16,15.937725189904153,0.06227481009584679,16,16,true,2024,2024-04,macro_non_southerly,18.29,2.289999999999999,18,false,2.2277251899041524,2.352274810095846,-1,false,true,true,false,2.289999999999999,-0.06227481009584679,EXPERIMENT_ONLY
2024-04-07,21:00,test,2024,2024,16,16.62018322021254,0.6201832202125388,16,17,false,2024,2024-04,macro_non_southerly,18.29,2.289999999999999,18,false,1.6698167797874603,1.6698167797874603,0,false,true,false,false,2.289999999999999,0.6201832202125388,EXPERIMENT_ONLY
2024-04-07,22:00,test,2024,2024,16,17.566422164330827,1.5664221643308274,16,18,false,2024,2024-04,macro_non_southerly,18.29,2.289999999999999,18,false,0.7235778356691718,0.7235778356691718,0,false,true,false,false,2.289999999999999,1.5664221643308274,EXPERIMENT_ONLY
2024-04-07,23:00,test,2024,2024,16,18.1886555432977,2.188655543297699,16,18,false,2024,2024-04,macro_non_southerly,18.29,2.289999999999999,18,false,0.10134445670230008,0.10134445670230008,0,false,true,false,false,2.289999999999999,2.188655543297699,EXPERIMENT_ONLY
2024-04-08,20:00,test,2024,2024,19,18.5673728020738,0.43262719792620175,19,19,true,2024,2024-04,macro_non_southerly,18.37212121212121,0.6278787878787888,18,false,0.19525158995258707,-0.19525158995258707,-1,false,true,true,false,-0.6278787878787888,-0.43262719792620175,EXPERIMENT_ONLY
2024-04-08,21:00,test,2024,2024,19,18.824698674865566,0.1753013251344342,19,19,true,2024,2024-04,macro_non_southerly,18.37212121212121,0.6278787878787888,18,false,0.4525774627443546,-0.4525774627443546,-1,false,true,true,false,-0.6278787878787888,-0.1753013251344342,EXPERIMENT_ONLY
2024-04-08,22:00,test,2024,2024,19,19.23868695608837,0.23868695608836887,19,19,true,2024,2024-04,macro_non_southerly,18.37212121212121,0.6278787878787888,18,false,0.38919183179041994,-0.8665657439671577,-1,false,true,true,false,-0.6278787878787888,0.23868695608836887,EXPERIMENT_ONLY
2024-04-08,23:00,test,2024,2024,19,18.90416483745052,0.09583516254948066,19,19,true,2024,2024-04,macro_non_southerly,18.37212121212121,0.6278787878787888,18,false,0.5320436253293082,-0.5320436253293082,-1,false,true,true,false,-0.6278787878787888,-0.09583516254948066,EXPERIMENT_ONLY
2024-04-09,20:00,test,2024,2024,20,20.172051616644215,0.17205161664421453,20,20,true,2024,2024-04,macro_non_southerly,19.218232323232325,0.7817676767676751,19,false,0.6097160601234606,-0.9538192934118896,-1,false,true,true,false,-0.7817676767676751,0.17205161664421453,EXPERIMENT_ONLY
2024-04-09,21:00,test,2024,2024,20,20.32619052075148,0.32619052075148147,20,20,true,2024,2024-04,macro_non_southerly,19.218232323232325,0.7817676767676751,19,false,0.45557715601619364,-1.1079581975191566,-1,false,true,true,false,-0.7817676767676751,0.32619052075148147,EXPERIMENT_ONLY
2024-04-09,22:00,test,2024,2024,20,20.36298306285256,0.3629830628525603,20,20,true,2024,2024-04,macro_non_southerly,19.218232323232325,0.7817676767676751,19,false,0.4187846139151148,-1.1447507396202354,-1,false,true,true,false,-0.7817676767676751,0.3629830628525603,EXPERIMENT_ONLY
2024-04-09,23:00,test,2024,2024,20,20.44915544097027,0.4491554409702694,20,20,true,2024,2024-04,macro_non_southerly,19.218232323232325,0.7817676767676751,19,false,0.33261223579740573,-1.2309231177379445,-1,false,true,true,false,-0.7817676767676751,0.4491554409702694,EXPERIMENT_ONLY
2024-04-10,20:00,test,2024,2024,22,20.63917477507026,1.3608252249297408,22,21,false,2024,2024-04,macro_non_southerly,20.998585858585855,1.0014141414141449,21,false,-0.3594110835155959,0.3594110835155959,0,true,false,false,false,-1.0014141414141449,-1.3608252249297408,EXPERIMENT_ONLY
2024-04-10,21:00,test,2024,2024,22,20.843624553713003,1.1563754462869973,22,21,false,2024,2024-04,macro_non_southerly,20.998585858585855,1.0014141414141449,21,false,-0.15496130487285242,0.15496130487285242,0,true,false,false,false,-1.0014141414141449,-1.1563754462869973,EXPERIMENT_ONLY
2024-04-10,22:00,test,2024,2024,22,20.662684865598834,1.337315134401166,22,21,false,2024,2024-04,macro_non_southerly,20.998585858585855,1.0014141414141449,21,false,-0.33590099298702114,0.33590099298702114,0,true,false,false,false,-1.0014141414141449,-1.337315134401166,EXPERIMENT_ONLY
2024-04-10,23:00,test,2024,2024,22,20.903053553858317,1.0969464461416827,22,21,false,2024,2024-04,macro_non_southerly,20.998585858585855,1.0014141414141449,21,false,-0.09553230472753782,0.09553230472753782,0,true,false,false,false,-1.0014141414141449,-1.0969464461416827,EXPERIMENT_ONLY
2024-04-11,20:00,test,2024,2024,23,22.44689973219956,0.5531002678004384,23,22,false,2024,2024-04,macro_non_southerly,22.268383838383837,0.7316161616161629,22,false,0.17851589381572452,-0.17851589381572452,0,false,true,false,false,-0.7316161616161629,-0.5531002678004384,EXPERIMENT_ONLY
2024-04-11,21:00,test,2024,2024,23,22.38162601093164,0.6183739890683597,23,22,false,2024,2024-04,macro_non_southerly,22.268383838383837,0.7316161616161629,22,false,0.11324217254780322,-0.11324217254780322,0,false,true,false,false,-0.7316161616161629,-0.6183739890683597,EXPERIMENT_ONLY
2024-04-11,22:00,test,2024,2024,23,22.283664375583758,0.7163356244162422,23,22,false,2024,2024-04,macro_non_southerly,22.268383838383837,0.7316161616161629,22,false,0.01528053719992073,-0.01528053719992073,0,false,true,false,false,-0.7316161616161629,-0.7163356244162422,EXPERIMENT_ONLY
2024-04-11,23:00,test,2024,2024,23,22.582164352050935,0.41783564794906525,23,23,true,2024,2024-04,macro_non_southerly,22.268383838383837,0.7316161616161629,22,false,0.3137805136670977,-0.3137805136670977,-1,false,true,true,false,-0.7316161616161629,-0.41783564794906525,EXPERIMENT_ONLY
2024-04-12,20:00,test,2024,2024,21,19.597693388494687,1.4023066115053133,21,20,false,2024,2024-04,macro_non_southerly,20.630000000000003,0.36999999999999744,21,true,-1.0323066115053159,1.0323066115053159,1,true,false,false,true,-0.36999999999999744,-1.4023066115053133,EXPERIMENT_ONLY
2024-04-12,21:00,test,2024,2024,21,20.011856831952393,0.9881431680476069,21,20,false,2024,2024-04,macro_non_southerly,20.630000000000003,0.36999999999999744,21,true,-0.6181431680476095,0.6181431680476095,1,true,false,false,true,-0.36999999999999744,-0.9881431680476069,EXPERIMENT_ONLY
2024-04-12,22:00,test,2024,2024,21,19.058783010689893,1.9412169893101066,21,19,false,2024,2024-04,macro_non_southerly,20.630000000000003,0.36999999999999744,21,true,-1.5712169893101091,1.5712169893101091,1,true,false,false,true,-0.36999999999999744,-1.9412169893101066,EXPERIMENT_ONLY
2024-04-12,23:00,test,2024,2024,21,17.446625056566926,3.5533749434330737,21,17,false,2024,2024-04,macro_non_southerly,20.630000000000003,0.36999999999999744,21,true,-3.1833749434330763,3.1833749434330763,1,true,false,false,true,-0.36999999999999744,-3.5533749434330737,EXPERIMENT_ONLY
2024-04-13,20:00,test,2024,2024,18,17.14226636708495,0.8577336329150498,18,17,false,2024,2024-04,macro_non_southerly,16.21,1.7899999999999991,16,false,0.9322663670849494,-0.9322663670849494,0,false,true,false,false,-1.7899999999999991,-0.8577336329150498,EXPERIMENT_ONLY
2024-04-13,21:00,test,2024,2024,18,17.23675960021125,0.7632403997887494,18,17,false,2024,2024-04,macro_non_southerly,16.21,1.7899999999999991,16,false,1.0267596002112498,-1.0267596002112498,0,false,true,false,false,-1.7899999999999991,-0.7632403997887494,EXPERIMENT_ONLY
2024-04-13,22:00,test,2024,2024,18,17.371894294414346,0.6281057055856536,18,17,false,2024,2024-04,macro_non_southerly,16.21,1.7899999999999991,16,false,1.1618942944143456,-1.1618942944143456,0,false,true,false,false,-1.7899999999999991,-0.6281057055856536,EXPERIMENT_ONLY
2024-04-13,23:00,test,2024,2024,18,17.297418640270703,0.7025813597292974,18,17,false,2024,2024-04,macro_non_southerly,16.21,1.7899999999999991,16,false,1.0874186402707018,-1.0874186402707018,0,false,true,false,false,-1.7899999999999991,-0.7025813597292974,EXPERIMENT_ONLY
2024-04-14,20:00,test,2024,2024,15,15.29987723456481,0.29987723456481064,15,15,true,2024,2024-04,macro_southerly_flow,15.13,0.13000000000000078,15,true,-0.16987723456480985,-0.16987723456480985,0,true,false,false,false,0.13000000000000078,0.29987723456481064,EXPERIMENT_ONLY
2024-04-14,21:00,test,2024,2024,15,15.323515238090444,0.3235152380904438,15,15,true,2024,2024-04,macro_southerly_flow,15.13,0.13000000000000078,15,true,-0.19351523809044302,-0.19351523809044302,0,true,false,false,false,0.13000000000000078,0.3235152380904438,EXPERIMENT_ONLY
2024-04-14,22:00,test,2024,2024,15,14.986914217520486,0.013085782479514307,15,15,true,2024,2024-04,macro_southerly_flow,15.13,0.13000000000000078,15,true,0.11691421752048647,0.1430857824795151,0,false,true,false,false,0.13000000000000078,-0.013085782479514307,EXPERIMENT_ONLY
2024-04-14,23:00,test,2024,2024,15,15.156837694227924,0.15683769422792437,15,15,true,2024,2024-04,macro_southerly_flow,15.13,0.13000000000000078,15,true,-0.026837694227923592,-0.026837694227923592,0,true,false,false,false,0.13000000000000078,0.15683769422792437,EXPERIMENT_ONLY
2024-04-15,20:00,test,2024,2024,18,16.86592724677341,1.1340727532265902,18,17,false,2024,2024-04,macro_non_southerly,17.61,0.39000000000000057,18,true,-0.7440727532265896,0.7440727532265896,1,true,false,false,true,-0.39000000000000057,-1.1340727532265902,EXPERIMENT_ONLY
2024-04-15,21:00,test,2024,2024,18,16.984960648623485,1.0150393513765152,18,17,false,2024,2024-04,macro_non_southerly,17.61,0.39000000000000057,18,true,-0.6250393513765147,0.6250393513765147,1,true,false,false,true,-0.39000000000000057,-1.0150393513765152,EXPERIMENT_ONLY
2024-04-15,22:00,test,2024,2024,18,17.154546830691842,0.8454531693081577,18,17,false,2024,2024-04,macro_non_southerly,17.61,0.39000000000000057,18,true,-0.45545316930815716,0.45545316930815716,1,true,false,false,true,-0.39000000000000057,-0.8454531693081577,EXPERIMENT_ONLY
2024-04-15,23:00,test,2024,2024,18,17.5283393679259,0.47166063207410147,18,18,true,2024,2024-04,macro_non_southerly,17.61,0.39000000000000057,18,true,-0.0816606320741009,0.0816606320741009,0,true,false,false,false,-0.39000000000000057,-0.47166063207410147,EXPERIMENT_ONLY
2024-04-16,20:00,test,2024,2024,19,17.37868472620396,1.6213152737960392,19,17,false,2024,2024-04,macro_non_southerly,18.330000000000002,0.6699999999999982,18,false,-0.9513152737960411,0.9513152737960411,0,true,false,false,false,-0.6699999999999982,-1.6213152737960392,EXPERIMENT_ONLY
2024-04-16,21:00,test,2024,2024,19,17.847703457334664,1.1522965426653364,19,18,false,2024,2024-04,macro_non_southerly,18.330000000000002,0.6699999999999982,18,false,-0.4822965426653383,0.4822965426653383,0,true,false,false,false,-0.6699999999999982,-1.1522965426653364,EXPERIMENT_ONLY
2024-04-16,22:00,test,2024,2024,19,18.287068952052998,0.7129310479470021,19,18,false,2024,2024-04,macro_non_southerly,18.330000000000002,0.6699999999999982,18,false,-0.042931047947003975,0.042931047947003975,0,true,false,false,false,-0.6699999999999982,-0.7129310479470021,EXPERIMENT_ONLY
2024-04-16,23:00,test,2024,2024,19,18.651264852279546,0.3487351477204541,19,19,true,2024,2024-04,macro_non_southerly,18.330000000000002,0.6699999999999982,18,false,0.32126485227954404,-0.32126485227954404,-1,false,true,true,false,-0.6699999999999982,-0.3487351477204541,EXPERIMENT_ONLY
2024-04-17,20:00,test,2024,2024,19,18.94151365997597,0.05848634002402875,19,19,true,2024,2024-04,macro_non_southerly,18.53,0.46999999999999886,19,true,0.4115136599759701,-0.4115136599759701,0,false,true,false,false,-0.46999999999999886,-0.05848634002402875,EXPERIMENT_ONLY
2024-04-17,21:00,test,2024,2024,19,19.34068144738107,0.3406814473810691,19,19,true,2024,2024-04,macro_non_southerly,18.53,0.46999999999999886,19,true,0.12931855261892977,-0.810681447381068,0,false,true,false,false,-0.46999999999999886,0.3406814473810691,EXPERIMENT_ONLY
2024-04-17,22:00,test,2024,2024,19,19.18636552483,0.18636552482999846,19,19,true,2024,2024-04,macro_non_southerly,18.53,0.46999999999999886,19,true,0.2836344751700004,-0.6563655248299973,0,false,true,false,false,-0.46999999999999886,0.18636552482999846,EXPERIMENT_ONLY
2024-04-17,23:00,test,2024,2024,19,18.87859689578895,0.12140310421105127,19,19,true,2024,2024-04,macro_non_southerly,18.53,0.46999999999999886,19,true,0.3485968957889476,-0.3485968957889476,0,false,true,false,false,-0.46999999999999886,-0.12140310421105127,EXPERIMENT_ONLY
2024-04-18,20:00,test,2024,2024,18,17.838452640887716,0.16154735911228357,18,18,true,2024,2024-04,macro_non_southerly,17.330000000000002,0.6699999999999982,17,false,0.5084526408877146,-0.5084526408877146,-1,false,true,true,false,-0.6699999999999982,-0.16154735911228357,EXPERIMENT_ONLY
2024-04-18,21:00,test,2024,2024,18,17.972335203818048,0.027664796181952056,18,18,true,2024,2024-04,macro_non_southerly,17.330000000000002,0.6699999999999982,17,false,0.6423352038180461,-0.6423352038180461,-1,false,true,true,false,-0.6699999999999982,-0.027664796181952056,EXPERIMENT_ONLY
2024-04-18,22:00,test,2024,2024,18,18.288488017091225,0.2884880170912254,18,18,true,2024,2024-04,macro_non_southerly,17.330000000000002,0.6699999999999982,17,false,0.38151198290877275,-0.9584880170912236,-1,false,true,true,false,-0.6699999999999982,0.2884880170912254,EXPERIMENT_ONLY
2024-04-18,23:00,test,2024,2024,18,18.43195508575077,0.4319550857507686,18,18,true,2024,2024-04,macro_non_southerly,17.330000000000002,0.6699999999999982,17,false,0.23804491424922958,-1.1019550857507667,-1,false,true,true,false,-0.6699999999999982,0.4319550857507686,EXPERIMENT_ONLY
2024-04-19,20:00,test,2024,2024,18,17.435335944981308,0.5646640550186923,18,17,false,2024,2024-04,macro_non_southerly,17.35,0.6499999999999986,17,false,0.08533594498130626,-0.08533594498130626,0,false,true,false,false,-0.6499999999999986,-0.5646640550186923,EXPERIMENT_ONLY
2024-04-19,21:00,test,2024,2024,18,17.661761019762828,0.3382389802371719,18,18,true,2024,2024-04,macro_non_southerly,17.35,0.6499999999999986,17,false,0.31176101976282666,-0.31176101976282666,-1,false,true,true,false,-0.6499999999999986,-0.3382389802371719,EXPERIMENT_ONLY
2024-04-19,22:00,test,2024,2024,18,17.628679559716257,0.37132044028374267,18,18,true,2024,2024-04,macro_non_southerly,17.35,0.6499999999999986,17,false,0.2786795597162559,-0.2786795597162559,-1,false,true,true,false,-0.6499999999999986,-0.37132044028374267,EXPERIMENT_ONLY
2024-04-19,23:00,test,2024,2024,18,17.831577442930442,0.1684225570695581,18,18,true,2024,2024-04,macro_non_southerly,17.35,0.6499999999999986,17,false,0.48157744293044047,-0.48157744293044047,-1,false,true,true,false,-0.6499999999999986,-0.1684225570695581,EXPERIMENT_ONLY
2024-04-20,20:00,test,2024,2024,16,17.526269835526712,1.526269835526712,16,18,false,2024,2024-04,macro_non_southerly,17.73,1.7300000000000004,18,false,0.2037301644732885,0.2037301644732885,0,false,true,false,false,1.7300000000000004,1.526269835526712,EXPERIMENT_ONLY
2024-04-20,21:00,test,2024,2024,16,18.000823513378332,2.0008235133783323,16,18,false,2024,2024-04,macro_non_southerly,17.73,1.7300000000000004,18,false,-0.2708235133783319,-0.2708235133783319,0,true,false,false,false,1.7300000000000004,2.0008235133783323,EXPERIMENT_ONLY
2024-04-20,22:00,test,2024,2024,16,18.038336516941456,2.038336516941456,16,18,false,2024,2024-04,macro_non_southerly,17.73,1.7300000000000004,18,false,-0.3083365169414556,-0.3083365169414556,0,true,false,false,false,1.7300000000000004,2.038336516941456,EXPERIMENT_ONLY
2024-04-20,23:00,test,2024,2024,16,18.55784317065648,2.5578431706564793,16,19,false,2024,2024-04,macro_non_southerly,17.73,1.7300000000000004,18,false,-0.8278431706564788,-0.8278431706564788,0,true,false,false,false,1.7300000000000004,2.5578431706564793,EXPERIMENT_ONLY
2024-04-21,20:00,test,2024,2024,15,16.70829656429961,1.7082965642996086,15,17,false,2024,2024-04,macro_non_southerly,16.81,1.8099999999999987,17,false,0.10170343570039009,0.10170343570039009,0,false,true,false,false,1.8099999999999987,1.7082965642996086,EXPERIMENT_ONLY
2024-04-21,21:00,test,2024,2024,15,16.92027792774998,1.9202779277499786,15,17,false,2024,2024-04,macro_non_southerly,16.81,1.8099999999999987,17,false,-0.11027792774997991,-0.11027792774997991,0,true,false,false,false,1.8099999999999987,1.9202779277499786,EXPERIMENT_ONLY
2024-04-21,22:00,test,2024,2024,15,16.844021714296613,1.8440217142966127,15,17,false,2024,2024-04,macro_non_southerly,16.81,1.8099999999999987,17,false,-0.034021714296613936,-0.034021714296613936,0,true,false,false,false,1.8099999999999987,1.8440217142966127,EXPERIMENT_ONLY
2024-04-21,23:00,test,2024,2024,15,16.920489233646023,1.9204892336460233,15,17,false,2024,2024-04,macro_non_southerly,16.81,1.8099999999999987,17,false,-0.11048923364602459,-0.11048923364602459,0,true,false,false,false,1.8099999999999987,1.9204892336460233,EXPERIMENT_ONLY
2024-04-22,20:00,test,2024,2024,17,16.546530317906956,0.4534696820930435,17,17,true,2024,2024-04,macro_non_southerly,17.15,0.14999999999999858,17,true,-0.3034696820930449,0.6034696820930421,0,true,false,false,false,0.14999999999999858,-0.4534696820930435,EXPERIMENT_ONLY
2024-04-22,21:00,test,2024,2024,17,16.950622606226137,0.049377393773863076,17,17,true,2024,2024-04,macro_non_southerly,17.15,0.14999999999999858,17,true,0.1006226062261355,0.19937739377386166,0,false,true,false,false,0.14999999999999858,-0.049377393773863076,EXPERIMENT_ONLY
2024-04-22,22:00,test,2024,2024,17,17.282074891408406,0.28207489140840636,17,17,true,2024,2024-04,macro_non_southerly,17.15,0.14999999999999858,17,true,-0.13207489140840778,-0.13207489140840778,0,true,false,false,false,0.14999999999999858,0.28207489140840636,EXPERIMENT_ONLY
2024-04-22,23:00,test,2024,2024,17,17.55384315282883,0.5538431528288292,17,18,false,2024,2024-04,macro_non_southerly,17.15,0.14999999999999858,17,true,-0.40384315282883065,-0.40384315282883065,1,true,false,false,true,0.14999999999999858,0.5538431528288292,EXPERIMENT_ONLY
2024-04-23,20:00,test,2024,2024,16,15.014129521236413,0.9858704787635872,16,15,false,2024,2024-04,macro_southerly_flow,16.669999999999998,0.6699999999999982,17,false,-0.3158704787635891,1.6558704787635854,0,true,false,false,false,0.6699999999999982,-0.9858704787635872,EXPERIMENT_ONLY
2024-04-23,21:00,test,2024,2024,16,15.627950445836198,0.3720495541638016,16,16,true,2024,2024-04,macro_southerly_flow,16.669999999999998,0.6699999999999982,17,false,0.29795044583619656,1.0420495541637997,-1,false,true,true,false,0.6699999999999982,-0.3720495541638016,EXPERIMENT_ONLY
2024-04-23,22:00,test,2024,2024,16,15.75326438400716,0.24673561599284,16,16,true,2024,2024-04,macro_southerly_flow,16.669999999999998,0.6699999999999982,17,false,0.42326438400715816,0.9167356159928381,-1,false,true,true,false,0.6699999999999982,-0.24673561599284,EXPERIMENT_ONLY
2024-04-23,23:00,test,2024,2024,16,16.279238951045127,0.2792389510451265,16,16,true,2024,2024-04,macro_southerly_flow,16.669999999999998,0.6699999999999982,17,false,0.3907610489548716,0.3907610489548716,-1,false,true,true,false,0.6699999999999982,0.2792389510451265,EXPERIMENT_ONLY
2024-04-24,20:00,test,2024,2024,18,17.9645770270779,0.03542297292209895,18,18,true,2024,2024-04,macro_non_southerly,17.776767676767676,0.2232323232323239,18,true,0.18780935031022494,-0.18780935031022494,0,false,true,false,false,-0.2232323232323239,-0.03542297292209895,EXPERIMENT_ONLY
2024-04-24,21:00,test,2024,2024,18,18.222581164401813,0.22258116440181297,18,18,true,2024,2024-04,macro_non_southerly,17.776767676767676,0.2232323232323239,18,true,0.0006511588305109228,-0.44581348763413686,0,false,true,false,false,-0.2232323232323239,0.22258116440181297,EXPERIMENT_ONLY
2024-04-24,22:00,test,2024,2024,18,18.174868683514912,0.17486868351491225,18,18,true,2024,2024-04,macro_non_southerly,17.776767676767676,0.2232323232323239,18,true,0.048363639717411644,-0.39810100674723614,0,false,true,false,false,-0.2232323232323239,0.17486868351491225,EXPERIMENT_ONLY
2024-04-24,23:00,test,2024,2024,18,18.329836887943504,0.32983688794350385,18,18,true,2024,2024-04,macro_non_southerly,17.776767676767676,0.2232323232323239,18,true,-0.10660456471117996,-0.5530692111758277,0,true,false,false,false,-0.2232323232323239,0.32983688794350385,EXPERIMENT_ONLY
2024-04-25,20:00,test,2024,2024,17,18.565448623928077,1.5654486239280772,17,19,false,2024,2024-04,macro_non_southerly,17.51808080808081,0.5180808080808106,18,false,-1.0473678158472666,-1.0473678158472666,0,true,false,false,false,0.5180808080808106,1.5654486239280772,EXPERIMENT_ONLY
2024-04-25,21:00,test,2024,2024,17,18.659371038567084,1.659371038567084,17,19,false,2024,2024-04,macro_non_southerly,17.51808080808081,0.5180808080808106,18,false,-1.1412902304862733,-1.1412902304862733,0,true,false,false,false,0.5180808080808106,1.659371038567084,EXPERIMENT_ONLY
2024-04-25,22:00,test,2024,2024,17,18.441685760124784,1.441685760124784,17,18,false,2024,2024-04,macro_non_southerly,17.51808080808081,0.5180808080808106,18,false,-0.9236049520439735,-0.9236049520439735,0,true,false,false,false,0.5180808080808106,1.441685760124784,EXPERIMENT_ONLY
2024-04-25,23:00,test,2024,2024,17,18.63946975228605,1.6394697522860504,17,19,false,2024,2024-04,macro_non_southerly,17.51808080808081,0.5180808080808106,18,false,-1.1213889442052398,-1.1213889442052398,0,true,false,false,false,0.5180808080808106,1.6394697522860504,EXPERIMENT_ONLY
2024-04-26,20:00,test,2024,2024,18,17.814725812781386,0.18527418721861366,18,18,true,2024,2024-04,macro_non_southerly,17.59035353535354,0.4096464646464604,18,true,0.2243722774278467,-0.2243722774278467,0,false,true,false,false,-0.4096464646464604,-0.18527418721861366,EXPERIMENT_ONLY
2024-04-26,21:00,test,2024,2024,18,17.884037706178276,0.11596229382172396,18,18,true,2024,2024-04,macro_non_southerly,17.59035353535354,0.4096464646464604,18,true,0.2936841708247364,-0.2936841708247364,0,false,true,false,false,-0.4096464646464604,-0.11596229382172396,EXPERIMENT_ONLY
2024-04-26,22:00,test,2024,2024,18,17.496865517912013,0.5031344820879866,18,17,false,2024,2024-04,macro_non_southerly,17.59035353535354,0.4096464646464604,18,true,-0.09348801744152624,0.09348801744152624,1,true,false,false,true,-0.4096464646464604,-0.5031344820879866,EXPERIMENT_ONLY
2024-04-26,23:00,test,2024,2024,18,17.84392413333412,0.15607586666587991,18,18,true,2024,2024-04,macro_non_southerly,17.59035353535354,0.4096464646464604,18,true,0.25357059798058046,-0.25357059798058046,0,false,true,false,false,-0.4096464646464604,-0.15607586666587991,EXPERIMENT_ONLY
2024-04-27,20:00,test,2024,2024,16,14.428807881889565,1.5711921181104351,16,14,false,2024,2024-04,macro_non_southerly,15.55232323232323,0.44767676767676967,16,true,-1.1235153504336655,1.1235153504336655,1,true,false,false,true,-0.44767676767676967,-1.5711921181104351,EXPERIMENT_ONLY
2024-04-27,21:00,test,2024,2024,16,15.275648726657836,0.7243512733421635,16,15,false,2024,2024-04,macro_non_southerly,15.55232323232323,0.44767676767676967,16,true,-0.27667450566539387,0.27667450566539387,1,true,false,false,true,-0.44767676767676967,-0.7243512733421635,EXPERIMENT_ONLY
2024-04-27,22:00,test,2024,2024,16,15.647838393547618,0.35216160645238226,16,16,true,2024,2024-04,macro_non_southerly,15.55232323232323,0.44767676767676967,16,true,0.09551516122438741,-0.09551516122438741,0,false,true,false,false,-0.44767676767676967,-0.35216160645238226,EXPERIMENT_ONLY
2024-04-27,23:00,test,2024,2024,16,15.87449542951855,0.12550457048144992,16,16,true,2024,2024-04,macro_non_southerly,15.55232323232323,0.44767676767676967,16,true,0.32217219719531975,-0.32217219719531975,0,false,true,false,false,-0.44767676767676967,-0.12550457048144992,EXPERIMENT_ONLY
2024-04-28,20:00,test,2024,2024,19,15.742260838177533,3.2577391618224674,19,16,false,2024,2024-04,macro_non_southerly,17.476010101010104,1.5239898989898961,17,false,-1.7337492628325712,1.7337492628325712,0,true,false,false,false,-1.5239898989898961,-3.2577391618224674,EXPERIMENT_ONLY
2024-04-28,21:00,test,2024,2024,19,16.549968413078062,2.450031586921938,19,17,false,2024,2024-04,macro_non_southerly,17.476010101010104,1.5239898989898961,17,false,-0.9260416879320417,0.9260416879320417,0,true,false,false,false,-1.5239898989898961,-2.450031586921938,EXPERIMENT_ONLY
2024-04-28,22:00,test,2024,2024,19,16.865743481661355,2.1342565183386455,19,17,false,2024,2024-04,macro_non_southerly,17.476010101010104,1.5239898989898961,17,false,-0.6102666193487494,0.6102666193487494,0,true,false,false,false,-1.5239898989898961,-2.1342565183386455,EXPERIMENT_ONLY
2024-04-28,23:00,test,2024,2024,19,17.165908564053122,1.8340914359468776,19,17,false,2024,2024-04,macro_non_southerly,17.476010101010104,1.5239898989898961,17,false,-0.3101015369569815,0.3101015369569815,0,true,false,false,false,-1.5239898989898961,-1.8340914359468776,EXPERIMENT_ONLY
2024-04-29,20:00,test,2024,2024,18,17.432806799189258,0.5671932008107419,18,17,false,2024,2024-04,macro_non_southerly,17.562121212121212,0.43787878787878753,18,true,-0.12931441293195434,0.12931441293195434,1,true,false,false,true,-0.43787878787878753,-0.5671932008107419,EXPERIMENT_ONLY
2024-04-29,21:00,test,2024,2024,18,17.833700039524356,0.16629996047564433,18,18,true,2024,2024-04,macro_non_southerly,17.562121212121212,0.43787878787878753,18,true,0.2715788274031432,-0.2715788274031432,0,false,true,false,false,-0.43787878787878753,-0.16629996047564433,EXPERIMENT_ONLY
2024-04-29,22:00,test,2024,2024,18,17.926870530667173,0.0731294693328266,18,18,true,2024,2024-04,macro_non_southerly,17.562121212121212,0.43787878787878753,18,true,0.36474931854596093,-0.36474931854596093,0,false,true,false,false,-0.43787878787878753,-0.0731294693328266,EXPERIMENT_ONLY
2024-04-29,23:00,test,2024,2024,18,18.15570902480933,0.15570902480932958,18,18,true,2024,2024-04,macro_non_southerly,17.562121212121212,0.43787878787878753,18,true,0.28216976306945796,-0.5935878126881171,0,false,true,false,false,-0.43787878787878753,0.15570902480932958,EXPERIMENT_ONLY
2024-04-30,20:00,test,2024,2024,17,17.477059363012643,0.47705936301264273,17,17,true,2024,2024-04,macro_non_southerly,17.363787878787875,0.3637878787878748,17,true,-0.11327148422476796,-0.11327148422476796,0,true,false,false,false,0.3637878787878748,0.47705936301264273,EXPERIMENT_ONLY
2024-04-30,21:00,test,2024,2024,17,17.567348956040785,0.5673489560407852,17,18,false,2024,2024-04,macro_non_southerly,17.363787878787875,0.3637878787878748,17,true,-0.2035610772529104,-0.2035610772529104,1,true,false,false,true,0.3637878787878748,0.5673489560407852,EXPERIMENT_ONLY
2024-04-30,22:00,test,2024,2024,17,17.875730086917702,0.8757300869177023,17,18,false,2024,2024-04,macro_non_southerly,17.363787878787875,0.3637878787878748,17,true,-0.5119422081298275,-0.5119422081298275,1,true,false,false,true,0.3637878787878748,0.8757300869177023,EXPERIMENT_ONLY
2024-04-30,23:00,test,2024,2024,17,18.14676886282161,1.1467688628216095,17,18,false,2024,2024-04,macro_non_southerly,17.363787878787875,0.3637878787878748,17,true,-0.7829809840337347,-0.7829809840337347,1,true,false,false,true,0.3637878787878748,1.1467688628216095,EXPERIMENT_ONLY
2024-05-01,20:00,test,2024,2024,17,17.770624748130754,0.7706247481307535,17,18,false,2024,2024-05,macro_non_southerly,17.60191919191919,0.6019191919191904,18,false,-0.16870555621156313,-0.16870555621156313,0,true,false,false,false,0.6019191919191904,0.7706247481307535,EXPERIMENT_ONLY
2024-05-01,21:00,test,2024,2024,17,18.037729449284882,1.0377294492848819,17,18,false,2024,2024-05,macro_non_southerly,17.60191919191919,0.6019191919191904,18,false,-0.43581025736569146,-0.43581025736569146,0,true,false,false,false,0.6019191919191904,1.0377294492848819,EXPERIMENT_ONLY
2024-05-01,22:00,test,2024,2024,17,17.93320177889982,0.9332017788998215,17,18,false,2024,2024-05,macro_non_southerly,17.60191919191919,0.6019191919191904,18,false,-0.33128258698063107,-0.33128258698063107,0,true,false,false,false,0.6019191919191904,0.9332017788998215,EXPERIMENT_ONLY
2024-05-01,23:00,test,2024,2024,17,18.072885552487357,1.0728855524873566,17,18,false,2024,2024-05,macro_non_southerly,17.60191919191919,0.6019191919191904,18,false,-0.4709663605681662,-0.4709663605681662,0,true,false,false,false,0.6019191919191904,1.0728855524873566,EXPERIMENT_ONLY
2024-05-02,20:00,test,2024,2024,13,13.464641074485677,0.4646410744856766,13,13,true,2024,2024-05,macro_southerly_flow,13.618333333333332,0.6183333333333323,14,false,0.1536922588476557,0.1536922588476557,-1,false,true,true,false,0.6183333333333323,0.4646410744856766,EXPERIMENT_ONLY
2024-05-02,21:00,test,2024,2024,13,13.518921471700194,0.5189214717001942,13,14,false,2024,2024-05,macro_southerly_flow,13.618333333333332,0.6183333333333323,14,false,0.09941186163313809,0.09941186163313809,0,false,true,false,false,0.6183333333333323,0.5189214717001942,EXPERIMENT_ONLY
2024-05-02,22:00,test,2024,2024,13,13.202181745919374,0.20218174591937377,13,13,true,2024,2024-05,macro_southerly_flow,13.618333333333332,0.6183333333333323,14,false,0.4161515874139585,0.4161515874139585,-1,false,true,true,false,0.6183333333333323,0.20218174591937377,EXPERIMENT_ONLY
2024-05-02,23:00,test,2024,2024,13,13.338022450045985,0.33802245004598497,13,13,true,2024,2024-05,macro_southerly_flow,13.618333333333332,0.6183333333333323,14,false,0.2803108832873473,0.2803108832873473,-1,false,true,true,false,0.6183333333333323,0.33802245004598497,EXPERIMENT_ONLY
2024-05-03,20:00,test,2024,2024,15,15.160222167625225,0.1602221676252249,15,15,true,2024,2024-05,macro_non_southerly,15.12959595959596,0.12959595959596015,15,true,-0.030626208029264745,-0.030626208029264745,0,true,false,false,false,0.12959595959596015,0.1602221676252249,EXPERIMENT_ONLY
2024-05-03,21:00,test,2024,2024,15,15.083113028571239,0.0831130285712387,15,15,true,2024,2024-05,macro_non_southerly,15.12959595959596,0.12959595959596015,15,true,0.04648293102472145,0.04648293102472145,0,false,true,false,false,0.12959595959596015,0.0831130285712387,EXPERIMENT_ONLY
2024-05-03,22:00,test,2024,2024,15,15.190415795516385,0.190415795516385,15,15,true,2024,2024-05,macro_non_southerly,15.12959595959596,0.12959595959596015,15,true,-0.060819835920424836,-0.060819835920424836,0,true,false,false,false,0.12959595959596015,0.190415795516385,EXPERIMENT_ONLY
2024-05-03,23:00,test,2024,2024,15,15.494531467729356,0.49453146772935597,15,15,true,2024,2024-05,macro_non_southerly,15.12959595959596,0.12959595959596015,15,true,-0.3649355081333958,-0.3649355081333958,0,true,false,false,false,0.12959595959596015,0.49453146772935597,EXPERIMENT_ONLY
2024-05-04,20:00,test,2024,2024,15,14.090078699428288,0.9099213005717122,15,14,false,2024,2024-05,macro_non_southerly,15.579242424242423,0.5792424242424232,16,false,-0.33067887632928894,1.4891637248141354,0,true,false,false,false,0.5792424242424232,-0.9099213005717122,EXPERIMENT_ONLY
2024-05-04,21:00,test,2024,2024,15,14.86865495516441,0.13134504483559084,15,15,true,2024,2024-05,macro_non_southerly,15.579242424242423,0.5792424242424232,16,false,0.4478973794068324,0.7105874690780141,-1,false,true,true,false,0.5792424242424232,-0.13134504483559084,EXPERIMENT_ONLY
2024-05-04,22:00,test,2024,2024,15,15.304016228713055,0.30401622871305456,15,15,true,2024,2024-05,macro_non_southerly,15.579242424242423,0.5792424242424232,16,false,0.27522619552936867,0.27522619552936867,-1,false,true,true,false,0.5792424242424232,0.30401622871305456,EXPERIMENT_ONLY
2024-05-04,23:00,test,2024,2024,15,15.57030118873471,0.5703011887347103,15,16,false,2024,2024-05,macro_non_southerly,15.579242424242423,0.5792424242424232,16,false,0.008941235507712975,0.008941235507712975,0,false,true,false,false,0.5792424242424232,0.5703011887347103,EXPERIMENT_ONLY
2024-05-05,20:00,test,2024,2024,16,15.52383971466269,0.4761602853373095,16,16,true,2024,2024-05,macro_non_southerly,16.092373737373737,0.09237373737373744,16,true,-0.38378654796357203,0.5685340227110469,0,true,false,false,false,0.09237373737373744,-0.4761602853373095,EXPERIMENT_ONLY
2024-05-05,21:00,test,2024,2024,16,16.22925468867125,0.22925468867125076,16,16,true,2024,2024-05,macro_non_southerly,16.092373737373737,0.09237373737373744,16,true,-0.13688095129751332,-0.13688095129751332,0,true,false,false,false,0.09237373737373744,0.22925468867125076,EXPERIMENT_ONLY
2024-05-05,22:00,test,2024,2024,16,16.587628196178393,0.5876281961783931,16,17,false,2024,2024-05,macro_non_southerly,16.092373737373737,0.09237373737373744,16,true,-0.4952544588046557,-0.4952544588046557,1,true,false,false,true,0.09237373737373744,0.5876281961783931,EXPERIMENT_ONLY
2024-05-05,23:00,test,2024,2024,16,16.786298937075664,0.7862989370756637,16,17,false,2024,2024-05,macro_non_southerly,16.092373737373737,0.09237373737373744,16,true,-0.6939251997019262,-0.6939251997019262,1,true,false,false,true,0.09237373737373744,0.7862989370756637,EXPERIMENT_ONLY
2024-05-06,20:00,test,2024,2024,18,17.107158571174146,0.8928414288258537,18,17,false,2024,2024-05,macro_non_southerly,16.804141414141412,1.1958585858585877,17,false,0.303017157032734,-0.303017157032734,0,false,true,false,false,-1.1958585858585877,-0.8928414288258537,EXPERIMENT_ONLY
2024-05-06,21:00,test,2024,2024,18,17.178263153385323,0.8217368466146766,18,17,false,2024,2024-05,macro_non_southerly,16.804141414141412,1.1958585858585877,17,false,0.3741217392439111,-0.3741217392439111,0,false,true,false,false,-1.1958585858585877,-0.8217368466146766,EXPERIMENT_ONLY
2024-05-06,22:00,test,2024,2024,18,17.02565252146239,0.9743474785376094,18,17,false,2024,2024-05,macro_non_southerly,16.804141414141412,1.1958585858585877,17,false,0.22151110732097834,-0.22151110732097834,0,false,true,false,false,-1.1958585858585877,-0.9743474785376094,EXPERIMENT_ONLY
2024-05-06,23:00,test,2024,2024,18,17.178982813764588,0.8210171862354123,18,17,false,2024,2024-05,macro_non_southerly,16.804141414141412,1.1958585858585877,17,false,0.3748413996231754,-0.3748413996231754,0,false,true,false,false,-1.1958585858585877,-0.8210171862354123,EXPERIMENT_ONLY
2024-05-07,20:00,test,2024,2024,13,12.59766849354043,0.4023315064595696,13,13,true,2024,2024-05,macro_southerly_flow,12.762626262626261,0.2373737373737388,13,true,-0.16495776908583082,0.16495776908583082,0,true,false,false,false,-0.2373737373737388,-0.4023315064595696,EXPERIMENT_ONLY
2024-05-07,21:00,test,2024,2024,13,12.791790667440747,0.2082093325592531,13,13,true,2024,2024-05,macro_southerly_flow,12.762626262626261,0.2373737373737388,13,true,0.029164404814485678,-0.029164404814485678,0,false,true,false,false,-0.2373737373737388,-0.2082093325592531,EXPERIMENT_ONLY
2024-05-07,22:00,test,2024,2024,13,12.717485224384145,0.28251477561585503,13,13,true,2024,2024-05,macro_southerly_flow,12.762626262626261,0.2373737373737388,13,true,-0.04514103824211624,0.04514103824211624,0,true,false,false,false,-0.2373737373737388,-0.28251477561585503,EXPERIMENT_ONLY
2024-05-07,23:00,test,2024,2024,13,13.111963560037138,0.11196356003713781,13,13,true,2024,2024-05,macro_southerly_flow,12.762626262626261,0.2373737373737388,13,true,0.12541017733660098,-0.3493372974108766,0,false,true,false,false,-0.2373737373737388,0.11196356003713781,EXPERIMENT_ONLY
2024-05-08,20:00,test,2024,2024,14,13.057822750719774,0.9421772492802258,14,13,false,2024,2024-05,macro_non_southerly,14.142828282828283,0.1428282828282832,14,true,-0.7993489664519426,1.085005532108509,1,true,false,false,true,0.1428282828282832,-0.9421772492802258,EXPERIMENT_ONLY
2024-05-08,21:00,test,2024,2024,14,13.794842557205053,0.2051574427949472,14,14,true,2024,2024-05,macro_non_southerly,14.142828282828283,0.1428282828282832,14,true,-0.062329159966663994,0.3479857256232304,0,true,false,false,false,0.1428282828282832,-0.2051574427949472,EXPERIMENT_ONLY
2024-05-08,22:00,test,2024,2024,14,14.690875782452938,0.6908757824529381,14,15,false,2024,2024-05,macro_non_southerly,14.142828282828283,0.1428282828282832,14,true,-0.5480474996246549,-0.5480474996246549,1,true,false,false,true,0.1428282828282832,0.6908757824529381,EXPERIMENT_ONLY
2024-05-08,23:00,test,2024,2024,14,14.985831951151434,0.9858319511514342,14,15,false,2024,2024-05,macro_non_southerly,14.142828282828283,0.1428282828282832,14,true,-0.843003668323151,-0.843003668323151,1,true,false,false,true,0.1428282828282832,0.9858319511514342,EXPERIMENT_ONLY
2024-05-09,20:00,test,2024,2024,11,12.090230580621489,1.0902305806214887,11,12,false,2024,2024-05,macro_southerly_flow,11.938838383838384,0.9388383838383838,12,false,-0.1513921967831049,-0.1513921967831049,0,true,false,false,false,0.9388383838383838,1.0902305806214887,EXPERIMENT_ONLY
2024-05-09,21:00,test,2024,2024,11,11.921767457044222,0.921767457044222,11,12,false,2024,2024-05,macro_southerly_flow,11.938838383838384,0.9388383838383838,12,false,0.017070926794161778,0.017070926794161778,0,false,true,false,false,0.9388383838383838,0.921767457044222,EXPERIMENT_ONLY
2024-05-09,22:00,test,2024,2024,11,11.552872656777694,0.5528726567776943,11,12,false,2024,2024-05,macro_southerly_flow,11.938838383838384,0.9388383838383838,12,false,0.38596572706068955,0.38596572706068955,0,false,true,false,false,0.9388383838383838,0.5528726567776943,EXPERIMENT_ONLY
2024-05-09,23:00,test,2024,2024,11,11.62679111912693,0.6267911191269295,11,12,false,2024,2024-05,macro_southerly_flow,11.938838383838384,0.9388383838383838,12,false,0.3120472647114543,0.3120472647114543,0,false,true,false,false,0.9388383838383838,0.6267911191269295,EXPERIMENT_ONLY
2024-05-10,20:00,test,2024,2024,12,11.425180394335822,0.5748196056641781,12,11,false,2024,2024-05,macro_southerly_flow,12.832575757575759,0.8325757575757589,13,false,0.25775615191158074,1.407395363239937,0,false,true,false,false,0.8325757575757589,-0.5748196056641781,EXPERIMENT_ONLY
2024-05-10,21:00,test,2024,2024,12,11.930234240901665,0.06976575909833471,12,12,true,2024,2024-05,macro_southerly_flow,12.832575757575759,0.8325757575757589,13,false,0.7628099984774241,0.9023415166740936,-1,false,true,true,false,0.8325757575757589,-0.06976575909833471,EXPERIMENT_ONLY
2024-05-10,22:00,test,2024,2024,12,12.80810150764519,0.8081015076451905,12,13,false,2024,2024-05,macro_non_southerly,12.832575757575759,0.8325757575757589,13,false,0.024474249930568348,0.024474249930568348,0,false,true,false,false,0.8325757575757589,0.8081015076451905,EXPERIMENT_ONLY
2024-05-10,23:00,test,2024,2024,12,13.126700726318786,1.126700726318786,12,13,false,2024,2024-05,macro_non_southerly,12.832575757575759,0.8325757575757589,13,false,-0.2941249687430272,-0.2941249687430272,0,true,false,false,false,0.8325757575757589,1.126700726318786,EXPERIMENT_ONLY
2024-05-11,20:00,test,2024,2024,12,12.43254728678659,0.4325472867865905,12,12,true,2024,2024-05,macro_southerly_flow,12.749090909090908,0.7490909090909081,13,false,0.31654362230431765,0.31654362230431765,-1,false,true,true,false,0.7490909090909081,0.4325472867865905,EXPERIMENT_ONLY
2024-05-11,21:00,test,2024,2024,12,12.276458278025027,0.27645827802502687,12,12,true,2024,2024-05,macro_southerly_flow,12.749090909090908,0.7490909090909081,13,false,0.47263263106588127,0.47263263106588127,-1,false,true,true,false,0.7490909090909081,0.27645827802502687,EXPERIMENT_ONLY
2024-05-11,22:00,test,2024,2024,12,11.842912687880299,0.1570873121197014,12,12,true,2024,2024-05,macro_southerly_flow,12.749090909090908,0.7490909090909081,13,false,0.5920035969712067,0.9061782212106095,-1,false,true,true,false,0.7490909090909081,-0.1570873121197014,EXPERIMENT_ONLY
2024-05-11,23:00,test,2024,2024,12,12.127233613240184,0.12723361324018434,12,12,true,2024,2024-05,macro_southerly_flow,12.749090909090908,0.7490909090909081,13,false,0.6218572958507238,0.6218572958507238,-1,false,true,true,false,0.7490909090909081,0.12723361324018434,EXPERIMENT_ONLY
2024-05-12,20:00,test,2024,2024,13,14.12808023767865,1.1280802376786507,13,14,false,2024,2024-05,macro_non_southerly,14.753838383838382,1.7538383838383815,15,false,0.6257581461597308,0.6257581461597308,0,false,true,false,false,1.7538383838383815,1.1280802376786507,EXPERIMENT_ONLY
2024-05-12,21:00,test,2024,2024,13,14.362599146595379,1.3625991465953788,13,14,false,2024,2024-05,macro_non_southerly,14.753838383838382,1.7538383838383815,15,false,0.3912392372430027,0.3912392372430027,0,false,true,false,false,1.7538383838383815,1.3625991465953788,EXPERIMENT_ONLY
2024-05-12,22:00,test,2024,2024,13,14.028599052058023,1.0285990520580235,13,14,false,2024,2024-05,macro_non_southerly,14.753838383838382,1.7538383838383815,15,false,0.725239331780358,0.725239331780358,0,false,true,false,false,1.7538383838383815,1.0285990520580235,EXPERIMENT_ONLY
2024-05-12,23:00,test,2024,2024,13,14.205217432114505,1.2052174321145053,13,14,false,2024,2024-05,macro_non_southerly,14.753838383838382,1.7538383838383815,15,false,0.5486209517238763,0.5486209517238763,0,false,true,false,false,1.7538383838383815,1.2052174321145053,EXPERIMENT_ONLY
2024-05-13,20:00,test,2024,2024,13,14.059645845884635,1.059645845884635,13,14,false,2024,2024-05,macro_non_southerly,14.364696969696972,1.364696969696972,14,false,0.305051123812337,0.305051123812337,0,false,true,false,false,1.364696969696972,1.059645845884635,EXPERIMENT_ONLY
2024-05-13,21:00,test,2024,2024,13,14.253304112531904,1.2533041125319038,13,14,false,2024,2024-05,macro_non_southerly,14.364696969696972,1.364696969696972,14,false,0.1113928571650682,0.1113928571650682,0,false,true,false,false,1.364696969696972,1.2533041125319038,EXPERIMENT_ONLY
2024-05-13,22:00,test,2024,2024,13,14.141537151126576,1.1415371511265757,13,14,false,2024,2024-05,macro_non_southerly,14.364696969696972,1.364696969696972,14,false,0.22315981857039624,0.22315981857039624,0,false,true,false,false,1.364696969696972,1.1415371511265757,EXPERIMENT_ONLY
2024-05-13,23:00,test,2024,2024,13,14.417284120920296,1.4172841209202964,13,14,false,2024,2024-05,macro_non_southerly,14.364696969696972,1.364696969696972,14,false,-0.05258715122332447,-0.05258715122332447,0,true,false,false,false,1.364696969696972,1.4172841209202964,EXPERIMENT_ONLY
2024-05-14,20:00,test,2024,2024,15,14.047823773336145,0.9521762266638554,15,14,false,2024,2024-05,macro_non_southerly,14.523030303030303,0.4769696969696966,15,true,-0.4752065296941588,0.4752065296941588,1,true,false,false,true,-0.4769696969696966,-0.9521762266638554,EXPERIMENT_ONLY
2024-05-14,21:00,test,2024,2024,15,14.757193687319425,0.24280631268057462,15,15,true,2024,2024-05,macro_non_southerly,14.523030303030303,0.4769696969696966,15,true,0.23416338428912198,-0.23416338428912198,0,false,true,false,false,-0.4769696969696966,-0.24280631268057462,EXPERIMENT_ONLY
2024-05-14,22:00,test,2024,2024,15,15.463471525250817,0.46347152525081725,15,15,true,2024,2024-05,macro_non_southerly,14.523030303030303,0.4769696969696966,15,true,0.013498171718879348,-0.9404412222205139,0,false,true,false,false,-0.4769696969696966,0.46347152525081725,EXPERIMENT_ONLY
2024-05-14,23:00,test,2024,2024,15,15.600144825371558,0.600144825371558,15,16,false,2024,2024-05,macro_non_southerly,14.523030303030303,0.4769696969696966,15,true,-0.1231751284018614,-1.0771145223412546,1,true,false,false,true,-0.4769696969696966,0.600144825371558,EXPERIMENT_ONLY
2024-05-15,20:00,test,2024,2024,15,15.88160842177142,0.8816084217714195,15,16,false,2024,2024-05,macro_non_southerly,14.988131313131314,0.01186868686868614,15,true,-0.8697397349027334,-0.8934771086401057,1,true,false,false,true,-0.01186868686868614,0.8816084217714195,EXPERIMENT_ONLY
2024-05-15,21:00,test,2024,2024,15,16.090554711318543,1.0905547113185428,15,16,false,2024,2024-05,macro_non_southerly,14.988131313131314,0.01186868686868614,15,true,-1.0786860244498566,-1.102423398187229,1,true,false,false,true,-0.01186868686868614,1.0905547113185428,EXPERIMENT_ONLY
2024-05-15,22:00,test,2024,2024,15,15.437945302729236,0.4379453027292364,15,15,true,2024,2024-05,macro_non_southerly,14.988131313131314,0.01186868686868614,15,true,-0.42607661586055023,-0.4498139895979225,0,true,false,false,false,-0.01186868686868614,0.4379453027292364,EXPERIMENT_ONLY
2024-05-15,23:00,test,2024,2024,15,15.31199422110012,0.3119942211001199,15,15,true,2024,2024-05,macro_non_southerly,14.988131313131314,0.01186868686868614,15,true,-0.30012553423143373,-0.323862907968806,0,true,false,false,false,-0.01186868686868614,0.3119942211001199,EXPERIMENT_ONLY
2024-05-16,20:00,test,2024,2024,17,15.688650011249457,1.3113499887505426,17,16,false,2024,2024-05,macro_non_southerly,16.614191919191917,0.3858080808080828,17,true,-0.9255419079424598,0.9255419079424598,1,true,false,false,true,-0.3858080808080828,-1.3113499887505426,EXPERIMENT_ONLY
2024-05-16,21:00,test,2024,2024,17,15.852997998941369,1.147002001058631,17,16,false,2024,2024-05,macro_non_southerly,16.614191919191917,0.3858080808080828,17,true,-0.7611939202505482,0.7611939202505482,1,true,false,false,true,-0.3858080808080828,-1.147002001058631,EXPERIMENT_ONLY
2024-05-16,22:00,test,2024,2024,17,15.950805827111152,1.049194172888848,17,16,false,2024,2024-05,macro_non_southerly,16.614191919191917,0.3858080808080828,17,true,-0.6633860920807653,0.6633860920807653,1,true,false,false,true,-0.3858080808080828,-1.049194172888848,EXPERIMENT_ONLY
2024-05-16,23:00,test,2024,2024,17,16.12372704721345,0.8762729527865503,17,16,false,2024,2024-05,macro_non_southerly,16.614191919191917,0.3858080808080828,17,true,-0.49046487197846744,0.49046487197846744,1,true,false,false,true,-0.3858080808080828,-0.8762729527865503,EXPERIMENT_ONLY
2024-05-17,20:00,test,2024,2024,15,13.42706940197976,1.5729305980202408,15,13,false,2024,2024-05,macro_southerly_flow,14.894848484848485,0.10515151515151544,15,true,-1.4677790828687254,1.4677790828687254,1,true,false,false,true,-0.10515151515151544,-1.5729305980202408,EXPERIMENT_ONLY
2024-05-17,21:00,test,2024,2024,15,15.209176081156533,0.2091760811565333,15,15,true,2024,2024-05,macro_non_southerly,14.894848484848485,0.10515151515151544,15,true,-0.10402456600501786,-0.31432759630804874,0,true,false,false,false,-0.10515151515151544,0.2091760811565333,EXPERIMENT_ONLY
2024-05-17,22:00,test,2024,2024,15,15.561409845261101,0.5614098452611014,15,16,false,2024,2024-05,macro_non_southerly,14.894848484848485,0.10515151515151544,15,true,-0.45625833010958594,-0.6665613604126168,1,true,false,false,true,-0.10515151515151544,0.5614098452611014,EXPERIMENT_ONLY
2024-05-17,23:00,test,2024,2024,15,15.667127895342514,0.6671278953425137,15,16,false,2024,2024-05,macro_non_southerly,14.894848484848485,0.10515151515151544,15,true,-0.5619763801909983,-0.7722794104940292,1,true,false,false,true,-0.10515151515151544,0.6671278953425137,EXPERIMENT_ONLY
2024-05-18,20:00,test,2024,2024,15,16.016885501276413,1.0168855012764126,15,16,false,2024,2024-05,macro_non_southerly,15.513333333333332,0.5133333333333319,16,false,-0.5035521679430808,-0.5035521679430808,0,true,false,false,false,0.5133333333333319,1.0168855012764126,EXPERIMENT_ONLY
2024-05-18,21:00,test,2024,2024,15,16.14687795484123,1.14687795484123,15,16,false,2024,2024-05,macro_non_southerly,15.513333333333332,0.5133333333333319,16,false,-0.6335446215078981,-0.6335446215078981,0,true,false,false,false,0.5133333333333319,1.14687795484123,EXPERIMENT_ONLY
2024-05-18,22:00,test,2024,2024,15,15.907521695109033,0.9075216951090326,15,16,false,2024,2024-05,macro_non_southerly,15.513333333333332,0.5133333333333319,16,false,-0.3941883617757007,-0.3941883617757007,0,true,false,false,false,0.5133333333333319,0.9075216951090326,EXPERIMENT_ONLY
2024-05-18,23:00,test,2024,2024,15,16.054234728988295,1.0542347289882947,15,16,false,2024,2024-05,macro_non_southerly,15.513333333333332,0.5133333333333319,16,false,-0.5409013956549629,-0.5409013956549629,0,true,false,false,false,0.5133333333333319,1.0542347289882947,EXPERIMENT_ONLY
2024-05-19,20:00,test,2024,2024,14,14.866374554397327,0.8663745543973267,14,15,false,2024,2024-05,macro_non_southerly,15.568181818181818,1.5681818181818183,16,false,0.7018072637844917,0.7018072637844917,0,false,true,false,false,1.5681818181818183,0.8663745543973267,EXPERIMENT_ONLY
2024-05-19,21:00,test,2024,2024,14,14.955946413375115,0.9559464133751145,14,15,false,2024,2024-05,macro_non_southerly,15.568181818181818,1.5681818181818183,16,false,0.6122354048067038,0.6122354048067038,0,false,true,false,false,1.5681818181818183,0.9559464133751145,EXPERIMENT_ONLY
2024-05-19,22:00,test,2024,2024,14,14.768457412379195,0.7684574123791954,14,15,false,2024,2024-05,macro_non_southerly,15.568181818181818,1.5681818181818183,16,false,0.7997244058026229,0.7997244058026229,0,false,true,false,false,1.5681818181818183,0.7684574123791954,EXPERIMENT_ONLY
2024-05-19,23:00,test,2024,2024,14,15.117602951789438,1.1176029517894381,14,15,false,2024,2024-05,macro_non_southerly,15.568181818181818,1.5681818181818183,16,false,0.4505788663923802,0.4505788663923802,0,false,true,false,false,1.5681818181818183,1.1176029517894381,EXPERIMENT_ONLY
2024-05-20,20:00,test,2024,2024,14,14.828281267076672,0.8282812670766724,14,15,false,2024,2024-05,macro_non_southerly,15.838434343434344,1.8384343434343435,16,false,1.0101530763576712,1.0101530763576712,0,false,true,false,false,1.8384343434343435,0.8282812670766724,EXPERIMENT_ONLY
2024-05-20,21:00,test,2024,2024,14,15.33331222563627,1.33331222563627,14,15,false,2024,2024-05,macro_non_southerly,15.838434343434344,1.8384343434343435,16,false,0.5051221177980736,0.5051221177980736,0,false,true,false,false,1.8384343434343435,1.33331222563627,EXPERIMENT_ONLY
2024-05-20,22:00,test,2024,2024,14,15.569728123591611,1.5697281235916112,14,16,false,2024,2024-05,macro_non_southerly,15.838434343434344,1.8384343434343435,16,false,0.26870621984273235,0.26870621984273235,0,false,true,false,false,1.8384343434343435,1.5697281235916112,EXPERIMENT_ONLY
2024-05-20,23:00,test,2024,2024,14,15.840661981524818,1.8406619815248177,14,16,false,2024,2024-05,macro_non_southerly,15.838434343434344,1.8384343434343435,16,false,-0.0022276380904742155,-0.0022276380904742155,0,true,false,false,false,1.8384343434343435,1.8406619815248177,EXPERIMENT_ONLY
2024-05-21,20:00,test,2024,2024,14,15.738360941533816,1.7383609415338164,14,16,false,2024,2024-05,macro_non_southerly,14.443232323232325,0.44323232323232453,14,true,-1.2951286183014918,-1.2951286183014918,1,true,false,false,true,0.44323232323232453,1.7383609415338164,EXPERIMENT_ONLY
2024-05-21,21:00,test,2024,2024,14,14.783053319904344,0.7830533199043437,14,15,false,2024,2024-05,macro_southerly_flow,14.443232323232325,0.44323232323232453,14,true,-0.33982099667201915,-0.33982099667201915,1,true,false,false,true,0.44323232323232453,0.7830533199043437,EXPERIMENT_ONLY
2024-05-21,22:00,test,2024,2024,14,15.319327197502039,1.319327197502039,14,15,false,2024,2024-05,macro_non_southerly,14.443232323232325,0.44323232323232453,14,true,-0.8760948742697146,-0.8760948742697146,1,true,false,false,true,0.44323232323232453,1.319327197502039,EXPERIMENT_ONLY
2024-05-21,23:00,test,2024,2024,14,15.328670730002935,1.3286707300029352,14,15,false,2024,2024-05,macro_non_southerly,14.443232323232325,0.44323232323232453,14,true,-0.8854384067706107,-0.8854384067706107,1,true,false,false,true,0.44323232323232453,1.3286707300029352,EXPERIMENT_ONLY
2024-05-22,20:00,test,2024,2024,13,13.538311114052261,0.5383111140522612,13,14,false,2024,2024-05,macro_southerly_flow,13.515757575757576,0.5157575757575756,14,false,-0.022553538294685538,-0.022553538294685538,0,true,false,false,false,0.5157575757575756,0.5383111140522612,EXPERIMENT_ONLY
2024-05-22,21:00,test,2024,2024,13,13.536720399120874,0.536720399120874,13,14,false,2024,2024-05,macro_southerly_flow,13.515757575757576,0.5157575757575756,14,false,-0.020962823363298355,-0.020962823363298355,0,true,false,false,false,0.5157575757575756,0.536720399120874,EXPERIMENT_ONLY
2024-05-22,22:00,test,2024,2024,13,12.915195990099903,0.08480400990009684,13,13,true,2024,2024-05,macro_southerly_flow,13.515757575757576,0.5157575757575756,14,false,0.4309535658574788,0.6005615856576725,-1,false,true,true,false,0.5157575757575756,-0.08480400990009684,EXPERIMENT_ONLY
2024-05-22,23:00,test,2024,2024,13,13.021678583666224,0.021678583666224327,13,13,true,2024,2024-05,macro_southerly_flow,13.515757575757576,0.5157575757575756,14,false,0.4940789920913513,0.4940789920913513,-1,false,true,true,false,0.5157575757575756,0.021678583666224327,EXPERIMENT_ONLY
2024-05-23,20:00,test,2024,2024,12,12.530673937421295,0.5306739374212945,12,13,false,2024,2024-05,macro_southerly_flow,12.652676767676768,0.652676767676768,13,false,0.12200283025547343,0.12200283025547343,0,false,true,false,false,0.652676767676768,0.5306739374212945,EXPERIMENT_ONLY
2024-05-23,21:00,test,2024,2024,12,12.560241204296114,0.5602412042961138,12,13,false,2024,2024-05,macro_southerly_flow,12.652676767676768,0.652676767676768,13,false,0.09243556338065417,0.09243556338065417,0,false,true,false,false,0.652676767676768,0.5602412042961138,EXPERIMENT_ONLY
2024-05-23,22:00,test,2024,2024,12,12.286669117613773,0.2866691176137728,12,12,true,2024,2024-05,macro_southerly_flow,12.652676767676768,0.652676767676768,13,false,0.3660076500629952,0.3660076500629952,-1,false,true,true,false,0.652676767676768,0.2866691176137728,EXPERIMENT_ONLY
2024-05-23,23:00,test,2024,2024,12,12.39635773183689,0.3963577318368898,12,12,true,2024,2024-05,macro_southerly_flow,12.652676767676768,0.652676767676768,13,false,0.25631903583987814,0.25631903583987814,-1,false,true,true,false,0.652676767676768,0.3963577318368898,EXPERIMENT_ONLY
2024-05-24,20:00,test,2024,2024,11,13.471401066948236,2.4714010669482356,11,13,false,2024,2024-05,macro_non_southerly,12.90510101010101,1.90510101010101,13,false,-0.5663000568472256,-0.5663000568472256,0,true,false,false,false,1.90510101010101,2.4714010669482356,EXPERIMENT_ONLY
2024-05-24,21:00,test,2024,2024,11,13.184681510955253,2.1846815109552526,11,13,false,2024,2024-05,macro_non_southerly,12.90510101010101,1.90510101010101,13,false,-0.2795805008542427,-0.2795805008542427,0,true,false,false,false,1.90510101010101,2.1846815109552526,EXPERIMENT_ONLY
2024-05-24,22:00,test,2024,2024,11,12.811520758163576,1.8115207581635762,11,13,false,2024,2024-05,macro_non_southerly,12.90510101010101,1.90510101010101,13,false,0.0935802519374338,0.0935802519374338,0,false,true,false,false,1.90510101010101,1.8115207581635762,EXPERIMENT_ONLY
2024-05-24,23:00,test,2024,2024,11,13.128892768701666,2.1288927687016663,11,13,false,2024,2024-05,macro_non_southerly,12.90510101010101,1.90510101010101,13,false,-0.22379175860065637,-0.22379175860065637,0,true,false,false,false,1.90510101010101,2.1288927687016663,EXPERIMENT_ONLY
2024-05-25,20:00,test,2024,2024,14,12.731646535460275,1.2683534645397252,14,13,false,2024,2024-05,macro_non_southerly,14.302323232323234,0.3023232323232339,14,true,-0.9660302322164913,1.570676696862959,1,true,false,false,true,0.3023232323232339,-1.2683534645397252,EXPERIMENT_ONLY
2024-05-25,21:00,test,2024,2024,14,12.863384804178418,1.136615195821582,14,13,false,2024,2024-05,macro_non_southerly,14.302323232323234,0.3023232323232339,14,true,-0.8342919634983481,1.4389384281448159,1,true,false,false,true,0.3023232323232339,-1.136615195821582,EXPERIMENT_ONLY
2024-05-25,22:00,test,2024,2024,14,12.967326651886601,1.0326733481133985,14,13,false,2024,2024-05,macro_non_southerly,14.302323232323234,0.3023232323232339,14,true,-0.7303501157901646,1.3349965804366324,1,true,false,false,true,0.3023232323232339,-1.0326733481133985,EXPERIMENT_ONLY
2024-05-25,23:00,test,2024,2024,14,13.210570947495244,0.7894290525047563,14,13,false,2024,2024-05,macro_non_southerly,14.302323232323234,0.3023232323232339,14,true,-0.4871058201815224,1.0917522848279901,1,true,false,false,true,0.3023232323232339,-0.7894290525047563,EXPERIMENT_ONLY
2024-05-26,20:00,test,2024,2024,13,13.514986387401109,0.5149863874011089,13,14,false,2024,2024-05,macro_non_southerly,13.299646464646466,0.29964646464646627,13,true,-0.21533992275464264,-0.21533992275464264,1,true,false,false,true,0.29964646464646627,0.5149863874011089,EXPERIMENT_ONLY
2024-05-26,21:00,test,2024,2024,13,13.513728431103626,0.5137284311036261,13,14,false,2024,2024-05,macro_non_southerly,13.299646464646466,0.29964646464646627,13,true,-0.21408196645715982,-0.21408196645715982,1,true,false,false,true,0.29964646464646627,0.5137284311036261,EXPERIMENT_ONLY
2024-05-26,22:00,test,2024,2024,13,12.66070575906802,0.3392942409319808,13,13,true,2024,2024-05,macro_non_southerly,13.299646464646466,0.29964646464646627,13,true,-0.039647776285514524,0.6389407055784471,0,true,false,false,false,0.29964646464646627,-0.3392942409319808,EXPERIMENT_ONLY
2024-05-26,23:00,test,2024,2024,13,12.498688929918687,0.5013110700813126,13,12,false,2024,2024-05,macro_non_southerly,13.299646464646466,0.29964646464646627,13,true,-0.20166460543484632,0.8009575347277789,1,true,false,false,true,0.29964646464646627,-0.5013110700813126,EXPERIMENT_ONLY
2024-05-27,20:00,test,2024,2024,14,12.520873972820588,1.4791260271794116,14,13,false,2024,2024-05,macro_non_southerly,13.8,0.1999999999999993,14,true,-1.2791260271794123,1.2791260271794123,1,true,false,false,true,-0.1999999999999993,-1.4791260271794116,EXPERIMENT_ONLY
2024-05-27,21:00,test,2024,2024,14,12.762325229299204,1.2376747707007958,14,13,false,2024,2024-05,macro_non_southerly,13.8,0.1999999999999993,14,true,-1.0376747707007965,1.0376747707007965,1,true,false,false,true,-0.1999999999999993,-1.2376747707007958,EXPERIMENT_ONLY
2024-05-27,22:00,test,2024,2024,14,12.965918454505868,1.0340815454941321,14,13,false,2024,2024-05,macro_non_southerly,13.8,0.1999999999999993,14,true,-0.8340815454941328,0.8340815454941328,1,true,false,false,true,-0.1999999999999993,-1.0340815454941321,EXPERIMENT_ONLY
2024-05-27,23:00,test,2024,2024,14,13.10768975470706,0.8923102452929399,14,13,false,2024,2024-05,macro_non_southerly,13.8,0.1999999999999993,14,true,-0.6923102452929406,0.6923102452929406,1,true,false,false,true,-0.1999999999999993,-0.8923102452929399,EXPERIMENT_ONLY
2024-05-28,20:00,test,2024,2024,15,13.456437352776687,1.5435626472233128,15,13,false,2024,2024-05,macro_non_southerly,14.082121212121212,0.917878787878788,14,false,-0.6256838593445249,0.6256838593445249,0,true,false,false,false,-0.917878787878788,-1.5435626472233128,EXPERIMENT_ONLY
2024-05-28,21:00,test,2024,2024,15,13.273010601365213,1.726989398634787,15,13,false,2024,2024-05,macro_non_southerly,14.082121212121212,0.917878787878788,14,false,-0.8091106107559991,0.8091106107559991,0,true,false,false,false,-0.917878787878788,-1.726989398634787,EXPERIMENT_ONLY
2024-05-28,22:00,test,2024,2024,15,13.455073772141823,1.544926227858177,15,13,false,2024,2024-05,macro_non_southerly,14.082121212121212,0.917878787878788,14,false,-0.627047439979389,0.627047439979389,0,true,false,false,false,-0.917878787878788,-1.544926227858177,EXPERIMENT_ONLY
2024-05-28,23:00,test,2024,2024,15,13.79012013153053,1.2098798684694696,15,14,false,2024,2024-05,macro_non_southerly,14.082121212121212,0.917878787878788,14,false,-0.29200108059068164,0.29200108059068164,0,true,false,false,false,-0.917878787878788,-1.2098798684694696,EXPERIMENT_ONLY
2024-05-29,20:00,test,2024,2024,13,14.263730771797292,1.2637307717972917,13,14,false,2024,2024-05,macro_non_southerly,12.781565656565657,0.21843434343434254,13,true,-1.0452964283629491,-1.4821651152316342,1,true,false,false,true,-0.21843434343434254,1.2637307717972917,EXPERIMENT_ONLY
2024-05-29,21:00,test,2024,2024,13,14.207261171213982,1.2072611712139825,13,14,false,2024,2024-05,macro_non_southerly,12.781565656565657,0.21843434343434254,13,true,-0.9888268277796399,-1.425695514648325,1,true,false,false,true,-0.21843434343434254,1.2072611712139825,EXPERIMENT_ONLY
2024-05-29,22:00,test,2024,2024,13,13.828184553075559,0.8281845530755589,13,14,false,2024,2024-05,macro_non_southerly,12.781565656565657,0.21843434343434254,13,true,-0.6097502096412164,-1.0466188965099015,1,true,false,false,true,-0.21843434343434254,0.8281845530755589,EXPERIMENT_ONLY
2024-05-29,23:00,test,2024,2024,13,13.959311294306278,0.9593112943062785,13,14,false,2024,2024-05,macro_non_southerly,12.781565656565657,0.21843434343434254,13,true,-0.740876950871936,-1.177745637740621,1,true,false,false,true,-0.21843434343434254,0.9593112943062785,EXPERIMENT_ONLY
2024-05-30,20:00,test,2024,2024,14,14.395770842739704,0.3957708427397044,14,14,true,2024,2024-05,macro_non_southerly,14.108585858585858,0.10858585858585812,14,true,-0.2871849841538463,-0.2871849841538463,0,true,false,false,false,0.10858585858585812,0.3957708427397044,EXPERIMENT_ONLY
2024-05-30,21:00,test,2024,2024,14,13.841029519971183,0.15897048002881675,14,14,true,2024,2024-05,macro_non_southerly,14.108585858585858,0.10858585858585812,14,true,-0.05038462144295863,0.26755633861467487,0,true,false,false,false,0.10858585858585812,-0.15897048002881675,EXPERIMENT_ONLY
2024-05-30,22:00,test,2024,2024,14,13.205072148681545,0.7949278513184552,14,13,false,2024,2024-05,macro_non_southerly,14.108585858585858,0.10858585858585812,14,true,-0.6863419927325971,0.9035137099043133,1,true,false,false,true,0.10858585858585812,-0.7949278513184552,EXPERIMENT_ONLY
2024-05-30,23:00,test,2024,2024,14,13.524593654470616,0.4754063455293842,14,14,true,2024,2024-05,macro_non_southerly,14.108585858585858,0.10858585858585812,14,true,-0.3668204869435261,0.5839922041152423,0,true,false,false,false,0.10858585858585812,-0.4754063455293842,EXPERIMENT_ONLY
2024-05-31,20:00,test,2024,2024,17,17.191293824323903,0.1912938243239033,17,17,true,2024,2024-05,macro_non_southerly,16.806919191919192,0.19308080808080774,17,true,0.0017869837569044478,-0.38437463240471104,0,false,true,false,false,-0.19308080808080774,0.1912938243239033,EXPERIMENT_ONLY
2024-05-31,21:00,test,2024,2024,17,17.395820494306594,0.3958204943065944,17,17,true,2024,2024-05,macro_non_southerly,16.806919191919192,0.19308080808080774,17,true,-0.20273968622578664,-0.5889013023874021,0,true,false,false,false,-0.19308080808080774,0.3958204943065944,EXPERIMENT_ONLY
2024-05-31,22:00,test,2024,2024,17,17.219184881606996,0.21918488160699567,17,17,true,2024,2024-05,macro_non_southerly,16.806919191919192,0.19308080808080774,17,true,-0.026104073526187932,-0.4122656896878034,0,true,false,false,false,-0.19308080808080774,0.21918488160699567,EXPERIMENT_ONLY
2024-05-31,23:00,test,2024,2024,17,17.320867393361464,0.3208673933614641,17,17,true,2024,2024-05,macro_non_southerly,16.806919191919192,0.19308080808080774,17,true,-0.12778658528065634,-0.5139482014422718,0,true,false,false,false,-0.19308080808080774,0.3208673933614641,EXPERIMENT_ONLY
2024-06-01,20:00,test,2024,2024,17,17.492002123852735,0.49200212385273545,17,17,true,2024,2024-06,macro_non_southerly,16.540050505050505,0.45994949494949466,17,true,-0.03205262890324079,-0.9519516188022301,0,true,false,false,false,-0.45994949494949466,0.49200212385273545,EXPERIMENT_ONLY
2024-06-01,21:00,test,2024,2024,17,17.620383382167827,0.6203833821678266,17,18,false,2024,2024-06,macro_non_southerly,16.540050505050505,0.45994949494949466,17,true,-0.16043388721833196,-1.0803328771173213,1,true,false,false,true,-0.45994949494949466,0.6203833821678266,EXPERIMENT_ONLY
2024-06-01,22:00,test,2024,2024,17,17.444530618819908,0.44453061881990763,17,17,true,2024,2024-06,macro_non_southerly,16.540050505050505,0.45994949494949466,17,true,0.015418876129587034,-0.9044801137694023,0,false,true,false,false,-0.45994949494949466,0.44453061881990763,EXPERIMENT_ONLY
2024-06-01,23:00,test,2024,2024,17,17.582881685561606,0.5828816855616061,17,18,false,2024,2024-06,macro_non_southerly,16.540050505050505,0.45994949494949466,17,true,-0.12293219061211147,-1.0428311805111008,1,true,false,false,true,-0.45994949494949466,0.5828816855616061,EXPERIMENT_ONLY
2024-06-02,20:00,test,2024,2024,16,15.32534835193082,0.6746516480691795,16,15,false,2024,2024-06,macro_southerly_flow,16.373939393939395,0.3739393939393949,16,true,-0.30071225412978464,1.0485910420085744,1,true,false,false,true,0.3739393939393949,-0.6746516480691795,EXPERIMENT_ONLY
2024-06-02,21:00,test,2024,2024,16,15.408617571878594,0.5913824281214062,16,15,false,2024,2024-06,macro_southerly_flow,16.373939393939395,0.3739393939393949,16,true,-0.21744303418201127,0.9653218220608011,1,true,false,false,true,0.3739393939393949,-0.5913824281214062,EXPERIMENT_ONLY
2024-06-02,22:00,test,2024,2024,16,15.17332222337929,0.8266777766207092,16,15,false,2024,2024-06,macro_southerly_flow,16.373939393939395,0.3739393939393949,16,true,-0.4527383826813143,1.200617170560104,1,true,false,false,true,0.3739393939393949,-0.8266777766207092,EXPERIMENT_ONLY
2024-06-02,23:00,test,2024,2024,16,15.28623687989888,0.7137631201011203,16,15,false,2024,2024-06,macro_southerly_flow,16.373939393939395,0.3739393939393949,16,true,-0.3398237261617254,1.0877025140405152,1,true,false,false,true,0.3739393939393949,-0.7137631201011203,EXPERIMENT_ONLY
2024-06-03,20:00,test,2024,2024,14,15.227817549944943,1.2278175499449429,14,15,false,2024,2024-06,macro_non_southerly,13.873181818181818,0.12681818181818194,14,true,-1.100999368126761,-1.3546357317631248,1,true,false,false,true,-0.12681818181818194,1.2278175499449429,EXPERIMENT_ONLY
2024-06-03,21:00,test,2024,2024,14,15.182622598773603,1.1826225987736034,14,15,false,2024,2024-06,macro_non_southerly,13.873181818181818,0.12681818181818194,14,true,-1.0558044169554215,-1.3094407805917854,1,true,false,false,true,-0.12681818181818194,1.1826225987736034,EXPERIMENT_ONLY
2024-06-03,22:00,test,2024,2024,14,14.961136423870302,0.9611364238703022,14,15,false,2024,2024-06,macro_non_southerly,13.873181818181818,0.12681818181818194,14,true,-0.8343182420521202,-1.0879546056884841,1,true,false,false,true,-0.12681818181818194,0.9611364238703022,EXPERIMENT_ONLY
2024-06-03,23:00,test,2024,2024,14,15.106365430645173,1.1063654306451731,14,15,false,2024,2024-06,macro_non_southerly,13.873181818181818,0.12681818181818194,14,true,-0.9795472488269912,-1.233183612463355,1,true,false,false,true,-0.12681818181818194,1.1063654306451731,EXPERIMENT_ONLY
2024-06-04,20:00,test,2024,2024,13,13.041525911737597,0.041525911737597454,13,13,true,2024,2024-06,macro_southerly_flow,12.74989898989899,0.2501010101010106,13,true,0.20857509836341315,-0.29162692183860806,0,false,true,false,false,-0.2501010101010106,0.041525911737597454,EXPERIMENT_ONLY
2024-06-04,21:00,test,2024,2024,13,13.10637586535719,0.10637586535719024,13,13,true,2024,2024-06,macro_southerly_flow,12.74989898989899,0.2501010101010106,13,true,0.14372514474382037,-0.35647687545820084,0,false,true,false,false,-0.2501010101010106,0.10637586535719024,EXPERIMENT_ONLY
2024-06-04,22:00,test,2024,2024,13,12.737893535584522,0.2621064644154778,13,13,true,2024,2024-06,macro_southerly_flow,12.74989898989899,0.2501010101010106,13,true,-0.012005454314467201,0.012005454314467201,0,true,false,false,false,-0.2501010101010106,-0.2621064644154778,EXPERIMENT_ONLY
2024-06-04,23:00,test,2024,2024,13,12.981719647049992,0.01828035295000774,13,13,true,2024,2024-06,macro_southerly_flow,12.74989898989899,0.2501010101010106,13,true,0.23182065715100286,-0.23182065715100286,0,false,true,false,false,-0.2501010101010106,-0.01828035295000774,EXPERIMENT_ONLY
2024-06-05,20:00,test,2024,2024,12,13.046925068767209,1.0469250687672087,12,13,false,2024,2024-06,macro_southerly_flow,14.275555555555556,2.275555555555556,14,false,1.2286304867883473,1.2286304867883473,0,false,true,false,false,2.275555555555556,1.0469250687672087,EXPERIMENT_ONLY
2024-06-05,21:00,test,2024,2024,12,13.253421357483228,1.2534213574832282,12,13,false,2024,2024-06,macro_southerly_flow,14.275555555555556,2.275555555555556,14,false,1.0221341980723277,1.0221341980723277,0,false,true,false,false,2.275555555555556,1.2534213574832282,EXPERIMENT_ONLY
2024-06-05,22:00,test,2024,2024,12,11.815302429981452,0.1846975700185478,12,12,true,2024,2024-06,macro_southerly_flow,14.275555555555556,2.275555555555556,14,false,2.090857985537008,2.460253125574104,-1,false,true,true,false,2.275555555555556,-0.1846975700185478,EXPERIMENT_ONLY
2024-06-05,23:00,test,2024,2024,12,12.339046453053665,0.33904645305366543,12,12,true,2024,2024-06,macro_southerly_flow,14.275555555555556,2.275555555555556,14,false,1.9365091025018906,1.9365091025018906,-1,false,true,true,false,2.275555555555556,0.33904645305366543,EXPERIMENT_ONLY
2024-06-06,20:00,test,2024,2024,14,14.910383461777874,0.9103834617778741,14,15,false,2024,2024-06,macro_non_southerly,14.961414141414142,0.9614141414141422,15,false,0.05103067963626806,0.05103067963626806,0,false,true,false,false,0.9614141414141422,0.9103834617778741,EXPERIMENT_ONLY
2024-06-06,21:00,test,2024,2024,14,14.958956679397936,0.9589566793979358,14,15,false,2024,2024-06,macro_non_southerly,14.961414141414142,0.9614141414141422,15,false,0.0024574620162063354,0.0024574620162063354,0,false,true,false,false,0.9614141414141422,0.9589566793979358,EXPERIMENT_ONLY
2024-06-06,22:00,test,2024,2024,14,14.71572911267568,0.71572911267568,14,15,false,2024,2024-06,macro_non_southerly,14.961414141414142,0.9614141414141422,15,false,0.2456850287384622,0.2456850287384622,0,false,true,false,false,0.9614141414141422,0.71572911267568,EXPERIMENT_ONLY
2024-06-06,23:00,test,2024,2024,14,14.78706364506383,0.7870636450638298,14,15,false,2024,2024-06,macro_non_southerly,14.961414141414142,0.9614141414141422,15,false,0.1743504963503124,0.1743504963503124,0,false,true,false,false,0.9614141414141422,0.7870636450638298,EXPERIMENT_ONLY
2024-06-07,20:00,test,2024,2024,16,15.432654663004765,0.5673453369952348,16,15,false,2024,2024-06,macro_non_southerly,14.91560606060606,1.0843939393939408,15,false,0.517048602398706,-0.517048602398706,0,false,true,false,false,-1.0843939393939408,-0.5673453369952348,EXPERIMENT_ONLY
2024-06-07,21:00,test,2024,2024,16,15.698184869505395,0.30181513049460484,16,16,true,2024,2024-06,macro_non_southerly,14.91560606060606,1.0843939393939408,15,false,0.782578808899336,-0.782578808899336,-1,false,true,true,false,-1.0843939393939408,-0.30181513049460484,EXPERIMENT_ONLY
2024-06-07,22:00,test,2024,2024,16,15.923194864302008,0.07680513569799174,16,16,true,2024,2024-06,macro_non_southerly,14.91560606060606,1.0843939393939408,15,false,1.007588803695949,-1.007588803695949,-1,false,true,true,false,-1.0843939393939408,-0.07680513569799174,EXPERIMENT_ONLY
2024-06-07,23:00,test,2024,2024,16,16.199338460804587,0.1993384608045865,16,16,true,2024,2024-06,macro_non_southerly,14.91560606060606,1.0843939393939408,15,false,0.8850554785893543,-1.2837324001985273,-1,false,true,true,false,-1.0843939393939408,0.1993384608045865,EXPERIMENT_ONLY
2024-06-08,20:00,test,2024,2024,14,15.291755179982678,1.2917551799826779,14,15,false,2024,2024-06,macro_non_southerly,14.296818181818182,0.29681818181818187,14,true,-0.994936998164496,-0.994936998164496,1,true,false,false,true,0.29681818181818187,1.2917551799826779,EXPERIMENT_ONLY
2024-06-08,21:00,test,2024,2024,14,15.354508123802578,1.354508123802578,14,15,false,2024,2024-06,macro_non_southerly,14.296818181818182,0.29681818181818187,14,true,-1.0576899419843961,-1.0576899419843961,1,true,false,false,true,0.29681818181818187,1.354508123802578,EXPERIMENT_ONLY
2024-06-08,22:00,test,2024,2024,14,15.10427446483909,1.10427446483909,14,15,false,2024,2024-06,macro_non_southerly,14.296818181818182,0.29681818181818187,14,true,-0.8074562830209082,-0.8074562830209082,1,true,false,false,true,0.29681818181818187,1.10427446483909,EXPERIMENT_ONLY
2024-06-08,23:00,test,2024,2024,14,15.280212946244177,1.280212946244177,14,15,false,2024,2024-06,macro_non_southerly,14.296818181818182,0.29681818181818187,14,true,-0.983394764425995,-0.983394764425995,1,true,false,false,true,0.29681818181818187,1.280212946244177,EXPERIMENT_ONLY
2024-06-09,20:00,test,2024,2024,16,15.497141215623637,0.5028587843763628,16,15,false,2024,2024-06,macro_non_southerly,16.054848484848485,0.0548484848484847,16,true,-0.4480102995278781,0.5577072692248475,1,true,false,false,true,0.0548484848484847,-0.5028587843763628,EXPERIMENT_ONLY
2024-06-09,21:00,test,2024,2024,16,15.528518766275592,0.47148123372440764,16,16,true,2024,2024-06,macro_non_southerly,16.054848484848485,0.0548484848484847,16,true,-0.41663274887592294,0.5263297185728923,0,true,false,false,false,0.0548484848484847,-0.47148123372440764,EXPERIMENT_ONLY
2024-06-09,22:00,test,2024,2024,16,15.148689477004849,0.851310522995151,16,15,false,2024,2024-06,macro_non_southerly,16.054848484848485,0.0548484848484847,16,true,-0.7964620381466663,0.9061590078436357,1,true,false,false,true,0.0548484848484847,-0.851310522995151,EXPERIMENT_ONLY
2024-06-09,23:00,test,2024,2024,16,15.149692110637798,0.8503078893622025,16,15,false,2024,2024-06,macro_non_southerly,16.054848484848485,0.0548484848484847,16,true,-0.7954594045137178,0.9051563742106872,1,true,false,false,true,0.0548484848484847,-0.8503078893622025,EXPERIMENT_ONLY
2024-06-10,20:00,test,2024,2024,17,16.979868870019637,0.020131129980363482,17,17,true,2024,2024-06,macro_non_southerly,16.46853535353535,0.5314646464646486,16,false,0.5113335164842852,-0.5113335164842852,-1,false,true,true,false,-0.5314646464646486,-0.020131129980363482,EXPERIMENT_ONLY
2024-06-10,21:00,test,2024,2024,17,16.997803340540784,0.0021966594592157662,17,17,true,2024,2024-06,macro_non_southerly,16.46853535353535,0.5314646464646486,16,false,0.5292679870054329,-0.5292679870054329,-1,false,true,true,false,-0.5314646464646486,-0.0021966594592157662,EXPERIMENT_ONLY
2024-06-10,22:00,test,2024,2024,17,16.429578480296733,0.5704215197032667,17,16,false,2024,2024-06,macro_non_southerly,16.46853535353535,0.5314646464646486,16,false,-0.03895687323861807,0.03895687323861807,0,true,false,false,false,-0.5314646464646486,-0.5704215197032667,EXPERIMENT_ONLY
2024-06-10,23:00,test,2024,2024,17,16.503387405823755,0.4966125941762449,17,17,true,2024,2024-06,macro_non_southerly,16.46853535353535,0.5314646464646486,16,false,0.03485205228840371,-0.03485205228840371,-1,false,true,true,false,-0.5314646464646486,-0.4966125941762449,EXPERIMENT_ONLY
2024-06-11,20:00,test,2024,2024,15,14.471413595519108,0.5285864044808921,15,14,false,2024,2024-06,macro_non_southerly,14.02868686868687,0.9713131313131296,14,false,0.44272672683223746,-0.44272672683223746,0,false,true,false,false,-0.9713131313131296,-0.5285864044808921,EXPERIMENT_ONLY
2024-06-11,21:00,test,2024,2024,15,14.443236767257305,0.5567632327426946,15,14,false,2024,2024-06,macro_non_southerly,14.02868686868687,0.9713131313131296,14,false,0.414549898570435,-0.414549898570435,0,false,true,false,false,-0.9713131313131296,-0.5567632327426946,EXPERIMENT_ONLY
2024-06-11,22:00,test,2024,2024,15,14.2835254992366,0.7164745007634004,15,14,false,2024,2024-06,macro_non_southerly,14.02868686868687,0.9713131313131296,14,false,0.2548386305497292,-0.2548386305497292,0,false,true,false,false,-0.9713131313131296,-0.7164745007634004,EXPERIMENT_ONLY
2024-06-11,23:00,test,2024,2024,15,14.466719058296107,0.5332809417038931,15,14,false,2024,2024-06,macro_non_southerly,14.02868686868687,0.9713131313131296,14,false,0.4380321896092365,-0.4380321896092365,0,false,true,false,false,-0.9713131313131296,-0.5332809417038931,EXPERIMENT_ONLY
2024-06-12,20:00,test,2024,2024,12,11.877582041053179,0.12241795894682106,12,12,true,2024,2024-06,macro_non_southerly,12.172070707070707,0.17207070707070748,12,true,0.049652748123886425,0.29448866601752854,0,false,true,false,false,0.17207070707070748,-0.12241795894682106,EXPERIMENT_ONLY
2024-06-12,21:00,test,2024,2024,12,12.313733254188111,0.3137332541881115,12,12,true,2024,2024-06,macro_non_southerly,12.172070707070707,0.17207070707070748,12,true,-0.141662547117404,-0.141662547117404,0,true,false,false,false,0.17207070707070748,0.3137332541881115,EXPERIMENT_ONLY
2024-06-12,22:00,test,2024,2024,12,12.522082003167538,0.5220820031675384,12,13,false,2024,2024-06,macro_non_southerly,12.172070707070707,0.17207070707070748,12,true,-0.3500112960968309,-0.3500112960968309,1,true,false,false,true,0.17207070707070748,0.5220820031675384,EXPERIMENT_ONLY
2024-06-12,23:00,test,2024,2024,12,12.935375455709176,0.9353754557091758,12,13,false,2024,2024-06,macro_non_southerly,12.172070707070707,0.17207070707070748,12,true,-0.7633047486384683,-0.7633047486384683,1,true,false,false,true,0.17207070707070748,0.9353754557091758,EXPERIMENT_ONLY
2024-06-13,20:00,test,2024,2024,13,13.50773865290495,0.5077386529049495,13,14,false,2024,2024-06,macro_non_southerly,12.988181818181818,0.011818181818181728,13,true,-0.49592047108676773,-0.5195568347231312,1,true,false,false,true,-0.011818181818181728,0.5077386529049495,EXPERIMENT_ONLY
2024-06-13,21:00,test,2024,2024,13,13.461820931354522,0.46182093135452185,13,13,true,2024,2024-06,macro_non_southerly,12.988181818181818,0.011818181818181728,13,true,-0.4500027495363401,-0.4736391131727036,0,true,false,false,false,-0.011818181818181728,0.46182093135452185,EXPERIMENT_ONLY
2024-06-13,22:00,test,2024,2024,13,13.120903697420346,0.12090369742034568,13,13,true,2024,2024-06,macro_non_southerly,12.988181818181818,0.011818181818181728,13,true,-0.10908551560216395,-0.1327218792385274,0,true,false,false,false,-0.011818181818181728,0.12090369742034568,EXPERIMENT_ONLY
2024-06-13,23:00,test,2024,2024,13,13.325701669396704,0.32570166939670386,13,13,true,2024,2024-06,macro_non_southerly,12.988181818181818,0.011818181818181728,13,true,-0.31388348757852214,-0.3375198512148856,0,true,false,false,false,-0.011818181818181728,0.32570166939670386,EXPERIMENT_ONLY
2024-06-14,20:00,test,2024,2024,13,14.338932685225137,1.3389326852251369,13,14,false,2024,2024-06,macro_non_southerly,15.020656565656568,2.0206565656565676,15,false,0.6817238804314307,0.6817238804314307,0,false,true,false,false,2.0206565656565676,1.3389326852251369,EXPERIMENT_ONLY
2024-06-14,21:00,test,2024,2024,13,14.06810719646516,1.06810719646516,13,14,false,2024,2024-06,macro_non_southerly,15.020656565656568,2.0206565656565676,15,false,0.9525493691914075,0.9525493691914075,0,false,true,false,false,2.0206565656565676,1.06810719646516,EXPERIMENT_ONLY
2024-06-14,22:00,test,2024,2024,13,13.57392815926401,0.5739281592640104,13,14,false,2024,2024-06,macro_non_southerly,15.020656565656568,2.0206565656565676,15,false,1.4467284063925572,1.4467284063925572,0,false,true,false,false,2.0206565656565676,0.5739281592640104,EXPERIMENT_ONLY
2024-06-14,23:00,test,2024,2024,13,13.587850700751419,0.5878507007514191,13,14,false,2024,2024-06,macro_non_southerly,15.020656565656568,2.0206565656565676,15,false,1.4328058649051485,1.4328058649051485,0,false,true,false,false,2.0206565656565676,0.5878507007514191,EXPERIMENT_ONLY
2024-06-15,20:00,test,2024,2024,14,14.87796103080304,0.8779610308030392,14,15,false,2024,2024-06,macro_non_southerly,14.618535353535353,0.6185353535353535,15,false,-0.25942567726768573,-0.25942567726768573,0,true,false,false,false,0.6185353535353535,0.8779610308030392,EXPERIMENT_ONLY
2024-06-15,21:00,test,2024,2024,14,14.992316328950473,0.9923163289504728,14,15,false,2024,2024-06,macro_non_southerly,14.618535353535353,0.6185353535353535,15,false,-0.37378097541511934,-0.37378097541511934,0,true,false,false,false,0.6185353535353535,0.9923163289504728,EXPERIMENT_ONLY
2024-06-15,22:00,test,2024,2024,14,14.244709298076978,0.2447092980769785,14,14,true,2024,2024-06,macro_non_southerly,14.618535353535353,0.6185353535353535,15,false,0.373826055458375,0.373826055458375,-1,false,true,true,false,0.6185353535353535,0.2447092980769785,EXPERIMENT_ONLY
2024-06-15,23:00,test,2024,2024,14,14.458266732262476,0.4582667322624765,14,14,true,2024,2024-06,macro_non_southerly,14.618535353535353,0.6185353535353535,15,false,0.160268621272877,0.160268621272877,-1,false,true,true,false,0.6185353535353535,0.4582667322624765,EXPERIMENT_ONLY
2024-06-16,20:00,test,2024,2024,15,14.98915977415876,0.01084022584124078,15,15,true,2024,2024-06,macro_non_southerly,13.77070707070707,1.2292929292929298,14,false,1.218452703451689,-1.218452703451689,-1,false,true,true,false,-1.2292929292929298,-0.01084022584124078,EXPERIMENT_ONLY
2024-06-16,21:00,test,2024,2024,15,14.95853572484174,0.04146427515826012,15,15,true,2024,2024-06,macro_non_southerly,13.77070707070707,1.2292929292929298,14,false,1.1878286541346696,-1.1878286541346696,-1,false,true,true,false,-1.2292929292929298,-0.04146427515826012,EXPERIMENT_ONLY
2024-06-16,22:00,test,2024,2024,15,14.676931246356961,0.3230687536430388,15,15,true,2024,2024-06,macro_non_southerly,13.77070707070707,1.2292929292929298,14,false,0.906224175649891,-0.906224175649891,-1,false,true,true,false,-1.2292929292929298,-0.3230687536430388,EXPERIMENT_ONLY
2024-06-16,23:00,test,2024,2024,15,14.847571508474784,0.15242849152521565,15,15,true,2024,2024-06,macro_non_southerly,13.77070707070707,1.2292929292929298,14,false,1.0768644377677141,-1.0768644377677141,-1,false,true,true,false,-1.2292929292929298,-0.15242849152521565,EXPERIMENT_ONLY
2024-06-17,20:00,test,2024,2024,13,14.59270760239128,1.5927076023912807,13,15,false,2024,2024-06,macro_non_southerly,13.434949494949494,0.4349494949494943,13,true,-1.1577581074417864,-1.1577581074417864,1,true,false,false,true,0.4349494949494943,1.5927076023912807,EXPERIMENT_ONLY
2024-06-17,21:00,test,2024,2024,13,14.31578384814664,1.3157838481466406,13,14,false,2024,2024-06,macro_non_southerly,13.434949494949494,0.4349494949494943,13,true,-0.8808343531971463,-0.8808343531971463,1,true,false,false,true,0.4349494949494943,1.3157838481466406,EXPERIMENT_ONLY
2024-06-17,22:00,test,2024,2024,13,13.519703101057736,0.5197031010577362,13,14,false,2024,2024-06,macro_non_southerly,13.434949494949494,0.4349494949494943,13,true,-0.0847536061082419,-0.0847536061082419,1,true,false,false,true,0.4349494949494943,0.5197031010577362,EXPERIMENT_ONLY
2024-06-17,23:00,test,2024,2024,13,13.350720768376485,0.350720768376485,13,13,true,2024,2024-06,macro_non_southerly,13.434949494949494,0.4349494949494943,13,true,0.08422872657300928,0.08422872657300928,0,false,true,false,false,0.4349494949494943,0.350720768376485,EXPERIMENT_ONLY
2024-06-18,20:00,test,2024,2024,13,13.252250467412019,0.2522504674120185,13,13,true,2024,2024-06,macro_southerly_flow,13.931818181818182,0.9318181818181817,14,false,0.6795677144061631,0.6795677144061631,-1,false,true,true,false,0.9318181818181817,0.2522504674120185,EXPERIMENT_ONLY
2024-06-18,21:00,test,2024,2024,13,13.276661853113628,0.27666185311362845,13,13,true,2024,2024-06,macro_southerly_flow,13.931818181818182,0.9318181818181817,14,false,0.6551563287045532,0.6551563287045532,-1,false,true,true,false,0.9318181818181817,0.27666185311362845,EXPERIMENT_ONLY
2024-06-18,22:00,test,2024,2024,13,13.029596321285082,0.029596321285081828,13,13,true,2024,2024-06,macro_southerly_flow,13.931818181818182,0.9318181818181817,14,false,0.9022218605330998,0.9022218605330998,-1,false,true,true,false,0.9318181818181817,0.029596321285081828,EXPERIMENT_ONLY
2024-06-18,23:00,test,2024,2024,13,13.411272164437614,0.41127216443761405,13,13,true,2024,2024-06,macro_southerly_flow,13.931818181818182,0.9318181818181817,14,false,0.5205460173805676,0.5205460173805676,-1,false,true,true,false,0.9318181818181817,0.41127216443761405,EXPERIMENT_ONLY
2024-06-19,20:00,test,2024,2024,12,11.535608603994357,0.4643913960056434,12,12,true,2024,2024-06,macro_southerly_flow,12.351212121212122,0.35121212121212153,12,true,-0.11317927479352186,0.8156035172177649,0,true,false,false,false,0.35121212121212153,-0.4643913960056434,EXPERIMENT_ONLY
2024-06-19,21:00,test,2024,2024,12,11.675664224159393,0.32433577584060735,12,12,true,2024,2024-06,macro_southerly_flow,12.351212121212122,0.35121212121212153,12,true,0.026876345371514176,0.6755478970527289,0,false,true,false,false,0.35121212121212153,-0.32433577584060735,EXPERIMENT_ONLY
2024-06-19,22:00,test,2024,2024,12,11.361138864471307,0.6388611355286926,12,11,false,2024,2024-06,macro_southerly_flow,12.351212121212122,0.35121212121212153,12,true,-0.2876490143165711,0.9900732567408141,1,true,false,false,true,0.35121212121212153,-0.6388611355286926,EXPERIMENT_ONLY
2024-06-19,23:00,test,2024,2024,12,11.578306672245366,0.42169332775463353,12,12,true,2024,2024-06,macro_southerly_flow,12.351212121212122,0.35121212121212153,12,true,-0.070481206542512,0.7729054489667551,0,true,false,false,false,0.35121212121212153,-0.42169332775463353,EXPERIMENT_ONLY
2024-06-20,20:00,test,2024,2024,13,12.309491557028686,0.6905084429713142,13,12,false,2024,2024-06,macro_southerly_flow,13.717070707070707,0.7170707070707074,14,false,0.026562264099393218,1.4075791500420216,0,false,true,false,false,0.7170707070707074,-0.6905084429713142,EXPERIMENT_ONLY
2024-06-20,21:00,test,2024,2024,13,12.43691526831936,0.5630847316806395,13,12,false,2024,2024-06,macro_southerly_flow,13.717070707070707,0.7170707070707074,14,false,0.15398597539006786,1.280155438751347,0,false,true,false,false,0.7170707070707074,-0.5630847316806395,EXPERIMENT_ONLY
2024-06-20,22:00,test,2024,2024,13,12.493164825559472,0.5068351744405284,13,12,false,2024,2024-06,macro_southerly_flow,13.717070707070707,0.7170707070707074,14,false,0.21023553263017902,1.2239058815112358,0,false,true,false,false,0.7170707070707074,-0.5068351744405284,EXPERIMENT_ONLY
2024-06-20,23:00,test,2024,2024,13,12.806506385621041,0.1934936143789585,13,13,true,2024,2024-06,macro_southerly_flow,13.717070707070707,0.7170707070707074,14,false,0.5235770926917489,0.9105643214496659,-1,false,true,true,false,0.7170707070707074,-0.1934936143789585,EXPERIMENT_ONLY
2024-06-21,20:00,test,2024,2024,14,11.140014747027424,2.859985252972576,14,11,false,2024,2024-06,macro_non_southerly,13.694040404040404,0.305959595959596,14,true,-2.5540256570129802,2.5540256570129802,1,true,false,false,true,-0.305959595959596,-2.859985252972576,EXPERIMENT_ONLY
2024-06-21,21:00,test,2024,2024,14,11.546477106848991,2.4535228931510087,14,12,false,2024,2024-06,macro_non_southerly,13.694040404040404,0.305959595959596,14,true,-2.1475632971914127,2.1475632971914127,1,true,false,false,true,-0.305959595959596,-2.4535228931510087,EXPERIMENT_ONLY
2024-06-21,22:00,test,2024,2024,14,11.76648148381402,2.2335185161859794,14,12,false,2024,2024-06,macro_non_southerly,13.694040404040404,0.305959595959596,14,true,-1.9275589202263834,1.9275589202263834,1,true,false,false,true,-0.305959595959596,-2.2335185161859794,EXPERIMENT_ONLY
2024-06-21,23:00,test,2024,2024,14,12.212247124825234,1.7877528751747658,14,12,false,2024,2024-06,macro_non_southerly,13.694040404040404,0.305959595959596,14,true,-1.4817932792151698,1.4817932792151698,1,true,false,false,true,-0.305959595959596,-1.7877528751747658,EXPERIMENT_ONLY
2024-06-22,20:00,test,2024,2024,14,14.156411723794974,0.15641172379497448,14,14,true,2024,2024-06,macro_non_southerly,13.502222222222223,0.49777777777777743,14,true,0.34136605398280295,-0.6541895015727519,0,false,true,false,false,-0.49777777777777743,0.15641172379497448,EXPERIMENT_ONLY
2024-06-22,21:00,test,2024,2024,14,13.951970314058084,0.048029685941916256,14,14,true,2024,2024-06,macro_non_southerly,13.502222222222223,0.49777777777777743,14,true,0.4497480918358612,-0.4497480918358612,0,false,true,false,false,-0.49777777777777743,-0.048029685941916256,EXPERIMENT_ONLY
2024-06-22,22:00,test,2024,2024,14,13.75628389699611,0.2437161030038908,14,14,true,2024,2024-06,macro_non_southerly,13.502222222222223,0.49777777777777743,14,true,0.25406167477388664,-0.25406167477388664,0,false,true,false,false,-0.49777777777777743,-0.2437161030038908,EXPERIMENT_ONLY
2024-06-22,23:00,test,2024,2024,14,13.891488127226228,0.1085118727737715,14,14,true,2024,2024-06,macro_non_southerly,13.502222222222223,0.49777777777777743,14,true,0.38926590500400593,-0.38926590500400593,0,false,true,false,false,-0.49777777777777743,-0.1085118727737715,EXPERIMENT_ONLY
2024-06-23,20:00,test,2024,2024,13,14.14039563117287,1.1403956311728702,13,14,false,2024,2024-06,macro_non_southerly,13.766616161616161,0.7666161616161613,14,false,-0.37377946955670893,-0.37377946955670893,0,true,false,false,false,0.7666161616161613,1.1403956311728702,EXPERIMENT_ONLY
2024-06-23,21:00,test,2024,2024,13,14.17618121492988,1.1761812149298798,13,14,false,2024,2024-06,macro_non_southerly,13.766616161616161,0.7666161616161613,14,false,-0.4095650533137185,-0.4095650533137185,0,true,false,false,false,0.7666161616161613,1.1761812149298798,EXPERIMENT_ONLY
2024-06-23,22:00,test,2024,2024,13,13.551502273253368,0.5515022732533676,13,14,false,2024,2024-06,macro_non_southerly,13.766616161616161,0.7666161616161613,14,false,0.21511388836279366,0.21511388836279366,0,false,true,false,false,0.7666161616161613,0.5515022732533676,EXPERIMENT_ONLY
2024-06-23,23:00,test,2024,2024,13,13.56453797650774,0.5645379765077401,13,14,false,2024,2024-06,macro_non_southerly,13.766616161616161,0.7666161616161613,14,false,0.20207818510842124,0.20207818510842124,0,false,true,false,false,0.7666161616161613,0.5645379765077401,EXPERIMENT_ONLY
2024-06-24,20:00,test,2024,2024,13,14.160849339087312,1.1608493390873118,13,14,false,2024,2024-06,macro_non_southerly,13.73631313131313,0.7363131313131301,14,false,-0.42453620777418166,-0.42453620777418166,0,true,false,false,false,0.7363131313131301,1.1608493390873118,EXPERIMENT_ONLY
2024-06-24,21:00,test,2024,2024,13,14.151584727788155,1.1515847277881548,13,14,false,2024,2024-06,macro_non_southerly,13.73631313131313,0.7363131313131301,14,false,-0.41527159647502465,-0.41527159647502465,0,true,false,false,false,0.7363131313131301,1.1515847277881548,EXPERIMENT_ONLY
2024-06-24,22:00,test,2024,2024,13,13.85084105997093,0.8508410599709304,13,14,false,2024,2024-06,macro_non_southerly,13.73631313131313,0.7363131313131301,14,false,-0.11452792865780026,-0.11452792865780026,0,true,false,false,false,0.7363131313131301,0.8508410599709304,EXPERIMENT_ONLY
2024-06-24,23:00,test,2024,2024,13,14.030867957120963,1.0308679571209627,13,14,false,2024,2024-06,macro_non_southerly,13.73631313131313,0.7363131313131301,14,false,-0.29455482580783254,-0.29455482580783254,0,true,false,false,false,0.7363131313131301,1.0308679571209627,EXPERIMENT_ONLY
2024-06-25,20:00,test,2024,2024,13,13.251857899172855,0.2518578991728546,13,13,true,2024,2024-06,macro_southerly_flow,14.127626262626261,1.1276262626262614,14,false,0.8757683634534068,0.8757683634534068,-1,false,true,true,false,1.1276262626262614,0.2518578991728546,EXPERIMENT_ONLY
2024-06-25,21:00,test,2024,2024,13,13.521185739618614,0.5211857396186144,13,14,false,2024,2024-06,macro_southerly_flow,14.127626262626261,1.1276262626262614,14,false,0.6064405230076471,0.6064405230076471,0,false,true,false,false,1.1276262626262614,0.5211857396186144,EXPERIMENT_ONLY
2024-06-25,22:00,test,2024,2024,13,12.847327108711735,0.15267289128826533,13,13,true,2024,2024-06,macro_southerly_flow,14.127626262626261,1.1276262626262614,14,false,0.9749533713379961,1.2802991539145268,-1,false,true,true,false,1.1276262626262614,-0.15267289128826533,EXPERIMENT_ONLY
2024-06-25,23:00,test,2024,2024,13,12.858817115495683,0.14118288450431749,13,13,true,2024,2024-06,macro_southerly_flow,14.127626262626261,1.1276262626262614,14,false,0.9864433781219439,1.268809147130579,-1,false,true,true,false,1.1276262626262614,-0.14118288450431749,EXPERIMENT_ONLY
2024-06-26,20:00,test,2024,2024,14,13.07181055375923,0.9281894462407703,14,13,false,2024,2024-06,macro_southerly_flow,12.936666666666667,1.0633333333333326,13,false,0.1351438870925623,-0.1351438870925623,0,false,true,false,false,-1.0633333333333326,-0.9281894462407703,EXPERIMENT_ONLY
2024-06-26,21:00,test,2024,2024,14,13.100862232516729,0.8991377674832712,14,13,false,2024,2024-06,macro_southerly_flow,12.936666666666667,1.0633333333333326,13,false,0.16419556585006134,-0.16419556585006134,0,false,true,false,false,-1.0633333333333326,-0.8991377674832712,EXPERIMENT_ONLY
2024-06-26,22:00,test,2024,2024,14,12.24250894408059,1.7574910559194095,14,12,false,2024,2024-06,macro_southerly_flow,12.936666666666667,1.0633333333333326,13,false,-0.6941577225860769,0.6941577225860769,0,true,false,false,false,-1.0633333333333326,-1.7574910559194095,EXPERIMENT_ONLY
2024-06-26,23:00,test,2024,2024,14,12.326551682188128,1.6734483178118715,14,12,false,2024,2024-06,macro_southerly_flow,12.936666666666667,1.0633333333333326,13,false,-0.610114984478539,0.610114984478539,0,true,false,false,false,-1.0633333333333326,-1.6734483178118715,EXPERIMENT_ONLY
2024-06-27,20:00,test,2024,2024,13,12.140747415563196,0.8592525844368044,13,12,false,2024,2024-06,macro_southerly_flow,13.183282828282827,0.18328282828282738,13,true,-0.675969756153977,1.0425354127196318,1,true,false,false,true,0.18328282828282738,-0.8592525844368044,EXPERIMENT_ONLY
2024-06-27,21:00,test,2024,2024,13,12.295462197780173,0.7045378022198268,13,12,false,2024,2024-06,macro_southerly_flow,13.183282828282827,0.18328282828282738,13,true,-0.5212549739369994,0.8878206305026541,1,true,false,false,true,0.18328282828282738,-0.7045378022198268,EXPERIMENT_ONLY
2024-06-27,22:00,test,2024,2024,13,12.05738638214633,0.9426136178536701,13,12,false,2024,2024-06,macro_southerly_flow,13.183282828282827,0.18328282828282738,13,true,-0.7593307895708428,1.1258964461364975,1,true,false,false,true,0.18328282828282738,-0.9426136178536701,EXPERIMENT_ONLY
2024-06-27,23:00,test,2024,2024,13,12.297500259167087,0.7024997408329128,13,12,false,2024,2024-06,macro_southerly_flow,13.183282828282827,0.18328282828282738,13,true,-0.5192169125500854,0.8857825691157402,1,true,false,false,true,0.18328282828282738,-0.7024997408329128,EXPERIMENT_ONLY
2024-06-28,20:00,test,2024,2024,13,13.326756825031303,0.3267568250313033,13,13,true,2024,2024-06,macro_non_southerly,13.202878787878788,0.2028787878787881,13,true,-0.12387803715251522,-0.12387803715251522,0,true,false,false,false,0.2028787878787881,0.3267568250313033,EXPERIMENT_ONLY
2024-06-28,21:00,test,2024,2024,13,13.726353117839858,0.7263531178398583,13,14,false,2024,2024-06,macro_non_southerly,13.202878787878788,0.2028787878787881,13,true,-0.5234743299610702,-0.5234743299610702,1,true,false,false,true,0.2028787878787881,0.7263531178398583,EXPERIMENT_ONLY
2024-06-28,22:00,test,2024,2024,13,14.33047049533672,1.3304704953367192,13,14,false,2024,2024-06,macro_non_southerly,13.202878787878788,0.2028787878787881,13,true,-1.1275917074579311,-1.1275917074579311,1,true,false,false,true,0.2028787878787881,1.3304704953367192,EXPERIMENT_ONLY
2024-06-28,23:00,test,2024,2024,13,14.601635839046226,1.6016358390462262,13,15,false,2024,2024-06,macro_non_southerly,13.202878787878788,0.2028787878787881,13,true,-1.398757051167438,-1.398757051167438,1,true,false,false,true,0.2028787878787881,1.6016358390462262,EXPERIMENT_ONLY
2024-06-29,20:00,test,2024,2024,14,13.814017725360406,0.18598227463959383,14,14,true,2024,2024-06,macro_non_southerly,13.596313131313131,0.40368686868686865,14,true,0.21770459404727482,-0.21770459404727482,0,false,true,false,false,-0.40368686868686865,-0.18598227463959383,EXPERIMENT_ONLY
2024-06-29,21:00,test,2024,2024,14,14.331336620034039,0.33133662003403863,14,14,true,2024,2024-06,macro_non_southerly,13.596313131313131,0.40368686868686865,14,true,0.07235024865283002,-0.7350234887209073,0,false,true,false,false,-0.40368686868686865,0.33133662003403863,EXPERIMENT_ONLY
2024-06-29,22:00,test,2024,2024,14,14.043837100731166,0.043837100731165535,14,14,true,2024,2024-06,macro_non_southerly,13.596313131313131,0.40368686868686865,14,true,0.3598497679557031,-0.4475239694180342,0,false,true,false,false,-0.40368686868686865,0.043837100731165535,EXPERIMENT_ONLY
2024-06-29,23:00,test,2024,2024,14,14.223415706585705,0.22341570658570475,14,14,true,2024,2024-06,macro_non_southerly,13.596313131313131,0.40368686868686865,14,true,0.1802711621011639,-0.6271025752725734,0,false,true,false,false,-0.40368686868686865,0.22341570658570475,EXPERIMENT_ONLY
2024-06-30,20:00,test,2024,2024,13,14.363350433639598,1.3633504336395976,13,14,false,2024,2024-06,macro_non_southerly,13.5910101010101,0.5910101010101005,14,false,-0.7723403326294971,-0.7723403326294971,0,true,false,false,false,0.5910101010101005,1.3633504336395976,EXPERIMENT_ONLY
2024-06-30,21:00,test,2024,2024,13,14.284965355763193,1.2849653557631928,13,14,false,2024,2024-06,macro_non_southerly,13.5910101010101,0.5910101010101005,14,false,-0.6939552547530923,-0.6939552547530923,0,true,false,false,false,0.5910101010101005,1.2849653557631928,EXPERIMENT_ONLY
2024-06-30,22:00,test,2024,2024,13,14.351174934917664,1.3511749349176636,13,14,false,2024,2024-06,macro_non_southerly,13.5910101010101,0.5910101010101005,14,false,-0.7601648339075631,-0.7601648339075631,0,true,false,false,false,0.5910101010101005,1.3511749349176636,EXPERIMENT_ONLY
2024-06-30,23:00,test,2024,2024,13,14.626324350389055,1.626324350389055,13,15,false,2024,2024-06,macro_non_southerly,13.5910101010101,0.5910101010101005,14,false,-1.0353142493789544,-1.0353142493789544,0,true,false,false,false,0.5910101010101005,1.626324350389055,EXPERIMENT_ONLY
2024-07-01,20:00,test,2024,2024,14,15.057999924515276,1.0579999245152756,14,15,false,2024,2024-07,macro_non_southerly,14.929747474747476,0.9297474747474759,15,false,-0.1282524497677997,-0.1282524497677997,0,true,false,false,false,0.9297474747474759,1.0579999245152756,EXPERIMENT_ONLY
2024-07-01,21:00,test,2024,2024,14,14.888282853536795,0.8882828535367953,14,15,false,2024,2024-07,macro_non_southerly,14.929747474747476,0.9297474747474759,15,false,0.04146462121068062,0.04146462121068062,0,false,true,false,false,0.9297474747474759,0.8882828535367953,EXPERIMENT_ONLY
2024-07-01,22:00,test,2024,2024,14,14.511231181696862,0.5112311816968624,14,15,false,2024,2024-07,macro_non_southerly,14.929747474747476,0.9297474747474759,15,false,0.41851629305061344,0.41851629305061344,0,false,true,false,false,0.9297474747474759,0.5112311816968624,EXPERIMENT_ONLY
2024-07-01,23:00,test,2024,2024,14,14.633593812219434,0.6335938122194342,14,15,false,2024,2024-07,macro_non_southerly,14.929747474747476,0.9297474747474759,15,false,0.29615366252804165,0.29615366252804165,0,false,true,false,false,0.9297474747474759,0.6335938122194342,EXPERIMENT_ONLY
2024-07-02,20:00,test,2024,2024,13,13.117650333295627,0.11765033329562691,13,13,true,2024,2024-07,macro_non_southerly,12.919444444444446,0.08055555555555394,13,true,-0.03709477774007297,-0.19820588885118084,0,true,false,false,false,-0.08055555555555394,0.11765033329562691,EXPERIMENT_ONLY
2024-07-02,21:00,test,2024,2024,13,12.861244273480526,0.13875572651947365,13,13,true,2024,2024-07,macro_non_southerly,12.919444444444446,0.08055555555555394,13,true,-0.05820017096391972,0.05820017096391972,0,true,false,false,false,-0.08055555555555394,-0.13875572651947365,EXPERIMENT_ONLY
2024-07-02,22:00,test,2024,2024,13,11.542993754750835,1.4570062452491648,13,12,false,2024,2024-07,macro_non_southerly,12.919444444444446,0.08055555555555394,13,true,-1.3764506896936108,1.3764506896936108,1,true,false,false,true,-0.08055555555555394,-1.4570062452491648,EXPERIMENT_ONLY
2024-07-02,23:00,test,2024,2024,13,11.546570816286357,1.4534291837136433,13,12,false,2024,2024-07,macro_non_southerly,12.919444444444446,0.08055555555555394,13,true,-1.3728736281580893,1.3728736281580893,1,true,false,false,true,-0.08055555555555394,-1.4534291837136433,EXPERIMENT_ONLY
2024-07-03,20:00,test,2024,2024,11,11.143184491047307,0.14318449104730746,11,11,true,2024,2024-07,macro_southerly_flow,10.653434343434343,0.34656565656565697,11,true,0.2033811655183495,-0.4897501476129644,0,false,true,false,false,-0.34656565656565697,0.14318449104730746,EXPERIMENT_ONLY
2024-07-03,21:00,test,2024,2024,11,11.376471011398625,0.3764710113986247,11,11,true,2024,2024-07,macro_southerly_flow,10.653434343434343,0.34656565656565697,11,true,-0.029905354832967745,-0.7230366679642817,0,true,false,false,false,-0.34656565656565697,0.3764710113986247,EXPERIMENT_ONLY
2024-07-03,22:00,test,2024,2024,11,10.987209328300827,0.012790671699173473,11,11,true,2024,2024-07,macro_southerly_flow,10.653434343434343,0.34656565656565697,11,true,0.3337749848664835,-0.3337749848664835,0,false,true,false,false,-0.34656565656565697,-0.012790671699173473,EXPERIMENT_ONLY
2024-07-03,23:00,test,2024,2024,11,11.13503042540809,0.13503042540808963,11,11,true,2024,2024-07,macro_southerly_flow,10.653434343434343,0.34656565656565697,11,true,0.21153523115756734,-0.4815960819737466,0,false,true,false,false,-0.34656565656565697,0.13503042540808963,EXPERIMENT_ONLY
2024-07-04,20:00,test,2024,2024,11,10.647823237639075,0.35217676236092466,11,11,true,2024,2024-07,macro_southerly_flow,10.592020202020203,0.407979797979797,11,true,0.05580303561887234,-0.05580303561887234,0,false,true,false,false,-0.407979797979797,-0.35217676236092466,EXPERIMENT_ONLY
2024-07-04,21:00,test,2024,2024,11,10.675585946103277,0.3244140538967226,11,11,true,2024,2024-07,macro_southerly_flow,10.592020202020203,0.407979797979797,11,true,0.08356574408307438,-0.08356574408307438,0,false,true,false,false,-0.407979797979797,-0.3244140538967226,EXPERIMENT_ONLY
2024-07-04,22:00,test,2024,2024,11,10.222872494920306,0.7771275050796937,11,10,false,2024,2024-07,macro_southerly_flow,10.592020202020203,0.407979797979797,11,true,-0.36914770709989675,0.36914770709989675,1,true,false,false,true,-0.407979797979797,-0.7771275050796937,EXPERIMENT_ONLY
2024-07-04,23:00,test,2024,2024,11,10.398026847436197,0.6019731525638026,11,10,false,2024,2024-07,macro_southerly_flow,10.592020202020203,0.407979797979797,11,true,-0.19399335458400557,0.19399335458400557,1,true,false,false,true,-0.407979797979797,-0.6019731525638026,EXPERIMENT_ONLY
2024-07-05,20:00,test,2024,2024,12,10.66458163772947,1.3354183622705307,12,11,false,2024,2024-07,macro_non_southerly,12.153181818181817,0.15318181818181742,12,true,-1.1822365440887133,1.488600180452348,1,true,false,false,true,0.15318181818181742,-1.3354183622705307,EXPERIMENT_ONLY
2024-07-05,21:00,test,2024,2024,12,11.203239130059828,0.7967608699401723,12,11,false,2024,2024-07,macro_non_southerly,12.153181818181817,0.15318181818181742,12,true,-0.6435790517583548,0.9499426881219897,1,true,false,false,true,0.15318181818181742,-0.7967608699401723,EXPERIMENT_ONLY
2024-07-05,22:00,test,2024,2024,12,11.889418847675095,0.11058115232490451,12,12,true,2024,2024-07,macro_non_southerly,12.153181818181817,0.15318181818181742,12,true,0.04260066585691291,0.2637629705067219,0,false,true,false,false,0.15318181818181742,-0.11058115232490451,EXPERIMENT_ONLY
2024-07-05,23:00,test,2024,2024,12,12.16077654033466,0.16077654033466082,12,12,true,2024,2024-07,macro_non_southerly,12.153181818181817,0.15318181818181742,12,true,-0.007594722152843403,-0.007594722152843403,0,true,false,false,false,0.15318181818181742,0.16077654033466082,EXPERIMENT_ONLY
2024-07-06,20:00,test,2024,2024,12,11.238938912765551,0.7610610872344488,12,11,false,2024,2024-07,macro_non_southerly,11.667979797979799,0.33202020202020144,12,true,-0.4290408852142473,0.4290408852142473,1,true,false,false,true,-0.33202020202020144,-0.7610610872344488,EXPERIMENT_ONLY
2024-07-06,21:00,test,2024,2024,12,11.784960487707103,0.21503951229289697,12,12,true,2024,2024-07,macro_non_southerly,11.667979797979799,0.33202020202020144,12,true,0.11698068972730447,-0.11698068972730447,0,false,true,false,false,-0.33202020202020144,-0.21503951229289697,EXPERIMENT_ONLY
2024-07-06,22:00,test,2024,2024,12,11.930033776385498,0.069966223614502,12,12,true,2024,2024-07,macro_non_southerly,11.667979797979799,0.33202020202020144,12,true,0.26205397840569944,-0.26205397840569944,0,false,true,false,false,-0.33202020202020144,-0.069966223614502,EXPERIMENT_ONLY
2024-07-06,23:00,test,2024,2024,12,12.175018568280349,0.17501856828034867,12,12,true,2024,2024-07,macro_non_southerly,11.667979797979799,0.33202020202020144,12,true,0.15700163373985276,-0.5070387703005501,0,false,true,false,false,-0.33202020202020144,0.17501856828034867,EXPERIMENT_ONLY
2024-07-07,20:00,test,2024,2024,13,12.597530954668297,0.4024690453317028,13,13,true,2024,2024-07,macro_non_southerly,13.511515151515152,0.5115151515151517,14,false,0.1090461061834489,0.9139841968468545,-1,false,true,true,false,0.5115151515151517,-0.4024690453317028,EXPERIMENT_ONLY
2024-07-07,21:00,test,2024,2024,13,12.792189403457469,0.2078105965425312,13,13,true,2024,2024-07,macro_non_southerly,13.511515151515152,0.5115151515151517,14,false,0.3037045549726205,0.7193257480576829,-1,false,true,true,false,0.5115151515151517,-0.2078105965425312,EXPERIMENT_ONLY
2024-07-07,22:00,test,2024,2024,13,12.766214782489106,0.23378521751089387,13,13,true,2024,2024-07,macro_non_southerly,13.511515151515152,0.5115151515151517,14,false,0.27772993400425783,0.7453003690260456,-1,false,true,true,false,0.5115151515151517,-0.23378521751089387,EXPERIMENT_ONLY
2024-07-07,23:00,test,2024,2024,13,13.005807508440682,0.005807508440682341,13,13,true,2024,2024-07,macro_non_southerly,13.511515151515152,0.5115151515151517,14,false,0.5057076430744694,0.5057076430744694,-1,false,true,true,false,0.5115151515151517,0.005807508440682341,EXPERIMENT_ONLY
2024-07-08,20:00,test,2024,2024,13,11.807124858415815,1.1928751415841852,13,12,false,2024,2024-07,macro_non_southerly,13.50979797979798,0.5097979797979804,14,false,-0.6830771617862048,1.7026731213821655,0,true,false,false,false,0.5097979797979804,-1.1928751415841852,EXPERIMENT_ONLY
2024-07-08,21:00,test,2024,2024,13,12.211228520354434,0.7887714796455665,13,12,false,2024,2024-07,macro_non_southerly,13.50979797979798,0.5097979797979804,14,false,-0.2789734998475861,1.2985694594435468,0,true,false,false,false,0.5097979797979804,-0.7887714796455665,EXPERIMENT_ONLY
2024-07-08,22:00,test,2024,2024,13,12.277519665926196,0.7224803340738042,13,12,false,2024,2024-07,macro_non_southerly,13.50979797979798,0.5097979797979804,14,false,-0.21268235427582383,1.2322783138717845,0,true,false,false,false,0.5097979797979804,-0.7224803340738042,EXPERIMENT_ONLY
2024-07-08,23:00,test,2024,2024,13,12.6228451913411,0.3771548086589007,13,13,true,2024,2024-07,macro_non_southerly,13.50979797979798,0.5097979797979804,14,false,0.13264317113907964,0.8869527884568811,-1,false,true,true,false,0.5097979797979804,-0.3771548086589007,EXPERIMENT_ONLY
2024-07-09,20:00,test,2024,2024,14,11.268461694652643,2.7315383053473568,14,11,false,2024,2024-07,macro_non_southerly,13.217222222222222,0.7827777777777776,13,false,-1.9487605275695792,1.9487605275695792,0,true,false,false,false,-0.7827777777777776,-2.7315383053473568,EXPERIMENT_ONLY
2024-07-09,21:00,test,2024,2024,14,11.569639097114212,2.4303609028857878,14,12,false,2024,2024-07,macro_non_southerly,13.217222222222222,0.7827777777777776,13,false,-1.6475831251080102,1.6475831251080102,0,true,false,false,false,-0.7827777777777776,-2.4303609028857878,EXPERIMENT_ONLY
2024-07-09,22:00,test,2024,2024,14,11.790295384853321,2.209704615146679,14,12,false,2024,2024-07,macro_non_southerly,13.217222222222222,0.7827777777777776,13,false,-1.4269268373689012,1.4269268373689012,0,true,false,false,false,-0.7827777777777776,-2.209704615146679,EXPERIMENT_ONLY
2024-07-09,23:00,test,2024,2024,14,12.172950527135063,1.8270494728649371,14,12,false,2024,2024-07,macro_non_southerly,13.217222222222222,0.7827777777777776,13,false,-1.0442716950871596,1.0442716950871596,0,true,false,false,false,-0.7827777777777776,-1.8270494728649371,EXPERIMENT_ONLY
2024-07-10,20:00,test,2024,2024,13,13.2199801645325,0.21998016453249924,13,13,true,2024,2024-07,macro_non_southerly,13.082474747474748,0.08247474747474826,13,true,-0.137505417057751,-0.137505417057751,0,true,false,false,false,0.08247474747474826,0.21998016453249924,EXPERIMENT_ONLY
2024-07-10,21:00,test,2024,2024,13,13.302188941780276,0.3021889417802761,13,13,true,2024,2024-07,macro_non_southerly,13.082474747474748,0.08247474747474826,13,true,-0.21971419430552785,-0.21971419430552785,0,true,false,false,false,0.08247474747474826,0.3021889417802761,EXPERIMENT_ONLY
2024-07-10,22:00,test,2024,2024,13,13.356498201334297,0.356498201334297,13,13,true,2024,2024-07,macro_non_southerly,13.082474747474748,0.08247474747474826,13,true,-0.27402345385954874,-0.27402345385954874,0,true,false,false,false,0.08247474747474826,0.356498201334297,EXPERIMENT_ONLY
2024-07-10,23:00,test,2024,2024,13,13.587289931370913,0.587289931370913,13,14,false,2024,2024-07,macro_non_southerly,13.082474747474748,0.08247474747474826,13,true,-0.5048151838961648,-0.5048151838961648,1,true,false,false,true,0.08247474747474826,0.587289931370913,EXPERIMENT_ONLY
2024-07-11,20:00,test,2024,2024,13,12.186472764775083,0.8135272352249174,13,12,false,2024,2024-07,macro_southerly_flow,12.466919191919192,0.5330808080808076,12,false,-0.28044642714410983,0.28044642714410983,0,true,false,false,false,-0.5330808080808076,-0.8135272352249174,EXPERIMENT_ONLY
2024-07-11,21:00,test,2024,2024,13,12.095019866153882,0.9049801338461183,13,12,false,2024,2024-07,macro_southerly_flow,12.466919191919192,0.5330808080808076,12,false,-0.3718993257653107,0.3718993257653107,0,true,false,false,false,-0.5330808080808076,-0.9049801338461183,EXPERIMENT_ONLY
2024-07-11,22:00,test,2024,2024,13,11.915699793311195,1.0843002066888054,13,12,false,2024,2024-07,macro_southerly_flow,12.466919191919192,0.5330808080808076,12,false,-0.5512193986079978,0.5512193986079978,0,true,false,false,false,-0.5330808080808076,-1.0843002066888054,EXPERIMENT_ONLY
2024-07-11,23:00,test,2024,2024,13,12.158850953059437,0.8411490469405631,13,12,false,2024,2024-07,macro_southerly_flow,12.466919191919192,0.5330808080808076,12,false,-0.30806823885975554,0.30806823885975554,0,true,false,false,false,-0.5330808080808076,-0.8411490469405631,EXPERIMENT_ONLY
2024-07-12,20:00,test,2024,2024,10,10.779761726322807,0.7797617263228069,10,11,false,2024,2024-07,macro_southerly_flow,10.551969696969698,0.5519696969696977,11,false,-0.22779202935310927,-0.22779202935310927,0,true,false,false,false,0.5519696969696977,0.7797617263228069,EXPERIMENT_ONLY
2024-07-12,21:00,test,2024,2024,10,10.774819688628837,0.7748196886288365,10,11,false,2024,2024-07,macro_southerly_flow,10.551969696969698,0.5519696969696977,11,false,-0.22284999165913888,-0.22284999165913888,0,true,false,false,false,0.5519696969696977,0.7748196886288365,EXPERIMENT_ONLY
2024-07-12,22:00,test,2024,2024,10,10.252104207669875,0.2521042076698752,10,10,true,2024,2024-07,macro_southerly_flow,10.551969696969698,0.5519696969696977,11,false,0.2998654892998225,0.2998654892998225,-1,false,true,true,false,0.5519696969696977,0.2521042076698752,EXPERIMENT_ONLY
2024-07-12,23:00,test,2024,2024,10,10.335134518201581,0.33513451820158124,10,10,true,2024,2024-07,macro_southerly_flow,10.551969696969698,0.5519696969696977,11,false,0.21683517876811642,0.21683517876811642,-1,false,true,true,false,0.5519696969696977,0.33513451820158124,EXPERIMENT_ONLY
2024-07-13,20:00,test,2024,2024,12,11.436869662828679,0.5631303371713212,12,11,false,2024,2024-07,macro_southerly_flow,13.120959595959595,1.1209595959595955,13,false,0.5578292587882743,1.6840899331309167,0,false,true,false,false,1.1209595959595955,-0.5631303371713212,EXPERIMENT_ONLY
2024-07-13,21:00,test,2024,2024,12,11.626867131790435,0.3731328682095647,12,12,true,2024,2024-07,macro_southerly_flow,13.120959595959595,1.1209595959595955,13,false,0.7478267277500308,1.4940924641691602,-1,false,true,true,false,1.1209595959595955,-0.3731328682095647,EXPERIMENT_ONLY
2024-07-13,22:00,test,2024,2024,12,11.602449315907064,0.3975506840929359,12,12,true,2024,2024-07,macro_southerly_flow,13.120959595959595,1.1209595959595955,13,false,0.7234089118666596,1.5185102800525314,-1,false,true,true,false,1.1209595959595955,-0.3975506840929359,EXPERIMENT_ONLY
2024-07-13,23:00,test,2024,2024,12,11.877489655155172,0.12251034484482837,12,12,true,2024,2024-07,macro_southerly_flow,13.120959595959595,1.1209595959595955,13,false,0.9984492511147671,1.2434699408044239,-1,false,true,true,false,1.1209595959595955,-0.12251034484482837,EXPERIMENT_ONLY
2024-07-14,20:00,test,2024,2024,13,11.375459471321836,1.624540528678164,13,11,false,2024,2024-07,macro_southerly_flow,13.31080808080808,0.31080808080808,13,true,-1.313732447870084,1.935348609486244,1,true,false,false,true,0.31080808080808,-1.624540528678164,EXPERIMENT_ONLY
2024-07-14,21:00,test,2024,2024,13,11.841802522520068,1.1581974774799324,13,12,false,2024,2024-07,macro_southerly_flow,13.31080808080808,0.31080808080808,13,true,-0.8473893966718524,1.4690055582880124,1,true,false,false,true,0.31080808080808,-1.1581974774799324,EXPERIMENT_ONLY
2024-07-14,22:00,test,2024,2024,13,11.79670719891909,1.2032928010809094,13,12,false,2024,2024-07,macro_southerly_flow,13.31080808080808,0.31080808080808,13,true,-0.8924847202728294,1.5141008818889894,1,true,false,false,true,0.31080808080808,-1.2032928010809094,EXPERIMENT_ONLY
2024-07-14,23:00,test,2024,2024,13,12.898893835683763,0.10110616431623676,13,13,true,2024,2024-07,macro_non_southerly,13.31080808080808,0.31080808080808,13,true,0.20970191649184322,0.41191424512431674,0,false,true,false,false,0.31080808080808,-0.10110616431623676,EXPERIMENT_ONLY
2024-07-15,20:00,test,2024,2024,13,12.908480595284656,0.09151940471534381,13,13,true,2024,2024-07,macro_non_southerly,14.248232323232324,1.2482323232323242,14,false,1.1567129185169804,1.339751727947668,-1,false,true,true,false,1.2482323232323242,-0.09151940471534381,EXPERIMENT_ONLY
2024-07-15,21:00,test,2024,2024,13,13.173840446439497,0.17384044643949714,13,13,true,2024,2024-07,macro_non_southerly,14.248232323232324,1.2482323232323242,14,false,1.074391876792827,1.074391876792827,-1,false,true,true,false,1.2482323232323242,0.17384044643949714,EXPERIMENT_ONLY
2024-07-15,22:00,test,2024,2024,13,13.73234871358966,0.7323487135896602,13,14,false,2024,2024-07,macro_non_southerly,14.248232323232324,1.2482323232323242,14,false,0.515883609642664,0.515883609642664,0,false,true,false,false,1.2482323232323242,0.7323487135896602,EXPERIMENT_ONLY
2024-07-15,23:00,test,2024,2024,13,14.28533745098668,1.2853374509866793,13,14,false,2024,2024-07,macro_non_southerly,14.248232323232324,1.2482323232323242,14,false,-0.03710512775435504,-0.03710512775435504,0,true,false,false,false,1.2482323232323242,1.2853374509866793,EXPERIMENT_ONLY
2024-07-16,20:00,test,2024,2024,14,14.827669273778891,0.8276692737788913,14,15,false,2024,2024-07,macro_non_southerly,14.57838383838384,0.5783838383838393,15,false,-0.249285435395052,-0.249285435395052,0,true,false,false,false,0.5783838383838393,0.8276692737788913,EXPERIMENT_ONLY
2024-07-16,21:00,test,2024,2024,14,14.823827651196,0.8238276511959999,14,15,false,2024,2024-07,macro_non_southerly,14.57838383838384,0.5783838383838393,15,false,-0.24544381281216054,-0.24544381281216054,0,true,false,false,false,0.5783838383838393,0.8238276511959999,EXPERIMENT_ONLY
2024-07-16,22:00,test,2024,2024,14,14.386315505790716,0.3863155057907157,14,14,true,2024,2024-07,macro_non_southerly,14.57838383838384,0.5783838383838393,15,false,0.19206833259312361,0.19206833259312361,-1,false,true,true,false,0.5783838383838393,0.3863155057907157,EXPERIMENT_ONLY
2024-07-16,23:00,test,2024,2024,14,14.597723731247024,0.597723731247024,14,15,false,2024,2024-07,macro_non_southerly,14.57838383838384,0.5783838383838393,15,false,-0.019339892863184716,-0.019339892863184716,0,true,false,false,false,0.5783838383838393,0.597723731247024,EXPERIMENT_ONLY
2024-07-17,20:00,test,2024,2024,13,14.962144164471272,1.9621441644712725,13,15,false,2024,2024-07,macro_non_southerly,14.09590909090909,1.0959090909090907,14,false,-0.8662350735621818,-0.8662350735621818,0,true,false,false,false,1.0959090909090907,1.9621441644712725,EXPERIMENT_ONLY
2024-07-17,21:00,test,2024,2024,13,14.835451577604688,1.8354515776046885,13,15,false,2024,2024-07,macro_non_southerly,14.09590909090909,1.0959090909090907,14,false,-0.7395424866955977,-0.7395424866955977,0,true,false,false,false,1.0959090909090907,1.8354515776046885,EXPERIMENT_ONLY
2024-07-17,22:00,test,2024,2024,13,14.570676480349817,1.5706764803498174,13,15,false,2024,2024-07,macro_non_southerly,14.09590909090909,1.0959090909090907,14,false,-0.4747673894407267,-0.4747673894407267,0,true,false,false,false,1.0959090909090907,1.5706764803498174,EXPERIMENT_ONLY
2024-07-17,23:00,test,2024,2024,13,14.784799152025917,1.7847991520259168,13,15,false,2024,2024-07,macro_non_southerly,14.09590909090909,1.0959090909090907,14,false,-0.688890061116826,-0.688890061116826,0,true,false,false,false,1.0959090909090907,1.7847991520259168,EXPERIMENT_ONLY
2024-07-18,20:00,test,2024,2024,13,14.155539899050211,1.1555398990502113,13,14,false,2024,2024-07,macro_non_southerly,13.968030303030304,0.9680303030303037,14,false,-0.18750959601990758,-0.18750959601990758,0,true,false,false,false,0.9680303030303037,1.1555398990502113,EXPERIMENT_ONLY
2024-07-18,21:00,test,2024,2024,13,14.21317161902732,1.2131716190273192,13,14,false,2024,2024-07,macro_non_southerly,13.968030303030304,0.9680303030303037,14,false,-0.2451413159970155,-0.2451413159970155,0,true,false,false,false,0.9680303030303037,1.2131716190273192,EXPERIMENT_ONLY
2024-07-18,22:00,test,2024,2024,13,13.985485099548892,0.9854850995488924,13,14,false,2024,2024-07,macro_non_southerly,13.968030303030304,0.9680303030303037,14,false,-0.017454796518588722,-0.017454796518588722,0,true,false,false,false,0.9680303030303037,0.9854850995488924,EXPERIMENT_ONLY
2024-07-18,23:00,test,2024,2024,13,12.846585561259428,0.15341443874057248,13,13,true,2024,2024-07,macro_southerly_flow,13.968030303030304,0.9680303030303037,14,false,0.8146158642897312,1.1214447417708762,-1,false,true,true,false,0.9680303030303037,-0.15341443874057248,EXPERIMENT_ONLY
2024-07-19,20:00,test,2024,2024,13,13.337821771036138,0.337821771036138,13,13,true,2024,2024-07,macro_non_southerly,15.025303030303029,2.0253030303030286,15,false,1.6874812592668906,1.6874812592668906,-1,false,true,true,false,2.0253030303030286,0.337821771036138,EXPERIMENT_ONLY
2024-07-19,21:00,test,2024,2024,13,13.638893221722412,0.6388932217224124,13,14,false,2024,2024-07,macro_non_southerly,15.025303030303029,2.0253030303030286,15,false,1.3864098085806162,1.3864098085806162,0,false,true,false,false,2.0253030303030286,0.6388932217224124,EXPERIMENT_ONLY
2024-07-19,22:00,test,2024,2024,13,13.801712021364358,0.8017120213643576,13,14,false,2024,2024-07,macro_non_southerly,15.025303030303029,2.0253030303030286,15,false,1.223591008938671,1.223591008938671,0,false,true,false,false,2.0253030303030286,0.8017120213643576,EXPERIMENT_ONLY
2024-07-19,23:00,test,2024,2024,13,14.07773889584788,1.0777388958478795,13,14,false,2024,2024-07,macro_non_southerly,15.025303030303029,2.0253030303030286,15,false,0.9475641344551491,0.9475641344551491,0,false,true,false,false,2.0253030303030286,1.0777388958478795,EXPERIMENT_ONLY
2024-07-20,20:00,test,2024,2024,13,13.979184539964344,0.9791845399643435,13,14,false,2024,2024-07,macro_non_southerly,12.82050505050505,0.17949494949495026,13,true,-0.7996895904693933,-1.1586794894592938,1,true,false,false,true,-0.17949494949495026,0.9791845399643435,EXPERIMENT_ONLY
2024-07-20,21:00,test,2024,2024,13,14.010802771366272,1.0108027713662722,13,14,false,2024,2024-07,macro_non_southerly,12.82050505050505,0.17949494949495026,13,true,-0.8313078218713219,-1.1902977208612224,1,true,false,false,true,-0.17949494949495026,1.0108027713662722,EXPERIMENT_ONLY
2024-07-20,22:00,test,2024,2024,13,13.591714050942228,0.5917140509422278,13,14,false,2024,2024-07,macro_non_southerly,12.82050505050505,0.17949494949495026,13,true,-0.4122191014472776,-0.7712090004371781,1,true,false,false,true,-0.17949494949495026,0.5917140509422278,EXPERIMENT_ONLY
2024-07-20,23:00,test,2024,2024,13,13.637153319213882,0.6371533192138816,13,14,false,2024,2024-07,macro_non_southerly,12.82050505050505,0.17949494949495026,13,true,-0.45765836971893137,-0.8166482687088319,1,true,false,false,true,-0.17949494949495026,0.6371533192138816,EXPERIMENT_ONLY
2024-07-21,20:00,test,2024,2024,14,13.028760537105876,0.9712394628941237,14,13,false,2024,2024-07,macro_non_southerly,13.399242424242424,0.6007575757575765,13,false,-0.37048188713654717,0.37048188713654717,0,true,false,false,false,-0.6007575757575765,-0.9712394628941237,EXPERIMENT_ONLY
2024-07-21,21:00,test,2024,2024,14,13.364806469989324,0.6351935300106764,14,13,false,2024,2024-07,macro_non_southerly,13.399242424242424,0.6007575757575765,13,false,-0.034435954253099865,0.034435954253099865,0,true,false,false,false,-0.6007575757575765,-0.6351935300106764,EXPERIMENT_ONLY
2024-07-21,22:00,test,2024,2024,14,13.648208576352564,0.35179142364743576,14,14,true,2024,2024-07,macro_non_southerly,13.399242424242424,0.6007575757575765,13,false,0.24896615211014073,-0.24896615211014073,-1,false,true,true,false,-0.6007575757575765,-0.35179142364743576,EXPERIMENT_ONLY
2024-07-21,23:00,test,2024,2024,14,14.025832510081022,0.025832510081022164,14,14,true,2024,2024-07,macro_non_southerly,13.399242424242424,0.6007575757575765,13,false,0.5749250656765543,-0.6265900858385987,-1,false,true,true,false,-0.6007575757575765,0.025832510081022164,EXPERIMENT_ONLY
2024-07-22,20:00,test,2024,2024,12,12.05857446091161,0.05857446091160945,12,12,true,2024,2024-07,macro_southerly_flow,11.441111111111113,0.5588888888888874,11,false,0.500314427977278,-0.6174633498004969,-1,false,true,true,false,-0.5588888888888874,0.05857446091160945,EXPERIMENT_ONLY
2024-07-22,21:00,test,2024,2024,12,12.084017022847863,0.08401702284786339,12,12,true,2024,2024-07,macro_southerly_flow,11.441111111111113,0.5588888888888874,11,false,0.47487186604102405,-0.6429059117367508,-1,false,true,true,false,-0.5588888888888874,0.08401702284786339,EXPERIMENT_ONLY
2024-07-22,22:00,test,2024,2024,12,11.354149945909466,0.6458500540905341,12,11,false,2024,2024-07,macro_southerly_flow,11.441111111111113,0.5588888888888874,11,false,-0.08696116520164665,0.08696116520164665,0,true,false,false,false,-0.5588888888888874,-0.6458500540905341,EXPERIMENT_ONLY
2024-07-22,23:00,test,2024,2024,12,11.393985635677872,0.6060143643221281,12,11,false,2024,2024-07,macro_southerly_flow,11.441111111111113,0.5588888888888874,11,false,-0.04712547543324064,0.04712547543324064,0,true,false,false,false,-0.5588888888888874,-0.6060143643221281,EXPERIMENT_ONLY
2024-07-23,20:00,test,2024,2024,12,11.744818806957712,0.25518119304228826,12,12,true,2024,2024-07,macro_southerly_flow,11.805050505050506,0.1949494949494941,12,true,-0.06023169809279416,0.06023169809279416,0,true,false,false,false,-0.1949494949494941,-0.25518119304228826,EXPERIMENT_ONLY
2024-07-23,21:00,test,2024,2024,12,11.870180165779106,0.1298198342208945,12,12,true,2024,2024-07,macro_southerly_flow,11.805050505050506,0.1949494949494941,12,true,0.0651296607285996,-0.0651296607285996,0,false,true,false,false,-0.1949494949494941,-0.1298198342208945,EXPERIMENT_ONLY
2024-07-23,22:00,test,2024,2024,12,11.569375916038982,0.4306240839610176,12,12,true,2024,2024-07,macro_southerly_flow,11.805050505050506,0.1949494949494941,12,true,-0.2356745890115235,0.2356745890115235,0,true,false,false,false,-0.1949494949494941,-0.4306240839610176,EXPERIMENT_ONLY
2024-07-23,23:00,test,2024,2024,12,11.850153344883461,0.14984665511653894,12,12,true,2024,2024-07,macro_southerly_flow,11.805050505050506,0.1949494949494941,12,true,0.045102839832955155,-0.045102839832955155,0,false,true,false,false,-0.1949494949494941,-0.14984665511653894,EXPERIMENT_ONLY
2024-07-24,20:00,test,2024,2024,13,11.235481465675845,1.7645185343241554,13,11,false,2024,2024-07,macro_southerly_flow,13.353484848484849,0.3534848484848485,13,true,-1.4110336858393069,2.118003382809004,1,true,false,false,true,0.3534848484848485,-1.7645185343241554,EXPERIMENT_ONLY
2024-07-24,21:00,test,2024,2024,13,11.807274562956698,1.1927254370433023,13,12,false,2024,2024-07,macro_southerly_flow,13.353484848484849,0.3534848484848485,13,true,-0.8392405885584537,1.5462102855281508,1,true,false,false,true,0.3534848484848485,-1.1927254370433023,EXPERIMENT_ONLY
2024-07-24,22:00,test,2024,2024,13,13.117008037527748,0.11700803752774824,13,13,true,2024,2024-07,macro_non_southerly,13.353484848484849,0.3534848484848485,13,true,0.23647681095710027,0.23647681095710027,0,false,true,false,false,0.3534848484848485,0.11700803752774824,EXPERIMENT_ONLY
2024-07-24,23:00,test,2024,2024,13,13.533784826660453,0.5337848266604528,13,14,false,2024,2024-07,macro_non_southerly,13.353484848484849,0.3534848484848485,13,true,-0.18029997817560428,-0.18029997817560428,1,true,false,false,true,0.3534848484848485,0.5337848266604528,EXPERIMENT_ONLY
2024-07-25,20:00,test,2024,2024,15,13.654786323369764,1.3452136766302356,15,14,false,2024,2024-07,macro_non_southerly,14.473131313131313,0.5268686868686867,14,false,-0.8183449897615489,0.8183449897615489,0,true,false,false,false,-0.5268686868686867,-1.3452136766302356,EXPERIMENT_ONLY
2024-07-25,21:00,test,2024,2024,15,13.717279583538522,1.282720416461478,15,14,false,2024,2024-07,macro_non_southerly,14.473131313131313,0.5268686868686867,14,false,-0.7558517295927913,0.7558517295927913,0,true,false,false,false,-0.5268686868686867,-1.282720416461478,EXPERIMENT_ONLY
2024-07-25,22:00,test,2024,2024,15,13.678457297270295,1.3215427027297046,15,14,false,2024,2024-07,macro_non_southerly,14.473131313131313,0.5268686868686867,14,false,-0.7946740158610179,0.7946740158610179,0,true,false,false,false,-0.5268686868686867,-1.3215427027297046,EXPERIMENT_ONLY
2024-07-25,23:00,test,2024,2024,15,13.922494967517645,1.077505032482355,15,14,false,2024,2024-07,macro_non_southerly,14.473131313131313,0.5268686868686867,14,false,-0.5506363456136683,0.5506363456136683,0,true,false,false,false,-0.5268686868686867,-1.077505032482355,EXPERIMENT_ONLY
2024-07-26,20:00,test,2024,2024,14,14.595514332451767,0.5955143324517671,14,15,false,2024,2024-07,macro_non_southerly,14.109141414141416,0.10914141414141554,14,true,-0.48637291831035157,-0.48637291831035157,1,true,false,false,true,0.10914141414141554,0.5955143324517671,EXPERIMENT_ONLY
2024-07-26,21:00,test,2024,2024,14,14.585709093545258,0.5857090935452582,14,15,false,2024,2024-07,macro_non_southerly,14.109141414141416,0.10914141414141554,14,true,-0.4765676794038427,-0.4765676794038427,1,true,false,false,true,0.10914141414141554,0.5857090935452582,EXPERIMENT_ONLY
2024-07-26,22:00,test,2024,2024,14,14.279844010676367,0.2798440106763671,14,14,true,2024,2024-07,macro_non_southerly,14.109141414141416,0.10914141414141554,14,true,-0.17070259653495157,-0.17070259653495157,0,true,false,false,false,0.10914141414141554,0.2798440106763671,EXPERIMENT_ONLY
2024-07-26,23:00,test,2024,2024,14,14.316849011032733,0.31684901103273333,14,14,true,2024,2024-07,macro_non_southerly,14.109141414141416,0.10914141414141554,14,true,-0.2077075968913178,-0.2077075968913178,0,true,false,false,false,0.10914141414141554,0.31684901103273333,EXPERIMENT_ONLY
2024-07-27,20:00,test,2024,2024,16,15.348657153793473,0.6513428462065267,16,15,false,2024,2024-07,macro_non_southerly,14.666212121212121,1.333787878787879,15,false,0.6824450325813523,-0.6824450325813523,0,false,true,false,false,-1.333787878787879,-0.6513428462065267,EXPERIMENT_ONLY
2024-07-27,21:00,test,2024,2024,16,15.411285685731395,0.5887143142686053,16,15,false,2024,2024-07,macro_non_southerly,14.666212121212121,1.333787878787879,15,false,0.7450735645192736,-0.7450735645192736,0,false,true,false,false,-1.333787878787879,-0.5887143142686053,EXPERIMENT_ONLY
2024-07-27,22:00,test,2024,2024,16,15.128838471133886,0.8711615288661143,16,15,false,2024,2024-07,macro_non_southerly,14.666212121212121,1.333787878787879,15,false,0.46262634992176466,-0.46262634992176466,0,false,true,false,false,-1.333787878787879,-0.8711615288661143,EXPERIMENT_ONLY
2024-07-27,23:00,test,2024,2024,16,15.434062452355397,0.5659375476446034,16,15,false,2024,2024-07,macro_non_southerly,14.666212121212121,1.333787878787879,15,false,0.7678503311432756,-0.7678503311432756,0,false,true,false,false,-1.333787878787879,-0.5659375476446034,EXPERIMENT_ONLY
2024-07-28,20:00,test,2024,2024,14,16.014943542738738,2.014943542738738,14,16,false,2024,2024-07,macro_non_southerly,14.473585858585858,0.47358585858585833,14,true,-1.5413576841528798,-1.5413576841528798,1,true,false,false,true,0.47358585858585833,2.014943542738738,EXPERIMENT_ONLY
2024-07-28,21:00,test,2024,2024,14,15.966770084479782,1.9667700844797817,14,16,false,2024,2024-07,macro_non_southerly,14.473585858585858,0.47358585858585833,14,true,-1.4931842258939234,-1.4931842258939234,1,true,false,false,true,0.47358585858585833,1.9667700844797817,EXPERIMENT_ONLY
2024-07-28,22:00,test,2024,2024,14,15.692026433550037,1.692026433550037,14,16,false,2024,2024-07,macro_non_southerly,14.473585858585858,0.47358585858585833,14,true,-1.2184405749641787,-1.2184405749641787,1,true,false,false,true,0.47358585858585833,1.692026433550037,EXPERIMENT_ONLY
2024-07-28,23:00,test,2024,2024,14,15.802074095242155,1.8020740952421548,14,16,false,2024,2024-07,macro_non_southerly,14.473585858585858,0.47358585858585833,14,true,-1.3284882366562965,-1.3284882366562965,1,true,false,false,true,0.47358585858585833,1.8020740952421548,EXPERIMENT_ONLY
2024-07-29,20:00,test,2024,2024,15,15.287541310064993,0.2875413100649933,15,15,true,2024,2024-07,macro_non_southerly,14.439494949494948,0.5605050505050517,14,false,0.27296374044005844,-0.848046360570045,-1,false,true,true,false,-0.5605050505050517,0.2875413100649933,EXPERIMENT_ONLY
2024-07-29,21:00,test,2024,2024,15,15.285646866101708,0.28564686610170753,15,15,true,2024,2024-07,macro_non_southerly,14.439494949494948,0.5605050505050517,14,false,0.2748581844033442,-0.8461519166067593,-1,false,true,true,false,-0.5605050505050517,0.28564686610170753,EXPERIMENT_ONLY
2024-07-29,22:00,test,2024,2024,15,14.456655363561728,0.5433446364382721,15,14,false,2024,2024-07,macro_non_southerly,14.439494949494948,0.5605050505050517,14,false,0.017160414066779595,-0.017160414066779595,0,false,true,false,false,-0.5605050505050517,-0.5433446364382721,EXPERIMENT_ONLY
2024-07-29,23:00,test,2024,2024,15,14.48632021510143,0.5136797848985708,15,14,false,2024,2024-07,macro_non_southerly,14.439494949494948,0.5605050505050517,14,false,0.046825265606480926,-0.046825265606480926,0,false,true,false,false,-0.5605050505050517,-0.5136797848985708,EXPERIMENT_ONLY
2024-07-30,20:00,test,2024,2024,14,14.564009559364582,0.5640095593645817,14,15,false,2024,2024-07,macro_non_southerly,14.103939393939395,0.10393939393939533,14,true,-0.4600701654251864,-0.4600701654251864,1,true,false,false,true,0.10393939393939533,0.5640095593645817,EXPERIMENT_ONLY
2024-07-30,21:00,test,2024,2024,14,14.181638959375373,0.18163895937537333,14,14,true,2024,2024-07,macro_non_southerly,14.103939393939395,0.10393939393939533,14,true,-0.077699565435978,-0.077699565435978,0,true,false,false,false,0.10393939393939533,0.18163895937537333,EXPERIMENT_ONLY
2024-07-30,22:00,test,2024,2024,14,13.033123309216371,0.9668766907836286,14,13,false,2024,2024-07,macro_non_southerly,14.103939393939395,0.10393939393939533,14,true,-0.8629372968442333,1.070816084723024,1,true,false,false,true,0.10393939393939533,-0.9668766907836286,EXPERIMENT_ONLY
2024-07-30,23:00,test,2024,2024,14,12.877014784302608,1.1229852156973923,14,13,false,2024,2024-07,macro_non_southerly,14.103939393939395,0.10393939393939533,14,true,-1.019045821757997,1.2269246096367876,1,true,false,false,true,0.10393939393939533,-1.1229852156973923,EXPERIMENT_ONLY
2024-07-31,20:00,test,2024,2024,10,10.745303836011907,0.7453038360119066,10,11,false,2024,2024-07,macro_southerly_flow,10.647070707070707,0.6470707070707071,11,false,-0.09823312894119951,-0.09823312894119951,0,true,false,false,false,0.6470707070707071,0.7453038360119066,EXPERIMENT_ONLY
2024-07-31,21:00,test,2024,2024,10,10.910072586516643,0.9100725865166428,10,11,false,2024,2024-07,macro_southerly_flow,10.647070707070707,0.6470707070707071,11,false,-0.26300187944593567,-0.26300187944593567,0,true,false,false,false,0.6470707070707071,0.9100725865166428,EXPERIMENT_ONLY
2024-07-31,22:00,test,2024,2024,10,10.350984353085494,0.3509843530854937,10,10,true,2024,2024-07,macro_southerly_flow,10.647070707070707,0.6470707070707071,11,false,0.29608635398521344,0.29608635398521344,-1,false,true,true,false,0.6470707070707071,0.3509843530854937,EXPERIMENT_ONLY
2024-07-31,23:00,test,2024,2024,10,10.359605815071255,0.3596058150712551,10,10,true,2024,2024-07,macro_southerly_flow,10.647070707070707,0.6470707070707071,11,false,0.287464891999452,0.287464891999452,-1,false,true,true,false,0.6470707070707071,0.3596058150712551,EXPERIMENT_ONLY
2024-08-01,20:00,test,2024,2024,9,10.038825748292009,1.038825748292009,9,10,false,2024,2024-08,macro_southerly_flow,9.88040404040404,0.8804040404040396,10,false,-0.15842170788796928,-0.15842170788796928,0,true,false,false,false,0.8804040404040396,1.038825748292009,EXPERIMENT_ONLY
2024-08-01,21:00,test,2024,2024,9,9.99885881791192,0.9988588179119198,9,10,false,2024,2024-08,macro_southerly_flow,9.88040404040404,0.8804040404040396,10,false,-0.11845477750788014,-0.11845477750788014,0,true,false,false,false,0.8804040404040396,0.9988588179119198,EXPERIMENT_ONLY
2024-08-01,22:00,test,2024,2024,9,9.395506671001824,0.395506671001824,9,9,true,2024,2024-08,macro_southerly_flow,9.88040404040404,0.8804040404040396,10,false,0.4848973694022156,0.4848973694022156,-1,false,true,true,false,0.8804040404040396,0.395506671001824,EXPERIMENT_ONLY
2024-08-01,23:00,test,2024,2024,9,9.54653378876588,0.5465337887658794,9,10,false,2024,2024-08,macro_southerly_flow,9.88040404040404,0.8804040404040396,10,false,0.3338702516381602,0.3338702516381602,0,false,true,false,false,0.8804040404040396,0.5465337887658794,EXPERIMENT_ONLY
2024-08-02,20:00,test,2024,2024,10,10.204676763235822,0.20467676323582218,10,10,true,2024,2024-08,macro_southerly_flow,9.852777777777778,0.14722222222222214,10,true,-0.057454541013600036,-0.3518989854580443,0,true,false,false,false,-0.14722222222222214,0.20467676323582218,EXPERIMENT_ONLY
2024-08-02,21:00,test,2024,2024,10,10.193805462192659,0.1938054621926586,10,10,true,2024,2024-08,macro_southerly_flow,9.852777777777778,0.14722222222222214,10,true,-0.04658323997043645,-0.34102768441488074,0,true,false,false,false,-0.14722222222222214,0.1938054621926586,EXPERIMENT_ONLY
2024-08-02,22:00,test,2024,2024,10,9.855177464195062,0.14482253580493776,10,10,true,2024,2024-08,macro_southerly_flow,9.852777777777778,0.14722222222222214,10,true,0.0023996864172843857,-0.0023996864172843857,0,false,true,false,false,-0.14722222222222214,-0.14482253580493776,EXPERIMENT_ONLY
2024-08-02,23:00,test,2024,2024,10,9.965203554276787,0.034796445723213054,10,10,true,2024,2024-08,macro_southerly_flow,9.852777777777778,0.14722222222222214,10,true,0.11242577649900909,-0.11242577649900909,0,false,true,false,false,-0.14722222222222214,-0.034796445723213054,EXPERIMENT_ONLY
2024-08-03,20:00,test,2024,2024,11,10.478795932772751,0.5212040672272487,11,10,false,2024,2024-08,macro_southerly_flow,11.148282828282827,0.14828282828282724,11,true,-0.3729212389444214,0.6694868955100759,1,true,false,false,true,0.14828282828282724,-0.5212040672272487,EXPERIMENT_ONLY
2024-08-03,21:00,test,2024,2024,11,10.42837130458067,0.5716286954193297,11,10,false,2024,2024-08,macro_southerly_flow,11.148282828282827,0.14828282828282724,11,true,-0.42334586713650246,0.7199115237021569,1,true,false,false,true,0.14828282828282724,-0.5716286954193297,EXPERIMENT_ONLY
2024-08-03,22:00,test,2024,2024,11,9.53686890844123,1.46313109155877,11,10,false,2024,2024-08,macro_southerly_flow,11.148282828282827,0.14828282828282724,11,true,-1.3148482632759428,1.6114139198415973,1,true,false,false,true,0.14828282828282724,-1.46313109155877,EXPERIMENT_ONLY
2024-08-03,23:00,test,2024,2024,11,10.43207410000575,0.5679258999942505,11,10,false,2024,2024-08,macro_non_southerly,11.148282828282827,0.14828282828282724,11,true,-0.41964307171142323,0.7162087282770777,1,true,false,false,true,0.14828282828282724,-0.5679258999942505,EXPERIMENT_ONLY
2024-08-04,20:00,test,2024,2024,12,11.106047861712028,0.8939521382879718,12,11,false,2024,2024-08,macro_non_southerly,11.538989898989898,0.46101010101010154,12,true,-0.4329420372778703,0.4329420372778703,1,true,false,false,true,-0.46101010101010154,-0.8939521382879718,EXPERIMENT_ONLY
2024-08-04,21:00,test,2024,2024,12,11.783186479067705,0.21681352093229478,12,12,true,2024,2024-08,macro_non_southerly,11.538989898989898,0.46101010101010154,12,true,0.24419658007780676,-0.24419658007780676,0,false,true,false,false,-0.46101010101010154,-0.21681352093229478,EXPERIMENT_ONLY
2024-08-04,22:00,test,2024,2024,12,11.85842598350981,0.14157401649019086,12,12,true,2024,2024-08,macro_non_southerly,11.538989898989898,0.46101010101010154,12,true,0.3194360845199107,-0.3194360845199107,0,false,true,false,false,-0.46101010101010154,-0.14157401649019086,EXPERIMENT_ONLY
2024-08-04,23:00,test,2024,2024,12,11.921477016601147,0.07852298339885344,12,12,true,2024,2024-08,macro_non_southerly,11.538989898989898,0.46101010101010154,12,true,0.3824871176112481,-0.3824871176112481,0,false,true,false,false,-0.46101010101010154,-0.07852298339885344,EXPERIMENT_ONLY
2024-08-05,20:00,test,2024,2024,12,11.319304979801595,0.6806950201984048,12,11,false,2024,2024-08,macro_non_southerly,12.18459595959596,0.18459595959595987,12,true,-0.4960990606024449,0.8652909797943646,1,true,false,false,true,0.18459595959595987,-0.6806950201984048,EXPERIMENT_ONLY
2024-08-05,21:00,test,2024,2024,12,11.58193248317798,0.4180675168220205,12,12,true,2024,2024-08,macro_non_southerly,12.18459595959596,0.18459595959595987,12,true,-0.2334715572260606,0.6026634764179803,0,true,false,false,false,0.18459595959595987,-0.4180675168220205,EXPERIMENT_ONLY
2024-08-05,22:00,test,2024,2024,12,11.833312697228262,0.16668730277173793,12,12,true,2024,2024-08,macro_non_southerly,12.18459595959596,0.18459595959595987,12,true,0.017908656824221936,0.3512832623676978,0,false,true,false,false,0.18459595959595987,-0.16668730277173793,EXPERIMENT_ONLY
2024-08-05,23:00,test,2024,2024,12,12.069723368724093,0.0697233687240928,12,12,true,2024,2024-08,macro_non_southerly,12.18459595959596,0.18459595959595987,12,true,0.11487259087186708,0.11487259087186708,0,false,true,false,false,0.18459595959595987,0.0697233687240928,EXPERIMENT_ONLY
2024-08-06,20:00,test,2024,2024,14,12.605173314786123,1.3948266852138769,14,13,false,2024,2024-08,macro_non_southerly,13.603434343434344,0.3965656565656559,14,true,-0.998261028648221,0.998261028648221,1,true,false,false,true,-0.3965656565656559,-1.3948266852138769,EXPERIMENT_ONLY
2024-08-06,21:00,test,2024,2024,14,12.971907334262147,1.0280926657378533,14,13,false,2024,2024-08,macro_non_southerly,13.603434343434344,0.3965656565656559,14,true,-0.6315270091721974,0.6315270091721974,1,true,false,false,true,-0.3965656565656559,-1.0280926657378533,EXPERIMENT_ONLY
2024-08-06,22:00,test,2024,2024,14,13.024824118782867,0.9751758812171332,14,13,false,2024,2024-08,macro_non_southerly,13.603434343434344,0.3965656565656559,14,true,-0.5786102246514773,0.5786102246514773,1,true,false,false,true,-0.3965656565656559,-0.9751758812171332,EXPERIMENT_ONLY
2024-08-06,23:00,test,2024,2024,14,13.09404102141383,0.9059589785861704,14,13,false,2024,2024-08,macro_non_southerly,13.603434343434344,0.3965656565656559,14,true,-0.5093933220205145,0.5093933220205145,1,true,false,false,true,-0.3965656565656559,-0.9059589785861704,EXPERIMENT_ONLY
2024-08-07,20:00,test,2024,2024,14,13.879313509055507,0.12068649094449313,14,14,true,2024,2024-08,macro_non_southerly,13.73939393939394,0.26060606060605984,14,true,0.1399195696615667,-0.1399195696615667,0,false,true,false,false,-0.26060606060605984,-0.12068649094449313,EXPERIMENT_ONLY
2024-08-07,21:00,test,2024,2024,14,14.069468863322648,0.06946886332264768,14,14,true,2024,2024-08,macro_non_southerly,13.73939393939394,0.26060606060605984,14,true,0.19113719728341216,-0.3300749239287075,0,false,true,false,false,-0.26060606060605984,0.06946886332264768,EXPERIMENT_ONLY
2024-08-07,22:00,test,2024,2024,14,14.184858413516128,0.1848584135161282,14,14,true,2024,2024-08,macro_non_southerly,13.73939393939394,0.26060606060605984,14,true,0.07574764708993165,-0.44546447412218804,0,false,true,false,false,-0.26060606060605984,0.1848584135161282,EXPERIMENT_ONLY
2024-08-07,23:00,test,2024,2024,14,14.351319478113925,0.3513194781139255,14,14,true,2024,2024-08,macro_non_southerly,13.73939393939394,0.26060606060605984,14,true,-0.09071341750786566,-0.6119255387199853,0,true,false,false,false,-0.26060606060605984,0.3513194781139255,EXPERIMENT_ONLY
2024-08-08,20:00,test,2024,2024,12,13.268159682558364,1.2681596825583643,12,13,false,2024,2024-08,macro_non_southerly,12.943484848484848,0.9434848484848484,13,false,-0.32467483407351594,-0.32467483407351594,0,true,false,false,false,0.9434848484848484,1.2681596825583643,EXPERIMENT_ONLY
2024-08-08,21:00,test,2024,2024,12,13.01387567320677,1.0138756732067709,12,13,false,2024,2024-08,macro_non_southerly,12.943484848484848,0.9434848484848484,13,false,-0.07039082472192248,-0.07039082472192248,0,true,false,false,false,0.9434848484848484,1.0138756732067709,EXPERIMENT_ONLY
2024-08-08,22:00,test,2024,2024,12,12.751773681922574,0.7517736819225735,12,13,false,2024,2024-08,macro_non_southerly,12.943484848484848,0.9434848484848484,13,false,0.19171116656227483,0.19171116656227483,0,false,true,false,false,0.9434848484848484,0.7517736819225735,EXPERIMENT_ONLY
2024-08-08,23:00,test,2024,2024,12,12.852950288194993,0.8529502881949931,12,13,false,2024,2024-08,macro_non_southerly,12.943484848484848,0.9434848484848484,13,false,0.09053456028985529,0.09053456028985529,0,false,true,false,false,0.9434848484848484,0.8529502881949931,EXPERIMENT_ONLY
2024-08-09,20:00,test,2024,2024,11,11.669516284528067,0.6695162845280667,11,12,false,2024,2024-08,macro_southerly_flow,11.396969696969697,0.39696969696969653,11,true,-0.27254658755837013,-0.27254658755837013,1,true,false,false,true,0.39696969696969653,0.6695162845280667,EXPERIMENT_ONLY
2024-08-09,21:00,test,2024,2024,11,11.624651267033434,0.6246512670334337,11,12,false,2024,2024-08,macro_southerly_flow,11.396969696969697,0.39696969696969653,11,true,-0.22768157006373713,-0.22768157006373713,1,true,false,false,true,0.39696969696969653,0.6246512670334337,EXPERIMENT_ONLY
2024-08-09,22:00,test,2024,2024,11,11.127937886707473,0.12793788670747297,11,11,true,2024,2024-08,macro_southerly_flow,11.396969696969697,0.39696969696969653,11,true,0.26903181026222356,0.26903181026222356,0,false,true,false,false,0.39696969696969653,0.12793788670747297,EXPERIMENT_ONLY
2024-08-09,23:00,test,2024,2024,11,11.235095431991013,0.23509543199101302,11,11,true,2024,2024-08,macro_southerly_flow,11.396969696969697,0.39696969696969653,11,true,0.1618742649786835,0.1618742649786835,0,false,true,false,false,0.39696969696969653,0.23509543199101302,EXPERIMENT_ONLY
2024-08-10,20:00,test,2024,2024,13,12.057006282904917,0.9429937170950833,13,12,false,2024,2024-08,macro_southerly_flow,13.136969696969697,0.13696969696969674,13,true,-0.8060240201253865,1.07996341406478,1,true,false,false,true,0.13696969696969674,-0.9429937170950833,EXPERIMENT_ONLY
2024-08-10,21:00,test,2024,2024,13,12.185203376371573,0.8147966236284265,13,12,false,2024,2024-08,macro_southerly_flow,13.136969696969697,0.13696969696969674,13,true,-0.6778269266587298,0.9517663205981233,1,true,false,false,true,0.13696969696969674,-0.8147966236284265,EXPERIMENT_ONLY
2024-08-10,22:00,test,2024,2024,13,11.940348683170201,1.0596513168297985,13,12,false,2024,2024-08,macro_southerly_flow,13.136969696969697,0.13696969696969674,13,true,-0.9226816198601018,1.1966210137994953,1,true,false,false,true,0.13696969696969674,-1.0596513168297985,EXPERIMENT_ONLY
2024-08-10,23:00,test,2024,2024,13,11.916237276009575,1.083762723990425,13,12,false,2024,2024-08,macro_southerly_flow,13.136969696969697,0.13696969696969674,13,true,-0.9467930270207283,1.2207324209601218,1,true,false,false,true,0.13696969696969674,-1.083762723990425,EXPERIMENT_ONLY
2024-08-11,20:00,test,2024,2024,14,13.871833157911592,0.12816684208840812,14,14,true,2024,2024-08,macro_non_southerly,13.217525252525252,0.7824747474747475,13,false,0.6543079053863394,-0.6543079053863394,-1,false,true,true,false,-0.7824747474747475,-0.12816684208840812,EXPERIMENT_ONLY
2024-08-11,21:00,test,2024,2024,14,13.963543710901801,0.03645628909819898,14,14,true,2024,2024-08,macro_non_southerly,13.217525252525252,0.7824747474747475,13,false,0.7460184583765486,-0.7460184583765486,-1,false,true,true,false,-0.7824747474747475,-0.03645628909819898,EXPERIMENT_ONLY
2024-08-11,22:00,test,2024,2024,14,14.016583704102784,0.01658370410278387,14,14,true,2024,2024-08,macro_non_southerly,13.217525252525252,0.7824747474747475,13,false,0.7658910433719637,-0.7990584515775314,-1,false,true,true,false,-0.7824747474747475,0.01658370410278387,EXPERIMENT_ONLY
2024-08-11,23:00,test,2024,2024,14,14.424013708339672,0.4240137083396718,14,14,true,2024,2024-08,macro_non_southerly,13.217525252525252,0.7824747474747475,13,false,0.35846103913507577,-1.2064884558144193,-1,false,true,true,false,-0.7824747474747475,0.4240137083396718,EXPERIMENT_ONLY
2024-08-12,20:00,test,2024,2024,17,14.783798918634663,2.2162010813653374,17,15,false,2024,2024-08,macro_non_southerly,15.721969696969696,1.2780303030303042,16,false,-0.9381707783350333,0.9381707783350333,0,true,false,false,false,-1.2780303030303042,-2.2162010813653374,EXPERIMENT_ONLY
2024-08-12,21:00,test,2024,2024,17,14.956943996993598,2.043056003006402,17,15,false,2024,2024-08,macro_non_southerly,15.721969696969696,1.2780303030303042,16,false,-0.765025699976098,0.765025699976098,0,true,false,false,false,-1.2780303030303042,-2.043056003006402,EXPERIMENT_ONLY
2024-08-12,22:00,test,2024,2024,17,15.198910179921016,1.8010898200789835,17,15,false,2024,2024-08,macro_non_southerly,15.721969696969696,1.2780303030303042,16,false,-0.5230595170486794,0.5230595170486794,0,true,false,false,false,-1.2780303030303042,-1.8010898200789835,EXPERIMENT_ONLY
2024-08-12,23:00,test,2024,2024,17,15.439713480218867,1.5602865197811333,17,15,false,2024,2024-08,macro_non_southerly,15.721969696969696,1.2780303030303042,16,false,-0.2822562167508291,0.2822562167508291,0,true,false,false,false,-1.2780303030303042,-1.5602865197811333,EXPERIMENT_ONLY
2024-08-13,20:00,test,2024,2024,11,11.315150865994474,0.3151508659944735,11,11,true,2024,2024-08,macro_southerly_flow,11.206414141414141,0.20641414141414138,11,true,-0.10873672458033212,-0.10873672458033212,0,true,false,false,false,0.20641414141414138,0.3151508659944735,EXPERIMENT_ONLY
2024-08-13,21:00,test,2024,2024,11,11.44927722281032,0.4492772228103199,11,11,true,2024,2024-08,macro_southerly_flow,11.206414141414141,0.20641414141414138,11,true,-0.24286308139617852,-0.24286308139617852,0,true,false,false,false,0.20641414141414138,0.4492772228103199,EXPERIMENT_ONLY
2024-08-13,22:00,test,2024,2024,11,11.084242002742652,0.08424200274265203,11,11,true,2024,2024-08,macro_southerly_flow,11.206414141414141,0.20641414141414138,11,true,0.12217213867148935,0.12217213867148935,0,false,true,false,false,0.20641414141414138,0.08424200274265203,EXPERIMENT_ONLY
2024-08-13,23:00,test,2024,2024,11,11.299216217435744,0.29921621743574356,11,11,true,2024,2024-08,macro_southerly_flow,11.206414141414141,0.20641414141414138,11,true,-0.09280207602160218,-0.09280207602160218,0,true,false,false,false,0.20641414141414138,0.29921621743574356,EXPERIMENT_ONLY
2024-08-14,20:00,test,2024,2024,12,12.674490502603565,0.6744905026035646,12,13,false,2024,2024-08,macro_non_southerly,13.263888888888888,1.2638888888888875,13,false,0.5893983862853229,0.5893983862853229,0,false,true,false,false,1.2638888888888875,0.6744905026035646,EXPERIMENT_ONLY
2024-08-14,21:00,test,2024,2024,12,12.976341610584262,0.9763416105842619,12,13,false,2024,2024-08,macro_non_southerly,13.263888888888888,1.2638888888888875,13,false,0.28754727830462556,0.28754727830462556,0,false,true,false,false,1.2638888888888875,0.9763416105842619,EXPERIMENT_ONLY
2024-08-14,22:00,test,2024,2024,12,13.102152211314987,1.102152211314987,12,13,false,2024,2024-08,macro_non_southerly,13.263888888888888,1.2638888888888875,13,false,0.16173667757390042,0.16173667757390042,0,false,true,false,false,1.2638888888888875,1.102152211314987,EXPERIMENT_ONLY
2024-08-14,23:00,test,2024,2024,12,13.23003892232946,1.2300389223294594,12,13,false,2024,2024-08,macro_non_southerly,13.263888888888888,1.2638888888888875,13,false,0.03384996655942807,0.03384996655942807,0,false,true,false,false,1.2638888888888875,1.2300389223294594,EXPERIMENT_ONLY
2024-08-15,20:00,test,2024,2024,15,14.502115720883353,0.4978842791166471,15,15,true,2024,2024-08,macro_non_southerly,14.115757575757574,0.8842424242424265,14,false,0.3863581451257794,-0.3863581451257794,-1,false,true,true,false,-0.8842424242424265,-0.4978842791166471,EXPERIMENT_ONLY
2024-08-15,21:00,test,2024,2024,15,14.557762799148557,0.4422372008514426,15,15,true,2024,2024-08,macro_non_southerly,14.115757575757574,0.8842424242424265,14,false,0.4420052233909839,-0.4420052233909839,-1,false,true,true,false,-0.8842424242424265,-0.4422372008514426,EXPERIMENT_ONLY
2024-08-15,22:00,test,2024,2024,15,14.384248239334088,0.615751760665912,15,14,false,2024,2024-08,macro_non_southerly,14.115757575757574,0.8842424242424265,14,false,0.2684906635765145,-0.2684906635765145,0,false,true,false,false,-0.8842424242424265,-0.615751760665912,EXPERIMENT_ONLY
2024-08-15,23:00,test,2024,2024,15,14.538900571021534,0.461099428978466,15,15,true,2024,2024-08,macro_non_southerly,14.115757575757574,0.8842424242424265,14,false,0.4231429952639605,-0.4231429952639605,-1,false,true,true,false,-0.8842424242424265,-0.461099428978466,EXPERIMENT_ONLY
2024-08-16,20:00,test,2024,2024,16,16.331153904683976,0.3311539046839762,16,16,true,2024,2024-08,macro_non_southerly,15.253888888888888,0.7461111111111123,15,false,0.41495720642713607,-1.0772650157950885,-1,false,true,true,false,-0.7461111111111123,0.3311539046839762,EXPERIMENT_ONLY
2024-08-16,21:00,test,2024,2024,16,16.498018215337588,0.49801821533758783,16,16,true,2024,2024-08,macro_non_southerly,15.253888888888888,0.7461111111111123,15,false,0.24809289577352445,-1.2441293264487001,-1,false,true,true,false,-0.7461111111111123,0.49801821533758783,EXPERIMENT_ONLY
2024-08-16,22:00,test,2024,2024,16,16.32894658774516,0.32894658774516117,16,16,true,2024,2024-08,macro_non_southerly,15.253888888888888,0.7461111111111123,15,false,0.4171645233659511,-1.0750576988562734,-1,false,true,true,false,-0.7461111111111123,0.32894658774516117,EXPERIMENT_ONLY
2024-08-16,23:00,test,2024,2024,16,16.435783495195967,0.4357834951959667,16,16,true,2024,2024-08,macro_non_southerly,15.253888888888888,0.7461111111111123,15,false,0.31032761591514557,-1.181894606307079,-1,false,true,true,false,-0.7461111111111123,0.4357834951959667,EXPERIMENT_ONLY
2024-08-17,20:00,test,2024,2024,15,16.208518374627026,1.208518374627026,15,16,false,2024,2024-08,macro_non_southerly,14.94040404040404,0.05959595959595987,15,true,-1.1489224150310662,-1.268114334222986,1,true,false,false,true,-0.05959595959595987,1.208518374627026,EXPERIMENT_ONLY
2024-08-17,21:00,test,2024,2024,15,16.301651394373014,1.301651394373014,15,16,false,2024,2024-08,macro_non_southerly,14.94040404040404,0.05959595959595987,15,true,-1.242055434777054,-1.3612473539689738,1,true,false,false,true,-0.05959595959595987,1.301651394373014,EXPERIMENT_ONLY
2024-08-17,22:00,test,2024,2024,15,16.121651568593393,1.1216515685933928,15,16,false,2024,2024-08,macro_non_southerly,14.94040404040404,0.05959595959595987,15,true,-1.062055608997433,-1.1812475281893526,1,true,false,false,true,-0.05959595959595987,1.1216515685933928,EXPERIMENT_ONLY
2024-08-17,23:00,test,2024,2024,15,16.30035594064038,1.3003559406403795,15,16,false,2024,2024-08,macro_non_southerly,14.94040404040404,0.05959595959595987,15,true,-1.2407599810444196,-1.3599519002363394,1,true,false,false,true,-0.05959595959595987,1.3003559406403795,EXPERIMENT_ONLY
2024-08-18,20:00,test,2024,2024,15,14.504577090603588,0.495422909396412,15,15,true,2024,2024-08,macro_non_southerly,15.00121212121212,0.0012121212121201097,15,true,-0.49421078818429187,0.4966350306085321,0,true,false,false,false,0.0012121212121201097,-0.495422909396412,EXPERIMENT_ONLY
2024-08-18,21:00,test,2024,2024,15,14.423277976435909,0.5767220235640913,15,14,false,2024,2024-08,macro_non_southerly,15.00121212121212,0.0012121212121201097,15,true,-0.5755099023519712,0.5779341447762114,1,true,false,false,true,0.0012121212121201097,-0.5767220235640913,EXPERIMENT_ONLY
2024-08-18,22:00,test,2024,2024,15,14.025684280788894,0.9743157192111056,15,14,false,2024,2024-08,macro_non_southerly,15.00121212121212,0.0012121212121201097,15,true,-0.9731035979989855,0.9755278404232257,1,true,false,false,true,0.0012121212121201097,-0.9743157192111056,EXPERIMENT_ONLY
2024-08-18,23:00,test,2024,2024,15,14.375173030610545,0.6248269693894546,15,14,false,2024,2024-08,macro_non_southerly,15.00121212121212,0.0012121212121201097,15,true,-0.6236148481773345,0.6260390906015747,1,true,false,false,true,0.0012121212121201097,-0.6248269693894546,EXPERIMENT_ONLY
2024-08-19,20:00,test,2024,2024,13,9.637648912437554,3.3623510875624465,13,10,false,2024,2024-08,macro_southerly_flow,11.536666666666667,1.463333333333333,12,false,-1.8990177542291136,1.8990177542291136,0,true,false,false,false,-1.463333333333333,-3.3623510875624465,EXPERIMENT_ONLY
2024-08-19,21:00,test,2024,2024,13,10.719340222215282,2.2806597777847184,13,11,false,2024,2024-08,macro_non_southerly,11.536666666666667,1.463333333333333,12,false,-0.8173264444513855,0.8173264444513855,0,true,false,false,false,-1.463333333333333,-2.2806597777847184,EXPERIMENT_ONLY
2024-08-19,22:00,test,2024,2024,13,10.098131581565719,2.9018684184342813,13,10,false,2024,2024-08,macro_non_southerly,11.536666666666667,1.463333333333333,12,false,-1.4385350851009484,1.4385350851009484,0,true,false,false,false,-1.463333333333333,-2.9018684184342813,EXPERIMENT_ONLY
2024-08-19,23:00,test,2024,2024,13,10.03280763558765,2.96719236441235,13,10,false,2024,2024-08,macro_non_southerly,11.536666666666667,1.463333333333333,12,false,-1.503859031079017,1.503859031079017,0,true,false,false,false,-1.463333333333333,-2.96719236441235,EXPERIMENT_ONLY
2024-08-20,20:00,test,2024,2024,11,10.162262126303993,0.8377378736960068,11,10,false,2024,2024-08,macro_non_southerly,10.5,0.5,11,true,-0.33773787369600683,0.33773787369600683,1,true,false,false,true,-0.5,-0.8377378736960068,EXPERIMENT_ONLY
2024-08-20,21:00,test,2024,2024,11,10.225542261207613,0.7744577387923872,11,10,false,2024,2024-08,macro_non_southerly,10.5,0.5,11,true,-0.2744577387923872,0.2744577387923872,1,true,false,false,true,-0.5,-0.7744577387923872,EXPERIMENT_ONLY
2024-08-20,22:00,test,2024,2024,11,10.04989854316964,0.9501014568303603,11,10,false,2024,2024-08,macro_non_southerly,10.5,0.5,11,true,-0.4501014568303603,0.4501014568303603,1,true,false,false,true,-0.5,-0.9501014568303603,EXPERIMENT_ONLY
2024-08-20,23:00,test,2024,2024,11,10.465138782194828,0.5348612178051724,11,10,false,2024,2024-08,macro_non_southerly,10.5,0.5,11,true,-0.03486121780517237,0.03486121780517237,1,true,false,false,true,-0.5,-0.5348612178051724,EXPERIMENT_ONLY
2024-08-21,20:00,test,2024,2024,13,12.609961850938497,0.39003814906150325,13,13,true,2024,2024-08,macro_non_southerly,13.154444444444444,0.15444444444444372,13,true,-0.23559370461705953,0.544482593505947,0,true,false,false,false,0.15444444444444372,-0.39003814906150325,EXPERIMENT_ONLY
2024-08-21,21:00,test,2024,2024,13,13.143081694435176,0.1430816944351765,13,13,true,2024,2024-08,macro_non_southerly,13.154444444444444,0.15444444444444372,13,true,0.01136275000926723,0.01136275000926723,0,false,true,false,false,0.15444444444444372,0.1430816944351765,EXPERIMENT_ONLY
2024-08-21,22:00,test,2024,2024,13,13.499484619289115,0.4994846192891149,13,13,true,2024,2024-08,macro_non_southerly,13.154444444444444,0.15444444444444372,13,true,-0.3450401748446712,-0.3450401748446712,0,true,false,false,false,0.15444444444444372,0.4994846192891149,EXPERIMENT_ONLY
2024-08-21,23:00,test,2024,2024,13,13.628357317051254,0.628357317051254,13,14,false,2024,2024-08,macro_non_southerly,13.154444444444444,0.15444444444444372,13,true,-0.47391287260681025,-0.47391287260681025,1,true,false,false,true,0.15444444444444372,0.628357317051254,EXPERIMENT_ONLY
2024-08-22,20:00,test,2024,2024,14,14.445123415942273,0.4451234159422732,14,14,true,2024,2024-08,macro_non_southerly,14.051868686868687,0.051868686868687064,14,true,-0.39325472907358616,-0.39325472907358616,0,true,false,false,false,0.051868686868687064,0.4451234159422732,EXPERIMENT_ONLY
2024-08-22,21:00,test,2024,2024,14,14.595416763900593,0.5954167639005927,14,15,false,2024,2024-08,macro_non_southerly,14.051868686868687,0.051868686868687064,14,true,-0.5435480770319057,-0.5435480770319057,1,true,false,false,true,0.051868686868687064,0.5954167639005927,EXPERIMENT_ONLY
2024-08-22,22:00,test,2024,2024,14,14.431140097899686,0.43114009789968577,14,14,true,2024,2024-08,macro_non_southerly,14.051868686868687,0.051868686868687064,14,true,-0.3792714110309987,-0.3792714110309987,0,true,false,false,false,0.051868686868687064,0.43114009789968577,EXPERIMENT_ONLY
2024-08-22,23:00,test,2024,2024,14,14.558029275550004,0.5580292755500036,14,15,false,2024,2024-08,macro_non_southerly,14.051868686868687,0.051868686868687064,14,true,-0.5061605886813165,-0.5061605886813165,1,true,false,false,true,0.051868686868687064,0.5580292755500036,EXPERIMENT_ONLY
2024-08-23,20:00,test,2024,2024,14,15.761799777778014,1.7617997777780143,14,16,false,2024,2024-08,macro_non_southerly,14.588282828282829,0.5882828282828285,15,false,-1.1735169494951858,-1.1735169494951858,0,true,false,false,false,0.5882828282828285,1.7617997777780143,EXPERIMENT_ONLY
2024-08-23,21:00,test,2024,2024,14,15.824974108573116,1.824974108573116,14,16,false,2024,2024-08,macro_non_southerly,14.588282828282829,0.5882828282828285,15,false,-1.2366912802902874,-1.2366912802902874,0,true,false,false,false,0.5882828282828285,1.824974108573116,EXPERIMENT_ONLY
2024-08-23,22:00,test,2024,2024,14,15.50483632971024,1.5048363297102405,14,16,false,2024,2024-08,macro_non_southerly,14.588282828282829,0.5882828282828285,15,false,-0.916553501427412,-0.916553501427412,0,true,false,false,false,0.5882828282828285,1.5048363297102405,EXPERIMENT_ONLY
2024-08-23,23:00,test,2024,2024,14,15.68401231534811,1.6840123153481095,14,16,false,2024,2024-08,macro_non_southerly,14.588282828282829,0.5882828282828285,15,false,-1.095729487065281,-1.095729487065281,0,true,false,false,false,0.5882828282828285,1.6840123153481095,EXPERIMENT_ONLY
2024-08-24,20:00,test,2024,2024,16,15.269460319728168,0.730539680271832,16,15,false,2024,2024-08,macro_non_southerly,15.366515151515154,0.6334848484848461,15,false,-0.09705483178698593,0.09705483178698593,0,true,false,false,false,-0.6334848484848461,-0.730539680271832,EXPERIMENT_ONLY
2024-08-24,21:00,test,2024,2024,16,15.333016189612149,0.6669838103878512,16,15,false,2024,2024-08,macro_non_southerly,15.366515151515154,0.6334848484848461,15,false,-0.03349896190300505,0.03349896190300505,0,true,false,false,false,-0.6334848484848461,-0.6669838103878512,EXPERIMENT_ONLY
2024-08-24,22:00,test,2024,2024,16,15.31082749186374,0.6891725081362594,16,15,false,2024,2024-08,macro_non_southerly,15.366515151515154,0.6334848484848461,15,false,-0.05568765965141331,0.05568765965141331,0,true,false,false,false,-0.6334848484848461,-0.6891725081362594,EXPERIMENT_ONLY
2024-08-24,23:00,test,2024,2024,16,15.516348211251216,0.4836517887487837,16,16,true,2024,2024-08,macro_non_southerly,15.366515151515154,0.6334848484848461,15,false,0.14983305973606242,-0.14983305973606242,-1,false,true,true,false,-0.6334848484848461,-0.4836517887487837,EXPERIMENT_ONLY
2024-08-25,20:00,test,2024,2024,15,16.174643105513763,1.1746431055137627,15,16,false,2024,2024-08,macro_non_southerly,14.83419191919192,0.1658080808080804,15,true,-1.0088350247056823,-1.3404511863218431,1,true,false,false,true,-0.1658080808080804,1.1746431055137627,EXPERIMENT_ONLY
2024-08-25,21:00,test,2024,2024,15,16.263751937675657,1.2637519376756572,15,16,false,2024,2024-08,macro_non_southerly,14.83419191919192,0.1658080808080804,15,true,-1.0979438568675768,-1.4295600184837376,1,true,false,false,true,-0.1658080808080804,1.2637519376756572,EXPERIMENT_ONLY
2024-08-25,22:00,test,2024,2024,15,16.121811010913824,1.1218110109138237,15,16,false,2024,2024-08,macro_non_southerly,14.83419191919192,0.1658080808080804,15,true,-0.9560029301057433,-1.2876190917219041,1,true,false,false,true,-0.1658080808080804,1.1218110109138237,EXPERIMENT_ONLY
2024-08-25,23:00,test,2024,2024,15,16.395514481426435,1.395514481426435,15,16,false,2024,2024-08,macro_non_southerly,14.83419191919192,0.1658080808080804,15,true,-1.2297064006183547,-1.5613225622345155,1,true,false,false,true,-0.1658080808080804,1.395514481426435,EXPERIMENT_ONLY
2024-08-26,20:00,test,2024,2024,15,15.599240249205003,0.5992402492050033,15,16,false,2024,2024-08,macro_non_southerly,14.193484848484848,0.8065151515151516,14,false,0.20727490231014833,-1.405755400720155,0,false,true,false,false,-0.8065151515151516,0.5992402492050033,EXPERIMENT_ONLY
2024-08-26,21:00,test,2024,2024,15,15.44997440091903,0.4499744009190305,15,15,true,2024,2024-08,macro_non_southerly,14.193484848484848,0.8065151515151516,14,false,0.3565407505961211,-1.2564895524341821,-1,false,true,true,false,-0.8065151515151516,0.4499744009190305,EXPERIMENT_ONLY
2024-08-26,22:00,test,2024,2024,15,14.548830245634372,0.4511697543656279,15,15,true,2024,2024-08,macro_non_southerly,14.193484848484848,0.8065151515151516,14,false,0.35534539714952373,-0.35534539714952373,-1,false,true,true,false,-0.8065151515151516,-0.4511697543656279,EXPERIMENT_ONLY
2024-08-26,23:00,test,2024,2024,15,14.290223540685632,0.7097764593143676,15,14,false,2024,2024-08,macro_non_southerly,14.193484848484848,0.8065151515151516,14,false,0.09673869220078402,-0.09673869220078402,0,false,true,false,false,-0.8065151515151516,-0.7097764593143676,EXPERIMENT_ONLY
2024-08-27,20:00,test,2024,2024,15,16.08875810548747,1.0887581054874715,15,16,false,2024,2024-08,macro_non_southerly,15.153232323232322,0.15323232323232183,15,true,-0.9355257822551497,-0.9355257822551497,1,true,false,false,true,0.15323232323232183,1.0887581054874715,EXPERIMENT_ONLY
2024-08-27,21:00,test,2024,2024,15,16.104123413763492,1.1041234137634923,15,16,false,2024,2024-08,macro_non_southerly,15.153232323232322,0.15323232323232183,15,true,-0.9508910905311705,-0.9508910905311705,1,true,false,false,true,0.15323232323232183,1.1041234137634923,EXPERIMENT_ONLY
2024-08-27,22:00,test,2024,2024,15,15.463812144233248,0.46381214423324835,15,15,true,2024,2024-08,macro_non_southerly,15.153232323232322,0.15323232323232183,15,true,-0.3105798210009265,-0.3105798210009265,0,true,false,false,false,0.15323232323232183,0.46381214423324835,EXPERIMENT_ONLY
2024-08-27,23:00,test,2024,2024,15,15.52929865018891,0.5292986501889096,15,16,false,2024,2024-08,macro_non_southerly,15.153232323232322,0.15323232323232183,15,true,-0.3760663269565878,-0.3760663269565878,1,true,false,false,true,0.15323232323232183,0.5292986501889096,EXPERIMENT_ONLY
2024-08-28,20:00,test,2024,2024,16,15.472485563301081,0.5275144366989188,16,15,false,2024,2024-08,macro_non_southerly,15.313181818181818,0.6868181818181824,15,false,0.1593037451192636,-0.1593037451192636,0,false,true,false,false,-0.6868181818181824,-0.5275144366989188,EXPERIMENT_ONLY
2024-08-28,21:00,test,2024,2024,16,15.685310594826836,0.3146894051731639,16,16,true,2024,2024-08,macro_non_southerly,15.313181818181818,0.6868181818181824,15,false,0.37212877664501853,-0.37212877664501853,-1,false,true,true,false,-0.6868181818181824,-0.3146894051731639,EXPERIMENT_ONLY
2024-08-28,22:00,test,2024,2024,16,15.314542031477169,0.6854579685228313,16,15,false,2024,2024-08,macro_non_southerly,15.313181818181818,0.6868181818181824,15,false,0.001360213295351187,-0.001360213295351187,0,false,true,false,false,-0.6868181818181824,-0.6854579685228313,EXPERIMENT_ONLY
2024-08-28,23:00,test,2024,2024,16,15.922980521019717,0.07701947898028294,16,16,true,2024,2024-08,macro_non_southerly,15.313181818181818,0.6868181818181824,15,false,0.6097987028378995,-0.6097987028378995,-1,false,true,true,false,-0.6868181818181824,-0.07701947898028294,EXPERIMENT_ONLY
2024-08-29,20:00,test,2024,2024,16,16.167039055943473,0.1670390559434729,16,16,true,2024,2024-08,macro_non_southerly,15.720909090909089,0.27909090909091105,16,true,0.11205185314743815,-0.44612996503438396,0,false,true,false,false,-0.27909090909091105,0.1670390559434729,EXPERIMENT_ONLY
2024-08-29,21:00,test,2024,2024,16,16.235606146073486,0.2356061460734864,16,16,true,2024,2024-08,macro_non_southerly,15.720909090909089,0.27909090909091105,16,true,0.043484763017424655,-0.5146970551643975,0,false,true,false,false,-0.27909090909091105,0.2356061460734864,EXPERIMENT_ONLY
2024-08-29,22:00,test,2024,2024,16,16.020158364318814,0.020158364318813682,16,16,true,2024,2024-08,macro_non_southerly,15.720909090909089,0.27909090909091105,16,true,0.2589325447720974,-0.29924927340972474,0,false,true,false,false,-0.27909090909091105,0.020158364318813682,EXPERIMENT_ONLY
2024-08-29,23:00,test,2024,2024,16,16.028017082930756,0.028017082930755777,16,16,true,2024,2024-08,macro_non_southerly,15.720909090909089,0.27909090909091105,16,true,0.2510738261601553,-0.30710799202166683,0,false,true,false,false,-0.27909090909091105,0.028017082930755777,EXPERIMENT_ONLY
2024-08-30,20:00,test,2024,2024,16,16.137539029737955,0.13753902973795462,16,16,true,2024,2024-08,macro_non_southerly,14.293737373737374,1.7062626262626264,14,false,1.5687235965246717,-1.843801656000581,-1,false,true,true,false,-1.7062626262626264,0.13753902973795462,EXPERIMENT_ONLY
2024-08-30,21:00,test,2024,2024,16,16.400322787347385,0.4003227873473847,16,16,true,2024,2024-08,macro_non_southerly,14.293737373737374,1.7062626262626264,14,false,1.3059398389152417,-2.106585413610011,-1,false,true,true,false,-1.7062626262626264,0.4003227873473847,EXPERIMENT_ONLY
2024-08-30,22:00,test,2024,2024,16,15.611764994613315,0.38823500538668476,16,16,true,2024,2024-08,macro_non_southerly,14.293737373737374,1.7062626262626264,14,false,1.3180276208759416,-1.3180276208759416,-1,false,true,true,false,-1.7062626262626264,-0.38823500538668476,EXPERIMENT_ONLY
2024-08-30,23:00,test,2024,2024,16,15.812191818232877,0.18780818176712266,16,16,true,2024,2024-08,macro_non_southerly,14.293737373737374,1.7062626262626264,14,false,1.5184544444955037,-1.5184544444955037,-1,false,true,true,false,-1.7062626262626264,-0.18780818176712266,EXPERIMENT_ONLY
2024-08-31,20:00,test,2024,2024,17,16.452637757559728,0.547362242440272,17,16,false,2024,2024-08,macro_non_southerly,16.11929292929293,0.8807070707070714,16,false,0.33334482826679945,-0.33334482826679945,0,false,true,false,false,-0.8807070707070714,-0.547362242440272,EXPERIMENT_ONLY
2024-08-31,21:00,test,2024,2024,17,16.449265844488455,0.5507341555115453,17,16,false,2024,2024-08,macro_non_southerly,16.11929292929293,0.8807070707070714,16,false,0.3299729151955262,-0.3299729151955262,0,false,true,false,false,-0.8807070707070714,-0.5507341555115453,EXPERIMENT_ONLY
2024-08-31,22:00,test,2024,2024,17,16.17578619811674,0.8242138018832605,17,16,false,2024,2024-08,macro_non_southerly,16.11929292929293,0.8807070707070714,16,false,0.056493268823810894,-0.056493268823810894,0,false,true,false,false,-0.8807070707070714,-0.8242138018832605,EXPERIMENT_ONLY
2024-08-31,23:00,test,2024,2024,17,16.351895538407888,0.6481044615921121,17,16,false,2024,2024-08,macro_non_southerly,16.11929292929293,0.8807070707070714,16,false,0.23260260911495934,-0.23260260911495934,0,false,true,false,false,-0.8807070707070714,-0.6481044615921121,EXPERIMENT_ONLY
2024-09-01,20:00,test,2024,2024,17,16.411142872423206,0.5888571275767944,17,16,false,2024,2024-09,macro_non_southerly,16.25,0.75,16,false,0.16114287242320557,-0.16114287242320557,0,false,true,false,false,-0.75,-0.5888571275767944,EXPERIMENT_ONLY
2024-09-01,21:00,test,2024,2024,17,16.425139436965875,0.5748605630341252,17,16,false,2024,2024-09,macro_non_southerly,16.25,0.75,16,false,0.17513943696587475,-0.17513943696587475,0,false,true,false,false,-0.75,-0.5748605630341252,EXPERIMENT_ONLY
2024-09-01,22:00,test,2024,2024,17,16.213322469855058,0.7866775301449422,17,16,false,2024,2024-09,macro_non_southerly,16.25,0.75,16,false,-0.03667753014494224,0.03667753014494224,0,true,false,false,false,-0.75,-0.7866775301449422,EXPERIMENT_ONLY
2024-09-01,23:00,test,2024,2024,17,16.363246397131793,0.6367536028682075,17,16,false,2024,2024-09,macro_non_southerly,16.25,0.75,16,false,0.11324639713179252,-0.11324639713179252,0,false,true,false,false,-0.75,-0.6367536028682075,EXPERIMENT_ONLY
2024-09-02,20:00,test,2024,2024,16,16.753193043484515,0.7531930434845151,16,17,false,2024,2024-09,macro_non_southerly,15.99,0.009999999999999787,16,true,-0.7431930434845153,-0.7631930434845149,1,true,false,false,true,-0.009999999999999787,0.7531930434845151,EXPERIMENT_ONLY
2024-09-02,21:00,test,2024,2024,16,16.918959476829805,0.918959476829805,16,17,false,2024,2024-09,macro_non_southerly,15.99,0.009999999999999787,16,true,-0.9089594768298053,-0.9289594768298048,1,true,false,false,true,-0.009999999999999787,0.918959476829805,EXPERIMENT_ONLY
2024-09-02,22:00,test,2024,2024,16,16.597372492132358,0.597372492132358,16,17,false,2024,2024-09,macro_non_southerly,15.99,0.009999999999999787,16,true,-0.5873724921323582,-0.6073724921323578,1,true,false,false,true,-0.009999999999999787,0.597372492132358,EXPERIMENT_ONLY
2024-09-02,23:00,test,2024,2024,16,16.74252463418513,0.7425246341851306,16,17,false,2024,2024-09,macro_non_southerly,15.99,0.009999999999999787,16,true,-0.7325246341851308,-0.7525246341851304,1,true,false,false,true,-0.009999999999999787,0.7425246341851306,EXPERIMENT_ONLY
2024-09-03,20:00,test,2024,2024,15,15.610170262214622,0.6101702622146217,15,16,false,2024,2024-09,macro_non_southerly,15.45,0.4499999999999993,15,true,-0.16017026221462238,-0.16017026221462238,1,true,false,false,true,0.4499999999999993,0.6101702622146217,EXPERIMENT_ONLY
2024-09-03,21:00,test,2024,2024,15,15.428676847189902,0.4286768471899016,15,15,true,2024,2024-09,macro_non_southerly,15.45,0.4499999999999993,15,true,0.021323152810097667,0.021323152810097667,0,false,true,false,false,0.4499999999999993,0.4286768471899016,EXPERIMENT_ONLY
2024-09-03,22:00,test,2024,2024,15,14.638647360533888,0.3613526394661122,15,15,true,2024,2024-09,macro_non_southerly,15.45,0.4499999999999993,15,true,0.08864736053388711,0.8113526394661115,0,false,true,false,false,0.4499999999999993,-0.3613526394661122,EXPERIMENT_ONLY
2024-09-03,23:00,test,2024,2024,15,14.757188347122845,0.24281165287715467,15,15,true,2024,2024-09,macro_non_southerly,15.45,0.4499999999999993,15,true,0.20718834712284462,0.692811652877154,0,false,true,false,false,0.4499999999999993,-0.24281165287715467,EXPERIMENT_ONLY
2024-09-04,20:00,test,2024,2024,12,11.590602250706565,0.40939774929343464,12,12,true,2024,2024-09,macro_southerly_flow,12.47,0.47000000000000064,12,true,0.060602250706566,0.8793977492934353,0,false,true,false,false,0.47000000000000064,-0.40939774929343464,EXPERIMENT_ONLY
2024-09-04,21:00,test,2024,2024,12,11.678102982196574,0.32189701780342617,12,12,true,2024,2024-09,macro_southerly_flow,12.47,0.47000000000000064,12,true,0.14810298219657447,0.7918970178034268,0,false,true,false,false,0.47000000000000064,-0.32189701780342617,EXPERIMENT_ONLY
2024-09-04,22:00,test,2024,2024,12,11.3020783586189,0.6979216413811002,12,11,false,2024,2024-09,macro_southerly_flow,12.47,0.47000000000000064,12,true,-0.2279216413810996,1.1679216413811009,1,true,false,false,true,0.47000000000000064,-0.6979216413811002,EXPERIMENT_ONLY
2024-09-04,23:00,test,2024,2024,12,11.575937532361872,0.4240624676381284,12,12,true,2024,2024-09,macro_southerly_flow,12.47,0.47000000000000064,12,true,0.04593753236187226,0.894062467638129,0,false,true,false,false,0.47000000000000064,-0.4240624676381284,EXPERIMENT_ONLY
2024-09-05,20:00,test,2024,2024,14,13.591590175453188,0.40840982454681196,14,14,true,2024,2024-09,macro_non_southerly,14.309999999999999,0.3099999999999987,14,true,-0.09840982454681324,0.7184098245468107,0,true,false,false,false,0.3099999999999987,-0.40840982454681196,EXPERIMENT_ONLY
2024-09-05,21:00,test,2024,2024,14,13.78094577257852,0.21905422742148062,14,14,true,2024,2024-09,macro_non_southerly,14.309999999999999,0.3099999999999987,14,true,0.0909457725785181,0.5290542274214793,0,false,true,false,false,0.3099999999999987,-0.21905422742148062,EXPERIMENT_ONLY
2024-09-05,22:00,test,2024,2024,14,14.23938010347267,0.23938010347266925,14,14,true,2024,2024-09,macro_non_southerly,14.309999999999999,0.3099999999999987,14,true,0.07061989652732947,0.07061989652732947,0,false,true,false,false,0.3099999999999987,0.23938010347266925,EXPERIMENT_ONLY
2024-09-05,23:00,test,2024,2024,14,14.178876392685401,0.17887639268540134,14,14,true,2024,2024-09,macro_non_southerly,14.309999999999999,0.3099999999999987,14,true,0.13112360731459738,0.13112360731459738,0,false,true,false,false,0.3099999999999987,0.17887639268540134,EXPERIMENT_ONLY
2024-09-06,20:00,test,2024,2024,16,14.046439938541578,1.9535600614584219,16,14,false,2024,2024-09,macro_non_southerly,15.61,0.39000000000000057,16,true,-1.5635600614584213,1.5635600614584213,1,true,false,false,true,-0.39000000000000057,-1.9535600614584219,EXPERIMENT_ONLY
2024-09-06,21:00,test,2024,2024,16,14.36979955833725,1.6302004416627494,16,14,false,2024,2024-09,macro_non_southerly,15.61,0.39000000000000057,16,true,-1.2402004416627488,1.2402004416627488,1,true,false,false,true,-0.39000000000000057,-1.6302004416627494,EXPERIMENT_ONLY
2024-09-06,22:00,test,2024,2024,16,14.697898866007696,1.3021011339923039,16,15,false,2024,2024-09,macro_non_southerly,15.61,0.39000000000000057,16,true,-0.9121011339923033,0.9121011339923033,1,true,false,false,true,-0.39000000000000057,-1.3021011339923039,EXPERIMENT_ONLY
2024-09-06,23:00,test,2024,2024,16,14.968193754494346,1.0318062455056545,16,15,false,2024,2024-09,macro_non_southerly,15.61,0.39000000000000057,16,true,-0.6418062455056539,0.6418062455056539,1,true,false,false,true,-0.39000000000000057,-1.0318062455056545,EXPERIMENT_ONLY
2024-09-07,20:00,test,2024,2024,16,16.308034104510984,0.308034104510984,16,16,true,2024,2024-09,macro_non_southerly,16.369999999999997,0.36999999999999744,16,true,0.061965895489013434,0.061965895489013434,0,false,true,false,false,0.36999999999999744,0.308034104510984,EXPERIMENT_ONLY
2024-09-07,21:00,test,2024,2024,16,16.53173905821705,0.5317390582170489,16,17,false,2024,2024-09,macro_non_southerly,16.369999999999997,0.36999999999999744,16,true,-0.16173905821705148,-0.16173905821705148,1,true,false,false,true,0.36999999999999744,0.5317390582170489,EXPERIMENT_ONLY
2024-09-07,22:00,test,2024,2024,16,16.470212999785566,0.4702129997855664,16,16,true,2024,2024-09,macro_non_southerly,16.369999999999997,0.36999999999999744,16,true,-0.10021299978556897,-0.10021299978556897,0,true,false,false,false,0.36999999999999744,0.4702129997855664,EXPERIMENT_ONLY
2024-09-07,23:00,test,2024,2024,16,16.573045002251703,0.5730450022517033,16,17,false,2024,2024-09,macro_non_southerly,16.369999999999997,0.36999999999999744,16,true,-0.20304500225170585,-0.20304500225170585,1,true,false,false,true,0.36999999999999744,0.5730450022517033,EXPERIMENT_ONLY
2024-09-08,20:00,test,2024,2024,17,14.298291538378864,2.701708461621136,17,14,false,2024,2024-09,macro_non_southerly,15.61,1.3900000000000006,16,false,-1.3117084616211354,1.3117084616211354,0,true,false,false,false,-1.3900000000000006,-2.701708461621136,EXPERIMENT_ONLY
2024-09-08,21:00,test,2024,2024,17,14.88746956285987,2.11253043714013,17,15,false,2024,2024-09,macro_non_southerly,15.61,1.3900000000000006,16,false,-0.7225304371401293,0.7225304371401293,0,true,false,false,false,-1.3900000000000006,-2.11253043714013,EXPERIMENT_ONLY
2024-09-08,22:00,test,2024,2024,17,15.246234456110933,1.7537655438890667,17,15,false,2024,2024-09,macro_non_southerly,15.61,1.3900000000000006,16,false,-0.3637655438890661,0.3637655438890661,0,true,false,false,false,-1.3900000000000006,-1.7537655438890667,EXPERIMENT_ONLY
2024-09-08,23:00,test,2024,2024,17,15.486310768672878,1.5136892313271222,17,15,false,2024,2024-09,macro_non_southerly,15.61,1.3900000000000006,16,false,-0.12368923132712162,0.12368923132712162,0,true,false,false,false,-1.3900000000000006,-1.5136892313271222,EXPERIMENT_ONLY
2024-09-09,20:00,test,2024,2024,16,15.98877851068729,0.011221489312710275,16,16,true,2024,2024-09,macro_non_southerly,15.709999999999999,0.2900000000000009,16,true,0.27877851068729065,-0.27877851068729065,0,false,true,false,false,-0.2900000000000009,-0.011221489312710275,EXPERIMENT_ONLY
2024-09-09,21:00,test,2024,2024,16,16.261992156276275,0.2619921562762748,16,16,true,2024,2024-09,macro_non_southerly,15.709999999999999,0.2900000000000009,16,true,0.02800784372372611,-0.5519921562762757,0,false,true,false,false,-0.2900000000000009,0.2619921562762748,EXPERIMENT_ONLY
2024-09-09,22:00,test,2024,2024,16,16.47441786340783,0.47441786340782954,16,16,true,2024,2024-09,macro_non_southerly,15.709999999999999,0.2900000000000009,16,true,-0.18441786340782862,-0.7644178634078305,0,true,false,false,false,-0.2900000000000009,0.47441786340782954,EXPERIMENT_ONLY
2024-09-09,23:00,test,2024,2024,16,16.650559945458223,0.6505599454582232,16,17,false,2024,2024-09,macro_non_southerly,15.709999999999999,0.2900000000000009,16,true,-0.36055994545822223,-0.9405599454582241,1,true,false,false,true,-0.2900000000000009,0.6505599454582232,EXPERIMENT_ONLY
2024-09-10,20:00,test,2024,2024,16,16.08527609446472,0.08527609446472084,16,16,true,2024,2024-09,macro_non_southerly,16.21,0.21000000000000085,16,true,0.12472390553528001,0.12472390553528001,0,false,true,false,false,0.21000000000000085,0.08527609446472084,EXPERIMENT_ONLY
2024-09-10,21:00,test,2024,2024,16,16.36221761349989,0.36221761349989023,16,16,true,2024,2024-09,macro_non_southerly,16.21,0.21000000000000085,16,true,-0.15221761349988938,-0.15221761349988938,0,true,false,false,false,0.21000000000000085,0.36221761349989023,EXPERIMENT_ONLY
2024-09-10,22:00,test,2024,2024,16,16.259831682144796,0.2598316821447959,16,16,true,2024,2024-09,macro_non_southerly,16.21,0.21000000000000085,16,true,-0.04983168214479505,-0.04983168214479505,0,true,false,false,false,0.21000000000000085,0.2598316821447959,EXPERIMENT_ONLY
2024-09-10,23:00,test,2024,2024,16,16.275187539384586,0.27518753938458573,16,16,true,2024,2024-09,macro_non_southerly,16.21,0.21000000000000085,16,true,-0.06518753938458488,-0.06518753938458488,0,true,false,false,false,0.21000000000000085,0.27518753938458573,EXPERIMENT_ONLY
2024-09-11,20:00,test,2024,2024,13,13.881458673910652,0.881458673910652,13,14,false,2024,2024-09,macro_southerly_flow,13.870000000000001,0.870000000000001,14,false,-0.01145867391065103,-0.01145867391065103,0,true,false,false,false,0.870000000000001,0.881458673910652,EXPERIMENT_ONLY
2024-09-11,21:00,test,2024,2024,13,14.199788557768937,1.1997885577689367,13,14,false,2024,2024-09,macro_southerly_flow,13.870000000000001,0.870000000000001,14,false,-0.3297885577689357,-0.3297885577689357,0,true,false,false,false,0.870000000000001,1.1997885577689367,EXPERIMENT_ONLY
2024-09-11,22:00,test,2024,2024,13,14.038766203913264,1.038766203913264,13,14,false,2024,2024-09,macro_southerly_flow,13.870000000000001,0.870000000000001,14,false,-0.1687662039132629,-0.1687662039132629,0,true,false,false,false,0.870000000000001,1.038766203913264,EXPERIMENT_ONLY
2024-09-11,23:00,test,2024,2024,13,13.50711664897428,0.5071166489742804,13,14,false,2024,2024-09,macro_non_southerly,13.870000000000001,0.870000000000001,14,false,0.36288335102572056,0.36288335102572056,0,false,true,false,false,0.870000000000001,0.5071166489742804,EXPERIMENT_ONLY
2024-09-12,20:00,test,2024,2024,14,14.834189270691004,0.8341892706910041,14,15,false,2024,2024-09,macro_non_southerly,14.969999999999999,0.9699999999999989,15,false,0.13581072930899474,0.13581072930899474,0,false,true,false,false,0.9699999999999989,0.8341892706910041,EXPERIMENT_ONLY
2024-09-12,21:00,test,2024,2024,14,14.999142988813913,0.9991429888139134,14,15,false,2024,2024-09,macro_non_southerly,14.969999999999999,0.9699999999999989,15,false,-0.029142988813914528,-0.029142988813914528,0,true,false,false,false,0.9699999999999989,0.9991429888139134,EXPERIMENT_ONLY
2024-09-12,22:00,test,2024,2024,14,14.93158654473512,0.9315865447351204,14,15,false,2024,2024-09,macro_non_southerly,14.969999999999999,0.9699999999999989,15,false,0.03841345526487849,0.03841345526487849,0,false,true,false,false,0.9699999999999989,0.9315865447351204,EXPERIMENT_ONLY
2024-09-12,23:00,test,2024,2024,14,15.063534018013252,1.063534018013252,14,15,false,2024,2024-09,macro_non_southerly,14.969999999999999,0.9699999999999989,15,false,-0.09353401801325312,-0.09353401801325312,0,true,false,false,false,0.9699999999999989,1.063534018013252,EXPERIMENT_ONLY
2024-09-13,20:00,test,2024,2024,14,15.649303891818018,1.6493038918180183,14,16,false,2024,2024-09,macro_non_southerly,15.35,1.3499999999999996,15,false,-0.29930389181801864,-0.29930389181801864,0,true,false,false,false,1.3499999999999996,1.6493038918180183,EXPERIMENT_ONLY
2024-09-13,21:00,test,2024,2024,14,15.545054597054662,1.545054597054662,14,16,false,2024,2024-09,macro_non_southerly,15.35,1.3499999999999996,15,false,-0.19505459705466244,-0.19505459705466244,0,true,false,false,false,1.3499999999999996,1.545054597054662,EXPERIMENT_ONLY
2024-09-13,22:00,test,2024,2024,14,15.332367004066988,1.3323670040669882,14,15,false,2024,2024-09,macro_non_southerly,15.35,1.3499999999999996,15,false,0.017632995933011486,0.017632995933011486,0,false,true,false,false,1.3499999999999996,1.3323670040669882,EXPERIMENT_ONLY
2024-09-13,23:00,test,2024,2024,14,15.52045252038502,1.5204525203850192,14,16,false,2024,2024-09,macro_non_southerly,15.35,1.3499999999999996,15,false,-0.17045252038501957,-0.17045252038501957,0,true,false,false,false,1.3499999999999996,1.5204525203850192,EXPERIMENT_ONLY
2024-09-14,20:00,test,2024,2024,13,14.17582186873602,1.1758218687360191,13,14,false,2024,2024-09,macro_southerly_flow,13.51,0.5099999999999998,14,false,-0.6658218687360193,-0.6658218687360193,0,true,false,false,false,0.5099999999999998,1.1758218687360191,EXPERIMENT_ONLY
2024-09-14,21:00,test,2024,2024,13,14.243175300706959,1.2431753007069588,13,14,false,2024,2024-09,macro_southerly_flow,13.51,0.5099999999999998,14,false,-0.733175300706959,-0.733175300706959,0,true,false,false,false,0.5099999999999998,1.2431753007069588,EXPERIMENT_ONLY
2024-09-14,22:00,test,2024,2024,13,13.632351132045319,0.6323511320453186,13,14,false,2024,2024-09,macro_southerly_flow,13.51,0.5099999999999998,14,false,-0.12235113204531878,-0.12235113204531878,0,true,false,false,false,0.5099999999999998,0.6323511320453186,EXPERIMENT_ONLY
2024-09-14,23:00,test,2024,2024,13,13.996115418663132,0.9961154186631322,13,14,false,2024,2024-09,macro_southerly_flow,13.51,0.5099999999999998,14,false,-0.48611541866313246,-0.48611541866313246,0,true,false,false,false,0.5099999999999998,0.9961154186631322,EXPERIMENT_ONLY
2024-09-15,20:00,test,2024,2024,14,12.860493569812277,1.1395064301877227,14,13,false,2024,2024-09,macro_southerly_flow,14.45,0.4499999999999993,14,true,-0.6895064301877234,1.589506430187722,1,true,false,false,true,0.4499999999999993,-1.1395064301877227,EXPERIMENT_ONLY
2024-09-15,21:00,test,2024,2024,14,13.021910997554427,0.9780890024455733,14,13,false,2024,2024-09,macro_southerly_flow,14.45,0.4499999999999993,14,true,-0.528089002445574,1.4280890024455726,1,true,false,false,true,0.4499999999999993,-0.9780890024455733,EXPERIMENT_ONLY
2024-09-15,22:00,test,2024,2024,14,12.727613151585354,1.272386848414646,14,13,false,2024,2024-09,macro_southerly_flow,14.45,0.4499999999999993,14,true,-0.8223868484146468,1.7223868484146454,1,true,false,false,true,0.4499999999999993,-1.272386848414646,EXPERIMENT_ONLY
2024-09-15,23:00,test,2024,2024,14,12.897367890363482,1.1026321096365184,14,13,false,2024,2024-09,macro_southerly_flow,14.45,0.4499999999999993,14,true,-0.6526321096365191,1.5526321096365177,1,true,false,false,true,0.4499999999999993,-1.1026321096365184,EXPERIMENT_ONLY
2024-09-16,20:00,test,2024,2024,13,14.678299962900184,1.6782999629001836,13,15,false,2024,2024-09,macro_non_southerly,13.49,0.4900000000000002,13,true,-1.1882999629001834,-1.1882999629001834,1,true,false,false,true,0.4900000000000002,1.6782999629001836,EXPERIMENT_ONLY
2024-09-16,21:00,test,2024,2024,13,14.458274676292923,1.4582746762929233,13,14,false,2024,2024-09,macro_non_southerly,13.49,0.4900000000000002,13,true,-0.9682746762929231,-0.9682746762929231,1,true,false,false,true,0.4900000000000002,1.4582746762929233,EXPERIMENT_ONLY
2024-09-16,22:00,test,2024,2024,13,13.526869985183632,0.526869985183632,13,14,false,2024,2024-09,macro_non_southerly,13.49,0.4900000000000002,13,true,-0.036869985183631826,-0.036869985183631826,1,true,false,false,true,0.4900000000000002,0.526869985183632,EXPERIMENT_ONLY
2024-09-16,23:00,test,2024,2024,13,13.43785201908826,0.4378520190882593,13,13,true,2024,2024-09,macro_non_southerly,13.49,0.4900000000000002,13,true,0.05214798091174089,0.05214798091174089,0,false,true,false,false,0.4900000000000002,0.4378520190882593,EXPERIMENT_ONLY
2024-09-17,20:00,test,2024,2024,10,11.070859384812977,1.0708593848129766,10,11,false,2024,2024-09,macro_non_southerly,10.209999999999999,0.20999999999999908,10,true,-0.8608593848129775,-0.8608593848129775,1,true,false,false,true,0.20999999999999908,1.0708593848129766,EXPERIMENT_ONLY
2024-09-17,21:00,test,2024,2024,10,10.890101946790203,0.8901019467902032,10,11,false,2024,2024-09,macro_non_southerly,10.209999999999999,0.20999999999999908,10,true,-0.6801019467902041,-0.6801019467902041,1,true,false,false,true,0.20999999999999908,0.8901019467902032,EXPERIMENT_ONLY
2024-09-17,22:00,test,2024,2024,10,10.580363304660315,0.5803633046603149,10,11,false,2024,2024-09,macro_non_southerly,10.209999999999999,0.20999999999999908,10,true,-0.37036330466031586,-0.37036330466031586,1,true,false,false,true,0.20999999999999908,0.5803633046603149,EXPERIMENT_ONLY
2024-09-17,23:00,test,2024,2024,10,10.58249237822679,0.5824923782267906,10,11,false,2024,2024-09,macro_non_southerly,10.209999999999999,0.20999999999999908,10,true,-0.3724923782267915,-0.3724923782267915,1,true,false,false,true,0.20999999999999908,0.5824923782267906,EXPERIMENT_ONLY
2024-09-18,20:00,test,2024,2024,13,12.351588907882938,0.6484110921170618,13,12,false,2024,2024-09,macro_non_southerly,13.61,0.6099999999999994,14,false,-0.038411092117062395,1.2584110921170613,0,true,false,false,false,0.6099999999999994,-0.6484110921170618,EXPERIMENT_ONLY
2024-09-18,21:00,test,2024,2024,13,13.005249931989546,0.005249931989546042,13,13,true,2024,2024-09,macro_non_southerly,13.61,0.6099999999999994,14,false,0.6047500680104534,0.6047500680104534,-1,false,true,true,false,0.6099999999999994,0.005249931989546042,EXPERIMENT_ONLY
2024-09-18,22:00,test,2024,2024,13,13.100567581458277,0.10056758145827693,13,13,true,2024,2024-09,macro_non_southerly,13.61,0.6099999999999994,14,false,0.5094324185417225,0.5094324185417225,-1,false,true,true,false,0.6099999999999994,0.10056758145827693,EXPERIMENT_ONLY
2024-09-18,23:00,test,2024,2024,13,13.187322321732923,0.18732232173292296,13,13,true,2024,2024-09,macro_non_southerly,13.61,0.6099999999999994,14,false,0.4226776782670765,0.4226776782670765,-1,false,true,true,false,0.6099999999999994,0.18732232173292296,EXPERIMENT_ONLY
2024-09-19,20:00,test,2024,2024,16,15.906691693453357,0.09330830654664268,16,16,true,2024,2024-09,macro_non_southerly,15.05,0.9499999999999993,15,false,0.8566916934533566,-0.8566916934533566,-1,false,true,true,false,-0.9499999999999993,-0.09330830654664268,EXPERIMENT_ONLY
2024-09-19,21:00,test,2024,2024,16,16.164560405888604,0.16456040588860432,16,16,true,2024,2024-09,macro_non_southerly,15.05,0.9499999999999993,15,false,0.785439594111395,-1.1145604058886036,-1,false,true,true,false,-0.9499999999999993,0.16456040588860432,EXPERIMENT_ONLY
2024-09-19,22:00,test,2024,2024,16,16.236621106083316,0.23662110608331588,16,16,true,2024,2024-09,macro_non_southerly,15.05,0.9499999999999993,15,false,0.7133788939166834,-1.1866211060833152,-1,false,true,true,false,-0.9499999999999993,0.23662110608331588,EXPERIMENT_ONLY
2024-09-19,23:00,test,2024,2024,16,16.406283690287836,0.40628369028783595,16,16,true,2024,2024-09,macro_non_southerly,15.05,0.9499999999999993,15,false,0.5437163097121633,-1.3562836902878352,-1,false,true,true,false,-0.9499999999999993,0.40628369028783595,EXPERIMENT_ONLY
2024-09-20,20:00,test,2024,2024,15,15.839812785675091,0.8398127856750914,15,16,false,2024,2024-09,macro_non_southerly,15.290000000000001,0.2900000000000009,15,true,-0.5498127856750905,-0.5498127856750905,1,true,false,false,true,0.2900000000000009,0.8398127856750914,EXPERIMENT_ONLY
2024-09-20,21:00,test,2024,2024,15,15.966247019376217,0.9662470193762172,15,16,false,2024,2024-09,macro_non_southerly,15.290000000000001,0.2900000000000009,15,true,-0.6762470193762162,-0.6762470193762162,1,true,false,false,true,0.2900000000000009,0.9662470193762172,EXPERIMENT_ONLY
2024-09-20,22:00,test,2024,2024,15,16.036124672236355,1.0361246722363546,15,16,false,2024,2024-09,macro_non_southerly,15.290000000000001,0.2900000000000009,15,true,-0.7461246722363537,-0.7461246722363537,1,true,false,false,true,0.2900000000000009,1.0361246722363546,EXPERIMENT_ONLY
2024-09-20,23:00,test,2024,2024,15,16.20559362608786,1.205593626087861,15,16,false,2024,2024-09,macro_non_southerly,15.290000000000001,0.2900000000000009,15,true,-0.9155936260878601,-0.9155936260878601,1,true,false,false,true,0.2900000000000009,1.205593626087861,EXPERIMENT_ONLY
2024-09-21,20:00,test,2024,2024,16,15.106709635689587,0.8932903643104133,16,15,false,2024,2024-09,macro_non_southerly,15.23,0.7699999999999996,15,false,-0.12329036431041374,0.12329036431041374,0,true,false,false,false,-0.7699999999999996,-0.8932903643104133,EXPERIMENT_ONLY
2024-09-21,21:00,test,2024,2024,16,15.288623957423884,0.7113760425761164,16,15,false,2024,2024-09,macro_non_southerly,15.23,0.7699999999999996,15,false,0.058623957423883155,-0.058623957423883155,0,false,true,false,false,-0.7699999999999996,-0.7113760425761164,EXPERIMENT_ONLY
2024-09-21,22:00,test,2024,2024,16,15.331920862645333,0.6680791373546668,16,15,false,2024,2024-09,macro_southerly_flow,15.23,0.7699999999999996,15,false,0.10192086264533273,-0.10192086264533273,0,false,true,false,false,-0.7699999999999996,-0.6680791373546668,EXPERIMENT_ONLY
2024-09-21,23:00,test,2024,2024,16,15.61649597958132,0.38350402041868037,16,16,true,2024,2024-09,macro_southerly_flow,15.23,0.7699999999999996,15,false,0.3864959795813192,-0.3864959795813192,-1,false,true,true,false,-0.7699999999999996,-0.38350402041868037,EXPERIMENT_ONLY
2024-09-22,20:00,test,2024,2024,16,15.980601827910418,0.01939817208958239,16,16,true,2024,2024-09,macro_non_southerly,16.009999999999998,0.00999999999999801,16,true,-0.009398172089584378,0.0293981720895804,0,true,false,false,false,0.00999999999999801,-0.01939817208958239,EXPERIMENT_ONLY
2024-09-22,21:00,test,2024,2024,16,16.119671160486515,0.11967116048651505,16,16,true,2024,2024-09,macro_non_southerly,16.009999999999998,0.00999999999999801,16,true,-0.10967116048651704,-0.10967116048651704,0,true,false,false,false,0.00999999999999801,0.11967116048651505,EXPERIMENT_ONLY
2024-09-22,22:00,test,2024,2024,16,16.026580191377565,0.0265801913775654,16,16,true,2024,2024-09,macro_non_southerly,16.009999999999998,0.00999999999999801,16,true,-0.016580191377567388,-0.016580191377567388,0,true,false,false,false,0.00999999999999801,0.0265801913775654,EXPERIMENT_ONLY
2024-09-22,23:00,test,2024,2024,16,16.24454881768873,0.24454881768873094,16,16,true,2024,2024-09,macro_non_southerly,16.009999999999998,0.00999999999999801,16,true,-0.23454881768873292,-0.23454881768873292,0,true,false,false,false,0.00999999999999801,0.24454881768873094,EXPERIMENT_ONLY
2024-09-23,20:00,test,2024,2024,16,15.859020998212198,0.14097900178780165,16,16,true,2024,2024-09,macro_non_southerly,16.25,0.25,16,true,0.10902099821219835,0.39097900178780165,0,false,true,false,false,0.25,-0.14097900178780165,EXPERIMENT_ONLY
2024-09-23,21:00,test,2024,2024,16,15.79412310235022,0.20587689764978023,16,16,true,2024,2024-09,macro_non_southerly,16.25,0.25,16,true,0.04412310235021977,0.45587689764978023,0,false,true,false,false,0.25,-0.20587689764978023,EXPERIMENT_ONLY
2024-09-23,22:00,test,2024,2024,16,15.615412187174677,0.3845878128253233,16,16,true,2024,2024-09,macro_non_southerly,16.25,0.25,16,true,-0.13458781282532328,0.6345878128253233,0,true,false,false,false,0.25,-0.3845878128253233,EXPERIMENT_ONLY
2024-09-23,23:00,test,2024,2024,16,15.744136286444418,0.25586371355558235,16,16,true,2024,2024-09,macro_non_southerly,16.25,0.25,16,true,-0.0058637135555823505,0.5058637135555824,0,true,false,false,false,0.25,-0.25586371355558235,EXPERIMENT_ONLY
2024-09-24,20:00,test,2024,2024,19,15.859634316326735,3.1403656836732647,19,16,false,2024,2024-09,macro_non_southerly,18.27,0.7300000000000004,18,false,-2.4103656836732643,2.4103656836732643,0,true,false,false,false,-0.7300000000000004,-3.1403656836732647,EXPERIMENT_ONLY
2024-09-24,21:00,test,2024,2024,19,16.18408183065772,2.815918169342279,19,16,false,2024,2024-09,macro_non_southerly,18.27,0.7300000000000004,18,false,-2.0859181693422784,2.0859181693422784,0,true,false,false,false,-0.7300000000000004,-2.815918169342279,EXPERIMENT_ONLY
2024-09-24,22:00,test,2024,2024,19,15.805174697587173,3.194825302412827,19,16,false,2024,2024-09,macro_non_southerly,18.27,0.7300000000000004,18,false,-2.4648253024128266,2.4648253024128266,0,true,false,false,false,-0.7300000000000004,-3.194825302412827,EXPERIMENT_ONLY
2024-09-24,23:00,test,2024,2024,19,15.983188981565855,3.0168110184341455,19,16,false,2024,2024-09,macro_non_southerly,18.27,0.7300000000000004,18,false,-2.286811018434145,2.286811018434145,0,true,false,false,false,-0.7300000000000004,-3.0168110184341455,EXPERIMENT_ONLY
2024-09-25,20:00,test,2024,2024,14,13.53029091680922,0.4697090831907804,14,14,true,2024,2024-09,macro_southerly_flow,14.430000000000001,0.4300000000000015,14,true,-0.03970908319077893,0.8997090831907819,0,true,false,false,false,0.4300000000000015,-0.4697090831907804,EXPERIMENT_ONLY
2024-09-25,21:00,test,2024,2024,14,13.863400312749645,0.13659968725035476,14,14,true,2024,2024-09,macro_southerly_flow,14.430000000000001,0.4300000000000015,14,true,0.29340031274964673,0.5665996872503563,0,false,true,false,false,0.4300000000000015,-0.13659968725035476,EXPERIMENT_ONLY
2024-09-25,22:00,test,2024,2024,14,13.948096769534766,0.05190323046523382,14,14,true,2024,2024-09,macro_southerly_flow,14.430000000000001,0.4300000000000015,14,true,0.3780967695347677,0.4819032304652353,0,false,true,false,false,0.4300000000000015,-0.05190323046523382,EXPERIMENT_ONLY
2024-09-25,23:00,test,2024,2024,14,14.277136636721668,0.2771366367216679,14,14,true,2024,2024-09,macro_southerly_flow,14.430000000000001,0.4300000000000015,14,true,0.1528633632783336,0.1528633632783336,0,false,true,false,false,0.4300000000000015,0.2771366367216679,EXPERIMENT_ONLY
2024-09-26,20:00,test,2024,2024,15,16.130985887766794,1.1309858877667942,15,16,false,2024,2024-09,macro_non_southerly,15.61,0.6099999999999994,16,false,-0.5209858877667948,-0.5209858877667948,0,true,false,false,false,0.6099999999999994,1.1309858877667942,EXPERIMENT_ONLY
2024-09-26,21:00,test,2024,2024,15,16.250877956526082,1.2508779565260824,15,16,false,2024,2024-09,macro_non_southerly,15.61,0.6099999999999994,16,false,-0.6408779565260829,-0.6408779565260829,0,true,false,false,false,0.6099999999999994,1.2508779565260824,EXPERIMENT_ONLY
2024-09-26,22:00,test,2024,2024,15,16.21268969246749,1.2126896924674888,15,16,false,2024,2024-09,macro_non_southerly,15.61,0.6099999999999994,16,false,-0.6026896924674894,-0.6026896924674894,0,true,false,false,false,0.6099999999999994,1.2126896924674888,EXPERIMENT_ONLY
2024-09-26,23:00,test,2024,2024,15,16.453655742526802,1.4536557425268022,15,16,false,2024,2024-09,macro_non_southerly,15.61,0.6099999999999994,16,false,-0.8436557425268028,-0.8436557425268028,0,true,false,false,false,0.6099999999999994,1.4536557425268022,EXPERIMENT_ONLY
2024-09-27,20:00,test,2024,2024,15,12.529165230291463,2.470834769708537,15,13,false,2024,2024-09,macro_southerly_flow,15.61,0.6099999999999994,16,false,-1.8608347697085375,3.0808347697085363,0,true,false,false,false,0.6099999999999994,-2.470834769708537,EXPERIMENT_ONLY
2024-09-27,21:00,test,2024,2024,15,12.478701807138618,2.521298192861382,15,12,false,2024,2024-09,macro_southerly_flow,15.61,0.6099999999999994,16,false,-1.9112981928613824,3.1312981928613812,0,true,false,false,false,0.6099999999999994,-2.521298192861382,EXPERIMENT_ONLY
2024-09-27,22:00,test,2024,2024,15,11.84725999910861,3.1527400008913897,15,12,false,2024,2024-09,macro_southerly_flow,15.61,0.6099999999999994,16,false,-2.5427400008913903,3.762740000891389,0,true,false,false,false,0.6099999999999994,-3.1527400008913897,EXPERIMENT_ONLY
2024-09-27,23:00,test,2024,2024,15,12.33614298140784,2.663857018592161,15,12,false,2024,2024-09,macro_southerly_flow,15.61,0.6099999999999994,16,false,-2.0538570185921614,3.2738570185921603,0,true,false,false,false,0.6099999999999994,-2.663857018592161,EXPERIMENT_ONLY
2024-09-28,20:00,test,2024,2024,15,14.531279688651924,0.46872031134807557,15,15,true,2024,2024-09,macro_non_southerly,15.330000000000002,0.33000000000000185,15,true,-0.13872031134807372,0.7987203113480774,0,true,false,false,false,0.33000000000000185,-0.46872031134807557,EXPERIMENT_ONLY
2024-09-28,21:00,test,2024,2024,15,14.749734368532508,0.25026563146749226,15,15,true,2024,2024-09,macro_non_southerly,15.330000000000002,0.33000000000000185,15,true,0.07973436853250959,0.5802656314674941,0,false,true,false,false,0.33000000000000185,-0.25026563146749226,EXPERIMENT_ONLY
2024-09-28,22:00,test,2024,2024,15,15.546072613556763,0.5460726135567633,15,16,false,2024,2024-09,macro_non_southerly,15.330000000000002,0.33000000000000185,15,true,-0.21607261355676144,-0.21607261355676144,1,true,false,false,true,0.33000000000000185,0.5460726135567633,EXPERIMENT_ONLY
2024-09-28,23:00,test,2024,2024,15,15.946207973667148,0.946207973667148,15,16,false,2024,2024-09,macro_non_southerly,15.330000000000002,0.33000000000000185,15,true,-0.6162079736671462,-0.6162079736671462,1,true,false,false,true,0.33000000000000185,0.946207973667148,EXPERIMENT_ONLY
2024-09-29,20:00,test,2024,2024,16,15.129624255560909,0.8703757444390909,16,15,false,2024,2024-09,macro_non_southerly,16.009999999999998,0.00999999999999801,16,true,-0.8603757444390929,0.880375744439089,1,true,false,false,true,0.00999999999999801,-0.8703757444390909,EXPERIMENT_ONLY
2024-09-29,21:00,test,2024,2024,16,15.193038813727222,0.8069611862727779,16,15,false,2024,2024-09,macro_non_southerly,16.009999999999998,0.00999999999999801,16,true,-0.7969611862727799,0.8169611862727759,1,true,false,false,true,0.00999999999999801,-0.8069611862727779,EXPERIMENT_ONLY
2024-09-29,22:00,test,2024,2024,16,15.29519327806593,0.7048067219340695,16,15,false,2024,2024-09,macro_non_southerly,16.009999999999998,0.00999999999999801,16,true,-0.6948067219340714,0.7148067219340675,1,true,false,false,true,0.00999999999999801,-0.7048067219340695,EXPERIMENT_ONLY
2024-09-29,23:00,test,2024,2024,16,15.425509871566591,0.5744901284334087,16,15,false,2024,2024-09,macro_non_southerly,16.009999999999998,0.00999999999999801,16,true,-0.5644901284334107,0.5844901284334068,1,true,false,false,true,0.00999999999999801,-0.5744901284334087,EXPERIMENT_ONLY
2024-09-30,20:00,test,2024,2024,18,16.797786811405118,1.2022131885948824,18,17,false,2024,2024-09,macro_non_southerly,17.31,0.6900000000000013,17,false,-0.5122131885948811,0.5122131885948811,0,true,false,false,false,-0.6900000000000013,-1.2022131885948824,EXPERIMENT_ONLY
2024-09-30,21:00,test,2024,2024,18,17.437833499529606,0.5621665004703935,18,17,false,2024,2024-09,macro_non_southerly,17.31,0.6900000000000013,17,false,0.12783349952960776,-0.12783349952960776,0,false,true,false,false,-0.6900000000000013,-0.5621665004703935,EXPERIMENT_ONLY
2024-09-30,22:00,test,2024,2024,18,17.37839843624602,0.6216015637539805,18,17,false,2024,2024-09,macro_non_southerly,17.31,0.6900000000000013,17,false,0.06839843624602082,-0.06839843624602082,0,false,true,false,false,-0.6900000000000013,-0.6216015637539805,EXPERIMENT_ONLY
2024-09-30,23:00,test,2024,2024,18,17.517169315257718,0.4828306847422823,18,18,true,2024,2024-09,macro_non_southerly,17.31,0.6900000000000013,17,false,0.20716931525771898,-0.20716931525771898,-1,false,true,true,false,-0.6900000000000013,-0.4828306847422823,EXPERIMENT_ONLY
2024-10-01,20:00,test,2024,2024,17,17.514136037432667,0.5141360374326673,17,18,false,2024,2024-10,macro_non_southerly,16.05,0.9499999999999993,16,false,0.43586396256733195,-1.4641360374326666,0,false,true,false,false,-0.9499999999999993,0.5141360374326673,EXPERIMENT_ONLY
2024-10-01,21:00,test,2024,2024,17,17.62365766316026,0.6236576631602588,17,18,false,2024,2024-10,macro_non_southerly,16.05,0.9499999999999993,16,false,0.32634233683974045,-1.5736576631602581,0,false,true,false,false,-0.9499999999999993,0.6236576631602588,EXPERIMENT_ONLY
2024-10-01,22:00,test,2024,2024,17,17.356929625928522,0.3569296259285224,17,17,true,2024,2024-10,macro_non_southerly,16.05,0.9499999999999993,16,false,0.5930703740714769,-1.3069296259285217,-1,false,true,true,false,-0.9499999999999993,0.3569296259285224,EXPERIMENT_ONLY
2024-10-01,23:00,test,2024,2024,17,17.447915596748228,0.4479155967482278,17,17,true,2024,2024-10,macro_non_southerly,16.05,0.9499999999999993,16,false,0.5020844032517715,-1.397915596748227,-1,false,true,true,false,-0.9499999999999993,0.4479155967482278,EXPERIMENT_ONLY
2024-10-02,20:00,test,2024,2024,18,17.73278934534086,0.2672106546591415,18,18,true,2024,2024-10,macro_non_southerly,17.81,0.19000000000000128,18,true,-0.07721065465914023,0.07721065465914023,0,true,false,false,false,-0.19000000000000128,-0.2672106546591415,EXPERIMENT_ONLY
2024-10-02,21:00,test,2024,2024,18,17.74435643364721,0.2556435663527914,18,18,true,2024,2024-10,macro_non_southerly,17.81,0.19000000000000128,18,true,-0.06564356635279012,0.06564356635279012,0,true,false,false,false,-0.19000000000000128,-0.2556435663527914,EXPERIMENT_ONLY
2024-10-02,22:00,test,2024,2024,18,17.4489301534357,0.5510698465642996,18,17,false,2024,2024-10,macro_non_southerly,17.81,0.19000000000000128,18,true,-0.3610698465642983,0.3610698465642983,1,true,false,false,true,-0.19000000000000128,-0.5510698465642996,EXPERIMENT_ONLY
2024-10-02,23:00,test,2024,2024,18,17.892643327727562,0.10735667227243795,18,18,true,2024,2024-10,macro_non_southerly,17.81,0.19000000000000128,18,true,0.08264332772756333,-0.08264332772756333,0,false,true,false,false,-0.19000000000000128,-0.10735667227243795,EXPERIMENT_ONLY
2024-10-03,20:00,test,2024,2024,16,16.58849432753777,0.5884943275377701,16,17,false,2024,2024-10,macro_non_southerly,17.05,1.0500000000000007,17,false,0.4615056724622306,0.4615056724622306,0,false,true,false,false,1.0500000000000007,0.5884943275377701,EXPERIMENT_ONLY
2024-10-03,21:00,test,2024,2024,16,16.52789261569114,0.5278926156911403,16,17,false,2024,2024-10,macro_non_southerly,17.05,1.0500000000000007,17,false,0.5221073843088604,0.5221073843088604,0,false,true,false,false,1.0500000000000007,0.5278926156911403,EXPERIMENT_ONLY
2024-10-03,22:00,test,2024,2024,16,16.356205920650005,0.3562059206500052,16,16,true,2024,2024-10,macro_non_southerly,17.05,1.0500000000000007,17,false,0.6937940793499955,0.6937940793499955,-1,false,true,true,false,1.0500000000000007,0.3562059206500052,EXPERIMENT_ONLY
2024-10-03,23:00,test,2024,2024,16,15.312459212650307,0.6875407873496933,16,15,false,2024,2024-10,macro_non_southerly,17.05,1.0500000000000007,17,false,0.36245921265030745,1.737540787349694,0,false,true,false,false,1.0500000000000007,-0.6875407873496933,EXPERIMENT_ONLY
2024-10-04,20:00,test,2024,2024,16,16.21364620229362,0.21364620229362075,16,16,true,2024,2024-10,macro_non_southerly,16.21,0.21000000000000085,16,true,-0.0036462022936198935,-0.0036462022936198935,0,true,false,false,false,0.21000000000000085,0.21364620229362075,EXPERIMENT_ONLY
2024-10-04,21:00,test,2024,2024,16,16.546987788631583,0.5469877886315828,16,17,false,2024,2024-10,macro_non_southerly,16.21,0.21000000000000085,16,true,-0.33698778863158196,-0.33698778863158196,1,true,false,false,true,0.21000000000000085,0.5469877886315828,EXPERIMENT_ONLY
2024-10-04,22:00,test,2024,2024,16,16.710844360196162,0.7108443601961625,16,17,false,2024,2024-10,macro_non_southerly,16.21,0.21000000000000085,16,true,-0.5008443601961616,-0.5008443601961616,1,true,false,false,true,0.21000000000000085,0.7108443601961625,EXPERIMENT_ONLY
2024-10-04,23:00,test,2024,2024,16,16.636115910536763,0.6361159105367626,16,17,false,2024,2024-10,macro_non_southerly,16.21,0.21000000000000085,16,true,-0.4261159105367618,-0.4261159105367618,1,true,false,false,true,0.21000000000000085,0.6361159105367626,EXPERIMENT_ONLY
2024-10-05,20:00,test,2024,2024,18,16.39101752173195,1.6089824782680502,18,16,false,2024,2024-10,macro_non_southerly,17.25,0.75,17,false,-0.8589824782680502,0.8589824782680502,0,true,false,false,false,-0.75,-1.6089824782680502,EXPERIMENT_ONLY
2024-10-05,21:00,test,2024,2024,18,17.05811510188622,0.9418848981137806,18,17,false,2024,2024-10,macro_non_southerly,17.25,0.75,17,false,-0.19188489811378062,0.19188489811378062,0,true,false,false,false,-0.75,-0.9418848981137806,EXPERIMENT_ONLY
2024-10-05,22:00,test,2024,2024,18,16.814348442742485,1.1856515572575148,18,17,false,2024,2024-10,macro_non_southerly,17.25,0.75,17,false,-0.4356515572575148,0.4356515572575148,0,true,false,false,false,-0.75,-1.1856515572575148,EXPERIMENT_ONLY
2024-10-05,23:00,test,2024,2024,18,16.862210092697996,1.137789907302004,18,17,false,2024,2024-10,macro_non_southerly,17.25,0.75,17,false,-0.3877899073020039,0.3877899073020039,0,true,false,false,false,-0.75,-1.137789907302004,EXPERIMENT_ONLY
2024-10-06,20:00,test,2024,2024,16,17.435861057436778,1.435861057436778,16,17,false,2024,2024-10,macro_non_southerly,16.45,0.4499999999999993,16,true,-0.9858610574367788,-0.9858610574367788,1,true,false,false,true,0.4499999999999993,1.435861057436778,EXPERIMENT_ONLY
2024-10-06,21:00,test,2024,2024,16,17.51703905997602,1.517039059976021,16,18,false,2024,2024-10,macro_non_southerly,16.45,0.4499999999999993,16,true,-1.0670390599760218,-1.0670390599760218,1,true,false,false,true,0.4499999999999993,1.517039059976021,EXPERIMENT_ONLY
2024-10-06,22:00,test,2024,2024,16,17.35199425668234,1.3519942566823389,16,17,false,2024,2024-10,macro_non_southerly,16.45,0.4499999999999993,16,true,-0.9019942566823396,-0.9019942566823396,1,true,false,false,true,0.4499999999999993,1.3519942566823389,EXPERIMENT_ONLY
2024-10-06,23:00,test,2024,2024,16,17.38796732600745,1.3879673260074483,16,17,false,2024,2024-10,macro_non_southerly,16.45,0.4499999999999993,16,true,-0.937967326007449,-0.937967326007449,1,true,false,false,true,0.4499999999999993,1.3879673260074483,EXPERIMENT_ONLY
2024-10-07,20:00,test,2024,2024,17,17.58949766152256,0.5894976615225609,17,18,false,2024,2024-10,macro_non_southerly,16.509999999999998,0.490000000000002,17,true,-0.0994976615225589,-1.0794976615225629,1,true,false,false,true,-0.490000000000002,0.5894976615225609,EXPERIMENT_ONLY
2024-10-07,21:00,test,2024,2024,17,17.56929530477286,0.5692953047728615,17,18,false,2024,2024-10,macro_non_southerly,16.509999999999998,0.490000000000002,17,true,-0.07929530477285951,-1.0592953047728635,1,true,false,false,true,-0.490000000000002,0.5692953047728615,EXPERIMENT_ONLY
2024-10-07,22:00,test,2024,2024,17,17.296064349674467,0.2960643496744666,17,17,true,2024,2024-10,macro_non_southerly,16.509999999999998,0.490000000000002,17,true,0.1939356503255354,-0.7860643496744686,0,false,true,false,false,-0.490000000000002,0.2960643496744666,EXPERIMENT_ONLY
2024-10-07,23:00,test,2024,2024,17,17.390954656938547,0.3909546569385469,17,17,true,2024,2024-10,macro_non_southerly,16.509999999999998,0.490000000000002,17,true,0.09904534306145507,-0.8809546569385489,0,false,true,false,false,-0.490000000000002,0.3909546569385469,EXPERIMENT_ONLY
2024-10-08,20:00,test,2024,2024,16,17.622419616530298,1.6224196165302978,16,18,false,2024,2024-10,macro_non_southerly,16.130000000000003,0.13000000000000256,16,true,-1.4924196165302952,-1.4924196165302952,1,true,false,false,true,0.13000000000000256,1.6224196165302978,EXPERIMENT_ONLY
2024-10-08,21:00,test,2024,2024,16,17.30485648681026,1.3048564868102588,16,17,false,2024,2024-10,macro_non_southerly,16.130000000000003,0.13000000000000256,16,true,-1.1748564868102562,-1.1748564868102562,1,true,false,false,true,0.13000000000000256,1.3048564868102588,EXPERIMENT_ONLY
2024-10-08,22:00,test,2024,2024,16,17.144684883745274,1.144684883745274,16,17,false,2024,2024-10,macro_non_southerly,16.130000000000003,0.13000000000000256,16,true,-1.0146848837452715,-1.0146848837452715,1,true,false,false,true,0.13000000000000256,1.144684883745274,EXPERIMENT_ONLY
2024-10-08,23:00,test,2024,2024,16,17.24458787307795,1.2445878730779505,16,17,false,2024,2024-10,macro_non_southerly,16.130000000000003,0.13000000000000256,16,true,-1.114587873077948,-1.114587873077948,1,true,false,false,true,0.13000000000000256,1.2445878730779505,EXPERIMENT_ONLY
2024-10-09,20:00,test,2024,2024,16,16.157417951758532,0.15741795175853213,16,16,true,2024,2024-10,macro_non_southerly,15.35,0.6500000000000004,15,false,0.49258204824146823,-0.8074179517585325,-1,false,true,true,false,-0.6500000000000004,0.15741795175853213,EXPERIMENT_ONLY
2024-10-09,21:00,test,2024,2024,16,16.29442202682145,0.2944220268214508,16,16,true,2024,2024-10,macro_non_southerly,15.35,0.6500000000000004,15,false,0.35557797317854956,-0.9444220268214512,-1,false,true,true,false,-0.6500000000000004,0.2944220268214508,EXPERIMENT_ONLY
2024-10-09,22:00,test,2024,2024,16,16.046069964193663,0.04606996419366283,16,16,true,2024,2024-10,macro_non_southerly,15.35,0.6500000000000004,15,false,0.6039300358063375,-0.6960699641936632,-1,false,true,true,false,-0.6500000000000004,0.04606996419366283,EXPERIMENT_ONLY
2024-10-09,23:00,test,2024,2024,16,16.141205741347104,0.14120574134710395,16,16,true,2024,2024-10,macro_non_southerly,15.35,0.6500000000000004,15,false,0.5087942586528964,-0.7912057413471043,-1,false,true,true,false,-0.6500000000000004,0.14120574134710395,EXPERIMENT_ONLY
2024-10-10,20:00,test,2024,2024,13,12.584671147207821,0.4153288527921788,13,13,true,2024,2024-10,macro_southerly_flow,12.809999999999999,0.19000000000000128,13,true,-0.22532885279217751,0.22532885279217751,0,true,false,false,false,-0.19000000000000128,-0.4153288527921788,EXPERIMENT_ONLY
2024-10-10,21:00,test,2024,2024,13,12.335895277150012,0.6641047228499879,13,12,false,2024,2024-10,macro_southerly_flow,12.809999999999999,0.19000000000000128,13,true,-0.4741047228499866,0.4741047228499866,1,true,false,false,true,-0.19000000000000128,-0.6641047228499879,EXPERIMENT_ONLY
2024-10-10,22:00,test,2024,2024,13,12.247667307105022,0.7523326928949778,13,12,false,2024,2024-10,macro_southerly_flow,12.809999999999999,0.19000000000000128,13,true,-0.5623326928949766,0.5623326928949766,1,true,false,false,true,-0.19000000000000128,-0.7523326928949778,EXPERIMENT_ONLY
2024-10-10,23:00,test,2024,2024,13,12.114361204112187,0.8856387958878127,13,12,false,2024,2024-10,macro_southerly_flow,12.809999999999999,0.19000000000000128,13,true,-0.6956387958878114,0.6956387958878114,1,true,false,false,true,-0.19000000000000128,-0.8856387958878127,EXPERIMENT_ONLY
2024-10-11,20:00,test,2024,2024,16,15.583501282279077,0.4164987177209234,16,16,true,2024,2024-10,macro_non_southerly,15.59,0.41000000000000014,16,true,-0.006498717720923253,0.006498717720923253,0,true,false,false,false,-0.41000000000000014,-0.4164987177209234,EXPERIMENT_ONLY
2024-10-11,21:00,test,2024,2024,16,15.793126479446393,0.2068735205536072,16,16,true,2024,2024-10,macro_non_southerly,15.59,0.41000000000000014,16,true,0.20312647944639295,-0.20312647944639295,0,false,true,false,false,-0.41000000000000014,-0.2068735205536072,EXPERIMENT_ONLY
2024-10-11,22:00,test,2024,2024,16,15.934545993196085,0.06545400680391467,16,16,true,2024,2024-10,macro_non_southerly,15.59,0.41000000000000014,16,true,0.3445459931960855,-0.3445459931960855,0,false,true,false,false,-0.41000000000000014,-0.06545400680391467,EXPERIMENT_ONLY
2024-10-11,23:00,test,2024,2024,16,16.05887808791929,0.05887808791928961,16,16,true,2024,2024-10,macro_non_southerly,15.59,0.41000000000000014,16,true,0.35112191208071053,-0.46887808791928975,0,false,true,false,false,-0.41000000000000014,0.05887808791928961,EXPERIMENT_ONLY
2024-10-12,20:00,test,2024,2024,17,16.52753105647157,0.4724689435284297,17,17,true,2024,2024-10,macro_non_southerly,16.81,0.19000000000000128,17,true,-0.28246894352842844,0.28246894352842844,0,true,false,false,false,-0.19000000000000128,-0.4724689435284297,EXPERIMENT_ONLY
2024-10-12,21:00,test,2024,2024,17,17.06977921808144,0.06977921808143961,17,17,true,2024,2024-10,macro_non_southerly,16.81,0.19000000000000128,17,true,0.12022078191856167,-0.2597792180814409,0,false,true,false,false,-0.19000000000000128,0.06977921808143961,EXPERIMENT_ONLY
2024-10-12,22:00,test,2024,2024,17,16.62416042873038,0.3758395712696192,17,17,true,2024,2024-10,macro_non_southerly,16.81,0.19000000000000128,17,true,-0.18583957126961792,0.18583957126961792,0,true,false,false,false,-0.19000000000000128,-0.3758395712696192,EXPERIMENT_ONLY
2024-10-12,23:00,test,2024,2024,17,16.923324138031624,0.07667586196837561,17,17,true,2024,2024-10,macro_non_southerly,16.81,0.19000000000000128,17,true,0.11332413803162567,-0.11332413803162567,0,false,true,false,false,-0.19000000000000128,-0.07667586196837561,EXPERIMENT_ONLY
2024-10-13,20:00,test,2024,2024,13,15.445419561194951,2.445419561194951,13,15,false,2024,2024-10,macro_non_southerly,14.25,1.25,14,false,-1.1954195611949512,-1.1954195611949512,0,true,false,false,false,1.25,2.445419561194951,EXPERIMENT_ONLY
2024-10-13,21:00,test,2024,2024,13,14.94857846854206,1.9485784685420597,13,15,false,2024,2024-10,macro_non_southerly,14.25,1.25,14,false,-0.6985784685420597,-0.6985784685420597,0,true,false,false,false,1.25,1.9485784685420597,EXPERIMENT_ONLY
2024-10-13,22:00,test,2024,2024,13,14.54358889760357,1.5435888976035699,13,15,false,2024,2024-10,macro_southerly_flow,14.25,1.25,14,false,-0.2935888976035699,-0.2935888976035699,0,true,false,false,false,1.25,1.5435888976035699,EXPERIMENT_ONLY
2024-10-13,23:00,test,2024,2024,13,14.40652133796361,1.4065213379636106,13,14,false,2024,2024-10,macro_southerly_flow,14.25,1.25,14,false,-0.15652133796361056,-0.15652133796361056,0,true,false,false,false,1.25,1.4065213379636106,EXPERIMENT_ONLY
2024-10-14,20:00,test,2024,2024,10,12.52088942357539,2.5208894235753903,10,13,false,2024,2024-10,macro_southerly_flow,12.59,2.59,13,false,0.0691105764246096,0.0691105764246096,0,false,true,false,false,2.59,2.5208894235753903,EXPERIMENT_ONLY
2024-10-14,21:00,test,2024,2024,10,12.114255331559846,2.1142553315598462,10,12,false,2024,2024-10,macro_southerly_flow,12.59,2.59,13,false,0.4757446684401536,0.4757446684401536,0,false,true,false,false,2.59,2.1142553315598462,EXPERIMENT_ONLY
2024-10-14,22:00,test,2024,2024,10,11.58261384210547,1.58261384210547,10,12,false,2024,2024-10,macro_southerly_flow,12.59,2.59,13,false,1.0073861578945298,1.0073861578945298,0,false,true,false,false,2.59,1.58261384210547,EXPERIMENT_ONLY
2024-10-14,23:00,test,2024,2024,10,11.656363566525403,1.6563635665254033,10,12,false,2024,2024-10,macro_southerly_flow,12.59,2.59,13,false,0.9336364334745966,0.9336364334745966,0,false,true,false,false,2.59,1.6563635665254033,EXPERIMENT_ONLY
2024-10-15,20:00,test,2024,2024,14,13.444591426307753,0.5554085736922474,14,13,false,2024,2024-10,macro_southerly_flow,13.65,0.34999999999999964,14,true,-0.20540857369224774,0.20540857369224774,1,true,false,false,true,-0.34999999999999964,-0.5554085736922474,EXPERIMENT_ONLY
2024-10-15,21:00,test,2024,2024,14,13.196983201716385,0.8030167982836147,14,13,false,2024,2024-10,macro_southerly_flow,13.65,0.34999999999999964,14,true,-0.4530167982836151,0.4530167982836151,1,true,false,false,true,-0.34999999999999964,-0.8030167982836147,EXPERIMENT_ONLY
2024-10-15,22:00,test,2024,2024,14,12.901727527246848,1.0982724727531519,14,13,false,2024,2024-10,macro_southerly_flow,13.65,0.34999999999999964,14,true,-0.7482724727531522,0.7482724727531522,1,true,false,false,true,-0.34999999999999964,-1.0982724727531519,EXPERIMENT_ONLY
2024-10-15,23:00,test,2024,2024,14,13.385229843318605,0.614770156681395,14,13,false,2024,2024-10,macro_southerly_flow,13.65,0.34999999999999964,14,true,-0.26477015668139536,0.26477015668139536,1,true,false,false,true,-0.34999999999999964,-0.614770156681395,EXPERIMENT_ONLY
2024-10-16,20:00,test,2024,2024,13,12.429635881131468,0.5703641188685324,13,12,false,2024,2024-10,macro_southerly_flow,13.209999999999999,0.20999999999999908,13,true,-0.36036411886853337,0.7803641188685315,1,true,false,false,true,0.20999999999999908,-0.5703641188685324,EXPERIMENT_ONLY
2024-10-16,21:00,test,2024,2024,13,12.670854044648626,0.3291459553513736,13,13,true,2024,2024-10,macro_southerly_flow,13.209999999999999,0.20999999999999908,13,true,-0.11914595535137451,0.5391459553513727,0,true,false,false,false,0.20999999999999908,-0.3291459553513736,EXPERIMENT_ONLY
2024-10-16,22:00,test,2024,2024,13,12.547530874446979,0.4524691255530211,13,13,true,2024,2024-10,macro_southerly_flow,13.209999999999999,0.20999999999999908,13,true,-0.24246912555302202,0.6624691255530202,0,true,false,false,false,0.20999999999999908,-0.4524691255530211,EXPERIMENT_ONLY
2024-10-16,23:00,test,2024,2024,13,12.656375799023571,0.34362420097642854,13,13,true,2024,2024-10,macro_southerly_flow,13.209999999999999,0.20999999999999908,13,true,-0.13362420097642946,0.5536242009764276,0,true,false,false,false,0.20999999999999908,-0.34362420097642854,EXPERIMENT_ONLY
2024-10-17,20:00,test,2024,2024,15,14.920513628041832,0.07948637195816843,15,15,true,2024,2024-10,macro_non_southerly,16.23,1.2300000000000004,16,false,1.150513628041832,1.3094863719581689,-1,false,true,true,false,1.2300000000000004,-0.07948637195816843,EXPERIMENT_ONLY
2024-10-17,21:00,test,2024,2024,15,15.712249790493045,0.7122497904930452,15,16,false,2024,2024-10,macro_non_southerly,16.23,1.2300000000000004,16,false,0.5177502095069553,0.5177502095069553,0,false,true,false,false,1.2300000000000004,0.7122497904930452,EXPERIMENT_ONLY
2024-10-17,22:00,test,2024,2024,15,15.469022665851691,0.46902266585169095,15,15,true,2024,2024-10,macro_non_southerly,16.23,1.2300000000000004,16,false,0.7609773341483095,0.7609773341483095,-1,false,true,true,false,1.2300000000000004,0.46902266585169095,EXPERIMENT_ONLY
2024-10-17,23:00,test,2024,2024,15,15.72711438759153,0.7271143875915307,15,16,false,2024,2024-10,macro_non_southerly,16.23,1.2300000000000004,16,false,0.5028856124084697,0.5028856124084697,0,false,true,false,false,1.2300000000000004,0.7271143875915307,EXPERIMENT_ONLY
2024-10-18,20:00,test,2024,2024,16,16.67796048222506,0.6779604822250604,16,17,false,2024,2024-10,macro_non_southerly,16.59,0.5899999999999999,17,false,-0.08796048222506059,-0.08796048222506059,0,true,false,false,false,0.5899999999999999,0.6779604822250604,EXPERIMENT_ONLY
2024-10-18,21:00,test,2024,2024,16,16.860600396657862,0.8606003966578619,16,17,false,2024,2024-10,macro_non_southerly,16.59,0.5899999999999999,17,false,-0.27060039665786206,-0.27060039665786206,0,true,false,false,false,0.5899999999999999,0.8606003966578619,EXPERIMENT_ONLY
2024-10-18,22:00,test,2024,2024,16,16.69760938487077,0.6976093848707698,16,17,false,2024,2024-10,macro_non_southerly,16.59,0.5899999999999999,17,false,-0.10760938487076999,-0.10760938487076999,0,true,false,false,false,0.5899999999999999,0.6976093848707698,EXPERIMENT_ONLY
2024-10-18,23:00,test,2024,2024,16,16.49328911315292,0.4932891131529189,16,16,true,2024,2024-10,macro_non_southerly,16.59,0.5899999999999999,17,false,0.09671088684708096,0.09671088684708096,-1,false,true,true,false,0.5899999999999999,0.4932891131529189,EXPERIMENT_ONLY
2024-10-19,20:00,test,2024,2024,19,17.320514151251242,1.679485848748758,19,17,false,2024,2024-10,macro_non_southerly,18.27,0.7300000000000004,18,false,-0.9494858487487576,0.9494858487487576,0,true,false,false,false,-0.7300000000000004,-1.679485848748758,EXPERIMENT_ONLY
2024-10-19,21:00,test,2024,2024,19,17.697428490227242,1.3025715097727577,19,18,false,2024,2024-10,macro_non_southerly,18.27,0.7300000000000004,18,false,-0.5725715097727573,0.5725715097727573,0,true,false,false,false,-0.7300000000000004,-1.3025715097727577,EXPERIMENT_ONLY
2024-10-19,22:00,test,2024,2024,19,17.573985526519888,1.4260144734801123,19,18,false,2024,2024-10,macro_non_southerly,18.27,0.7300000000000004,18,false,-0.6960144734801119,0.6960144734801119,0,true,false,false,false,-0.7300000000000004,-1.4260144734801123,EXPERIMENT_ONLY
2024-10-19,23:00,test,2024,2024,19,17.740781002025887,1.2592189979741129,19,18,false,2024,2024-10,macro_non_southerly,18.27,0.7300000000000004,18,false,-0.5292189979741124,0.5292189979741124,0,true,false,false,false,-0.7300000000000004,-1.2592189979741129,EXPERIMENT_ONLY
2024-10-20,20:00,test,2024,2024,19,17.773292168300845,1.226707831699155,19,18,false,2024,2024-10,macro_non_southerly,18.53,0.46999999999999886,19,true,-0.7567078316991562,0.7567078316991562,1,true,false,false,true,-0.46999999999999886,-1.226707831699155,EXPERIMENT_ONLY
2024-10-20,21:00,test,2024,2024,19,18.303199288640617,0.6968007113593835,19,18,false,2024,2024-10,macro_non_southerly,18.53,0.46999999999999886,19,true,-0.22680071135938462,0.22680071135938462,1,true,false,false,true,-0.46999999999999886,-0.6968007113593835,EXPERIMENT_ONLY
2024-10-20,22:00,test,2024,2024,19,18.128958924328565,0.8710410756714353,19,18,false,2024,2024-10,macro_non_southerly,18.53,0.46999999999999886,19,true,-0.40104107567143643,0.40104107567143643,1,true,false,false,true,-0.46999999999999886,-0.8710410756714353,EXPERIMENT_ONLY
2024-10-20,23:00,test,2024,2024,19,18.323392195583835,0.6766078044161645,19,18,false,2024,2024-10,macro_non_southerly,18.53,0.46999999999999886,19,true,-0.20660780441616566,0.20660780441616566,1,true,false,false,true,-0.46999999999999886,-0.6766078044161645,EXPERIMENT_ONLY
2024-10-21,20:00,test,2024,2024,18,18.05956185237256,0.05956185237256051,18,18,true,2024,2024-10,macro_non_southerly,17.509999999999998,0.490000000000002,18,true,0.4304381476274415,-0.5495618523725625,0,false,true,false,false,-0.490000000000002,0.05956185237256051,EXPERIMENT_ONLY
2024-10-21,21:00,test,2024,2024,18,18.314598205871015,0.3145982058710146,18,18,true,2024,2024-10,macro_non_southerly,17.509999999999998,0.490000000000002,18,true,0.17540179412898738,-0.8045982058710166,0,false,true,false,false,-0.490000000000002,0.3145982058710146,EXPERIMENT_ONLY
2024-10-21,22:00,test,2024,2024,18,18.08364538584075,0.08364538584075021,18,18,true,2024,2024-10,macro_non_southerly,17.509999999999998,0.490000000000002,18,true,0.4063546141592518,-0.5736453858407522,0,false,true,false,false,-0.490000000000002,0.08364538584075021,EXPERIMENT_ONLY
2024-10-21,23:00,test,2024,2024,18,18.18489095582098,0.18489095582097903,18,18,true,2024,2024-10,macro_non_southerly,17.509999999999998,0.490000000000002,18,true,0.30510904417902296,-0.674890955820981,0,false,true,false,false,-0.490000000000002,0.18489095582097903,EXPERIMENT_ONLY
2024-10-22,20:00,test,2024,2024,20,18.470388866830206,1.5296111331697944,20,18,false,2024,2024-10,macro_non_southerly,19.31,0.6900000000000013,19,false,-0.8396111331697931,0.8396111331697931,0,true,false,false,false,-0.6900000000000013,-1.5296111331697944,EXPERIMENT_ONLY
2024-10-22,21:00,test,2024,2024,20,18.8125896531592,1.1874103468407995,20,19,false,2024,2024-10,macro_non_southerly,19.31,0.6900000000000013,19,false,-0.4974103468407982,0.4974103468407982,0,true,false,false,false,-0.6900000000000013,-1.1874103468407995,EXPERIMENT_ONLY
2024-10-22,22:00,test,2024,2024,20,18.816742597879667,1.1832574021203328,20,19,false,2024,2024-10,macro_non_southerly,19.31,0.6900000000000013,19,false,-0.49325740212033153,0.49325740212033153,0,true,false,false,false,-0.6900000000000013,-1.1832574021203328,EXPERIMENT_ONLY
2024-10-22,23:00,test,2024,2024,20,19.1195355499427,0.8804644500572998,20,19,false,2024,2024-10,macro_non_southerly,19.31,0.6900000000000013,19,false,-0.1904644500572985,0.1904644500572985,0,true,false,false,false,-0.6900000000000013,-0.8804644500572998,EXPERIMENT_ONLY
2024-10-23,20:00,test,2024,2024,16,18.274413669800225,2.274413669800225,16,18,false,2024,2024-10,macro_non_southerly,17.89,1.8900000000000006,18,false,-0.3844136698002245,-0.3844136698002245,0,true,false,false,false,1.8900000000000006,2.274413669800225,EXPERIMENT_ONLY
2024-10-23,21:00,test,2024,2024,16,18.362464068983854,2.3624640689838543,16,18,false,2024,2024-10,macro_non_southerly,17.89,1.8900000000000006,18,false,-0.47246406898385374,-0.47246406898385374,0,true,false,false,false,1.8900000000000006,2.3624640689838543,EXPERIMENT_ONLY
2024-10-23,22:00,test,2024,2024,16,18.29719007041976,2.2971900704197594,16,18,false,2024,2024-10,macro_non_southerly,17.89,1.8900000000000006,18,false,-0.40719007041975885,-0.40719007041975885,0,true,false,false,false,1.8900000000000006,2.2971900704197594,EXPERIMENT_ONLY
2024-10-23,23:00,test,2024,2024,16,18.464186373534176,2.464186373534176,16,18,false,2024,2024-10,macro_non_southerly,17.89,1.8900000000000006,18,false,-0.5741863735341752,-0.5741863735341752,0,true,false,false,false,1.8900000000000006,2.464186373534176,EXPERIMENT_ONLY
2024-10-24,20:00,test,2024,2024,18,18.74634309123598,0.7463430912359783,18,19,false,2024,2024-10,macro_non_southerly,17.45,0.5500000000000007,17,false,-0.1963430912359776,-1.296343091235979,0,true,false,false,false,-0.5500000000000007,0.7463430912359783,EXPERIMENT_ONLY
2024-10-24,21:00,test,2024,2024,18,18.76643803427797,0.7664380342779715,18,19,false,2024,2024-10,macro_non_southerly,17.45,0.5500000000000007,17,false,-0.21643803427797081,-1.3164380342779722,0,true,false,false,false,-0.5500000000000007,0.7664380342779715,EXPERIMENT_ONLY
2024-10-24,22:00,test,2024,2024,18,18.663349843154148,0.6633498431541476,18,19,false,2024,2024-10,macro_non_southerly,17.45,0.5500000000000007,17,false,-0.11334984315414687,-1.2133498431541483,0,true,false,false,false,-0.5500000000000007,0.6633498431541476,EXPERIMENT_ONLY
2024-10-24,23:00,test,2024,2024,18,18.72755287409748,0.7275528740974799,18,19,false,2024,2024-10,macro_non_southerly,17.45,0.5500000000000007,17,false,-0.17755287409747922,-1.2775528740974806,0,true,false,false,false,-0.5500000000000007,0.7275528740974799,EXPERIMENT_ONLY
2024-10-25,20:00,test,2024,2024,17,18.9537059679586,1.9537059679586015,17,19,false,2024,2024-10,macro_non_southerly,17.31,0.3099999999999987,17,true,-1.6437059679586028,-1.6437059679586028,1,true,false,false,true,0.3099999999999987,1.9537059679586015,EXPERIMENT_ONLY
2024-10-25,21:00,test,2024,2024,17,18.593719416646223,1.5937194166462234,17,19,false,2024,2024-10,macro_non_southerly,17.31,0.3099999999999987,17,true,-1.2837194166462247,-1.2837194166462247,1,true,false,false,true,0.3099999999999987,1.5937194166462234,EXPERIMENT_ONLY
2024-10-25,22:00,test,2024,2024,17,18.33505436274613,1.3350543627461313,17,18,false,2024,2024-10,macro_non_southerly,17.31,0.3099999999999987,17,true,-1.0250543627461326,-1.0250543627461326,1,true,false,false,true,0.3099999999999987,1.3350543627461313,EXPERIMENT_ONLY
2024-10-25,23:00,test,2024,2024,17,18.309073142489183,1.3090731424891828,17,18,false,2024,2024-10,macro_non_southerly,17.31,0.3099999999999987,17,true,-0.9990731424891841,-0.9990731424891841,1,true,false,false,true,0.3099999999999987,1.3090731424891828,EXPERIMENT_ONLY
2024-10-26,20:00,test,2024,2024,20,19.462465787905085,0.5375342120949149,20,19,false,2024,2024-10,macro_non_southerly,20.009999999999998,0.00999999999999801,20,true,-0.5275342120949169,0.5475342120949129,1,true,false,false,true,0.00999999999999801,-0.5375342120949149,EXPERIMENT_ONLY
2024-10-26,21:00,test,2024,2024,20,19.41204514354445,0.5879548564555499,20,19,false,2024,2024-10,macro_non_southerly,20.009999999999998,0.00999999999999801,20,true,-0.5779548564555519,0.5979548564555479,1,true,false,false,true,0.00999999999999801,-0.5879548564555499,EXPERIMENT_ONLY
2024-10-26,22:00,test,2024,2024,20,19.179832124465907,0.8201678755340929,20,19,false,2024,2024-10,macro_non_southerly,20.009999999999998,0.00999999999999801,20,true,-0.8101678755340949,0.8301678755340909,1,true,false,false,true,0.00999999999999801,-0.8201678755340929,EXPERIMENT_ONLY
2024-10-26,23:00,test,2024,2024,20,19.185504718822468,0.8144952811775319,20,19,false,2024,2024-10,macro_non_southerly,20.009999999999998,0.00999999999999801,20,true,-0.8044952811775339,0.8244952811775299,1,true,false,false,true,0.00999999999999801,-0.8144952811775319,EXPERIMENT_ONLY
2024-10-27,20:00,test,2024,2024,17,16.99207715121639,0.007922848783611158,17,17,true,2024,2024-10,macro_southerly_flow,17.09,0.08999999999999986,17,true,0.0820771512163887,0.09792284878361102,0,false,true,false,false,0.08999999999999986,-0.007922848783611158,EXPERIMENT_ONLY
2024-10-27,21:00,test,2024,2024,17,17.811339510288338,0.8113395102883381,17,18,false,2024,2024-10,macro_non_southerly,17.09,0.08999999999999986,17,true,-0.7213395102883382,-0.7213395102883382,1,true,false,false,true,0.08999999999999986,0.8113395102883381,EXPERIMENT_ONLY
2024-10-27,22:00,test,2024,2024,17,17.600213808425362,0.6002138084253623,17,18,false,2024,2024-10,macro_non_southerly,17.09,0.08999999999999986,17,true,-0.5102138084253625,-0.5102138084253625,1,true,false,false,true,0.08999999999999986,0.6002138084253623,EXPERIMENT_ONLY
2024-10-27,23:00,test,2024,2024,17,17.65866131792599,0.6586613179259899,17,18,false,2024,2024-10,macro_non_southerly,17.09,0.08999999999999986,17,true,-0.5686613179259901,-0.5686613179259901,1,true,false,false,true,0.08999999999999986,0.6586613179259899,EXPERIMENT_ONLY
2024-10-28,20:00,test,2024,2024,15,17.27228487840918,2.272284878409181,15,17,false,2024,2024-10,macro_non_southerly,15.27,0.2699999999999996,15,true,-2.0022848784091813,-2.0022848784091813,1,true,false,false,true,0.2699999999999996,2.272284878409181,EXPERIMENT_ONLY
2024-10-28,21:00,test,2024,2024,15,17.323525730064368,2.323525730064368,15,17,false,2024,2024-10,macro_non_southerly,15.27,0.2699999999999996,15,true,-2.0535257300643686,-2.0535257300643686,1,true,false,false,true,0.2699999999999996,2.323525730064368,EXPERIMENT_ONLY
2024-10-28,22:00,test,2024,2024,15,16.11112119327319,1.1111211932731884,15,16,false,2024,2024-10,macro_non_southerly,15.27,0.2699999999999996,15,true,-0.8411211932731888,-0.8411211932731888,1,true,false,false,true,0.2699999999999996,1.1111211932731884,EXPERIMENT_ONLY
2024-10-28,23:00,test,2024,2024,15,16.273864811520728,1.2738648115207276,15,16,false,2024,2024-10,macro_non_southerly,15.27,0.2699999999999996,15,true,-1.003864811520728,-1.003864811520728,1,true,false,false,true,0.2699999999999996,1.2738648115207276,EXPERIMENT_ONLY
2024-10-29,20:00,test,2024,2024,17,17.36902182908881,0.3690218290888083,17,17,true,2024,2024-10,macro_non_southerly,16.09,0.9100000000000001,16,false,0.5409781709111918,-1.2790218290888085,-1,false,true,true,false,-0.9100000000000001,0.3690218290888083,EXPERIMENT_ONLY
2024-10-29,21:00,test,2024,2024,17,17.609129940545582,0.6091299405455821,17,18,false,2024,2024-10,macro_non_southerly,16.09,0.9100000000000001,16,false,0.300870059454418,-1.5191299405455823,0,false,true,false,false,-0.9100000000000001,0.6091299405455821,EXPERIMENT_ONLY
2024-10-29,22:00,test,2024,2024,17,17.406145134379518,0.4061451343795177,17,17,true,2024,2024-10,macro_non_southerly,16.09,0.9100000000000001,16,false,0.5038548656204824,-1.3161451343795179,-1,false,true,true,false,-0.9100000000000001,0.4061451343795177,EXPERIMENT_ONLY
2024-10-29,23:00,test,2024,2024,17,16.60220315505729,0.39779684494271095,17,17,true,2024,2024-10,macro_non_southerly,16.09,0.9100000000000001,16,false,0.5122031550572892,-0.5122031550572892,-1,false,true,true,false,-0.9100000000000001,-0.39779684494271095,EXPERIMENT_ONLY
2024-10-30,20:00,test,2024,2024,15,14.2681823949902,0.7318176050098,15,14,false,2024,2024-10,macro_non_southerly,14.77,0.23000000000000043,15,true,-0.5018176050097995,0.5018176050097995,1,true,false,false,true,-0.23000000000000043,-0.7318176050098,EXPERIMENT_ONLY
2024-10-30,21:00,test,2024,2024,15,13.550789649332664,1.449210350667336,15,14,false,2024,2024-10,macro_non_southerly,14.77,0.23000000000000043,15,true,-1.2192103506673355,1.2192103506673355,1,true,false,false,true,-0.23000000000000043,-1.449210350667336,EXPERIMENT_ONLY
2024-10-30,22:00,test,2024,2024,15,13.259266416600004,1.7407335833999955,15,13,false,2024,2024-10,macro_southerly_flow,14.77,0.23000000000000043,15,true,-1.510733583399995,1.510733583399995,1,true,false,false,true,-0.23000000000000043,-1.7407335833999955,EXPERIMENT_ONLY
2024-10-30,23:00,test,2024,2024,15,13.388446735921047,1.6115532640789532,15,13,false,2024,2024-10,macro_southerly_flow,14.77,0.23000000000000043,15,true,-1.3815532640789527,1.3815532640789527,1,true,false,false,true,-0.23000000000000043,-1.6115532640789532,EXPERIMENT_ONLY
2024-10-31,20:00,test,2024,2024,17,17.851084831402385,0.8510848314023853,17,18,false,2024,2024-10,macro_non_southerly,18.19,1.1900000000000013,18,false,0.33891516859761595,0.33891516859761595,0,false,true,false,false,1.1900000000000013,0.8510848314023853,EXPERIMENT_ONLY
2024-10-31,21:00,test,2024,2024,17,18.342749094315895,1.342749094315895,17,18,false,2024,2024-10,macro_non_southerly,18.19,1.1900000000000013,18,false,-0.15274909431589379,-0.15274909431589379,0,true,false,false,false,1.1900000000000013,1.342749094315895,EXPERIMENT_ONLY
2024-10-31,22:00,test,2024,2024,17,18.19641859935334,1.1964185993533398,17,18,false,2024,2024-10,macro_non_southerly,18.19,1.1900000000000013,18,false,-0.00641859935333855,-0.00641859935333855,0,true,false,false,false,1.1900000000000013,1.1964185993533398,EXPERIMENT_ONLY
2024-10-31,23:00,test,2024,2024,17,18.176723653789303,1.1767236537893027,17,18,false,2024,2024-10,macro_non_southerly,18.19,1.1900000000000013,18,false,0.01327634621069862,0.01327634621069862,0,false,true,false,false,1.1900000000000013,1.1767236537893027,EXPERIMENT_ONLY
2024-11-01,20:00,test,2024,2024,18,18.544818134881208,0.5448181348812078,18,19,false,2024,2024-11,macro_non_southerly,17.95,0.05000000000000071,18,true,-0.4948181348812071,-0.5948181348812085,1,true,false,false,true,-0.05000000000000071,0.5448181348812078,EXPERIMENT_ONLY
2024-11-01,21:00,test,2024,2024,18,18.551429810094014,0.5514298100940138,18,19,false,2024,2024-11,macro_non_southerly,17.95,0.05000000000000071,18,true,-0.5014298100940131,-0.6014298100940145,1,true,false,false,true,-0.05000000000000071,0.5514298100940138,EXPERIMENT_ONLY
2024-11-01,22:00,test,2024,2024,18,18.35845958628771,0.3584595862877116,18,18,true,2024,2024-11,macro_non_southerly,17.95,0.05000000000000071,18,true,-0.30845958628771086,-0.4084595862877123,0,true,false,false,false,-0.05000000000000071,0.3584595862877116,EXPERIMENT_ONLY
2024-11-01,23:00,test,2024,2024,18,18.53110124636313,0.5311012463631286,18,19,false,2024,2024-11,macro_non_southerly,17.95,0.05000000000000071,18,true,-0.4811012463631279,-0.5811012463631293,1,true,false,false,true,-0.05000000000000071,0.5311012463631286,EXPERIMENT_ONLY
2024-11-02,20:00,test,2024,2024,18,17.78785777312503,0.21214222687497042,18,18,true,2024,2024-11,macro_non_southerly,18.47,0.46999999999999886,18,true,0.25785777312502844,0.6821422268749693,0,false,true,false,false,0.46999999999999886,-0.21214222687497042,EXPERIMENT_ONLY
2024-11-02,21:00,test,2024,2024,18,18.003319188332863,0.0033191883328633764,18,18,true,2024,2024-11,macro_non_southerly,18.47,0.46999999999999886,18,true,0.4666808116671355,0.4666808116671355,0,false,true,false,false,0.46999999999999886,0.0033191883328633764,EXPERIMENT_ONLY
2024-11-02,22:00,test,2024,2024,18,18.21274870108338,0.21274870108338106,18,18,true,2024,2024-11,macro_non_southerly,18.47,0.46999999999999886,18,true,0.2572512989166178,0.2572512989166178,0,false,true,false,false,0.46999999999999886,0.21274870108338106,EXPERIMENT_ONLY
2024-11-02,23:00,test,2024,2024,18,18.235083722976572,0.23508372297657232,18,18,true,2024,2024-11,macro_non_southerly,18.47,0.46999999999999886,18,true,0.23491627702342655,0.23491627702342655,0,false,true,false,false,0.46999999999999886,0.23508372297657232,EXPERIMENT_ONLY
2024-11-03,20:00,test,2024,2024,13,12.873997610496549,0.12600238950345144,13,13,true,2024,2024-11,macro_southerly_flow,12.95,0.05000000000000071,13,true,-0.07600238950345073,0.07600238950345073,0,true,false,false,false,-0.05000000000000071,-0.12600238950345144,EXPERIMENT_ONLY
2024-11-03,21:00,test,2024,2024,13,13.014052234965952,0.014052234965951982,13,13,true,2024,2024-11,macro_southerly_flow,12.95,0.05000000000000071,13,true,0.03594776503404873,-0.06405223496595269,0,false,true,false,false,-0.05000000000000071,0.014052234965951982,EXPERIMENT_ONLY
2024-11-03,22:00,test,2024,2024,13,12.607396171065439,0.39260382893456125,13,13,true,2024,2024-11,macro_southerly_flow,12.95,0.05000000000000071,13,true,-0.34260382893456054,0.34260382893456054,0,true,false,false,false,-0.05000000000000071,-0.39260382893456125,EXPERIMENT_ONLY
2024-11-03,23:00,test,2024,2024,13,12.541046324740904,0.4589536752590959,13,13,true,2024,2024-11,macro_southerly_flow,12.95,0.05000000000000071,13,true,-0.4089536752590952,0.4089536752590952,0,true,false,false,false,-0.05000000000000071,-0.4589536752590959,EXPERIMENT_ONLY
2024-11-04,20:00,test,2024,2024,16,15.876887937693036,0.12311206230696392,16,16,true,2024,2024-11,macro_non_southerly,15.73,0.2699999999999996,16,true,0.14688793769303565,-0.14688793769303565,0,false,true,false,false,-0.2699999999999996,-0.12311206230696392,EXPERIMENT_ONLY
2024-11-04,21:00,test,2024,2024,16,16.518596916518288,0.5185969165182875,16,17,false,2024,2024-11,macro_non_southerly,15.73,0.2699999999999996,16,true,-0.24859691651828797,-0.7885969165182871,1,true,false,false,true,-0.2699999999999996,0.5185969165182875,EXPERIMENT_ONLY
2024-11-04,22:00,test,2024,2024,16,16.156828479920616,0.1568284799206161,16,16,true,2024,2024-11,macro_non_southerly,15.73,0.2699999999999996,16,true,0.11317152007938347,-0.4268284799206157,0,false,true,false,false,-0.2699999999999996,0.1568284799206161,EXPERIMENT_ONLY
2024-11-04,23:00,test,2024,2024,16,16.278510538990595,0.2785105389905951,16,16,true,2024,2024-11,macro_non_southerly,15.73,0.2699999999999996,16,true,-0.008510538990595506,-0.5485105389905947,0,true,false,false,false,-0.2699999999999996,0.2785105389905951,EXPERIMENT_ONLY
2024-11-05,20:00,test,2024,2024,17,18.455234318023948,1.4552343180239475,17,18,false,2024,2024-11,macro_non_southerly,17.27,0.2699999999999996,17,true,-1.185234318023948,-1.185234318023948,1,true,false,false,true,0.2699999999999996,1.4552343180239475,EXPERIMENT_ONLY
2024-11-05,21:00,test,2024,2024,17,18.509913229797085,1.5099132297970854,17,19,false,2024,2024-11,macro_non_southerly,17.27,0.2699999999999996,17,true,-1.2399132297970858,-1.2399132297970858,1,true,false,false,true,0.2699999999999996,1.5099132297970854,EXPERIMENT_ONLY
2024-11-05,22:00,test,2024,2024,17,18.393730882057405,1.3937308820574046,17,18,false,2024,2024-11,macro_non_southerly,17.27,0.2699999999999996,17,true,-1.123730882057405,-1.123730882057405,1,true,false,false,true,0.2699999999999996,1.3937308820574046,EXPERIMENT_ONLY
2024-11-05,23:00,test,2024,2024,17,18.17683435318615,1.1768343531861483,17,18,false,2024,2024-11,macro_non_southerly,17.27,0.2699999999999996,17,true,-0.9068343531861487,-0.9068343531861487,1,true,false,false,true,0.2699999999999996,1.1768343531861483,EXPERIMENT_ONLY
2024-11-06,20:00,test,2024,2024,16,16.221025496293016,0.2210254962930165,16,16,true,2024,2024-11,macro_southerly_flow,17.39,1.3900000000000006,17,false,1.168974503706984,1.168974503706984,-1,false,true,true,false,1.3900000000000006,0.2210254962930165,EXPERIMENT_ONLY
2024-11-06,21:00,test,2024,2024,16,17.13130288923992,1.1313028892399188,16,17,false,2024,2024-11,macro_non_southerly,17.39,1.3900000000000006,17,false,0.2586971107600817,0.2586971107600817,0,false,true,false,false,1.3900000000000006,1.1313028892399188,EXPERIMENT_ONLY
2024-11-06,22:00,test,2024,2024,16,16.976162491780812,0.976162491780812,16,17,false,2024,2024-11,macro_non_southerly,17.39,1.3900000000000006,17,false,0.4138375082191885,0.4138375082191885,0,false,true,false,false,1.3900000000000006,0.976162491780812,EXPERIMENT_ONLY
2024-11-06,23:00,test,2024,2024,16,17.49617756639326,1.4961775663932606,16,17,false,2024,2024-11,macro_non_southerly,17.39,1.3900000000000006,17,false,-0.10617756639326004,-0.10617756639326004,0,true,false,false,false,1.3900000000000006,1.4961775663932606,EXPERIMENT_ONLY
2024-11-07,20:00,test,2024,2024,18,18.727485955824644,0.727485955824644,18,19,false,2024,2024-11,macro_non_southerly,18.05,0.05000000000000071,18,true,-0.6774859558246433,-0.6774859558246433,1,true,false,false,true,0.05000000000000071,0.727485955824644,EXPERIMENT_ONLY
2024-11-07,21:00,test,2024,2024,18,18.697099429107453,0.6970994291074533,18,19,false,2024,2024-11,macro_non_southerly,18.05,0.05000000000000071,18,true,-0.6470994291074526,-0.6470994291074526,1,true,false,false,true,0.05000000000000071,0.6970994291074533,EXPERIMENT_ONLY
2024-11-07,22:00,test,2024,2024,18,18.535246624612206,0.5352466246122063,18,19,false,2024,2024-11,macro_non_southerly,18.05,0.05000000000000071,18,true,-0.4852466246122056,-0.4852466246122056,1,true,false,false,true,0.05000000000000071,0.5352466246122063,EXPERIMENT_ONLY
2024-11-07,23:00,test,2024,2024,18,19.428187270018178,1.428187270018178,18,19,false,2024,2024-11,macro_non_southerly,18.05,0.05000000000000071,18,true,-1.3781872700181772,-1.3781872700181772,1,true,false,false,true,0.05000000000000071,1.428187270018178,EXPERIMENT_ONLY
2024-11-08,20:00,test,2024,2024,19,19.475045231714283,0.47504523171428303,19,19,true,2024,2024-11,macro_non_southerly,18.05,0.9499999999999993,18,false,0.47495476828571626,-1.4250452317142823,-1,false,true,true,false,-0.9499999999999993,0.47504523171428303,EXPERIMENT_ONLY
2024-11-08,21:00,test,2024,2024,19,19.680385232709106,0.6803852327091064,19,20,false,2024,2024-11,macro_non_southerly,18.05,0.9499999999999993,18,false,0.26961476729089284,-1.6303852327091057,0,false,true,false,false,-0.9499999999999993,0.6803852327091064,EXPERIMENT_ONLY
2024-11-08,22:00,test,2024,2024,19,19.2069121167364,0.20691211673640098,19,19,true,2024,2024-11,macro_non_southerly,18.05,0.9499999999999993,18,false,0.7430878832635983,-1.1569121167364003,-1,false,true,true,false,-0.9499999999999993,0.20691211673640098,EXPERIMENT_ONLY
2024-11-08,23:00,test,2024,2024,19,19.408591525991948,0.40859152599194815,19,19,true,2024,2024-11,macro_non_southerly,18.05,0.9499999999999993,18,false,0.5414084740080511,-1.3585915259919474,-1,false,true,true,false,-0.9499999999999993,0.40859152599194815,EXPERIMENT_ONLY
2024-11-09,20:00,test,2024,2024,19,20.055275960086465,1.0552759600864654,19,20,false,2024,2024-11,macro_non_southerly,18.59,0.41000000000000014,19,true,-0.6452759600864653,-1.4652759600864655,1,true,false,false,true,-0.41000000000000014,1.0552759600864654,EXPERIMENT_ONLY
2024-11-09,21:00,test,2024,2024,19,20.132278646662193,1.1322786466621935,19,20,false,2024,2024-11,macro_non_southerly,18.59,0.41000000000000014,19,true,-0.7222786466621933,-1.5422786466621936,1,true,false,false,true,-0.41000000000000014,1.1322786466621935,EXPERIMENT_ONLY
2024-11-09,22:00,test,2024,2024,19,20.076062578408756,1.0760625784087559,19,20,false,2024,2024-11,macro_non_southerly,18.59,0.41000000000000014,19,true,-0.6660625784087557,-1.486062578408756,1,true,false,false,true,-0.41000000000000014,1.0760625784087559,EXPERIMENT_ONLY
2024-11-09,23:00,test,2024,2024,19,20.081632403976794,1.0816324039767942,19,20,false,2024,2024-11,macro_non_southerly,18.59,0.41000000000000014,19,true,-0.671632403976794,-1.4916324039767943,1,true,false,false,true,-0.41000000000000014,1.0816324039767942,EXPERIMENT_ONLY
2024-11-10,20:00,test,2024,2024,19,19.116361817697122,0.11636181769712195,19,19,true,2024,2024-11,macro_southerly_flow,19.009999999999998,0.00999999999999801,19,true,-0.10636181769712394,-0.10636181769712394,0,true,false,false,false,0.00999999999999801,0.11636181769712195,EXPERIMENT_ONLY
2024-11-10,21:00,test,2024,2024,19,19.189088651956308,0.18908865195630753,19,19,true,2024,2024-11,macro_southerly_flow,19.009999999999998,0.00999999999999801,19,true,-0.17908865195630952,-0.17908865195630952,0,true,false,false,false,0.00999999999999801,0.18908865195630753,EXPERIMENT_ONLY
2024-11-10,22:00,test,2024,2024,19,19.718569036598875,0.7185690365988755,19,20,false,2024,2024-11,macro_southerly_flow,19.009999999999998,0.00999999999999801,19,true,-0.7085690365988775,-0.7085690365988775,1,true,false,false,true,0.00999999999999801,0.7185690365988755,EXPERIMENT_ONLY
2024-11-10,23:00,test,2024,2024,19,19.42262748930235,0.42262748930235006,19,19,true,2024,2024-11,macro_southerly_flow,19.009999999999998,0.00999999999999801,19,true,-0.41262748930235205,-0.41262748930235205,0,true,false,false,false,0.00999999999999801,0.42262748930235006,EXPERIMENT_ONLY
2024-11-11,20:00,test,2024,2024,19,18.424151349862044,0.5758486501379565,19,18,false,2024,2024-11,macro_non_southerly,19.67,0.6700000000000017,20,false,0.09415134986204521,1.2458486501379582,0,false,true,false,false,0.6700000000000017,-0.5758486501379565,EXPERIMENT_ONLY
2024-11-11,21:00,test,2024,2024,19,18.86306911025488,0.1369308897451198,19,19,true,2024,2024-11,macro_non_southerly,19.67,0.6700000000000017,20,false,0.5330691102548819,0.8069308897451215,-1,false,true,true,false,0.6700000000000017,-0.1369308897451198,EXPERIMENT_ONLY
2024-11-11,22:00,test,2024,2024,19,18.684988380803308,0.3150116191966923,19,19,true,2024,2024-11,macro_non_southerly,19.67,0.6700000000000017,20,false,0.3549883808033094,0.985011619196694,-1,false,true,true,false,0.6700000000000017,-0.3150116191966923,EXPERIMENT_ONLY
2024-11-11,23:00,test,2024,2024,19,18.76837648789748,0.2316235121025194,19,19,true,2024,2024-11,macro_non_southerly,19.67,0.6700000000000017,20,false,0.4383764878974823,0.9016235121025211,-1,false,true,true,false,0.6700000000000017,-0.2316235121025194,EXPERIMENT_ONLY
2024-11-12,20:00,test,2024,2024,18,17.172563999754693,0.8274360002453065,18,17,false,2024,2024-11,macro_southerly_flow,19.59,1.5899999999999999,20,false,0.7625639997546934,2.4174360002453064,0,false,true,false,false,1.5899999999999999,-0.8274360002453065,EXPERIMENT_ONLY
2024-11-12,21:00,test,2024,2024,18,17.73290645993515,0.26709354006484887,18,18,true,2024,2024-11,macro_southerly_flow,19.59,1.5899999999999999,20,false,1.322906459935151,1.8570935400648487,-1,false,true,true,false,1.5899999999999999,-0.26709354006484887,EXPERIMENT_ONLY
2024-11-12,22:00,test,2024,2024,18,17.33354635050077,0.6664536494992284,18,17,false,2024,2024-11,macro_southerly_flow,19.59,1.5899999999999999,20,false,0.9235463505007715,2.256453649499228,0,false,true,false,false,1.5899999999999999,-0.6664536494992284,EXPERIMENT_ONLY
2024-11-12,23:00,test,2024,2024,18,17.334855835549984,0.665144164450016,18,17,false,2024,2024-11,macro_southerly_flow,19.59,1.5899999999999999,20,false,0.9248558355499839,2.255144164450016,0,false,true,false,false,1.5899999999999999,-0.665144164450016,EXPERIMENT_ONLY
2024-11-13,20:00,test,2024,2024,20,19.635280366920007,0.3647196330799929,20,20,true,2024,2024-11,macro_non_southerly,20.310000000000002,0.3100000000000023,20,true,-0.054719633079990615,0.6747196330799952,0,true,false,false,false,0.3100000000000023,-0.3647196330799929,EXPERIMENT_ONLY
2024-11-13,21:00,test,2024,2024,20,20.55407670684774,0.5540767068477415,20,21,false,2024,2024-11,macro_non_southerly,20.310000000000002,0.3100000000000023,20,true,-0.2440767068477392,-0.2440767068477392,1,true,false,false,true,0.3100000000000023,0.5540767068477415,EXPERIMENT_ONLY
2024-11-13,22:00,test,2024,2024,20,19.688711528630137,0.3112884713698634,20,20,true,2024,2024-11,macro_non_southerly,20.310000000000002,0.3100000000000023,20,true,-0.0012884713698610994,0.6212884713698656,0,true,false,false,false,0.3100000000000023,-0.3112884713698634,EXPERIMENT_ONLY
2024-11-13,23:00,test,2024,2024,20,19.76130335516859,0.2386966448314105,20,20,true,2024,2024-11,macro_non_southerly,20.310000000000002,0.3100000000000023,20,true,0.07130335516859176,0.5486966448314128,0,false,true,false,false,0.3100000000000023,-0.2386966448314105,EXPERIMENT_ONLY
2024-11-14,20:00,test,2024,2024,21,19.849611431987835,1.1503885680121648,21,20,false,2024,2024-11,macro_non_southerly,19.91,1.0899999999999999,20,false,-0.06038856801216497,0.06038856801216497,0,true,false,false,false,-1.0899999999999999,-1.1503885680121648,EXPERIMENT_ONLY
2024-11-14,21:00,test,2024,2024,21,19.875637719199545,1.1243622808004545,21,20,false,2024,2024-11,macro_non_southerly,19.91,1.0899999999999999,20,false,-0.03436228080045467,0.03436228080045467,0,true,false,false,false,-1.0899999999999999,-1.1243622808004545,EXPERIMENT_ONLY
2024-11-14,22:00,test,2024,2024,21,19.640684268692727,1.359315731307273,21,20,false,2024,2024-11,macro_non_southerly,19.91,1.0899999999999999,20,false,-0.26931573130727315,0.26931573130727315,0,true,false,false,false,-1.0899999999999999,-1.359315731307273,EXPERIMENT_ONLY
2024-11-14,23:00,test,2024,2024,21,20.327199353172837,0.672800646827163,21,20,false,2024,2024-11,macro_non_southerly,19.91,1.0899999999999999,20,false,0.41719935317283685,-0.41719935317283685,0,false,true,false,false,-1.0899999999999999,-0.672800646827163,EXPERIMENT_ONLY
2024-11-15,20:00,test,2024,2024,18,19.36550948358086,1.3655094835808583,18,19,false,2024,2024-11,macro_non_southerly,18.27,0.2699999999999996,18,true,-1.0955094835808588,-1.0955094835808588,1,true,false,false,true,0.2699999999999996,1.3655094835808583,EXPERIMENT_ONLY
2024-11-15,21:00,test,2024,2024,18,19.216118319674393,1.2161183196743934,18,19,false,2024,2024-11,macro_non_southerly,18.27,0.2699999999999996,18,true,-0.9461183196743939,-0.9461183196743939,1,true,false,false,true,0.2699999999999996,1.2161183196743934,EXPERIMENT_ONLY
2024-11-15,22:00,test,2024,2024,18,19.083471339801147,1.0834713398011466,18,19,false,2024,2024-11,macro_non_southerly,18.27,0.2699999999999996,18,true,-0.813471339801147,-0.813471339801147,1,true,false,false,true,0.2699999999999996,1.0834713398011466,EXPERIMENT_ONLY
2024-11-15,23:00,test,2024,2024,18,18.70472847284293,0.7047284728429304,18,19,false,2024,2024-11,macro_non_southerly,18.27,0.2699999999999996,18,true,-0.4347284728429308,-0.4347284728429308,1,true,false,false,true,0.2699999999999996,0.7047284728429304,EXPERIMENT_ONLY
2024-11-16,20:00,test,2024,2024,14,14.098430295270544,0.09843029527054448,14,14,true,2024,2024-11,macro_southerly_flow,14.65,0.6500000000000004,15,false,0.5515697047294559,0.5515697047294559,-1,false,true,true,false,0.6500000000000004,0.09843029527054448,EXPERIMENT_ONLY
2024-11-16,21:00,test,2024,2024,14,13.069096407054245,0.9309035929457554,14,13,false,2024,2024-11,macro_southerly_flow,14.65,0.6500000000000004,15,false,-0.28090359294575507,1.5809035929457558,0,true,false,false,false,0.6500000000000004,-0.9309035929457554,EXPERIMENT_ONLY
2024-11-16,22:00,test,2024,2024,14,12.81011709824651,1.1898829017534904,14,13,false,2024,2024-11,macro_southerly_flow,14.65,0.6500000000000004,15,false,-0.5398829017534901,1.8398829017534908,0,true,false,false,false,0.6500000000000004,-1.1898829017534904,EXPERIMENT_ONLY
2024-11-16,23:00,test,2024,2024,14,13.843330961773452,0.1566690382265481,14,14,true,2024,2024-11,macro_southerly_flow,14.65,0.6500000000000004,15,false,0.49333096177345226,0.8066690382265485,-1,false,true,true,false,0.6500000000000004,-0.1566690382265481,EXPERIMENT_ONLY
2024-11-17,20:00,test,2024,2024,15,14.160971853915733,0.8390281460842672,15,14,false,2024,2024-11,macro_southerly_flow,15.37,0.3699999999999992,15,true,-0.469028146084268,1.2090281460842665,1,true,false,false,true,0.3699999999999992,-0.8390281460842672,EXPERIMENT_ONLY
2024-11-17,21:00,test,2024,2024,15,14.117487935149445,0.8825120648505553,15,14,false,2024,2024-11,macro_southerly_flow,15.37,0.3699999999999992,15,true,-0.5125120648505561,1.2525120648505546,1,true,false,false,true,0.3699999999999992,-0.8825120648505553,EXPERIMENT_ONLY
2024-11-17,22:00,test,2024,2024,15,13.991464958078916,1.0085350419210837,15,14,false,2024,2024-11,macro_southerly_flow,15.37,0.3699999999999992,15,true,-0.6385350419210845,1.378535041921083,1,true,false,false,true,0.3699999999999992,-1.0085350419210837,EXPERIMENT_ONLY
2024-11-17,23:00,test,2024,2024,15,14.096513279246146,0.903486720753854,15,14,false,2024,2024-11,macro_southerly_flow,15.37,0.3699999999999992,15,true,-0.5334867207538547,1.2734867207538532,1,true,false,false,true,0.3699999999999992,-0.903486720753854,EXPERIMENT_ONLY
2024-11-18,20:00,test,2024,2024,20,17.901143366494946,2.0988566335050542,20,18,false,2024,2024-11,macro_non_southerly,18.630000000000003,1.3699999999999974,19,false,-0.7288566335050568,0.7288566335050568,0,true,false,false,false,-1.3699999999999974,-2.0988566335050542,EXPERIMENT_ONLY
2024-11-18,21:00,test,2024,2024,20,18.800567036545683,1.199432963454317,20,19,false,2024,2024-11,macro_non_southerly,18.630000000000003,1.3699999999999974,19,false,0.1705670365456804,-0.1705670365456804,0,false,true,false,false,-1.3699999999999974,-1.199432963454317,EXPERIMENT_ONLY
2024-11-18,22:00,test,2024,2024,20,18.556401089053853,1.4435989109461467,20,19,false,2024,2024-11,macro_non_southerly,18.630000000000003,1.3699999999999974,19,false,-0.07359891094614923,0.07359891094614923,0,true,false,false,false,-1.3699999999999974,-1.4435989109461467,EXPERIMENT_ONLY
2024-11-18,23:00,test,2024,2024,20,18.726181678369496,1.273818321630504,20,19,false,2024,2024-11,macro_non_southerly,18.630000000000003,1.3699999999999974,19,false,0.09618167836949354,-0.09618167836949354,0,false,true,false,false,-1.3699999999999974,-1.273818321630504,EXPERIMENT_ONLY
2024-11-19,20:00,test,2024,2024,19,18.67110469736559,0.328895302634411,19,19,true,2024,2024-11,macro_non_southerly,18.29,0.7100000000000009,18,false,0.38110469736558983,-0.38110469736558983,-1,false,true,true,false,-0.7100000000000009,-0.328895302634411,EXPERIMENT_ONLY
2024-11-19,21:00,test,2024,2024,19,19.472510730770576,0.47251073077057626,19,19,true,2024,2024-11,macro_non_southerly,18.29,0.7100000000000009,18,false,0.2374892692294246,-1.1825107307705771,-1,false,true,true,false,-0.7100000000000009,0.47251073077057626,EXPERIMENT_ONLY
2024-11-19,22:00,test,2024,2024,19,19.436979243901348,0.436979243901348,19,19,true,2024,2024-11,macro_non_southerly,18.29,0.7100000000000009,18,false,0.27302075609865284,-1.1469792439013489,-1,false,true,true,false,-0.7100000000000009,0.436979243901348,EXPERIMENT_ONLY
2024-11-19,23:00,test,2024,2024,19,19.634364443213766,0.6343644432137658,19,20,false,2024,2024-11,macro_non_southerly,18.29,0.7100000000000009,18,false,0.07563555678623501,-1.3443644432137667,0,false,true,false,false,-0.7100000000000009,0.6343644432137658,EXPERIMENT_ONLY
2024-11-20,20:00,test,2024,2024,19,18.751620487874398,0.24837951212560228,19,19,true,2024,2024-11,macro_non_southerly,18.29,0.7100000000000009,18,false,0.4616204878743986,-0.4616204878743986,-1,false,true,true,false,-0.7100000000000009,-0.24837951212560228,EXPERIMENT_ONLY
2024-11-20,21:00,test,2024,2024,19,18.6367328476071,0.3632671523929005,19,19,true,2024,2024-11,macro_non_southerly,18.29,0.7100000000000009,18,false,0.3467328476071003,-0.3467328476071003,-1,false,true,true,false,-0.7100000000000009,-0.3632671523929005,EXPERIMENT_ONLY
2024-11-20,22:00,test,2024,2024,19,18.464347450482684,0.5356525495173159,19,18,false,2024,2024-11,macro_non_southerly,18.29,0.7100000000000009,18,false,0.17434745048268496,-0.17434745048268496,0,false,true,false,false,-0.7100000000000009,-0.5356525495173159,EXPERIMENT_ONLY
2024-11-20,23:00,test,2024,2024,19,18.45068054450538,0.5493194554946186,19,18,false,2024,2024-11,macro_non_southerly,18.29,0.7100000000000009,18,false,0.16068054450538227,-0.16068054450538227,0,false,true,false,false,-0.7100000000000009,-0.5493194554946186,EXPERIMENT_ONLY
2024-11-21,20:00,test,2024,2024,17,18.468004890517552,1.4680048905175518,17,18,false,2024,2024-11,macro_non_southerly,16.39,0.6099999999999994,16,false,-0.8580048905175524,-2.078004890517551,0,true,false,false,false,-0.6099999999999994,1.4680048905175518,EXPERIMENT_ONLY
2024-11-21,21:00,test,2024,2024,17,18.59170860184771,1.59170860184771,17,19,false,2024,2024-11,macro_non_southerly,16.39,0.6099999999999994,16,false,-0.9817086018477106,-2.2017086018477094,0,true,false,false,false,-0.6099999999999994,1.59170860184771,EXPERIMENT_ONLY
2024-11-21,22:00,test,2024,2024,17,16.772090308360664,0.2279096916393364,17,17,true,2024,2024-11,macro_non_southerly,16.39,0.6099999999999994,16,false,0.38209030836066304,-0.38209030836066304,-1,false,true,true,false,-0.6099999999999994,-0.2279096916393364,EXPERIMENT_ONLY
2024-11-21,23:00,test,2024,2024,17,16.321503776967102,0.6784962230328979,17,16,false,2024,2024-11,macro_non_southerly,16.39,0.6099999999999994,16,false,-0.06849622303289848,0.06849622303289848,0,true,false,false,false,-0.6099999999999994,-0.6784962230328979,EXPERIMENT_ONLY
2024-11-22,20:00,test,2024,2024,17,14.971178256490319,2.028821743509681,17,15,false,2024,2024-11,macro_southerly_flow,16.57,0.4299999999999997,17,true,-1.5988217435096814,1.5988217435096814,1,true,false,false,true,-0.4299999999999997,-2.028821743509681,EXPERIMENT_ONLY
2024-11-22,21:00,test,2024,2024,17,14.781606595761854,2.218393404238146,17,15,false,2024,2024-11,macro_southerly_flow,16.57,0.4299999999999997,17,true,-1.7883934042381462,1.7883934042381462,1,true,false,false,true,-0.4299999999999997,-2.218393404238146,EXPERIMENT_ONLY
2024-11-22,22:00,test,2024,2024,17,14.755132129564934,2.2448678704350655,17,15,false,2024,2024-11,macro_southerly_flow,16.57,0.4299999999999997,17,true,-1.8148678704350658,1.8148678704350658,1,true,false,false,true,-0.4299999999999997,-2.2448678704350655,EXPERIMENT_ONLY
2024-11-22,23:00,test,2024,2024,17,15.304325167835202,1.6956748321647979,17,15,false,2024,2024-11,macro_southerly_flow,16.57,0.4299999999999997,17,true,-1.2656748321647981,1.2656748321647981,1,true,false,false,true,-0.4299999999999997,-1.6956748321647979,EXPERIMENT_ONLY
2024-11-23,20:00,test,2024,2024,16,17.52435598132095,1.5243559813209515,16,18,false,2024,2024-11,macro_non_southerly,16.45,0.4499999999999993,16,true,-1.0743559813209522,-1.0743559813209522,1,true,false,false,true,0.4499999999999993,1.5243559813209515,EXPERIMENT_ONLY
2024-11-23,21:00,test,2024,2024,16,17.608806889101874,1.6088068891018743,16,18,false,2024,2024-11,macro_non_southerly,16.45,0.4499999999999993,16,true,-1.158806889101875,-1.158806889101875,1,true,false,false,true,0.4499999999999993,1.6088068891018743,EXPERIMENT_ONLY
2024-11-23,22:00,test,2024,2024,16,17.24645724393793,1.246457243937929,16,17,false,2024,2024-11,macro_non_southerly,16.45,0.4499999999999993,16,true,-0.7964572439379296,-0.7964572439379296,1,true,false,false,true,0.4499999999999993,1.246457243937929,EXPERIMENT_ONLY
2024-11-23,23:00,test,2024,2024,16,17.209964790050254,1.209964790050254,16,17,false,2024,2024-11,macro_non_southerly,16.45,0.4499999999999993,16,true,-0.7599647900502546,-0.7599647900502546,1,true,false,false,true,0.4499999999999993,1.209964790050254,EXPERIMENT_ONLY
2024-11-24,20:00,test,2024,2024,18,17.262686020190685,0.7373139798093149,18,17,false,2024,2024-11,macro_non_southerly,17.71,0.28999999999999915,18,true,-0.44731397980931575,0.44731397980931575,1,true,false,false,true,-0.28999999999999915,-0.7373139798093149,EXPERIMENT_ONLY
2024-11-24,21:00,test,2024,2024,18,17.291276753637927,0.708723246362073,18,17,false,2024,2024-11,macro_non_southerly,17.71,0.28999999999999915,18,true,-0.4187232463620738,0.4187232463620738,1,true,false,false,true,-0.28999999999999915,-0.708723246362073,EXPERIMENT_ONLY
2024-11-24,22:00,test,2024,2024,18,17.33143869602853,0.6685613039714688,18,17,false,2024,2024-11,macro_non_southerly,17.71,0.28999999999999915,18,true,-0.3785613039714697,0.3785613039714697,1,true,false,false,true,-0.28999999999999915,-0.6685613039714688,EXPERIMENT_ONLY
2024-11-24,23:00,test,2024,2024,18,17.899423799042516,0.10057620095748376,18,18,true,2024,2024-11,macro_non_southerly,17.71,0.28999999999999915,18,true,0.18942379904251538,-0.18942379904251538,0,false,true,false,false,-0.28999999999999915,-0.10057620095748376,EXPERIMENT_ONLY
2024-11-25,20:00,test,2024,2024,20,19.837205315477984,0.16279468452201584,20,20,true,2024,2024-11,macro_non_southerly,19.830000000000002,0.16999999999999815,20,true,0.00720531547798231,-0.00720531547798231,0,false,true,false,false,-0.16999999999999815,-0.16279468452201584,EXPERIMENT_ONLY
2024-11-25,21:00,test,2024,2024,20,20.40652209878588,0.4065220987858815,20,20,true,2024,2024-11,macro_non_southerly,19.830000000000002,0.16999999999999815,20,true,-0.23652209878588337,-0.5765220987858797,0,true,false,false,false,-0.16999999999999815,0.4065220987858815,EXPERIMENT_ONLY
2024-11-25,22:00,test,2024,2024,20,20.264264358139968,0.2642643581399682,20,20,true,2024,2024-11,macro_non_southerly,19.830000000000002,0.16999999999999815,20,true,-0.09426435813997003,-0.43426435813996633,0,true,false,false,false,-0.16999999999999815,0.2642643581399682,EXPERIMENT_ONLY
2024-11-25,23:00,test,2024,2024,20,20.32230116725749,0.32230116725748914,20,20,true,2024,2024-11,macro_non_southerly,19.830000000000002,0.16999999999999815,20,true,-0.152301167257491,-0.4923011672574873,0,true,false,false,false,-0.16999999999999815,0.32230116725748914,EXPERIMENT_ONLY
2024-11-26,20:00,test,2024,2024,21,21.023930652109055,0.023930652109054762,21,21,true,2024,2024-11,macro_non_southerly,21.330000000000002,0.33000000000000185,21,true,0.3060693478909471,0.3060693478909471,0,false,true,false,false,0.33000000000000185,0.023930652109054762,EXPERIMENT_ONLY
2024-11-26,21:00,test,2024,2024,21,21.059251447144486,0.05925144714448649,21,21,true,2024,2024-11,macro_non_southerly,21.330000000000002,0.33000000000000185,21,true,0.27074855285551536,0.27074855285551536,0,false,true,false,false,0.33000000000000185,0.05925144714448649,EXPERIMENT_ONLY
2024-11-26,22:00,test,2024,2024,21,20.824473071922657,0.1755269280773426,21,21,true,2024,2024-11,macro_non_southerly,21.330000000000002,0.33000000000000185,21,true,0.15447307192265924,0.5055269280773445,0,false,true,false,false,0.33000000000000185,-0.1755269280773426,EXPERIMENT_ONLY
2024-11-26,23:00,test,2024,2024,21,20.84912339387707,0.15087660612293163,21,21,true,2024,2024-11,macro_non_southerly,21.330000000000002,0.33000000000000185,21,true,0.1791233938770702,0.4808766061229335,0,false,true,false,false,0.33000000000000185,-0.15087660612293163,EXPERIMENT_ONLY
2024-11-27,20:00,test,2024,2024,21,20.338110045148156,0.6618899548518442,21,20,false,2024,2024-11,macro_non_southerly,21.07,0.07000000000000028,21,true,-0.5918899548518439,0.7318899548518445,1,true,false,false,true,0.07000000000000028,-0.6618899548518442,EXPERIMENT_ONLY
2024-11-27,21:00,test,2024,2024,21,20.485682058819744,0.5143179411802556,21,20,false,2024,2024-11,macro_non_southerly,21.07,0.07000000000000028,21,true,-0.44431794118025536,0.5843179411802559,1,true,false,false,true,0.07000000000000028,-0.5143179411802556,EXPERIMENT_ONLY
2024-11-27,22:00,test,2024,2024,21,19.713826730131895,1.2861732698681045,21,20,false,2024,2024-11,macro_non_southerly,21.07,0.07000000000000028,21,true,-1.2161732698681043,1.3561732698681048,1,true,false,false,true,0.07000000000000028,-1.2861732698681045,EXPERIMENT_ONLY
2024-11-27,23:00,test,2024,2024,21,19.44831248894748,1.5516875110525206,21,19,false,2024,2024-11,macro_non_southerly,21.07,0.07000000000000028,21,true,-1.4816875110525203,1.6216875110525208,1,true,false,false,true,0.07000000000000028,-1.5516875110525206,EXPERIMENT_ONLY
2024-11-28,20:00,test,2024,2024,19,20.53911123211676,1.5391112321167597,19,21,false,2024,2024-11,macro_non_southerly,19.21,0.21000000000000085,19,true,-1.3291112321167589,-1.3291112321167589,1,true,false,false,true,0.21000000000000085,1.5391112321167597,EXPERIMENT_ONLY
2024-11-28,21:00,test,2024,2024,19,20.684044707971488,1.6840447079714878,19,21,false,2024,2024-11,macro_non_southerly,19.21,0.21000000000000085,19,true,-1.474044707971487,-1.474044707971487,1,true,false,false,true,0.21000000000000085,1.6840447079714878,EXPERIMENT_ONLY
2024-11-28,22:00,test,2024,2024,19,20.686027092291884,1.6860270922918836,19,21,false,2024,2024-11,macro_non_southerly,19.21,0.21000000000000085,19,true,-1.4760270922918828,-1.4760270922918828,1,true,false,false,true,0.21000000000000085,1.6860270922918836,EXPERIMENT_ONLY
2024-11-28,23:00,test,2024,2024,19,20.884243887005532,1.8842438870055318,19,21,false,2024,2024-11,macro_non_southerly,19.21,0.21000000000000085,19,true,-1.674243887005531,-1.674243887005531,1,true,false,false,true,0.21000000000000085,1.8842438870055318,EXPERIMENT_ONLY
2024-11-29,20:00,test,2024,2024,17,18.729753737465945,1.7297537374659449,17,19,false,2024,2024-11,macro_non_southerly,17.41,0.41000000000000014,17,true,-1.3197537374659447,-1.3197537374659447,1,true,false,false,true,0.41000000000000014,1.7297537374659449,EXPERIMENT_ONLY
2024-11-29,21:00,test,2024,2024,17,19.419585157006118,2.419585157006118,17,19,false,2024,2024-11,macro_southerly_flow,17.41,0.41000000000000014,17,true,-2.009585157006118,-2.009585157006118,1,true,false,false,true,0.41000000000000014,2.419585157006118,EXPERIMENT_ONLY
2024-11-29,22:00,test,2024,2024,17,19.108432949795688,2.108432949795688,17,19,false,2024,2024-11,macro_southerly_flow,17.41,0.41000000000000014,17,true,-1.6984329497956878,-1.6984329497956878,1,true,false,false,true,0.41000000000000014,2.108432949795688,EXPERIMENT_ONLY
2024-11-29,23:00,test,2024,2024,17,19.317640005690965,2.317640005690965,17,19,false,2024,2024-11,macro_southerly_flow,17.41,0.41000000000000014,17,true,-1.9076400056909648,-1.9076400056909648,1,true,false,false,true,0.41000000000000014,2.317640005690965,EXPERIMENT_ONLY
2024-11-30,20:00,test,2024,2024,17,16.854595843323086,0.1454041566769142,17,17,true,2024,2024-11,macro_southerly_flow,17.669999999999998,0.6699999999999982,18,false,0.524595843323084,0.8154041566769124,-1,false,true,true,false,0.6699999999999982,-0.1454041566769142,EXPERIMENT_ONLY
2024-11-30,21:00,test,2024,2024,17,16.96168324133062,0.038316758669381557,17,17,true,2024,2024-11,macro_southerly_flow,17.669999999999998,0.6699999999999982,18,false,0.6316832413306166,0.7083167586693797,-1,false,true,true,false,0.6699999999999982,-0.038316758669381557,EXPERIMENT_ONLY
2024-11-30,22:00,test,2024,2024,17,16.797190305517333,0.20280969448266717,17,17,true,2024,2024-11,macro_southerly_flow,17.669999999999998,0.6699999999999982,18,false,0.467190305517331,0.8728096944826653,-1,false,true,true,false,0.6699999999999982,-0.20280969448266717,EXPERIMENT_ONLY
2024-11-30,23:00,test,2024,2024,17,16.7990622503309,0.2009377496691016,17,17,true,2024,2024-11,macro_southerly_flow,17.669999999999998,0.6699999999999982,18,false,0.46906225033089655,0.8709377496690998,-1,false,true,true,false,0.6699999999999982,-0.2009377496691016,EXPERIMENT_ONLY
2024-12-01,20:00,test,2024,2024,22,19.768401966681225,2.2315980333187753,22,20,false,2024,2024-12,macro_non_southerly,20.55,1.4499999999999993,21,false,-0.781598033318776,0.781598033318776,0,true,false,false,false,-1.4499999999999993,-2.2315980333187753,EXPERIMENT_ONLY
2024-12-01,21:00,test,2024,2024,22,20.61875992676878,1.3812400732312184,22,21,false,2024,2024-12,macro_non_southerly,20.55,1.4499999999999993,21,false,0.06875992676878084,-0.06875992676878084,0,false,true,false,false,-1.4499999999999993,-1.3812400732312184,EXPERIMENT_ONLY
2024-12-01,22:00,test,2024,2024,22,20.443775004690803,1.5562249953091971,22,20,false,2024,2024-12,macro_non_southerly,20.55,1.4499999999999993,21,false,-0.10622499530919782,0.10622499530919782,0,true,false,false,false,-1.4499999999999993,-1.5562249953091971,EXPERIMENT_ONLY
2024-12-01,23:00,test,2024,2024,22,20.541191682288208,1.4588083177117923,22,21,false,2024,2024-12,macro_non_southerly,20.55,1.4499999999999993,21,false,-0.008808317711793023,0.008808317711793023,0,true,false,false,false,-1.4499999999999993,-1.4588083177117923,EXPERIMENT_ONLY
2024-12-02,20:00,test,2024,2024,22,21.301033106476172,0.6989668935238278,22,21,false,2024,2024-12,macro_non_southerly,19.810000000000002,2.1899999999999977,20,false,1.49103310647617,-1.49103310647617,0,false,true,false,false,-2.1899999999999977,-0.6989668935238278,EXPERIMENT_ONLY
2024-12-02,21:00,test,2024,2024,22,21.523124786484612,0.4768752135153882,22,22,true,2024,2024-12,macro_non_southerly,19.810000000000002,2.1899999999999977,20,false,1.7131247864846095,-1.7131247864846095,-1,false,true,true,false,-2.1899999999999977,-0.4768752135153882,EXPERIMENT_ONLY
2024-12-02,22:00,test,2024,2024,22,21.277979007902612,0.7220209920973879,22,21,false,2024,2024-12,macro_non_southerly,19.810000000000002,2.1899999999999977,20,false,1.4679790079026098,-1.4679790079026098,0,false,true,false,false,-2.1899999999999977,-0.7220209920973879,EXPERIMENT_ONLY
2024-12-02,23:00,test,2024,2024,22,21.376548978410927,0.623451021589073,22,21,false,2024,2024-12,macro_non_southerly,19.810000000000002,2.1899999999999977,20,false,1.5665489784109248,-1.5665489784109248,0,false,true,false,false,-2.1899999999999977,-0.623451021589073,EXPERIMENT_ONLY
2024-12-03,20:00,test,2024,2024,21,21.837105191835622,0.8371051918356223,21,22,false,2024,2024-12,macro_non_southerly,19.69,1.3099999999999987,20,false,0.47289480816437646,-2.147105191835621,0,false,true,false,false,-1.3099999999999987,0.8371051918356223,EXPERIMENT_ONLY
2024-12-03,21:00,test,2024,2024,21,21.852033554763192,0.8520335547631923,21,22,false,2024,2024-12,macro_non_southerly,19.69,1.3099999999999987,20,false,0.4579664452368064,-2.162033554763191,0,false,true,false,false,-1.3099999999999987,0.8520335547631923,EXPERIMENT_ONLY
2024-12-03,22:00,test,2024,2024,21,21.764715003174953,0.7647150031749526,21,22,false,2024,2024-12,macro_non_southerly,19.69,1.3099999999999987,20,false,0.5452849968250462,-2.0747150031749513,0,false,true,false,false,-1.3099999999999987,0.7647150031749526,EXPERIMENT_ONLY
2024-12-03,23:00,test,2024,2024,21,21.759531233422564,0.7595312334225639,21,22,false,2024,2024-12,macro_non_southerly,19.69,1.3099999999999987,20,false,0.5504687665774348,-2.0695312334225626,0,false,true,false,false,-1.3099999999999987,0.7595312334225639,EXPERIMENT_ONLY
2024-12-04,20:00,test,2024,2024,21,21.836029601216545,0.8360296012165449,21,22,false,2024,2024-12,macro_non_southerly,21.53,0.5300000000000011,22,false,-0.30602960121654377,-0.30602960121654377,0,true,false,false,false,0.5300000000000011,0.8360296012165449,EXPERIMENT_ONLY
2024-12-04,21:00,test,2024,2024,21,21.713234221401976,0.7132342214019758,21,22,false,2024,2024-12,macro_non_southerly,21.53,0.5300000000000011,22,false,-0.18323422140197465,-0.18323422140197465,0,true,false,false,false,0.5300000000000011,0.7132342214019758,EXPERIMENT_ONLY
2024-12-04,22:00,test,2024,2024,21,21.583905074987456,0.5839050749874559,21,22,false,2024,2024-12,macro_non_southerly,21.53,0.5300000000000011,22,false,-0.05390507498745478,-0.05390507498745478,0,true,false,false,false,0.5300000000000011,0.5839050749874559,EXPERIMENT_ONLY
2024-12-04,23:00,test,2024,2024,21,21.852501055251977,0.8525010552519774,21,22,false,2024,2024-12,macro_non_southerly,21.53,0.5300000000000011,22,false,-0.32250105525197625,-0.32250105525197625,0,true,false,false,false,0.5300000000000011,0.8525010552519774,EXPERIMENT_ONLY
2024-12-05,20:00,test,2024,2024,22,21.65755543129764,0.3424445687023585,22,22,true,2024,2024-12,macro_non_southerly,21.85,0.14999999999999858,22,true,-0.19244456870235993,0.19244456870235993,0,true,false,false,false,-0.14999999999999858,-0.3424445687023585,EXPERIMENT_ONLY
2024-12-05,21:00,test,2024,2024,22,21.870011868541884,0.12998813145811638,22,22,true,2024,2024-12,macro_non_southerly,21.85,0.14999999999999858,22,true,0.020011868541882194,-0.020011868541882194,0,false,true,false,false,-0.14999999999999858,-0.12998813145811638,EXPERIMENT_ONLY
2024-12-05,22:00,test,2024,2024,22,22.117784423694236,0.11778442369423558,22,22,true,2024,2024-12,macro_non_southerly,21.85,0.14999999999999858,22,true,0.032215576305762994,-0.26778442369423416,0,false,true,false,false,-0.14999999999999858,0.11778442369423558,EXPERIMENT_ONLY
2024-12-05,23:00,test,2024,2024,22,22.356200780413072,0.35620078041307224,22,22,true,2024,2024-12,macro_non_southerly,21.85,0.14999999999999858,22,true,-0.20620078041307366,-0.5062007804130708,0,true,false,false,false,-0.14999999999999858,0.35620078041307224,EXPERIMENT_ONLY
2024-12-06,20:00,test,2024,2024,19,19.586261469956018,0.5862614699560176,19,20,false,2024,2024-12,macro_non_southerly,18.509999999999998,0.490000000000002,19,true,-0.09626146995601559,-1.0762614699560196,1,true,false,false,true,-0.490000000000002,0.5862614699560176,EXPERIMENT_ONLY
2024-12-06,21:00,test,2024,2024,19,19.876656892356866,0.8766568923568663,19,20,false,2024,2024-12,macro_non_southerly,18.509999999999998,0.490000000000002,19,true,-0.3866568923568643,-1.3666568923568683,1,true,false,false,true,-0.490000000000002,0.8766568923568663,EXPERIMENT_ONLY
2024-12-06,22:00,test,2024,2024,19,18.73575547129472,0.26424452870528015,19,19,true,2024,2024-12,macro_southerly_flow,18.509999999999998,0.490000000000002,19,true,0.22575547129472184,-0.22575547129472184,0,false,true,false,false,-0.490000000000002,-0.26424452870528015,EXPERIMENT_ONLY
2024-12-06,23:00,test,2024,2024,19,19.73566852432163,0.7356685243216283,19,20,false,2024,2024-12,macro_non_southerly,18.509999999999998,0.490000000000002,19,true,-0.24566852432162634,-1.2256685243216303,1,true,false,false,true,-0.490000000000002,0.7356685243216283,EXPERIMENT_ONLY
2024-12-07,20:00,test,2024,2024,21,19.63236849737051,1.3676315026294894,21,20,false,2024,2024-12,macro_southerly_flow,20.59,0.41000000000000014,21,true,-0.9576315026294893,0.9576315026294893,1,true,false,false,true,-0.41000000000000014,-1.3676315026294894,EXPERIMENT_ONLY
2024-12-07,21:00,test,2024,2024,21,20.748609955759544,0.2513900442404555,21,21,true,2024,2024-12,macro_southerly_flow,20.59,0.41000000000000014,21,true,0.15860995575954462,-0.15860995575954462,0,false,true,false,false,-0.41000000000000014,-0.2513900442404555,EXPERIMENT_ONLY
2024-12-07,22:00,test,2024,2024,21,20.886851381525986,0.11314861847401403,21,21,true,2024,2024-12,macro_non_southerly,20.59,0.41000000000000014,21,true,0.2968513815259861,-0.2968513815259861,0,false,true,false,false,-0.41000000000000014,-0.11314861847401403,EXPERIMENT_ONLY
2024-12-07,23:00,test,2024,2024,21,21.030378334320222,0.030378334320221967,21,21,true,2024,2024-12,macro_non_southerly,20.59,0.41000000000000014,21,true,0.3796216656797782,-0.4403783343202221,0,false,true,false,false,-0.41000000000000014,0.030378334320221967,EXPERIMENT_ONLY
2024-12-08,20:00,test,2024,2024,20,21.18121448633655,1.1812144863365504,20,21,false,2024,2024-12,macro_non_southerly,19.369999999999997,0.6300000000000026,19,false,-0.5512144863365478,-1.811214486336553,0,true,false,false,false,-0.6300000000000026,1.1812144863365504,EXPERIMENT_ONLY
2024-12-08,21:00,test,2024,2024,20,20.936491641285148,0.9364916412851478,20,21,false,2024,2024-12,macro_non_southerly,19.369999999999997,0.6300000000000026,19,false,-0.3064916412851453,-1.5664916412851504,0,true,false,false,false,-0.6300000000000026,0.9364916412851478,EXPERIMENT_ONLY
2024-12-08,22:00,test,2024,2024,20,20.65728141396094,0.6572814139609413,20,21,false,2024,2024-12,macro_non_southerly,19.369999999999997,0.6300000000000026,19,false,-0.02728141396093875,-1.2872814139609439,0,true,false,false,false,-0.6300000000000026,0.6572814139609413,EXPERIMENT_ONLY
2024-12-08,23:00,test,2024,2024,20,20.930338068046872,0.930338068046872,20,21,false,2024,2024-12,macro_non_southerly,19.369999999999997,0.6300000000000026,19,false,-0.30033806804686947,-1.5603380680468746,0,true,false,false,false,-0.6300000000000026,0.930338068046872,EXPERIMENT_ONLY
2024-12-09,20:00,test,2024,2024,22,21.372403642472893,0.6275963575271071,22,21,false,2024,2024-12,macro_non_southerly,20.93,1.0700000000000003,21,false,0.4424036424728932,-0.4424036424728932,0,false,true,false,false,-1.0700000000000003,-0.6275963575271071,EXPERIMENT_ONLY
2024-12-09,21:00,test,2024,2024,22,21.386906002129297,0.6130939978707026,22,21,false,2024,2024-12,macro_non_southerly,20.93,1.0700000000000003,21,false,0.45690600212929766,-0.45690600212929766,0,false,true,false,false,-1.0700000000000003,-0.6130939978707026,EXPERIMENT_ONLY
2024-12-09,22:00,test,2024,2024,22,21.168152716143776,0.8318472838562236,22,21,false,2024,2024-12,macro_non_southerly,20.93,1.0700000000000003,21,false,0.23815271614377664,-0.23815271614377664,0,false,true,false,false,-1.0700000000000003,-0.8318472838562236,EXPERIMENT_ONLY
2024-12-09,23:00,test,2024,2024,22,21.17704666799915,0.82295333200085,22,21,false,2024,2024-12,macro_non_southerly,20.93,1.0700000000000003,21,false,0.24704666799915032,-0.24704666799915032,0,false,true,false,false,-1.0700000000000003,-0.82295333200085,EXPERIMENT_ONLY
2024-12-10,20:00,test,2024,2024,21,21.42866542312629,0.4286654231262901,21,21,true,2024,2024-12,macro_non_southerly,20.75,0.25,21,true,-0.17866542312629008,-0.6786654231262901,0,true,false,false,false,-0.25,0.4286654231262901,EXPERIMENT_ONLY
2024-12-10,21:00,test,2024,2024,21,22.270674123836454,1.2706741238364536,21,22,false,2024,2024-12,macro_non_southerly,20.75,0.25,21,true,-1.0206741238364536,-1.5206741238364536,1,true,false,false,true,-0.25,1.2706741238364536,EXPERIMENT_ONLY
2024-12-10,22:00,test,2024,2024,21,22.1349006244389,1.1349006244388988,21,22,false,2024,2024-12,macro_non_southerly,20.75,0.25,21,true,-0.8849006244388988,-1.3849006244388988,1,true,false,false,true,-0.25,1.1349006244388988,EXPERIMENT_ONLY
2024-12-10,23:00,test,2024,2024,21,22.136714318058186,1.1367143180581856,21,22,false,2024,2024-12,macro_non_southerly,20.75,0.25,21,true,-0.8867143180581856,-1.3867143180581856,1,true,false,false,true,-0.25,1.1367143180581856,EXPERIMENT_ONLY
2024-12-11,20:00,test,2024,2024,21,20.767968252239243,0.2320317477607574,21,21,true,2024,2024-12,macro_non_southerly,20.09,0.9100000000000001,20,false,0.6779682522392427,-0.6779682522392427,-1,false,true,true,false,-0.9100000000000001,-0.2320317477607574,EXPERIMENT_ONLY
2024-12-11,21:00,test,2024,2024,21,21.04965440742222,0.049654407422220714,21,21,true,2024,2024-12,macro_non_southerly,20.09,0.9100000000000001,20,false,0.8603455925777794,-0.9596544074222209,-1,false,true,true,false,-0.9100000000000001,0.049654407422220714,EXPERIMENT_ONLY
2024-12-11,22:00,test,2024,2024,21,20.930533674931755,0.06946632506824457,21,21,true,2024,2024-12,macro_non_southerly,20.09,0.9100000000000001,20,false,0.8405336749317556,-0.8405336749317556,-1,false,true,true,false,-0.9100000000000001,-0.06946632506824457,EXPERIMENT_ONLY
2024-12-11,23:00,test,2024,2024,21,21.05784969247383,0.057849692473830316,21,21,true,2024,2024-12,macro_non_southerly,20.09,0.9100000000000001,20,false,0.8521503075261698,-0.9678496924738305,-1,false,true,true,false,-0.9100000000000001,0.057849692473830316,EXPERIMENT_ONLY
2024-12-12,20:00,test,2024,2024,20,20.38897613841253,0.38897613841253076,20,20,true,2024,2024-12,macro_non_southerly,19.35,0.6499999999999986,19,false,0.2610238615874678,-1.0389761384125293,-1,false,true,true,false,-0.6499999999999986,0.38897613841253076,EXPERIMENT_ONLY
2024-12-12,21:00,test,2024,2024,20,21.029676575531816,1.0296765755318162,20,21,false,2024,2024-12,macro_non_southerly,19.35,0.6499999999999986,19,false,-0.37967657553181766,-1.6796765755318148,0,true,false,false,false,-0.6499999999999986,1.0296765755318162,EXPERIMENT_ONLY
2024-12-12,22:00,test,2024,2024,20,20.2400100589089,0.2400100589089007,20,20,true,2024,2024-12,macro_non_southerly,19.35,0.6499999999999986,19,false,0.4099899410910979,-0.8900100589088993,-1,false,true,true,false,-0.6499999999999986,0.2400100589089007,EXPERIMENT_ONLY
2024-12-12,23:00,test,2024,2024,20,20.0905994557471,0.09059945574709971,20,20,true,2024,2024-12,macro_non_southerly,19.35,0.6499999999999986,19,false,0.5594005442528989,-0.7405994557470983,-1,false,true,true,false,-0.6499999999999986,0.09059945574709971,EXPERIMENT_ONLY
2024-12-13,20:00,test,2024,2024,24,21.898644578145216,2.101355421854784,24,22,false,2024,2024-12,macro_non_southerly,22.43,1.5700000000000003,22,false,-0.5313554218547836,0.5313554218547836,0,true,false,false,false,-1.5700000000000003,-2.101355421854784,EXPERIMENT_ONLY
2024-12-13,21:00,test,2024,2024,24,22.37110462294019,1.6288953770598091,24,22,false,2024,2024-12,macro_non_southerly,22.43,1.5700000000000003,22,false,-0.05889537705980885,0.05889537705980885,0,true,false,false,false,-1.5700000000000003,-1.6288953770598091,EXPERIMENT_ONLY
2024-12-13,22:00,test,2024,2024,24,22.454816454696473,1.5451835453035265,24,22,false,2024,2024-12,macro_non_southerly,22.43,1.5700000000000003,22,false,0.024816454696473755,-0.024816454696473755,0,false,true,false,false,-1.5700000000000003,-1.5451835453035265,EXPERIMENT_ONLY
2024-12-13,23:00,test,2024,2024,24,22.52983383922588,1.47016616077412,24,23,false,2024,2024-12,macro_non_southerly,22.43,1.5700000000000003,22,false,0.09983383922588018,-0.09983383922588018,0,false,true,false,false,-1.5700000000000003,-1.47016616077412,EXPERIMENT_ONLY
2024-12-14,20:00,test,2024,2024,22,22.33793222297113,0.3379322229711299,22,22,true,2024,2024-12,macro_non_southerly,20.61,1.3900000000000006,21,false,1.0520677770288707,-1.7279322229711305,-1,false,true,true,false,-1.3900000000000006,0.3379322229711299,EXPERIMENT_ONLY
2024-12-14,21:00,test,2024,2024,22,22.63447153219525,0.6344715321952492,22,23,false,2024,2024-12,macro_non_southerly,20.61,1.3900000000000006,21,false,0.7555284678047514,-2.02447153219525,0,false,true,false,false,-1.3900000000000006,0.6344715321952492,EXPERIMENT_ONLY
2024-12-14,22:00,test,2024,2024,22,22.46312562116152,0.46312562116152023,22,22,true,2024,2024-12,macro_non_southerly,20.61,1.3900000000000006,21,false,0.9268743788384803,-1.8531256211615208,-1,false,true,true,false,-1.3900000000000006,0.46312562116152023,EXPERIMENT_ONLY
2024-12-14,23:00,test,2024,2024,22,22.590916719146485,0.5909167191464846,22,23,false,2024,2024-12,macro_non_southerly,20.61,1.3900000000000006,21,false,0.799083280853516,-1.9809167191464851,0,false,true,false,false,-1.3900000000000006,0.5909167191464846,EXPERIMENT_ONLY
2024-12-15,20:00,test,2024,2024,23,22.722726827571677,0.2772731724283233,23,23,true,2024,2024-12,macro_non_southerly,21.25,1.75,21,false,1.4727268275716767,-1.4727268275716767,-1,false,true,true,false,-1.75,-0.2772731724283233,EXPERIMENT_ONLY
2024-12-15,21:00,test,2024,2024,23,22.876785602192488,0.1232143978075122,23,23,true,2024,2024-12,macro_non_southerly,21.25,1.75,21,false,1.6267856021924878,-1.6267856021924878,-1,false,true,true,false,-1.75,-0.1232143978075122,EXPERIMENT_ONLY
2024-12-15,22:00,test,2024,2024,23,22.63799819356096,0.36200180643903934,23,23,true,2024,2024-12,macro_non_southerly,21.25,1.75,21,false,1.3879981935609607,-1.3879981935609607,-1,false,true,true,false,-1.75,-0.36200180643903934,EXPERIMENT_ONLY
2024-12-15,23:00,test,2024,2024,23,22.903674939755014,0.0963250602449861,23,23,true,2024,2024-12,macro_non_southerly,21.25,1.75,21,false,1.653674939755014,-1.653674939755014,-1,false,true,true,false,-1.75,-0.0963250602449861,EXPERIMENT_ONLY
2024-12-16,20:00,test,2024,2024,20,21.011874666995805,1.011874666995805,20,21,false,2024,2024-12,macro_non_southerly,20.55,0.5500000000000007,21,false,-0.46187466699580426,-0.46187466699580426,0,true,false,false,false,0.5500000000000007,1.011874666995805,EXPERIMENT_ONLY
2024-12-16,21:00,test,2024,2024,20,21.201744889695586,1.2017448896955862,20,21,false,2024,2024-12,macro_non_southerly,20.55,0.5500000000000007,21,false,-0.6517448896955855,-0.6517448896955855,0,true,false,false,false,0.5500000000000007,1.2017448896955862,EXPERIMENT_ONLY
2024-12-16,22:00,test,2024,2024,20,21.011945302827066,1.0119453028270655,20,21,false,2024,2024-12,macro_non_southerly,20.55,0.5500000000000007,21,false,-0.4619453028270648,-0.4619453028270648,0,true,false,false,false,0.5500000000000007,1.0119453028270655,EXPERIMENT_ONLY
2024-12-16,23:00,test,2024,2024,20,21.259735877458528,1.259735877458528,20,21,false,2024,2024-12,macro_non_southerly,20.55,0.5500000000000007,21,false,-0.7097358774585274,-0.7097358774585274,0,true,false,false,false,0.5500000000000007,1.259735877458528,EXPERIMENT_ONLY
2024-12-17,20:00,test,2024,2024,15,15.728548935907618,0.728548935907618,15,16,false,2024,2024-12,macro_southerly_flow,15.05,0.05000000000000071,15,true,-0.6785489359076173,-0.6785489359076173,1,true,false,false,true,0.05000000000000071,0.728548935907618,EXPERIMENT_ONLY
2024-12-17,21:00,test,2024,2024,15,15.609619763740625,0.6096197637406249,15,16,false,2024,2024-12,macro_southerly_flow,15.05,0.05000000000000071,15,true,-0.5596197637406242,-0.5596197637406242,1,true,false,false,true,0.05000000000000071,0.6096197637406249,EXPERIMENT_ONLY
2024-12-17,22:00,test,2024,2024,15,15.69096196695326,0.6909619669532603,15,16,false,2024,2024-12,macro_southerly_flow,15.05,0.05000000000000071,15,true,-0.6409619669532596,-0.6409619669532596,1,true,false,false,true,0.05000000000000071,0.6909619669532603,EXPERIMENT_ONLY
2024-12-17,23:00,test,2024,2024,15,15.587407696355754,0.5874076963557542,15,16,false,2024,2024-12,macro_southerly_flow,15.05,0.05000000000000071,15,true,-0.5374076963557535,-0.5374076963557535,1,true,false,false,true,0.05000000000000071,0.5874076963557542,EXPERIMENT_ONLY
2024-12-18,20:00,test,2024,2024,17,18.606502227218037,1.6065022272180371,17,19,false,2024,2024-12,macro_non_southerly,17.61,0.6099999999999994,18,false,-0.9965022272180377,-0.9965022272180377,0,true,false,false,false,0.6099999999999994,1.6065022272180371,EXPERIMENT_ONLY
2024-12-18,21:00,test,2024,2024,17,18.7996864937225,1.7996864937225006,17,19,false,2024,2024-12,macro_non_southerly,17.61,0.6099999999999994,18,false,-1.1896864937225011,-1.1896864937225011,0,true,false,false,false,0.6099999999999994,1.7996864937225006,EXPERIMENT_ONLY
2024-12-18,22:00,test,2024,2024,17,18.61022263351086,1.6102226335108583,17,19,false,2024,2024-12,macro_non_southerly,17.61,0.6099999999999994,18,false,-1.0002226335108588,-1.0002226335108588,0,true,false,false,false,0.6099999999999994,1.6102226335108583,EXPERIMENT_ONLY
2024-12-18,23:00,test,2024,2024,17,18.65098638189044,1.6509863818904407,17,19,false,2024,2024-12,macro_non_southerly,17.61,0.6099999999999994,18,false,-1.0409863818904412,-1.0409863818904412,0,true,false,false,false,0.6099999999999994,1.6509863818904407,EXPERIMENT_ONLY
2024-12-19,20:00,test,2024,2024,14,16.263534294922998,2.263534294922998,14,16,false,2024,2024-12,macro_southerly_flow,16.869999999999997,2.8699999999999974,17,false,0.6064657050769995,0.6064657050769995,0,false,true,false,false,2.8699999999999974,2.263534294922998,EXPERIMENT_ONLY
2024-12-19,21:00,test,2024,2024,14,16.128546799480436,2.1285467994804357,14,16,false,2024,2024-12,macro_southerly_flow,16.869999999999997,2.8699999999999974,17,false,0.7414532005195618,0.7414532005195618,0,false,true,false,false,2.8699999999999974,2.1285467994804357,EXPERIMENT_ONLY
2024-12-19,22:00,test,2024,2024,14,15.80190815929895,1.80190815929895,14,16,false,2024,2024-12,macro_southerly_flow,16.869999999999997,2.8699999999999974,17,false,1.0680918407010473,1.0680918407010473,0,false,true,false,false,2.8699999999999974,1.80190815929895,EXPERIMENT_ONLY
2024-12-19,23:00,test,2024,2024,14,16.427900500113655,2.4279005001136547,14,16,false,2024,2024-12,macro_southerly_flow,16.869999999999997,2.8699999999999974,17,false,0.4420994998863428,0.4420994998863428,0,false,true,false,false,2.8699999999999974,2.4279005001136547,EXPERIMENT_ONLY
2024-12-20,20:00,test,2024,2024,16,16.564379588661932,0.5643795886619323,16,17,false,2024,2024-12,macro_southerly_flow,17.05,1.0500000000000007,17,false,0.48562041133806844,0.48562041133806844,0,false,true,false,false,1.0500000000000007,0.5643795886619323,EXPERIMENT_ONLY
2024-12-20,21:00,test,2024,2024,16,16.353830201236857,0.3538302012368568,16,16,true,2024,2024-12,macro_southerly_flow,17.05,1.0500000000000007,17,false,0.6961697987631439,0.6961697987631439,-1,false,true,true,false,1.0500000000000007,0.3538302012368568,EXPERIMENT_ONLY
2024-12-20,22:00,test,2024,2024,16,16.127583761575504,0.12758376157550444,16,16,true,2024,2024-12,macro_southerly_flow,17.05,1.0500000000000007,17,false,0.9224162384244963,0.9224162384244963,-1,false,true,true,false,1.0500000000000007,0.12758376157550444,EXPERIMENT_ONLY
2024-12-20,23:00,test,2024,2024,16,16.0307790081502,0.030779008150201292,16,16,true,2024,2024-12,macro_southerly_flow,17.05,1.0500000000000007,17,false,1.0192209918497994,1.0192209918497994,-1,false,true,true,false,1.0500000000000007,0.030779008150201292,EXPERIMENT_ONLY
2024-12-21,20:00,test,2024,2024,23,21.2689101173852,1.7310898826147998,23,21,false,2024,2024-12,macro_non_southerly,22.869999999999997,0.13000000000000256,23,true,-1.6010898826147972,1.6010898826147972,1,true,false,false,true,-0.13000000000000256,-1.7310898826147998,EXPERIMENT_ONLY
2024-12-21,21:00,test,2024,2024,23,22.10892617068385,0.8910738293161486,23,22,false,2024,2024-12,macro_non_southerly,22.869999999999997,0.13000000000000256,23,true,-0.7610738293161461,0.7610738293161461,1,true,false,false,true,-0.13000000000000256,-0.8910738293161486,EXPERIMENT_ONLY
2024-12-21,22:00,test,2024,2024,23,22.030736239277996,0.9692637607220043,23,22,false,2024,2024-12,macro_non_southerly,22.869999999999997,0.13000000000000256,23,true,-0.8392637607220017,0.8392637607220017,1,true,false,false,true,-0.13000000000000256,-0.9692637607220043,EXPERIMENT_ONLY
2024-12-21,23:00,test,2024,2024,23,22.178911055508248,0.821088944491752,23,22,false,2024,2024-12,macro_non_southerly,22.869999999999997,0.13000000000000256,23,true,-0.6910889444917494,0.6910889444917494,1,true,false,false,true,-0.13000000000000256,-0.821088944491752,EXPERIMENT_ONLY
2024-12-22,20:00,test,2024,2024,21,20.94569001419084,0.05430998580915869,21,21,true,2024,2024-12,macro_non_southerly,19.85,1.1499999999999986,20,false,1.09569001419084,-1.09569001419084,-1,false,true,true,false,-1.1499999999999986,-0.05430998580915869,EXPERIMENT_ONLY
2024-12-22,21:00,test,2024,2024,21,21.203047252051878,0.2030472520518778,21,21,true,2024,2024-12,macro_non_southerly,19.85,1.1499999999999986,20,false,0.9469527479481208,-1.3530472520518764,-1,false,true,true,false,-1.1499999999999986,0.2030472520518778,EXPERIMENT_ONLY
2024-12-22,22:00,test,2024,2024,21,21.138348161807013,0.13834816180701281,21,21,true,2024,2024-12,macro_non_southerly,19.85,1.1499999999999986,20,false,1.0116518381929858,-1.2883481618070114,-1,false,true,true,false,-1.1499999999999986,0.13834816180701281,EXPERIMENT_ONLY
2024-12-22,23:00,test,2024,2024,21,21.136111291897535,0.13611129189753512,21,21,true,2024,2024-12,macro_non_southerly,19.85,1.1499999999999986,20,false,1.0138887081024635,-1.2861112918975337,-1,false,true,true,false,-1.1499999999999986,0.13611129189753512,EXPERIMENT_ONLY
2024-12-23,20:00,test,2024,2024,22,21.685182636752025,0.3148173632479754,22,22,true,2024,2024-12,macro_non_southerly,20.75,1.25,21,false,0.9351826367520246,-0.9351826367520246,-1,false,true,true,false,-1.25,-0.3148173632479754,EXPERIMENT_ONLY
2024-12-23,21:00,test,2024,2024,22,21.814112383041923,0.18588761695807676,22,22,true,2024,2024-12,macro_non_southerly,20.75,1.25,21,false,1.0641123830419232,-1.0641123830419232,-1,false,true,true,false,-1.25,-0.18588761695807676,EXPERIMENT_ONLY
2024-12-23,22:00,test,2024,2024,22,21.61050593150074,0.3894940684992605,22,22,true,2024,2024-12,macro_non_southerly,20.75,1.25,21,false,0.8605059315007395,-0.8605059315007395,-1,false,true,true,false,-1.25,-0.3894940684992605,EXPERIMENT_ONLY
2024-12-23,23:00,test,2024,2024,22,21.706817047308736,0.2931829526912644,22,22,true,2024,2024-12,macro_non_southerly,20.75,1.25,21,false,0.9568170473087356,-0.9568170473087356,-1,false,true,true,false,-1.25,-0.2931829526912644,EXPERIMENT_ONLY
2024-12-24,20:00,test,2024,2024,22,21.72480664760411,0.27519335239588827,22,22,true,2024,2024-12,macro_non_southerly,21.25,0.75,21,false,0.47480664760411173,-0.47480664760411173,-1,false,true,true,false,-0.75,-0.27519335239588827,EXPERIMENT_ONLY
2024-12-24,21:00,test,2024,2024,22,21.905784710139965,0.0942152898600348,22,22,true,2024,2024-12,macro_non_southerly,21.25,0.75,21,false,0.6557847101399652,-0.6557847101399652,-1,false,true,true,false,-0.75,-0.0942152898600348,EXPERIMENT_ONLY
2024-12-24,22:00,test,2024,2024,22,21.875662523302147,0.12433747669785333,22,22,true,2024,2024-12,macro_non_southerly,21.25,0.75,21,false,0.6256625233021467,-0.6256625233021467,-1,false,true,true,false,-0.75,-0.12433747669785333,EXPERIMENT_ONLY
2024-12-24,23:00,test,2024,2024,22,22.001912067975194,0.001912067975194276,22,22,true,2024,2024-12,macro_non_southerly,21.25,0.75,21,false,0.7480879320248057,-0.7519120679751943,-1,false,true,true,false,-0.75,0.001912067975194276,EXPERIMENT_ONLY
2024-12-25,20:00,test,2024,2024,23,21.748375762207512,1.2516242377924875,23,22,false,2024,2024-12,macro_non_southerly,21.35,1.6499999999999986,21,false,0.39837576220751103,-0.39837576220751103,0,false,true,false,false,-1.6499999999999986,-1.2516242377924875,EXPERIMENT_ONLY
2024-12-25,21:00,test,2024,2024,23,22.069151449760845,0.9308485502391548,23,22,false,2024,2024-12,macro_non_southerly,21.35,1.6499999999999986,21,false,0.7191514497608438,-0.7191514497608438,0,false,true,false,false,-1.6499999999999986,-0.9308485502391548,EXPERIMENT_ONLY
2024-12-25,22:00,test,2024,2024,23,21.90206543853314,1.097934561466861,23,22,false,2024,2024-12,macro_non_southerly,21.35,1.6499999999999986,21,false,0.5520654385331376,-0.5520654385331376,0,false,true,false,false,-1.6499999999999986,-1.097934561466861,EXPERIMENT_ONLY
2024-12-25,23:00,test,2024,2024,23,21.89380090787564,1.1061990921243599,23,22,false,2024,2024-12,macro_non_southerly,21.35,1.6499999999999986,21,false,0.5438009078756387,-0.5438009078756387,0,false,true,false,false,-1.6499999999999986,-1.1061990921243599,EXPERIMENT_ONLY
2024-12-26,20:00,test,2024,2024,18,18.675372875640637,0.6753728756406367,18,19,false,2024,2024-12,macro_southerly_flow,19.53,1.5300000000000011,20,false,0.8546271243593644,0.8546271243593644,0,false,true,false,false,1.5300000000000011,0.6753728756406367,EXPERIMENT_ONLY
2024-12-26,21:00,test,2024,2024,18,19.088248205006956,1.0882482050069555,18,19,false,2024,2024-12,macro_southerly_flow,19.53,1.5300000000000011,20,false,0.4417517949930456,0.4417517949930456,0,false,true,false,false,1.5300000000000011,1.0882482050069555,EXPERIMENT_ONLY
2024-12-26,22:00,test,2024,2024,18,19.03689499848221,1.036894998482211,18,19,false,2024,2024-12,macro_southerly_flow,19.53,1.5300000000000011,20,false,0.49310500151779024,0.49310500151779024,0,false,true,false,false,1.5300000000000011,1.036894998482211,EXPERIMENT_ONLY
2024-12-26,23:00,test,2024,2024,18,18.792894801375787,0.7928948013757875,18,19,false,2024,2024-12,macro_southerly_flow,19.53,1.5300000000000011,20,false,0.7371051986242136,0.7371051986242136,0,false,true,false,false,1.5300000000000011,0.7928948013757875,EXPERIMENT_ONLY
2024-12-27,20:00,test,2024,2024,16,17.2527991279481,1.2527991279481014,16,17,false,2024,2024-12,macro_southerly_flow,17.11,1.1099999999999994,17,false,-0.142799127948102,-0.142799127948102,0,true,false,false,false,1.1099999999999994,1.2527991279481014,EXPERIMENT_ONLY
2024-12-27,21:00,test,2024,2024,16,17.13098266232411,1.1309826623241115,16,17,false,2024,2024-12,macro_southerly_flow,17.11,1.1099999999999994,17,false,-0.020982662324112056,-0.020982662324112056,0,true,false,false,false,1.1099999999999994,1.1309826623241115,EXPERIMENT_ONLY
2024-12-27,22:00,test,2024,2024,16,16.761318139308635,0.761318139308635,16,17,false,2024,2024-12,macro_southerly_flow,17.11,1.1099999999999994,17,false,0.3486818606913644,0.3486818606913644,0,false,true,false,false,1.1099999999999994,0.761318139308635,EXPERIMENT_ONLY
2024-12-27,23:00,test,2024,2024,16,17.207194186284152,1.207194186284152,16,17,false,2024,2024-12,macro_southerly_flow,17.11,1.1099999999999994,17,false,-0.09719418628415255,-0.09719418628415255,0,true,false,false,false,1.1099999999999994,1.207194186284152,EXPERIMENT_ONLY
2024-12-28,20:00,test,2024,2024,18,17.70490268077605,0.2950973192239488,18,18,true,2024,2024-12,macro_southerly_flow,20.11,2.1099999999999994,20,false,1.8149026807760507,2.405097319223948,-1,false,true,true,false,2.1099999999999994,-0.2950973192239488,EXPERIMENT_ONLY
2024-12-28,21:00,test,2024,2024,18,18.010020451331496,0.01002045133149565,18,18,true,2024,2024-12,macro_southerly_flow,20.11,2.1099999999999994,20,false,2.099979548668504,2.099979548668504,-1,false,true,true,false,2.1099999999999994,0.01002045133149565,EXPERIMENT_ONLY
2024-12-28,22:00,test,2024,2024,18,17.917236557195274,0.08276344280472614,18,18,true,2024,2024-12,macro_southerly_flow,20.11,2.1099999999999994,20,false,2.0272365571952733,2.1927634428047256,-1,false,true,true,false,2.1099999999999994,-0.08276344280472614,EXPERIMENT_ONLY
2024-12-28,23:00,test,2024,2024,18,18.194245505618607,0.19424550561860698,18,18,true,2024,2024-12,macro_southerly_flow,20.11,2.1099999999999994,20,false,1.9157544943813924,1.9157544943813924,-1,false,true,true,false,2.1099999999999994,0.19424550561860698,EXPERIMENT_ONLY
2024-12-29,20:00,test,2024,2024,22,21.19266130686975,0.8073386931302515,22,21,false,2024,2024-12,macro_non_southerly,21.59,0.41000000000000014,22,true,-0.3973386931302514,0.3973386931302514,1,true,false,false,true,-0.41000000000000014,-0.8073386931302515,EXPERIMENT_ONLY
2024-12-29,21:00,test,2024,2024,22,21.627453292070488,0.37254670792951217,22,22,true,2024,2024-12,macro_non_southerly,21.59,0.41000000000000014,22,true,0.037453292070487976,-0.037453292070487976,0,false,true,false,false,-0.41000000000000014,-0.37254670792951217,EXPERIMENT_ONLY
2024-12-29,22:00,test,2024,2024,22,21.658851385592115,0.341148614407885,22,22,true,2024,2024-12,macro_non_southerly,21.59,0.41000000000000014,22,true,0.06885138559211512,-0.06885138559211512,0,false,true,false,false,-0.41000000000000014,-0.341148614407885,EXPERIMENT_ONLY
2024-12-29,23:00,test,2024,2024,22,21.81844168945877,0.18155831054123084,22,22,true,2024,2024-12,macro_non_southerly,21.59,0.41000000000000014,22,true,0.2284416894587693,-0.2284416894587693,0,false,true,false,false,-0.41000000000000014,-0.18155831054123084,EXPERIMENT_ONLY
2024-12-30,20:00,test,2024,2024,21,21.061465460064642,0.061465460064642485,21,21,true,2024,2024-12,macro_non_southerly,19.990000000000002,1.009999999999998,20,false,0.9485345399353555,-1.0714654600646405,-1,false,true,true,false,-1.009999999999998,0.061465460064642485,EXPERIMENT_ONLY
2024-12-30,21:00,test,2024,2024,21,20.845189931322142,0.15481006867785752,21,21,true,2024,2024-12,macro_non_southerly,19.990000000000002,1.009999999999998,20,false,0.8551899313221405,-0.8551899313221405,-1,false,true,true,false,-1.009999999999998,-0.15481006867785752,EXPERIMENT_ONLY
2024-12-30,22:00,test,2024,2024,21,20.039524357241426,0.9604756427585741,21,20,false,2024,2024-12,macro_non_southerly,19.990000000000002,1.009999999999998,20,false,0.0495243572414239,-0.0495243572414239,0,false,true,false,false,-1.009999999999998,-0.9604756427585741,EXPERIMENT_ONLY
2024-12-30,23:00,test,2024,2024,21,20.141421804405397,0.8585781955946032,21,20,false,2024,2024-12,macro_non_southerly,19.990000000000002,1.009999999999998,20,false,0.15142180440539477,-0.15142180440539477,0,false,true,false,false,-1.009999999999998,-0.8585781955946032,EXPERIMENT_ONLY
2024-12-31,20:00,test,2024,2024,16,16.7508057994843,0.7508057994843007,16,17,false,2024,2024-12,macro_southerly_flow,16.95,0.9499999999999993,17,false,0.19919420051569858,0.19919420051569858,0,false,true,false,false,0.9499999999999993,0.7508057994843007,EXPERIMENT_ONLY
2024-12-31,21:00,test,2024,2024,16,16.39174630735095,0.3917463073509495,16,16,true,2024,2024-12,macro_southerly_flow,16.95,0.9499999999999993,17,false,0.5582536926490498,0.5582536926490498,-1,false,true,true,false,0.9499999999999993,0.3917463073509495,EXPERIMENT_ONLY
2024-12-31,22:00,test,2024,2024,16,16.204813516078882,0.20481351607888243,16,16,true,2024,2024-12,macro_southerly_flow,16.95,0.9499999999999993,17,false,0.7451864839211169,0.7451864839211169,-1,false,true,true,false,0.9499999999999993,0.20481351607888243,EXPERIMENT_ONLY
2024-12-31,23:00,test,2024,2024,16,16.865760442109156,0.8657604421091563,16,17,false,2024,2024-12,macro_southerly_flow,16.95,0.9499999999999993,17,false,0.08423955789084303,0.08423955789084303,0,false,true,false,false,0.9499999999999993,0.8657604421091563,EXPERIMENT_ONLY
2025-01-01,20:00,test,2025,2025,15,15.514593744424591,0.5145937444245909,15,16,false,2025,2025-01,macro_southerly_flow,15.669999999999998,0.6699999999999982,16,false,0.15540625557540722,0.15540625557540722,0,false,true,false,false,0.6699999999999982,0.5145937444245909,EXPERIMENT_ONLY
2025-01-01,21:00,test,2025,2025,15,15.291690858357029,0.291690858357029,15,15,true,2025,2025-01,macro_southerly_flow,15.669999999999998,0.6699999999999982,16,false,0.37830914164296914,0.37830914164296914,-1,false,true,true,false,0.6699999999999982,0.291690858357029,EXPERIMENT_ONLY
2025-01-01,22:00,test,2025,2025,15,14.99539657737093,0.004603422629070764,15,15,true,2025,2025-01,macro_southerly_flow,15.669999999999998,0.6699999999999982,16,false,0.6653965773709274,0.6746034226290689,-1,false,true,true,false,0.6699999999999982,-0.004603422629070764,EXPERIMENT_ONLY
2025-01-01,23:00,test,2025,2025,15,15.136560441565774,0.13656044156577352,15,15,true,2025,2025-01,macro_southerly_flow,15.669999999999998,0.6699999999999982,16,false,0.5334395584342246,0.5334395584342246,-1,false,true,true,false,0.6699999999999982,0.13656044156577352,EXPERIMENT_ONLY
2025-01-02,20:00,test,2025,2025,19,18.72489930385753,0.27510069614247,19,19,true,2025,2025-01,macro_southerly_flow,20.23,1.2300000000000004,20,false,0.9548993038575304,1.5051006961424704,-1,false,true,true,false,1.2300000000000004,-0.27510069614247,EXPERIMENT_ONLY
2025-01-02,21:00,test,2025,2025,19,19.066137524242578,0.06613752424257768,19,19,true,2025,2025-01,macro_southerly_flow,20.23,1.2300000000000004,20,false,1.1638624757574227,1.1638624757574227,-1,false,true,true,false,1.2300000000000004,0.06613752424257768,EXPERIMENT_ONLY
2025-01-02,22:00,test,2025,2025,19,19.34051731258009,0.34051731258009,19,19,true,2025,2025-01,macro_southerly_flow,20.23,1.2300000000000004,20,false,0.8894826874199104,0.8894826874199104,-1,false,true,true,false,1.2300000000000004,0.34051731258009,EXPERIMENT_ONLY
2025-01-02,23:00,test,2025,2025,19,19.376205459968155,0.3762054599681548,19,19,true,2025,2025-01,macro_southerly_flow,20.23,1.2300000000000004,20,false,0.8537945400318456,0.8537945400318456,-1,false,true,true,false,1.2300000000000004,0.3762054599681548,EXPERIMENT_ONLY
2025-01-03,20:00,test,2025,2025,21,20.85488244092472,0.14511755907528112,21,21,true,2025,2025-01,macro_non_southerly,19.57,1.4299999999999997,20,false,1.2848824409247186,-1.2848824409247186,-1,false,true,true,false,-1.4299999999999997,-0.14511755907528112,EXPERIMENT_ONLY
2025-01-03,21:00,test,2025,2025,21,20.851217656506144,0.14878234349385622,21,21,true,2025,2025-01,macro_non_southerly,19.57,1.4299999999999997,20,false,1.2812176565061435,-1.2812176565061435,-1,false,true,true,false,-1.4299999999999997,-0.14878234349385622,EXPERIMENT_ONLY
2025-01-03,22:00,test,2025,2025,21,20.75925153743215,0.24074846256785065,21,21,true,2025,2025-01,macro_non_southerly,19.57,1.4299999999999997,20,false,1.189251537432149,-1.189251537432149,-1,false,true,true,false,-1.4299999999999997,-0.24074846256785065,EXPERIMENT_ONLY
2025-01-03,23:00,test,2025,2025,21,20.82815000067707,0.1718499993229301,21,21,true,2025,2025-01,macro_non_southerly,19.57,1.4299999999999997,20,false,1.2581500006770696,-1.2581500006770696,-1,false,true,true,false,-1.4299999999999997,-0.1718499993229301,EXPERIMENT_ONLY
2025-01-04,20:00,test,2025,2025,17,16.288429937113985,0.7115700628860147,17,16,false,2025,2025-01,macro_southerly_flow,16.330000000000002,0.6699999999999982,16,false,-0.0415700628860165,0.0415700628860165,0,true,false,false,false,-0.6699999999999982,-0.7115700628860147,EXPERIMENT_ONLY
2025-01-04,21:00,test,2025,2025,17,16.06899135040746,0.9310086495925383,17,16,false,2025,2025-01,macro_southerly_flow,16.330000000000002,0.6699999999999982,16,false,-0.2610086495925401,0.2610086495925401,0,true,false,false,false,-0.6699999999999982,-0.9310086495925383,EXPERIMENT_ONLY
2025-01-04,22:00,test,2025,2025,17,15.900694896969181,1.0993051030308187,17,16,false,2025,2025-01,macro_southerly_flow,16.330000000000002,0.6699999999999982,16,false,-0.4293051030308206,0.4293051030308206,0,true,false,false,false,-0.6699999999999982,-1.0993051030308187,EXPERIMENT_ONLY
2025-01-04,23:00,test,2025,2025,17,16.104671750393692,0.8953282496063082,17,16,false,2025,2025-01,macro_southerly_flow,16.330000000000002,0.6699999999999982,16,false,-0.22532824960631004,0.22532824960631004,0,true,false,false,false,-0.6699999999999982,-0.8953282496063082,EXPERIMENT_ONLY
2025-01-05,20:00,test,2025,2025,14,16.977173856768324,2.9771738567683244,14,17,false,2025,2025-01,macro_non_southerly,15.430000000000001,1.4300000000000015,15,false,-1.5471738567683229,-1.5471738567683229,0,true,false,false,false,1.4300000000000015,2.9771738567683244,EXPERIMENT_ONLY
2025-01-05,21:00,test,2025,2025,14,17.050305679266703,3.050305679266703,14,17,false,2025,2025-01,macro_non_southerly,15.430000000000001,1.4300000000000015,15,false,-1.6203056792667017,-1.6203056792667017,0,true,false,false,false,1.4300000000000015,3.050305679266703,EXPERIMENT_ONLY
2025-01-05,22:00,test,2025,2025,14,17.088176760433008,3.088176760433008,14,17,false,2025,2025-01,macro_non_southerly,15.430000000000001,1.4300000000000015,15,false,-1.6581767604330064,-1.6581767604330064,0,true,false,false,false,1.4300000000000015,3.088176760433008,EXPERIMENT_ONLY
2025-01-05,23:00,test,2025,2025,14,16.82221156316373,2.82221156316373,14,17,false,2025,2025-01,macro_non_southerly,15.430000000000001,1.4300000000000015,15,false,-1.3922115631637286,-1.3922115631637286,0,true,false,false,false,1.4300000000000015,2.82221156316373,EXPERIMENT_ONLY
2025-01-06,20:00,test,2025,2025,15,16.804998089449384,1.8049980894493842,15,17,false,2025,2025-01,macro_non_southerly,16.03,1.0300000000000011,16,false,-0.7749980894493831,-0.7749980894493831,0,true,false,false,false,1.0300000000000011,1.8049980894493842,EXPERIMENT_ONLY
2025-01-06,21:00,test,2025,2025,15,16.581210785077644,1.5812107850776442,15,17,false,2025,2025-01,macro_non_southerly,16.03,1.0300000000000011,16,false,-0.5512107850776431,-0.5512107850776431,0,true,false,false,false,1.0300000000000011,1.5812107850776442,EXPERIMENT_ONLY
2025-01-06,22:00,test,2025,2025,15,16.52142521126275,1.5214252112627484,15,17,false,2025,2025-01,macro_non_southerly,16.03,1.0300000000000011,16,false,-0.4914252112627473,-0.4914252112627473,0,true,false,false,false,1.0300000000000011,1.5214252112627484,EXPERIMENT_ONLY
2025-01-06,23:00,test,2025,2025,15,15.30454492000523,0.30454492000522926,15,15,true,2025,2025-01,macro_southerly_flow,16.03,1.0300000000000011,16,false,0.7254550799947719,0.7254550799947719,-1,false,true,true,false,1.0300000000000011,0.30454492000522926,EXPERIMENT_ONLY
2025-01-07,20:00,test,2025,2025,21,19.027993889904714,1.9720061100952861,21,19,false,2025,2025-01,macro_southerly_flow,20.669999999999998,0.33000000000000185,21,true,-1.6420061100952843,1.6420061100952843,1,true,false,false,true,-0.33000000000000185,-1.9720061100952861,EXPERIMENT_ONLY
2025-01-07,21:00,test,2025,2025,21,19.08894812485289,1.911051875147109,21,19,false,2025,2025-01,macro_southerly_flow,20.669999999999998,0.33000000000000185,21,true,-1.5810518751471072,1.5810518751471072,1,true,false,false,true,-0.33000000000000185,-1.911051875147109,EXPERIMENT_ONLY
2025-01-07,22:00,test,2025,2025,21,19.09225694609173,1.9077430539082698,21,19,false,2025,2025-01,macro_southerly_flow,20.669999999999998,0.33000000000000185,21,true,-1.577743053908268,1.577743053908268,1,true,false,false,true,-0.33000000000000185,-1.9077430539082698,EXPERIMENT_ONLY
2025-01-07,23:00,test,2025,2025,21,19.430301952697278,1.5696980473027224,21,19,false,2025,2025-01,macro_southerly_flow,20.669999999999998,0.33000000000000185,21,true,-1.2396980473027206,1.2396980473027206,1,true,false,false,true,-0.33000000000000185,-1.5696980473027224,EXPERIMENT_ONLY
2025-01-08,20:00,test,2025,2025,17,18.031199676779345,1.0311996767793445,17,18,false,2025,2025-01,macro_southerly_flow,17.130000000000003,0.13000000000000256,17,true,-0.901199676779342,-0.901199676779342,1,true,false,false,true,0.13000000000000256,1.0311996767793445,EXPERIMENT_ONLY
2025-01-08,21:00,test,2025,2025,17,17.254854361559936,0.2548543615599357,17,17,true,2025,2025-01,macro_southerly_flow,17.130000000000003,0.13000000000000256,17,true,-0.12485436155993312,-0.12485436155993312,0,true,false,false,false,0.13000000000000256,0.2548543615599357,EXPERIMENT_ONLY
2025-01-08,22:00,test,2025,2025,17,16.837556446779477,0.16244355322052328,17,17,true,2025,2025-01,macro_southerly_flow,17.130000000000003,0.13000000000000256,17,true,-0.03244355322052073,0.29244355322052584,0,true,false,false,false,0.13000000000000256,-0.16244355322052328,EXPERIMENT_ONLY
2025-01-08,23:00,test,2025,2025,17,16.449713391020584,0.5502866089794161,17,16,false,2025,2025-01,macro_southerly_flow,17.130000000000003,0.13000000000000256,17,true,-0.4202866089794135,0.6802866089794186,1,true,false,false,true,0.13000000000000256,-0.5502866089794161,EXPERIMENT_ONLY
2025-01-09,20:00,test,2025,2025,18,17.750027767721928,0.24997223227807197,18,18,true,2025,2025-01,macro_southerly_flow,18.23,0.23000000000000043,18,true,-0.019972232278071544,0.4799722322780724,0,true,false,false,false,0.23000000000000043,-0.24997223227807197,EXPERIMENT_ONLY
2025-01-09,21:00,test,2025,2025,18,17.982665756261007,0.017334243738993393,18,18,true,2025,2025-01,macro_southerly_flow,18.23,0.23000000000000043,18,true,0.21266575626100703,0.24733424373899382,0,false,true,false,false,0.23000000000000043,-0.017334243738993393,EXPERIMENT_ONLY
2025-01-09,22:00,test,2025,2025,18,17.851102407678642,0.14889759232135802,18,18,true,2025,2025-01,macro_southerly_flow,18.23,0.23000000000000043,18,true,0.08110240767864241,0.37889759232135845,0,false,true,false,false,0.23000000000000043,-0.14889759232135802,EXPERIMENT_ONLY
2025-01-09,23:00,test,2025,2025,18,17.98905020531283,0.010949794687171277,18,18,true,2025,2025-01,macro_southerly_flow,18.23,0.23000000000000043,18,true,0.21905020531282915,0.2409497946871717,0,false,true,false,false,0.23000000000000043,-0.010949794687171277,EXPERIMENT_ONLY
2025-01-10,20:00,test,2025,2025,17,17.450820338227107,0.450820338227107,17,17,true,2025,2025-01,macro_southerly_flow,17.990000000000002,0.990000000000002,18,false,0.539179661772895,0.539179661772895,-1,false,true,true,false,0.990000000000002,0.450820338227107,EXPERIMENT_ONLY
2025-01-10,21:00,test,2025,2025,17,17.966850656779272,0.9668506567792718,17,18,false,2025,2025-01,macro_southerly_flow,17.990000000000002,0.990000000000002,18,false,0.023149343220730145,0.023149343220730145,0,false,true,false,false,0.990000000000002,0.9668506567792718,EXPERIMENT_ONLY
2025-01-10,22:00,test,2025,2025,17,17.831789835812195,0.8317898358121951,17,18,false,2025,2025-01,macro_southerly_flow,17.990000000000002,0.990000000000002,18,false,0.15821016418780687,0.15821016418780687,0,false,true,false,false,0.990000000000002,0.8317898358121951,EXPERIMENT_ONLY
2025-01-10,23:00,test,2025,2025,17,17.9331050306705,0.9331050306705002,17,18,false,2025,2025-01,macro_southerly_flow,17.990000000000002,0.990000000000002,18,false,0.05689496932950178,0.05689496932950178,0,false,true,false,false,0.990000000000002,0.9331050306705002,EXPERIMENT_ONLY
2025-01-11,20:00,test,2025,2025,18,17.810039798367207,0.18996020163279326,18,18,true,2025,2025-01,macro_southerly_flow,17.39,0.6099999999999994,17,false,0.4200397983672062,-0.4200397983672062,-1,false,true,true,false,-0.6099999999999994,-0.18996020163279326,EXPERIMENT_ONLY
2025-01-11,21:00,test,2025,2025,18,17.716810885297832,0.2831891147021679,18,18,true,2025,2025-01,macro_southerly_flow,17.39,0.6099999999999994,17,false,0.32681088529783153,-0.32681088529783153,-1,false,true,true,false,-0.6099999999999994,-0.2831891147021679,EXPERIMENT_ONLY
2025-01-11,22:00,test,2025,2025,18,17.550082264307864,0.4499177356921358,18,18,true,2025,2025-01,macro_southerly_flow,17.39,0.6099999999999994,17,false,0.16008226430786365,-0.16008226430786365,-1,false,true,true,false,-0.6099999999999994,-0.4499177356921358,EXPERIMENT_ONLY
2025-01-11,23:00,test,2025,2025,18,17.618282429190987,0.3817175708090126,18,18,true,2025,2025-01,macro_southerly_flow,17.39,0.6099999999999994,17,false,0.22828242919098685,-0.22828242919098685,-1,false,true,true,false,-0.6099999999999994,-0.3817175708090126,EXPERIMENT_ONLY
2025-01-12,20:00,test,2025,2025,16,16.264684670906274,0.26468467090627357,16,16,true,2025,2025-01,macro_southerly_flow,16.25,0.25,16,true,-0.014684670906273567,-0.014684670906273567,0,true,false,false,false,0.25,0.26468467090627357,EXPERIMENT_ONLY
2025-01-12,21:00,test,2025,2025,16,16.423162899860316,0.42316289986031563,16,16,true,2025,2025-01,macro_southerly_flow,16.25,0.25,16,true,-0.17316289986031563,-0.17316289986031563,0,true,false,false,false,0.25,0.42316289986031563,EXPERIMENT_ONLY
2025-01-12,22:00,test,2025,2025,16,16.365065760989765,0.36506576098976495,16,16,true,2025,2025-01,macro_southerly_flow,16.25,0.25,16,true,-0.11506576098976495,-0.11506576098976495,0,true,false,false,false,0.25,0.36506576098976495,EXPERIMENT_ONLY
2025-01-12,23:00,test,2025,2025,16,16.47653166593011,0.47653166593011065,16,16,true,2025,2025-01,macro_southerly_flow,16.25,0.25,16,true,-0.22653166593011065,-0.22653166593011065,0,true,false,false,false,0.25,0.47653166593011065,EXPERIMENT_ONLY
2025-01-13,20:00,test,2025,2025,17,16.718712246793267,0.28128775320673327,17,17,true,2025,2025-01,macro_southerly_flow,17.07,0.07000000000000028,17,true,-0.211287753206733,0.35128775320673356,0,true,false,false,false,0.07000000000000028,-0.28128775320673327,EXPERIMENT_ONLY
2025-01-13,21:00,test,2025,2025,17,16.944366693702904,0.055633306297096397,17,17,true,2025,2025-01,macro_southerly_flow,17.07,0.07000000000000028,17,true,0.014366693702903888,0.12563330629709668,0,false,true,false,false,0.07000000000000028,-0.055633306297096397,EXPERIMENT_ONLY
2025-01-13,22:00,test,2025,2025,17,16.816300817505237,0.18369918249476314,17,17,true,2025,2025-01,macro_southerly_flow,17.07,0.07000000000000028,17,true,-0.11369918249476285,0.2536991824947634,0,true,false,false,false,0.07000000000000028,-0.18369918249476314,EXPERIMENT_ONLY
2025-01-13,23:00,test,2025,2025,17,17.02459926037062,0.024599260370621323,17,17,true,2025,2025-01,macro_southerly_flow,17.07,0.07000000000000028,17,true,0.04540073962937896,0.04540073962937896,0,false,true,false,false,0.07000000000000028,0.024599260370621323,EXPERIMENT_ONLY
2025-01-14,20:00,test,2025,2025,17,17.456964420954268,0.45696442095426804,17,17,true,2025,2025-01,macro_southerly_flow,17.69,0.6900000000000013,18,false,0.23303557904573324,0.23303557904573324,-1,false,true,true,false,0.6900000000000013,0.45696442095426804,EXPERIMENT_ONLY
2025-01-14,21:00,test,2025,2025,17,17.521767643418624,0.5217676434186238,17,18,false,2025,2025-01,macro_southerly_flow,17.69,0.6900000000000013,18,false,0.16823235658137747,0.16823235658137747,0,false,true,false,false,0.6900000000000013,0.5217676434186238,EXPERIMENT_ONLY
2025-01-14,22:00,test,2025,2025,17,17.390324897332277,0.3903248973322775,17,17,true,2025,2025-01,macro_southerly_flow,17.69,0.6900000000000013,18,false,0.2996751026677238,0.2996751026677238,-1,false,true,true,false,0.6900000000000013,0.3903248973322775,EXPERIMENT_ONLY
2025-01-14,23:00,test,2025,2025,17,17.458726066375444,0.4587260663754442,17,17,true,2025,2025-01,macro_southerly_flow,17.69,0.6900000000000013,18,false,0.23127393362455706,0.23127393362455706,-1,false,true,true,false,0.6900000000000013,0.4587260663754442,EXPERIMENT_ONLY
2025-01-15,20:00,test,2025,2025,17,16.831535286105566,0.16846471389443352,17,17,true,2025,2025-01,macro_southerly_flow,17.71,0.7100000000000009,18,false,0.5415352861055673,0.8784647138944344,-1,false,true,true,false,0.7100000000000009,-0.16846471389443352,EXPERIMENT_ONLY
2025-01-15,21:00,test,2025,2025,17,16.667445078813195,0.3325549211868051,17,17,true,2025,2025-01,macro_southerly_flow,17.71,0.7100000000000009,18,false,0.3774450788131958,1.042554921186806,-1,false,true,true,false,0.7100000000000009,-0.3325549211868051,EXPERIMENT_ONLY
2025-01-15,22:00,test,2025,2025,17,16.57008218267022,0.4299178173297804,17,17,true,2025,2025-01,macro_southerly_flow,17.71,0.7100000000000009,18,false,0.28008218267022045,1.1399178173297813,-1,false,true,true,false,0.7100000000000009,-0.4299178173297804,EXPERIMENT_ONLY
2025-01-15,23:00,test,2025,2025,17,16.841093112685254,0.15890688731474611,17,17,true,2025,2025-01,macro_southerly_flow,17.71,0.7100000000000009,18,false,0.5510931126852547,0.868906887314747,-1,false,true,true,false,0.7100000000000009,-0.15890688731474611,EXPERIMENT_ONLY
2025-01-16,20:00,test,2025,2025,17,18.25137137655705,1.2513713765570493,17,18,false,2025,2025-01,macro_southerly_flow,18.869999999999997,1.8699999999999974,19,false,0.6186286234429481,0.6186286234429481,0,false,true,false,false,1.8699999999999974,1.2513713765570493,EXPERIMENT_ONLY
2025-01-16,21:00,test,2025,2025,17,18.323766183801958,1.3237661838019577,17,18,false,2025,2025-01,macro_southerly_flow,18.869999999999997,1.8699999999999974,19,false,0.5462338161980398,0.5462338161980398,0,false,true,false,false,1.8699999999999974,1.3237661838019577,EXPERIMENT_ONLY
2025-01-16,22:00,test,2025,2025,17,18.192444040211633,1.1924440402116332,17,18,false,2025,2025-01,macro_southerly_flow,18.869999999999997,1.8699999999999974,19,false,0.6775559597883642,0.6775559597883642,0,false,true,false,false,1.8699999999999974,1.1924440402116332,EXPERIMENT_ONLY
2025-01-16,23:00,test,2025,2025,17,18.263156757095263,1.2631567570952633,17,18,false,2025,2025-01,macro_southerly_flow,18.869999999999997,1.8699999999999974,19,false,0.6068432429047341,0.6068432429047341,0,false,true,false,false,1.8699999999999974,1.2631567570952633,EXPERIMENT_ONLY
2025-01-17,20:00,test,2025,2025,20,20.18265104502912,0.18265104502912166,20,20,true,2025,2025-01,macro_non_southerly,21.03,1.0300000000000011,21,false,0.8473489549708795,0.8473489549708795,-1,false,true,true,false,1.0300000000000011,0.18265104502912166,EXPERIMENT_ONLY
2025-01-17,21:00,test,2025,2025,20,21.152619916253183,1.1526199162531832,20,21,false,2025,2025-01,macro_non_southerly,21.03,1.0300000000000011,21,false,-0.12261991625318203,-0.12261991625318203,0,true,false,false,false,1.0300000000000011,1.1526199162531832,EXPERIMENT_ONLY
2025-01-17,22:00,test,2025,2025,20,21.120479471000554,1.1204794710005537,20,21,false,2025,2025-01,macro_non_southerly,21.03,1.0300000000000011,21,false,-0.09047947100055254,-0.09047947100055254,0,true,false,false,false,1.0300000000000011,1.1204794710005537,EXPERIMENT_ONLY
2025-01-17,23:00,test,2025,2025,20,21.323209178197395,1.323209178197395,20,21,false,2025,2025-01,macro_non_southerly,21.03,1.0300000000000011,21,false,-0.2932091781973938,-0.2932091781973938,0,true,false,false,false,1.0300000000000011,1.323209178197395,EXPERIMENT_ONLY
2025-01-18,20:00,test,2025,2025,19,19.961330875611285,0.961330875611285,19,20,false,2025,2025-01,macro_southerly_flow,21.630000000000003,2.6300000000000026,22,false,1.6686691243887175,1.6686691243887175,0,false,true,false,false,2.6300000000000026,0.961330875611285,EXPERIMENT_ONLY
2025-01-18,21:00,test,2025,2025,19,20.416173558379047,1.4161735583790467,19,20,false,2025,2025-01,macro_southerly_flow,21.630000000000003,2.6300000000000026,22,false,1.2138264416209559,1.2138264416209559,0,false,true,false,false,2.6300000000000026,1.4161735583790467,EXPERIMENT_ONLY
2025-01-18,22:00,test,2025,2025,19,20.14949683498342,1.1494968349834203,19,20,false,2025,2025-01,macro_southerly_flow,21.630000000000003,2.6300000000000026,22,false,1.4805031650165823,1.4805031650165823,0,false,true,false,false,2.6300000000000026,1.1494968349834203,EXPERIMENT_ONLY
2025-01-18,23:00,test,2025,2025,19,20.017499288815163,1.0174992888151628,19,20,false,2025,2025-01,macro_southerly_flow,21.630000000000003,2.6300000000000026,22,false,1.6125007111848397,1.6125007111848397,0,false,true,false,false,2.6300000000000026,1.0174992888151628,EXPERIMENT_ONLY
2025-01-19,20:00,test,2025,2025,19,20.534401022394764,1.5344010223947642,19,21,false,2025,2025-01,macro_non_southerly,20.53,1.5300000000000011,21,false,-0.004401022394763032,-0.004401022394763032,0,true,false,false,false,1.5300000000000011,1.5344010223947642,EXPERIMENT_ONLY
2025-01-19,21:00,test,2025,2025,19,20.641200051390165,1.6412000513901646,19,21,false,2025,2025-01,macro_non_southerly,20.53,1.5300000000000011,21,false,-0.11120005139016342,-0.11120005139016342,0,true,false,false,false,1.5300000000000011,1.6412000513901646,EXPERIMENT_ONLY
2025-01-19,22:00,test,2025,2025,19,19.37824437079423,0.37824437079423134,19,19,true,2025,2025-01,macro_southerly_flow,20.53,1.5300000000000011,21,false,1.1517556292057698,1.1517556292057698,-1,false,true,true,false,1.5300000000000011,0.37824437079423134,EXPERIMENT_ONLY
2025-01-19,23:00,test,2025,2025,19,19.415536517884735,0.41553651788473545,19,19,true,2025,2025-01,macro_southerly_flow,20.53,1.5300000000000011,21,false,1.1144634821152657,1.1144634821152657,-1,false,true,true,false,1.5300000000000011,0.41553651788473545,EXPERIMENT_ONLY
2025-01-20,20:00,test,2025,2025,18,18.571990117569705,0.5719901175697046,18,19,false,2025,2025-01,macro_southerly_flow,19.79,1.7899999999999991,20,false,1.2180098824302945,1.2180098824302945,0,false,true,false,false,1.7899999999999991,0.5719901175697046,EXPERIMENT_ONLY
2025-01-20,21:00,test,2025,2025,18,18.72431235754089,0.7243123575408887,18,19,false,2025,2025-01,macro_southerly_flow,19.79,1.7899999999999991,20,false,1.0656876424591104,1.0656876424591104,0,false,true,false,false,1.7899999999999991,0.7243123575408887,EXPERIMENT_ONLY
2025-01-20,22:00,test,2025,2025,18,18.554086264166216,0.5540862641662159,18,19,false,2025,2025-01,macro_southerly_flow,19.79,1.7899999999999991,20,false,1.2359137358337833,1.2359137358337833,0,false,true,false,false,1.7899999999999991,0.5540862641662159,EXPERIMENT_ONLY
2025-01-20,23:00,test,2025,2025,18,18.753138515669733,0.7531385156697326,18,19,false,2025,2025-01,macro_southerly_flow,19.79,1.7899999999999991,20,false,1.0368614843302666,1.0368614843302666,0,false,true,false,false,1.7899999999999991,0.7531385156697326,EXPERIMENT_ONLY
2025-01-21,20:00,test,2025,2025,21,21.86053066502228,0.8605306650222815,21,22,false,2025,2025-01,macro_non_southerly,24.69,3.6900000000000013,25,false,2.82946933497772,2.82946933497772,0,false,true,false,false,3.6900000000000013,0.8605306650222815,EXPERIMENT_ONLY
2025-01-21,21:00,test,2025,2025,21,22.965666658971475,1.9656666589714753,21,23,false,2025,2025-01,macro_non_southerly,24.69,3.6900000000000013,25,false,1.724333341028526,1.724333341028526,0,false,true,false,false,3.6900000000000013,1.9656666589714753,EXPERIMENT_ONLY
2025-01-21,22:00,test,2025,2025,21,22.892760624342213,1.8927606243422126,21,23,false,2025,2025-01,macro_non_southerly,24.69,3.6900000000000013,25,false,1.7972393756577887,1.7972393756577887,0,false,true,false,false,3.6900000000000013,1.8927606243422126,EXPERIMENT_ONLY
2025-01-21,23:00,test,2025,2025,21,22.761432026834157,1.7614320268341572,21,23,false,2025,2025-01,macro_non_southerly,24.69,3.6900000000000013,25,false,1.928567973165844,1.928567973165844,0,false,true,false,false,3.6900000000000013,1.7614320268341572,EXPERIMENT_ONLY
2025-01-22,20:00,test,2025,2025,23,22.73934056441737,0.2606594355826317,23,23,true,2025,2025-01,macro_non_southerly,24.59,1.5899999999999999,25,false,1.3293405644173681,1.8506594355826316,-1,false,true,true,false,1.5899999999999999,-0.2606594355826317,EXPERIMENT_ONLY
2025-01-22,21:00,test,2025,2025,23,22.803554174678954,0.19644582532104593,23,23,true,2025,2025-01,macro_non_southerly,24.59,1.5899999999999999,25,false,1.393554174678954,1.7864458253210458,-1,false,true,true,false,1.5899999999999999,-0.19644582532104593,EXPERIMENT_ONLY
2025-01-22,22:00,test,2025,2025,23,21.445743476816812,1.554256523183188,23,21,false,2025,2025-01,macro_southerly_flow,24.59,1.5899999999999999,25,false,0.03574347681681189,3.144256523183188,0,false,true,false,false,1.5899999999999999,-1.554256523183188,EXPERIMENT_ONLY
2025-01-22,23:00,test,2025,2025,23,21.649820832321346,1.3501791676786539,23,22,false,2025,2025-01,macro_southerly_flow,24.59,1.5899999999999999,25,false,0.239820832321346,2.9401791676786537,0,false,true,false,false,1.5899999999999999,-1.3501791676786539,EXPERIMENT_ONLY
2025-01-23,20:00,test,2025,2025,24,23.5632383025847,0.43676169741529947,24,24,true,2025,2025-01,macro_non_southerly,22.23,1.7699999999999996,22,false,1.3332383025847,-1.3332383025847,-1,false,true,true,false,-1.7699999999999996,-0.43676169741529947,EXPERIMENT_ONLY
2025-01-23,21:00,test,2025,2025,24,24.039089700606475,0.039089700606474764,24,24,true,2025,2025-01,macro_non_southerly,22.23,1.7699999999999996,22,false,1.7309102993935248,-1.8090897006064743,-1,false,true,true,false,-1.7699999999999996,0.039089700606474764,EXPERIMENT_ONLY
2025-01-23,22:00,test,2025,2025,24,23.861002676726027,0.13899732327397274,24,24,true,2025,2025-01,macro_non_southerly,22.23,1.7699999999999996,22,false,1.6310026767260268,-1.6310026767260268,-1,false,true,true,false,-1.7699999999999996,-0.13899732327397274,EXPERIMENT_ONLY
2025-01-23,23:00,test,2025,2025,24,24.020929788714845,0.020929788714845188,24,24,true,2025,2025-01,macro_non_southerly,22.23,1.7699999999999996,22,false,1.7490702112851544,-1.7909297887148448,-1,false,true,true,false,-1.7699999999999996,0.020929788714845188,EXPERIMENT_ONLY
2025-01-24,20:00,test,2025,2025,19,20.81492038900445,1.814920389004449,19,21,false,2025,2025-01,macro_southerly_flow,20.61,1.6099999999999994,21,false,-0.20492038900444953,-0.20492038900444953,0,true,false,false,false,1.6099999999999994,1.814920389004449,EXPERIMENT_ONLY
2025-01-24,21:00,test,2025,2025,19,20.469876083463152,1.4698760834631521,19,20,false,2025,2025-01,macro_southerly_flow,20.61,1.6099999999999994,21,false,0.1401239165368473,0.1401239165368473,0,false,true,false,false,1.6099999999999994,1.4698760834631521,EXPERIMENT_ONLY
2025-01-24,22:00,test,2025,2025,19,19.99944823884653,0.9994482388465293,19,20,false,2025,2025-01,macro_southerly_flow,20.61,1.6099999999999994,21,false,0.6105517611534701,0.6105517611534701,0,false,true,false,false,1.6099999999999994,0.9994482388465293,EXPERIMENT_ONLY
2025-01-24,23:00,test,2025,2025,19,20.548860981624703,1.5488609816247028,19,21,false,2025,2025-01,macro_southerly_flow,20.61,1.6099999999999994,21,false,0.06113901837529667,0.06113901837529667,0,false,true,false,false,1.6099999999999994,1.5488609816247028,EXPERIMENT_ONLY
2025-01-25,20:00,test,2025,2025,26,22.708904554341157,3.2910954456588435,26,23,false,2025,2025-01,macro_non_southerly,23.07,2.9299999999999997,23,false,-0.36109544565884377,0.36109544565884377,0,true,false,false,false,-2.9299999999999997,-3.2910954456588435,EXPERIMENT_ONLY
2025-01-25,21:00,test,2025,2025,26,22.653060109713838,3.346939890286162,26,23,false,2025,2025-01,macro_non_southerly,23.07,2.9299999999999997,23,false,-0.4169398902861623,0.4169398902861623,0,true,false,false,false,-2.9299999999999997,-3.346939890286162,EXPERIMENT_ONLY
2025-01-25,22:00,test,2025,2025,26,22.816574415640442,3.183425584359558,26,23,false,2025,2025-01,macro_non_southerly,23.07,2.9299999999999997,23,false,-0.2534255843595581,0.2534255843595581,0,true,false,false,false,-2.9299999999999997,-3.183425584359558,EXPERIMENT_ONLY
2025-01-25,23:00,test,2025,2025,26,23.179973587663515,2.8200264123364853,26,23,false,2025,2025-01,macro_non_southerly,23.07,2.9299999999999997,23,false,0.1099735876635144,-0.1099735876635144,0,false,true,false,false,-2.9299999999999997,-2.8200264123364853,EXPERIMENT_ONLY
2025-01-26,20:00,test,2025,2025,25,23.910908213040138,1.0890917869598624,25,24,false,2025,2025-01,macro_non_southerly,25.23,0.23000000000000043,25,true,-0.859091786959862,1.3190917869598628,1,true,false,false,true,0.23000000000000043,-1.0890917869598624,EXPERIMENT_ONLY
2025-01-26,21:00,test,2025,2025,25,24.540796143846073,0.4592038561539269,25,25,true,2025,2025-01,macro_non_southerly,25.23,0.23000000000000043,25,true,-0.22920385615392647,0.6892038561539273,0,true,false,false,false,0.23000000000000043,-0.4592038561539269,EXPERIMENT_ONLY
2025-01-26,22:00,test,2025,2025,25,23.82927151127774,1.1707284887222613,25,24,false,2025,2025-01,macro_non_southerly,25.23,0.23000000000000043,25,true,-0.9407284887222609,1.4007284887222617,1,true,false,false,true,0.23000000000000043,-1.1707284887222613,EXPERIMENT_ONLY
2025-01-26,23:00,test,2025,2025,25,24.297765532781355,0.7022344672186449,25,24,false,2025,2025-01,macro_non_southerly,25.23,0.23000000000000043,25,true,-0.4722344672186445,0.9322344672186453,1,true,false,false,true,0.23000000000000043,-0.7022344672186449,EXPERIMENT_ONLY
2025-01-27,20:00,test,2025,2025,17,18.048477475552904,1.0484774755529038,17,18,false,2025,2025-01,macro_southerly_flow,17.369999999999997,0.36999999999999744,17,true,-0.6784774755529064,-0.6784774755529064,1,true,false,false,true,0.36999999999999744,1.0484774755529038,EXPERIMENT_ONLY
2025-01-27,21:00,test,2025,2025,17,17.529408986066773,0.5294089860667732,17,18,false,2025,2025-01,macro_southerly_flow,17.369999999999997,0.36999999999999744,17,true,-0.15940898606677578,-0.15940898606677578,1,true,false,false,true,0.36999999999999744,0.5294089860667732,EXPERIMENT_ONLY
2025-01-27,22:00,test,2025,2025,17,16.987558585471486,0.012441414528513661,17,17,true,2025,2025-01,macro_southerly_flow,17.369999999999997,0.36999999999999744,17,true,0.3575585854714838,0.3824414145285111,0,false,true,false,false,0.36999999999999744,-0.012441414528513661,EXPERIMENT_ONLY
2025-01-27,23:00,test,2025,2025,17,16.81635335804266,0.18364664195733837,17,17,true,2025,2025-01,macro_southerly_flow,17.369999999999997,0.36999999999999744,17,true,0.18635335804265907,0.5536466419573358,0,false,true,false,false,0.36999999999999744,-0.18364664195733837,EXPERIMENT_ONLY
2025-01-28,20:00,test,2025,2025,21,20.381837068273864,0.6181629317261361,21,20,false,2025,2025-01,macro_non_southerly,20.11,0.8900000000000006,20,false,0.27183706827386445,-0.27183706827386445,0,false,true,false,false,-0.8900000000000006,-0.6181629317261361,EXPERIMENT_ONLY
2025-01-28,21:00,test,2025,2025,21,20.871612611252925,0.12838738874707545,21,21,true,2025,2025-01,macro_non_southerly,20.11,0.8900000000000006,20,false,0.7616126112529251,-0.7616126112529251,-1,false,true,true,false,-0.8900000000000006,-0.12838738874707545,EXPERIMENT_ONLY
2025-01-28,22:00,test,2025,2025,21,20.790372520356094,0.20962747964390616,21,21,true,2025,2025-01,macro_non_southerly,20.11,0.8900000000000006,20,false,0.6803725203560944,-0.6803725203560944,-1,false,true,true,false,-0.8900000000000006,-0.20962747964390616,EXPERIMENT_ONLY
2025-01-28,23:00,test,2025,2025,21,20.940736929567944,0.05926307043205625,21,21,true,2025,2025-01,macro_non_southerly,20.11,0.8900000000000006,20,false,0.8307369295679443,-0.8307369295679443,-1,false,true,true,false,-0.8900000000000006,-0.05926307043205625,EXPERIMENT_ONLY
2025-01-29,20:00,test,2025,2025,20,21.480938813718325,1.4809388137183248,20,21,false,2025,2025-01,macro_non_southerly,20.53,0.5300000000000011,21,false,-0.9509388137183237,-0.9509388137183237,0,true,false,false,false,0.5300000000000011,1.4809388137183248,EXPERIMENT_ONLY
2025-01-29,21:00,test,2025,2025,20,21.368730413297524,1.3687304132975235,20,21,false,2025,2025-01,macro_non_southerly,20.53,0.5300000000000011,21,false,-0.8387304132975224,-0.8387304132975224,0,true,false,false,false,0.5300000000000011,1.3687304132975235,EXPERIMENT_ONLY
2025-01-29,22:00,test,2025,2025,20,21.258701271712034,1.2587012717120345,20,21,false,2025,2025-01,macro_non_southerly,20.53,0.5300000000000011,21,false,-0.7287012717120334,-0.7287012717120334,0,true,false,false,false,0.5300000000000011,1.2587012717120345,EXPERIMENT_ONLY
2025-01-29,23:00,test,2025,2025,20,21.389602824509463,1.3896028245094634,20,21,false,2025,2025-01,macro_non_southerly,20.53,0.5300000000000011,21,false,-0.8596028245094622,-0.8596028245094622,0,true,false,false,false,0.5300000000000011,1.3896028245094634,EXPERIMENT_ONLY
2025-01-30,20:00,test,2025,2025,19,20.54194962610976,1.5419496261097585,19,21,false,2025,2025-01,macro_southerly_flow,20.19,1.1900000000000013,20,false,-0.3519496261097572,-0.3519496261097572,0,true,false,false,false,1.1900000000000013,1.5419496261097585,EXPERIMENT_ONLY
2025-01-30,21:00,test,2025,2025,19,20.125592200712994,1.125592200712994,19,20,false,2025,2025-01,macro_southerly_flow,20.19,1.1900000000000013,20,false,0.06440779928700735,0.06440779928700735,0,false,true,false,false,1.1900000000000013,1.125592200712994,EXPERIMENT_ONLY
2025-01-30,22:00,test,2025,2025,19,19.693460929937498,0.6934609299374976,19,20,false,2025,2025-01,macro_southerly_flow,20.19,1.1900000000000013,20,false,0.49653907006250364,0.49653907006250364,0,false,true,false,false,1.1900000000000013,0.6934609299374976,EXPERIMENT_ONLY
2025-01-30,23:00,test,2025,2025,19,19.801912346552268,0.8019123465522675,19,20,false,2025,2025-01,macro_southerly_flow,20.19,1.1900000000000013,20,false,0.38808765344773377,0.38808765344773377,0,false,true,false,false,1.1900000000000013,0.8019123465522675,EXPERIMENT_ONLY
2025-01-31,20:00,test,2025,2025,22,21.943877337338467,0.056122662661532985,22,22,true,2025,2025-01,macro_non_southerly,21.95,0.05000000000000071,22,true,-0.006122662661532274,0.006122662661532274,0,true,false,false,false,-0.05000000000000071,-0.056122662661532985,EXPERIMENT_ONLY
2025-01-31,21:00,test,2025,2025,22,22.303158030731357,0.30315803073135683,22,22,true,2025,2025-01,macro_non_southerly,21.95,0.05000000000000071,22,true,-0.2531580307313561,-0.35315803073135754,0,true,false,false,false,-0.05000000000000071,0.30315803073135683,EXPERIMENT_ONLY
2025-01-31,22:00,test,2025,2025,22,22.03305819226379,0.03305819226379114,22,22,true,2025,2025-01,macro_non_southerly,21.95,0.05000000000000071,22,true,0.01694180773620957,-0.08305819226379185,0,false,true,false,false,-0.05000000000000071,0.03305819226379114,EXPERIMENT_ONLY
2025-01-31,23:00,test,2025,2025,22,22.269061176613175,0.2690611766131745,22,22,true,2025,2025-01,macro_non_southerly,21.95,0.05000000000000071,22,true,-0.2190611766131738,-0.31906117661317523,0,true,false,false,false,-0.05000000000000071,0.2690611766131745,EXPERIMENT_ONLY
2025-02-01,20:00,test,2025,2025,22,22.110006050372622,0.1100060503726219,22,22,true,2025,2025-02,macro_non_southerly,21.29,0.7100000000000009,21,false,0.599993949627379,-0.8200060503726228,-1,false,true,true,false,-0.7100000000000009,0.1100060503726219,EXPERIMENT_ONLY
2025-02-01,21:00,test,2025,2025,22,22.520976424919564,0.5209764249195636,22,23,false,2025,2025-02,macro_non_southerly,21.29,0.7100000000000009,21,false,0.1890235750804372,-1.2309764249195645,0,false,true,false,false,-0.7100000000000009,0.5209764249195636,EXPERIMENT_ONLY
2025-02-01,22:00,test,2025,2025,22,22.182396765524924,0.18239676552492412,22,22,true,2025,2025-02,macro_non_southerly,21.29,0.7100000000000009,21,false,0.5276032344750767,-0.892396765524925,-1,false,true,true,false,-0.7100000000000009,0.18239676552492412,EXPERIMENT_ONLY
2025-02-01,23:00,test,2025,2025,22,22.247077937451504,0.24707793745150397,22,22,true,2025,2025-02,macro_non_southerly,21.29,0.7100000000000009,21,false,0.4629220625484969,-0.9570779374515048,-1,false,true,true,false,-0.7100000000000009,0.24707793745150397,EXPERIMENT_ONLY
2025-02-02,20:00,test,2025,2025,19,19.667598247762108,0.6675982477621076,19,20,false,2025,2025-02,macro_southerly_flow,19.97,0.9699999999999989,20,false,0.30240175223789123,0.30240175223789123,0,false,true,false,false,0.9699999999999989,0.6675982477621076,EXPERIMENT_ONLY
2025-02-02,21:00,test,2025,2025,19,19.56382318704125,0.5638231870412511,19,20,false,2025,2025-02,macro_southerly_flow,19.97,0.9699999999999989,20,false,0.40617681295874775,0.40617681295874775,0,false,true,false,false,0.9699999999999989,0.5638231870412511,EXPERIMENT_ONLY
2025-02-02,22:00,test,2025,2025,19,19.64960706699783,0.6496070669978309,19,20,false,2025,2025-02,macro_southerly_flow,19.97,0.9699999999999989,20,false,0.320392933002168,0.320392933002168,0,false,true,false,false,0.9699999999999989,0.6496070669978309,EXPERIMENT_ONLY
2025-02-02,23:00,test,2025,2025,19,19.87547519277051,0.8754751927705087,19,20,false,2025,2025-02,macro_southerly_flow,19.97,0.9699999999999989,20,false,0.0945248072294902,0.0945248072294902,0,false,true,false,false,0.9699999999999989,0.8754751927705087,EXPERIMENT_ONLY
2025-02-03,20:00,test,2025,2025,23,21.854921076421494,1.145078923578506,23,22,false,2025,2025-02,macro_non_southerly,21.89,1.1099999999999994,22,false,-0.035078923578506505,0.035078923578506505,0,true,false,false,false,-1.1099999999999994,-1.145078923578506,EXPERIMENT_ONLY
2025-02-03,21:00,test,2025,2025,23,22.557548973342396,0.4424510266576043,23,23,true,2025,2025-02,macro_non_southerly,21.89,1.1099999999999994,22,false,0.6675489733423952,-0.6675489733423952,-1,false,true,true,false,-1.1099999999999994,-0.4424510266576043,EXPERIMENT_ONLY
2025-02-03,22:00,test,2025,2025,23,22.380682925131826,0.6193170748681744,23,22,false,2025,2025-02,macro_non_southerly,21.89,1.1099999999999994,22,false,0.490682925131825,-0.490682925131825,0,false,true,false,false,-1.1099999999999994,-0.6193170748681744,EXPERIMENT_ONLY
2025-02-03,23:00,test,2025,2025,23,22.534575321056863,0.4654246789431369,23,23,true,2025,2025-02,macro_non_southerly,21.89,1.1099999999999994,22,false,0.6445753210568625,-0.6445753210568625,-1,false,true,true,false,-1.1099999999999994,-0.4654246789431369,EXPERIMENT_ONLY
2025-02-04,20:00,test,2025,2025,20,21.883996280289686,1.8839962802896864,20,22,false,2025,2025-02,macro_non_southerly,20.21,0.21000000000000085,20,true,-1.6739962802896855,-1.6739962802896855,1,true,false,false,true,0.21000000000000085,1.8839962802896864,EXPERIMENT_ONLY
2025-02-04,21:00,test,2025,2025,20,21.909603387129494,1.9096033871294935,20,22,false,2025,2025-02,macro_non_southerly,20.21,0.21000000000000085,20,true,-1.6996033871294927,-1.6996033871294927,1,true,false,false,true,0.21000000000000085,1.9096033871294935,EXPERIMENT_ONLY
2025-02-04,22:00,test,2025,2025,20,21.645632803371658,1.645632803371658,20,22,false,2025,2025-02,macro_non_southerly,20.21,0.21000000000000085,20,true,-1.4356328033716572,-1.4356328033716572,1,true,false,false,true,0.21000000000000085,1.645632803371658,EXPERIMENT_ONLY
2025-02-04,23:00,test,2025,2025,20,21.818040317375036,1.8180403173750364,20,22,false,2025,2025-02,macro_non_southerly,20.21,0.21000000000000085,20,true,-1.6080403173750355,-1.6080403173750355,1,true,false,false,true,0.21000000000000085,1.8180403173750364,EXPERIMENT_ONLY
2025-02-05,20:00,test,2025,2025,19,19.804943990357355,0.804943990357355,19,20,false,2025,2025-02,macro_southerly_flow,21.47,2.469999999999999,21,false,1.6650560096426439,1.6650560096426439,0,false,true,false,false,2.469999999999999,0.804943990357355,EXPERIMENT_ONLY
2025-02-05,21:00,test,2025,2025,19,20.092285803200433,1.0922858032004328,19,20,false,2025,2025-02,macro_southerly_flow,21.47,2.469999999999999,21,false,1.377714196799566,1.377714196799566,0,false,true,false,false,2.469999999999999,1.0922858032004328,EXPERIMENT_ONLY
2025-02-05,22:00,test,2025,2025,19,20.2256426944195,1.2256426944194985,19,20,false,2025,2025-02,macro_southerly_flow,21.47,2.469999999999999,21,false,1.2443573055805004,1.2443573055805004,0,false,true,false,false,2.469999999999999,1.2256426944194985,EXPERIMENT_ONLY
2025-02-05,23:00,test,2025,2025,19,20.795693915011352,1.795693915011352,19,21,false,2025,2025-02,macro_southerly_flow,21.47,2.469999999999999,21,false,0.6743060849886469,0.6743060849886469,0,false,true,false,false,2.469999999999999,1.795693915011352,EXPERIMENT_ONLY
2025-02-06,20:00,test,2025,2025,21,21.75596600943663,0.7559660094366301,21,22,false,2025,2025-02,macro_non_southerly,22.11,1.1099999999999994,22,false,0.35403399056336937,0.35403399056336937,0,false,true,false,false,1.1099999999999994,0.7559660094366301,EXPERIMENT_ONLY
2025-02-06,21:00,test,2025,2025,21,22.212026372841393,1.2120263728413931,21,22,false,2025,2025-02,macro_non_southerly,22.11,1.1099999999999994,22,false,-0.10202637284139371,-0.10202637284139371,0,true,false,false,false,1.1099999999999994,1.2120263728413931,EXPERIMENT_ONLY
2025-02-06,22:00,test,2025,2025,21,22.07097175995607,1.0709717599560697,21,22,false,2025,2025-02,macro_non_southerly,22.11,1.1099999999999994,22,false,0.039028240043929685,0.039028240043929685,0,false,true,false,false,1.1099999999999994,1.0709717599560697,EXPERIMENT_ONLY
2025-02-06,23:00,test,2025,2025,21,22.206375075631613,1.2063750756316125,21,22,false,2025,2025-02,macro_non_southerly,22.11,1.1099999999999994,22,false,-0.09637507563161307,-0.09637507563161307,0,true,false,false,false,1.1099999999999994,1.2063750756316125,EXPERIMENT_ONLY
2025-02-07,20:00,test,2025,2025,19,19.22213372020757,0.2221337202075695,19,19,true,2025,2025-02,macro_southerly_flow,19.27,0.2699999999999996,19,true,0.04786627979243008,0.04786627979243008,0,false,true,false,false,0.2699999999999996,0.2221337202075695,EXPERIMENT_ONLY
2025-02-07,21:00,test,2025,2025,19,19.415595602513317,0.4155956025133172,19,19,true,2025,2025-02,macro_southerly_flow,19.27,0.2699999999999996,19,true,-0.1455956025133176,-0.1455956025133176,0,true,false,false,false,0.2699999999999996,0.4155956025133172,EXPERIMENT_ONLY
2025-02-07,22:00,test,2025,2025,19,19.31111715910491,0.31111715910491,19,19,true,2025,2025-02,macro_southerly_flow,19.27,0.2699999999999996,19,true,-0.04111715910491043,-0.04111715910491043,0,true,false,false,false,0.2699999999999996,0.31111715910491,EXPERIMENT_ONLY
2025-02-07,23:00,test,2025,2025,19,19.342383214972088,0.342383214972088,19,19,true,2025,2025-02,macro_southerly_flow,19.27,0.2699999999999996,19,true,-0.07238321497208844,-0.07238321497208844,0,true,false,false,false,0.2699999999999996,0.342383214972088,EXPERIMENT_ONLY
2025-02-08,20:00,test,2025,2025,25,23.407557660122073,1.5924423398779268,25,23,false,2025,2025-02,macro_non_southerly,23.23,1.7699999999999996,23,false,0.17755766012207275,-0.17755766012207275,0,false,true,false,false,-1.7699999999999996,-1.5924423398779268,EXPERIMENT_ONLY
2025-02-08,21:00,test,2025,2025,25,24.2152084083799,0.7847915916200989,25,24,false,2025,2025-02,macro_non_southerly,23.23,1.7699999999999996,23,false,0.9852084083799006,-0.9852084083799006,0,false,true,false,false,-1.7699999999999996,-0.7847915916200989,EXPERIMENT_ONLY
2025-02-08,22:00,test,2025,2025,25,24.104673460232462,0.8953265397675381,25,24,false,2025,2025-02,macro_non_southerly,23.23,1.7699999999999996,23,false,0.8746734602324615,-0.8746734602324615,0,false,true,false,false,-1.7699999999999996,-0.8953265397675381,EXPERIMENT_ONLY
2025-02-08,23:00,test,2025,2025,25,24.293473364473975,0.7065266355260249,25,24,false,2025,2025-02,macro_non_southerly,23.23,1.7699999999999996,23,false,1.0634733644739747,-1.0634733644739747,0,false,true,false,false,-1.7699999999999996,-0.7065266355260249,EXPERIMENT_ONLY
2025-02-09,20:00,test,2025,2025,24,23.0879993341154,0.9120006658846016,24,23,false,2025,2025-02,macro_non_southerly,22.89,1.1099999999999994,23,false,0.19799933411539783,-0.19799933411539783,0,false,true,false,false,-1.1099999999999994,-0.9120006658846016,EXPERIMENT_ONLY
2025-02-09,21:00,test,2025,2025,24,23.24014317561331,0.7598568243866914,24,23,false,2025,2025-02,macro_non_southerly,22.89,1.1099999999999994,23,false,0.350143175613308,-0.350143175613308,0,false,true,false,false,-1.1099999999999994,-0.7598568243866914,EXPERIMENT_ONLY
2025-02-09,22:00,test,2025,2025,24,23.270377508947174,0.729622491052826,24,23,false,2025,2025-02,macro_non_southerly,22.89,1.1099999999999994,23,false,0.3803775089471735,-0.3803775089471735,0,false,true,false,false,-1.1099999999999994,-0.729622491052826,EXPERIMENT_ONLY
2025-02-09,23:00,test,2025,2025,24,23.605023656867804,0.3949763431321962,24,24,true,2025,2025-02,macro_non_southerly,22.89,1.1099999999999994,23,false,0.7150236568678032,-0.7150236568678032,-1,false,true,true,false,-1.1099999999999994,-0.3949763431321962,EXPERIMENT_ONLY
2025-02-10,20:00,test,2025,2025,19,20.006315339415647,1.0063153394156465,19,20,false,2025,2025-02,macro_southerly_flow,21.130000000000003,2.1300000000000026,21,false,1.123684660584356,1.123684660584356,0,false,true,false,false,2.1300000000000026,1.0063153394156465,EXPERIMENT_ONLY
2025-02-10,21:00,test,2025,2025,19,20.13277098866707,1.132770988667069,19,20,false,2025,2025-02,macro_southerly_flow,21.130000000000003,2.1300000000000026,21,false,0.9972290113329336,0.9972290113329336,0,false,true,false,false,2.1300000000000026,1.132770988667069,EXPERIMENT_ONLY
2025-02-10,22:00,test,2025,2025,19,20.13378836248144,1.1337883624814395,19,20,false,2025,2025-02,macro_southerly_flow,21.130000000000003,2.1300000000000026,21,false,0.996211637518563,0.996211637518563,0,false,true,false,false,2.1300000000000026,1.1337883624814395,EXPERIMENT_ONLY
2025-02-10,23:00,test,2025,2025,19,20.472134875327054,1.472134875327054,19,20,false,2025,2025-02,macro_southerly_flow,21.130000000000003,2.1300000000000026,21,false,0.6578651246729486,0.6578651246729486,0,false,true,false,false,2.1300000000000026,1.472134875327054,EXPERIMENT_ONLY
2025-02-11,20:00,test,2025,2025,19,17.974792731649778,1.025207268350222,19,18,false,2025,2025-02,macro_southerly_flow,19.07,0.07000000000000028,19,true,-0.9552072683502217,1.0952072683502223,1,true,false,false,true,0.07000000000000028,-1.025207268350222,EXPERIMENT_ONLY
2025-02-11,21:00,test,2025,2025,19,18.517448714809955,0.48255128519004487,19,19,true,2025,2025-02,macro_southerly_flow,19.07,0.07000000000000028,19,true,-0.4125512851900446,0.5525512851900451,0,true,false,false,false,0.07000000000000028,-0.48255128519004487,EXPERIMENT_ONLY
2025-02-11,22:00,test,2025,2025,19,18.177064576710464,0.8229354232895361,19,18,false,2025,2025-02,macro_southerly_flow,19.07,0.07000000000000028,19,true,-0.7529354232895358,0.8929354232895363,1,true,false,false,true,0.07000000000000028,-0.8229354232895361,EXPERIMENT_ONLY
2025-02-11,23:00,test,2025,2025,19,18.613047644121277,0.3869523558787229,19,19,true,2025,2025-02,macro_southerly_flow,19.07,0.07000000000000028,19,true,-0.3169523558787226,0.4569523558787232,0,true,false,false,false,0.07000000000000028,-0.3869523558787229,EXPERIMENT_ONLY
2025-02-12,20:00,test,2025,2025,20,19.740162109667043,0.2598378903329568,20,20,true,2025,2025-02,macro_southerly_flow,20.19,0.19000000000000128,20,true,-0.06983789033295551,0.44983789033295807,0,true,false,false,false,0.19000000000000128,-0.2598378903329568,EXPERIMENT_ONLY
2025-02-12,21:00,test,2025,2025,20,20.007332679766684,0.007332679766683725,20,20,true,2025,2025-02,macro_southerly_flow,20.19,0.19000000000000128,20,true,0.18266732023331755,0.18266732023331755,0,false,true,false,false,0.19000000000000128,0.007332679766683725,EXPERIMENT_ONLY
2025-02-12,22:00,test,2025,2025,20,19.88108794174303,0.11891205825697071,20,20,true,2025,2025-02,macro_southerly_flow,20.19,0.19000000000000128,20,true,0.07108794174303057,0.308912058256972,0,false,true,false,false,0.19000000000000128,-0.11891205825697071,EXPERIMENT_ONLY
2025-02-12,23:00,test,2025,2025,20,20.057185957298127,0.05718595729812748,20,20,true,2025,2025-02,macro_southerly_flow,20.19,0.19000000000000128,20,true,0.1328140427018738,0.1328140427018738,0,false,true,false,false,0.19000000000000128,0.05718595729812748,EXPERIMENT_ONLY
2025-02-13,20:00,test,2025,2025,20,21.192548994223536,1.1925489942235359,20,21,false,2025,2025-02,macro_southerly_flow,22.87,2.870000000000001,23,false,1.677451005776465,1.677451005776465,0,false,true,false,false,2.870000000000001,1.1925489942235359,EXPERIMENT_ONLY
2025-02-13,21:00,test,2025,2025,20,22.15049639291146,2.15049639291146,20,22,false,2025,2025-02,macro_southerly_flow,22.87,2.870000000000001,23,false,0.7195036070885408,0.7195036070885408,0,false,true,false,false,2.870000000000001,2.15049639291146,EXPERIMENT_ONLY
2025-02-13,22:00,test,2025,2025,20,22.097123084217884,2.097123084217884,20,22,false,2025,2025-02,macro_southerly_flow,22.87,2.870000000000001,23,false,0.7728769157821169,0.7728769157821169,0,false,true,false,false,2.870000000000001,2.097123084217884,EXPERIMENT_ONLY
2025-02-13,23:00,test,2025,2025,20,22.72409014665346,2.7240901466534595,20,23,false,2025,2025-02,macro_southerly_flow,22.87,2.870000000000001,23,false,0.1459098533465415,0.1459098533465415,0,false,true,false,false,2.870000000000001,2.7240901466534595,EXPERIMENT_ONLY
2025-02-14,20:00,test,2025,2025,22,23.008212541732227,1.0082125417322274,22,23,false,2025,2025-02,macro_non_southerly,24.75,2.75,25,false,1.7417874582677726,1.7417874582677726,0,false,true,false,false,2.75,1.0082125417322274,EXPERIMENT_ONLY
2025-02-14,21:00,test,2025,2025,22,23.887431022966215,1.887431022966215,22,24,false,2025,2025-02,macro_non_southerly,24.75,2.75,25,false,0.862568977033785,0.862568977033785,0,false,true,false,false,2.75,1.887431022966215,EXPERIMENT_ONLY
2025-02-14,22:00,test,2025,2025,22,23.85951655102512,1.85951655102512,22,24,false,2025,2025-02,macro_non_southerly,24.75,2.75,25,false,0.8904834489748801,0.8904834489748801,0,false,true,false,false,2.75,1.85951655102512,EXPERIMENT_ONLY
2025-02-14,23:00,test,2025,2025,22,23.85065819894811,1.8506581989481106,22,24,false,2025,2025-02,macro_non_southerly,24.75,2.75,25,false,0.8993418010518894,0.8993418010518894,0,false,true,false,false,2.75,1.8506581989481106,EXPERIMENT_ONLY
2025-02-15,20:00,test,2025,2025,25,23.558891540776443,1.4411084592235568,25,24,false,2025,2025-02,macro_non_southerly,23.25,1.75,23,false,0.3088915407764432,-0.3088915407764432,0,false,true,false,false,-1.75,-1.4411084592235568,EXPERIMENT_ONLY
2025-02-15,21:00,test,2025,2025,25,24.065325761375263,0.9346742386247371,25,24,false,2025,2025-02,macro_non_southerly,23.25,1.75,23,false,0.8153257613752629,-0.8153257613752629,0,false,true,false,false,-1.75,-0.9346742386247371,EXPERIMENT_ONLY
2025-02-15,22:00,test,2025,2025,25,24.05693582446258,0.943064175537419,25,24,false,2025,2025-02,macro_non_southerly,23.25,1.75,23,false,0.806935824462581,-0.806935824462581,0,false,true,false,false,-1.75,-0.943064175537419,EXPERIMENT_ONLY
2025-02-15,23:00,test,2025,2025,25,24.250742040208316,0.7492579597916844,25,24,false,2025,2025-02,macro_non_southerly,23.25,1.75,23,false,1.0007420402083156,-1.0007420402083156,0,false,true,false,false,-1.75,-0.7492579597916844,EXPERIMENT_ONLY
2025-02-16,20:00,test,2025,2025,24,23.713669178938556,0.28633082106144414,24,24,true,2025,2025-02,macro_non_southerly,23.47,0.5300000000000011,23,false,0.243669178938557,-0.243669178938557,-1,false,true,true,false,-0.5300000000000011,-0.28633082106144414,EXPERIMENT_ONLY
2025-02-16,21:00,test,2025,2025,24,24.00838152999414,0.008381529994139214,24,24,true,2025,2025-02,macro_non_southerly,23.47,0.5300000000000011,23,false,0.5216184700058619,-0.5383815299941404,-1,false,true,true,false,-0.5300000000000011,0.008381529994139214,EXPERIMENT_ONLY
2025-02-16,22:00,test,2025,2025,24,24.03747726365786,0.03747726365785908,24,24,true,2025,2025-02,macro_non_southerly,23.47,0.5300000000000011,23,false,0.49252273634214205,-0.5674772636578602,-1,false,true,true,false,-0.5300000000000011,0.03747726365785908,EXPERIMENT_ONLY
2025-02-16,23:00,test,2025,2025,24,23.75811566237211,0.24188433762789074,24,24,true,2025,2025-02,macro_non_southerly,23.47,0.5300000000000011,23,false,0.2881156623721104,-0.2881156623721104,-1,false,true,true,false,-0.5300000000000011,-0.24188433762789074,EXPERIMENT_ONLY
2025-02-17,20:00,test,2025,2025,24,23.616132218544767,0.38386778145523337,24,24,true,2025,2025-02,macro_non_southerly,24.95,0.9499999999999993,25,false,0.5661322185447659,1.3338677814552327,-1,false,true,true,false,0.9499999999999993,-0.38386778145523337,EXPERIMENT_ONLY
2025-02-17,21:00,test,2025,2025,24,24.669441315521894,0.6694413155218939,24,25,false,2025,2025-02,macro_non_southerly,24.95,0.9499999999999993,25,false,0.2805586844781054,0.2805586844781054,0,false,true,false,false,0.9499999999999993,0.6694413155218939,EXPERIMENT_ONLY
2025-02-17,22:00,test,2025,2025,24,23.807526534622884,0.19247346537711607,24,24,true,2025,2025-02,macro_non_southerly,24.95,0.9499999999999993,25,false,0.7575265346228832,1.1424734653771154,-1,false,true,true,false,0.9499999999999993,-0.19247346537711607,EXPERIMENT_ONLY
2025-02-17,23:00,test,2025,2025,24,25.327507900351346,1.3275079003513461,24,25,false,2025,2025-02,macro_non_southerly,24.95,0.9499999999999993,25,false,-0.37750790035134685,-0.37750790035134685,0,true,false,false,false,0.9499999999999993,1.3275079003513461,EXPERIMENT_ONLY
2025-02-18,20:00,test,2025,2025,23,23.624589816817924,0.6245898168179238,23,24,false,2025,2025-02,macro_non_southerly,22.866666666666664,0.1333333333333364,23,true,-0.4912564834845874,-0.7579231501512602,1,true,false,false,true,-0.1333333333333364,0.6245898168179238,EXPERIMENT_ONLY
2025-02-18,21:00,test,2025,2025,23,23.000054410367838,0.00005441036783793152,23,23,true,2025,2025-02,macro_non_southerly,22.866666666666664,0.1333333333333364,23,true,0.13327892296549848,-0.13338774370117434,0,false,true,false,false,-0.1333333333333364,0.00005441036783793152,EXPERIMENT_ONLY
2025-02-18,22:00,test,2025,2025,23,22.841018242476977,0.1589817575230228,23,23,true,2025,2025-02,macro_non_southerly,22.866666666666664,0.1333333333333364,23,true,-0.02564842418968638,0.02564842418968638,0,true,false,false,false,-0.1333333333333364,-0.1589817575230228,EXPERIMENT_ONLY
2025-02-18,23:00,test,2025,2025,23,23.016470691733538,0.01647069173353799,23,23,true,2025,2025-02,macro_non_southerly,22.866666666666664,0.1333333333333364,23,true,0.11686264159979842,-0.1498040250668744,0,false,true,false,false,-0.1333333333333364,0.01647069173353799,EXPERIMENT_ONLY
2025-02-19,20:00,test,2025,2025,23,22.60356081397931,0.3964391860206895,23,23,true,2025,2025-02,macro_non_southerly,22.216666666666665,0.783333333333335,22,false,0.3868941473126455,-0.3868941473126455,-1,false,true,true,false,-0.783333333333335,-0.3964391860206895,EXPERIMENT_ONLY
2025-02-19,21:00,test,2025,2025,23,22.483115740049346,0.516884259950654,23,22,false,2025,2025-02,macro_non_southerly,22.216666666666665,0.783333333333335,22,false,0.266449073382681,-0.266449073382681,0,false,true,false,false,-0.783333333333335,-0.516884259950654,EXPERIMENT_ONLY
2025-02-19,22:00,test,2025,2025,23,22.456916378157764,0.5430836218422357,23,22,false,2025,2025-02,macro_non_southerly,22.216666666666665,0.783333333333335,22,false,0.2402497114910993,-0.2402497114910993,0,false,true,false,false,-0.783333333333335,-0.5430836218422357,EXPERIMENT_ONLY
2025-02-19,23:00,test,2025,2025,23,22.587514393546854,0.4124856064531457,23,23,true,2025,2025-02,macro_non_southerly,22.216666666666665,0.783333333333335,22,false,0.3708477268801893,-0.3708477268801893,-1,false,true,true,false,-0.783333333333335,-0.4124856064531457,EXPERIMENT_ONLY
2025-02-20,20:00,test,2025,2025,24,23.553478224422506,0.4465217755774944,24,24,true,2025,2025-02,macro_non_southerly,22.233333333333334,1.7666666666666657,22,false,1.3201448910891713,-1.3201448910891713,-1,false,true,true,false,-1.7666666666666657,-0.4465217755774944,EXPERIMENT_ONLY
2025-02-20,21:00,test,2025,2025,24,23.748265647850566,0.25173435214943396,24,24,true,2025,2025-02,macro_non_southerly,22.233333333333334,1.7666666666666657,22,false,1.5149323145172318,-1.5149323145172318,-1,false,true,true,false,-1.7666666666666657,-0.25173435214943396,EXPERIMENT_ONLY
2025-02-20,22:00,test,2025,2025,24,23.61079240076158,0.3892075992384214,24,24,true,2025,2025-02,macro_non_southerly,22.233333333333334,1.7666666666666657,22,false,1.3774590674282443,-1.3774590674282443,-1,false,true,true,false,-1.7666666666666657,-0.3892075992384214,EXPERIMENT_ONLY
2025-02-20,23:00,test,2025,2025,24,23.638307155910596,0.3616928440894043,24,24,true,2025,2025-02,macro_non_southerly,22.233333333333334,1.7666666666666657,22,false,1.4049738225772614,-1.4049738225772614,-1,false,true,true,false,-1.7666666666666657,-0.3616928440894043,EXPERIMENT_ONLY
2025-02-21,20:00,test,2025,2025,22,23.139662162159244,1.1396621621592438,22,23,false,2025,2025-02,macro_non_southerly,21.716666666666665,0.283333333333335,22,true,-0.8563288288259088,-1.4229954954925788,1,true,false,false,true,-0.283333333333335,1.1396621621592438,EXPERIMENT_ONLY
2025-02-21,21:00,test,2025,2025,22,23.433333019871455,1.433333019871455,22,23,false,2025,2025-02,macro_non_southerly,21.716666666666665,0.283333333333335,22,true,-1.14999968653812,-1.7166663532047899,1,true,false,false,true,-0.283333333333335,1.433333019871455,EXPERIMENT_ONLY
2025-02-21,22:00,test,2025,2025,22,23.22764224956132,1.2276422495613204,22,23,false,2025,2025-02,macro_non_southerly,21.716666666666665,0.283333333333335,22,true,-0.9443089162279854,-1.5109755828946554,1,true,false,false,true,-0.283333333333335,1.2276422495613204,EXPERIMENT_ONLY
2025-02-21,23:00,test,2025,2025,22,23.435156677012685,1.4351566770126851,22,23,false,2025,2025-02,macro_non_southerly,21.716666666666665,0.283333333333335,22,true,-1.1518233436793501,-1.7184900103460201,1,true,false,false,true,-0.283333333333335,1.4351566770126851,EXPERIMENT_ONLY
2025-02-22,20:00,test,2025,2025,24,21.701450749728984,2.298549250271016,24,22,false,2025,2025-02,macro_non_southerly,21.933333333333334,2.0666666666666664,22,false,-0.23188258360434943,0.23188258360434943,0,true,false,false,false,-2.0666666666666664,-2.298549250271016,EXPERIMENT_ONLY
2025-02-22,21:00,test,2025,2025,24,21.99317204093199,2.0068279590680085,24,22,false,2025,2025-02,macro_non_southerly,21.933333333333334,2.0666666666666664,22,false,0.05983870759865795,-0.05983870759865795,0,false,true,false,false,-2.0666666666666664,-2.0068279590680085,EXPERIMENT_ONLY
2025-02-22,22:00,test,2025,2025,24,21.984485809886383,2.015514190113617,24,22,false,2025,2025-02,macro_non_southerly,21.933333333333334,2.0666666666666664,22,false,0.05115247655304955,-0.05115247655304955,0,false,true,false,false,-2.0666666666666664,-2.015514190113617,EXPERIMENT_ONLY
2025-02-22,23:00,test,2025,2025,24,21.971690560815645,2.028309439184355,24,22,false,2025,2025-02,macro_non_southerly,21.933333333333334,2.0666666666666664,22,false,0.03835722748231163,-0.03835722748231163,0,false,true,false,false,-2.0666666666666664,-2.028309439184355,EXPERIMENT_ONLY
2025-02-23,20:00,test,2025,2025,21,20.87844476516279,0.12155523483720998,21,21,true,2025,2025-02,macro_non_southerly,20.333333333333332,0.6666666666666679,20,false,0.5451114318294579,-0.5451114318294579,-1,false,true,true,false,-0.6666666666666679,-0.12155523483720998,EXPERIMENT_ONLY
2025-02-23,21:00,test,2025,2025,21,20.844263707730878,0.1557362922691219,21,21,true,2025,2025-02,macro_non_southerly,20.333333333333332,0.6666666666666679,20,false,0.510930374397546,-0.510930374397546,-1,false,true,true,false,-0.6666666666666679,-0.1557362922691219,EXPERIMENT_ONLY
2025-02-23,22:00,test,2025,2025,21,20.444337968836066,0.5556620311639335,21,20,false,2025,2025-02,macro_non_southerly,20.333333333333332,0.6666666666666679,20,false,0.11100463550273432,-0.11100463550273432,0,false,true,false,false,-0.6666666666666679,-0.5556620311639335,EXPERIMENT_ONLY
2025-02-23,23:00,test,2025,2025,21,20.753414071215136,0.24658592878486374,21,21,true,2025,2025-02,macro_non_southerly,20.333333333333332,0.6666666666666679,20,false,0.4200807378818041,-0.4200807378818041,-1,false,true,true,false,-0.6666666666666679,-0.24658592878486374,EXPERIMENT_ONLY
2025-02-24,20:00,test,2025,2025,23,22.902505396352655,0.09749460364734475,23,23,true,2025,2025-02,macro_non_southerly,22.150000000000002,0.8499999999999979,22,false,0.7525053963526531,-0.7525053963526531,-1,false,true,true,false,-0.8499999999999979,-0.09749460364734475,EXPERIMENT_ONLY
2025-02-24,21:00,test,2025,2025,23,23.262313637021112,0.2623136370211121,23,23,true,2025,2025-02,macro_non_southerly,22.150000000000002,0.8499999999999979,22,false,0.5876863629788858,-1.11231363702111,-1,false,true,true,false,-0.8499999999999979,0.2623136370211121,EXPERIMENT_ONLY
2025-02-24,22:00,test,2025,2025,23,23.160718355116,0.16071835511599986,23,23,true,2025,2025-02,macro_non_southerly,22.150000000000002,0.8499999999999979,22,false,0.689281644883998,-1.0107183551159977,-1,false,true,true,false,-0.8499999999999979,0.16071835511599986,EXPERIMENT_ONLY
2025-02-24,23:00,test,2025,2025,23,23.261823130479858,0.2618231304798577,23,23,true,2025,2025-02,macro_non_southerly,22.150000000000002,0.8499999999999979,22,false,0.5881768695201401,-1.1118231304798556,-1,false,true,true,false,-0.8499999999999979,0.2618231304798577,EXPERIMENT_ONLY
2025-02-25,20:00,test,2025,2025,23,22.69013369630646,0.3098663036935392,23,23,true,2025,2025-02,macro_non_southerly,21.683333333333334,1.3166666666666664,22,false,1.0068003629731272,-1.0068003629731272,-1,false,true,true,false,-1.3166666666666664,-0.3098663036935392,EXPERIMENT_ONLY
2025-02-25,21:00,test,2025,2025,23,23.00170808186414,0.0017080818641410644,23,23,true,2025,2025-02,macro_non_southerly,21.683333333333334,1.3166666666666664,22,false,1.3149585848025254,-1.3183747485308075,-1,false,true,true,false,-1.3166666666666664,0.0017080818641410644,EXPERIMENT_ONLY
2025-02-25,22:00,test,2025,2025,23,22.892475557299036,0.10752444270096362,23,23,true,2025,2025-02,macro_non_southerly,21.683333333333334,1.3166666666666664,22,false,1.2091422239657028,-1.2091422239657028,-1,false,true,true,false,-1.3166666666666664,-0.10752444270096362,EXPERIMENT_ONLY
2025-02-25,23:00,test,2025,2025,23,23.01537177837188,0.015371778371878975,23,23,true,2025,2025-02,macro_non_southerly,21.683333333333334,1.3166666666666664,22,false,1.3012948882947875,-1.3320384450385454,-1,false,true,true,false,-1.3166666666666664,0.015371778371878975,EXPERIMENT_ONLY
2025-02-26,20:00,test,2025,2025,19,22.47508079735418,3.475080797354181,19,22,false,2025,2025-02,macro_non_southerly,20.916666666666668,1.9166666666666679,21,false,-1.5584141306875132,-1.5584141306875132,0,true,false,false,false,1.9166666666666679,3.475080797354181,EXPERIMENT_ONLY
2025-02-26,21:00,test,2025,2025,19,22.554516329675508,3.554516329675508,19,23,false,2025,2025-02,macro_non_southerly,20.916666666666668,1.9166666666666679,21,false,-1.63784966300884,-1.63784966300884,0,true,false,false,false,1.9166666666666679,3.554516329675508,EXPERIMENT_ONLY
2025-02-26,22:00,test,2025,2025,19,22.26402025920813,3.264020259208131,19,22,false,2025,2025-02,macro_non_southerly,20.916666666666668,1.9166666666666679,21,false,-1.347353592541463,-1.347353592541463,0,true,false,false,false,1.9166666666666679,3.264020259208131,EXPERIMENT_ONLY
2025-02-26,23:00,test,2025,2025,19,22.074511066519978,3.074511066519978,19,22,false,2025,2025-02,macro_non_southerly,20.916666666666668,1.9166666666666679,21,false,-1.1578443998533103,-1.1578443998533103,0,true,false,false,false,1.9166666666666679,3.074511066519978,EXPERIMENT_ONLY
2025-02-27,20:00,test,2025,2025,21,21.779403606395096,0.7794036063950962,21,22,false,2025,2025-02,macro_non_southerly,22.683333333333334,1.6833333333333336,23,false,0.9039297269382374,0.9039297269382374,0,false,true,false,false,1.6833333333333336,0.7794036063950962,EXPERIMENT_ONLY
2025-02-27,21:00,test,2025,2025,21,22.270040468440772,1.2700404684407722,21,22,false,2025,2025-02,macro_non_southerly,22.683333333333334,1.6833333333333336,23,false,0.41329286489256134,0.41329286489256134,0,false,true,false,false,1.6833333333333336,1.2700404684407722,EXPERIMENT_ONLY
2025-02-27,22:00,test,2025,2025,21,22.307068515250563,1.3070685152505632,21,22,false,2025,2025-02,macro_non_southerly,22.683333333333334,1.6833333333333336,23,false,0.37626481808277035,0.37626481808277035,0,false,true,false,false,1.6833333333333336,1.3070685152505632,EXPERIMENT_ONLY
2025-02-27,23:00,test,2025,2025,21,22.67983806400619,1.6798380640061907,21,23,false,2025,2025-02,macro_non_southerly,22.683333333333334,1.6833333333333336,23,false,0.003495269327142836,0.003495269327142836,0,false,true,false,false,1.6833333333333336,1.6798380640061907,EXPERIMENT_ONLY
2025-02-28,20:00,test,2025,2025,21,23.851291391656932,2.8512913916569325,21,24,false,2025,2025-02,macro_non_southerly,23.71666666666667,2.7166666666666686,24,false,-0.1346247249902639,-0.1346247249902639,0,true,false,false,false,2.7166666666666686,2.8512913916569325,EXPERIMENT_ONLY
2025-02-28,21:00,test,2025,2025,21,24.642160316565757,3.6421603165657572,21,25,false,2025,2025-02,macro_non_southerly,23.71666666666667,2.7166666666666686,24,false,-0.9254936498990887,-0.9254936498990887,0,true,false,false,false,2.7166666666666686,3.6421603165657572,EXPERIMENT_ONLY
2025-02-28,22:00,test,2025,2025,21,24.579602276346037,3.579602276346037,21,25,false,2025,2025-02,macro_non_southerly,23.71666666666667,2.7166666666666686,24,false,-0.8629356096793686,-0.8629356096793686,0,true,false,false,false,2.7166666666666686,3.579602276346037,EXPERIMENT_ONLY
2025-02-28,23:00,test,2025,2025,21,24.71278375978282,3.7127837597828197,21,25,false,2025,2025-02,macro_non_southerly,23.71666666666667,2.7166666666666686,24,false,-0.9961170931161512,-0.9961170931161512,0,true,false,false,false,2.7166666666666686,3.7127837597828197,EXPERIMENT_ONLY
2025-03-01,20:00,test,2025,2025,24,22.77328437203993,1.2267156279600684,24,23,false,2025,2025-03,macro_non_southerly,21.73838383838384,2.2616161616161605,22,false,1.0349005336560921,-1.0349005336560921,0,false,true,false,false,-2.2616161616161605,-1.2267156279600684,EXPERIMENT_ONLY
2025-03-01,21:00,test,2025,2025,24,22.91738800330994,1.0826119966900585,24,23,false,2025,2025-03,macro_non_southerly,21.73838383838384,2.2616161616161605,22,false,1.179004164926102,-1.179004164926102,0,false,true,false,false,-2.2616161616161605,-1.0826119966900585,EXPERIMENT_ONLY
2025-03-01,22:00,test,2025,2025,24,22.708568600991907,1.2914313990080935,24,23,false,2025,2025-03,macro_non_southerly,21.73838383838384,2.2616161616161605,22,false,0.9701847626080671,-0.9701847626080671,0,false,true,false,false,-2.2616161616161605,-1.2914313990080935,EXPERIMENT_ONLY
2025-03-01,23:00,test,2025,2025,24,22.97031615088588,1.0296838491141216,24,23,false,2025,2025-03,macro_non_southerly,21.73838383838384,2.2616161616161605,22,false,1.231932312502039,-1.231932312502039,0,false,true,false,false,-2.2616161616161605,-1.0296838491141216,EXPERIMENT_ONLY
2025-03-02,20:00,test,2025,2025,26,23.494657707896774,2.505342292103226,26,23,false,2025,2025-03,macro_non_southerly,23.178198653198653,2.8218013468013474,23,false,0.31645905469812163,-0.31645905469812163,0,false,true,false,false,-2.8218013468013474,-2.505342292103226,EXPERIMENT_ONLY
2025-03-02,21:00,test,2025,2025,26,24.052189395058168,1.9478106049418322,26,24,false,2025,2025-03,macro_non_southerly,23.178198653198653,2.8218013468013474,23,false,0.8739907418595152,-0.8739907418595152,0,false,true,false,false,-2.8218013468013474,-1.9478106049418322,EXPERIMENT_ONLY
2025-03-02,22:00,test,2025,2025,26,24.117971449350932,1.8820285506490677,26,24,false,2025,2025-03,macro_non_southerly,23.178198653198653,2.8218013468013474,23,false,0.9397727961522797,-0.9397727961522797,0,false,true,false,false,-2.8218013468013474,-1.8820285506490677,EXPERIMENT_ONLY
2025-03-02,23:00,test,2025,2025,26,24.344951081403284,1.6550489185967159,26,24,false,2025,2025-03,macro_non_southerly,23.178198653198653,2.8218013468013474,23,false,1.1667524282046315,-1.1667524282046315,0,false,true,false,false,-2.8218013468013474,-1.6550489185967159,EXPERIMENT_ONLY
2025-03-03,20:00,test,2025,2025,25,24.448182428323086,0.5518175716769136,25,24,false,2025,2025-03,macro_non_southerly,23.324915824915823,1.6750841750841765,23,false,1.123266603407263,-1.123266603407263,0,false,true,false,false,-1.6750841750841765,-0.5518175716769136,EXPERIMENT_ONLY
2025-03-03,21:00,test,2025,2025,25,24.87622248799211,0.12377751200789078,25,25,true,2025,2025-03,macro_non_southerly,23.324915824915823,1.6750841750841765,23,false,1.5513066630762857,-1.5513066630762857,-1,false,true,true,false,-1.6750841750841765,-0.12377751200789078,EXPERIMENT_ONLY
2025-03-03,22:00,test,2025,2025,25,24.732574593626445,0.2674254063735546,25,25,true,2025,2025-03,macro_non_southerly,23.324915824915823,1.6750841750841765,23,false,1.407658768710622,-1.407658768710622,-1,false,true,true,false,-1.6750841750841765,-0.2674254063735546,EXPERIMENT_ONLY
2025-03-03,23:00,test,2025,2025,25,24.7884615697338,0.21153843026619867,25,25,true,2025,2025-03,macro_non_southerly,23.324915824915823,1.6750841750841765,23,false,1.4635457448179778,-1.4635457448179778,-1,false,true,true,false,-1.6750841750841765,-0.21153843026619867,EXPERIMENT_ONLY
2025-03-04,20:00,test,2025,2025,21,20.55697742094833,0.44302257905167153,21,21,true,2025,2025-03,macro_non_southerly,20.11439393939394,0.8856060606060616,20,false,0.4425834815543901,-0.4425834815543901,-1,false,true,true,false,-0.8856060606060616,-0.44302257905167153,EXPERIMENT_ONLY
2025-03-04,21:00,test,2025,2025,21,20.508244102217738,0.49175589778226225,21,21,true,2025,2025-03,macro_non_southerly,20.11439393939394,0.8856060606060616,20,false,0.39385016282379937,-0.39385016282379937,-1,false,true,true,false,-0.8856060606060616,-0.49175589778226225,EXPERIMENT_ONLY
2025-03-04,22:00,test,2025,2025,21,19.124663762950895,1.8753362370491047,21,19,false,2025,2025-03,macro_southerly_flow,20.11439393939394,0.8856060606060616,20,false,-0.9897301764430431,0.9897301764430431,0,true,false,false,false,-0.8856060606060616,-1.8753362370491047,EXPERIMENT_ONLY
2025-03-04,23:00,test,2025,2025,21,19.352912342739003,1.6470876572609967,21,19,false,2025,2025-03,macro_southerly_flow,20.11439393939394,0.8856060606060616,20,false,-0.7614815966549351,0.7614815966549351,0,true,false,false,false,-0.8856060606060616,-1.6470876572609967,EXPERIMENT_ONLY
2025-03-05,20:00,test,2025,2025,16,16.530478723817623,0.5304787238176232,16,17,false,2025,2025-03,macro_southerly_flow,16.298148148148147,0.2981481481481474,16,true,-0.2323305756694758,-0.2323305756694758,1,true,false,false,true,0.2981481481481474,0.5304787238176232,EXPERIMENT_ONLY
2025-03-05,21:00,test,2025,2025,16,16.38351871398948,0.38351871398948134,16,16,true,2025,2025-03,macro_southerly_flow,16.298148148148147,0.2981481481481474,16,true,-0.08537056584133396,-0.08537056584133396,0,true,false,false,false,0.2981481481481474,0.38351871398948134,EXPERIMENT_ONLY
2025-03-05,22:00,test,2025,2025,16,16.250990545438917,0.25099054543891697,16,16,true,2025,2025-03,macro_southerly_flow,16.298148148148147,0.2981481481481474,16,true,0.04715760270923042,0.04715760270923042,0,false,true,false,false,0.2981481481481474,0.25099054543891697,EXPERIMENT_ONLY
2025-03-05,23:00,test,2025,2025,16,16.519689927613484,0.5196899276134843,16,17,false,2025,2025-03,macro_southerly_flow,16.298148148148147,0.2981481481481474,16,true,-0.22154177946533693,-0.22154177946533693,1,true,false,false,true,0.2981481481481474,0.5196899276134843,EXPERIMENT_ONLY
2025-03-06,20:00,test,2025,2025,17,16.89827501182153,0.10172498817847142,17,17,true,2025,2025-03,macro_southerly_flow,16.643602693602695,0.35639730639730516,17,true,0.25467231821883374,-0.25467231821883374,0,false,true,false,false,-0.35639730639730516,-0.10172498817847142,EXPERIMENT_ONLY
2025-03-06,21:00,test,2025,2025,17,16.69807337411633,0.30192662588367014,17,17,true,2025,2025-03,macro_southerly_flow,16.643602693602695,0.35639730639730516,17,true,0.05447068051363502,-0.05447068051363502,0,false,true,false,false,-0.35639730639730516,-0.30192662588367014,EXPERIMENT_ONLY
2025-03-06,22:00,test,2025,2025,17,16.60348433538192,0.39651566461807874,17,17,true,2025,2025-03,macro_southerly_flow,16.643602693602695,0.35639730639730516,17,true,-0.04011835822077359,0.04011835822077359,0,true,false,false,false,-0.35639730639730516,-0.39651566461807874,EXPERIMENT_ONLY
2025-03-06,23:00,test,2025,2025,17,16.674498558505615,0.3255014414943851,17,17,true,2025,2025-03,macro_southerly_flow,16.643602693602695,0.35639730639730516,17,true,0.030895864902920067,-0.030895864902920067,0,false,true,false,false,-0.35639730639730516,-0.3255014414943851,EXPERIMENT_ONLY
2025-03-07,20:00,test,2025,2025,20,18.508719394519975,1.491280605480025,20,19,false,2025,2025-03,macro_non_southerly,19.241835016835015,0.7581649831649848,19,false,-0.7331156223150401,0.7331156223150401,0,true,false,false,false,-0.7581649831649848,-1.491280605480025,EXPERIMENT_ONLY
2025-03-07,21:00,test,2025,2025,20,19.15932792403008,0.8406720759699198,20,19,false,2025,2025-03,macro_non_southerly,19.241835016835015,0.7581649831649848,19,false,-0.08250709280493496,0.08250709280493496,0,true,false,false,false,-0.7581649831649848,-0.8406720759699198,EXPERIMENT_ONLY
2025-03-07,22:00,test,2025,2025,20,19.159662335154923,0.8403376648450767,20,19,false,2025,2025-03,macro_non_southerly,19.241835016835015,0.7581649831649848,19,false,-0.08217268168009184,0.08217268168009184,0,true,false,false,false,-0.7581649831649848,-0.8403376648450767,EXPERIMENT_ONLY
2025-03-07,23:00,test,2025,2025,20,19.22012191991363,0.7798780800863696,20,19,false,2025,2025-03,macro_non_southerly,19.241835016835015,0.7581649831649848,19,false,-0.02171309692138479,0.02171309692138479,0,true,false,false,false,-0.7581649831649848,-0.7798780800863696,EXPERIMENT_ONLY
2025-03-08,20:00,test,2025,2025,17,19.03151399880546,2.0315139988054582,17,19,false,2025,2025-03,macro_non_southerly,18.459006734006735,1.459006734006735,18,false,-0.5725072647987233,-0.5725072647987233,0,true,false,false,false,1.459006734006735,2.0315139988054582,EXPERIMENT_ONLY
2025-03-08,21:00,test,2025,2025,17,19.388813870383636,2.388813870383636,17,19,false,2025,2025-03,macro_non_southerly,18.459006734006735,1.459006734006735,18,false,-0.9298071363769012,-0.9298071363769012,0,true,false,false,false,1.459006734006735,2.388813870383636,EXPERIMENT_ONLY
2025-03-08,22:00,test,2025,2025,17,19.728944717928357,2.728944717928357,17,20,false,2025,2025-03,macro_non_southerly,18.459006734006735,1.459006734006735,18,false,-1.269937983921622,-1.269937983921622,0,true,false,false,false,1.459006734006735,2.728944717928357,EXPERIMENT_ONLY
2025-03-08,23:00,test,2025,2025,17,19.189772067647063,2.1897720676470627,17,19,false,2025,2025-03,macro_non_southerly,18.459006734006735,1.459006734006735,18,false,-0.7307653336403277,-0.7307653336403277,0,true,false,false,false,1.459006734006735,2.1897720676470627,EXPERIMENT_ONLY
2025-03-09,20:00,test,2025,2025,19,18.881465092672855,0.11853490732714533,19,19,true,2025,2025-03,macro_southerly_flow,19.100336700336698,0.1003367003366975,19,true,-0.01819820699044783,0.21887160766384284,0,true,false,false,false,0.1003367003366975,-0.11853490732714533,EXPERIMENT_ONLY
2025-03-09,21:00,test,2025,2025,19,18.816004729936246,0.18399527006375394,19,19,true,2025,2025-03,macro_southerly_flow,19.100336700336698,0.1003367003366975,19,true,-0.08365856972705643,0.28433197040045144,0,true,false,false,false,0.1003367003366975,-0.18399527006375394,EXPERIMENT_ONLY
2025-03-09,22:00,test,2025,2025,19,18.683355958889656,0.3166440411103437,19,19,true,2025,2025-03,macro_southerly_flow,19.100336700336698,0.1003367003366975,19,true,-0.21630734077364622,0.4169807414470412,0,true,false,false,false,0.1003367003366975,-0.3166440411103437,EXPERIMENT_ONLY
2025-03-09,23:00,test,2025,2025,19,18.88672979983405,0.11327020016594957,19,19,true,2025,2025-03,macro_southerly_flow,19.100336700336698,0.1003367003366975,19,true,-0.012933499829252071,0.21360690050264708,0,true,false,false,false,0.1003367003366975,-0.11327020016594957,EXPERIMENT_ONLY
2025-03-10,20:00,test,2025,2025,22,20.221213420510626,1.778786579489374,22,20,false,2025,2025-03,macro_southerly_flow,20.379545454545454,1.620454545454546,20,false,-0.15833203403482798,0.15833203403482798,0,true,false,false,false,-1.620454545454546,-1.778786579489374,EXPERIMENT_ONLY
2025-03-10,21:00,test,2025,2025,22,20.590665006371776,1.4093349936282245,22,21,false,2025,2025-03,macro_southerly_flow,20.379545454545454,1.620454545454546,20,false,0.21111955182632158,-0.21111955182632158,0,false,true,false,false,-1.620454545454546,-1.4093349936282245,EXPERIMENT_ONLY
2025-03-10,22:00,test,2025,2025,22,20.422334649282316,1.5776653507176839,22,20,false,2025,2025-03,macro_southerly_flow,20.379545454545454,1.620454545454546,20,false,0.04278919473686216,-0.04278919473686216,0,false,true,false,false,-1.620454545454546,-1.5776653507176839,EXPERIMENT_ONLY
2025-03-10,23:00,test,2025,2025,22,20.385073803954178,1.6149261960458219,22,20,false,2025,2025-03,macro_southerly_flow,20.379545454545454,1.620454545454546,20,false,0.005528349408724154,-0.005528349408724154,0,false,true,false,false,-1.620454545454546,-1.6149261960458219,EXPERIMENT_ONLY
2025-03-11,20:00,test,2025,2025,22,21.577571652503895,0.4224283474961048,22,22,true,2025,2025-03,macro_non_southerly,20.787121212121214,1.2128787878787861,21,false,0.7904504403826813,-0.7904504403826813,-1,false,true,true,false,-1.2128787878787861,-0.4224283474961048,EXPERIMENT_ONLY
2025-03-11,21:00,test,2025,2025,22,21.68432162202413,0.31567837797587117,22,22,true,2025,2025-03,macro_non_southerly,20.787121212121214,1.2128787878787861,21,false,0.8972004099029149,-0.8972004099029149,-1,false,true,true,false,-1.2128787878787861,-0.31567837797587117,EXPERIMENT_ONLY
2025-03-11,22:00,test,2025,2025,22,21.48001564711019,0.5199843528898107,22,21,false,2025,2025-03,macro_non_southerly,20.787121212121214,1.2128787878787861,21,false,0.6928944349889754,-0.6928944349889754,0,false,true,false,false,-1.2128787878787861,-0.5199843528898107,EXPERIMENT_ONLY
2025-03-11,23:00,test,2025,2025,22,21.63852338412288,0.36147661587711966,22,22,true,2025,2025-03,macro_non_southerly,20.787121212121214,1.2128787878787861,21,false,0.8514021720016665,-0.8514021720016665,-1,false,true,true,false,-1.2128787878787861,-0.36147661587711966,EXPERIMENT_ONLY
2025-03-12,20:00,test,2025,2025,18,20.12408885919872,2.1240888591987215,18,20,false,2025,2025-03,macro_non_southerly,19.137626262626263,1.137626262626263,19,false,-0.9864625965724585,-0.9864625965724585,0,true,false,false,false,1.137626262626263,2.1240888591987215,EXPERIMENT_ONLY
2025-03-12,21:00,test,2025,2025,18,19.657455370980667,1.6574553709806672,18,20,false,2025,2025-03,macro_non_southerly,19.137626262626263,1.137626262626263,19,false,-0.5198291083544042,-0.5198291083544042,0,true,false,false,false,1.137626262626263,1.6574553709806672,EXPERIMENT_ONLY
2025-03-12,22:00,test,2025,2025,18,19.400335051566543,1.4003350515665431,18,19,false,2025,2025-03,macro_southerly_flow,19.137626262626263,1.137626262626263,19,false,-0.26270878894028016,-0.26270878894028016,0,true,false,false,false,1.137626262626263,1.4003350515665431,EXPERIMENT_ONLY
2025-03-12,23:00,test,2025,2025,18,18.533954790361758,0.5339547903617579,18,19,false,2025,2025-03,macro_southerly_flow,19.137626262626263,1.137626262626263,19,false,0.6036714722645051,0.6036714722645051,0,false,true,false,false,1.137626262626263,0.5339547903617579,EXPERIMENT_ONLY
2025-03-13,20:00,test,2025,2025,17,16.52899944132816,0.47100055867183954,17,17,true,2025,2025-03,macro_southerly_flow,17.080303030303032,0.08030303030303187,17,true,-0.39069752836880767,0.5513035889748714,0,true,false,false,false,0.08030303030303187,-0.47100055867183954,EXPERIMENT_ONLY
2025-03-13,21:00,test,2025,2025,17,16.495359312336095,0.5046406876639047,17,16,false,2025,2025-03,macro_southerly_flow,17.080303030303032,0.08030303030303187,17,true,-0.4243376573608728,0.5849437179669366,1,true,false,false,true,0.08030303030303187,-0.5046406876639047,EXPERIMENT_ONLY
2025-03-13,22:00,test,2025,2025,17,16.29684228882722,0.7031577111727785,17,16,false,2025,2025-03,macro_southerly_flow,17.080303030303032,0.08030303030303187,17,true,-0.6228546808697466,0.7834607414758104,1,true,false,false,true,0.08030303030303187,-0.7031577111727785,EXPERIMENT_ONLY
2025-03-13,23:00,test,2025,2025,17,16.468910137236794,0.5310898627632064,17,16,false,2025,2025-03,macro_southerly_flow,17.080303030303032,0.08030303030303187,17,true,-0.4507868324601745,0.6113928930662382,1,true,false,false,true,0.08030303030303187,-0.5310898627632064,EXPERIMENT_ONLY
2025-03-14,20:00,test,2025,2025,21,20.76757611681724,0.23242388318276141,21,21,true,2025,2025-03,macro_non_southerly,20.320454545454545,0.6795454545454547,20,false,0.44712157136269326,-0.44712157136269326,-1,false,true,true,false,-0.6795454545454547,-0.23242388318276141,EXPERIMENT_ONLY
2025-03-14,21:00,test,2025,2025,21,20.719715913755692,0.2802840862443077,21,21,true,2025,2025-03,macro_non_southerly,20.320454545454545,0.6795454545454547,20,false,0.399261368301147,-0.399261368301147,-1,false,true,true,false,-0.6795454545454547,-0.2802840862443077,EXPERIMENT_ONLY
2025-03-14,22:00,test,2025,2025,21,20.7107681593556,0.2892318406444012,21,21,true,2025,2025-03,macro_non_southerly,20.320454545454545,0.6795454545454547,20,false,0.39031361390105346,-0.39031361390105346,-1,false,true,true,false,-0.6795454545454547,-0.2892318406444012,EXPERIMENT_ONLY
2025-03-14,23:00,test,2025,2025,21,20.904093798515856,0.0959062014841443,21,21,true,2025,2025-03,macro_non_southerly,20.320454545454545,0.6795454545454547,20,false,0.5836392530613104,-0.5836392530613104,-1,false,true,true,false,-0.6795454545454547,-0.0959062014841443,EXPERIMENT_ONLY
2025-03-15,20:00,test,2025,2025,22,21.730448738328228,0.2695512616717721,22,22,true,2025,2025-03,macro_non_southerly,20.551599326599327,1.4484006734006734,21,false,1.1788494117289012,-1.1788494117289012,-1,false,true,true,false,-1.4484006734006734,-0.2695512616717721,EXPERIMENT_ONLY
2025-03-15,21:00,test,2025,2025,22,21.75751288627637,0.2424871137236302,22,22,true,2025,2025-03,macro_non_southerly,20.551599326599327,1.4484006734006734,21,false,1.2059135596770432,-1.2059135596770432,-1,false,true,true,false,-1.4484006734006734,-0.2424871137236302,EXPERIMENT_ONLY
2025-03-15,22:00,test,2025,2025,22,21.482440208911484,0.5175597910885159,22,21,false,2025,2025-03,macro_non_southerly,20.551599326599327,1.4484006734006734,21,false,0.9308408823121574,-0.9308408823121574,0,false,true,false,false,-1.4484006734006734,-0.5175597910885159,EXPERIMENT_ONLY
2025-03-15,23:00,test,2025,2025,22,21.444957592497953,0.5550424075020466,22,21,false,2025,2025-03,macro_non_southerly,20.551599326599327,1.4484006734006734,21,false,0.8933582658986268,-0.8933582658986268,0,false,true,false,false,-1.4484006734006734,-0.5550424075020466,EXPERIMENT_ONLY
2025-03-16,20:00,test,2025,2025,23,21.654984770139738,1.3450152298602625,23,22,false,2025,2025-03,macro_non_southerly,20.736363636363635,2.2636363636363654,21,false,0.918621133776103,-0.918621133776103,0,false,true,false,false,-2.2636363636363654,-1.3450152298602625,EXPERIMENT_ONLY
2025-03-16,21:00,test,2025,2025,23,21.752962371823195,1.2470376281768054,23,22,false,2025,2025-03,macro_non_southerly,20.736363636363635,2.2636363636363654,21,false,1.01659873545956,-1.01659873545956,0,false,true,false,false,-2.2636363636363654,-1.2470376281768054,EXPERIMENT_ONLY
2025-03-16,22:00,test,2025,2025,23,21.454796758593723,1.545203241406277,23,21,false,2025,2025-03,macro_non_southerly,20.736363636363635,2.2636363636363654,21,false,0.7184331222300884,-0.7184331222300884,0,false,true,false,false,-2.2636363636363654,-1.545203241406277,EXPERIMENT_ONLY
2025-03-16,23:00,test,2025,2025,23,21.323129593339534,1.6768704066604663,23,21,false,2025,2025-03,macro_non_southerly,20.736363636363635,2.2636363636363654,21,false,0.5867659569758992,-0.5867659569758992,0,false,true,false,false,-2.2636363636363654,-1.6768704066604663,EXPERIMENT_ONLY
2025-03-17,20:00,test,2025,2025,22,22.158623356386222,0.15862335638622227,22,22,true,2025,2025-03,macro_non_southerly,21.326767676767677,0.6732323232323232,21,false,0.5146089668461009,-0.8318556796185455,-1,false,true,true,false,-0.6732323232323232,0.15862335638622227,EXPERIMENT_ONLY
2025-03-17,21:00,test,2025,2025,22,22.11761162514529,0.11761162514529033,22,22,true,2025,2025-03,macro_non_southerly,21.326767676767677,0.6732323232323232,21,false,0.5556206980870328,-0.7908439483776135,-1,false,true,true,false,-0.6732323232323232,0.11761162514529033,EXPERIMENT_ONLY
2025-03-17,22:00,test,2025,2025,22,21.951811924982533,0.04818807501746747,22,22,true,2025,2025-03,macro_non_southerly,21.326767676767677,0.6732323232323232,21,false,0.6250442482148557,-0.6250442482148557,-1,false,true,true,false,-0.6732323232323232,-0.04818807501746747,EXPERIMENT_ONLY
2025-03-17,23:00,test,2025,2025,22,22.386531227636702,0.3865312276367021,22,22,true,2025,2025-03,macro_non_southerly,21.326767676767677,0.6732323232323232,21,false,0.28670109559562107,-1.0597635508690253,-1,false,true,true,false,-0.6732323232323232,0.3865312276367021,EXPERIMENT_ONLY
2025-03-18,20:00,test,2025,2025,22,22.68291798190955,0.6829179819095508,22,23,false,2025,2025-03,macro_non_southerly,20.244276094276092,1.755723905723908,20,false,1.0728059238143572,-2.438641887633459,0,false,true,false,false,-1.755723905723908,0.6829179819095508,EXPERIMENT_ONLY
2025-03-18,21:00,test,2025,2025,22,22.56230755715485,0.562307557154849,22,23,false,2025,2025-03,macro_non_southerly,20.244276094276092,1.755723905723908,20,false,1.193416348569059,-2.318031462878757,0,false,true,false,false,-1.755723905723908,0.562307557154849,EXPERIMENT_ONLY
2025-03-18,22:00,test,2025,2025,22,21.144630195562556,0.8553698044374443,22,21,false,2025,2025-03,macro_non_southerly,20.244276094276092,1.755723905723908,20,false,0.9003541012864638,-0.9003541012864638,0,false,true,false,false,-1.755723905723908,-0.8553698044374443,EXPERIMENT_ONLY
2025-03-18,23:00,test,2025,2025,22,20.735531931540905,1.2644680684590952,22,21,false,2025,2025-03,macro_non_southerly,20.244276094276092,1.755723905723908,20,false,0.4912558372648128,-0.4912558372648128,0,false,true,false,false,-1.755723905723908,-1.2644680684590952,EXPERIMENT_ONLY
2025-03-19,20:00,test,2025,2025,16,16.264137166235436,0.2641371662354359,16,16,true,2025,2025-03,macro_southerly_flow,16.613468013468015,0.6134680134680153,17,false,0.34933084723257934,0.34933084723257934,-1,false,true,true,false,0.6134680134680153,0.2641371662354359,EXPERIMENT_ONLY
2025-03-19,21:00,test,2025,2025,16,16.242366660012152,0.24236666001215212,16,16,true,2025,2025-03,macro_southerly_flow,16.613468013468015,0.6134680134680153,17,false,0.37110135345586315,0.37110135345586315,-1,false,true,true,false,0.6134680134680153,0.24236666001215212,EXPERIMENT_ONLY
2025-03-19,22:00,test,2025,2025,16,16.289311731950388,0.28931173195038795,16,16,true,2025,2025-03,macro_southerly_flow,16.613468013468015,0.6134680134680153,17,false,0.3241562815176273,0.3241562815176273,-1,false,true,true,false,0.6134680134680153,0.28931173195038795,EXPERIMENT_ONLY
2025-03-19,23:00,test,2025,2025,16,16.070659543022227,0.07065954302222721,16,16,true,2025,2025-03,macro_southerly_flow,16.613468013468015,0.6134680134680153,17,false,0.5428084704457881,0.5428084704457881,-1,false,true,true,false,0.6134680134680153,0.07065954302222721,EXPERIMENT_ONLY
2025-03-20,20:00,test,2025,2025,16,16.943731883552896,0.9437318835528963,16,17,false,2025,2025-03,macro_southerly_flow,17.5239898989899,1.5239898989898997,18,false,0.5802580154370034,0.5802580154370034,0,false,true,false,false,1.5239898989898997,0.9437318835528963,EXPERIMENT_ONLY
2025-03-20,21:00,test,2025,2025,16,16.820509094344274,0.8205090943442741,16,17,false,2025,2025-03,macro_southerly_flow,17.5239898989899,1.5239898989898997,18,false,0.7034808046456256,0.7034808046456256,0,false,true,false,false,1.5239898989898997,0.8205090943442741,EXPERIMENT_ONLY
2025-03-20,22:00,test,2025,2025,16,16.6566749332589,0.6566749332588984,16,17,false,2025,2025-03,macro_southerly_flow,17.5239898989899,1.5239898989898997,18,false,0.8673149657310013,0.8673149657310013,0,false,true,false,false,1.5239898989898997,0.6566749332588984,EXPERIMENT_ONLY
2025-03-20,23:00,test,2025,2025,16,16.293374687664482,0.2933746876644818,16,16,true,2025,2025-03,macro_southerly_flow,17.5239898989899,1.5239898989898997,18,false,1.2306152113254178,1.2306152113254178,-1,false,true,true,false,1.5239898989898997,0.2933746876644818,EXPERIMENT_ONLY
2025-03-21,20:00,test,2025,2025,18,19.255410696923295,1.2554106969232954,18,19,false,2025,2025-03,macro_southerly_flow,20.297558922558924,2.297558922558924,20,false,1.0421482256356285,1.0421482256356285,0,false,true,false,false,2.297558922558924,1.2554106969232954,EXPERIMENT_ONLY
2025-03-21,21:00,test,2025,2025,18,19.652478595923235,1.6524785959232346,18,20,false,2025,2025-03,macro_southerly_flow,20.297558922558924,2.297558922558924,20,false,0.6450803266356893,0.6450803266356893,0,false,true,false,false,2.297558922558924,1.6524785959232346,EXPERIMENT_ONLY
2025-03-21,22:00,test,2025,2025,18,19.793312841895805,1.7933128418958049,18,20,false,2025,2025-03,macro_southerly_flow,20.297558922558924,2.297558922558924,20,false,0.504246080663119,0.504246080663119,0,false,true,false,false,2.297558922558924,1.7933128418958049,EXPERIMENT_ONLY
2025-03-21,23:00,test,2025,2025,18,19.899753642835147,1.8997536428351474,18,20,false,2025,2025-03,macro_southerly_flow,20.297558922558924,2.297558922558924,20,false,0.39780527972377655,0.39780527972377655,0,false,true,false,false,2.297558922558924,1.8997536428351474,EXPERIMENT_ONLY
2025-03-22,20:00,test,2025,2025,21,20.66085880393978,0.3391411960602184,21,21,true,2025,2025-03,macro_non_southerly,20.106818181818184,0.8931818181818159,20,false,0.5540406221215974,-0.5540406221215974,-1,false,true,true,false,-0.8931818181818159,-0.3391411960602184,EXPERIMENT_ONLY
2025-03-22,21:00,test,2025,2025,21,20.81374206743897,0.18625793256103051,21,21,true,2025,2025-03,macro_non_southerly,20.106818181818184,0.8931818181818159,20,false,0.7069238856207853,-0.7069238856207853,-1,false,true,true,false,-0.8931818181818159,-0.18625793256103051,EXPERIMENT_ONLY
2025-03-22,22:00,test,2025,2025,21,20.71305913716779,0.28694086283221054,21,21,true,2025,2025-03,macro_non_southerly,20.106818181818184,0.8931818181818159,20,false,0.6062409553496053,-0.6062409553496053,-1,false,true,true,false,-0.8931818181818159,-0.28694086283221054,EXPERIMENT_ONLY
2025-03-22,23:00,test,2025,2025,21,20.808508632973485,0.19149136702651504,21,21,true,2025,2025-03,macro_non_southerly,20.106818181818184,0.8931818181818159,20,false,0.7016904511553008,-0.7016904511553008,-1,false,true,true,false,-0.8931818181818159,-0.19149136702651504,EXPERIMENT_ONLY
2025-03-23,20:00,test,2025,2025,22,21.7378976044821,0.2621023955178998,22,22,true,2025,2025-03,macro_non_southerly,20.594781144781145,1.4052188552188554,21,false,1.1431164597009555,-1.1431164597009555,-1,false,true,true,false,-1.4052188552188554,-0.2621023955178998,EXPERIMENT_ONLY
2025-03-23,21:00,test,2025,2025,22,21.90201888147488,0.09798111852511937,22,22,true,2025,2025-03,macro_non_southerly,20.594781144781145,1.4052188552188554,21,false,1.307237736693736,-1.307237736693736,-1,false,true,true,false,-1.4052188552188554,-0.09798111852511937,EXPERIMENT_ONLY
2025-03-23,22:00,test,2025,2025,22,21.93254604239541,0.06745395760459161,22,22,true,2025,2025-03,macro_non_southerly,20.594781144781145,1.4052188552188554,21,false,1.3377648976142638,-1.3377648976142638,-1,false,true,true,false,-1.4052188552188554,-0.06745395760459161,EXPERIMENT_ONLY
2025-03-23,23:00,test,2025,2025,22,21.826513229053806,0.17348677094619447,22,22,true,2025,2025-03,macro_non_southerly,20.594781144781145,1.4052188552188554,21,false,1.231732084272661,-1.231732084272661,-1,false,true,true,false,-1.4052188552188554,-0.17348677094619447,EXPERIMENT_ONLY
2025-03-24,20:00,test,2025,2025,19,19.237644029773595,0.23764402977359467,19,19,true,2025,2025-03,macro_southerly_flow,18.635353535353534,0.3646464646464658,19,true,0.1270024348728711,-0.6022904944200604,0,false,true,false,false,-0.3646464646464658,0.23764402977359467,EXPERIMENT_ONLY
2025-03-24,21:00,test,2025,2025,19,18.567489381193862,0.4325106188061376,19,19,true,2025,2025-03,macro_southerly_flow,18.635353535353534,0.3646464646464658,19,true,-0.06786415415967184,0.06786415415967184,0,true,false,false,false,-0.3646464646464658,-0.4325106188061376,EXPERIMENT_ONLY
2025-03-24,22:00,test,2025,2025,19,18.28596498401664,0.7140350159833595,19,18,false,2025,2025-03,macro_southerly_flow,18.635353535353534,0.3646464646464658,19,true,-0.3493885513368937,0.3493885513368937,1,true,false,false,true,-0.3646464646464658,-0.7140350159833595,EXPERIMENT_ONLY
2025-03-24,23:00,test,2025,2025,19,18.408435305608364,0.5915646943916357,19,18,false,2025,2025-03,macro_southerly_flow,18.635353535353534,0.3646464646464658,19,true,-0.22691822974516995,0.22691822974516995,1,true,false,false,true,-0.3646464646464658,-0.5915646943916357,EXPERIMENT_ONLY
2025-03-25,20:00,test,2025,2025,20,19.31428872140165,0.685711278598351,20,19,false,2025,2025-03,macro_non_southerly,19.8510101010101,0.14898989898989967,20,true,-0.5367213796084513,0.5367213796084513,1,true,false,false,true,-0.14898989898989967,-0.685711278598351,EXPERIMENT_ONLY
2025-03-25,21:00,test,2025,2025,20,20.181798995556466,0.18179899555646628,20,20,true,2025,2025-03,macro_non_southerly,19.8510101010101,0.14898989898989967,20,true,-0.03280909656656661,-0.33078889454636595,0,true,false,false,false,-0.14898989898989967,0.18179899555646628,EXPERIMENT_ONLY
2025-03-25,22:00,test,2025,2025,20,19.943133730605105,0.05686626939489514,20,20,true,2025,2025-03,macro_non_southerly,19.8510101010101,0.14898989898989967,20,true,0.09212362959500453,-0.09212362959500453,0,false,true,false,false,-0.14898989898989967,-0.05686626939489514,EXPERIMENT_ONLY
2025-03-25,23:00,test,2025,2025,20,19.86985202276869,0.1301479772313101,20,20,true,2025,2025-03,macro_non_southerly,19.8510101010101,0.14898989898989967,20,true,0.018841921758589564,-0.018841921758589564,0,false,true,false,false,-0.14898989898989967,-0.1301479772313101,EXPERIMENT_ONLY
2025-03-26,20:00,test,2025,2025,18,21.052686799774797,3.052686799774797,18,21,false,2025,2025-03,macro_non_southerly,20.314057239057238,2.314057239057238,20,false,-0.738629560717559,-0.738629560717559,0,true,false,false,false,2.314057239057238,3.052686799774797,EXPERIMENT_ONLY
2025-03-26,21:00,test,2025,2025,18,20.150211423500906,2.150211423500906,18,20,false,2025,2025-03,macro_southerly_flow,20.314057239057238,2.314057239057238,20,false,0.16384581555633204,0.16384581555633204,0,false,true,false,false,2.314057239057238,2.150211423500906,EXPERIMENT_ONLY
2025-03-26,22:00,test,2025,2025,18,20.189288529627458,2.189288529627458,18,20,false,2025,2025-03,macro_southerly_flow,20.314057239057238,2.314057239057238,20,false,0.12476870942978024,0.12476870942978024,0,false,true,false,false,2.314057239057238,2.189288529627458,EXPERIMENT_ONLY
2025-03-26,23:00,test,2025,2025,18,20.4638170324432,2.463817032443199,18,20,false,2025,2025-03,macro_southerly_flow,20.314057239057238,2.314057239057238,20,false,-0.1497597933859609,-0.1497597933859609,0,true,false,false,false,2.314057239057238,2.463817032443199,EXPERIMENT_ONLY
2025-03-27,20:00,test,2025,2025,22,20.510308068717194,1.489691931282806,22,21,false,2025,2025-03,macro_non_southerly,20.46969696969697,1.5303030303030312,20,false,0.04061109902022508,-0.04061109902022508,0,false,true,false,false,-1.5303030303030312,-1.489691931282806,EXPERIMENT_ONLY
2025-03-27,21:00,test,2025,2025,22,20.726962187830267,1.2730378121697328,22,21,false,2025,2025-03,macro_non_southerly,20.46969696969697,1.5303030303030312,20,false,0.2572652181332984,-0.2572652181332984,0,false,true,false,false,-1.5303030303030312,-1.2730378121697328,EXPERIMENT_ONLY
2025-03-27,22:00,test,2025,2025,22,20.961772314235667,1.0382276857643333,22,21,false,2025,2025-03,macro_non_southerly,20.46969696969697,1.5303030303030312,20,false,0.49207534453869783,-0.49207534453869783,0,false,true,false,false,-1.5303030303030312,-1.0382276857643333,EXPERIMENT_ONLY
2025-03-27,23:00,test,2025,2025,22,21.02323055902346,0.9767694409765397,22,21,false,2025,2025-03,macro_non_southerly,20.46969696969697,1.5303030303030312,20,false,0.5535335893264914,-0.5535335893264914,0,false,true,false,false,-1.5303030303030312,-0.9767694409765397,EXPERIMENT_ONLY
2025-03-28,20:00,test,2025,2025,18,18.044981890331886,0.044981890331886376,18,18,true,2025,2025-03,macro_southerly_flow,19.064141414141414,1.0641414141414138,19,false,1.0191595238095275,1.0191595238095275,-1,false,true,true,false,1.0641414141414138,0.044981890331886376,EXPERIMENT_ONLY
2025-03-28,21:00,test,2025,2025,18,18.595316372602717,0.5953163726027171,18,19,false,2025,2025-03,macro_non_southerly,19.064141414141414,1.0641414141414138,19,false,0.46882504153869675,0.46882504153869675,0,false,true,false,false,1.0641414141414138,0.5953163726027171,EXPERIMENT_ONLY
2025-03-28,22:00,test,2025,2025,18,18.536746711579553,0.5367467115795534,18,19,false,2025,2025-03,macro_non_southerly,19.064141414141414,1.0641414141414138,19,false,0.5273947025618604,0.5273947025618604,0,false,true,false,false,1.0641414141414138,0.5367467115795534,EXPERIMENT_ONLY
2025-03-28,23:00,test,2025,2025,18,18.74547708009537,0.7454770800953696,18,19,false,2025,2025-03,macro_non_southerly,19.064141414141414,1.0641414141414138,19,false,0.3186643340460442,0.3186643340460442,0,false,true,false,false,1.0641414141414138,0.7454770800953696,EXPERIMENT_ONLY
2025-03-29,20:00,test,2025,2025,19,20.31445157456221,1.3144515745622094,19,20,false,2025,2025-03,macro_non_southerly,20.656144781144782,1.656144781144782,21,false,0.34169320658257263,0.34169320658257263,0,false,true,false,false,1.656144781144782,1.3144515745622094,EXPERIMENT_ONLY
2025-03-29,21:00,test,2025,2025,19,21.29915270644137,2.299152706441369,19,21,false,2025,2025-03,macro_non_southerly,20.656144781144782,1.656144781144782,21,false,-0.6430079252965868,-0.6430079252965868,0,true,false,false,false,1.656144781144782,2.299152706441369,EXPERIMENT_ONLY
2025-03-29,22:00,test,2025,2025,19,21.503477329728828,2.5034773297288275,19,22,false,2025,2025-03,macro_non_southerly,20.656144781144782,1.656144781144782,21,false,-0.8473325485840455,-0.8473325485840455,0,true,false,false,false,1.656144781144782,2.5034773297288275,EXPERIMENT_ONLY
2025-03-29,23:00,test,2025,2025,19,21.943876031878837,2.943876031878837,19,22,false,2025,2025-03,macro_non_southerly,20.656144781144782,1.656144781144782,21,false,-1.2877312507340548,-1.2877312507340548,0,true,false,false,false,1.656144781144782,2.943876031878837,EXPERIMENT_ONLY
2025-03-30,20:00,test,2025,2025,21,20.390257810623233,0.6097421893767674,21,20,false,2025,2025-03,macro_non_southerly,20.16178451178451,0.8382154882154893,20,false,0.22847329883872192,-0.22847329883872192,0,false,true,false,false,-0.8382154882154893,-0.6097421893767674,EXPERIMENT_ONLY
2025-03-30,21:00,test,2025,2025,21,20.668622046449553,0.3313779535504473,21,21,true,2025,2025-03,macro_non_southerly,20.16178451178451,0.8382154882154893,20,false,0.506837534665042,-0.506837534665042,-1,false,true,true,false,-0.8382154882154893,-0.3313779535504473,EXPERIMENT_ONLY
2025-03-30,22:00,test,2025,2025,21,20.596746835985222,0.40325316401477806,21,21,true,2025,2025-03,macro_non_southerly,20.16178451178451,0.8382154882154893,20,false,0.43496232420071124,-0.43496232420071124,-1,false,true,true,false,-0.8382154882154893,-0.40325316401477806,EXPERIMENT_ONLY
2025-03-30,23:00,test,2025,2025,21,20.760227642329276,0.23977235767072358,21,21,true,2025,2025-03,macro_non_southerly,20.16178451178451,0.8382154882154893,20,false,0.5984431305447657,-0.5984431305447657,-1,false,true,true,false,-0.8382154882154893,-0.23977235767072358,EXPERIMENT_ONLY
2025-03-31,20:00,test,2025,2025,18,18.595547599919517,0.5955475999195166,18,19,false,2025,2025-03,macro_southerly_flow,19.861784511784514,1.8617845117845135,20,false,1.266236911864997,1.266236911864997,0,false,true,false,false,1.8617845117845135,0.5955475999195166,EXPERIMENT_ONLY
2025-03-31,21:00,test,2025,2025,18,18.58936055605848,0.5893605560584803,18,19,false,2025,2025-03,macro_southerly_flow,19.861784511784514,1.8617845117845135,20,false,1.2724239557260333,1.2724239557260333,0,false,true,false,false,1.8617845117845135,0.5893605560584803,EXPERIMENT_ONLY
2025-03-31,22:00,test,2025,2025,18,18.560398564794312,0.5603985647943119,18,19,false,2025,2025-03,macro_southerly_flow,19.861784511784514,1.8617845117845135,20,false,1.3013859469902016,1.3013859469902016,0,false,true,false,false,1.8617845117845135,0.5603985647943119,EXPERIMENT_ONLY
2025-03-31,23:00,test,2025,2025,18,18.965980158390487,0.9659801583904866,18,19,false,2025,2025-03,macro_southerly_flow,19.861784511784514,1.8617845117845135,20,false,0.895804353394027,0.895804353394027,0,false,true,false,false,1.8617845117845135,0.9659801583904866,EXPERIMENT_ONLY
2025-04-01,20:00,test,2025,2025,19,20.70948486077569,1.7094848607756887,19,21,false,2025,2025-04,macro_non_southerly,19.668855218855217,0.6688552188552173,20,false,-1.0406296419204715,-1.0406296419204715,0,true,false,false,false,0.6688552188552173,1.7094848607756887,EXPERIMENT_ONLY
2025-04-01,21:00,test,2025,2025,19,20.254180277567286,1.2541802775672863,19,20,false,2025,2025-04,macro_non_southerly,19.668855218855217,0.6688552188552173,20,false,-0.5853250587120691,-0.5853250587120691,0,true,false,false,false,0.6688552188552173,1.2541802775672863,EXPERIMENT_ONLY
2025-04-01,22:00,test,2025,2025,19,20.124384969584803,1.1243849695848027,19,20,false,2025,2025-04,macro_non_southerly,19.668855218855217,0.6688552188552173,20,false,-0.45552975072958546,-0.45552975072958546,0,true,false,false,false,0.6688552188552173,1.1243849695848027,EXPERIMENT_ONLY
2025-04-01,23:00,test,2025,2025,19,20.127757576669588,1.1277575766695875,19,20,false,2025,2025-04,macro_non_southerly,19.668855218855217,0.6688552188552173,20,false,-0.4589023578143703,-0.4589023578143703,0,true,false,false,false,0.6688552188552173,1.1277575766695875,EXPERIMENT_ONLY
2025-04-02,20:00,test,2025,2025,19,20.17533177722544,1.1753317772254412,19,20,false,2025,2025-04,macro_non_southerly,20.442003367003366,1.442003367003366,20,false,0.2666715897779248,0.2666715897779248,0,false,true,false,false,1.442003367003366,1.1753317772254412,EXPERIMENT_ONLY
2025-04-02,21:00,test,2025,2025,19,20.110001383149978,1.110001383149978,19,20,false,2025,2025-04,macro_non_southerly,20.442003367003366,1.442003367003366,20,false,0.3320019838533881,0.3320019838533881,0,false,true,false,false,1.442003367003366,1.110001383149978,EXPERIMENT_ONLY
2025-04-02,22:00,test,2025,2025,19,20.042995891082786,1.0429958910827857,19,20,false,2025,2025-04,macro_non_southerly,20.442003367003366,1.442003367003366,20,false,0.3990074759205804,0.3990074759205804,0,false,true,false,false,1.442003367003366,1.0429958910827857,EXPERIMENT_ONLY
2025-04-02,23:00,test,2025,2025,19,20.379703065233393,1.379703065233393,19,20,false,2025,2025-04,macro_non_southerly,20.442003367003366,1.442003367003366,20,false,0.06230030176997303,0.06230030176997303,0,false,true,false,false,1.442003367003366,1.379703065233393,EXPERIMENT_ONLY
2025-04-03,20:00,test,2025,2025,21,20.427141050238383,0.572858949761617,21,20,false,2025,2025-04,macro_non_southerly,20.836952861952863,0.163047138047137,21,true,-0.40981181171448,0.40981181171448,1,true,false,false,true,-0.163047138047137,-0.572858949761617,EXPERIMENT_ONLY
2025-04-03,21:00,test,2025,2025,21,20.600077748817775,0.39992225118222535,21,21,true,2025,2025-04,macro_non_southerly,20.836952861952863,0.163047138047137,21,true,-0.23687511313508836,0.23687511313508836,0,true,false,false,false,-0.163047138047137,-0.39992225118222535,EXPERIMENT_ONLY
2025-04-03,22:00,test,2025,2025,21,20.597067662260294,0.40293233773970627,21,21,true,2025,2025-04,macro_non_southerly,20.836952861952863,0.163047138047137,21,true,-0.23988519969256927,0.23988519969256927,0,true,false,false,false,-0.163047138047137,-0.40293233773970627,EXPERIMENT_ONLY
2025-04-03,23:00,test,2025,2025,21,21.164802792392045,0.1648027923920452,21,21,true,2025,2025-04,macro_non_southerly,20.836952861952863,0.163047138047137,21,true,-0.0017556543449082085,-0.3278499304391822,0,true,false,false,false,-0.163047138047137,0.1648027923920452,EXPERIMENT_ONLY
2025-04-04,20:00,test,2025,2025,20,20.607608798794207,0.6076087987942067,20,21,false,2025,2025-04,macro_non_southerly,20.14023569023569,0.14023569023569138,20,true,-0.4673731085585153,-0.4673731085585153,1,true,false,false,true,0.14023569023569138,0.6076087987942067,EXPERIMENT_ONLY
2025-04-04,21:00,test,2025,2025,20,20.420339734763623,0.42033973476362263,20,20,true,2025,2025-04,macro_non_southerly,20.14023569023569,0.14023569023569138,20,true,-0.28010404452793125,-0.28010404452793125,0,true,false,false,false,0.14023569023569138,0.42033973476362263,EXPERIMENT_ONLY
2025-04-04,22:00,test,2025,2025,20,20.1591068728082,0.15910687280819857,20,20,true,2025,2025-04,macro_non_southerly,20.14023569023569,0.14023569023569138,20,true,-0.018871182572507195,-0.018871182572507195,0,true,false,false,false,0.14023569023569138,0.15910687280819857,EXPERIMENT_ONLY
2025-04-04,23:00,test,2025,2025,20,20.20003845716116,0.20003845716115976,20,20,true,2025,2025-04,macro_non_southerly,20.14023569023569,0.14023569023569138,20,true,-0.059802766925468376,-0.059802766925468376,0,true,false,false,false,0.14023569023569138,0.20003845716115976,EXPERIMENT_ONLY
2025-04-05,20:00,test,2025,2025,18,19.822477866283364,1.8224778662833643,18,20,false,2025,2025-04,macro_southerly_flow,18.57053872053872,0.5705387205387211,19,false,-1.2519391457446432,-1.2519391457446432,0,true,false,false,false,0.5705387205387211,1.8224778662833643,EXPERIMENT_ONLY
2025-04-05,21:00,test,2025,2025,18,19.86532586217035,1.8653258621703515,18,20,false,2025,2025-04,macro_southerly_flow,18.57053872053872,0.5705387205387211,19,false,-1.2947871416316303,-1.2947871416316303,0,true,false,false,false,0.5705387205387211,1.8653258621703515,EXPERIMENT_ONLY
2025-04-05,22:00,test,2025,2025,18,19.647931925017645,1.6479319250176445,18,20,false,2025,2025-04,macro_southerly_flow,18.57053872053872,0.5705387205387211,19,false,-1.0773932044789234,-1.0773932044789234,0,true,false,false,false,0.5705387205387211,1.6479319250176445,EXPERIMENT_ONLY
2025-04-05,23:00,test,2025,2025,18,19.48956728247456,1.4895672824745603,18,19,false,2025,2025-04,macro_southerly_flow,18.57053872053872,0.5705387205387211,19,false,-0.9190285619358392,-0.9190285619358392,0,true,false,false,false,0.5705387205387211,1.4895672824745603,EXPERIMENT_ONLY
2025-04-06,20:00,test,2025,2025,20,19.0498321610691,0.9501678389308985,20,19,false,2025,2025-04,macro_non_southerly,19.0956228956229,0.904377104377101,19,false,-0.04579073455379756,0.04579073455379756,0,true,false,false,false,-0.904377104377101,-0.9501678389308985,EXPERIMENT_ONLY
2025-04-06,21:00,test,2025,2025,20,19.207549784143048,0.7924502158569524,20,19,false,2025,2025-04,macro_non_southerly,19.0956228956229,0.904377104377101,19,false,0.11192688852014854,-0.11192688852014854,0,false,true,false,false,-0.904377104377101,-0.7924502158569524,EXPERIMENT_ONLY
2025-04-06,22:00,test,2025,2025,20,18.71022100670832,1.28977899329168,20,19,false,2025,2025-04,macro_non_southerly,19.0956228956229,0.904377104377101,19,false,-0.38540188891457916,0.38540188891457916,0,true,false,false,false,-0.904377104377101,-1.28977899329168,EXPERIMENT_ONLY
2025-04-06,23:00,test,2025,2025,20,18.88097078366578,1.1190292163342193,20,19,false,2025,2025-04,macro_non_southerly,19.0956228956229,0.904377104377101,19,false,-0.2146521119571183,0.2146521119571183,0,true,false,false,false,-0.904377104377101,-1.1190292163342193,EXPERIMENT_ONLY
2025-04-07,20:00,test,2025,2025,20,19.979164916784768,0.020835083215231975,20,20,true,2025,2025-04,macro_non_southerly,19.781902356902357,0.2180976430976429,20,true,0.19726255988241093,-0.19726255988241093,0,false,true,false,false,-0.2180976430976429,-0.020835083215231975,EXPERIMENT_ONLY
2025-04-07,21:00,test,2025,2025,20,20.17213850937554,0.17213850937553943,20,20,true,2025,2025-04,macro_non_southerly,19.781902356902357,0.2180976430976429,20,true,0.045959133722103473,-0.39023615247318233,0,false,true,false,false,-0.2180976430976429,0.17213850937553943,EXPERIMENT_ONLY
2025-04-07,22:00,test,2025,2025,20,20.16803690743563,0.16803690743563138,20,20,true,2025,2025-04,macro_non_southerly,19.781902356902357,0.2180976430976429,20,true,0.050060735662011524,-0.3861345505332743,0,false,true,false,false,-0.2180976430976429,0.16803690743563138,EXPERIMENT_ONLY
2025-04-07,23:00,test,2025,2025,20,20.36560553529422,0.36560553529421824,20,20,true,2025,2025-04,macro_non_southerly,19.781902356902357,0.2180976430976429,20,true,-0.14750789219657534,-0.5837031783918611,0,true,false,false,false,-0.2180976430976429,0.36560553529421824,EXPERIMENT_ONLY
2025-04-08,20:00,test,2025,2025,19,19.328864795772212,0.32886479577221195,19,19,true,2025,2025-04,macro_non_southerly,18.1493265993266,0.8506734006734007,18,false,0.5218086049011887,-1.1795381964456126,-1,false,true,true,false,-0.8506734006734007,0.32886479577221195,EXPERIMENT_ONLY
2025-04-08,21:00,test,2025,2025,19,18.916231432077875,0.0837685679221245,19,19,true,2025,2025-04,macro_non_southerly,18.1493265993266,0.8506734006734007,18,false,0.7669048327512762,-0.7669048327512762,-1,false,true,true,false,-0.8506734006734007,-0.0837685679221245,EXPERIMENT_ONLY
2025-04-08,22:00,test,2025,2025,19,18.214097947627206,0.7859020523727942,19,18,false,2025,2025-04,macro_non_southerly,18.1493265993266,0.8506734006734007,18,false,0.06477134830060649,-0.06477134830060649,0,false,true,false,false,-0.8506734006734007,-0.7859020523727942,EXPERIMENT_ONLY
2025-04-08,23:00,test,2025,2025,19,18.70064377088211,0.2993562291178904,19,19,true,2025,2025-04,macro_non_southerly,18.1493265993266,0.8506734006734007,18,false,0.5513171715555103,-0.5513171715555103,-1,false,true,true,false,-0.8506734006734007,-0.2993562291178904,EXPERIMENT_ONLY
2025-04-09,20:00,test,2025,2025,17,15.086534677670679,1.913465322329321,17,15,false,2025,2025-04,macro_southerly_flow,16.213131313131314,0.7868686868686865,16,false,-1.1265966354606345,1.1265966354606345,0,true,false,false,false,-0.7868686868686865,-1.913465322329321,EXPERIMENT_ONLY
2025-04-09,21:00,test,2025,2025,17,15.144613754767027,1.8553862452329728,17,15,false,2025,2025-04,macro_southerly_flow,16.213131313131314,0.7868686868686865,16,false,-1.0685175583642863,1.0685175583642863,0,true,false,false,false,-0.7868686868686865,-1.8553862452329728,EXPERIMENT_ONLY
2025-04-09,22:00,test,2025,2025,17,15.8669128439937,1.1330871560062992,17,16,false,2025,2025-04,macro_southerly_flow,16.213131313131314,0.7868686868686865,16,false,-0.34621846913761267,0.34621846913761267,0,true,false,false,false,-0.7868686868686865,-1.1330871560062992,EXPERIMENT_ONLY
2025-04-09,23:00,test,2025,2025,17,15.870430931147753,1.1295690688522466,17,16,false,2025,2025-04,macro_southerly_flow,16.213131313131314,0.7868686868686865,16,false,-0.3427003819835601,0.3427003819835601,0,true,false,false,false,-0.7868686868686865,-1.1295690688522466,EXPERIMENT_ONLY
2025-04-10,20:00,test,2025,2025,20,18.543171914784597,1.4568280852154025,20,19,false,2025,2025-04,macro_non_southerly,18.830723905723907,1.1692760942760927,19,false,-0.28755199093930983,0.28755199093930983,0,true,false,false,false,-1.1692760942760927,-1.4568280852154025,EXPERIMENT_ONLY
2025-04-10,21:00,test,2025,2025,20,19.00064210096315,0.9993578990368484,20,19,false,2025,2025-04,macro_non_southerly,18.830723905723907,1.1692760942760927,19,false,0.16991819523924434,-0.16991819523924434,0,false,true,false,false,-1.1692760942760927,-0.9993578990368484,EXPERIMENT_ONLY
2025-04-10,22:00,test,2025,2025,20,19.301412626009718,0.6985873739902821,20,19,false,2025,2025-04,macro_non_southerly,18.830723905723907,1.1692760942760927,19,false,0.47068872028581055,-0.47068872028581055,0,false,true,false,false,-1.1692760942760927,-0.6985873739902821,EXPERIMENT_ONLY
2025-04-10,23:00,test,2025,2025,20,19.394190352517988,0.6058096474820118,20,19,false,2025,2025-04,macro_non_southerly,18.830723905723907,1.1692760942760927,19,false,0.5634664467940809,-0.5634664467940809,0,false,true,false,false,-1.1692760942760927,-0.6058096474820118,EXPERIMENT_ONLY
2025-04-11,20:00,test,2025,2025,19,19.354343143291253,0.3543431432912527,19,19,true,2025,2025-04,macro_non_southerly,18.812373737373736,0.1876262626262637,19,true,-0.16671688066498902,-0.5419694059175164,0,true,false,false,false,-0.1876262626262637,0.3543431432912527,EXPERIMENT_ONLY
2025-04-11,21:00,test,2025,2025,19,19.51509529086678,0.5150952908667783,19,20,false,2025,2025-04,macro_non_southerly,18.812373737373736,0.1876262626262637,19,true,-0.3274690282405146,-0.702721553493042,1,true,false,false,true,-0.1876262626262637,0.5150952908667783,EXPERIMENT_ONLY
2025-04-11,22:00,test,2025,2025,19,19.575382932218208,0.5753829322182078,19,20,false,2025,2025-04,macro_non_southerly,18.812373737373736,0.1876262626262637,19,true,-0.3877566695919441,-0.7630091948444715,1,true,false,false,true,-0.1876262626262637,0.5753829322182078,EXPERIMENT_ONLY
2025-04-11,23:00,test,2025,2025,19,19.743763327434646,0.743763327434646,19,20,false,2025,2025-04,macro_non_southerly,18.812373737373736,0.1876262626262637,19,true,-0.5561370648083823,-0.9313895900609097,1,true,false,false,true,-0.1876262626262637,0.743763327434646,EXPERIMENT_ONLY
2025-04-12,20:00,test,2025,2025,20,20.004673233473135,0.00467323347313453,20,20,true,2025,2025-04,macro_non_southerly,19.244865319865323,0.7551346801346774,19,false,0.7504614466615429,-0.759807913607812,-1,false,true,true,false,-0.7551346801346774,0.00467323347313453,EXPERIMENT_ONLY
2025-04-12,21:00,test,2025,2025,20,20.47388542094088,0.4738854209408814,20,20,true,2025,2025-04,macro_non_southerly,19.244865319865323,0.7551346801346774,19,false,0.28124925919379606,-1.2290201010755588,-1,false,true,true,false,-0.7551346801346774,0.4738854209408814,EXPERIMENT_ONLY
2025-04-12,22:00,test,2025,2025,20,20.582127657569934,0.5821276575699343,20,21,false,2025,2025-04,macro_non_southerly,19.244865319865323,0.7551346801346774,19,false,0.1730070225647431,-1.3372623377046118,0,false,true,false,false,-0.7551346801346774,0.5821276575699343,EXPERIMENT_ONLY
2025-04-12,23:00,test,2025,2025,20,20.812388294386068,0.8123882943860679,20,21,false,2025,2025-04,macro_non_southerly,19.244865319865323,0.7551346801346774,19,false,-0.05725361425139042,-1.5675229745207453,0,true,false,false,false,-0.7551346801346774,0.8123882943860679,EXPERIMENT_ONLY
2025-04-13,20:00,test,2025,2025,18,19.432310282950645,1.4323102829506453,18,19,false,2025,2025-04,macro_southerly_flow,20.22996632996633,2.229966329966331,20,false,0.7976560470156855,0.7976560470156855,0,false,true,false,false,2.229966329966331,1.4323102829506453,EXPERIMENT_ONLY
2025-04-13,21:00,test,2025,2025,18,20.22960674067643,2.229606740676431,18,20,false,2025,2025-04,macro_southerly_flow,20.22996632996633,2.229966329966331,20,false,0.0003595892898999864,0.0003595892898999864,0,false,true,false,false,2.229966329966331,2.229606740676431,EXPERIMENT_ONLY
2025-04-13,22:00,test,2025,2025,18,20.433451385351106,2.4334513853511055,18,20,false,2025,2025-04,macro_southerly_flow,20.22996632996633,2.229966329966331,20,false,-0.20348505538477468,-0.20348505538477468,0,true,false,false,false,2.229966329966331,2.4334513853511055,EXPERIMENT_ONLY
2025-04-13,23:00,test,2025,2025,18,20.83607821779469,2.8360782177946895,18,21,false,2025,2025-04,macro_southerly_flow,20.22996632996633,2.229966329966331,20,false,-0.6061118878283587,-0.6061118878283587,0,true,false,false,false,2.229966329966331,2.8360782177946895,EXPERIMENT_ONLY
2025-04-14,20:00,test,2025,2025,20,19.352556887854714,0.6474431121452859,20,19,false,2025,2025-04,macro_non_southerly,18.918939393939393,1.081060606060607,19,false,0.433617493915321,-0.433617493915321,0,false,true,false,false,-1.081060606060607,-0.6474431121452859,EXPERIMENT_ONLY
2025-04-14,21:00,test,2025,2025,20,19.510742187874996,0.48925781212500397,20,20,true,2025,2025-04,macro_non_southerly,18.918939393939393,1.081060606060607,19,false,0.591802793935603,-0.591802793935603,-1,false,true,true,false,-1.081060606060607,-0.48925781212500397,EXPERIMENT_ONLY
2025-04-14,22:00,test,2025,2025,20,19.538620891861935,0.4613791081380647,20,20,true,2025,2025-04,macro_non_southerly,18.918939393939393,1.081060606060607,19,false,0.6196814979225422,-0.6196814979225422,-1,false,true,true,false,-1.081060606060607,-0.4613791081380647,EXPERIMENT_ONLY
2025-04-14,23:00,test,2025,2025,20,19.702494697138913,0.29750530286108656,20,20,true,2025,2025-04,macro_non_southerly,18.918939393939393,1.081060606060607,19,false,0.7835553031995204,-0.7835553031995204,-1,false,true,true,false,-1.081060606060607,-0.29750530286108656,EXPERIMENT_ONLY
2025-04-15,20:00,test,2025,2025,16,16.285343138202194,0.2853431382021938,16,16,true,2025,2025-04,macro_southerly_flow,16.771801346801347,0.7718013468013467,17,false,0.4864582085991529,0.4864582085991529,-1,false,true,true,false,0.7718013468013467,0.2853431382021938,EXPERIMENT_ONLY
2025-04-15,21:00,test,2025,2025,16,16.248901225213977,0.24890122521397728,16,16,true,2025,2025-04,macro_southerly_flow,16.771801346801347,0.7718013468013467,17,false,0.5229001215873694,0.5229001215873694,-1,false,true,true,false,0.7718013468013467,0.24890122521397728,EXPERIMENT_ONLY
2025-04-15,22:00,test,2025,2025,16,15.584175727445587,0.41582427255441345,16,16,true,2025,2025-04,macro_southerly_flow,16.771801346801347,0.7718013468013467,17,false,0.35597707424693326,1.1876256193557602,-1,false,true,true,false,0.7718013468013467,-0.41582427255441345,EXPERIMENT_ONLY
2025-04-15,23:00,test,2025,2025,16,15.726224009944616,0.273775990055384,16,16,true,2025,2025-04,macro_southerly_flow,16.771801346801347,0.7718013468013467,17,false,0.4980253567459627,1.0455773368567307,-1,false,true,true,false,0.7718013468013467,-0.273775990055384,EXPERIMENT_ONLY
2025-04-16,20:00,test,2025,2025,16,16.031928240693958,0.03192824069395783,16,16,true,2025,2025-04,macro_southerly_flow,17.262794612794615,1.2627946127946146,17,false,1.2308663721006567,1.2308663721006567,-1,false,true,true,false,1.2627946127946146,0.03192824069395783,EXPERIMENT_ONLY
2025-04-16,21:00,test,2025,2025,16,16.230407102012627,0.23040710201262726,16,16,true,2025,2025-04,macro_southerly_flow,17.262794612794615,1.2627946127946146,17,false,1.0323875107819873,1.0323875107819873,-1,false,true,true,false,1.2627946127946146,0.23040710201262726,EXPERIMENT_ONLY
2025-04-16,22:00,test,2025,2025,16,16.200401556114258,0.20040155611425803,16,16,true,2025,2025-04,macro_southerly_flow,17.262794612794615,1.2627946127946146,17,false,1.0623930566803566,1.0623930566803566,-1,false,true,true,false,1.2627946127946146,0.20040155611425803,EXPERIMENT_ONLY
2025-04-16,23:00,test,2025,2025,16,16.47346272856171,0.4734627285617101,16,16,true,2025,2025-04,macro_southerly_flow,17.262794612794615,1.2627946127946146,17,false,0.7893318842329045,0.7893318842329045,-1,false,true,true,false,1.2627946127946146,0.4734627285617101,EXPERIMENT_ONLY
2025-04-17,20:00,test,2025,2025,19,18.61932598177899,0.3806740182210113,19,19,true,2025,2025-04,macro_non_southerly,18.90084175084175,0.09915824915825056,19,true,-0.28151576906276077,0.28151576906276077,0,true,false,false,false,-0.09915824915825056,-0.3806740182210113,EXPERIMENT_ONLY
2025-04-17,21:00,test,2025,2025,19,18.787542228547196,0.21245777145280442,19,19,true,2025,2025-04,macro_non_southerly,18.90084175084175,0.09915824915825056,19,true,-0.11329952229455387,0.11329952229455387,0,true,false,false,false,-0.09915824915825056,-0.21245777145280442,EXPERIMENT_ONLY
2025-04-17,22:00,test,2025,2025,19,18.90494339728345,0.09505660271655003,19,19,true,2025,2025-04,macro_non_southerly,18.90084175084175,0.09915824915825056,19,true,0.004101646441700524,-0.004101646441700524,0,false,true,false,false,-0.09915824915825056,-0.09505660271655003,EXPERIMENT_ONLY
2025-04-17,23:00,test,2025,2025,19,18.806799652566784,0.19320034743321557,19,19,true,2025,2025-04,macro_non_southerly,18.90084175084175,0.09915824915825056,19,true,-0.09404209827496501,0.09404209827496501,0,true,false,false,false,-0.09915824915825056,-0.19320034743321557,EXPERIMENT_ONLY
2025-04-18,20:00,test,2025,2025,20,20.099023162260945,0.09902316226094499,20,20,true,2025,2025-04,macro_non_southerly,22.016919191919193,2.016919191919193,22,false,1.9178960296582481,1.9178960296582481,-1,false,true,true,false,2.016919191919193,0.09902316226094499,EXPERIMENT_ONLY
2025-04-18,21:00,test,2025,2025,20,20.52430993398033,0.5243099339803301,20,21,false,2025,2025-04,macro_non_southerly,22.016919191919193,2.016919191919193,22,false,1.492609257938863,1.492609257938863,0,false,true,false,false,2.016919191919193,0.5243099339803301,EXPERIMENT_ONLY
2025-04-18,22:00,test,2025,2025,20,20.590547190501145,0.5905471905011446,20,21,false,2025,2025-04,macro_non_southerly,22.016919191919193,2.016919191919193,22,false,1.4263720014180485,1.4263720014180485,0,false,true,false,false,2.016919191919193,0.5905471905011446,EXPERIMENT_ONLY
2025-04-18,23:00,test,2025,2025,20,20.237732212882364,0.23773221288236357,20,20,true,2025,2025-04,macro_southerly_flow,22.016919191919193,2.016919191919193,22,false,1.7791869790368295,1.7791869790368295,-1,false,true,true,false,2.016919191919193,0.23773221288236357,EXPERIMENT_ONLY
2025-04-19,20:00,test,2025,2025,25,22.28851123542386,2.7114887645761385,25,22,false,2025,2025-04,macro_non_southerly,23.823316498316498,1.1766835016835024,24,false,-1.534805262892636,1.534805262892636,0,true,false,false,false,-1.1766835016835024,-2.7114887645761385,EXPERIMENT_ONLY
2025-04-19,21:00,test,2025,2025,25,23.088337325221968,1.9116626747780323,25,23,false,2025,2025-04,macro_non_southerly,23.823316498316498,1.1766835016835024,24,false,-0.7349791730945299,0.7349791730945299,0,true,false,false,false,-1.1766835016835024,-1.9116626747780323,EXPERIMENT_ONLY
2025-04-19,22:00,test,2025,2025,25,23.54301872189367,1.4569812781063298,25,24,false,2025,2025-04,macro_non_southerly,23.823316498316498,1.1766835016835024,24,false,-0.2802977764228274,0.2802977764228274,0,true,false,false,false,-1.1766835016835024,-1.4569812781063298,EXPERIMENT_ONLY
2025-04-19,23:00,test,2025,2025,25,23.93662823142503,1.0633717685749708,25,24,false,2025,2025-04,macro_non_southerly,23.823316498316498,1.1766835016835024,24,false,0.1133117331085316,-0.1133117331085316,0,false,true,false,false,-1.1766835016835024,-1.0633717685749708,EXPERIMENT_ONLY
2025-04-20,20:00,test,2025,2025,21,22.67373842825792,1.67373842825792,21,23,false,2025,2025-04,macro_non_southerly,22.10841750841751,1.10841750841751,22,false,-0.5653209198404099,-0.5653209198404099,0,true,false,false,false,1.10841750841751,1.67373842825792,EXPERIMENT_ONLY
2025-04-20,21:00,test,2025,2025,21,22.82890467464589,1.8289046746458908,21,23,false,2025,2025-04,macro_non_southerly,22.10841750841751,1.10841750841751,22,false,-0.7204871662283807,-0.7204871662283807,0,true,false,false,false,1.10841750841751,1.8289046746458908,EXPERIMENT_ONLY
2025-04-20,22:00,test,2025,2025,21,22.666855483565534,1.6668554835655343,21,23,false,2025,2025-04,macro_non_southerly,22.10841750841751,1.10841750841751,22,false,-0.5584379751480242,-0.5584379751480242,0,true,false,false,false,1.10841750841751,1.6668554835655343,EXPERIMENT_ONLY
2025-04-20,23:00,test,2025,2025,21,22.905451801001455,1.9054518010014547,21,23,false,2025,2025-04,macro_non_southerly,22.10841750841751,1.10841750841751,22,false,-0.7970342925839446,-0.7970342925839446,0,true,false,false,false,1.10841750841751,1.9054518010014547,EXPERIMENT_ONLY
2025-04-21,20:00,test,2025,2025,18,16.478710213105824,1.521289786894176,18,16,false,2025,2025-04,macro_southerly_flow,18.486531986531986,0.48653198653198615,18,true,-1.0347578003621898,2.007821773426162,1,true,false,false,true,0.48653198653198615,-1.521289786894176,EXPERIMENT_ONLY
2025-04-21,21:00,test,2025,2025,18,16.436098023988254,1.5639019760117456,18,16,false,2025,2025-04,macro_southerly_flow,18.486531986531986,0.48653198653198615,18,true,-1.0773699894797595,2.050433962543732,1,true,false,false,true,0.48653198653198615,-1.5639019760117456,EXPERIMENT_ONLY
2025-04-21,22:00,test,2025,2025,18,15.862845579307528,2.1371544206924717,18,16,false,2025,2025-04,macro_southerly_flow,18.486531986531986,0.48653198653198615,18,true,-1.6506224341604856,2.623686407224458,1,true,false,false,true,0.48653198653198615,-2.1371544206924717,EXPERIMENT_ONLY
2025-04-21,23:00,test,2025,2025,18,15.903435330998974,2.096564669001026,18,16,false,2025,2025-04,macro_southerly_flow,18.486531986531986,0.48653198653198615,18,true,-1.6100326824690399,2.583096655533012,1,true,false,false,true,0.48653198653198615,-2.096564669001026,EXPERIMENT_ONLY
2025-04-22,20:00,test,2025,2025,16,15.917058283370935,0.08294171662906535,16,16,true,2025,2025-04,macro_southerly_flow,15.600589225589225,0.3994107744107751,16,true,0.31646905778170975,-0.31646905778170975,0,false,true,false,false,-0.3994107744107751,-0.08294171662906535,EXPERIMENT_ONLY
2025-04-22,21:00,test,2025,2025,16,15.910833590383977,0.0891664096160234,16,16,true,2025,2025-04,macro_southerly_flow,15.600589225589225,0.3994107744107751,16,true,0.3102443647947517,-0.3102443647947517,0,false,true,false,false,-0.3994107744107751,-0.0891664096160234,EXPERIMENT_ONLY
2025-04-22,22:00,test,2025,2025,16,15.616429304716924,0.3835706952830762,16,16,true,2025,2025-04,macro_southerly_flow,15.600589225589225,0.3994107744107751,16,true,0.015840079127698914,-0.015840079127698914,0,false,true,false,false,-0.3994107744107751,-0.3835706952830762,EXPERIMENT_ONLY
2025-04-22,23:00,test,2025,2025,16,15.723915327288474,0.2760846727115265,16,16,true,2025,2025-04,macro_southerly_flow,15.600589225589225,0.3994107744107751,16,true,0.12332610169924862,-0.12332610169924862,0,false,true,false,false,-0.3994107744107751,-0.2760846727115265,EXPERIMENT_ONLY
2025-04-23,20:00,test,2025,2025,15,14.915779774807119,0.08422022519288141,15,15,true,2025,2025-04,macro_southerly_flow,14.766077441077442,0.23392255892255776,15,true,0.14970233372967634,-0.14970233372967634,0,false,true,false,false,-0.23392255892255776,-0.08422022519288141,EXPERIMENT_ONLY
2025-04-23,21:00,test,2025,2025,15,14.870125171150375,0.12987482884962454,15,15,true,2025,2025-04,macro_southerly_flow,14.766077441077442,0.23392255892255776,15,true,0.10404773007293322,-0.10404773007293322,0,false,true,false,false,-0.23392255892255776,-0.12987482884962454,EXPERIMENT_ONLY
2025-04-23,22:00,test,2025,2025,15,13.543229410726468,1.4567705892735319,15,14,false,2025,2025-04,macro_southerly_flow,14.766077441077442,0.23392255892255776,15,true,-1.2228480303509741,1.2228480303509741,1,true,false,false,true,-0.23392255892255776,-1.4567705892735319,EXPERIMENT_ONLY
2025-04-23,23:00,test,2025,2025,15,13.608314011128972,1.3916859888710285,15,14,false,2025,2025-04,macro_southerly_flow,14.766077441077442,0.23392255892255776,15,true,-1.1577634299484707,1.1577634299484707,1,true,false,false,true,-0.23392255892255776,-1.3916859888710285,EXPERIMENT_ONLY
2025-04-24,20:00,test,2025,2025,15,14.971168778468554,0.028831221531445905,15,15,true,2025,2025-04,macro_non_southerly,15.776683501683502,0.7766835016835021,16,false,0.7478522801520562,0.805514723214948,-1,false,true,true,false,0.7766835016835021,-0.028831221531445905,EXPERIMENT_ONLY
2025-04-24,21:00,test,2025,2025,15,15.58256672524823,0.5825667252482294,15,16,false,2025,2025-04,macro_non_southerly,15.776683501683502,0.7766835016835021,16,false,0.1941167764352727,0.1941167764352727,0,false,true,false,false,0.7766835016835021,0.5825667252482294,EXPERIMENT_ONLY
2025-04-24,22:00,test,2025,2025,15,15.66289107208851,0.6628910720885095,15,16,false,2025,2025-04,macro_non_southerly,15.776683501683502,0.7766835016835021,16,false,0.11379242959499258,0.11379242959499258,0,false,true,false,false,0.7766835016835021,0.6628910720885095,EXPERIMENT_ONLY
2025-04-24,23:00,test,2025,2025,15,16.031025097812385,1.0310250978123854,15,16,false,2025,2025-04,macro_non_southerly,15.776683501683502,0.7766835016835021,16,false,-0.2543415961288833,-0.2543415961288833,0,true,false,false,false,0.7766835016835021,1.0310250978123854,EXPERIMENT_ONLY
2025-04-25,20:00,test,2025,2025,18,17.165861126278912,0.8341388737210877,18,17,false,2025,2025-04,macro_non_southerly,17.05462962962963,0.9453703703703695,17,false,0.11123149664928178,-0.11123149664928178,0,false,true,false,false,-0.9453703703703695,-0.8341388737210877,EXPERIMENT_ONLY
2025-04-25,21:00,test,2025,2025,18,17.730762597451815,0.2692374025481854,18,18,true,2025,2025-04,macro_non_southerly,17.05462962962963,0.9453703703703695,17,false,0.6761329678221841,-0.6761329678221841,-1,false,true,true,false,-0.9453703703703695,-0.2692374025481854,EXPERIMENT_ONLY
2025-04-25,22:00,test,2025,2025,18,18.055058277371955,0.055058277371955455,18,18,true,2025,2025-04,macro_non_southerly,17.05462962962963,0.9453703703703695,17,false,0.8903120929984141,-1.000428647742325,-1,false,true,true,false,-0.9453703703703695,0.055058277371955455,EXPERIMENT_ONLY
2025-04-25,23:00,test,2025,2025,18,18.249038252492674,0.24903825249267442,18,18,true,2025,2025-04,macro_non_southerly,17.05462962962963,0.9453703703703695,17,false,0.6963321178776951,-1.194408622863044,-1,false,true,true,false,-0.9453703703703695,0.24903825249267442,EXPERIMENT_ONLY
2025-04-26,20:00,test,2025,2025,19,18.739598344424277,0.26040165557572337,19,19,true,2025,2025-04,macro_non_southerly,18.47861952861953,0.5213804713804713,18,false,0.2609788158047479,-0.2609788158047479,-1,false,true,true,false,-0.5213804713804713,-0.26040165557572337,EXPERIMENT_ONLY
2025-04-26,21:00,test,2025,2025,19,18.699298388320596,0.3007016116794041,19,19,true,2025,2025-04,macro_non_southerly,18.47861952861953,0.5213804713804713,18,false,0.22067885970106715,-0.22067885970106715,-1,false,true,true,false,-0.5213804713804713,-0.3007016116794041,EXPERIMENT_ONLY
2025-04-26,22:00,test,2025,2025,19,18.790186155052602,0.20981384494739785,19,19,true,2025,2025-04,macro_non_southerly,18.47861952861953,0.5213804713804713,18,false,0.3115666264330734,-0.3115666264330734,-1,false,true,true,false,-0.5213804713804713,-0.20981384494739785,EXPERIMENT_ONLY
2025-04-26,23:00,test,2025,2025,19,18.608695891760682,0.3913041082393178,19,19,true,2025,2025-04,macro_non_southerly,18.47861952861953,0.5213804713804713,18,false,0.13007636314115345,-0.13007636314115345,-1,false,true,true,false,-0.5213804713804713,-0.3913041082393178,EXPERIMENT_ONLY
2025-04-27,20:00,test,2025,2025,20,19.448153188745046,0.5518468112549542,20,19,false,2025,2025-04,macro_non_southerly,19.202272727272728,0.797727272727272,19,false,0.2458804614723178,-0.2458804614723178,0,false,true,false,false,-0.797727272727272,-0.5518468112549542,EXPERIMENT_ONLY
2025-04-27,21:00,test,2025,2025,20,19.60804535443648,0.3919546455635192,20,20,true,2025,2025-04,macro_non_southerly,19.202272727272728,0.797727272727272,19,false,0.40577262716375273,-0.40577262716375273,-1,false,true,true,false,-0.797727272727272,-0.3919546455635192,EXPERIMENT_ONLY
2025-04-27,22:00,test,2025,2025,20,19.38171780308203,0.6182821969179706,20,19,false,2025,2025-04,macro_non_southerly,19.202272727272728,0.797727272727272,19,false,0.17944507580930136,-0.17944507580930136,0,false,true,false,false,-0.797727272727272,-0.6182821969179706,EXPERIMENT_ONLY
2025-04-27,23:00,test,2025,2025,20,19.52188299648193,0.47811700351806863,20,20,true,2025,2025-04,macro_non_southerly,19.202272727272728,0.797727272727272,19,false,0.3196102692092033,-0.3196102692092033,-1,false,true,true,false,-0.797727272727272,-0.47811700351806863,EXPERIMENT_ONLY
2025-04-28,20:00,test,2025,2025,20,19.298901821253153,0.7010981787468467,20,19,false,2025,2025-04,macro_non_southerly,19.51422558922559,0.4857744107744111,20,true,-0.21532376797243558,0.21532376797243558,1,true,false,false,true,-0.4857744107744111,-0.7010981787468467,EXPERIMENT_ONLY
2025-04-28,21:00,test,2025,2025,20,19.52457624080948,0.4754237591905195,20,20,true,2025,2025-04,macro_non_southerly,19.51422558922559,0.4857744107744111,20,true,0.01035065158389159,-0.01035065158389159,0,false,true,false,false,-0.4857744107744111,-0.4754237591905195,EXPERIMENT_ONLY
2025-04-28,22:00,test,2025,2025,20,19.72110804678929,0.27889195321071014,20,20,true,2025,2025-04,macro_non_southerly,19.51422558922559,0.4857744107744111,20,true,0.20688245756370094,-0.20688245756370094,0,false,true,false,false,-0.4857744107744111,-0.27889195321071014,EXPERIMENT_ONLY
2025-04-28,23:00,test,2025,2025,20,19.889176702500944,0.1108232974990564,20,20,true,2025,2025-04,macro_non_southerly,19.51422558922559,0.4857744107744111,20,true,0.3749511132753547,-0.3749511132753547,0,false,true,false,false,-0.4857744107744111,-0.1108232974990564,EXPERIMENT_ONLY
2025-04-29,20:00,test,2025,2025,16,17.094951976693206,1.0949519766932063,16,17,false,2025,2025-04,macro_southerly_flow,18.23097643097643,2.2309764309764297,18,false,1.1360244542832234,1.1360244542832234,0,false,true,false,false,2.2309764309764297,1.0949519766932063,EXPERIMENT_ONLY
2025-04-29,21:00,test,2025,2025,16,17.189881411072154,1.1898814110721538,16,17,false,2025,2025-04,macro_southerly_flow,18.23097643097643,2.2309764309764297,18,false,1.0410950199042759,1.0410950199042759,0,false,true,false,false,2.2309764309764297,1.1898814110721538,EXPERIMENT_ONLY
2025-04-29,22:00,test,2025,2025,16,16.960390850255788,0.9603908502557879,16,17,false,2025,2025-04,macro_southerly_flow,18.23097643097643,2.2309764309764297,18,false,1.2705855807206419,1.2705855807206419,0,false,true,false,false,2.2309764309764297,0.9603908502557879,EXPERIMENT_ONLY
2025-04-29,23:00,test,2025,2025,16,17.23501985515155,1.235019855151549,16,17,false,2025,2025-04,macro_southerly_flow,18.23097643097643,2.2309764309764297,18,false,0.9959565758248807,0.9959565758248807,0,false,true,false,false,2.2309764309764297,1.235019855151549,EXPERIMENT_ONLY
2025-04-30,20:00,test,2025,2025,16,15.612062163526094,0.3879378364739061,16,16,true,2025,2025-04,macro_southerly_flow,17.04436026936027,1.0443602693602685,17,false,0.6564224328863624,1.4322981058341746,-1,false,true,true,false,1.0443602693602685,-0.3879378364739061,EXPERIMENT_ONLY
2025-04-30,21:00,test,2025,2025,16,15.607495754859475,0.3925042451405254,16,16,true,2025,2025-04,macro_southerly_flow,17.04436026936027,1.0443602693602685,17,false,0.6518560242197431,1.4368645145007939,-1,false,true,true,false,1.0443602693602685,-0.3925042451405254,EXPERIMENT_ONLY
2025-04-30,22:00,test,2025,2025,16,14.980395643580685,1.0196043564193147,16,15,false,2025,2025-04,macro_southerly_flow,17.04436026936027,1.0443602693602685,17,false,0.024755912940953806,2.063964625779583,0,false,true,false,false,1.0443602693602685,-1.0196043564193147,EXPERIMENT_ONLY
2025-04-30,23:00,test,2025,2025,16,14.985280308834046,1.0147196911659542,16,15,false,2025,2025-04,macro_southerly_flow,17.04436026936027,1.0443602693602685,17,false,0.029640578194314315,2.0590799605262227,0,false,true,false,false,1.0443602693602685,-1.0147196911659542,EXPERIMENT_ONLY
2025-05-01,20:00,test,2025,2025,14,13.346236750883673,0.6537632491163272,14,13,false,2025,2025-05,macro_southerly_flow,16.20892255892256,2.208922558922559,16,false,1.555159309806232,2.8626858080388864,0,false,true,false,false,2.208922558922559,-0.6537632491163272,EXPERIMENT_ONLY
2025-05-01,21:00,test,2025,2025,14,13.339459296456603,0.660540703543397,14,13,false,2025,2025-05,macro_southerly_flow,16.20892255892256,2.208922558922559,16,false,1.5483818553791622,2.869463262465956,0,false,true,false,false,2.208922558922559,-0.660540703543397,EXPERIMENT_ONLY
2025-05-01,22:00,test,2025,2025,14,12.656966729291575,1.3430332707084247,14,13,false,2025,2025-05,macro_southerly_flow,16.20892255892256,2.208922558922559,16,false,0.8658892882141345,3.551955829630984,0,false,true,false,false,2.208922558922559,-1.3430332707084247,EXPERIMENT_ONLY
2025-05-01,23:00,test,2025,2025,14,12.559370639722758,1.4406293602772422,14,13,false,2025,2025-05,macro_southerly_flow,16.20892255892256,2.208922558922559,16,false,0.768293198645317,3.6495519191998014,0,false,true,false,false,2.208922558922559,-1.4406293602772422,EXPERIMENT_ONLY
2025-05-02,20:00,test,2025,2025,13,11.991423942917095,1.0085760570829052,13,12,false,2025,2025-05,macro_southerly_flow,13.46540404040404,0.4654040404040405,13,true,-0.5431720166788647,1.4739800974869457,1,true,false,false,true,0.4654040404040405,-1.0085760570829052,EXPERIMENT_ONLY
2025-05-02,21:00,test,2025,2025,13,12.050240035266924,0.9497599647330759,13,12,false,2025,2025-05,macro_southerly_flow,13.46540404040404,0.4654040404040405,13,true,-0.4843559243290354,1.4151640051371164,1,true,false,false,true,0.4654040404040405,-0.9497599647330759,EXPERIMENT_ONLY
2025-05-02,22:00,test,2025,2025,13,11.66301022226798,1.33698977773202,13,12,false,2025,2025-05,macro_southerly_flow,13.46540404040404,0.4654040404040405,13,true,-0.8715857373279796,1.8023938181360606,1,true,false,false,true,0.4654040404040405,-1.33698977773202,EXPERIMENT_ONLY
2025-05-02,23:00,test,2025,2025,13,11.733883742479646,1.2661162575203537,13,12,false,2025,2025-05,macro_southerly_flow,13.46540404040404,0.4654040404040405,13,true,-0.8007122171163132,1.7315202979243942,1,true,false,false,true,0.4654040404040405,-1.2661162575203537,EXPERIMENT_ONLY
2025-05-03,20:00,test,2025,2025,14,14.793836930312294,0.7938369303122936,14,15,false,2025,2025-05,macro_southerly_flow,15.99553872053872,1.99553872053872,16,false,1.2017017902264264,1.2017017902264264,0,false,true,false,false,1.99553872053872,0.7938369303122936,EXPERIMENT_ONLY
2025-05-03,21:00,test,2025,2025,14,14.858549144689976,0.8585491446899756,14,15,false,2025,2025-05,macro_southerly_flow,15.99553872053872,1.99553872053872,16,false,1.1369895758487445,1.1369895758487445,0,false,true,false,false,1.99553872053872,0.8585491446899756,EXPERIMENT_ONLY
2025-05-03,22:00,test,2025,2025,14,14.480868168929488,0.48086816892948825,14,14,true,2025,2025-05,macro_southerly_flow,15.99553872053872,1.99553872053872,16,false,1.5146705516092318,1.5146705516092318,-1,false,true,true,false,1.99553872053872,0.48086816892948825,EXPERIMENT_ONLY
2025-05-03,23:00,test,2025,2025,14,14.88940452367826,0.8894045236782606,14,15,false,2025,2025-05,macro_southerly_flow,15.99553872053872,1.99553872053872,16,false,1.1061341968604594,1.1061341968604594,0,false,true,false,false,1.99553872053872,0.8894045236782606,EXPERIMENT_ONLY
2025-05-04,20:00,test,2025,2025,14,14.303855272177215,0.30385527217721453,14,14,true,2025,2025-05,macro_non_southerly,14.503030303030302,0.503030303030302,15,false,0.19917503085308752,0.19917503085308752,-1,false,true,true,false,0.503030303030302,0.30385527217721453,EXPERIMENT_ONLY
2025-05-04,21:00,test,2025,2025,14,13.513743267734924,0.48625673226507615,14,14,true,2025,2025-05,macro_southerly_flow,14.503030303030302,0.503030303030302,15,false,0.016773570765225898,0.9892870352953782,-1,false,true,true,false,0.503030303030302,-0.48625673226507615,EXPERIMENT_ONLY
2025-05-04,22:00,test,2025,2025,14,13.812605387890788,0.1873946121092125,14,14,true,2025,2025-05,macro_non_southerly,14.503030303030302,0.503030303030302,15,false,0.31563569092108956,0.6904249151395145,-1,false,true,true,false,0.503030303030302,-0.1873946121092125,EXPERIMENT_ONLY
2025-05-04,23:00,test,2025,2025,14,13.376339931839563,0.6236600681604365,14,13,false,2025,2025-05,macro_southerly_flow,14.503030303030302,0.503030303030302,15,false,-0.12062976513013446,1.1266903711907386,0,true,false,false,false,0.503030303030302,-0.6236600681604365,EXPERIMENT_ONLY
2025-05-05,20:00,test,2025,2025,15,13.764279769159714,1.2357202308402861,15,14,false,2025,2025-05,macro_non_southerly,15.078367003367003,0.07836700336700275,15,true,-1.1573532274732834,1.314087234207289,1,true,false,false,true,0.07836700336700275,-1.2357202308402861,EXPERIMENT_ONLY
2025-05-05,21:00,test,2025,2025,15,14.467616017927106,0.5323839820728935,15,14,false,2025,2025-05,macro_non_southerly,15.078367003367003,0.07836700336700275,15,true,-0.45401697870589075,0.6107509854398963,1,true,false,false,true,0.07836700336700275,-0.5323839820728935,EXPERIMENT_ONLY
2025-05-05,22:00,test,2025,2025,15,15.032317260085817,0.03231726008581681,15,15,true,2025,2025-05,macro_non_southerly,15.078367003367003,0.07836700336700275,15,true,0.04604974328118594,0.04604974328118594,0,false,true,false,false,0.07836700336700275,0.03231726008581681,EXPERIMENT_ONLY
2025-05-05,23:00,test,2025,2025,15,15.434773779465328,0.4347737794653277,15,15,true,2025,2025-05,macro_non_southerly,15.078367003367003,0.07836700336700275,15,true,-0.35640677609832494,-0.35640677609832494,0,true,false,false,false,0.07836700336700275,0.4347737794653277,EXPERIMENT_ONLY
2025-05-06,20:00,test,2025,2025,15,15.802103207533344,0.8021032075333441,15,16,false,2025,2025-05,macro_non_southerly,16.38459595959596,1.3845959595959592,16,false,0.5824927520626151,0.5824927520626151,0,false,true,false,false,1.3845959595959592,0.8021032075333441,EXPERIMENT_ONLY
2025-05-06,21:00,test,2025,2025,15,15.901226440839002,0.901226440839002,15,16,false,2025,2025-05,macro_non_southerly,16.38459595959596,1.3845959595959592,16,false,0.4833695187569571,0.4833695187569571,0,false,true,false,false,1.3845959595959592,0.901226440839002,EXPERIMENT_ONLY
2025-05-06,22:00,test,2025,2025,15,15.992204367370968,0.9922043673709684,15,16,false,2025,2025-05,macro_non_southerly,16.38459595959596,1.3845959595959592,16,false,0.39239159222499076,0.39239159222499076,0,false,true,false,false,1.3845959595959592,0.9922043673709684,EXPERIMENT_ONLY
2025-05-06,23:00,test,2025,2025,15,16.29523824534,1.2952382453399984,15,16,false,2025,2025-05,macro_non_southerly,16.38459595959596,1.3845959595959592,16,false,0.08935771425596073,0.08935771425596073,0,false,true,false,false,1.3845959595959592,1.2952382453399984,EXPERIMENT_ONLY
2025-05-07,20:00,test,2025,2025,18,17.698502040911936,0.30149795908806354,18,18,true,2025,2025-05,macro_non_southerly,17.338973063973064,0.6610269360269356,17,false,0.3595289769388721,-0.3595289769388721,-1,false,true,true,false,-0.6610269360269356,-0.30149795908806354,EXPERIMENT_ONLY
2025-05-07,21:00,test,2025,2025,18,17.79199340123678,0.20800659876321959,18,18,true,2025,2025-05,macro_non_southerly,17.338973063973064,0.6610269360269356,17,false,0.45302033726371604,-0.45302033726371604,-1,false,true,true,false,-0.6610269360269356,-0.20800659876321959,EXPERIMENT_ONLY
2025-05-07,22:00,test,2025,2025,18,17.557638098905468,0.44236190109453233,18,18,true,2025,2025-05,macro_non_southerly,17.338973063973064,0.6610269360269356,17,false,0.2186650349324033,-0.2186650349324033,-1,false,true,true,false,-0.6610269360269356,-0.44236190109453233,EXPERIMENT_ONLY
2025-05-07,23:00,test,2025,2025,18,17.691905607879274,0.30809439212072576,18,18,true,2025,2025-05,macro_non_southerly,17.338973063973064,0.6610269360269356,17,false,0.3529325439062099,-0.3529325439062099,-1,false,true,true,false,-0.6610269360269356,-0.30809439212072576,EXPERIMENT_ONLY
2025-05-08,20:00,test,2025,2025,18,18.616963223515615,0.6169632235156151,18,19,false,2025,2025-05,macro_non_southerly,17.616498316498316,0.38350168350168445,18,true,-0.2334615400139306,-1.0004649070172995,1,true,false,false,true,-0.38350168350168445,0.6169632235156151,EXPERIMENT_ONLY
2025-05-08,21:00,test,2025,2025,18,18.782625711295015,0.7826257112950152,18,19,false,2025,2025-05,macro_non_southerly,17.616498316498316,0.38350168350168445,18,true,-0.3991240277933308,-1.1661273947966997,1,true,false,false,true,-0.38350168350168445,0.7826257112950152,EXPERIMENT_ONLY
2025-05-08,22:00,test,2025,2025,18,18.445270670408366,0.445270670408366,18,18,true,2025,2025-05,macro_non_southerly,17.616498316498316,0.38350168350168445,18,true,-0.06176898690668153,-0.8287723539100504,0,true,false,false,false,-0.38350168350168445,0.445270670408366,EXPERIMENT_ONLY
2025-05-08,23:00,test,2025,2025,18,18.55112851246534,0.5511285124653398,18,19,false,2025,2025-05,macro_non_southerly,17.616498316498316,0.38350168350168445,18,true,-0.16762682896365533,-0.9346301959670242,1,true,false,false,true,-0.38350168350168445,0.5511285124653398,EXPERIMENT_ONLY
2025-05-09,20:00,test,2025,2025,18,18.31491505588471,0.31491505588471114,18,18,true,2025,2025-05,macro_non_southerly,17.949410774410776,0.050589225589224185,18,true,-0.26432583029548695,-0.3655042814739353,0,true,false,false,false,-0.050589225589224185,0.31491505588471114,EXPERIMENT_ONLY
2025-05-09,21:00,test,2025,2025,18,18.276049467160817,0.27604946716081713,18,18,true,2025,2025-05,macro_non_southerly,17.949410774410776,0.050589225589224185,18,true,-0.22546024157159295,-0.3266386927500413,0,true,false,false,false,-0.050589225589224185,0.27604946716081713,EXPERIMENT_ONLY
2025-05-09,22:00,test,2025,2025,18,17.666097013510054,0.3339029864899459,18,18,true,2025,2025-05,macro_non_southerly,17.949410774410776,0.050589225589224185,18,true,-0.2833137609007217,0.2833137609007217,0,true,false,false,false,-0.050589225589224185,-0.3339029864899459,EXPERIMENT_ONLY
2025-05-09,23:00,test,2025,2025,18,17.703004072482248,0.2969959275177523,18,18,true,2025,2025-05,macro_non_southerly,17.949410774410776,0.050589225589224185,18,true,-0.2464067019285281,0.2464067019285281,0,true,false,false,false,-0.050589225589224185,-0.2969959275177523,EXPERIMENT_ONLY
2025-05-10,20:00,test,2025,2025,16,14.67514144886247,1.3248585511375293,16,15,false,2025,2025-05,macro_southerly_flow,15.15361952861953,0.8463804713804706,15,false,-0.4784780797570587,0.4784780797570587,0,true,false,false,false,-0.8463804713804706,-1.3248585511375293,EXPERIMENT_ONLY
2025-05-10,21:00,test,2025,2025,16,15.174387319110847,0.8256126808891526,16,15,false,2025,2025-05,macro_southerly_flow,15.15361952861953,0.8463804713804706,15,false,0.02076779049131794,-0.02076779049131794,0,false,true,false,false,-0.8463804713804706,-0.8256126808891526,EXPERIMENT_ONLY
2025-05-10,22:00,test,2025,2025,16,14.9830149803833,1.0169850196166994,16,15,false,2025,2025-05,macro_southerly_flow,15.15361952861953,0.8463804713804706,15,false,-0.17060454823622884,0.17060454823622884,0,true,false,false,false,-0.8463804713804706,-1.0169850196166994,EXPERIMENT_ONLY
2025-05-10,23:00,test,2025,2025,16,15.552013701299542,0.44798629870045836,16,16,true,2025,2025-05,macro_southerly_flow,15.15361952861953,0.8463804713804706,15,false,0.3983941726800122,-0.3983941726800122,-1,false,true,true,false,-0.8463804713804706,-0.44798629870045836,EXPERIMENT_ONLY
2025-05-11,20:00,test,2025,2025,15,15.236216096832884,0.2362160968328837,15,15,true,2025,2025-05,macro_non_southerly,16.0770202020202,1.0770202020202007,16,false,0.840804105187317,0.840804105187317,-1,false,true,true,false,1.0770202020202007,0.2362160968328837,EXPERIMENT_ONLY
2025-05-11,21:00,test,2025,2025,15,15.49048777320529,0.4904877732052899,15,15,true,2025,2025-05,macro_non_southerly,16.0770202020202,1.0770202020202007,16,false,0.5865324288149107,0.5865324288149107,-1,false,true,true,false,1.0770202020202007,0.4904877732052899,EXPERIMENT_ONLY
2025-05-11,22:00,test,2025,2025,15,16.022827552097187,1.022827552097187,15,16,false,2025,2025-05,macro_non_southerly,16.0770202020202,1.0770202020202007,16,false,0.05419264992301365,0.05419264992301365,0,false,true,false,false,1.0770202020202007,1.022827552097187,EXPERIMENT_ONLY
2025-05-11,23:00,test,2025,2025,15,16.127934954792355,1.1279349547923552,15,16,false,2025,2025-05,macro_non_southerly,16.0770202020202,1.0770202020202007,16,false,-0.050914752772154515,-0.050914752772154515,0,true,false,false,false,1.0770202020202007,1.1279349547923552,EXPERIMENT_ONLY
2025-05-12,20:00,test,2025,2025,17,16.922212255729423,0.07778774427057655,17,17,true,2025,2025-05,macro_non_southerly,16.25892255892256,0.7410774410774401,16,false,0.6632896968068636,-0.6632896968068636,-1,false,true,true,false,-0.7410774410774401,-0.07778774427057655,EXPERIMENT_ONLY
2025-05-12,21:00,test,2025,2025,17,16.972618509792802,0.0273814902071976,17,17,true,2025,2025-05,macro_non_southerly,16.25892255892256,0.7410774410774401,16,false,0.7136959508702425,-0.7136959508702425,-1,false,true,true,false,-0.7410774410774401,-0.0273814902071976,EXPERIMENT_ONLY
2025-05-12,22:00,test,2025,2025,17,17.168065487089162,0.16806548708916225,17,17,true,2025,2025-05,macro_non_southerly,16.25892255892256,0.7410774410774401,16,false,0.5730119539882779,-0.9091429281666024,-1,false,true,true,false,-0.7410774410774401,0.16806548708916225,EXPERIMENT_ONLY
2025-05-12,23:00,test,2025,2025,17,17.468782046014283,0.4687820460142831,17,17,true,2025,2025-05,macro_non_southerly,16.25892255892256,0.7410774410774401,16,false,0.27229539506315703,-1.2098594870917232,-1,false,true,true,false,-0.7410774410774401,0.4687820460142831,EXPERIMENT_ONLY
2025-05-13,20:00,test,2025,2025,17,17.162462909960176,0.1624629099601762,17,17,true,2025,2025-05,macro_non_southerly,17.146969696969695,0.14696969696969475,17,true,-0.015493212990481453,-0.015493212990481453,0,true,false,false,false,0.14696969696969475,0.1624629099601762,EXPERIMENT_ONLY
2025-05-13,21:00,test,2025,2025,17,17.151381272330045,0.1513812723300454,17,17,true,2025,2025-05,macro_non_southerly,17.146969696969695,0.14696969696969475,17,true,-0.004411575360350639,-0.004411575360350639,0,true,false,false,false,0.14696969696969475,0.1513812723300454,EXPERIMENT_ONLY
2025-05-13,22:00,test,2025,2025,17,16.936034709191922,0.06396529080807767,17,17,true,2025,2025-05,macro_non_southerly,17.146969696969695,0.14696969696969475,17,true,0.08300440616161708,0.21093498777777242,0,false,true,false,false,0.14696969696969475,-0.06396529080807767,EXPERIMENT_ONLY
2025-05-13,23:00,test,2025,2025,17,17.10364986104479,0.10364986104479001,17,17,true,2025,2025-05,macro_non_southerly,17.146969696969695,0.14696969696969475,17,true,0.04331983592490474,0.04331983592490474,0,false,true,false,false,0.14696969696969475,0.10364986104479001,EXPERIMENT_ONLY
2025-05-14,20:00,test,2025,2025,15,15.18553110789349,0.1855311078934907,15,15,true,2025,2025-05,macro_southerly_flow,15.630050505050505,0.6300505050505052,16,false,0.4445193971570145,0.4445193971570145,-1,false,true,true,false,0.6300505050505052,0.1855311078934907,EXPERIMENT_ONLY
2025-05-14,21:00,test,2025,2025,15,15.540618491823606,0.5406184918236061,15,16,false,2025,2025-05,macro_southerly_flow,15.630050505050505,0.6300505050505052,16,false,0.08943201322689909,0.08943201322689909,0,false,true,false,false,0.6300505050505052,0.5406184918236061,EXPERIMENT_ONLY
2025-05-14,22:00,test,2025,2025,15,16.094733918151633,1.0947339181516327,15,16,false,2025,2025-05,macro_non_southerly,15.630050505050505,0.6300505050505052,16,false,-0.4646834131011275,-0.4646834131011275,0,true,false,false,false,0.6300505050505052,1.0947339181516327,EXPERIMENT_ONLY
2025-05-14,23:00,test,2025,2025,15,16.531691409693575,1.5316914096935754,15,17,false,2025,2025-05,macro_non_southerly,15.630050505050505,0.6300505050505052,16,false,-0.9016409046430702,-0.9016409046430702,0,true,false,false,false,0.6300505050505052,1.5316914096935754,EXPERIMENT_ONLY
2025-05-15,20:00,test,2025,2025,16,16.649237756225077,0.6492377562250766,16,17,false,2025,2025-05,macro_non_southerly,16.162205387205386,0.16220538720538613,16,true,-0.4870323690196905,-0.4870323690196905,1,true,false,false,true,0.16220538720538613,0.6492377562250766,EXPERIMENT_ONLY
2025-05-15,21:00,test,2025,2025,16,16.681447356110127,0.6814473561101266,16,17,false,2025,2025-05,macro_non_southerly,16.162205387205386,0.16220538720538613,16,true,-0.5192419689047405,-0.5192419689047405,1,true,false,false,true,0.16220538720538613,0.6814473561101266,EXPERIMENT_ONLY
2025-05-15,22:00,test,2025,2025,16,16.27047957914169,0.2704795791416892,16,16,true,2025,2025-05,macro_non_southerly,16.162205387205386,0.16220538720538613,16,true,-0.10827419193630305,-0.10827419193630305,0,true,false,false,false,0.16220538720538613,0.2704795791416892,EXPERIMENT_ONLY
2025-05-15,23:00,test,2025,2025,16,16.514460568937487,0.514460568937487,16,17,false,2025,2025-05,macro_non_southerly,16.162205387205386,0.16220538720538613,16,true,-0.3522551817321009,-0.3522551817321009,1,true,false,false,true,0.16220538720538613,0.514460568937487,EXPERIMENT_ONLY
2025-05-16,20:00,test,2025,2025,19,18.594732725493774,0.405267274506226,19,19,true,2025,2025-05,macro_non_southerly,18.314646464646465,0.6853535353535349,18,false,0.2800862608473089,-0.2800862608473089,-1,false,true,true,false,-0.6853535353535349,-0.405267274506226,EXPERIMENT_ONLY
2025-05-16,21:00,test,2025,2025,19,18.821499285263442,0.1785007147365576,19,19,true,2025,2025-05,macro_non_southerly,18.314646464646465,0.6853535353535349,18,false,0.5068528206169773,-0.5068528206169773,-1,false,true,true,false,-0.6853535353535349,-0.1785007147365576,EXPERIMENT_ONLY
2025-05-16,22:00,test,2025,2025,19,18.81938879751075,0.18061120248924922,19,19,true,2025,2025-05,macro_non_southerly,18.314646464646465,0.6853535353535349,18,false,0.5047423328642857,-0.5047423328642857,-1,false,true,true,false,-0.6853535353535349,-0.18061120248924922,EXPERIMENT_ONLY
2025-05-16,23:00,test,2025,2025,19,19.016251318599892,0.016251318599891817,19,19,true,2025,2025-05,macro_non_southerly,18.314646464646465,0.6853535353535349,18,false,0.6691022167536431,-0.7016048539534268,-1,false,true,true,false,-0.6853535353535349,0.016251318599891817,EXPERIMENT_ONLY
2025-05-17,20:00,test,2025,2025,18,18.459195865452447,0.45919586545244684,18,18,true,2025,2025-05,macro_non_southerly,17.684764309764308,0.3152356902356921,18,true,-0.14396017521675475,-0.7744315556881389,0,true,false,false,false,-0.3152356902356921,0.45919586545244684,EXPERIMENT_ONLY
2025-05-17,21:00,test,2025,2025,18,18.464900696751748,0.46490069675174794,18,18,true,2025,2025-05,macro_non_southerly,17.684764309764308,0.3152356902356921,18,true,-0.14966500651605585,-0.78013638698744,0,true,false,false,false,-0.3152356902356921,0.46490069675174794,EXPERIMENT_ONLY
2025-05-17,22:00,test,2025,2025,18,18.13487294399978,0.13487294399978111,18,18,true,2025,2025-05,macro_non_southerly,17.684764309764308,0.3152356902356921,18,true,0.18036274623591098,-0.4501086342354732,0,false,true,false,false,-0.3152356902356921,0.13487294399978111,EXPERIMENT_ONLY
2025-05-17,23:00,test,2025,2025,18,18.304290429148832,0.304290429148832,18,18,true,2025,2025-05,macro_non_southerly,17.684764309764308,0.3152356902356921,18,true,0.010945261086860114,-0.6195261193845241,0,false,true,false,false,-0.3152356902356921,0.304290429148832,EXPERIMENT_ONLY
2025-05-18,20:00,test,2025,2025,18,18.46489619430142,0.4648961943014207,18,18,true,2025,2025-05,macro_non_southerly,18.175757575757576,0.17575757575757578,18,true,-0.2891386185438449,-0.2891386185438449,0,true,false,false,false,0.17575757575757578,0.4648961943014207,EXPERIMENT_ONLY
2025-05-18,21:00,test,2025,2025,18,18.2563343965713,0.25633439657130097,18,18,true,2025,2025-05,macro_non_southerly,18.175757575757576,0.17575757575757578,18,true,-0.08057682081372519,-0.08057682081372519,0,true,false,false,false,0.17575757575757578,0.25633439657130097,EXPERIMENT_ONLY
2025-05-18,22:00,test,2025,2025,18,17.735858238309568,0.264141761690432,18,18,true,2025,2025-05,macro_non_southerly,18.175757575757576,0.17575757575757578,18,true,-0.08838418593285624,0.4398993374480078,0,true,false,false,false,0.17575757575757578,-0.264141761690432,EXPERIMENT_ONLY
2025-05-18,23:00,test,2025,2025,18,17.67646720229994,0.3235327977000608,18,18,true,2025,2025-05,macro_non_southerly,18.175757575757576,0.17575757575757578,18,true,-0.14777522194248505,0.4992903734576366,0,true,false,false,false,0.17575757575757578,-0.3235327977000608,EXPERIMENT_ONLY
2025-05-19,20:00,test,2025,2025,12,12.866352294212554,0.8663522942125539,12,13,false,2025,2025-05,macro_southerly_flow,13.700925925925926,1.700925925925926,14,false,0.8345736317133721,0.8345736317133721,0,false,true,false,false,1.700925925925926,0.8663522942125539,EXPERIMENT_ONLY
2025-05-19,21:00,test,2025,2025,12,12.655424046919967,0.6554240469199666,12,13,false,2025,2025-05,macro_southerly_flow,13.700925925925926,1.700925925925926,14,false,1.0455018790059594,1.0455018790059594,0,false,true,false,false,1.700925925925926,0.6554240469199666,EXPERIMENT_ONLY
2025-05-19,22:00,test,2025,2025,12,12.005175491703278,0.0051754917032784675,12,12,true,2025,2025-05,macro_southerly_flow,13.700925925925926,1.700925925925926,14,false,1.6957504342226475,1.6957504342226475,-1,false,true,true,false,1.700925925925926,0.0051754917032784675,EXPERIMENT_ONLY
2025-05-19,23:00,test,2025,2025,12,11.908785427094706,0.09121457290529378,12,12,true,2025,2025-05,macro_southerly_flow,13.700925925925926,1.700925925925926,14,false,1.6097113530206322,1.7921404988312197,-1,false,true,true,false,1.700925925925926,-0.09121457290529378,EXPERIMENT_ONLY
2025-05-20,20:00,test,2025,2025,15,14.43737928846321,0.5626207115367894,15,14,false,2025,2025-05,macro_non_southerly,14.927020202020202,0.07297979797979792,15,true,-0.48964091355699146,0.48964091355699146,1,true,false,false,true,-0.07297979797979792,-0.5626207115367894,EXPERIMENT_ONLY
2025-05-20,21:00,test,2025,2025,15,14.661913539801679,0.3380864601983209,15,15,true,2025,2025-05,macro_non_southerly,14.927020202020202,0.07297979797979792,15,true,-0.26510666221852297,0.26510666221852297,0,true,false,false,false,-0.07297979797979792,-0.3380864601983209,EXPERIMENT_ONLY
2025-05-20,22:00,test,2025,2025,15,14.723677866541557,0.2763221334584429,15,15,true,2025,2025-05,macro_non_southerly,14.927020202020202,0.07297979797979792,15,true,-0.203342335478645,0.203342335478645,0,true,false,false,false,-0.07297979797979792,-0.2763221334584429,EXPERIMENT_ONLY
2025-05-20,23:00,test,2025,2025,15,14.821469670986787,0.17853032901321342,15,15,true,2025,2025-05,macro_non_southerly,14.927020202020202,0.07297979797979792,15,true,-0.1055505310334155,0.1055505310334155,0,true,false,false,false,-0.07297979797979792,-0.17853032901321342,EXPERIMENT_ONLY
2025-05-21,20:00,test,2025,2025,15,14.385228590694984,0.6147714093050158,15,14,false,2025,2025-05,macro_southerly_flow,14.710016835016836,0.28998316498316434,15,true,-0.3247882443218515,0.3247882443218515,1,true,false,false,true,-0.28998316498316434,-0.6147714093050158,EXPERIMENT_ONLY
2025-05-21,21:00,test,2025,2025,15,14.88366901165732,0.11633098834268019,15,15,true,2025,2025-05,macro_southerly_flow,14.710016835016836,0.28998316498316434,15,true,0.17365217664048416,-0.17365217664048416,0,false,true,false,false,-0.28998316498316434,-0.11633098834268019,EXPERIMENT_ONLY
2025-05-21,22:00,test,2025,2025,15,14.724012074611336,0.2759879253886641,15,15,true,2025,2025-05,macro_southerly_flow,14.710016835016836,0.28998316498316434,15,true,0.01399523959450022,-0.01399523959450022,0,false,true,false,false,-0.28998316498316434,-0.2759879253886641,EXPERIMENT_ONLY
2025-05-21,23:00,test,2025,2025,15,15.030550084522035,0.030550084522035448,15,15,true,2025,2025-05,macro_southerly_flow,14.710016835016836,0.28998316498316434,15,true,0.2594330804611289,-0.3205332495051998,0,false,true,false,false,-0.28998316498316434,0.030550084522035448,EXPERIMENT_ONLY
2025-05-22,20:00,test,2025,2025,16,15.48625018123879,0.5137498187612106,16,15,false,2025,2025-05,macro_non_southerly,15.457491582491583,0.5425084175084169,15,false,0.02875859874720632,-0.02875859874720632,0,false,true,false,false,-0.5425084175084169,-0.5137498187612106,EXPERIMENT_ONLY
2025-05-22,21:00,test,2025,2025,16,15.548484595596653,0.4515154044033469,16,16,true,2025,2025-05,macro_non_southerly,15.457491582491583,0.5425084175084169,15,false,0.09099301310507002,-0.09099301310507002,-1,false,true,true,false,-0.5425084175084169,-0.4515154044033469,EXPERIMENT_ONLY
2025-05-22,22:00,test,2025,2025,16,15.443932733825473,0.5560672661745265,16,15,false,2025,2025-05,macro_non_southerly,15.457491582491583,0.5425084175084169,15,false,-0.013558848666109569,0.013558848666109569,0,true,false,false,false,-0.5425084175084169,-0.5560672661745265,EXPERIMENT_ONLY
2025-05-22,23:00,test,2025,2025,16,15.6415955224645,0.3584044775354993,16,16,true,2025,2025-05,macro_non_southerly,15.457491582491583,0.5425084175084169,15,false,0.18410393997291763,-0.18410393997291763,-1,false,true,true,false,-0.5425084175084169,-0.3584044775354993,EXPERIMENT_ONLY
2025-05-23,20:00,test,2025,2025,15,15.744952410653394,0.7449524106533936,15,16,false,2025,2025-05,macro_non_southerly,15.791077441077443,0.7910774410774426,16,false,0.04612503042404903,0.04612503042404903,0,false,true,false,false,0.7910774410774426,0.7449524106533936,EXPERIMENT_ONLY
2025-05-23,21:00,test,2025,2025,15,16.31448541364645,1.3144854136464517,15,16,false,2025,2025-05,macro_non_southerly,15.791077441077443,0.7910774410774426,16,false,-0.5234079725690091,-0.5234079725690091,0,true,false,false,false,0.7910774410774426,1.3144854136464517,EXPERIMENT_ONLY
2025-05-23,22:00,test,2025,2025,15,16.364716981863694,1.364716981863694,15,16,false,2025,2025-05,macro_non_southerly,15.791077441077443,0.7910774410774426,16,false,-0.5736395407862513,-0.5736395407862513,0,true,false,false,false,0.7910774410774426,1.364716981863694,EXPERIMENT_ONLY
2025-05-23,23:00,test,2025,2025,15,16.498953031335116,1.498953031335116,15,16,false,2025,2025-05,macro_non_southerly,15.791077441077443,0.7910774410774426,16,false,-0.7078755902576734,-0.7078755902576734,0,true,false,false,false,0.7910774410774426,1.498953031335116,EXPERIMENT_ONLY
2025-05-24,20:00,test,2025,2025,16,16.50272903565163,0.5027290356516296,16,17,false,2025,2025-05,macro_non_southerly,15.989646464646462,0.01035353535353778,16,true,-0.49237550029809185,-0.5130825710051674,1,true,false,false,true,-0.01035353535353778,0.5027290356516296,EXPERIMENT_ONLY
2025-05-24,21:00,test,2025,2025,16,16.732288497855563,0.7322884978555635,16,17,false,2025,2025-05,macro_non_southerly,15.989646464646462,0.01035353535353778,16,true,-0.7219349625020257,-0.7426420332091013,1,true,false,false,true,-0.01035353535353778,0.7322884978555635,EXPERIMENT_ONLY
2025-05-24,22:00,test,2025,2025,16,16.83224538254792,0.8322453825479208,16,17,false,2025,2025-05,macro_non_southerly,15.989646464646462,0.01035353535353778,16,true,-0.821891847194383,-0.8425989179014586,1,true,false,false,true,-0.01035353535353778,0.8322453825479208,EXPERIMENT_ONLY
2025-05-24,23:00,test,2025,2025,16,17.2592653648711,1.2592653648711014,16,17,false,2025,2025-05,macro_non_southerly,15.989646464646462,0.01035353535353778,16,true,-1.2489118295175636,-1.2696189002246392,1,true,false,false,true,-0.01035353535353778,1.2592653648711014,EXPERIMENT_ONLY
2025-05-25,20:00,test,2025,2025,17,16.983501366556574,0.01649863344342606,17,17,true,2025,2025-05,macro_non_southerly,16.728114478114477,0.2718855218855225,17,true,0.25538688844209645,-0.25538688844209645,0,false,true,false,false,-0.2718855218855225,-0.01649863344342606,EXPERIMENT_ONLY
2025-05-25,21:00,test,2025,2025,17,17.005352599022725,0.005352599022725002,17,17,true,2025,2025-05,macro_non_southerly,16.728114478114477,0.2718855218855225,17,true,0.2665329228627975,-0.2772381209082475,0,false,true,false,false,-0.2718855218855225,0.005352599022725002,EXPERIMENT_ONLY
2025-05-25,22:00,test,2025,2025,17,16.62776918082803,0.3722308191719712,17,17,true,2025,2025-05,macro_non_southerly,16.728114478114477,0.2718855218855225,17,true,-0.1003452972864487,0.1003452972864487,0,true,false,false,false,-0.2718855218855225,-0.3722308191719712,EXPERIMENT_ONLY
2025-05-25,23:00,test,2025,2025,17,16.832539918587848,0.16746008141215185,17,17,true,2025,2025-05,macro_non_southerly,16.728114478114477,0.2718855218855225,17,true,0.10442544047337066,-0.10442544047337066,0,false,true,false,false,-0.2718855218855225,-0.16746008141215185,EXPERIMENT_ONLY
2025-05-26,20:00,test,2025,2025,17,17.896644677072466,0.8966446770724659,17,18,false,2025,2025-05,macro_non_southerly,16.82853535353535,0.1714646464646492,17,true,-0.7251800306078167,-1.068109323537115,1,true,false,false,true,-0.1714646464646492,0.8966446770724659,EXPERIMENT_ONLY
2025-05-26,21:00,test,2025,2025,17,17.33360744729407,0.3336074472940709,17,17,true,2025,2025-05,macro_non_southerly,16.82853535353535,0.1714646464646492,17,true,-0.16214280082942167,-0.5050720937587201,0,true,false,false,false,-0.1714646464646492,0.3336074472940709,EXPERIMENT_ONLY
2025-05-26,22:00,test,2025,2025,17,16.668471440566066,0.33152855943393433,17,17,true,2025,2025-05,macro_non_southerly,16.82853535353535,0.1714646464646492,17,true,-0.16006391296928513,0.16006391296928513,0,true,false,false,false,-0.1714646464646492,-0.33152855943393433,EXPERIMENT_ONLY
2025-05-26,23:00,test,2025,2025,17,16.612044495355875,0.3879555046441254,17,17,true,2025,2025-05,macro_non_southerly,16.82853535353535,0.1714646464646492,17,true,-0.21649085817947622,0.21649085817947622,0,true,false,false,false,-0.1714646464646492,-0.3879555046441254,EXPERIMENT_ONLY
2025-05-27,20:00,test,2025,2025,17,17.5087830138458,0.5087830138458003,17,18,false,2025,2025-05,macro_non_southerly,16.62845117845118,0.37154882154882074,17,true,-0.13723419229697953,-0.880331835394621,1,true,false,false,true,-0.37154882154882074,0.5087830138458003,EXPERIMENT_ONLY
2025-05-27,21:00,test,2025,2025,17,17.56946029672241,0.5694602967224114,17,18,false,2025,2025-05,macro_non_southerly,16.62845117845118,0.37154882154882074,17,true,-0.19791147517359065,-0.9410091182712321,1,true,false,false,true,-0.37154882154882074,0.5694602967224114,EXPERIMENT_ONLY
2025-05-27,22:00,test,2025,2025,17,17.248497909500948,0.24849790950094786,17,17,true,2025,2025-05,macro_non_southerly,16.62845117845118,0.37154882154882074,17,true,0.12305091204787288,-0.6200467310497686,0,false,true,false,false,-0.37154882154882074,0.24849790950094786,EXPERIMENT_ONLY
2025-05-27,23:00,test,2025,2025,17,17.6900222561759,0.6900222561759008,17,18,false,2025,2025-05,macro_non_southerly,16.62845117845118,0.37154882154882074,17,true,-0.3184734346270801,-1.0615710777247216,1,true,false,false,true,-0.37154882154882074,0.6900222561759008,EXPERIMENT_ONLY
2025-05-28,20:00,test,2025,2025,17,16.971294682604217,0.02870531739578297,17,17,true,2025,2025-05,macro_non_southerly,17.106902356902356,0.10690235690235639,17,true,0.07819703950657342,0.13560767429813936,0,false,true,false,false,0.10690235690235639,-0.02870531739578297,EXPERIMENT_ONLY
2025-05-28,21:00,test,2025,2025,17,17.032904528677562,0.03290452867756244,17,17,true,2025,2025-05,macro_non_southerly,17.106902356902356,0.10690235690235639,17,true,0.07399782822479395,0.07399782822479395,0,false,true,false,false,0.10690235690235639,0.03290452867756244,EXPERIMENT_ONLY
2025-05-28,22:00,test,2025,2025,17,17.045065027878145,0.04506502787814526,17,17,true,2025,2025-05,macro_non_southerly,17.106902356902356,0.10690235690235639,17,true,0.06183732902421113,0.06183732902421113,0,false,true,false,false,0.10690235690235639,0.04506502787814526,EXPERIMENT_ONLY
2025-05-28,23:00,test,2025,2025,17,17.217893738592355,0.2178937385923554,17,17,true,2025,2025-05,macro_non_southerly,17.106902356902356,0.10690235690235639,17,true,-0.110991381689999,-0.110991381689999,0,true,false,false,false,0.10690235690235639,0.2178937385923554,EXPERIMENT_ONLY
2025-05-29,20:00,test,2025,2025,16,16.20391194400106,0.20391194400106016,16,16,true,2025,2025-05,macro_non_southerly,15.988720538720537,0.011279461279462666,16,true,-0.1926324827215975,-0.21519140528052283,0,true,false,false,false,-0.011279461279462666,0.20391194400106016,EXPERIMENT_ONLY
2025-05-29,21:00,test,2025,2025,16,16.297269497565406,0.29726949756540577,16,16,true,2025,2025-05,macro_non_southerly,15.988720538720537,0.011279461279462666,16,true,-0.2859900362859431,-0.30854895884486844,0,true,false,false,false,-0.011279461279462666,0.29726949756540577,EXPERIMENT_ONLY
2025-05-29,22:00,test,2025,2025,16,15.805597206197923,0.1944027938020767,16,16,true,2025,2025-05,macro_non_southerly,15.988720538720537,0.011279461279462666,16,true,-0.18312333252261404,0.18312333252261404,0,true,false,false,false,-0.011279461279462666,-0.1944027938020767,EXPERIMENT_ONLY
2025-05-29,23:00,test,2025,2025,16,15.947703043608934,0.05229695639106602,16,16,true,2025,2025-05,macro_non_southerly,15.988720538720537,0.011279461279462666,16,true,-0.04101749511160335,0.04101749511160335,0,true,false,false,false,-0.011279461279462666,-0.05229695639106602,EXPERIMENT_ONLY
2025-05-30,20:00,test,2025,2025,18,15.25058051667073,2.7494194833292696,18,15,false,2025,2025-05,macro_southerly_flow,16.422895622895624,1.5771043771043765,16,false,-1.172315106224893,1.172315106224893,0,true,false,false,false,-1.5771043771043765,-2.7494194833292696,EXPERIMENT_ONLY
2025-05-30,21:00,test,2025,2025,18,15.723564736815817,2.276435263184183,18,16,false,2025,2025-05,macro_southerly_flow,16.422895622895624,1.5771043771043765,16,false,-0.6993308860798066,0.6993308860798066,0,true,false,false,false,-1.5771043771043765,-2.276435263184183,EXPERIMENT_ONLY
2025-05-30,22:00,test,2025,2025,18,16.712885037250867,1.2871149627491327,18,17,false,2025,2025-05,macro_non_southerly,16.422895622895624,1.5771043771043765,16,false,0.2899894143552437,-0.2899894143552437,0,false,true,false,false,-1.5771043771043765,-1.2871149627491327,EXPERIMENT_ONLY
2025-05-30,23:00,test,2025,2025,18,16.914197353369595,1.0858026466304054,18,17,false,2025,2025-05,macro_non_southerly,16.422895622895624,1.5771043771043765,16,false,0.4913017304739711,-0.4913017304739711,0,false,true,false,false,-1.5771043771043765,-1.0858026466304054,EXPERIMENT_ONLY
2025-05-31,20:00,test,2025,2025,18,17.906785788856034,0.093214211143966,18,18,true,2025,2025-05,macro_non_southerly,16.612457912457913,1.3875420875420872,17,false,1.2943278763981212,-1.2943278763981212,-1,false,true,true,false,-1.3875420875420872,-0.093214211143966,EXPERIMENT_ONLY
2025-05-31,21:00,test,2025,2025,18,18.00358326310378,0.00358326310378132,18,18,true,2025,2025-05,macro_non_southerly,16.612457912457913,1.3875420875420872,17,false,1.3839588244383059,-1.3911253506458685,-1,false,true,true,false,-1.3875420875420872,0.00358326310378132,EXPERIMENT_ONLY
2025-05-31,22:00,test,2025,2025,18,17.840055085287634,0.15994491471236572,18,18,true,2025,2025-05,macro_non_southerly,16.612457912457913,1.3875420875420872,17,false,1.2275971728297215,-1.2275971728297215,-1,false,true,true,false,-1.3875420875420872,-0.15994491471236572,EXPERIMENT_ONLY
2025-05-31,23:00,test,2025,2025,18,18.082031337247646,0.08203133724764555,18,18,true,2025,2025-05,macro_non_southerly,16.612457912457913,1.3875420875420872,17,false,1.3055107502944416,-1.4695734247897327,-1,false,true,true,false,-1.3875420875420872,0.08203133724764555,EXPERIMENT_ONLY
2025-06-01,20:00,test,2025,2025,15,15.323235792703764,0.32323579270376435,15,15,true,2025,2025-06,macro_non_southerly,14.780505050505052,0.21949494949494763,15,true,-0.10374084320881671,-0.542730742198712,0,true,false,false,false,-0.21949494949494763,0.32323579270376435,EXPERIMENT_ONLY
2025-06-01,21:00,test,2025,2025,15,15.711707607870101,0.7117076078701015,15,16,false,2025,2025-06,macro_non_southerly,14.780505050505052,0.21949494949494763,15,true,-0.4922126583751538,-0.9312025573650491,1,true,false,false,true,-0.21949494949494763,0.7117076078701015,EXPERIMENT_ONLY
2025-06-01,22:00,test,2025,2025,15,15.067753606538103,0.06775360653810303,15,15,true,2025,2025-06,macro_non_southerly,14.780505050505052,0.21949494949494763,15,true,0.1517413429568446,-0.28724855603305066,0,false,true,false,false,-0.21949494949494763,0.06775360653810303,EXPERIMENT_ONLY
2025-06-01,23:00,test,2025,2025,15,15.321688549156166,0.32168854915616585,15,15,true,2025,2025-06,macro_non_southerly,14.780505050505052,0.21949494949494763,15,true,-0.10219359966121822,-0.5411834986511135,0,true,false,false,false,-0.21949494949494763,0.32168854915616585,EXPERIMENT_ONLY
2025-06-02,20:00,test,2025,2025,17,14.77766920447188,2.2223307955281193,17,15,false,2025,2025-06,macro_non_southerly,15.958872053872053,1.041127946127947,16,false,-1.1812028494001723,1.1812028494001723,0,true,false,false,false,-1.041127946127947,-2.2223307955281193,EXPERIMENT_ONLY
2025-06-02,21:00,test,2025,2025,17,15.171485429510359,1.8285145704896415,17,15,false,2025,2025-06,macro_non_southerly,15.958872053872053,1.041127946127947,16,false,-0.7873866243616945,0.7873866243616945,0,true,false,false,false,-1.041127946127947,-1.8285145704896415,EXPERIMENT_ONLY
2025-06-02,22:00,test,2025,2025,17,15.40291182056243,1.59708817943757,17,15,false,2025,2025-06,macro_non_southerly,15.958872053872053,1.041127946127947,16,false,-0.555960233309623,0.555960233309623,0,true,false,false,false,-1.041127946127947,-1.59708817943757,EXPERIMENT_ONLY
2025-06-02,23:00,test,2025,2025,17,15.869594787594567,1.1304052124054333,17,16,false,2025,2025-06,macro_non_southerly,15.958872053872053,1.041127946127947,16,false,-0.08927726627748633,0.08927726627748633,0,true,false,false,false,-1.041127946127947,-1.1304052124054333,EXPERIMENT_ONLY
2025-06-03,20:00,test,2025,2025,16,16.54326416270659,0.5432641627065884,16,17,false,2025,2025-06,macro_non_southerly,15.81080808080808,0.18919191919192002,16,true,-0.35407224351466837,-0.7324560818985084,1,true,false,false,true,-0.18919191919192002,0.5432641627065884,EXPERIMENT_ONLY
2025-06-03,21:00,test,2025,2025,16,16.709209758763095,0.7092097587630946,16,17,false,2025,2025-06,macro_non_southerly,15.81080808080808,0.18919191919192002,16,true,-0.5200178395711745,-0.8984016779550146,1,true,false,false,true,-0.18919191919192002,0.7092097587630946,EXPERIMENT_ONLY
2025-06-03,22:00,test,2025,2025,16,16.515999714836397,0.5159997148363971,16,17,false,2025,2025-06,macro_non_southerly,15.81080808080808,0.18919191919192002,16,true,-0.32680779564447704,-0.7051916340283171,1,true,false,false,true,-0.18919191919192002,0.5159997148363971,EXPERIMENT_ONLY
2025-06-03,23:00,test,2025,2025,16,16.71444794653843,0.7144479465384315,16,17,false,2025,2025-06,macro_non_southerly,15.81080808080808,0.18919191919192002,16,true,-0.5252560273465114,-0.9036398657303515,1,true,false,false,true,-0.18919191919192002,0.7144479465384315,EXPERIMENT_ONLY
2025-06-04,20:00,test,2025,2025,18,17.089919770063503,0.9100802299364972,18,17,false,2025,2025-06,macro_non_southerly,17.71375420875421,0.28624579124578986,18,true,-0.6238344386907073,0.6238344386907073,1,true,false,false,true,-0.28624579124578986,-0.9100802299364972,EXPERIMENT_ONLY
2025-06-04,21:00,test,2025,2025,18,16.678343296335164,1.3216567036648357,18,17,false,2025,2025-06,macro_non_southerly,17.71375420875421,0.28624579124578986,18,true,-1.0354109124190458,1.0354109124190458,1,true,false,false,true,-0.28624579124578986,-1.3216567036648357,EXPERIMENT_ONLY
2025-06-04,22:00,test,2025,2025,18,15.963494475849926,2.0365055241500745,18,16,false,2025,2025-06,macro_non_southerly,17.71375420875421,0.28624579124578986,18,true,-1.7502597329042846,1.7502597329042846,1,true,false,false,true,-0.28624579124578986,-2.0365055241500745,EXPERIMENT_ONLY
2025-06-04,23:00,test,2025,2025,18,16.075540524245778,1.9244594757542224,18,16,false,2025,2025-06,macro_non_southerly,17.71375420875421,0.28624579124578986,18,true,-1.6382136845084325,1.6382136845084325,1,true,false,false,true,-0.28624579124578986,-1.9244594757542224,EXPERIMENT_ONLY
2025-06-05,20:00,test,2025,2025,18,17.973182699492533,0.026817300507467223,18,18,true,2025,2025-06,macro_non_southerly,17.664175084175085,0.33582491582491514,18,true,0.3090076153174479,-0.3090076153174479,0,false,true,false,false,-0.33582491582491514,-0.026817300507467223,EXPERIMENT_ONLY
2025-06-05,21:00,test,2025,2025,18,17.451920080869776,0.5480799191302239,18,17,false,2025,2025-06,macro_southerly_flow,17.664175084175085,0.33582491582491514,18,true,-0.21225500330530878,0.21225500330530878,1,true,false,false,true,-0.33582491582491514,-0.5480799191302239,EXPERIMENT_ONLY
2025-06-05,22:00,test,2025,2025,18,15.795336830132443,2.2046631698675565,18,16,false,2025,2025-06,macro_southerly_flow,17.664175084175085,0.33582491582491514,18,true,-1.8688382540426414,1.8688382540426414,1,true,false,false,true,-0.33582491582491514,-2.2046631698675565,EXPERIMENT_ONLY
2025-06-05,23:00,test,2025,2025,18,15.271723090721528,2.728276909278472,18,15,false,2025,2025-06,macro_non_southerly,17.664175084175085,0.33582491582491514,18,true,-2.392451993453557,2.392451993453557,1,true,false,false,true,-0.33582491582491514,-2.728276909278472,EXPERIMENT_ONLY
2025-06-06,20:00,test,2025,2025,12,13.798360594629454,1.7983605946294539,12,14,false,2025,2025-06,macro_non_southerly,12.522424242424243,0.5224242424242433,13,false,-1.2759363522052105,-1.2759363522052105,0,true,false,false,false,0.5224242424242433,1.7983605946294539,EXPERIMENT_ONLY
2025-06-06,21:00,test,2025,2025,12,13.698862374639306,1.6988623746393063,12,14,false,2025,2025-06,macro_non_southerly,12.522424242424243,0.5224242424242433,13,false,-1.176438132215063,-1.176438132215063,0,true,false,false,false,0.5224242424242433,1.6988623746393063,EXPERIMENT_ONLY
2025-06-06,22:00,test,2025,2025,12,13.400026523015812,1.4000265230158124,12,13,false,2025,2025-06,macro_non_southerly,12.522424242424243,0.5224242424242433,13,false,-0.8776022805915691,-0.8776022805915691,0,true,false,false,false,0.5224242424242433,1.4000265230158124,EXPERIMENT_ONLY
2025-06-06,23:00,test,2025,2025,12,13.175289364997418,1.1752893649974183,12,13,false,2025,2025-06,macro_non_southerly,12.522424242424243,0.5224242424242433,13,false,-0.652865122573175,-0.652865122573175,0,true,false,false,false,0.5224242424242433,1.1752893649974183,EXPERIMENT_ONLY
2025-06-07,20:00,test,2025,2025,11,9.334805584542003,1.6651944154579965,11,9,false,2025,2025-06,macro_southerly_flow,10.872340067340067,0.1276599326599328,11,true,-1.5375344827980637,1.5375344827980637,1,true,false,false,true,-0.1276599326599328,-1.6651944154579965,EXPERIMENT_ONLY
2025-06-07,21:00,test,2025,2025,11,9.220977880721176,1.7790221192788245,11,9,false,2025,2025-06,macro_southerly_flow,10.872340067340067,0.1276599326599328,11,true,-1.6513621866188917,1.6513621866188917,1,true,false,false,true,-0.1276599326599328,-1.7790221192788245,EXPERIMENT_ONLY
2025-06-07,22:00,test,2025,2025,11,8.604854637965499,2.3951453620345013,11,9,false,2025,2025-06,macro_southerly_flow,10.872340067340067,0.1276599326599328,11,true,-2.2674854293745685,2.2674854293745685,1,true,false,false,true,-0.1276599326599328,-2.3951453620345013,EXPERIMENT_ONLY
2025-06-07,23:00,test,2025,2025,11,8.77724409303114,2.2227559069688603,11,9,false,2025,2025-06,macro_southerly_flow,10.872340067340067,0.1276599326599328,11,true,-2.0950959743089275,2.0950959743089275,1,true,false,false,true,-0.1276599326599328,-2.2227559069688603,EXPERIMENT_ONLY
2025-06-08,20:00,test,2025,2025,11,11.472880668839272,0.47288066883927193,11,11,true,2025,2025-06,macro_non_southerly,10.831851851851853,0.1681481481481466,11,true,-0.30473252069112533,-0.6410288169874185,0,true,false,false,false,-0.1681481481481466,0.47288066883927193,EXPERIMENT_ONLY
2025-06-08,21:00,test,2025,2025,11,11.906096050651453,0.9060960506514526,11,12,false,2025,2025-06,macro_non_southerly,10.831851851851853,0.1681481481481466,11,true,-0.737947902503306,-1.0742441987995992,1,true,false,false,true,-0.1681481481481466,0.9060960506514526,EXPERIMENT_ONLY
2025-06-08,22:00,test,2025,2025,11,11.822936662901304,0.822936662901304,11,12,false,2025,2025-06,macro_non_southerly,10.831851851851853,0.1681481481481466,11,true,-0.6547885147531574,-0.9910848110494506,1,true,false,false,true,-0.1681481481481466,0.822936662901304,EXPERIMENT_ONLY
2025-06-08,23:00,test,2025,2025,11,12.096118437844778,1.096118437844778,11,12,false,2025,2025-06,macro_non_southerly,10.831851851851853,0.1681481481481466,11,true,-0.9279702896966313,-1.2642665859929245,1,true,false,false,true,-0.1681481481481466,1.096118437844778,EXPERIMENT_ONLY
2025-06-09,20:00,test,2025,2025,11,11.163350605575786,0.1633506055757863,11,11,true,2025,2025-06,macro_non_southerly,12.119141414141414,1.1191414141414135,12,false,0.9557908085656273,0.9557908085656273,-1,false,true,true,false,1.1191414141414135,0.1633506055757863,EXPERIMENT_ONLY
2025-06-09,21:00,test,2025,2025,11,11.43206501326463,0.43206501326463,11,11,true,2025,2025-06,macro_non_southerly,12.119141414141414,1.1191414141414135,12,false,0.6870764008767836,0.6870764008767836,-1,false,true,true,false,1.1191414141414135,0.43206501326463,EXPERIMENT_ONLY
2025-06-09,22:00,test,2025,2025,11,11.04755896076435,0.04755896076435029,11,11,true,2025,2025-06,macro_non_southerly,12.119141414141414,1.1191414141414135,12,false,1.0715824533770633,1.0715824533770633,-1,false,true,true,false,1.1191414141414135,0.04755896076435029,EXPERIMENT_ONLY
2025-06-09,23:00,test,2025,2025,11,11.18930823557511,0.18930823557511012,11,11,true,2025,2025-06,macro_non_southerly,12.119141414141414,1.1191414141414135,12,false,0.9298331785663034,0.9298331785663034,-1,false,true,true,false,1.1191414141414135,0.18930823557511012,EXPERIMENT_ONLY
2025-06-10,20:00,test,2025,2025,11,11.57132035950006,0.57132035950006,11,12,false,2025,2025-06,macro_southerly_flow,12.592121212121212,1.5921212121212118,13,false,1.0208008526211518,1.0208008526211518,0,false,true,false,false,1.5921212121212118,0.57132035950006,EXPERIMENT_ONLY
2025-06-10,21:00,test,2025,2025,11,11.496922566349017,0.4969225663490171,11,11,true,2025,2025-06,macro_southerly_flow,12.592121212121212,1.5921212121212118,13,false,1.0951986457721947,1.0951986457721947,-1,false,true,true,false,1.5921212121212118,0.4969225663490171,EXPERIMENT_ONLY
2025-06-10,22:00,test,2025,2025,11,11.56954517832352,0.5695451783235193,11,12,false,2025,2025-06,macro_southerly_flow,12.592121212121212,1.5921212121212118,13,false,1.0225760337976926,1.0225760337976926,0,false,true,false,false,1.5921212121212118,0.5695451783235193,EXPERIMENT_ONLY
2025-06-10,23:00,test,2025,2025,11,11.705322131029273,0.7053221310292734,11,12,false,2025,2025-06,macro_southerly_flow,12.592121212121212,1.5921212121212118,13,false,0.8867990810919384,0.8867990810919384,0,false,true,false,false,1.5921212121212118,0.7053221310292734,EXPERIMENT_ONLY
2025-06-11,20:00,test,2025,2025,16,14.835281130344624,1.1647188696553759,16,15,false,2025,2025-06,macro_non_southerly,15.796329966329967,0.20367003367003278,16,true,-0.9610488359853431,0.9610488359853431,1,true,false,false,true,-0.20367003367003278,-1.1647188696553759,EXPERIMENT_ONLY
2025-06-11,21:00,test,2025,2025,16,15.025471796679778,0.9745282033202223,16,15,false,2025,2025-06,macro_non_southerly,15.796329966329967,0.20367003367003278,16,true,-0.7708581696501895,0.7708581696501895,1,true,false,false,true,-0.20367003367003278,-0.9745282033202223,EXPERIMENT_ONLY
2025-06-11,22:00,test,2025,2025,16,15.204192421545372,0.7958075784546281,16,15,false,2025,2025-06,macro_non_southerly,15.796329966329967,0.20367003367003278,16,true,-0.5921375447845953,0.5921375447845953,1,true,false,false,true,-0.20367003367003278,-0.7958075784546281,EXPERIMENT_ONLY
2025-06-11,23:00,test,2025,2025,16,15.509532618130164,0.49046738186983596,16,16,true,2025,2025-06,macro_non_southerly,15.796329966329967,0.20367003367003278,16,true,-0.2867973481998032,0.2867973481998032,0,true,false,false,false,-0.20367003367003278,-0.49046738186983596,EXPERIMENT_ONLY
2025-06-12,20:00,test,2025,2025,15,14.284716156419346,0.7152838435806537,15,14,false,2025,2025-06,macro_southerly_flow,14.88328282828283,0.11671717171716978,15,true,-0.5985666718634839,0.5985666718634839,1,true,false,false,true,-0.11671717171716978,-0.7152838435806537,EXPERIMENT_ONLY
2025-06-12,21:00,test,2025,2025,15,14.28634148006961,0.7136585199303909,15,14,false,2025,2025-06,macro_southerly_flow,14.88328282828283,0.11671717171716978,15,true,-0.5969413482132211,0.5969413482132211,1,true,false,false,true,-0.11671717171716978,-0.7136585199303909,EXPERIMENT_ONLY
2025-06-12,22:00,test,2025,2025,15,13.749203913518404,1.2507960864815963,15,14,false,2025,2025-06,macro_southerly_flow,14.88328282828283,0.11671717171716978,15,true,-1.1340789147644266,1.1340789147644266,1,true,false,false,true,-0.11671717171716978,-1.2507960864815963,EXPERIMENT_ONLY
2025-06-12,23:00,test,2025,2025,15,13.8047134674611,1.1952865325388995,15,14,false,2025,2025-06,macro_southerly_flow,14.88328282828283,0.11671717171716978,15,true,-1.0785693608217297,1.0785693608217297,1,true,false,false,true,-0.11671717171716978,-1.1952865325388995,EXPERIMENT_ONLY
2025-06-13,20:00,test,2025,2025,13,13.653240275847114,0.6532402758471143,13,14,false,2025,2025-06,macro_non_southerly,13.285218855218854,0.2852188552188544,13,true,-0.36802142062825993,-0.36802142062825993,1,true,false,false,true,0.2852188552188544,0.6532402758471143,EXPERIMENT_ONLY
2025-06-13,21:00,test,2025,2025,13,13.643490990900103,0.6434909909001032,13,14,false,2025,2025-06,macro_non_southerly,13.285218855218854,0.2852188552188544,13,true,-0.3582721356812488,-0.3582721356812488,1,true,false,false,true,0.2852188552188544,0.6434909909001032,EXPERIMENT_ONLY
2025-06-13,22:00,test,2025,2025,13,13.058253208997934,0.05825320899793418,13,13,true,2025,2025-06,macro_non_southerly,13.285218855218854,0.2852188552188544,13,true,0.2269656462209202,0.2269656462209202,0,false,true,false,false,0.2852188552188544,0.05825320899793418,EXPERIMENT_ONLY
2025-06-13,23:00,test,2025,2025,13,13.094536684240287,0.09453668424028727,13,13,true,2025,2025-06,macro_non_southerly,13.285218855218854,0.2852188552188544,13,true,0.1906821709785671,0.1906821709785671,0,false,true,false,false,0.2852188552188544,0.09453668424028727,EXPERIMENT_ONLY
2025-06-14,20:00,test,2025,2025,11,11.48221450753446,0.4822145075344597,11,11,true,2025,2025-06,macro_southerly_flow,12.099276094276094,1.0992760942760942,12,false,0.6170615867416345,0.6170615867416345,-1,false,true,true,false,1.0992760942760942,0.4822145075344597,EXPERIMENT_ONLY
2025-06-14,21:00,test,2025,2025,11,11.644395773010633,0.6443957730106327,11,12,false,2025,2025-06,macro_southerly_flow,12.099276094276094,1.0992760942760942,12,false,0.4548803212654615,0.4548803212654615,0,false,true,false,false,1.0992760942760942,0.6443957730106327,EXPERIMENT_ONLY
2025-06-14,22:00,test,2025,2025,11,11.295068808883443,0.29506880888344256,11,11,true,2025,2025-06,macro_southerly_flow,12.099276094276094,1.0992760942760942,12,false,0.8042072853926516,0.8042072853926516,-1,false,true,true,false,1.0992760942760942,0.29506880888344256,EXPERIMENT_ONLY
2025-06-14,23:00,test,2025,2025,11,11.499970281444144,0.4999702814441438,11,11,true,2025,2025-06,macro_southerly_flow,12.099276094276094,1.0992760942760942,12,false,0.5993058128319504,0.5993058128319504,-1,false,true,true,false,1.0992760942760942,0.4999702814441438,EXPERIMENT_ONLY
2025-06-15,20:00,test,2025,2025,12,12.022690767625814,0.022690767625814345,12,12,true,2025,2025-06,macro_non_southerly,12.609713804713804,0.6097138047138042,13,false,0.5870230370879899,0.5870230370879899,-1,false,true,true,false,0.6097138047138042,0.022690767625814345,EXPERIMENT_ONLY
2025-06-15,21:00,test,2025,2025,12,12.419370898166804,0.41937089816680384,12,12,true,2025,2025-06,macro_non_southerly,12.609713804713804,0.6097138047138042,13,false,0.19034290654700037,0.19034290654700037,-1,false,true,true,false,0.6097138047138042,0.41937089816680384,EXPERIMENT_ONLY
2025-06-15,22:00,test,2025,2025,12,12.790000241403575,0.7900002414035754,12,13,false,2025,2025-06,macro_non_southerly,12.609713804713804,0.6097138047138042,13,false,-0.18028643668977118,-0.18028643668977118,0,true,false,false,false,0.6097138047138042,0.7900002414035754,EXPERIMENT_ONLY
2025-06-15,23:00,test,2025,2025,12,13.19456132084289,1.1945613208428902,12,13,false,2025,2025-06,macro_non_southerly,12.609713804713804,0.6097138047138042,13,false,-0.584847516129086,-0.584847516129086,0,true,false,false,false,0.6097138047138042,1.1945613208428902,EXPERIMENT_ONLY
2025-06-16,20:00,test,2025,2025,12,11.422058001004899,0.5779419989951009,12,11,false,2025,2025-06,macro_southerly_flow,12.32688552188552,0.32688552188552045,12,true,-0.25105647710958046,0.9048275208806213,1,true,false,false,true,0.32688552188552045,-0.5779419989951009,EXPERIMENT_ONLY
2025-06-16,21:00,test,2025,2025,12,11.445866274205834,0.5541337257941663,12,11,false,2025,2025-06,macro_southerly_flow,12.32688552188552,0.32688552188552045,12,true,-0.22724820390864586,0.8810192476796868,1,true,false,false,true,0.32688552188552045,-0.5541337257941663,EXPERIMENT_ONLY
2025-06-16,22:00,test,2025,2025,12,11.16472476753852,0.8352752324614805,12,11,false,2025,2025-06,macro_southerly_flow,12.32688552188552,0.32688552188552045,12,true,-0.50838971057596,1.162160754347001,1,true,false,false,true,0.32688552188552045,-0.8352752324614805,EXPERIMENT_ONLY
2025-06-16,23:00,test,2025,2025,12,11.26630126780488,0.7336987321951192,12,11,false,2025,2025-06,macro_southerly_flow,12.32688552188552,0.32688552188552045,12,true,-0.4068132103095987,1.0605842540806396,1,true,false,false,true,0.32688552188552045,-0.7336987321951192,EXPERIMENT_ONLY
2025-06-17,20:00,test,2025,2025,12,12.703257013645917,0.7032570136459171,12,13,false,2025,2025-06,macro_non_southerly,13.042205387205389,1.0422053872053887,13,false,0.3389483735594716,0.3389483735594716,0,false,true,false,false,1.0422053872053887,0.7032570136459171,EXPERIMENT_ONLY
2025-06-17,21:00,test,2025,2025,12,12.969602625367846,0.9696026253678465,12,13,false,2025,2025-06,macro_non_southerly,13.042205387205389,1.0422053872053887,13,false,0.07260276183754222,0.07260276183754222,0,false,true,false,false,1.0422053872053887,0.9696026253678465,EXPERIMENT_ONLY
2025-06-17,22:00,test,2025,2025,12,12.729212043802798,0.7292120438027982,12,13,false,2025,2025-06,macro_non_southerly,13.042205387205389,1.0422053872053887,13,false,0.31299334340259044,0.31299334340259044,0,false,true,false,false,1.0422053872053887,0.7292120438027982,EXPERIMENT_ONLY
2025-06-17,23:00,test,2025,2025,12,12.96976768426714,0.9697676842671399,12,13,false,2025,2025-06,macro_non_southerly,13.042205387205389,1.0422053872053887,13,false,0.0724377029382488,0.0724377029382488,0,false,true,false,false,1.0422053872053887,0.9697676842671399,EXPERIMENT_ONLY
2025-06-18,20:00,test,2025,2025,13,14.099909857996755,1.0999098579967548,13,14,false,2025,2025-06,macro_non_southerly,12.946329966329966,0.0536700336700342,13,true,-1.0462398243267206,-1.153579891666789,1,true,false,false,true,-0.0536700336700342,1.0999098579967548,EXPERIMENT_ONLY
2025-06-18,21:00,test,2025,2025,13,13.957685468718806,0.9576854687188057,13,14,false,2025,2025-06,macro_non_southerly,12.946329966329966,0.0536700336700342,13,true,-0.9040154350487715,-1.0113555023888399,1,true,false,false,true,-0.0536700336700342,0.9576854687188057,EXPERIMENT_ONLY
2025-06-18,22:00,test,2025,2025,13,13.9140383096549,0.9140383096549005,13,14,false,2025,2025-06,macro_non_southerly,12.946329966329966,0.0536700336700342,13,true,-0.8603682759848663,-0.9677083433249347,1,true,false,false,true,-0.0536700336700342,0.9140383096549005,EXPERIMENT_ONLY
2025-06-18,23:00,test,2025,2025,13,13.80015126459102,0.8001512645910207,13,14,false,2025,2025-06,macro_non_southerly,12.946329966329966,0.0536700336700342,13,true,-0.7464812309209865,-0.8538212982610549,1,true,false,false,true,-0.0536700336700342,0.8001512645910207,EXPERIMENT_ONLY
2025-06-19,20:00,test,2025,2025,15,14.786954041802904,0.21304595819709604,15,15,true,2025,2025-06,macro_non_southerly,14.931936026936027,0.06806397306397294,15,true,-0.1449819851331231,0.1449819851331231,0,true,false,false,false,-0.06806397306397294,-0.21304595819709604,EXPERIMENT_ONLY
2025-06-19,21:00,test,2025,2025,15,14.817022895070378,0.1829771049296216,15,15,true,2025,2025-06,macro_non_southerly,14.931936026936027,0.06806397306397294,15,true,-0.11491313186564867,0.11491313186564867,0,true,false,false,false,-0.06806397306397294,-0.1829771049296216,EXPERIMENT_ONLY
2025-06-19,22:00,test,2025,2025,15,14.468325201131021,0.5316747988689787,15,14,false,2025,2025-06,macro_non_southerly,14.931936026936027,0.06806397306397294,15,true,-0.4636108258050058,0.4636108258050058,1,true,false,false,true,-0.06806397306397294,-0.5316747988689787,EXPERIMENT_ONLY
2025-06-19,23:00,test,2025,2025,15,14.540647650373563,0.4593523496264371,15,15,true,2025,2025-06,macro_non_southerly,14.931936026936027,0.06806397306397294,15,true,-0.3912883765624642,0.3912883765624642,0,true,false,false,false,-0.06806397306397294,-0.4593523496264371,EXPERIMENT_ONLY
2025-06-20,20:00,test,2025,2025,15,15.803223476691645,0.8032234766916453,15,16,false,2025,2025-06,macro_non_southerly,14.8310101010101,0.16898989898989925,15,true,-0.634233577701746,-0.9722133756815445,1,true,false,false,true,-0.16898989898989925,0.8032234766916453,EXPERIMENT_ONLY
2025-06-20,21:00,test,2025,2025,15,15.79820182108461,0.7982018210846107,15,16,false,2025,2025-06,macro_non_southerly,14.8310101010101,0.16898989898989925,15,true,-0.6292119220947114,-0.9671917200745099,1,true,false,false,true,-0.16898989898989925,0.7982018210846107,EXPERIMENT_ONLY
2025-06-20,22:00,test,2025,2025,15,15.407889221733017,0.4078892217330168,15,15,true,2025,2025-06,macro_non_southerly,14.8310101010101,0.16898989898989925,15,true,-0.23889932274311754,-0.576879120722916,0,true,false,false,false,-0.16898989898989925,0.4078892217330168,EXPERIMENT_ONLY
2025-06-20,23:00,test,2025,2025,15,15.578718575878463,0.5787185758784634,15,16,false,2025,2025-06,macro_non_southerly,14.8310101010101,0.16898989898989925,15,true,-0.4097286768885642,-0.7477084748683627,1,true,false,false,true,-0.16898989898989925,0.5787185758784634,EXPERIMENT_ONLY
2025-06-21,20:00,test,2025,2025,12,12.332597557881353,0.33259755788135337,12,12,true,2025,2025-06,macro_southerly_flow,12.81543771043771,0.8154377104377097,13,false,0.4828401525563564,0.4828401525563564,-1,false,true,true,false,0.8154377104377097,0.33259755788135337,EXPERIMENT_ONLY
2025-06-21,21:00,test,2025,2025,12,12.184972534774381,0.18497253477438136,12,12,true,2025,2025-06,macro_southerly_flow,12.81543771043771,0.8154377104377097,13,false,0.6304651756633284,0.6304651756633284,-1,false,true,true,false,0.8154377104377097,0.18497253477438136,EXPERIMENT_ONLY
2025-06-21,22:00,test,2025,2025,12,11.51764662897235,0.4823533710276493,12,12,true,2025,2025-06,macro_southerly_flow,12.81543771043771,0.8154377104377097,13,false,0.33308433941006044,1.297791081465359,-1,false,true,true,false,0.8154377104377097,-0.4823533710276493,EXPERIMENT_ONLY
2025-06-21,23:00,test,2025,2025,12,11.690639096518114,0.3093609034818865,12,12,true,2025,2025-06,macro_southerly_flow,12.81543771043771,0.8154377104377097,13,false,0.5060768069558232,1.1247986139195962,-1,false,true,true,false,0.8154377104377097,-0.3093609034818865,EXPERIMENT_ONLY
2025-06-22,20:00,test,2025,2025,13,11.746993018275324,1.2530069817246758,13,12,false,2025,2025-06,macro_southerly_flow,14.094898989898988,1.0948989898989883,14,false,-0.15810799182568758,2.347905971623664,0,true,false,false,false,1.0948989898989883,-1.2530069817246758,EXPERIMENT_ONLY
2025-06-22,21:00,test,2025,2025,13,11.719592000672794,1.2804079993272062,13,12,false,2025,2025-06,macro_southerly_flow,14.094898989898988,1.0948989898989883,14,false,-0.1855090094282179,2.3753069892261944,0,true,false,false,false,1.0948989898989883,-1.2804079993272062,EXPERIMENT_ONLY
2025-06-22,22:00,test,2025,2025,13,11.427916889215572,1.572083110784428,13,11,false,2025,2025-06,macro_southerly_flow,14.094898989898988,1.0948989898989883,14,false,-0.4771841208854397,2.6669821006834162,0,true,false,false,false,1.0948989898989883,-1.572083110784428,EXPERIMENT_ONLY
2025-06-22,23:00,test,2025,2025,13,11.977432504295502,1.0225674957044983,13,12,false,2025,2025-06,macro_southerly_flow,14.094898989898988,1.0948989898989883,14,false,0.07233149419448992,2.1174664856034866,0,false,true,false,false,1.0948989898989883,-1.0225674957044983,EXPERIMENT_ONLY
2025-06-23,20:00,test,2025,2025,13,13.21390627270522,0.2139062727052199,13,13,true,2025,2025-06,macro_southerly_flow,13.682272727272728,0.6822727272727285,14,false,0.4683664545675086,0.4683664545675086,-1,false,true,true,false,0.6822727272727285,0.2139062727052199,EXPERIMENT_ONLY
2025-06-23,21:00,test,2025,2025,13,13.103607513927926,0.10360751392792622,13,13,true,2025,2025-06,macro_southerly_flow,13.682272727272728,0.6822727272727285,14,false,0.5786652133448023,0.5786652133448023,-1,false,true,true,false,0.6822727272727285,0.10360751392792622,EXPERIMENT_ONLY
2025-06-23,22:00,test,2025,2025,13,12.556950238715398,0.44304976128460183,13,13,true,2025,2025-06,macro_southerly_flow,13.682272727272728,0.6822727272727285,14,false,0.23922296598812665,1.1253224885573303,-1,false,true,true,false,0.6822727272727285,-0.44304976128460183,EXPERIMENT_ONLY
2025-06-23,23:00,test,2025,2025,13,12.795863522476388,0.20413647752361186,13,13,true,2025,2025-06,macro_southerly_flow,13.682272727272728,0.6822727272727285,14,false,0.4781362497491166,0.8864092047963403,-1,false,true,true,false,0.6822727272727285,-0.20413647752361186,EXPERIMENT_ONLY
2025-06-24,20:00,test,2025,2025,14,14.182999930527975,0.18299993052797525,14,14,true,2025,2025-06,macro_non_southerly,14.525707070707071,0.525707070707071,15,false,0.34270714017909576,0.34270714017909576,-1,false,true,true,false,0.525707070707071,0.18299993052797525,EXPERIMENT_ONLY
2025-06-24,21:00,test,2025,2025,14,14.44163197785258,0.44163197785258035,14,14,true,2025,2025-06,macro_non_southerly,14.525707070707071,0.525707070707071,15,false,0.08407509285449066,0.08407509285449066,-1,false,true,true,false,0.525707070707071,0.44163197785258035,EXPERIMENT_ONLY
2025-06-24,22:00,test,2025,2025,14,14.969514165092946,0.9695141650929457,14,15,false,2025,2025-06,macro_non_southerly,14.525707070707071,0.525707070707071,15,false,-0.44380709438587473,-0.44380709438587473,0,true,false,false,false,0.525707070707071,0.9695141650929457,EXPERIMENT_ONLY
2025-06-24,23:00,test,2025,2025,14,15.203433220517693,1.2034332205176934,14,15,false,2025,2025-06,macro_non_southerly,14.525707070707071,0.525707070707071,15,false,-0.6777261498106224,-0.6777261498106224,0,true,false,false,false,0.525707070707071,1.2034332205176934,EXPERIMENT_ONLY
2025-06-25,20:00,test,2025,2025,15,15.706058854271351,0.7060588542713511,15,16,false,2025,2025-06,macro_non_southerly,15.089848484848487,0.08984848484848662,15,true,-0.6162103694228644,-0.6162103694228644,1,true,false,false,true,0.08984848484848662,0.7060588542713511,EXPERIMENT_ONLY
2025-06-25,21:00,test,2025,2025,15,15.704269297379927,0.7042692973799269,15,16,false,2025,2025-06,macro_non_southerly,15.089848484848487,0.08984848484848662,15,true,-0.6144208125314403,-0.6144208125314403,1,true,false,false,true,0.08984848484848662,0.7042692973799269,EXPERIMENT_ONLY
2025-06-25,22:00,test,2025,2025,15,15.113053764643425,0.11305376464342487,15,15,true,2025,2025-06,macro_non_southerly,15.089848484848487,0.08984848484848662,15,true,-0.02320527979493825,-0.02320527979493825,0,true,false,false,false,0.08984848484848662,0.11305376464342487,EXPERIMENT_ONLY
2025-06-25,23:00,test,2025,2025,15,15.222962915863935,0.2229629158639348,15,15,true,2025,2025-06,macro_non_southerly,15.089848484848487,0.08984848484848662,15,true,-0.13311443101544818,-0.13311443101544818,0,true,false,false,false,0.08984848484848662,0.2229629158639348,EXPERIMENT_ONLY
2025-06-26,20:00,test,2025,2025,17,16.45936000253886,0.5406399974611418,17,16,false,2025,2025-06,macro_non_southerly,16.884966329966332,0.11503367003366805,17,true,-0.42560632742747373,0.42560632742747373,1,true,false,false,true,-0.11503367003366805,-0.5406399974611418,EXPERIMENT_ONLY
2025-06-26,21:00,test,2025,2025,17,16.513022042841857,0.4869779571581425,17,17,true,2025,2025-06,macro_non_southerly,16.884966329966332,0.11503367003366805,17,true,-0.37194428712447447,0.37194428712447447,0,true,false,false,false,-0.11503367003366805,-0.4869779571581425,EXPERIMENT_ONLY
2025-06-26,22:00,test,2025,2025,17,16.398447404581464,0.6015525954185357,17,16,false,2025,2025-06,macro_non_southerly,16.884966329966332,0.11503367003366805,17,true,-0.48651892538486763,0.48651892538486763,1,true,false,false,true,-0.11503367003366805,-0.6015525954185357,EXPERIMENT_ONLY
2025-06-26,23:00,test,2025,2025,17,16.462051707262564,0.5379482927374362,17,16,false,2025,2025-06,macro_non_southerly,16.884966329966332,0.11503367003366805,17,true,-0.4229146227037681,0.4229146227037681,1,true,false,false,true,-0.11503367003366805,-0.5379482927374362,EXPERIMENT_ONLY
2025-06-27,20:00,test,2025,2025,17,17.982559962609283,0.9825599626092831,17,18,false,2025,2025-06,macro_non_southerly,16.25003367003367,0.7499663299663304,16,false,-0.23259363264295274,-1.7325262925756135,0,true,false,false,false,-0.7499663299663304,0.9825599626092831,EXPERIMENT_ONLY
2025-06-27,21:00,test,2025,2025,17,17.81421750164629,0.81421750164629,17,18,false,2025,2025-06,macro_non_southerly,16.25003367003367,0.7499663299663304,16,false,-0.06425117167995964,-1.5641838316126204,0,true,false,false,false,-0.7499663299663304,0.81421750164629,EXPERIMENT_ONLY
2025-06-27,22:00,test,2025,2025,17,17.01911414433827,0.01911414433827119,17,17,true,2025,2025-06,macro_non_southerly,16.25003367003367,0.7499663299663304,16,false,0.7308521856280592,-0.7690804743046016,-1,false,true,true,false,-0.7499663299663304,0.01911414433827119,EXPERIMENT_ONLY
2025-06-27,23:00,test,2025,2025,17,17.097424222956914,0.09742422295691355,17,17,true,2025,2025-06,macro_non_southerly,16.25003367003367,0.7499663299663304,16,false,0.6525421070094168,-0.847390552923244,-1,false,true,true,false,-0.7499663299663304,0.09742422295691355,EXPERIMENT_ONLY
2025-06-28,20:00,test,2025,2025,13,15.379542316073099,2.379542316073099,13,15,false,2025,2025-06,macro_non_southerly,14.493047138047139,1.4930471380471388,14,false,-0.8864951780259602,-0.8864951780259602,0,true,false,false,false,1.4930471380471388,2.379542316073099,EXPERIMENT_ONLY
2025-06-28,21:00,test,2025,2025,13,15.372839666042745,2.3728396660427453,13,15,false,2025,2025-06,macro_non_southerly,14.493047138047139,1.4930471380471388,14,false,-0.8797925279956065,-0.8797925279956065,0,true,false,false,false,1.4930471380471388,2.3728396660427453,EXPERIMENT_ONLY
2025-06-28,22:00,test,2025,2025,13,14.920489217934588,1.9204892179345876,13,15,false,2025,2025-06,macro_non_southerly,14.493047138047139,1.4930471380471388,14,false,-0.42744207988744876,-0.42744207988744876,0,true,false,false,false,1.4930471380471388,1.9204892179345876,EXPERIMENT_ONLY
2025-06-28,23:00,test,2025,2025,13,14.794137221931834,1.794137221931834,13,15,false,2025,2025-06,macro_non_southerly,14.493047138047139,1.4930471380471388,14,false,-0.30109008388469505,-0.30109008388469505,0,true,false,false,false,1.4930471380471388,1.794137221931834,EXPERIMENT_ONLY
2025-06-29,20:00,test,2025,2025,13,11.961746247253592,1.0382537527464084,13,12,false,2025,2025-06,macro_southerly_flow,12.58,0.41999999999999993,13,true,-0.6182537527464085,0.6182537527464085,1,true,false,false,true,-0.41999999999999993,-1.0382537527464084,EXPERIMENT_ONLY
2025-06-29,21:00,test,2025,2025,13,11.886427185035695,1.1135728149643054,13,12,false,2025,2025-06,macro_southerly_flow,12.58,0.41999999999999993,13,true,-0.6935728149643055,0.6935728149643055,1,true,false,false,true,-0.41999999999999993,-1.1135728149643054,EXPERIMENT_ONLY
2025-06-29,22:00,test,2025,2025,13,11.648766141650272,1.3512338583497279,13,12,false,2025,2025-06,macro_southerly_flow,12.58,0.41999999999999993,13,true,-0.9312338583497279,0.9312338583497279,1,true,false,false,true,-0.41999999999999993,-1.3512338583497279,EXPERIMENT_ONLY
2025-06-29,23:00,test,2025,2025,13,11.75359890930929,1.2464010906907106,13,12,false,2025,2025-06,macro_southerly_flow,12.58,0.41999999999999993,13,true,-0.8264010906907107,0.8264010906907107,1,true,false,false,true,-0.41999999999999993,-1.2464010906907106,EXPERIMENT_ONLY
2025-06-30,20:00,test,2025,2025,16,13.6111165013197,2.3888834986803005,16,14,false,2025,2025-06,macro_non_southerly,14.608872053872055,1.3911279461279449,15,false,-0.9977555525523556,0.9977555525523556,0,true,false,false,false,-1.3911279461279449,-2.3888834986803005,EXPERIMENT_ONLY
2025-06-30,21:00,test,2025,2025,16,14.014137941163163,1.9858620588368368,16,14,false,2025,2025-06,macro_non_southerly,14.608872053872055,1.3911279461279449,15,false,-0.5947341127088919,0.5947341127088919,0,true,false,false,false,-1.3911279461279449,-1.9858620588368368,EXPERIMENT_ONLY
2025-06-30,22:00,test,2025,2025,16,14.061370124379286,1.9386298756207143,16,14,false,2025,2025-06,macro_non_southerly,14.608872053872055,1.3911279461279449,15,false,-0.5475019294927694,0.5475019294927694,0,true,false,false,false,-1.3911279461279449,-1.9386298756207143,EXPERIMENT_ONLY
2025-06-30,23:00,test,2025,2025,16,14.533705301044488,1.4662946989555117,16,15,false,2025,2025-06,macro_non_southerly,14.608872053872055,1.3911279461279449,15,false,-0.0751667528275668,0.0751667528275668,0,true,false,false,false,-1.3911279461279449,-1.4662946989555117,EXPERIMENT_ONLY
2025-07-01,20:00,test,2025,2025,12,13.11972390321299,1.1197239032129893,12,13,false,2025,2025-07,macro_non_southerly,12.832525252525253,0.8325252525252527,13,false,-0.28719865068773665,-0.28719865068773665,0,true,false,false,false,0.8325252525252527,1.1197239032129893,EXPERIMENT_ONLY
2025-07-01,21:00,test,2025,2025,12,13.417942338941156,1.417942338941156,12,13,false,2025,2025-07,macro_non_southerly,12.832525252525253,0.8325252525252527,13,false,-0.5854170864159034,-0.5854170864159034,0,true,false,false,false,0.8325252525252527,1.417942338941156,EXPERIMENT_ONLY
2025-07-01,22:00,test,2025,2025,12,13.685084979372286,1.6850849793722862,12,14,false,2025,2025-07,macro_non_southerly,12.832525252525253,0.8325252525252527,13,false,-0.8525597268470335,-0.8525597268470335,0,true,false,false,false,0.8325252525252527,1.6850849793722862,EXPERIMENT_ONLY
2025-07-01,23:00,test,2025,2025,12,14.056166648418706,2.0561666484187064,12,14,false,2025,2025-07,macro_non_southerly,12.832525252525253,0.8325252525252527,13,false,-1.2236413958934538,-1.2236413958934538,0,true,false,false,false,0.8325252525252527,2.0561666484187064,EXPERIMENT_ONLY
2025-07-02,20:00,test,2025,2025,13,13.156696149303535,0.15669614930353504,13,13,true,2025,2025-07,macro_non_southerly,13.475791245791246,0.4757912457912461,13,true,0.31909509648771106,0.31909509648771106,0,false,true,false,false,0.4757912457912461,0.15669614930353504,EXPERIMENT_ONLY
2025-07-02,21:00,test,2025,2025,13,13.28095243275699,0.28095243275699033,13,13,true,2025,2025-07,macro_non_southerly,13.475791245791246,0.4757912457912461,13,true,0.19483881303425576,0.19483881303425576,0,false,true,false,false,0.4757912457912461,0.28095243275699033,EXPERIMENT_ONLY
2025-07-02,22:00,test,2025,2025,13,13.534692021860117,0.534692021860117,13,14,false,2025,2025-07,macro_non_southerly,13.475791245791246,0.4757912457912461,13,true,-0.0589007760688709,-0.0589007760688709,1,true,false,false,true,0.4757912457912461,0.534692021860117,EXPERIMENT_ONLY
2025-07-02,23:00,test,2025,2025,13,13.632921592179672,0.632921592179672,13,14,false,2025,2025-07,macro_non_southerly,13.475791245791246,0.4757912457912461,13,true,-0.15713034638842593,-0.15713034638842593,1,true,false,false,true,0.4757912457912461,0.632921592179672,EXPERIMENT_ONLY
2025-07-03,20:00,test,2025,2025,12,14.23395670675281,2.23395670675281,12,14,false,2025,2025-07,macro_non_southerly,14.787491582491581,2.7874915824915814,15,false,0.5535348757387712,0.5535348757387712,0,false,true,false,false,2.7874915824915814,2.23395670675281,EXPERIMENT_ONLY
2025-07-03,21:00,test,2025,2025,12,14.130648587814196,2.1306485878141963,12,14,false,2025,2025-07,macro_non_southerly,14.787491582491581,2.7874915824915814,15,false,0.656842994677385,0.656842994677385,0,false,true,false,false,2.7874915824915814,2.1306485878141963,EXPERIMENT_ONLY
2025-07-03,22:00,test,2025,2025,12,13.19668093457177,1.19668093457177,12,13,false,2025,2025-07,macro_non_southerly,14.787491582491581,2.7874915824915814,15,false,1.5908106479198114,1.5908106479198114,0,false,true,false,false,2.7874915824915814,1.19668093457177,EXPERIMENT_ONLY
2025-07-03,23:00,test,2025,2025,12,13.171799454590044,1.1717994545900439,12,13,false,2025,2025-07,macro_non_southerly,14.787491582491581,2.7874915824915814,15,false,1.6156921279015375,1.6156921279015375,0,false,true,false,false,2.7874915824915814,1.1717994545900439,EXPERIMENT_ONLY
2025-07-04,20:00,test,2025,2025,13,14.715628486140552,1.7156284861405524,13,15,false,2025,2025-07,macro_non_southerly,15.379410774410774,2.3794107744107738,15,false,0.6637822882702213,0.6637822882702213,0,false,true,false,false,2.3794107744107738,1.7156284861405524,EXPERIMENT_ONLY
2025-07-04,21:00,test,2025,2025,13,15.083496895373564,2.083496895373564,13,15,false,2025,2025-07,macro_non_southerly,15.379410774410774,2.3794107744107738,15,false,0.2959138790372098,0.2959138790372098,0,false,true,false,false,2.3794107744107738,2.083496895373564,EXPERIMENT_ONLY
2025-07-04,22:00,test,2025,2025,13,14.68161363687787,1.68161363687787,13,15,false,2025,2025-07,macro_non_southerly,15.379410774410774,2.3794107744107738,15,false,0.6977971375329037,0.6977971375329037,0,false,true,false,false,2.3794107744107738,1.68161363687787,EXPERIMENT_ONLY
2025-07-04,23:00,test,2025,2025,13,14.721428914856062,1.7214289148560624,13,15,false,2025,2025-07,macro_non_southerly,15.379410774410774,2.3794107744107738,15,false,0.6579818595547113,0.6579818595547113,0,false,true,false,false,2.3794107744107738,1.7214289148560624,EXPERIMENT_ONLY
2025-07-05,20:00,test,2025,2025,12,12.01839336774562,0.01839336774562028,12,12,true,2025,2025-07,macro_southerly_flow,13.117457912457912,1.1174579124579118,13,false,1.0990645447122915,1.0990645447122915,-1,false,true,true,false,1.1174579124579118,0.01839336774562028,EXPERIMENT_ONLY
2025-07-05,21:00,test,2025,2025,12,12.012905690012142,0.01290569001214159,12,12,true,2025,2025-07,macro_southerly_flow,13.117457912457912,1.1174579124579118,13,false,1.1045522224457702,1.1045522224457702,-1,false,true,true,false,1.1174579124579118,0.01290569001214159,EXPERIMENT_ONLY
2025-07-05,22:00,test,2025,2025,12,11.482840071420824,0.5171599285791757,12,11,false,2025,2025-07,macro_southerly_flow,13.117457912457912,1.1174579124579118,13,false,0.6002979838787361,1.6346178410370875,0,false,true,false,false,1.1174579124579118,-0.5171599285791757,EXPERIMENT_ONLY
2025-07-05,23:00,test,2025,2025,12,11.589481876520203,0.41051812347979677,12,12,true,2025,2025-07,macro_southerly_flow,13.117457912457912,1.1174579124579118,13,false,0.706939788978115,1.5279760359377086,-1,false,true,true,false,1.1174579124579118,-0.41051812347979677,EXPERIMENT_ONLY
2025-07-06,20:00,test,2025,2025,10,10.939761218974963,0.9397612189749633,10,11,false,2025,2025-07,macro_southerly_flow,11.24691919191919,1.24691919191919,11,false,0.30715797294422664,0.30715797294422664,0,false,true,false,false,1.24691919191919,0.9397612189749633,EXPERIMENT_ONLY
2025-07-06,21:00,test,2025,2025,10,10.865547679637286,0.8655476796372863,10,11,false,2025,2025-07,macro_southerly_flow,11.24691919191919,1.24691919191919,11,false,0.3813715122819037,0.3813715122819037,0,false,true,false,false,1.24691919191919,0.8655476796372863,EXPERIMENT_ONLY
2025-07-06,22:00,test,2025,2025,10,10.222708367004065,0.22270836700406527,10,10,true,2025,2025-07,macro_southerly_flow,11.24691919191919,1.24691919191919,11,false,1.0242108249151247,1.0242108249151247,-1,false,true,true,false,1.24691919191919,0.22270836700406527,EXPERIMENT_ONLY
2025-07-06,23:00,test,2025,2025,10,10.292375862255488,0.2923758622554882,10,10,true,2025,2025-07,macro_southerly_flow,11.24691919191919,1.24691919191919,11,false,0.9545433296637018,0.9545433296637018,-1,false,true,true,false,1.24691919191919,0.2923758622554882,EXPERIMENT_ONLY
2025-07-07,20:00,test,2025,2025,10,9.869193848807543,0.13080615119245742,10,10,true,2025,2025-07,macro_southerly_flow,11.227474747474748,1.2274747474747478,11,false,1.0966685962822904,1.3582808986672052,-1,false,true,true,false,1.2274747474747478,-0.13080615119245742,EXPERIMENT_ONLY
2025-07-07,21:00,test,2025,2025,10,9.86591721683451,0.13408278316548916,10,10,true,2025,2025-07,macro_southerly_flow,11.227474747474748,1.2274747474747478,11,false,1.0933919643092587,1.361557530640237,-1,false,true,true,false,1.2274747474747478,-0.13408278316548916,EXPERIMENT_ONLY
2025-07-07,22:00,test,2025,2025,10,9.522646135081676,0.47735386491832443,10,10,true,2025,2025-07,macro_southerly_flow,11.227474747474748,1.2274747474747478,11,false,0.7501208825564234,1.7048286123930723,-1,false,true,true,false,1.2274747474747478,-0.47735386491832443,EXPERIMENT_ONLY
2025-07-07,23:00,test,2025,2025,10,9.66228236766021,0.3377176323397908,10,10,true,2025,2025-07,macro_southerly_flow,11.227474747474748,1.2274747474747478,11,false,0.889757115134957,1.5651923798145386,-1,false,true,true,false,1.2274747474747478,-0.3377176323397908,EXPERIMENT_ONLY
2025-07-08,20:00,test,2025,2025,13,11.027857528908926,1.9721424710910735,13,11,false,2025,2025-07,macro_non_southerly,12.967710437710437,0.03228956228956292,13,true,-1.9398529088015106,1.9398529088015106,1,true,false,false,true,-0.03228956228956292,-1.9721424710910735,EXPERIMENT_ONLY
2025-07-08,21:00,test,2025,2025,13,11.496854660893534,1.5031453391064655,13,11,false,2025,2025-07,macro_non_southerly,12.967710437710437,0.03228956228956292,13,true,-1.4708557768169026,1.4708557768169026,1,true,false,false,true,-0.03228956228956292,-1.5031453391064655,EXPERIMENT_ONLY
2025-07-08,22:00,test,2025,2025,13,12.257293431800914,0.7427065681990861,13,12,false,2025,2025-07,macro_non_southerly,12.967710437710437,0.03228956228956292,13,true,-0.7104170059095232,0.7104170059095232,1,true,false,false,true,-0.03228956228956292,-0.7427065681990861,EXPERIMENT_ONLY
2025-07-08,23:00,test,2025,2025,13,12.732559455760969,0.2674405442390313,13,13,true,2025,2025-07,macro_non_southerly,12.967710437710437,0.03228956228956292,13,true,-0.23515098194946837,0.23515098194946837,0,true,false,false,false,-0.03228956228956292,-0.2674405442390313,EXPERIMENT_ONLY
2025-07-09,20:00,test,2025,2025,12,13.514778032673455,1.5147780326734548,12,14,false,2025,2025-07,macro_non_southerly,13.034713804713805,1.034713804713805,13,false,-0.48006422795964987,-0.48006422795964987,0,true,false,false,false,1.034713804713805,1.5147780326734548,EXPERIMENT_ONLY
2025-07-09,21:00,test,2025,2025,12,13.70935751361136,1.7093575136113603,12,14,false,2025,2025-07,macro_non_southerly,13.034713804713805,1.034713804713805,13,false,-0.6746437088975554,-0.6746437088975554,0,true,false,false,false,1.034713804713805,1.7093575136113603,EXPERIMENT_ONLY
2025-07-09,22:00,test,2025,2025,12,13.706868876024295,1.706868876024295,12,14,false,2025,2025-07,macro_non_southerly,13.034713804713805,1.034713804713805,13,false,-0.67215507131049,-0.67215507131049,0,true,false,false,false,1.034713804713805,1.706868876024295,EXPERIMENT_ONLY
2025-07-09,23:00,test,2025,2025,12,14.08064750706144,2.0806475070614407,12,14,false,2025,2025-07,macro_non_southerly,13.034713804713805,1.034713804713805,13,false,-1.0459337023476358,-1.0459337023476358,0,true,false,false,false,1.034713804713805,2.0806475070614407,EXPERIMENT_ONLY
2025-07-10,20:00,test,2025,2025,16,14.59410718808664,1.4058928119133594,16,15,false,2025,2025-07,macro_non_southerly,15.000622895622897,0.9993771043771034,15,false,-0.406515707536256,0.406515707536256,0,true,false,false,false,-0.9993771043771034,-1.4058928119133594,EXPERIMENT_ONLY
2025-07-10,21:00,test,2025,2025,16,14.758702848108175,1.2412971518918248,16,15,false,2025,2025-07,macro_non_southerly,15.000622895622897,0.9993771043771034,15,false,-0.2419200475147214,0.2419200475147214,0,true,false,false,false,-0.9993771043771034,-1.2412971518918248,EXPERIMENT_ONLY
2025-07-10,22:00,test,2025,2025,16,14.329082885203873,1.6709171147961275,16,14,false,2025,2025-07,macro_non_southerly,15.000622895622897,0.9993771043771034,15,false,-0.6715400104190241,0.6715400104190241,0,true,false,false,false,-0.9993771043771034,-1.6709171147961275,EXPERIMENT_ONLY
2025-07-10,23:00,test,2025,2025,16,14.600877133637484,1.3991228663625161,16,15,false,2025,2025-07,macro_non_southerly,15.000622895622897,0.9993771043771034,15,false,-0.3997457619854128,0.3997457619854128,0,true,false,false,false,-0.9993771043771034,-1.3991228663625161,EXPERIMENT_ONLY
2025-07-11,20:00,test,2025,2025,16,16.75544909698801,0.7554490969880092,16,17,false,2025,2025-07,macro_non_southerly,15.97452861952862,0.0254713804713802,16,true,-0.729977716516629,-0.7809204774593894,1,true,false,false,true,-0.0254713804713802,0.7554490969880092,EXPERIMENT_ONLY
2025-07-11,21:00,test,2025,2025,16,16.550612142682397,0.5506121426823967,16,17,false,2025,2025-07,macro_non_southerly,15.97452861952862,0.0254713804713802,16,true,-0.5251407622110165,-0.5760835231537769,1,true,false,false,true,-0.0254713804713802,0.5506121426823967,EXPERIMENT_ONLY
2025-07-11,22:00,test,2025,2025,16,16.338504915234946,0.33850491523494597,16,16,true,2025,2025-07,macro_non_southerly,15.97452861952862,0.0254713804713802,16,true,-0.31303353476356577,-0.36397629570632617,0,true,false,false,false,-0.0254713804713802,0.33850491523494597,EXPERIMENT_ONLY
2025-07-11,23:00,test,2025,2025,16,16.304832072155172,0.30483207215517183,16,16,true,2025,2025-07,macro_non_southerly,15.97452861952862,0.0254713804713802,16,true,-0.27936069168379163,-0.33030345262655203,0,true,false,false,false,-0.0254713804713802,0.30483207215517183,EXPERIMENT_ONLY
2025-07-12,20:00,test,2025,2025,15,15.12984177031937,0.12984177031936994,15,15,true,2025,2025-07,macro_non_southerly,14.737239057239057,0.2627609427609432,15,true,0.13291917244157325,-0.39260271308031314,0,false,true,false,false,-0.2627609427609432,0.12984177031936994,EXPERIMENT_ONLY
2025-07-12,21:00,test,2025,2025,15,15.157273268684238,0.15727326868423752,15,15,true,2025,2025-07,macro_non_southerly,14.737239057239057,0.2627609427609432,15,true,0.10548767407670567,-0.4200342114451807,0,false,true,false,false,-0.2627609427609432,0.15727326868423752,EXPERIMENT_ONLY
2025-07-12,22:00,test,2025,2025,15,14.640691576315728,0.35930842368427207,15,15,true,2025,2025-07,macro_non_southerly,14.737239057239057,0.2627609427609432,15,true,-0.09654748092332888,0.09654748092332888,0,true,false,false,false,-0.2627609427609432,-0.35930842368427207,EXPERIMENT_ONLY
2025-07-12,23:00,test,2025,2025,15,14.813732447799014,0.18626755220098623,15,15,true,2025,2025-07,macro_non_southerly,14.737239057239057,0.2627609427609432,15,true,0.07649339055995696,-0.07649339055995696,0,false,true,false,false,-0.2627609427609432,-0.18626755220098623,EXPERIMENT_ONLY
2025-07-13,20:00,test,2025,2025,15,14.950414411692517,0.049585588307483164,15,15,true,2025,2025-07,macro_non_southerly,14.352390572390572,0.647609427609428,14,false,0.5980238393019448,-0.5980238393019448,-1,false,true,true,false,-0.647609427609428,-0.049585588307483164,EXPERIMENT_ONLY
2025-07-13,21:00,test,2025,2025,15,15.014576156861718,0.014576156861718204,15,15,true,2025,2025-07,macro_non_southerly,14.352390572390572,0.647609427609428,14,false,0.6330332707477098,-0.6621855844711462,-1,false,true,true,false,-0.647609427609428,0.014576156861718204,EXPERIMENT_ONLY
2025-07-13,22:00,test,2025,2025,15,14.362672655081944,0.6373273449180559,15,14,false,2025,2025-07,macro_non_southerly,14.352390572390572,0.647609427609428,14,false,0.010282082691372096,-0.010282082691372096,0,false,true,false,false,-0.647609427609428,-0.6373273449180559,EXPERIMENT_ONLY
2025-07-13,23:00,test,2025,2025,15,14.366174409824346,0.633825590175654,15,14,false,2025,2025-07,macro_non_southerly,14.352390572390572,0.647609427609428,14,false,0.013783837433773982,-0.013783837433773982,0,false,true,false,false,-0.647609427609428,-0.633825590175654,EXPERIMENT_ONLY
2025-07-14,20:00,test,2025,2025,14,14.139395655953537,0.1393956559535372,14,14,true,2025,2025-07,macro_non_southerly,14.105084175084174,0.10508417508417445,14,true,-0.034311480869362754,-0.034311480869362754,0,true,false,false,false,0.10508417508417445,0.1393956559535372,EXPERIMENT_ONLY
2025-07-14,21:00,test,2025,2025,14,14.204460980776421,0.20446098077642105,14,14,true,2025,2025-07,macro_non_southerly,14.105084175084174,0.10508417508417445,14,true,-0.0993768056922466,-0.0993768056922466,0,true,false,false,false,0.10508417508417445,0.20446098077642105,EXPERIMENT_ONLY
2025-07-14,22:00,test,2025,2025,14,14.031399994339422,0.031399994339421866,14,14,true,2025,2025-07,macro_non_southerly,14.105084175084174,0.10508417508417445,14,true,0.07368418074475258,0.07368418074475258,0,false,true,false,false,0.10508417508417445,0.031399994339421866,EXPERIMENT_ONLY
2025-07-14,23:00,test,2025,2025,14,14.201904335793671,0.20190433579367095,14,14,true,2025,2025-07,macro_non_southerly,14.105084175084174,0.10508417508417445,14,true,-0.0968201607094965,-0.0968201607094965,0,true,false,false,false,0.10508417508417445,0.20190433579367095,EXPERIMENT_ONLY
2025-07-15,20:00,test,2025,2025,15,14.904814715131536,0.09518528486846378,15,15,true,2025,2025-07,macro_non_southerly,14.413838383838385,0.5861616161616148,14,false,0.490976331293151,-0.490976331293151,-1,false,true,true,false,-0.5861616161616148,-0.09518528486846378,EXPERIMENT_ONLY
2025-07-15,21:00,test,2025,2025,15,15.000390725375993,0.00039072537599338375,15,15,true,2025,2025-07,macro_non_southerly,14.413838383838385,0.5861616161616148,14,false,0.5857708907856214,-0.5865523415376082,-1,false,true,true,false,-0.5861616161616148,0.00039072537599338375,EXPERIMENT_ONLY
2025-07-15,22:00,test,2025,2025,15,14.898178184235764,0.10182181576423588,15,15,true,2025,2025-07,macro_non_southerly,14.413838383838385,0.5861616161616148,14,false,0.4843398003973789,-0.4843398003973789,-1,false,true,true,false,-0.5861616161616148,-0.10182181576423588,EXPERIMENT_ONLY
2025-07-15,23:00,test,2025,2025,15,15.066603901174867,0.06660390117486692,15,15,true,2025,2025-07,macro_non_southerly,14.413838383838385,0.5861616161616148,14,false,0.5195577149867479,-0.6527655173364817,-1,false,true,true,false,-0.5861616161616148,0.06660390117486692,EXPERIMENT_ONLY
2025-07-16,20:00,test,2025,2025,14,12.361768572831572,1.638231427168428,14,12,false,2025,2025-07,macro_southerly_flow,13.444983164983164,0.5550168350168363,13,false,-1.0832145921515917,1.0832145921515917,0,true,false,false,false,-0.5550168350168363,-1.638231427168428,EXPERIMENT_ONLY
2025-07-16,21:00,test,2025,2025,14,12.690608718744844,1.3093912812551558,14,13,false,2025,2025-07,macro_southerly_flow,13.444983164983164,0.5550168350168363,13,false,-0.7543744462383195,0.7543744462383195,0,true,false,false,false,-0.5550168350168363,-1.3093912812551558,EXPERIMENT_ONLY
2025-07-16,22:00,test,2025,2025,14,13.257428831205203,0.7425711687947967,14,13,false,2025,2025-07,macro_non_southerly,13.444983164983164,0.5550168350168363,13,false,-0.18755433377796038,0.18755433377796038,0,true,false,false,false,-0.5550168350168363,-0.7425711687947967,EXPERIMENT_ONLY
2025-07-16,23:00,test,2025,2025,14,13.496938949443205,0.503061050556795,14,13,false,2025,2025-07,macro_non_southerly,13.444983164983164,0.5550168350168363,13,false,0.05195578446004134,-0.05195578446004134,0,false,true,false,false,-0.5550168350168363,-0.503061050556795,EXPERIMENT_ONLY
2025-07-17,20:00,test,2025,2025,13,12.394867296476605,0.6051327035233953,13,12,false,2025,2025-07,macro_non_southerly,12.946919191919191,0.05308080808080895,13,true,-0.5520518954425864,0.5520518954425864,1,true,false,false,true,-0.05308080808080895,-0.6051327035233953,EXPERIMENT_ONLY
2025-07-17,21:00,test,2025,2025,13,12.688776102820048,0.3112238971799517,13,13,true,2025,2025-07,macro_non_southerly,12.946919191919191,0.05308080808080895,13,true,-0.25814308909914274,0.25814308909914274,0,true,false,false,false,-0.05308080808080895,-0.3112238971799517,EXPERIMENT_ONLY
2025-07-17,22:00,test,2025,2025,13,13.17069015699998,0.1706901569999797,13,13,true,2025,2025-07,macro_non_southerly,12.946919191919191,0.05308080808080895,13,true,-0.11760934891917074,-0.22377096508078864,0,true,false,false,false,-0.05308080808080895,0.1706901569999797,EXPERIMENT_ONLY
2025-07-17,23:00,test,2025,2025,13,13.47179448619906,0.4717944861990606,13,13,true,2025,2025-07,macro_non_southerly,12.946919191919191,0.05308080808080895,13,true,-0.41871367811825166,-0.5248752942798696,0,true,false,false,false,-0.05308080808080895,0.4717944861990606,EXPERIMENT_ONLY
2025-07-18,20:00,test,2025,2025,12,11.922889891790966,0.07711010820903397,12,12,true,2025,2025-07,macro_southerly_flow,12.136228956228956,0.13622895622895648,12,true,0.05911884801992251,0.21333906443799044,0,false,true,false,false,0.13622895622895648,-0.07711010820903397,EXPERIMENT_ONLY
2025-07-18,21:00,test,2025,2025,12,12.055959460146102,0.0559594601461022,12,12,true,2025,2025-07,macro_southerly_flow,12.136228956228956,0.13622895622895648,12,true,0.08026949608285427,0.08026949608285427,0,false,true,false,false,0.13622895622895648,0.0559594601461022,EXPERIMENT_ONLY
2025-07-18,22:00,test,2025,2025,12,11.805835444579381,0.1941645554206186,12,12,true,2025,2025-07,macro_southerly_flow,12.136228956228956,0.13622895622895648,12,true,-0.057935599191662135,0.3303935116495751,0,true,false,false,false,0.13622895622895648,-0.1941645554206186,EXPERIMENT_ONLY
2025-07-18,23:00,test,2025,2025,12,12.045178574571528,0.045178574571528074,12,12,true,2025,2025-07,macro_southerly_flow,12.136228956228956,0.13622895622895648,12,true,0.0910503816574284,0.0910503816574284,0,false,true,false,false,0.13622895622895648,0.045178574571528074,EXPERIMENT_ONLY
2025-07-19,20:00,test,2025,2025,13,12.799569532340065,0.20043046765993466,13,13,true,2025,2025-07,macro_non_southerly,12.667457912457913,0.33254208754208747,13,true,0.1321116198821528,-0.1321116198821528,0,false,true,false,false,-0.33254208754208747,-0.20043046765993466,EXPERIMENT_ONLY
2025-07-19,21:00,test,2025,2025,13,12.606126024913637,0.3938739750863629,13,13,true,2025,2025-07,macro_non_southerly,12.667457912457913,0.33254208754208747,13,true,-0.06133188754427543,0.06133188754427543,0,true,false,false,false,-0.33254208754208747,-0.3938739750863629,EXPERIMENT_ONLY
2025-07-19,22:00,test,2025,2025,13,12.275581032075756,0.7244189679242439,13,12,false,2025,2025-07,macro_non_southerly,12.667457912457913,0.33254208754208747,13,true,-0.3918768803821564,0.3918768803821564,1,true,false,false,true,-0.33254208754208747,-0.7244189679242439,EXPERIMENT_ONLY
2025-07-19,23:00,test,2025,2025,13,12.275804283364346,0.7241957166356539,13,12,false,2025,2025-07,macro_non_southerly,12.667457912457913,0.33254208754208747,13,true,-0.3916536290935664,0.3916536290935664,1,true,false,false,true,-0.33254208754208747,-0.7241957166356539,EXPERIMENT_ONLY
2025-07-20,20:00,test,2025,2025,12,11.654662061582975,0.34533793841702476,12,12,true,2025,2025-07,macro_southerly_flow,11.889175084175085,0.1108249158249155,12,true,-0.23451302259210927,0.23451302259210927,0,true,false,false,false,-0.1108249158249155,-0.34533793841702476,EXPERIMENT_ONLY
2025-07-20,21:00,test,2025,2025,12,11.643094008008275,0.35690599199172546,12,12,true,2025,2025-07,macro_southerly_flow,11.889175084175085,0.1108249158249155,12,true,-0.24608107616680996,0.24608107616680996,0,true,false,false,false,-0.1108249158249155,-0.35690599199172546,EXPERIMENT_ONLY
2025-07-20,22:00,test,2025,2025,12,11.417487373854465,0.5825126261455349,12,11,false,2025,2025-07,macro_southerly_flow,11.889175084175085,0.1108249158249155,12,true,-0.4716877103206194,0.4716877103206194,1,true,false,false,true,-0.1108249158249155,-0.5825126261455349,EXPERIMENT_ONLY
2025-07-20,23:00,test,2025,2025,12,11.486431254129739,0.5135687458702609,12,11,false,2025,2025-07,macro_southerly_flow,11.889175084175085,0.1108249158249155,12,true,-0.4027438300453454,0.4027438300453454,1,true,false,false,true,-0.1108249158249155,-0.5135687458702609,EXPERIMENT_ONLY
2025-07-21,20:00,test,2025,2025,12,10.664673924549314,1.335326075450686,12,11,false,2025,2025-07,macro_southerly_flow,11.810555555555554,0.18944444444444564,12,true,-1.1458816310062403,1.1458816310062403,1,true,false,false,true,-0.18944444444444564,-1.335326075450686,EXPERIMENT_ONLY
2025-07-21,21:00,test,2025,2025,12,11.09180893052027,0.9081910694797308,12,11,false,2025,2025-07,macro_southerly_flow,11.810555555555554,0.18944444444444564,12,true,-0.7187466250352852,0.7187466250352852,1,true,false,false,true,-0.18944444444444564,-0.9081910694797308,EXPERIMENT_ONLY
2025-07-21,22:00,test,2025,2025,12,10.943610996719302,1.0563890032806977,12,11,false,2025,2025-07,macro_southerly_flow,11.810555555555554,0.18944444444444564,12,true,-0.8669445588362521,0.8669445588362521,1,true,false,false,true,-0.18944444444444564,-1.0563890032806977,EXPERIMENT_ONLY
2025-07-21,23:00,test,2025,2025,12,11.078905539440962,0.9210944605590381,12,11,false,2025,2025-07,macro_southerly_flow,11.810555555555554,0.18944444444444564,12,true,-0.7316500161145925,0.7316500161145925,1,true,false,false,true,-0.18944444444444564,-0.9210944605590381,EXPERIMENT_ONLY
2025-07-22,20:00,test,2025,2025,12,11.700744971068671,0.29925502893132894,12,12,true,2025,2025-07,macro_southerly_flow,12.220488215488215,0.2204882154882153,12,true,-0.07876681344311365,0.5197432444195442,0,true,false,false,false,0.2204882154882153,-0.29925502893132894,EXPERIMENT_ONLY
2025-07-22,21:00,test,2025,2025,12,11.636849645279746,0.36315035472025414,12,12,true,2025,2025-07,macro_southerly_flow,12.220488215488215,0.2204882154882153,12,true,-0.14266213923203885,0.5836385702084694,0,true,false,false,false,0.2204882154882153,-0.36315035472025414,EXPERIMENT_ONLY
2025-07-22,22:00,test,2025,2025,12,11.08355805371671,0.9164419462832907,12,11,false,2025,2025-07,macro_southerly_flow,12.220488215488215,0.2204882154882153,12,true,-0.6959537307950754,1.136930161771506,1,true,false,false,true,0.2204882154882153,-0.9164419462832907,EXPERIMENT_ONLY
2025-07-22,23:00,test,2025,2025,12,11.256912328750547,0.7430876712494534,12,11,false,2025,2025-07,macro_southerly_flow,12.220488215488215,0.2204882154882153,12,true,-0.5225994557612381,0.9635758867376687,1,true,false,false,true,0.2204882154882153,-0.7430876712494534,EXPERIMENT_ONLY
2025-07-23,20:00,test,2025,2025,12,11.560607200009118,0.4393927999908822,12,12,true,2025,2025-07,macro_southerly_flow,12.29077441077441,0.2907744107744108,12,true,-0.1486183892164714,0.730167210765293,0,true,false,false,false,0.2907744107744108,-0.4393927999908822,EXPERIMENT_ONLY
2025-07-23,21:00,test,2025,2025,12,11.856739366239644,0.14326063376035592,12,12,true,2025,2025-07,macro_southerly_flow,12.29077441077441,0.2907744107744108,12,true,0.14751377701405488,0.4340350445347667,0,false,true,false,false,0.2907744107744108,-0.14326063376035592,EXPERIMENT_ONLY
2025-07-23,22:00,test,2025,2025,12,11.8355046295274,0.16449537047260065,12,12,true,2025,2025-07,macro_southerly_flow,12.29077441077441,0.2907744107744108,12,true,0.12627904030181014,0.45526978124701145,0,false,true,false,false,0.2907744107744108,-0.16449537047260065,EXPERIMENT_ONLY
2025-07-23,23:00,test,2025,2025,12,12.107239174518577,0.10723917451857723,12,12,true,2025,2025-07,macro_southerly_flow,12.29077441077441,0.2907744107744108,12,true,0.18353523625583357,0.18353523625583357,0,false,true,false,false,0.2907744107744108,0.10723917451857723,EXPERIMENT_ONLY
2025-07-24,20:00,test,2025,2025,14,12.71925325445934,1.2807467455406591,14,13,false,2025,2025-07,macro_non_southerly,13.092542087542087,0.9074579124579127,13,false,-0.3732888330827464,0.3732888330827464,0,true,false,false,false,-0.9074579124579127,-1.2807467455406591,EXPERIMENT_ONLY
2025-07-24,21:00,test,2025,2025,14,13.252691078772079,0.7473089212279209,14,13,false,2025,2025-07,macro_non_southerly,13.092542087542087,0.9074579124579127,13,false,0.16014899122999182,-0.16014899122999182,0,false,true,false,false,-0.9074579124579127,-0.7473089212279209,EXPERIMENT_ONLY
2025-07-24,22:00,test,2025,2025,14,13.746106938974537,0.2538930610254635,14,14,true,2025,2025-07,macro_non_southerly,13.092542087542087,0.9074579124579127,13,false,0.6535648514324492,-0.6535648514324492,-1,false,true,true,false,-0.9074579124579127,-0.2538930610254635,EXPERIMENT_ONLY
2025-07-24,23:00,test,2025,2025,14,14.218748613422663,0.2187486134226635,14,14,true,2025,2025-07,macro_non_southerly,13.092542087542087,0.9074579124579127,13,false,0.6887092990352492,-1.1262065258805762,-1,false,true,true,false,-0.9074579124579127,0.2187486134226635,EXPERIMENT_ONLY
2025-07-25,20:00,test,2025,2025,14,13.645652519627564,0.3543474803724358,14,14,true,2025,2025-07,macro_non_southerly,13.411228956228957,0.5887710437710432,13,false,0.23442356339860737,-0.23442356339860737,-1,false,true,true,false,-0.5887710437710432,-0.3543474803724358,EXPERIMENT_ONLY
2025-07-25,21:00,test,2025,2025,14,13.911774552879159,0.08822544712084124,14,14,true,2025,2025-07,macro_non_southerly,13.411228956228957,0.5887710437710432,13,false,0.5005455966502019,-0.5005455966502019,-1,false,true,true,false,-0.5887710437710432,-0.08822544712084124,EXPERIMENT_ONLY
2025-07-25,22:00,test,2025,2025,14,13.84878841058816,0.1512115894118402,14,14,true,2025,2025-07,macro_non_southerly,13.411228956228957,0.5887710437710432,13,false,0.43755945435920296,-0.43755945435920296,-1,false,true,true,false,-0.5887710437710432,-0.1512115894118402,EXPERIMENT_ONLY
2025-07-25,23:00,test,2025,2025,14,14.152459750458334,0.15245975045833404,14,14,true,2025,2025-07,macro_non_southerly,13.411228956228957,0.5887710437710432,13,false,0.4363112933127091,-0.7412307942293772,-1,false,true,true,false,-0.5887710437710432,0.15245975045833404,EXPERIMENT_ONLY
2025-07-26,20:00,test,2025,2025,15,13.471820086552112,1.5281799134478877,15,13,false,2025,2025-07,macro_non_southerly,13.765942760942762,1.234057239057238,14,false,-0.29412267439064976,0.29412267439064976,0,true,false,false,false,-1.234057239057238,-1.5281799134478877,EXPERIMENT_ONLY
2025-07-26,21:00,test,2025,2025,15,13.63113295088437,1.3688670491156305,15,14,false,2025,2025-07,macro_non_southerly,13.765942760942762,1.234057239057238,14,false,-0.13480981005839254,0.13480981005839254,0,true,false,false,false,-1.234057239057238,-1.3688670491156305,EXPERIMENT_ONLY
2025-07-26,22:00,test,2025,2025,15,13.866904296688125,1.1330957033118754,15,14,false,2025,2025-07,macro_non_southerly,13.765942760942762,1.234057239057238,14,false,0.1009615357453626,-0.1009615357453626,0,false,true,false,false,-1.234057239057238,-1.1330957033118754,EXPERIMENT_ONLY
2025-07-26,23:00,test,2025,2025,15,14.132177411334158,0.8678225886658417,15,14,false,2025,2025-07,macro_non_southerly,13.765942760942762,1.234057239057238,14,false,0.36623465039139624,-0.36623465039139624,0,false,true,false,false,-1.234057239057238,-0.8678225886658417,EXPERIMENT_ONLY
2025-07-27,20:00,test,2025,2025,15,14.530159057160693,0.46984094283930666,15,15,true,2025,2025-07,macro_non_southerly,14.30020202020202,0.6997979797979799,14,false,0.2299570369586732,-0.2299570369586732,-1,false,true,true,false,-0.6997979797979799,-0.46984094283930666,EXPERIMENT_ONLY
2025-07-27,21:00,test,2025,2025,15,14.55635686117366,0.44364313882634043,15,15,true,2025,2025-07,macro_non_southerly,14.30020202020202,0.6997979797979799,14,false,0.25615484097163943,-0.25615484097163943,-1,false,true,true,false,-0.6997979797979799,-0.44364313882634043,EXPERIMENT_ONLY
2025-07-27,22:00,test,2025,2025,15,14.251139475100125,0.7488605248998752,15,14,false,2025,2025-07,macro_non_southerly,14.30020202020202,0.6997979797979799,14,false,-0.04906254510189534,0.04906254510189534,0,true,false,false,false,-0.6997979797979799,-0.7488605248998752,EXPERIMENT_ONLY
2025-07-27,23:00,test,2025,2025,15,14.489032151768715,0.5109678482312852,15,14,false,2025,2025-07,macro_non_southerly,14.30020202020202,0.6997979797979799,14,false,0.1888301315666947,-0.1888301315666947,0,false,true,false,false,-0.6997979797979799,-0.5109678482312852,EXPERIMENT_ONLY
2025-07-28,20:00,test,2025,2025,14,15.262697763551989,1.262697763551989,14,15,false,2025,2025-07,macro_southerly_flow,14.325707070707072,0.3257070707070717,14,true,-0.9369906928449172,-0.9369906928449172,1,true,false,false,true,0.3257070707070717,1.262697763551989,EXPERIMENT_ONLY
2025-07-28,21:00,test,2025,2025,14,15.104067935844572,1.1040679358445722,14,15,false,2025,2025-07,macro_non_southerly,14.325707070707072,0.3257070707070717,14,true,-0.7783608651375005,-0.7783608651375005,1,true,false,false,true,0.3257070707070717,1.1040679358445722,EXPERIMENT_ONLY
2025-07-28,22:00,test,2025,2025,14,14.740328426390533,0.7403284263905334,14,15,false,2025,2025-07,macro_non_southerly,14.325707070707072,0.3257070707070717,14,true,-0.4146213556834617,-0.4146213556834617,1,true,false,false,true,0.3257070707070717,0.7403284263905334,EXPERIMENT_ONLY
2025-07-28,23:00,test,2025,2025,14,14.873219897287813,0.8732198972878127,14,15,false,2025,2025-07,macro_non_southerly,14.325707070707072,0.3257070707070717,14,true,-0.547512826580741,-0.547512826580741,1,true,false,false,true,0.3257070707070717,0.8732198972878127,EXPERIMENT_ONLY
2025-07-29,20:00,test,2025,2025,16,16.226319471237616,0.2263194712376162,16,16,true,2025,2025-07,macro_southerly_flow,15.867794612794611,0.13220538720538855,16,true,-0.09411408403222765,-0.35852485844300475,0,true,false,false,false,-0.13220538720538855,0.2263194712376162,EXPERIMENT_ONLY
2025-07-29,21:00,test,2025,2025,16,16.38837011935847,0.3883701193584699,16,16,true,2025,2025-07,macro_southerly_flow,15.867794612794611,0.13220538720538855,16,true,-0.25616473215308133,-0.5205755065638584,0,true,false,false,false,-0.13220538720538855,0.3883701193584699,EXPERIMENT_ONLY
2025-07-29,22:00,test,2025,2025,16,16.522509349848043,0.5225093498480433,16,17,false,2025,2025-07,macro_southerly_flow,15.867794612794611,0.13220538720538855,16,true,-0.39030396264265477,-0.6547147370534319,1,true,false,false,true,-0.13220538720538855,0.5225093498480433,EXPERIMENT_ONLY
2025-07-29,23:00,test,2025,2025,16,15.691010382830138,0.3089896171698623,16,16,true,2025,2025-07,macro_non_southerly,15.867794612794611,0.13220538720538855,16,true,-0.17678422996447374,0.17678422996447374,0,true,false,false,false,-0.13220538720538855,-0.3089896171698623,EXPERIMENT_ONLY
2025-07-30,20:00,test,2025,2025,15,15.299648198608242,0.2996481986082422,15,15,true,2025,2025-07,macro_non_southerly,14.513670033670035,0.48632996632996495,15,true,0.18668176772172274,-0.7859781649382072,0,false,true,false,false,-0.48632996632996495,0.2996481986082422,EXPERIMENT_ONLY
2025-07-30,21:00,test,2025,2025,15,15.3584602299485,0.35846022994850024,15,15,true,2025,2025-07,macro_non_southerly,14.513670033670035,0.48632996632996495,15,true,0.1278697363814647,-0.8447901962784652,0,false,true,false,false,-0.48632996632996495,0.35846022994850024,EXPERIMENT_ONLY
2025-07-30,22:00,test,2025,2025,15,14.678849773377818,0.32115022662218173,15,15,true,2025,2025-07,macro_non_southerly,14.513670033670035,0.48632996632996495,15,true,0.1651797397077832,-0.1651797397077832,0,false,true,false,false,-0.48632996632996495,-0.32115022662218173,EXPERIMENT_ONLY
2025-07-30,23:00,test,2025,2025,15,14.780165316486292,0.21983468351370838,15,15,true,2025,2025-07,macro_non_southerly,14.513670033670035,0.48632996632996495,15,true,0.26649528281625656,-0.26649528281625656,0,false,true,false,false,-0.48632996632996495,-0.21983468351370838,EXPERIMENT_ONLY
2025-07-31,20:00,test,2025,2025,12,11.6029367371688,0.39706326283119964,12,12,true,2025,2025-07,macro_southerly_flow,12.333787878787879,0.33378787878787897,12,true,-0.06327538404332067,0.7308511416190786,0,true,false,false,false,0.33378787878787897,-0.39706326283119964,EXPERIMENT_ONLY
2025-07-31,21:00,test,2025,2025,12,11.53001297452472,0.46998702547528026,12,12,true,2025,2025-07,macro_southerly_flow,12.333787878787879,0.33378787878787897,12,true,-0.1361991466874013,0.8037749042631592,0,true,false,false,false,0.33378787878787897,-0.46998702547528026,EXPERIMENT_ONLY
2025-07-31,22:00,test,2025,2025,12,10.961607568477577,1.038392431522423,12,11,false,2025,2025-07,macro_southerly_flow,12.333787878787879,0.33378787878787897,12,true,-0.7046045527345441,1.372180310310302,1,true,false,false,true,0.33378787878787897,-1.038392431522423,EXPERIMENT_ONLY
2025-07-31,23:00,test,2025,2025,12,10.790543043960783,1.209456956039217,12,11,false,2025,2025-07,macro_southerly_flow,12.333787878787879,0.33378787878787897,12,true,-0.875669077251338,1.543244834827096,1,true,false,false,true,0.33378787878787897,-1.209456956039217,EXPERIMENT_ONLY
2025-08-01,20:00,test,2025,2025,11,10.012624644565067,0.9873753554349332,11,10,false,2025,2025-08,macro_southerly_flow,10.87553872053872,0.12446127946127916,11,true,-0.862914075973654,0.862914075973654,1,true,false,false,true,-0.12446127946127916,-0.9873753554349332,EXPERIMENT_ONLY
2025-08-01,21:00,test,2025,2025,11,10.008979504965296,0.9910204950347037,11,10,false,2025,2025-08,macro_southerly_flow,10.87553872053872,0.12446127946127916,11,true,-0.8665592155734245,0.8665592155734245,1,true,false,false,true,-0.12446127946127916,-0.9910204950347037,EXPERIMENT_ONLY
2025-08-01,22:00,test,2025,2025,11,9.581081404146456,1.418918595853544,11,10,false,2025,2025-08,macro_southerly_flow,10.87553872053872,0.12446127946127916,11,true,-1.2944573163922648,1.2944573163922648,1,true,false,false,true,-0.12446127946127916,-1.418918595853544,EXPERIMENT_ONLY
2025-08-01,23:00,test,2025,2025,11,9.302770548396975,1.6972294516030253,11,9,false,2025,2025-08,macro_southerly_flow,10.87553872053872,0.12446127946127916,11,true,-1.5727681721417461,1.5727681721417461,1,true,false,false,true,-0.12446127946127916,-1.6972294516030253,EXPERIMENT_ONLY
2025-08-02,20:00,test,2025,2025,14,12.430758888922655,1.5692411110773445,14,12,false,2025,2025-08,macro_non_southerly,13.126127946127944,0.8738720538720557,13,false,-0.6953690572052889,0.6953690572052889,0,true,false,false,false,-0.8738720538720557,-1.5692411110773445,EXPERIMENT_ONLY
2025-08-02,21:00,test,2025,2025,14,12.696409199743972,1.3035908002560284,14,13,false,2025,2025-08,macro_non_southerly,13.126127946127944,0.8738720538720557,13,false,-0.42971874638397267,0.42971874638397267,0,true,false,false,false,-0.8738720538720557,-1.3035908002560284,EXPERIMENT_ONLY
2025-08-02,22:00,test,2025,2025,14,12.754984476128499,1.2450155238715013,14,13,false,2025,2025-08,macro_non_southerly,13.126127946127944,0.8738720538720557,13,false,-0.3711434699994456,0.3711434699994456,0,true,false,false,false,-0.8738720538720557,-1.2450155238715013,EXPERIMENT_ONLY
2025-08-02,23:00,test,2025,2025,14,12.854900832527063,1.145099167472937,14,13,false,2025,2025-08,macro_non_southerly,13.126127946127944,0.8738720538720557,13,false,-0.27122711360088125,0.27122711360088125,0,true,false,false,false,-0.8738720538720557,-1.145099167472937,EXPERIMENT_ONLY
2025-08-03,20:00,test,2025,2025,11,10.891967706267371,0.10803229373262901,11,11,true,2025,2025-08,macro_southerly_flow,11.37722222222222,0.3772222222222208,11,true,0.2691899284895918,0.4852545159548498,0,false,true,false,false,0.3772222222222208,-0.10803229373262901,EXPERIMENT_ONLY
2025-08-03,21:00,test,2025,2025,11,10.81591162879599,0.18408837120401067,11,11,true,2025,2025-08,macro_southerly_flow,11.37722222222222,0.3772222222222208,11,true,0.19313385101821012,0.5613105934262315,0,false,true,false,false,0.3772222222222208,-0.18408837120401067,EXPERIMENT_ONLY
2025-08-03,22:00,test,2025,2025,11,10.197724743330568,0.8022752566694322,11,10,false,2025,2025-08,macro_southerly_flow,11.37722222222222,0.3772222222222208,11,true,-0.42505303444721143,1.179497478891653,1,true,false,false,true,0.3772222222222208,-0.8022752566694322,EXPERIMENT_ONLY
2025-08-03,23:00,test,2025,2025,11,10.33591374595681,0.6640862540431893,11,10,false,2025,2025-08,macro_southerly_flow,11.37722222222222,0.3772222222222208,11,true,-0.28686403182096853,1.0413084762654101,1,true,false,false,true,0.3772222222222208,-0.6640862540431893,EXPERIMENT_ONLY
2025-08-04,20:00,test,2025,2025,11,10.827100150552887,0.17289984944711279,11,11,true,2025,2025-08,macro_southerly_flow,12.207356902356901,1.207356902356901,12,false,1.0344570529097883,1.3802567518040139,-1,false,true,true,false,1.207356902356901,-0.17289984944711279,EXPERIMENT_ONLY
2025-08-04,21:00,test,2025,2025,11,10.926267422639356,0.07373257736064431,11,11,true,2025,2025-08,macro_southerly_flow,12.207356902356901,1.207356902356901,12,false,1.1336243249962568,1.2810894797175454,-1,false,true,true,false,1.207356902356901,-0.07373257736064431,EXPERIMENT_ONLY
2025-08-04,22:00,test,2025,2025,11,10.800860619254518,0.199139380745482,11,11,true,2025,2025-08,macro_southerly_flow,12.207356902356901,1.207356902356901,12,false,1.008217521611419,1.406496283102383,-1,false,true,true,false,1.207356902356901,-0.199139380745482,EXPERIMENT_ONLY
2025-08-04,23:00,test,2025,2025,11,11.078384084054868,0.07838408405486774,11,11,true,2025,2025-08,macro_southerly_flow,12.207356902356901,1.207356902356901,12,false,1.1289728183020333,1.1289728183020333,-1,false,true,true,false,1.207356902356901,0.07838408405486774,EXPERIMENT_ONLY
2025-08-05,20:00,test,2025,2025,15,11.371853454010406,3.628146545989594,15,11,false,2025,2025-08,macro_non_southerly,13.414343434343435,1.5856565656565653,13,false,-2.0424899803330288,2.0424899803330288,0,true,false,false,false,-1.5856565656565653,-3.628146545989594,EXPERIMENT_ONLY
2025-08-05,21:00,test,2025,2025,15,11.77098228574054,3.2290177142594594,15,12,false,2025,2025-08,macro_non_southerly,13.414343434343435,1.5856565656565653,13,false,-1.643361148602894,1.643361148602894,0,true,false,false,false,-1.5856565656565653,-3.2290177142594594,EXPERIMENT_ONLY
2025-08-05,22:00,test,2025,2025,15,11.808604185742887,3.1913958142571133,15,12,false,2025,2025-08,macro_non_southerly,13.414343434343435,1.5856565656565653,13,false,-1.605739248600548,1.605739248600548,0,true,false,false,false,-1.5856565656565653,-3.1913958142571133,EXPERIMENT_ONLY
2025-08-05,23:00,test,2025,2025,15,12.01037644346034,2.9896235565396605,15,12,false,2025,2025-08,macro_non_southerly,13.414343434343435,1.5856565656565653,13,false,-1.4039669908830952,1.4039669908830952,0,true,false,false,false,-1.5856565656565653,-2.9896235565396605,EXPERIMENT_ONLY
2025-08-06,20:00,test,2025,2025,13,12.689360723558195,0.31063927644180467,13,13,true,2025,2025-08,macro_non_southerly,13.37276094276094,0.37276094276094085,13,true,0.06212166631913618,0.6834002192027455,0,false,true,false,false,0.37276094276094085,-0.31063927644180467,EXPERIMENT_ONLY
2025-08-06,21:00,test,2025,2025,13,13.152296812195427,0.15229681219542712,13,13,true,2025,2025-08,macro_non_southerly,13.37276094276094,0.37276094276094085,13,true,0.22046413056551373,0.22046413056551373,0,false,true,false,false,0.37276094276094085,0.15229681219542712,EXPERIMENT_ONLY
2025-08-06,22:00,test,2025,2025,13,13.706686577421044,0.7066865774210438,13,14,false,2025,2025-08,macro_non_southerly,13.37276094276094,0.37276094276094085,13,true,-0.33392563466010294,-0.33392563466010294,1,true,false,false,true,0.37276094276094085,0.7066865774210438,EXPERIMENT_ONLY
2025-08-06,23:00,test,2025,2025,13,14.11128585819609,1.1112858581960907,13,14,false,2025,2025-08,macro_non_southerly,13.37276094276094,0.37276094276094085,13,true,-0.7385249154351499,-0.7385249154351499,1,true,false,false,true,0.37276094276094085,1.1112858581960907,EXPERIMENT_ONLY
2025-08-07,20:00,test,2025,2025,15,13.651756622553739,1.348243377446261,15,14,false,2025,2025-08,macro_non_southerly,14.25314814814815,0.7468518518518508,14,false,-0.6013915255944102,0.6013915255944102,0,true,false,false,false,-0.7468518518518508,-1.348243377446261,EXPERIMENT_ONLY
2025-08-07,21:00,test,2025,2025,15,13.773336708803454,1.2266632911965463,15,14,false,2025,2025-08,macro_non_southerly,14.25314814814815,0.7468518518518508,14,false,-0.4798114393446955,0.4798114393446955,0,true,false,false,false,-0.7468518518518508,-1.2266632911965463,EXPERIMENT_ONLY
2025-08-07,22:00,test,2025,2025,15,13.628458343317318,1.3715416566826821,15,14,false,2025,2025-08,macro_non_southerly,14.25314814814815,0.7468518518518508,14,false,-0.6246898048308314,0.6246898048308314,0,true,false,false,false,-0.7468518518518508,-1.3715416566826821,EXPERIMENT_ONLY
2025-08-07,23:00,test,2025,2025,15,13.865993752376655,1.1340062476233452,15,14,false,2025,2025-08,macro_non_southerly,14.25314814814815,0.7468518518518508,14,false,-0.38715439577149446,0.38715439577149446,0,true,false,false,false,-0.7468518518518508,-1.1340062476233452,EXPERIMENT_ONLY
2025-08-08,20:00,test,2025,2025,14,13.686453736213073,0.31354626378692707,14,14,true,2025,2025-08,macro_non_southerly,14.543468013468013,0.5434680134680132,15,false,0.22992174968108614,0.8570142772549403,-1,false,true,true,false,0.5434680134680132,-0.31354626378692707,EXPERIMENT_ONLY
2025-08-08,21:00,test,2025,2025,14,13.758046495220743,0.24195350477925714,14,14,true,2025,2025-08,macro_non_southerly,14.543468013468013,0.5434680134680132,15,false,0.30151450868875607,0.7854215182472704,-1,false,true,true,false,0.5434680134680132,-0.24195350477925714,EXPERIMENT_ONLY
2025-08-08,22:00,test,2025,2025,14,13.109648979984074,0.8903510200159257,14,13,false,2025,2025-08,macro_non_southerly,14.543468013468013,0.5434680134680132,15,false,-0.3468830065479125,1.433819033483939,0,true,false,false,false,0.5434680134680132,-0.8903510200159257,EXPERIMENT_ONLY
2025-08-08,23:00,test,2025,2025,14,13.260188838144591,0.7398111618554086,14,13,false,2025,2025-08,macro_non_southerly,14.543468013468013,0.5434680134680132,15,false,-0.19634314838739542,1.2832791753234218,0,true,false,false,false,0.5434680134680132,-0.7398111618554086,EXPERIMENT_ONLY
2025-08-09,20:00,test,2025,2025,9,9.049268058393217,0.04926805839321702,9,9,true,2025,2025-08,macro_southerly_flow,9.640185185185185,0.6401851851851852,10,false,0.5909171267919682,0.5909171267919682,-1,false,true,true,false,0.6401851851851852,0.04926805839321702,EXPERIMENT_ONLY
2025-08-09,21:00,test,2025,2025,9,9.110847957943601,0.11084795794360147,9,9,true,2025,2025-08,macro_southerly_flow,9.640185185185185,0.6401851851851852,10,false,0.5293372272415837,0.5293372272415837,-1,false,true,true,false,0.6401851851851852,0.11084795794360147,EXPERIMENT_ONLY
2025-08-09,22:00,test,2025,2025,9,8.301482075743618,0.6985179242563824,9,8,false,2025,2025-08,macro_southerly_flow,9.640185185185185,0.6401851851851852,10,false,-0.05833273907119718,1.3387031094415676,0,true,false,false,false,0.6401851851851852,-0.6985179242563824,EXPERIMENT_ONLY
2025-08-09,23:00,test,2025,2025,9,8.476404183225771,0.523595816774229,9,8,false,2025,2025-08,macro_southerly_flow,9.640185185185185,0.6401851851851852,10,false,0.11658936841095624,1.1637810019594141,0,false,true,false,false,0.6401851851851852,-0.523595816774229,EXPERIMENT_ONLY
2025-08-10,20:00,test,2025,2025,9,8.143157615184757,0.8568423848152431,9,8,false,2025,2025-08,macro_southerly_flow,9.691700336700336,0.691700336700336,10,false,-0.16514204811490707,1.5485427215155791,0,true,false,false,false,0.691700336700336,-0.8568423848152431,EXPERIMENT_ONLY
2025-08-10,21:00,test,2025,2025,9,8.036331556272005,0.963668443727995,9,8,false,2025,2025-08,macro_southerly_flow,9.691700336700336,0.691700336700336,10,false,-0.27196810702765895,1.655368780428331,0,true,false,false,false,0.691700336700336,-0.963668443727995,EXPERIMENT_ONLY
2025-08-10,22:00,test,2025,2025,9,7.616415522172634,1.383584477827366,9,8,false,2025,2025-08,macro_southerly_flow,9.691700336700336,0.691700336700336,10,false,-0.69188414112703,2.075284814527702,0,true,false,false,false,0.691700336700336,-1.383584477827366,EXPERIMENT_ONLY
2025-08-10,23:00,test,2025,2025,9,7.721851302311775,1.2781486976882253,9,8,false,2025,2025-08,macro_southerly_flow,9.691700336700336,0.691700336700336,10,false,-0.5864483609878892,1.9698490343885613,0,true,false,false,false,0.691700336700336,-1.2781486976882253,EXPERIMENT_ONLY
2025-08-11,20:00,test,2025,2025,10,9.447701880297524,0.5522981197024759,10,9,false,2025,2025-08,macro_southerly_flow,10.6053367003367,0.6053367003367001,11,false,0.053038580634224175,1.157634820039176,0,false,true,false,false,0.6053367003367001,-0.5522981197024759,EXPERIMENT_ONLY
2025-08-11,21:00,test,2025,2025,10,9.476853514086198,0.5231464859138022,10,9,false,2025,2025-08,macro_southerly_flow,10.6053367003367,0.6053367003367001,11,false,0.08219021442289787,1.1284831862505023,0,false,true,false,false,0.6053367003367001,-0.5231464859138022,EXPERIMENT_ONLY
2025-08-11,22:00,test,2025,2025,10,9.184535452979457,0.815464547020543,10,9,false,2025,2025-08,macro_southerly_flow,10.6053367003367,0.6053367003367001,11,false,-0.210127846683843,1.4208012473572431,0,true,false,false,false,0.6053367003367001,-0.815464547020543,EXPERIMENT_ONLY
2025-08-11,23:00,test,2025,2025,10,9.324292288054014,0.6757077119459858,10,9,false,2025,2025-08,macro_southerly_flow,10.6053367003367,0.6053367003367001,11,false,-0.07037101160928572,1.2810444122826858,0,true,false,false,false,0.6053367003367001,-0.6757077119459858,EXPERIMENT_ONLY
2025-08-12,20:00,test,2025,2025,11,10.095711539723167,0.9042884602768329,11,10,false,2025,2025-08,macro_southerly_flow,10.73530303030303,0.26469696969697054,11,true,-0.6395914905798623,0.6395914905798623,1,true,false,false,true,-0.26469696969697054,-0.9042884602768329,EXPERIMENT_ONLY
2025-08-12,21:00,test,2025,2025,11,10.119519812924096,0.8804801870759036,11,10,false,2025,2025-08,macro_southerly_flow,10.73530303030303,0.26469696969697054,11,true,-0.615783217378933,0.615783217378933,1,true,false,false,true,-0.26469696969697054,-0.8804801870759036,EXPERIMENT_ONLY
2025-08-12,22:00,test,2025,2025,11,9.664282733760066,1.335717266239934,11,10,false,2025,2025-08,macro_southerly_flow,10.73530303030303,0.26469696969697054,11,true,-1.0710202965429634,1.0710202965429634,1,true,false,false,true,-0.26469696969697054,-1.335717266239934,EXPERIMENT_ONLY
2025-08-12,23:00,test,2025,2025,11,9.770321526379323,1.2296784736206767,11,10,false,2025,2025-08,macro_southerly_flow,10.73530303030303,0.26469696969697054,11,true,-0.9649815039237062,0.9649815039237062,1,true,false,false,true,-0.26469696969697054,-1.2296784736206767,EXPERIMENT_ONLY
2025-08-13,20:00,test,2025,2025,11,10.693407655458135,0.30659234454186546,11,11,true,2025,2025-08,macro_southerly_flow,11.250454545454545,0.25045454545454504,11,true,-0.05613779908732042,0.5570468899964105,0,true,false,false,false,0.25045454545454504,-0.30659234454186546,EXPERIMENT_ONLY
2025-08-13,21:00,test,2025,2025,11,10.757751362209074,0.24224863779092587,11,11,true,2025,2025-08,macro_southerly_flow,11.250454545454545,0.25045454545454504,11,true,0.008205907663619172,0.4927031832454709,0,false,true,false,false,0.25045454545454504,-0.24224863779092587,EXPERIMENT_ONLY
2025-08-13,22:00,test,2025,2025,11,10.42231989811177,0.5776801018882303,11,10,false,2025,2025-08,macro_southerly_flow,11.250454545454545,0.25045454545454504,11,true,-0.3272255564336852,0.8281346473427753,1,true,false,false,true,0.25045454545454504,-0.5776801018882303,EXPERIMENT_ONLY
2025-08-13,23:00,test,2025,2025,11,10.633854507953805,0.3661454920461953,11,11,true,2025,2025-08,macro_southerly_flow,11.250454545454545,0.25045454545454504,11,true,-0.11569094659165025,0.6166000375007403,0,true,false,false,false,0.25045454545454504,-0.3661454920461953,EXPERIMENT_ONLY
2025-08-14,20:00,test,2025,2025,12,11.75777524699307,0.24222475300692992,12,12,true,2025,2025-08,macro_non_southerly,12.141784511784511,0.14178451178451112,12,true,-0.10044024122241879,0.38400926479144104,0,true,false,false,false,0.14178451178451112,-0.24222475300692992,EXPERIMENT_ONLY
2025-08-14,21:00,test,2025,2025,12,12.257592563172354,0.2575925631723539,12,12,true,2025,2025-08,macro_non_southerly,12.141784511784511,0.14178451178451112,12,true,-0.11580805138784278,-0.11580805138784278,0,true,false,false,false,0.14178451178451112,0.2575925631723539,EXPERIMENT_ONLY
2025-08-14,22:00,test,2025,2025,12,11.844410322579186,0.15558967742081364,12,12,true,2025,2025-08,macro_non_southerly,12.141784511784511,0.14178451178451112,12,true,-0.013805165636302519,0.29737418920532477,0,true,false,false,false,0.14178451178451112,-0.15558967742081364,EXPERIMENT_ONLY
2025-08-14,23:00,test,2025,2025,12,11.43218589581035,0.5678141041896492,12,11,false,2025,2025-08,macro_non_southerly,12.141784511784511,0.14178451178451112,12,true,-0.42602959240513805,0.7095986159741603,1,true,false,false,true,0.14178451178451112,-0.5678141041896492,EXPERIMENT_ONLY
2025-08-15,20:00,test,2025,2025,15,13.14629722899505,1.8537027710049507,15,13,false,2025,2025-08,macro_non_southerly,13.653569023569025,1.346430976430975,14,false,-0.5072717945739758,0.5072717945739758,0,true,false,false,false,-1.346430976430975,-1.8537027710049507,EXPERIMENT_ONLY
2025-08-15,21:00,test,2025,2025,15,13.848531011256373,1.151468988743627,15,14,false,2025,2025-08,macro_non_southerly,13.653569023569025,1.346430976430975,14,false,0.19496198768734807,-0.19496198768734807,0,false,true,false,false,-1.346430976430975,-1.151468988743627,EXPERIMENT_ONLY
2025-08-15,22:00,test,2025,2025,15,14.188317661431086,0.8116823385689145,15,14,false,2025,2025-08,macro_non_southerly,13.653569023569025,1.346430976430975,14,false,0.5347486378620605,-0.5347486378620605,0,false,true,false,false,-1.346430976430975,-0.8116823385689145,EXPERIMENT_ONLY
2025-08-15,23:00,test,2025,2025,15,14.423811773241885,0.5761882267581147,15,14,false,2025,2025-08,macro_non_southerly,13.653569023569025,1.346430976430975,14,false,0.7702427496728603,-0.7702427496728603,0,false,true,false,false,-1.346430976430975,-0.5761882267581147,EXPERIMENT_ONLY
2025-08-16,20:00,test,2025,2025,13,14.198105335089704,1.1981053350897035,13,14,false,2025,2025-08,macro_non_southerly,13.37915824915825,0.3791582491582499,13,true,-0.8189470859314536,-0.8189470859314536,1,true,false,false,true,0.3791582491582499,1.1981053350897035,EXPERIMENT_ONLY
2025-08-16,21:00,test,2025,2025,13,14.123310797825471,1.1233107978254715,13,14,false,2025,2025-08,macro_non_southerly,13.37915824915825,0.3791582491582499,13,true,-0.7441525486672216,-0.7441525486672216,1,true,false,false,true,0.3791582491582499,1.1233107978254715,EXPERIMENT_ONLY
2025-08-16,22:00,test,2025,2025,13,14.133543513303946,1.1335435133039464,13,14,false,2025,2025-08,macro_non_southerly,13.37915824915825,0.3791582491582499,13,true,-0.7543852641456965,-0.7543852641456965,1,true,false,false,true,0.3791582491582499,1.1335435133039464,EXPERIMENT_ONLY
2025-08-16,23:00,test,2025,2025,13,14.434174864003298,1.4341748640032979,13,14,false,2025,2025-08,macro_non_southerly,13.37915824915825,0.3791582491582499,13,true,-1.055016614845048,-1.055016614845048,1,true,false,false,true,0.3791582491582499,1.4341748640032979,EXPERIMENT_ONLY
2025-08-17,20:00,test,2025,2025,14,14.166154874189143,0.166154874189143,14,14,true,2025,2025-08,macro_non_southerly,12.824612794612795,1.1753872053872048,13,false,1.0092323311980618,-1.3415420795763477,-1,false,true,true,false,-1.1753872053872048,0.166154874189143,EXPERIMENT_ONLY
2025-08-17,21:00,test,2025,2025,14,14.158459341867939,0.15845934186793897,14,14,true,2025,2025-08,macro_non_southerly,12.824612794612795,1.1753872053872048,13,false,1.0169278635192658,-1.3338465472551437,-1,false,true,true,false,-1.1753872053872048,0.15845934186793897,EXPERIMENT_ONLY
2025-08-17,22:00,test,2025,2025,14,13.990385843483791,0.009614156516208894,14,14,true,2025,2025-08,macro_non_southerly,12.824612794612795,1.1753872053872048,13,false,1.1657730488709959,-1.1657730488709959,-1,false,true,true,false,-1.1753872053872048,-0.009614156516208894,EXPERIMENT_ONLY
2025-08-17,23:00,test,2025,2025,14,14.02521191201854,0.02521191201853945,14,14,true,2025,2025-08,macro_non_southerly,12.824612794612795,1.1753872053872048,13,false,1.1501752933686653,-1.2005991174057442,-1,false,true,true,false,-1.1753872053872048,0.02521191201853945,EXPERIMENT_ONLY
2025-08-18,20:00,test,2025,2025,14,13.863442576197329,0.136557423802671,14,14,true,2025,2025-08,macro_non_southerly,14.027138047138047,0.027138047138047128,14,true,-0.10941937666462387,0.16369547094071812,0,true,false,false,false,0.027138047138047128,-0.136557423802671,EXPERIMENT_ONLY
2025-08-18,21:00,test,2025,2025,14,14.258553882904367,0.2585538829043674,14,14,true,2025,2025-08,macro_non_southerly,14.027138047138047,0.027138047138047128,14,true,-0.2314158357663203,-0.2314158357663203,0,true,false,false,false,0.027138047138047128,0.2585538829043674,EXPERIMENT_ONLY
2025-08-18,22:00,test,2025,2025,14,14.698560448637505,0.6985604486375045,14,15,false,2025,2025-08,macro_non_southerly,14.027138047138047,0.027138047138047128,14,true,-0.6714224014994574,-0.6714224014994574,1,true,false,false,true,0.027138047138047128,0.6985604486375045,EXPERIMENT_ONLY
2025-08-18,23:00,test,2025,2025,14,14.75803579782987,0.7580357978298693,14,15,false,2025,2025-08,macro_non_southerly,14.027138047138047,0.027138047138047128,14,true,-0.7308977506918222,-0.7308977506918222,1,true,false,false,true,0.027138047138047128,0.7580357978298693,EXPERIMENT_ONLY
2025-08-19,20:00,test,2025,2025,12,10.308203834975604,1.691796165024396,12,10,false,2025,2025-08,macro_southerly_flow,12.167542087542088,0.16754208754208832,12,true,-1.5242540774823077,1.8593382525664843,1,true,false,false,true,0.16754208754208832,-1.691796165024396,EXPERIMENT_ONLY
2025-08-19,21:00,test,2025,2025,12,10.384950249383012,1.615049750616988,12,10,false,2025,2025-08,macro_southerly_flow,12.167542087542088,0.16754208754208832,12,true,-1.4475076630748998,1.7825918381590764,1,true,false,false,true,0.16754208754208832,-1.615049750616988,EXPERIMENT_ONLY
2025-08-19,22:00,test,2025,2025,12,9.277009366622556,2.722990633377444,12,9,false,2025,2025-08,macro_southerly_flow,12.167542087542088,0.16754208754208832,12,true,-2.5554485458353557,2.8905327209195324,1,true,false,false,true,0.16754208754208832,-2.722990633377444,EXPERIMENT_ONLY
2025-08-19,23:00,test,2025,2025,12,9.517985232189309,2.482014767810691,12,10,false,2025,2025-08,macro_southerly_flow,12.167542087542088,0.16754208754208832,12,true,-2.3144726802686026,2.6495568553527793,1,true,false,false,true,0.16754208754208832,-2.482014767810691,EXPERIMENT_ONLY
2025-08-20,20:00,test,2025,2025,11,10.303557398303868,0.6964426016961323,11,10,false,2025,2025-08,macro_southerly_flow,11.361565656565656,0.36156565656565576,11,true,-0.3348769451304765,1.058008258261788,1,true,false,false,true,0.36156565656565576,-0.6964426016961323,EXPERIMENT_ONLY
2025-08-20,21:00,test,2025,2025,11,10.203364476672453,0.7966355233275468,11,10,false,2025,2025-08,macro_southerly_flow,11.361565656565656,0.36156565656565576,11,true,-0.4350698667618911,1.1582011798932026,1,true,false,false,true,0.36156565656565576,-0.7966355233275468,EXPERIMENT_ONLY
2025-08-20,22:00,test,2025,2025,11,9.984636566708957,1.0153634332910428,11,10,false,2025,2025-08,macro_southerly_flow,11.361565656565656,0.36156565656565576,11,true,-0.6537977767253871,1.3769290898566986,1,true,false,false,true,0.36156565656565576,-1.0153634332910428,EXPERIMENT_ONLY
2025-08-20,23:00,test,2025,2025,11,10.297807713900996,0.7021922860990042,11,10,false,2025,2025-08,macro_southerly_flow,11.361565656565656,0.36156565656565576,11,true,-0.34062662953334844,1.06375794266466,1,true,false,false,true,0.36156565656565576,-0.7021922860990042,EXPERIMENT_ONLY
2025-08-21,20:00,test,2025,2025,11,11.013641207144047,0.013641207144047485,11,11,true,2025,2025-08,macro_southerly_flow,11.411902356902358,0.4119023569023579,11,true,0.3982611497583104,0.3982611497583104,0,false,true,false,false,0.4119023569023579,0.013641207144047485,EXPERIMENT_ONLY
2025-08-21,21:00,test,2025,2025,11,11.146526521685814,0.14652652168581426,11,11,true,2025,2025-08,macro_southerly_flow,11.411902356902358,0.4119023569023579,11,true,0.2653758352165436,0.2653758352165436,0,false,true,false,false,0.4119023569023579,0.14652652168581426,EXPERIMENT_ONLY
2025-08-21,22:00,test,2025,2025,11,10.254416563814033,0.7455834361859672,11,10,false,2025,2025-08,macro_southerly_flow,11.411902356902358,0.4119023569023579,11,true,-0.33368107928360935,1.157485793088325,1,true,false,false,true,0.4119023569023579,-0.7455834361859672,EXPERIMENT_ONLY
2025-08-21,23:00,test,2025,2025,11,10.36081716392136,0.6391828360786391,11,10,false,2025,2025-08,macro_southerly_flow,11.411902356902358,0.4119023569023579,11,true,-0.22728047917628125,1.051085192980997,1,true,false,false,true,0.4119023569023579,-0.6391828360786391,EXPERIMENT_ONLY
2025-08-22,20:00,test,2025,2025,12,10.812152708233542,1.1878472917664578,12,11,false,2025,2025-08,macro_southerly_flow,11.495067340067342,0.504932659932658,11,false,-0.6829146318337997,0.6829146318337997,0,true,false,false,false,-0.504932659932658,-1.1878472917664578,EXPERIMENT_ONLY
2025-08-22,21:00,test,2025,2025,12,11.074198324382024,0.9258016756179757,12,11,false,2025,2025-08,macro_southerly_flow,11.495067340067342,0.504932659932658,11,false,-0.42086901568531765,0.42086901568531765,0,true,false,false,false,-0.504932659932658,-0.9258016756179757,EXPERIMENT_ONLY
2025-08-22,22:00,test,2025,2025,12,10.73893077153348,1.2610692284665195,12,11,false,2025,2025-08,macro_southerly_flow,11.495067340067342,0.504932659932658,11,false,-0.7561365685338615,0.7561365685338615,0,true,false,false,false,-0.504932659932658,-1.2610692284665195,EXPERIMENT_ONLY
2025-08-22,23:00,test,2025,2025,12,10.91264685405539,1.0873531459446095,12,11,false,2025,2025-08,macro_southerly_flow,11.495067340067342,0.504932659932658,11,false,-0.5824204860119515,0.5824204860119515,0,true,false,false,false,-0.504932659932658,-1.0873531459446095,EXPERIMENT_ONLY
2025-08-23,20:00,test,2025,2025,12,11.253332053547561,0.7466679464524386,12,11,false,2025,2025-08,macro_non_southerly,12.469478114478115,0.4694781144781146,12,true,-0.277189831974324,1.2161460609305532,1,true,false,false,true,0.4694781144781146,-0.7466679464524386,EXPERIMENT_ONLY
2025-08-23,21:00,test,2025,2025,12,11.854153206667496,0.14584679333250428,12,12,true,2025,2025-08,macro_non_southerly,12.469478114478115,0.4694781144781146,12,true,0.32363132114561033,0.6153249078106189,0,false,true,false,false,0.4694781144781146,-0.14584679333250428,EXPERIMENT_ONLY
2025-08-23,22:00,test,2025,2025,12,12.312279877735959,0.3122798777359588,12,12,true,2025,2025-08,macro_non_southerly,12.469478114478115,0.4694781144781146,12,true,0.15719823674215583,0.15719823674215583,0,false,true,false,false,0.4694781144781146,0.3122798777359588,EXPERIMENT_ONLY
2025-08-23,23:00,test,2025,2025,12,12.645755072950886,0.6457550729508856,12,13,false,2025,2025-08,macro_non_southerly,12.469478114478115,0.4694781144781146,12,true,-0.17627695847277103,-0.17627695847277103,1,true,false,false,true,0.4694781144781146,0.6457550729508856,EXPERIMENT_ONLY
2025-08-24,20:00,test,2025,2025,15,13.235533567307327,1.7644664326926733,15,13,false,2025,2025-08,macro_non_southerly,13.755925925925926,1.2440740740740743,14,false,-0.520392358618599,0.520392358618599,0,true,false,false,false,-1.2440740740740743,-1.7644664326926733,EXPERIMENT_ONLY
2025-08-24,21:00,test,2025,2025,15,13.73274277542901,1.26725722457099,15,14,false,2025,2025-08,macro_non_southerly,13.755925925925926,1.2440740740740743,14,false,-0.023183150496915772,0.023183150496915772,0,true,false,false,false,-1.2440740740740743,-1.26725722457099,EXPERIMENT_ONLY
2025-08-24,22:00,test,2025,2025,15,13.832567360534222,1.167432639465778,15,14,false,2025,2025-08,macro_non_southerly,13.755925925925926,1.2440740740740743,14,false,0.07664143460829642,-0.07664143460829642,0,false,true,false,false,-1.2440740740740743,-1.167432639465778,EXPERIMENT_ONLY
2025-08-24,23:00,test,2025,2025,15,13.928060687588802,1.0719393124111978,15,14,false,2025,2025-08,macro_non_southerly,13.755925925925926,1.2440740740740743,14,false,0.17213476166287656,-0.17213476166287656,0,false,true,false,false,-1.2440740740740743,-1.0719393124111978,EXPERIMENT_ONLY
2025-08-25,20:00,test,2025,2025,13,14.087815009732024,1.087815009732024,13,14,false,2025,2025-08,macro_non_southerly,14.29540404040404,1.2954040404040406,14,false,0.2075890306720165,0.2075890306720165,0,false,true,false,false,1.2954040404040406,1.087815009732024,EXPERIMENT_ONLY
2025-08-25,21:00,test,2025,2025,13,14.788968415801229,1.7889684158012287,13,15,false,2025,2025-08,macro_non_southerly,14.29540404040404,1.2954040404040406,14,false,-0.4935643753971881,-0.4935643753971881,0,true,false,false,false,1.2954040404040406,1.7889684158012287,EXPERIMENT_ONLY
2025-08-25,22:00,test,2025,2025,13,14.939120809830534,1.9391208098305341,13,15,false,2025,2025-08,macro_non_southerly,14.29540404040404,1.2954040404040406,14,false,-0.6437167694264936,-0.6437167694264936,0,true,false,false,false,1.2954040404040406,1.9391208098305341,EXPERIMENT_ONLY
2025-08-25,23:00,test,2025,2025,13,15.173962108820032,2.1739621088200316,13,15,false,2025,2025-08,macro_non_southerly,14.29540404040404,1.2954040404040406,14,false,-0.878558068415991,-0.878558068415991,0,true,false,false,false,1.2954040404040406,2.1739621088200316,EXPERIMENT_ONLY
2025-08-26,20:00,test,2025,2025,14,13.20078372240639,0.7992162775936098,14,13,false,2025,2025-08,macro_non_southerly,14.147845117845119,0.14784511784511878,14,true,-0.651371159748491,0.9470613954387286,1,true,false,false,true,0.14784511784511878,-0.7992162775936098,EXPERIMENT_ONLY
2025-08-26,21:00,test,2025,2025,14,13.734921337561792,0.2650786624382082,14,14,true,2025,2025-08,macro_non_southerly,14.147845117845119,0.14784511784511878,14,true,-0.11723354459308943,0.412923780283327,0,true,false,false,false,0.14784511784511878,-0.2650786624382082,EXPERIMENT_ONLY
2025-08-26,22:00,test,2025,2025,14,14.323442769121481,0.3234427691214812,14,14,true,2025,2025-08,macro_non_southerly,14.147845117845119,0.14784511784511878,14,true,-0.1755976512763624,-0.1755976512763624,0,true,false,false,false,0.14784511784511878,0.3234427691214812,EXPERIMENT_ONLY
2025-08-26,23:00,test,2025,2025,14,14.7241650697359,0.7241650697358999,14,15,false,2025,2025-08,macro_non_southerly,14.147845117845119,0.14784511784511878,14,true,-0.5763199518907811,-0.5763199518907811,1,true,false,false,true,0.14784511784511878,0.7241650697358999,EXPERIMENT_ONLY
2025-08-27,20:00,test,2025,2025,16,14.97953863227523,1.0204613677247707,16,15,false,2025,2025-08,macro_non_southerly,14.520151515151515,1.4798484848484854,15,false,0.4593871171237147,-0.4593871171237147,0,false,true,false,false,-1.4798484848484854,-1.0204613677247707,EXPERIMENT_ONLY
2025-08-27,21:00,test,2025,2025,16,15.33804416509165,0.6619558349083494,16,15,false,2025,2025-08,macro_non_southerly,14.520151515151515,1.4798484848484854,15,false,0.817892649940136,-0.817892649940136,0,false,true,false,false,-1.4798484848484854,-0.6619558349083494,EXPERIMENT_ONLY
2025-08-27,22:00,test,2025,2025,16,15.740368362251289,0.25963163774871134,16,16,true,2025,2025-08,macro_non_southerly,14.520151515151515,1.4798484848484854,15,false,1.220216847099774,-1.220216847099774,-1,false,true,true,false,-1.4798484848484854,-0.25963163774871134,EXPERIMENT_ONLY
2025-08-27,23:00,test,2025,2025,16,16.001802054562916,0.0018020545629156004,16,16,true,2025,2025-08,macro_non_southerly,14.520151515151515,1.4798484848484854,15,false,1.4780464302855698,-1.481650539411401,-1,false,true,true,false,-1.4798484848484854,0.0018020545629156004,EXPERIMENT_ONLY
2025-08-28,20:00,test,2025,2025,15,14.73919827381232,0.2608017261876796,15,15,true,2025,2025-08,macro_non_southerly,14.532777777777778,0.4672222222222224,15,true,0.20642049603454282,-0.20642049603454282,0,false,true,false,false,-0.4672222222222224,-0.2608017261876796,EXPERIMENT_ONLY
2025-08-28,21:00,test,2025,2025,15,14.871601390718464,0.12839860928153612,15,15,true,2025,2025-08,macro_non_southerly,14.532777777777778,0.4672222222222224,15,true,0.3388236129406863,-0.3388236129406863,0,false,true,false,false,-0.4672222222222224,-0.12839860928153612,EXPERIMENT_ONLY
2025-08-28,22:00,test,2025,2025,15,14.58730196913423,0.4126980308657693,15,15,true,2025,2025-08,macro_non_southerly,14.532777777777778,0.4672222222222224,15,true,0.054524191356453144,-0.054524191356453144,0,false,true,false,false,-0.4672222222222224,-0.4126980308657693,EXPERIMENT_ONLY
2025-08-28,23:00,test,2025,2025,15,14.337463310149609,0.6625366898503913,15,14,false,2025,2025-08,macro_non_southerly,14.532777777777778,0.4672222222222224,15,true,-0.19531446762816884,0.19531446762816884,1,true,false,false,true,-0.4672222222222224,-0.6625366898503913,EXPERIMENT_ONLY
2025-08-29,20:00,test,2025,2025,16,15.773636466766146,0.2263635332338545,16,16,true,2025,2025-08,macro_non_southerly,14.713333333333333,1.286666666666667,15,false,1.0603031334328126,-1.0603031334328126,-1,false,true,true,false,-1.286666666666667,-0.2263635332338545,EXPERIMENT_ONLY
2025-08-29,21:00,test,2025,2025,16,15.92932212170406,0.07067787829594074,16,16,true,2025,2025-08,macro_non_southerly,14.713333333333333,1.286666666666667,15,false,1.2159887883707263,-1.2159887883707263,-1,false,true,true,false,-1.286666666666667,-0.07067787829594074,EXPERIMENT_ONLY
2025-08-29,22:00,test,2025,2025,16,15.826090416532313,0.1739095834676867,16,16,true,2025,2025-08,macro_non_southerly,14.713333333333333,1.286666666666667,15,false,1.1127570831989804,-1.1127570831989804,-1,false,true,true,false,-1.286666666666667,-0.1739095834676867,EXPERIMENT_ONLY
2025-08-29,23:00,test,2025,2025,16,15.595543895620759,0.40445610437924095,16,16,true,2025,2025-08,macro_non_southerly,14.713333333333333,1.286666666666667,15,false,0.8822105622874261,-0.8822105622874261,-1,false,true,true,false,-1.286666666666667,-0.40445610437924095,EXPERIMENT_ONLY
2025-08-30,20:00,test,2025,2025,16,16.00651216752943,0.006512167529429291,16,16,true,2025,2025-08,macro_non_southerly,14.49700336700337,1.5029966329966307,14,false,1.4964844654672014,-1.50950880052606,-1,false,true,true,false,-1.5029966329966307,0.006512167529429291,EXPERIMENT_ONLY
2025-08-30,21:00,test,2025,2025,16,16.138537539846986,0.13853753984698614,16,16,true,2025,2025-08,macro_non_southerly,14.49700336700337,1.5029966329966307,14,false,1.3644590931496445,-1.6415341728436168,-1,false,true,true,false,-1.5029966329966307,0.13853753984698614,EXPERIMENT_ONLY
2025-08-30,22:00,test,2025,2025,16,16.08947058520133,0.08947058520132956,16,16,true,2025,2025-08,macro_non_southerly,14.49700336700337,1.5029966329966307,14,false,1.413526047795301,-1.5924672181979602,-1,false,true,true,false,-1.5029966329966307,0.08947058520132956,EXPERIMENT_ONLY
2025-08-30,23:00,test,2025,2025,16,16.183821288469808,0.18382128846980805,16,16,true,2025,2025-08,macro_non_southerly,14.49700336700337,1.5029966329966307,14,false,1.3191753445268226,-1.6868179214664387,-1,false,true,true,false,-1.5029966329966307,0.18382128846980805,EXPERIMENT_ONLY
2025-08-31,20:00,test,2025,2025,14,15.06480208796888,1.0648020879688804,14,15,false,2025,2025-08,macro_non_southerly,13.531262626262626,0.46873737373737434,14,true,-0.5960647142315061,-1.5335394617062548,1,true,false,false,true,-0.46873737373737434,1.0648020879688804,EXPERIMENT_ONLY
2025-08-31,21:00,test,2025,2025,14,14.856001934817435,0.856001934817435,14,15,false,2025,2025-08,macro_non_southerly,13.531262626262626,0.46873737373737434,14,true,-0.3872645610800607,-1.3247393085548094,1,true,false,false,true,-0.46873737373737434,0.856001934817435,EXPERIMENT_ONLY
2025-08-31,22:00,test,2025,2025,14,13.96461656788487,0.03538343211513073,14,14,true,2025,2025-08,macro_non_southerly,13.531262626262626,0.46873737373737434,14,true,0.4333539416222436,-0.4333539416222436,0,false,true,false,false,-0.46873737373737434,-0.03538343211513073,EXPERIMENT_ONLY
2025-08-31,23:00,test,2025,2025,14,13.905792905433868,0.09420709456613174,14,14,true,2025,2025-08,macro_non_southerly,13.531262626262626,0.46873737373737434,14,true,0.3745302791712426,-0.3745302791712426,0,false,true,false,false,-0.46873737373737434,-0.09420709456613174,EXPERIMENT_ONLY
2025-09-01,20:00,test,2025,2025,16,14.732725952159594,1.2672740478404059,16,15,false,2025,2025-09,macro_non_southerly,15.116666666666667,0.8833333333333329,15,false,-0.383940714507073,0.383940714507073,0,true,false,false,false,-0.8833333333333329,-1.2672740478404059,EXPERIMENT_ONLY
2025-09-01,21:00,test,2025,2025,16,15.39444808402315,0.6055519159768501,16,15,false,2025,2025-09,macro_non_southerly,15.116666666666667,0.8833333333333329,15,false,0.27778141735648276,-0.27778141735648276,0,false,true,false,false,-0.8833333333333329,-0.6055519159768501,EXPERIMENT_ONLY
2025-09-01,22:00,test,2025,2025,16,15.869391793022874,0.13060820697712572,16,16,true,2025,2025-09,macro_non_southerly,15.116666666666667,0.8833333333333329,15,false,0.7527251263562071,-0.7527251263562071,-1,false,true,true,false,-0.8833333333333329,-0.13060820697712572,EXPERIMENT_ONLY
2025-09-01,23:00,test,2025,2025,16,15.886957863217717,0.11304213678228336,16,16,true,2025,2025-09,macro_non_southerly,15.116666666666667,0.8833333333333329,15,false,0.7702911965510495,-0.7702911965510495,-1,false,true,true,false,-0.8833333333333329,-0.11304213678228336,EXPERIMENT_ONLY
2025-09-02,20:00,test,2025,2025,16,14.470987530352957,1.5290124696470428,16,14,false,2025,2025-09,macro_non_southerly,15.066666666666668,0.9333333333333318,15,false,-0.595679136313711,0.595679136313711,0,true,false,false,false,-0.9333333333333318,-1.5290124696470428,EXPERIMENT_ONLY
2025-09-02,21:00,test,2025,2025,16,14.602764567109357,1.3972354328906427,16,15,false,2025,2025-09,macro_non_southerly,15.066666666666668,0.9333333333333318,15,false,-0.4639020995573109,0.4639020995573109,0,true,false,false,false,-0.9333333333333318,-1.3972354328906427,EXPERIMENT_ONLY
2025-09-02,22:00,test,2025,2025,16,15.111095533700396,0.8889044662996035,16,15,false,2025,2025-09,macro_non_southerly,15.066666666666668,0.9333333333333318,15,false,0.04442886703372828,-0.04442886703372828,0,false,true,false,false,-0.9333333333333318,-0.8889044662996035,EXPERIMENT_ONLY
2025-09-02,23:00,test,2025,2025,16,15.20904636738778,0.7909536326122204,16,15,false,2025,2025-09,macro_non_southerly,15.066666666666668,0.9333333333333318,15,false,0.1423797007211114,-0.1423797007211114,0,false,true,false,false,-0.9333333333333318,-0.7909536326122204,EXPERIMENT_ONLY
2025-09-03,20:00,test,2025,2025,14,14.007669088469006,0.007669088469006269,14,14,true,2025,2025-09,macro_southerly_flow,13.700000000000001,0.29999999999999893,14,true,0.29233091153099267,-0.3076690884690052,0,false,true,false,false,-0.29999999999999893,0.007669088469006269,EXPERIMENT_ONLY
2025-09-03,21:00,test,2025,2025,14,14.262547824419217,0.262547824419217,14,14,true,2025,2025-09,macro_southerly_flow,13.700000000000001,0.29999999999999893,14,true,0.037452175580781955,-0.5625478244192159,0,false,true,false,false,-0.29999999999999893,0.262547824419217,EXPERIMENT_ONLY
2025-09-03,22:00,test,2025,2025,14,13.66054826412814,0.33945173587185984,14,14,true,2025,2025-09,macro_southerly_flow,13.700000000000001,0.29999999999999893,14,true,-0.039451735871860905,0.039451735871860905,0,true,false,false,false,-0.29999999999999893,-0.33945173587185984,EXPERIMENT_ONLY
2025-09-03,23:00,test,2025,2025,14,13.767728178581347,0.232271821418653,14,14,true,2025,2025-09,macro_southerly_flow,13.700000000000001,0.29999999999999893,14,true,0.06772817858134594,-0.06772817858134594,0,false,true,false,false,-0.29999999999999893,-0.232271821418653,EXPERIMENT_ONLY
2025-09-04,20:00,test,2025,2025,16,15.220523905010637,0.7794760949893629,16,15,false,2025,2025-09,macro_non_southerly,15.533333333333333,0.4666666666666668,16,true,-0.3128094283226961,0.3128094283226961,1,true,false,false,true,-0.4666666666666668,-0.7794760949893629,EXPERIMENT_ONLY
2025-09-04,21:00,test,2025,2025,16,15.518947027590738,0.4810529724092625,16,16,true,2025,2025-09,macro_non_southerly,15.533333333333333,0.4666666666666668,16,true,-0.014386305742595695,0.014386305742595695,0,true,false,false,false,-0.4666666666666668,-0.4810529724092625,EXPERIMENT_ONLY
2025-09-04,22:00,test,2025,2025,16,15.5019995114688,0.4980004885312006,16,16,true,2025,2025-09,macro_non_southerly,15.533333333333333,0.4666666666666668,16,true,-0.03133382186453382,0.03133382186453382,0,true,false,false,false,-0.4666666666666668,-0.4980004885312006,EXPERIMENT_ONLY
2025-09-04,23:00,test,2025,2025,16,15.488492588095554,0.5115074119044465,16,15,false,2025,2025-09,macro_non_southerly,15.533333333333333,0.4666666666666668,16,true,-0.0448407452377797,0.0448407452377797,1,true,false,false,true,-0.4666666666666668,-0.5115074119044465,EXPERIMENT_ONLY
2025-09-05,20:00,test,2025,2025,16,15.762092709272302,0.23790729072769778,16,16,true,2025,2025-09,macro_non_southerly,15.616666666666667,0.38333333333333286,16,true,0.14542604260563508,-0.14542604260563508,0,false,true,false,false,-0.38333333333333286,-0.23790729072769778,EXPERIMENT_ONLY
2025-09-05,21:00,test,2025,2025,16,15.756150479057307,0.24384952094269252,16,16,true,2025,2025-09,macro_non_southerly,15.616666666666667,0.38333333333333286,16,true,0.13948381239064034,-0.13948381239064034,0,false,true,false,false,-0.38333333333333286,-0.24384952094269252,EXPERIMENT_ONLY
2025-09-05,22:00,test,2025,2025,16,15.286460889916746,0.7135391100832535,16,15,false,2025,2025-09,macro_non_southerly,15.616666666666667,0.38333333333333286,16,true,-0.3302057767499207,0.3302057767499207,1,true,false,false,true,-0.38333333333333286,-0.7135391100832535,EXPERIMENT_ONLY
2025-09-05,23:00,test,2025,2025,16,15.349580688161907,0.6504193118380925,16,15,false,2025,2025-09,macro_non_southerly,15.616666666666667,0.38333333333333286,16,true,-0.2670859785047597,0.2670859785047597,1,true,false,false,true,-0.38333333333333286,-0.6504193118380925,EXPERIMENT_ONLY
2025-09-06,20:00,test,2025,2025,13,14.479684925057903,1.479684925057903,13,14,false,2025,2025-09,macro_non_southerly,13.933333333333332,0.9333333333333318,14,false,-0.5463515917245712,-0.5463515917245712,0,true,false,false,false,0.9333333333333318,1.479684925057903,EXPERIMENT_ONLY
2025-09-06,21:00,test,2025,2025,13,14.810026231726141,1.810026231726141,13,15,false,2025,2025-09,macro_non_southerly,13.933333333333332,0.9333333333333318,14,false,-0.8766928983928093,-0.8766928983928093,0,true,false,false,false,0.9333333333333318,1.810026231726141,EXPERIMENT_ONLY
2025-09-06,22:00,test,2025,2025,13,13.546955121996838,0.546955121996838,13,14,false,2025,2025-09,macro_non_southerly,13.933333333333332,0.9333333333333318,14,false,0.38637821133649375,0.38637821133649375,0,false,true,false,false,0.9333333333333318,0.546955121996838,EXPERIMENT_ONLY
2025-09-06,23:00,test,2025,2025,13,13.509580011028769,0.5095800110287687,13,14,false,2025,2025-09,macro_non_southerly,13.933333333333332,0.9333333333333318,14,false,0.4237533223045631,0.4237533223045631,0,false,true,false,false,0.9333333333333318,0.5095800110287687,EXPERIMENT_ONLY
2025-09-07,20:00,test,2025,2025,14,13.663231243347218,0.3367687566527824,14,14,true,2025,2025-09,macro_non_southerly,13.533333333333333,0.4666666666666668,14,true,0.1298979100138844,-0.1298979100138844,0,false,true,false,false,-0.4666666666666668,-0.3367687566527824,EXPERIMENT_ONLY
2025-09-07,21:00,test,2025,2025,14,13.917691793240774,0.08230820675922601,14,14,true,2025,2025-09,macro_non_southerly,13.533333333333333,0.4666666666666668,14,true,0.3843584599074408,-0.3843584599074408,0,false,true,false,false,-0.4666666666666668,-0.08230820675922601,EXPERIMENT_ONLY
2025-09-07,22:00,test,2025,2025,14,14.10458131182296,0.10458131182295993,14,14,true,2025,2025-09,macro_non_southerly,13.533333333333333,0.4666666666666668,14,true,0.36208535484370685,-0.5712479784896267,0,false,true,false,false,-0.4666666666666668,0.10458131182295993,EXPERIMENT_ONLY
2025-09-07,23:00,test,2025,2025,14,12.988491213000886,1.011508786999114,14,13,false,2025,2025-09,macro_non_southerly,13.533333333333333,0.4666666666666668,14,true,-0.5448421203324472,0.5448421203324472,1,true,false,false,true,-0.4666666666666668,-1.011508786999114,EXPERIMENT_ONLY
2025-09-08,20:00,test,2025,2025,13,12.096342255955273,0.9036577440447271,13,12,false,2025,2025-09,macro_southerly_flow,12.733333333333334,0.2666666666666657,13,true,-0.6369910773780614,0.6369910773780614,1,true,false,false,true,-0.2666666666666657,-0.9036577440447271,EXPERIMENT_ONLY
2025-09-08,21:00,test,2025,2025,13,12.45917349184292,0.54082650815708,13,12,false,2025,2025-09,macro_southerly_flow,12.733333333333334,0.2666666666666657,13,true,-0.2741598414904143,0.2741598414904143,1,true,false,false,true,-0.2666666666666657,-0.54082650815708,EXPERIMENT_ONLY
2025-09-08,22:00,test,2025,2025,13,12.548748109986846,0.4512518900131539,13,13,true,2025,2025-09,macro_southerly_flow,12.733333333333334,0.2666666666666657,13,true,-0.1845852233464882,0.1845852233464882,0,true,false,false,false,-0.2666666666666657,-0.4512518900131539,EXPERIMENT_ONLY
2025-09-08,23:00,test,2025,2025,13,12.718725515132002,0.281274484867998,13,13,true,2025,2025-09,macro_southerly_flow,12.733333333333334,0.2666666666666657,13,true,-0.014607818201332279,0.014607818201332279,0,true,false,false,false,-0.2666666666666657,-0.281274484867998,EXPERIMENT_ONLY
2025-09-09,20:00,test,2025,2025,14,13.926916948809236,0.07308305119076408,14,14,true,2025,2025-09,macro_non_southerly,14.0,0.0,14,true,-0.07308305119076408,0.07308305119076408,0,true,false,false,false,0.0,-0.07308305119076408,EXPERIMENT_ONLY
2025-09-09,21:00,test,2025,2025,14,13.96452492273134,0.035475077268660726,14,14,true,2025,2025-09,macro_non_southerly,14.0,0.0,14,true,-0.035475077268660726,0.035475077268660726,0,true,false,false,false,0.0,-0.035475077268660726,EXPERIMENT_ONLY
2025-09-09,22:00,test,2025,2025,14,13.769159590573675,0.23084040942632456,14,14,true,2025,2025-09,macro_non_southerly,14.0,0.0,14,true,-0.23084040942632456,0.23084040942632456,0,true,false,false,false,0.0,-0.23084040942632456,EXPERIMENT_ONLY
2025-09-09,23:00,test,2025,2025,14,14.077093546141004,0.07709354614100405,14,14,true,2025,2025-09,macro_non_southerly,14.0,0.0,14,true,-0.07709354614100405,-0.07709354614100405,0,true,false,false,false,0.0,0.07709354614100405,EXPERIMENT_ONLY
2025-09-10,20:00,test,2025,2025,16,14.510568660829174,1.4894313391708263,16,15,false,2025,2025-09,macro_non_southerly,15.333333333333334,0.6666666666666661,15,false,-0.8227646725041602,0.8227646725041602,0,true,false,false,false,-0.6666666666666661,-1.4894313391708263,EXPERIMENT_ONLY
2025-09-10,21:00,test,2025,2025,16,14.93700611814374,1.0629938818562596,16,15,false,2025,2025-09,macro_non_southerly,15.333333333333334,0.6666666666666661,15,false,-0.3963272151895936,0.3963272151895936,0,true,false,false,false,-0.6666666666666661,-1.0629938818562596,EXPERIMENT_ONLY
2025-09-10,22:00,test,2025,2025,16,14.93426331650892,1.06573668349108,16,15,false,2025,2025-09,macro_non_southerly,15.333333333333334,0.6666666666666661,15,false,-0.3990700168244139,0.3990700168244139,0,true,false,false,false,-0.6666666666666661,-1.06573668349108,EXPERIMENT_ONLY
2025-09-10,23:00,test,2025,2025,16,15.094318704906382,0.9056812950936184,16,15,false,2025,2025-09,macro_non_southerly,15.333333333333334,0.6666666666666661,15,false,-0.2390146284269523,0.2390146284269523,0,true,false,false,false,-0.6666666666666661,-0.9056812950936184,EXPERIMENT_ONLY
2025-09-11,20:00,test,2025,2025,14,13.06867835935574,0.9313216406442599,14,13,false,2025,2025-09,macro_non_southerly,13.616666666666667,0.38333333333333286,14,true,-0.5479883073109271,0.5479883073109271,1,true,false,false,true,-0.38333333333333286,-0.9313216406442599,EXPERIMENT_ONLY
2025-09-11,21:00,test,2025,2025,14,13.321378015029858,0.6786219849701425,14,13,false,2025,2025-09,macro_non_southerly,13.616666666666667,0.38333333333333286,14,true,-0.2952886516368096,0.2952886516368096,1,true,false,false,true,-0.38333333333333286,-0.6786219849701425,EXPERIMENT_ONLY
2025-09-11,22:00,test,2025,2025,14,13.978146110920854,0.021853889079146427,14,14,true,2025,2025-09,macro_non_southerly,13.616666666666667,0.38333333333333286,14,true,0.36147944425418643,-0.36147944425418643,0,false,true,false,false,-0.38333333333333286,-0.021853889079146427,EXPERIMENT_ONLY
2025-09-11,23:00,test,2025,2025,14,14.263242853194088,0.2632428531940878,14,14,true,2025,2025-09,macro_non_southerly,13.616666666666667,0.38333333333333286,14,true,0.12009048013924506,-0.6465761865274207,0,false,true,false,false,-0.38333333333333286,0.2632428531940878,EXPERIMENT_ONLY
2025-09-12,20:00,test,2025,2025,13,13.884020552166806,0.8840205521668061,13,14,false,2025,2025-09,macro_non_southerly,13.066666666666668,0.0666666666666682,13,true,-0.8173538855001379,-0.8173538855001379,1,true,false,false,true,0.0666666666666682,0.8840205521668061,EXPERIMENT_ONLY
2025-09-12,21:00,test,2025,2025,13,14.255179412496185,1.2551794124961848,13,14,false,2025,2025-09,macro_non_southerly,13.066666666666668,0.0666666666666682,13,true,-1.1885127458295166,-1.1885127458295166,1,true,false,false,true,0.0666666666666682,1.2551794124961848,EXPERIMENT_ONLY
2025-09-12,22:00,test,2025,2025,13,14.178047171687096,1.178047171687096,13,14,false,2025,2025-09,macro_non_southerly,13.066666666666668,0.0666666666666682,13,true,-1.1113805050204277,-1.1113805050204277,1,true,false,false,true,0.0666666666666682,1.178047171687096,EXPERIMENT_ONLY
2025-09-12,23:00,test,2025,2025,13,14.316607063402047,1.3166070634020475,13,14,false,2025,2025-09,macro_non_southerly,13.066666666666668,0.0666666666666682,13,true,-1.2499403967353793,-1.2499403967353793,1,true,false,false,true,0.0666666666666682,1.3166070634020475,EXPERIMENT_ONLY
2025-09-13,20:00,test,2025,2025,17,14.98095199563747,2.0190480043625296,17,15,false,2025,2025-09,macro_non_southerly,15.766666666666666,1.2333333333333343,16,false,-0.7857146710291953,0.7857146710291953,0,true,false,false,false,-1.2333333333333343,-2.0190480043625296,EXPERIMENT_ONLY
2025-09-13,21:00,test,2025,2025,17,15.020297095571834,1.9797029044281658,17,15,false,2025,2025-09,macro_non_southerly,15.766666666666666,1.2333333333333343,16,false,-0.7463695710948315,0.7463695710948315,0,true,false,false,false,-1.2333333333333343,-1.9797029044281658,EXPERIMENT_ONLY
2025-09-13,22:00,test,2025,2025,17,15.227479459394296,1.7725205406057043,17,15,false,2025,2025-09,macro_non_southerly,15.766666666666666,1.2333333333333343,16,false,-0.53918720727237,0.53918720727237,0,true,false,false,false,-1.2333333333333343,-1.7725205406057043,EXPERIMENT_ONLY
2025-09-13,23:00,test,2025,2025,17,15.14670944179973,1.8532905582002694,17,15,false,2025,2025-09,macro_non_southerly,15.766666666666666,1.2333333333333343,16,false,-0.6199572248669352,0.6199572248669352,0,true,false,false,false,-1.2333333333333343,-1.8532905582002694,EXPERIMENT_ONLY
2025-09-14,20:00,test,2025,2025,13,11.871436110946858,1.128563889053142,13,12,false,2025,2025-09,macro_southerly_flow,12.966666666666667,0.033333333333333215,13,true,-1.0952305557198088,1.0952305557198088,1,true,false,false,true,-0.033333333333333215,-1.128563889053142,EXPERIMENT_ONLY
2025-09-14,21:00,test,2025,2025,13,11.865211417959898,1.1347885820401018,13,12,false,2025,2025-09,macro_southerly_flow,12.966666666666667,0.033333333333333215,13,true,-1.1014552487067686,1.1014552487067686,1,true,false,false,true,-0.033333333333333215,-1.1347885820401018,EXPERIMENT_ONLY
2025-09-14,22:00,test,2025,2025,13,11.611357162424628,1.3886428375753717,13,12,false,2025,2025-09,macro_southerly_flow,12.966666666666667,0.033333333333333215,13,true,-1.3553095042420384,1.3553095042420384,1,true,false,false,true,-0.033333333333333215,-1.3886428375753717,EXPERIMENT_ONLY
2025-09-14,23:00,test,2025,2025,13,11.650442280117382,1.3495577198826183,13,12,false,2025,2025-09,macro_southerly_flow,12.966666666666667,0.033333333333333215,13,true,-1.316224386549285,1.316224386549285,1,true,false,false,true,-0.033333333333333215,-1.3495577198826183,EXPERIMENT_ONLY
2025-09-15,20:00,test,2025,2025,17,15.454702512383193,1.545297487616807,17,15,false,2025,2025-09,macro_non_southerly,17.116666666666667,0.11666666666666714,17,true,-1.42863082095014,1.6619641542834742,1,true,false,false,true,0.11666666666666714,-1.545297487616807,EXPERIMENT_ONLY
2025-09-15,21:00,test,2025,2025,17,15.74691003929983,1.2530899607001693,17,16,false,2025,2025-09,macro_non_southerly,17.116666666666667,0.11666666666666714,17,true,-1.1364232940335022,1.3697566273668365,1,true,false,false,true,0.11666666666666714,-1.2530899607001693,EXPERIMENT_ONLY
2025-09-15,22:00,test,2025,2025,17,15.924250185907376,1.0757498140926245,17,16,false,2025,2025-09,macro_non_southerly,17.116666666666667,0.11666666666666714,17,true,-0.9590831474259573,1.1924164807592916,1,true,false,false,true,0.11666666666666714,-1.0757498140926245,EXPERIMENT_ONLY
2025-09-15,23:00,test,2025,2025,17,16.15258462859025,0.847415371409749,17,16,false,2025,2025-09,macro_non_southerly,17.116666666666667,0.11666666666666714,17,true,-0.7307487047430818,0.9640820380764161,1,true,false,false,true,0.11666666666666714,-0.847415371409749,EXPERIMENT_ONLY
2025-09-16,20:00,test,2025,2025,20,18.916649405079607,1.0833505949203932,20,19,false,2025,2025-09,macro_non_southerly,18.25,1.75,18,false,0.6666494050796068,-0.6666494050796068,0,false,true,false,false,-1.75,-1.0833505949203932,EXPERIMENT_ONLY
2025-09-16,21:00,test,2025,2025,20,19.346247779211783,0.6537522207882169,20,19,false,2025,2025-09,macro_non_southerly,18.25,1.75,18,false,1.096247779211783,-1.096247779211783,0,false,true,false,false,-1.75,-0.6537522207882169,EXPERIMENT_ONLY
2025-09-16,22:00,test,2025,2025,20,19.720793554905303,0.2792064450946974,20,20,true,2025,2025-09,macro_non_southerly,18.25,1.75,18,false,1.4707935549053026,-1.4707935549053026,-1,false,true,true,false,-1.75,-0.2792064450946974,EXPERIMENT_ONLY
2025-09-16,23:00,test,2025,2025,20,19.78450301288716,0.21549698711283938,20,20,true,2025,2025-09,macro_non_southerly,18.25,1.75,18,false,1.5345030128871606,-1.5345030128871606,-1,false,true,true,false,-1.75,-0.21549698711283938,EXPERIMENT_ONLY
2025-09-17,20:00,test,2025,2025,16,17.332228813391517,1.3322288133915166,16,17,false,2025,2025-09,macro_non_southerly,16.416666666666664,0.4166666666666643,16,true,-0.9155621467248523,-0.9155621467248523,1,true,false,false,true,0.4166666666666643,1.3322288133915166,EXPERIMENT_ONLY
2025-09-17,21:00,test,2025,2025,16,17.46021647136878,1.4602164713687813,16,17,false,2025,2025-09,macro_non_southerly,16.416666666666664,0.4166666666666643,16,true,-1.043549804702117,-1.043549804702117,1,true,false,false,true,0.4166666666666643,1.4602164713687813,EXPERIMENT_ONLY
2025-09-17,22:00,test,2025,2025,16,16.945417078413485,0.9454170784134845,16,17,false,2025,2025-09,macro_non_southerly,16.416666666666664,0.4166666666666643,16,true,-0.5287504117468202,-0.5287504117468202,1,true,false,false,true,0.4166666666666643,0.9454170784134845,EXPERIMENT_ONLY
2025-09-17,23:00,test,2025,2025,16,17.081409024726547,1.0814090247265469,16,17,false,2025,2025-09,macro_non_southerly,16.416666666666664,0.4166666666666643,16,true,-0.6647423580598826,-0.6647423580598826,1,true,false,false,true,0.4166666666666643,1.0814090247265469,EXPERIMENT_ONLY
2025-09-18,20:00,test,2025,2025,17,16.569307362055223,0.43069263794477664,17,17,true,2025,2025-09,macro_non_southerly,16.46666666666667,0.5333333333333314,16,false,0.1026406953885548,-0.1026406953885548,-1,false,true,true,false,-0.5333333333333314,-0.43069263794477664,EXPERIMENT_ONLY
2025-09-18,21:00,test,2025,2025,17,16.749235243781452,0.25076475621854755,17,17,true,2025,2025-09,macro_non_southerly,16.46666666666667,0.5333333333333314,16,false,0.2825685771147839,-0.2825685771147839,-1,false,true,true,false,-0.5333333333333314,-0.25076475621854755,EXPERIMENT_ONLY
2025-09-18,22:00,test,2025,2025,17,16.475681563276087,0.5243184367239131,17,16,false,2025,2025-09,macro_non_southerly,16.46666666666667,0.5333333333333314,16,false,0.009014896609418344,-0.009014896609418344,0,false,true,false,false,-0.5333333333333314,-0.5243184367239131,EXPERIMENT_ONLY
2025-09-18,23:00,test,2025,2025,17,16.632256866914286,0.36774313308571394,17,17,true,2025,2025-09,macro_non_southerly,16.46666666666667,0.5333333333333314,16,false,0.1655902002476175,-0.1655902002476175,-1,false,true,true,false,-0.5333333333333314,-0.36774313308571394,EXPERIMENT_ONLY
2025-09-19,20:00,test,2025,2025,11,10.878319721408367,0.12168027859163288,11,11,true,2025,2025-09,macro_southerly_flow,11.466666666666667,0.4666666666666668,11,true,0.3449863880750339,0.5883469452582997,0,false,true,false,false,0.4666666666666668,-0.12168027859163288,EXPERIMENT_ONLY
2025-09-19,21:00,test,2025,2025,11,10.736301589533351,0.2636984104666489,11,11,true,2025,2025-09,macro_southerly_flow,11.466666666666667,0.4666666666666668,11,true,0.2029682562000179,0.7303650771333157,0,false,true,false,false,0.4666666666666668,-0.2636984104666489,EXPERIMENT_ONLY
2025-09-19,22:00,test,2025,2025,11,10.065085683416267,0.9349143165837326,11,10,false,2025,2025-09,macro_southerly_flow,11.466666666666667,0.4666666666666668,11,true,-0.4682476499170658,1.4015809832503994,1,true,false,false,true,0.4666666666666668,-0.9349143165837326,EXPERIMENT_ONLY
2025-09-19,23:00,test,2025,2025,11,10.375241768207697,0.6247582317923026,11,10,false,2025,2025-09,macro_southerly_flow,11.466666666666667,0.4666666666666668,11,true,-0.15809156512563582,1.0914248984589694,1,true,false,false,true,0.4666666666666668,-0.6247582317923026,EXPERIMENT_ONLY
2025-09-20,20:00,test,2025,2025,14,13.62209622623253,0.37790377376746953,14,14,true,2025,2025-09,macro_non_southerly,14.15,0.15000000000000036,14,true,-0.22790377376746918,0.5279037737674699,0,true,false,false,false,0.15000000000000036,-0.37790377376746953,EXPERIMENT_ONLY
2025-09-20,21:00,test,2025,2025,14,13.8734121973361,0.12658780266390046,14,14,true,2025,2025-09,macro_non_southerly,14.15,0.15000000000000036,14,true,0.023412197336099894,0.2765878026639008,0,false,true,false,false,0.15000000000000036,-0.12658780266390046,EXPERIMENT_ONLY
2025-09-20,22:00,test,2025,2025,14,14.57752905398384,0.5775290539838398,14,15,false,2025,2025-09,macro_non_southerly,14.15,0.15000000000000036,14,true,-0.42752905398383945,-0.42752905398383945,1,true,false,false,true,0.15000000000000036,0.5775290539838398,EXPERIMENT_ONLY
2025-09-20,23:00,test,2025,2025,14,15.005845487824976,1.0058454878249758,14,15,false,2025,2025-09,macro_non_southerly,14.15,0.15000000000000036,14,true,-0.8558454878249755,-0.8558454878249755,1,true,false,false,true,0.15000000000000036,1.0058454878249758,EXPERIMENT_ONLY
2025-09-21,20:00,test,2025,2025,16,15.488204617922865,0.5117953820771355,16,15,false,2025,2025-09,macro_non_southerly,16.15,0.14999999999999858,16,true,-0.3617953820771369,0.6617953820771341,1,true,false,false,true,0.14999999999999858,-0.5117953820771355,EXPERIMENT_ONLY
2025-09-21,21:00,test,2025,2025,16,15.483523901153845,0.5164760988461552,16,15,false,2025,2025-09,macro_non_southerly,16.15,0.14999999999999858,16,true,-0.3664760988461566,0.6664760988461538,1,true,false,false,true,0.14999999999999858,-0.5164760988461552,EXPERIMENT_ONLY
2025-09-21,22:00,test,2025,2025,16,15.234328640636305,0.7656713593636955,16,15,false,2025,2025-09,macro_non_southerly,16.15,0.14999999999999858,16,true,-0.6156713593636969,0.915671359363694,1,true,false,false,true,0.14999999999999858,-0.7656713593636955,EXPERIMENT_ONLY
2025-09-21,23:00,test,2025,2025,16,15.508713263159295,0.49128673684070456,16,16,true,2025,2025-09,macro_non_southerly,16.15,0.14999999999999858,16,true,-0.341286736840706,0.6412867368407031,0,true,false,false,false,0.14999999999999858,-0.49128673684070456,EXPERIMENT_ONLY
2025-09-22,20:00,test,2025,2025,15,16.574018741688626,1.5740187416886258,15,17,false,2025,2025-09,macro_non_southerly,15.816666666666668,0.8166666666666682,16,false,-0.7573520750219576,-0.7573520750219576,0,true,false,false,false,0.8166666666666682,1.5740187416886258,EXPERIMENT_ONLY
2025-09-22,21:00,test,2025,2025,15,16.67230077817695,1.6723007781769503,15,17,false,2025,2025-09,macro_non_southerly,15.816666666666668,0.8166666666666682,16,false,-0.8556341115102821,-0.8556341115102821,0,true,false,false,false,0.8166666666666682,1.6723007781769503,EXPERIMENT_ONLY
2025-09-22,22:00,test,2025,2025,15,16.156128387880095,1.156128387880095,15,16,false,2025,2025-09,macro_non_southerly,15.816666666666668,0.8166666666666682,16,false,-0.33946172121342677,-0.33946172121342677,0,true,false,false,false,0.8166666666666682,1.156128387880095,EXPERIMENT_ONLY
2025-09-22,23:00,test,2025,2025,15,16.367702939644122,1.367702939644122,15,16,false,2025,2025-09,macro_non_southerly,15.816666666666668,0.8166666666666682,16,false,-0.5510362729774538,-0.5510362729774538,0,true,false,false,false,0.8166666666666682,1.367702939644122,EXPERIMENT_ONLY
2025-09-23,20:00,test,2025,2025,15,16.407723266009633,1.4077232660096328,15,16,false,2025,2025-09,macro_non_southerly,15.85,0.8499999999999996,16,false,-0.5577232660096332,-0.5577232660096332,0,true,false,false,false,0.8499999999999996,1.4077232660096328,EXPERIMENT_ONLY
2025-09-23,21:00,test,2025,2025,15,16.371077607402842,1.3710776074028423,15,16,false,2025,2025-09,macro_non_southerly,15.85,0.8499999999999996,16,false,-0.5210776074028427,-0.5210776074028427,0,true,false,false,false,0.8499999999999996,1.3710776074028423,EXPERIMENT_ONLY
2025-09-23,22:00,test,2025,2025,15,15.909278854170534,0.9092788541705339,15,16,false,2025,2025-09,macro_non_southerly,15.85,0.8499999999999996,16,false,-0.059278854170534245,-0.059278854170534245,0,true,false,false,false,0.8499999999999996,0.9092788541705339,EXPERIMENT_ONLY
2025-09-23,23:00,test,2025,2025,15,15.983366395708355,0.9833663957083552,15,16,false,2025,2025-09,macro_non_southerly,15.85,0.8499999999999996,16,false,-0.1333663957083555,-0.1333663957083555,0,true,false,false,false,0.8499999999999996,0.9833663957083552,EXPERIMENT_ONLY
2025-09-24,20:00,test,2025,2025,15,16.447777096237044,1.4477770962370435,15,16,false,2025,2025-09,macro_non_southerly,15.31122448979592,0.31122448979592043,15,true,-1.136552606441123,-1.136552606441123,1,true,false,false,true,0.31122448979592043,1.4477770962370435,EXPERIMENT_ONLY
2025-09-24,21:00,test,2025,2025,15,16.64093961489136,1.6409396148913586,15,17,false,2025,2025-09,macro_non_southerly,15.31122448979592,0.31122448979592043,15,true,-1.3297151250954382,-1.3297151250954382,1,true,false,false,true,0.31122448979592043,1.6409396148913586,EXPERIMENT_ONLY
2025-09-24,22:00,test,2025,2025,15,16.723938325082393,1.7239383250823934,15,17,false,2025,2025-09,macro_non_southerly,15.31122448979592,0.31122448979592043,15,true,-1.412713835286473,-1.412713835286473,1,true,false,false,true,0.31122448979592043,1.7239383250823934,EXPERIMENT_ONLY
2025-09-24,23:00,test,2025,2025,15,16.929113608591354,1.9291136085913543,15,17,false,2025,2025-09,macro_non_southerly,15.31122448979592,0.31122448979592043,15,true,-1.6178891187954338,-1.6178891187954338,1,true,false,false,true,0.31122448979592043,1.9291136085913543,EXPERIMENT_ONLY
2025-09-25,20:00,test,2025,2025,16,15.322918373786928,0.6770816262130719,16,15,false,2025,2025-09,macro_non_southerly,15.565476190476192,0.4345238095238084,16,true,-0.24255781668926346,0.24255781668926346,1,true,false,false,true,-0.4345238095238084,-0.6770816262130719,EXPERIMENT_ONLY
2025-09-25,21:00,test,2025,2025,16,15.67112560144421,0.32887439855579004,16,16,true,2025,2025-09,macro_non_southerly,15.565476190476192,0.4345238095238084,16,true,0.10564941096801839,-0.10564941096801839,0,false,true,false,false,-0.4345238095238084,-0.32887439855579004,EXPERIMENT_ONLY
2025-09-25,22:00,test,2025,2025,16,15.364784295602986,0.6352157043970141,16,15,false,2025,2025-09,macro_non_southerly,15.565476190476192,0.4345238095238084,16,true,-0.2006918948732057,0.2006918948732057,1,true,false,false,true,-0.4345238095238084,-0.6352157043970141,EXPERIMENT_ONLY
2025-09-25,23:00,test,2025,2025,16,15.630610593520174,0.36938940647982577,16,16,true,2025,2025-09,macro_non_southerly,15.565476190476192,0.4345238095238084,16,true,0.06513440304398266,-0.06513440304398266,0,false,true,false,false,-0.4345238095238084,-0.36938940647982577,EXPERIMENT_ONLY
2025-09-26,20:00,test,2025,2025,15,16.08550400781354,1.0855040078135403,15,16,false,2025,2025-09,macro_non_southerly,15.0,0.0,15,true,-1.0855040078135403,-1.0855040078135403,1,true,false,false,true,0.0,1.0855040078135403,EXPERIMENT_ONLY
2025-09-26,21:00,test,2025,2025,15,15.805966231237736,0.8059662312377363,15,16,false,2025,2025-09,macro_non_southerly,15.0,0.0,15,true,-0.8059662312377363,-0.8059662312377363,1,true,false,false,true,0.0,0.8059662312377363,EXPERIMENT_ONLY
2025-09-26,22:00,test,2025,2025,15,15.05133710885463,0.05133710885463039,15,15,true,2025,2025-09,macro_non_southerly,15.0,0.0,15,true,-0.05133710885463039,-0.05133710885463039,0,true,false,false,false,0.0,0.05133710885463039,EXPERIMENT_ONLY
2025-09-26,23:00,test,2025,2025,15,14.870539635092072,0.12946036490792778,15,15,true,2025,2025-09,macro_non_southerly,15.0,0.0,15,true,-0.12946036490792778,0.12946036490792778,0,true,false,false,false,0.0,-0.12946036490792778,EXPERIMENT_ONLY
2025-09-27,20:00,test,2025,2025,16,15.91821165100599,0.08178834899401011,16,16,true,2025,2025-09,macro_non_southerly,15.433333333333332,0.5666666666666682,15,false,0.4848783176726581,-0.4848783176726581,-1,false,true,true,false,-0.5666666666666682,-0.08178834899401011,EXPERIMENT_ONLY
2025-09-27,21:00,test,2025,2025,16,16.16712802264235,0.16712802264234838,16,16,true,2025,2025-09,macro_non_southerly,15.433333333333332,0.5666666666666682,15,false,0.3995386440243198,-0.7337946893090166,-1,false,true,true,false,-0.5666666666666682,0.16712802264234838,EXPERIMENT_ONLY
2025-09-27,22:00,test,2025,2025,16,16.06826666506531,0.06826666506530898,16,16,true,2025,2025-09,macro_non_southerly,15.433333333333332,0.5666666666666682,15,false,0.4984000016013592,-0.6349333317319772,-1,false,true,true,false,-0.5666666666666682,0.06826666506530898,EXPERIMENT_ONLY
2025-09-27,23:00,test,2025,2025,16,16.192456146256553,0.1924561462565535,16,16,true,2025,2025-09,macro_non_southerly,15.433333333333332,0.5666666666666682,15,false,0.3742105204101147,-0.7591228129232217,-1,false,true,true,false,-0.5666666666666682,0.1924561462565535,EXPERIMENT_ONLY
2025-09-28,20:00,test,2025,2025,18,17.890731731352933,0.1092682686470674,18,18,true,2025,2025-09,macro_non_southerly,17.03333333333333,0.9666666666666686,17,false,0.8573983980196012,-0.8573983980196012,-1,false,true,true,false,-0.9666666666666686,-0.1092682686470674,EXPERIMENT_ONLY
2025-09-28,21:00,test,2025,2025,18,18.021941187540687,0.02194118754068697,18,18,true,2025,2025-09,macro_non_southerly,17.03333333333333,0.9666666666666686,17,false,0.9447254791259816,-0.9886078542073555,-1,false,true,true,false,-0.9666666666666686,0.02194118754068697,EXPERIMENT_ONLY
2025-09-28,22:00,test,2025,2025,18,17.68630139032716,0.3136986096728407,18,18,true,2025,2025-09,macro_non_southerly,17.03333333333333,0.9666666666666686,17,false,0.6529680569938279,-0.6529680569938279,-1,false,true,true,false,-0.9666666666666686,-0.3136986096728407,EXPERIMENT_ONLY
2025-09-28,23:00,test,2025,2025,18,17.685572287462765,0.3144277125372348,18,18,true,2025,2025-09,macro_non_southerly,17.03333333333333,0.9666666666666686,17,false,0.6522389541294338,-0.6522389541294338,-1,false,true,true,false,-0.9666666666666686,-0.3144277125372348,EXPERIMENT_ONLY
2025-09-29,20:00,test,2025,2025,19,18.08231910179148,0.9176808982085198,19,18,false,2025,2025-09,macro_non_southerly,17.233333333333334,1.7666666666666657,17,false,0.8489857684581459,-0.8489857684581459,0,false,true,false,false,-1.7666666666666657,-0.9176808982085198,EXPERIMENT_ONLY
2025-09-29,21:00,test,2025,2025,19,17.91978566350439,1.0802143364956116,19,18,false,2025,2025-09,macro_non_southerly,17.233333333333334,1.7666666666666657,17,false,0.6864523301710541,-0.6864523301710541,0,false,true,false,false,-1.7666666666666657,-1.0802143364956116,EXPERIMENT_ONLY
2025-09-29,22:00,test,2025,2025,19,17.71817469081623,1.2818253091837697,19,18,false,2025,2025-09,macro_non_southerly,17.233333333333334,1.7666666666666657,17,false,0.48484135748289603,-0.48484135748289603,0,false,true,false,false,-1.7666666666666657,-1.2818253091837697,EXPERIMENT_ONLY
2025-09-29,23:00,test,2025,2025,19,17.51502935445687,1.4849706455431289,19,18,false,2025,2025-09,macro_non_southerly,17.233333333333334,1.7666666666666657,17,false,0.28169602112353687,-0.28169602112353687,0,false,true,false,false,-1.7666666666666657,-1.4849706455431289,EXPERIMENT_ONLY
2025-09-30,20:00,test,2025,2025,15,16.052495774322452,1.052495774322452,15,16,false,2025,2025-09,macro_non_southerly,14.666666666666666,0.3333333333333339,15,true,-0.719162440989118,-1.3858291076557858,1,true,false,false,true,-0.3333333333333339,1.052495774322452,EXPERIMENT_ONLY
2025-09-30,21:00,test,2025,2025,15,16.275699619602133,1.2756996196021326,15,16,false,2025,2025-09,macro_non_southerly,14.666666666666666,0.3333333333333339,15,true,-0.9423662862687987,-1.6090329529354666,1,true,false,false,true,-0.3333333333333339,1.2756996196021326,EXPERIMENT_ONLY
2025-09-30,22:00,test,2025,2025,15,15.893718866462592,0.8937188664625921,15,16,false,2025,2025-09,macro_non_southerly,14.666666666666666,0.3333333333333339,15,true,-0.5603855331292582,-1.227052199795926,1,true,false,false,true,-0.3333333333333339,0.8937188664625921,EXPERIMENT_ONLY
2025-09-30,23:00,test,2025,2025,15,15.800228398349653,0.8002283983496525,15,16,false,2025,2025-09,macro_non_southerly,14.666666666666666,0.3333333333333339,15,true,-0.4668950650163186,-1.1335617316829865,1,true,false,false,true,-0.3333333333333339,0.8002283983496525,EXPERIMENT_ONLY
2025-10-01,20:00,test,2025,2025,15,15.450699914719085,0.45069991471908466,15,15,true,2025,2025-10,macro_non_southerly,14.950000000000001,0.049999999999998934,15,true,-0.4006999147190857,-0.5006999147190836,0,true,false,false,false,-0.049999999999998934,0.45069991471908466,EXPERIMENT_ONLY
2025-10-01,21:00,test,2025,2025,15,15.344407296365024,0.34440729636502354,15,15,true,2025,2025-10,macro_non_southerly,14.950000000000001,0.049999999999998934,15,true,-0.2944072963650246,-0.3944072963650225,0,true,false,false,false,-0.049999999999998934,0.34440729636502354,EXPERIMENT_ONLY
2025-10-01,22:00,test,2025,2025,15,12.7168573573727,2.2831426426273005,15,13,false,2025,2025-10,macro_non_southerly,14.950000000000001,0.049999999999998934,15,true,-2.2331426426273016,2.2331426426273016,1,true,false,false,true,-0.049999999999998934,-2.2831426426273005,EXPERIMENT_ONLY
2025-10-01,23:00,test,2025,2025,15,11.701122211528634,3.2988777884713656,15,12,false,2025,2025-10,macro_non_southerly,14.950000000000001,0.049999999999998934,15,true,-3.2488777884713667,3.2488777884713667,1,true,false,false,true,-0.049999999999998934,-3.2988777884713656,EXPERIMENT_ONLY
2025-10-02,20:00,test,2025,2025,13,14.486208930456892,1.4862089304568915,13,14,false,2025,2025-10,macro_non_southerly,13.85,0.8499999999999996,14,false,-0.6362089304568919,-0.6362089304568919,0,true,false,false,false,0.8499999999999996,1.4862089304568915,EXPERIMENT_ONLY
2025-10-02,21:00,test,2025,2025,13,14.602274786142942,1.6022747861429423,13,15,false,2025,2025-10,macro_non_southerly,13.85,0.8499999999999996,14,false,-0.7522747861429426,-0.7522747861429426,0,true,false,false,false,0.8499999999999996,1.6022747861429423,EXPERIMENT_ONLY
2025-10-02,22:00,test,2025,2025,13,14.40108060903198,1.4010806090319807,13,14,false,2025,2025-10,macro_non_southerly,13.85,0.8499999999999996,14,false,-0.5510806090319811,-0.5510806090319811,0,true,false,false,false,0.8499999999999996,1.4010806090319807,EXPERIMENT_ONLY
2025-10-02,23:00,test,2025,2025,13,13.877302769440648,0.8773027694406483,13,14,false,2025,2025-10,macro_non_southerly,13.85,0.8499999999999996,14,false,-0.02730276944064869,-0.02730276944064869,0,true,false,false,false,0.8499999999999996,0.8773027694406483,EXPERIMENT_ONLY
2025-10-03,20:00,test,2025,2025,14,14.397861711717793,0.39786171171779294,14,14,true,2025,2025-10,macro_southerly_flow,16.21666666666667,2.2166666666666686,16,false,1.8188049549488756,1.8188049549488756,-1,false,true,true,false,2.2166666666666686,0.39786171171779294,EXPERIMENT_ONLY
2025-10-03,21:00,test,2025,2025,14,14.355793155951892,0.35579315595189165,14,14,true,2025,2025-10,macro_southerly_flow,16.21666666666667,2.2166666666666686,16,false,1.860873510714777,1.860873510714777,-1,false,true,true,false,2.2166666666666686,0.35579315595189165,EXPERIMENT_ONLY
2025-10-03,22:00,test,2025,2025,14,14.529380624411575,0.5293806244115746,14,15,false,2025,2025-10,macro_southerly_flow,16.21666666666667,2.2166666666666686,16,false,1.687286042255094,1.687286042255094,0,false,true,false,false,2.2166666666666686,0.5293806244115746,EXPERIMENT_ONLY
2025-10-03,23:00,test,2025,2025,14,15.922710918931926,1.9227109189319265,14,16,false,2025,2025-10,macro_non_southerly,16.21666666666667,2.2166666666666686,16,false,0.2939557477347421,0.2939557477347421,0,false,true,false,false,2.2166666666666686,1.9227109189319265,EXPERIMENT_ONLY
2025-10-04,20:00,test,2025,2025,17,16.63660460995929,0.3633953900407114,17,17,true,2025,2025-10,macro_non_southerly,16.450000000000003,0.5499999999999972,16,false,0.18660460995928574,-0.18660460995928574,-1,false,true,true,false,-0.5499999999999972,-0.3633953900407114,EXPERIMENT_ONLY
2025-10-04,21:00,test,2025,2025,17,16.542646046406624,0.45735395359337616,17,17,true,2025,2025-10,macro_non_southerly,16.450000000000003,0.5499999999999972,16,false,0.092646046406621,-0.092646046406621,-1,false,true,true,false,-0.5499999999999972,-0.45735395359337616,EXPERIMENT_ONLY
2025-10-04,22:00,test,2025,2025,17,16.31211323610116,0.6878867638988417,17,16,false,2025,2025-10,macro_non_southerly,16.450000000000003,0.5499999999999972,16,false,-0.13788676389884458,0.13788676389884458,0,true,false,false,false,-0.5499999999999972,-0.6878867638988417,EXPERIMENT_ONLY
2025-10-04,23:00,test,2025,2025,17,16.385952225921905,0.6140477740780952,17,16,false,2025,2025-10,macro_non_southerly,16.450000000000003,0.5499999999999972,16,false,-0.06404777407809803,0.06404777407809803,0,true,false,false,false,-0.5499999999999972,-0.6140477740780952,EXPERIMENT_ONLY
2025-10-05,20:00,test,2025,2025,14,14.00173397081753,0.00173397081752924,14,14,true,2025,2025-10,macro_southerly_flow,14.333333333333334,0.3333333333333339,14,true,0.3315993625158047,0.3315993625158047,0,false,true,false,false,0.3333333333333339,0.00173397081752924,EXPERIMENT_ONLY
2025-10-05,21:00,test,2025,2025,14,13.90457464093848,0.09542535906152061,14,14,true,2025,2025-10,macro_southerly_flow,14.333333333333334,0.3333333333333339,14,true,0.23790797427181332,0.42875869239485453,0,false,true,false,false,0.3333333333333339,-0.09542535906152061,EXPERIMENT_ONLY
2025-10-05,22:00,test,2025,2025,14,13.635556807622049,0.3644431923779514,14,14,true,2025,2025-10,macro_southerly_flow,14.333333333333334,0.3333333333333339,14,true,-0.031109859044617494,0.6977765257112853,0,true,false,false,false,0.3333333333333339,-0.3644431923779514,EXPERIMENT_ONLY
2025-10-05,23:00,test,2025,2025,14,13.788087265882153,0.21191273411784728,14,14,true,2025,2025-10,macro_southerly_flow,14.333333333333334,0.3333333333333339,14,true,0.12142059921548665,0.5452460674511812,0,false,true,false,false,0.3333333333333339,-0.21191273411784728,EXPERIMENT_ONLY
2025-10-06,20:00,test,2025,2025,15,14.354320717686708,0.6456792823132922,15,14,false,2025,2025-10,macro_southerly_flow,15.833333333333334,0.8333333333333339,16,false,0.18765405102004173,1.4790126156466261,0,false,true,false,false,0.8333333333333339,-0.6456792823132922,EXPERIMENT_ONLY
2025-10-06,21:00,test,2025,2025,15,14.36062864932784,0.6393713506721603,15,14,false,2025,2025-10,macro_southerly_flow,15.833333333333334,0.8333333333333339,16,false,0.1939619826611736,1.4727046840054943,0,false,true,false,false,0.8333333333333339,-0.6393713506721603,EXPERIMENT_ONLY
2025-10-06,22:00,test,2025,2025,15,13.928617981048365,1.0713820189516348,15,14,false,2025,2025-10,macro_southerly_flow,15.833333333333334,0.8333333333333339,16,false,-0.23804868561830084,1.9047153522849687,0,true,false,false,false,0.8333333333333339,-1.0713820189516348,EXPERIMENT_ONLY
2025-10-06,23:00,test,2025,2025,15,14.67428610983725,0.3257138901627492,15,15,true,2025,2025-10,macro_southerly_flow,15.833333333333334,0.8333333333333339,16,false,0.5076194431705847,1.1590472234960831,-1,false,true,true,false,0.8333333333333339,-0.3257138901627492,EXPERIMENT_ONLY
2025-10-07,20:00,test,2025,2025,16,15.733979151411335,0.26602084858866526,16,16,true,2025,2025-10,macro_non_southerly,16.133333333333333,0.13333333333333286,16,true,-0.1326875152553324,0.3993541819219981,0,true,false,false,false,0.13333333333333286,-0.26602084858866526,EXPERIMENT_ONLY
2025-10-07,21:00,test,2025,2025,16,15.399088674150565,0.6009113258494345,16,15,false,2025,2025-10,macro_non_southerly,16.133333333333333,0.13333333333333286,16,true,-0.46757799251610166,0.7342446591827674,1,true,false,false,true,0.13333333333333286,-0.6009113258494345,EXPERIMENT_ONLY
2025-10-07,22:00,test,2025,2025,16,14.91349099345171,1.0865090065482903,16,15,false,2025,2025-10,macro_non_southerly,16.133333333333333,0.13333333333333286,16,true,-0.9531756732149574,1.2198423398816232,1,true,false,false,true,0.13333333333333286,-1.0865090065482903,EXPERIMENT_ONLY
2025-10-07,23:00,test,2025,2025,16,15.244604316951746,0.7553956830482544,16,15,false,2025,2025-10,macro_non_southerly,16.133333333333333,0.13333333333333286,16,true,-0.6220623497149216,0.8887290163815873,1,true,false,false,true,0.13333333333333286,-0.7553956830482544,EXPERIMENT_ONLY
2025-10-08,20:00,test,2025,2025,17,17.272049534249533,0.2720495342495326,17,17,true,2025,2025-10,macro_non_southerly,16.5,0.5,17,true,0.2279504657504674,-0.7720495342495326,0,false,true,false,false,-0.5,0.2720495342495326,EXPERIMENT_ONLY
2025-10-08,21:00,test,2025,2025,17,17.733469385064527,0.7334693850645273,17,18,false,2025,2025-10,macro_non_southerly,16.5,0.5,17,true,-0.2334693850645273,-1.2334693850645273,1,true,false,false,true,-0.5,0.7334693850645273,EXPERIMENT_ONLY
2025-10-08,22:00,test,2025,2025,17,17.454087231610508,0.454087231610508,17,17,true,2025,2025-10,macro_non_southerly,16.5,0.5,17,true,0.04591276838949199,-0.954087231610508,0,false,true,false,false,-0.5,0.454087231610508,EXPERIMENT_ONLY
2025-10-08,23:00,test,2025,2025,17,17.477906684494737,0.4779066844947373,17,17,true,2025,2025-10,macro_non_southerly,16.5,0.5,17,true,0.022093315505262723,-0.9779066844947373,0,false,true,false,false,-0.5,0.4779066844947373,EXPERIMENT_ONLY
2025-10-09,20:00,test,2025,2025,17,17.104303921870468,0.10430392187046778,17,17,true,2025,2025-10,macro_non_southerly,16.833333333333336,0.1666666666666643,17,true,0.06236274479619652,-0.2709705885371321,0,false,true,false,false,-0.1666666666666643,0.10430392187046778,EXPERIMENT_ONLY
2025-10-09,21:00,test,2025,2025,17,17.131171777170323,0.1311717771703229,17,17,true,2025,2025-10,macro_non_southerly,16.833333333333336,0.1666666666666643,17,true,0.035494889496341386,-0.2978384438369872,0,false,true,false,false,-0.1666666666666643,0.1311717771703229,EXPERIMENT_ONLY
2025-10-09,22:00,test,2025,2025,17,16.963294198840803,0.03670580115919719,17,17,true,2025,2025-10,macro_non_southerly,16.833333333333336,0.1666666666666643,17,true,0.1299608655074671,-0.1299608655074671,0,false,true,false,false,-0.1666666666666643,-0.03670580115919719,EXPERIMENT_ONLY
2025-10-09,23:00,test,2025,2025,17,16.867190660646276,0.13280933935372374,17,17,true,2025,2025-10,macro_non_southerly,16.833333333333336,0.1666666666666643,17,true,0.033857327312940555,-0.033857327312940555,0,false,true,false,false,-0.1666666666666643,-0.13280933935372374,EXPERIMENT_ONLY
2025-10-10,20:00,test,2025,2025,18,18.3760864778123,0.37608647781230076,18,18,true,2025,2025-10,macro_non_southerly,18.266666666666666,0.2666666666666657,18,true,-0.10941981114563504,-0.10941981114563504,0,true,false,false,false,0.2666666666666657,0.37608647781230076,EXPERIMENT_ONLY
2025-10-10,21:00,test,2025,2025,18,18.41321077990137,0.41321077990136956,18,18,true,2025,2025-10,macro_non_southerly,18.266666666666666,0.2666666666666657,18,true,-0.14654411323470384,-0.14654411323470384,0,true,false,false,false,0.2666666666666657,0.41321077990136956,EXPERIMENT_ONLY
2025-10-10,22:00,test,2025,2025,18,18.208549550743637,0.208549550743637,18,18,true,2025,2025-10,macro_non_southerly,18.266666666666666,0.2666666666666657,18,true,0.058117115923028706,0.058117115923028706,0,false,true,false,false,0.2666666666666657,0.208549550743637,EXPERIMENT_ONLY
2025-10-10,23:00,test,2025,2025,18,17.804410141725064,0.19558985827493558,18,18,true,2025,2025-10,macro_non_southerly,18.266666666666666,0.2666666666666657,18,true,0.07107680839173014,0.4622565249416013,0,false,true,false,false,0.2666666666666657,-0.19558985827493558,EXPERIMENT_ONLY
2025-10-11,20:00,test,2025,2025,17,18.063312047139895,1.0633120471398954,17,18,false,2025,2025-10,macro_non_southerly,17.3,0.3000000000000007,17,true,-0.7633120471398946,-0.7633120471398946,1,true,false,false,true,0.3000000000000007,1.0633120471398954,EXPERIMENT_ONLY
2025-10-11,21:00,test,2025,2025,17,17.824655940871157,0.8246559408711569,17,18,false,2025,2025-10,macro_non_southerly,17.3,0.3000000000000007,17,true,-0.5246559408711562,-0.5246559408711562,1,true,false,false,true,0.3000000000000007,0.8246559408711569,EXPERIMENT_ONLY
2025-10-11,22:00,test,2025,2025,17,17.630611405589995,0.6306114055899954,17,18,false,2025,2025-10,macro_non_southerly,17.3,0.3000000000000007,17,true,-0.3306114055899947,-0.3306114055899947,1,true,false,false,true,0.3000000000000007,0.6306114055899954,EXPERIMENT_ONLY
2025-10-11,23:00,test,2025,2025,17,17.638249352225,0.6382493522249995,17,18,false,2025,2025-10,macro_non_southerly,17.3,0.3000000000000007,17,true,-0.33824935222499874,-0.33824935222499874,1,true,false,false,true,0.3000000000000007,0.6382493522249995,EXPERIMENT_ONLY
2025-10-12,20:00,test,2025,2025,18,17.72324434368562,0.2767556563143785,18,18,true,2025,2025-10,macro_non_southerly,17.247534013605442,0.752465986394558,17,false,0.4757103300801795,-0.4757103300801795,-1,false,true,true,false,-0.752465986394558,-0.2767556563143785,EXPERIMENT_ONLY
2025-10-12,21:00,test,2025,2025,18,17.41157223952772,0.5884277604722783,18,17,false,2025,2025-10,macro_non_southerly,17.247534013605442,0.752465986394558,17,false,0.16403822592227968,-0.16403822592227968,0,false,true,false,false,-0.752465986394558,-0.5884277604722783,EXPERIMENT_ONLY
2025-10-12,22:00,test,2025,2025,18,17.147917908254932,0.8520820917450678,18,17,false,2025,2025-10,macro_non_southerly,17.247534013605442,0.752465986394558,17,false,-0.0996161053505098,0.0996161053505098,0,true,false,false,false,-0.752465986394558,-0.8520820917450678,EXPERIMENT_ONLY
2025-10-12,23:00,test,2025,2025,18,17.087273054751563,0.912726945248437,18,17,false,2025,2025-10,macro_non_southerly,17.247534013605442,0.752465986394558,17,false,-0.16026095885387903,0.16026095885387903,0,true,false,false,false,-0.752465986394558,-0.912726945248437,EXPERIMENT_ONLY
2025-10-13,20:00,test,2025,2025,17,18.09734451984562,1.0973445198456204,17,18,false,2025,2025-10,macro_non_southerly,17.1,0.10000000000000142,17,true,-0.997344519845619,-0.997344519845619,1,true,false,false,true,0.10000000000000142,1.0973445198456204,EXPERIMENT_ONLY
2025-10-13,21:00,test,2025,2025,17,18.314520772031806,1.3145207720318055,17,18,false,2025,2025-10,macro_non_southerly,17.1,0.10000000000000142,17,true,-1.214520772031804,-1.214520772031804,1,true,false,false,true,0.10000000000000142,1.3145207720318055,EXPERIMENT_ONLY
2025-10-13,22:00,test,2025,2025,17,18.08424473642491,1.0842447364249104,17,18,false,2025,2025-10,macro_non_southerly,17.1,0.10000000000000142,17,true,-0.984244736424909,-0.984244736424909,1,true,false,false,true,0.10000000000000142,1.0842447364249104,EXPERIMENT_ONLY
2025-10-13,23:00,test,2025,2025,17,17.750702077904045,0.7507020779040445,17,18,false,2025,2025-10,macro_non_southerly,17.1,0.10000000000000142,17,true,-0.6507020779040431,-0.6507020779040431,1,true,false,false,true,0.10000000000000142,0.7507020779040445,EXPERIMENT_ONLY
2025-10-14,20:00,test,2025,2025,16,15.57415205900211,0.42584794099789036,16,16,true,2025,2025-10,macro_southerly_flow,16.133333333333333,0.13333333333333286,16,true,-0.2925146076645575,0.5591812743312232,0,true,false,false,false,0.13333333333333286,-0.42584794099789036,EXPERIMENT_ONLY
2025-10-14,21:00,test,2025,2025,16,14.439363128555975,1.560636871444025,16,14,false,2025,2025-10,macro_southerly_flow,16.133333333333333,0.13333333333333286,16,true,-1.4273035381106922,1.693970204777358,1,true,false,false,true,0.13333333333333286,-1.560636871444025,EXPERIMENT_ONLY
2025-10-14,22:00,test,2025,2025,16,14.173768923448495,1.8262310765515046,16,14,false,2025,2025-10,macro_southerly_flow,16.133333333333333,0.13333333333333286,16,true,-1.6928977432181718,1.9595644098848375,1,true,false,false,true,0.13333333333333286,-1.8262310765515046,EXPERIMENT_ONLY
2025-10-14,23:00,test,2025,2025,16,13.840365221121889,2.159634778878111,16,14,false,2025,2025-10,macro_southerly_flow,16.133333333333333,0.13333333333333286,16,true,-2.026301445544778,2.292968112211444,1,true,false,false,true,0.13333333333333286,-2.159634778878111,EXPERIMENT_ONLY
2025-10-15,20:00,test,2025,2025,16,15.861479917777599,0.1385200822224011,16,16,true,2025,2025-10,macro_non_southerly,16.083333333333336,0.0833333333333357,16,true,-0.055186748889065385,0.2218534155557368,0,true,false,false,false,0.0833333333333357,-0.1385200822224011,EXPERIMENT_ONLY
2025-10-15,21:00,test,2025,2025,16,16.39872727898051,0.39872727898050897,16,16,true,2025,2025-10,macro_non_southerly,16.083333333333336,0.0833333333333357,16,true,-0.31539394564717327,-0.31539394564717327,0,true,false,false,false,0.0833333333333357,0.39872727898050897,EXPERIMENT_ONLY
2025-10-15,22:00,test,2025,2025,16,16.12121207317693,0.12121207317693106,16,16,true,2025,2025-10,macro_non_southerly,16.083333333333336,0.0833333333333357,16,true,-0.037878739843595355,-0.037878739843595355,0,true,false,false,false,0.0833333333333357,0.12121207317693106,EXPERIMENT_ONLY
2025-10-15,23:00,test,2025,2025,16,15.969874050418012,0.03012594958198811,16,16,true,2025,2025-10,macro_non_southerly,16.083333333333336,0.0833333333333357,16,true,0.05320738375134759,0.11345928291532381,0,false,true,false,false,0.0833333333333357,-0.03012594958198811,EXPERIMENT_ONLY
2025-10-16,20:00,test,2025,2025,18,18.391896557697955,0.3918965576979545,18,18,true,2025,2025-10,macro_non_southerly,18.69923469387755,0.6992346938775498,19,false,0.30733813617959527,0.30733813617959527,-1,false,true,true,false,0.6992346938775498,0.3918965576979545,EXPERIMENT_ONLY
2025-10-16,21:00,test,2025,2025,18,18.41240884770906,0.4124088477090595,18,18,true,2025,2025-10,macro_non_southerly,18.69923469387755,0.6992346938775498,19,false,0.2868258461684903,0.2868258461684903,-1,false,true,true,false,0.6992346938775498,0.4124088477090595,EXPERIMENT_ONLY
2025-10-16,22:00,test,2025,2025,18,18.374080761436485,0.3740807614364847,18,18,true,2025,2025-10,macro_non_southerly,18.69923469387755,0.6992346938775498,19,false,0.32515393244106505,0.32515393244106505,-1,false,true,true,false,0.6992346938775498,0.3740807614364847,EXPERIMENT_ONLY
2025-10-16,23:00,test,2025,2025,18,18.977526198306254,0.9775261983062542,18,19,false,2025,2025-10,macro_non_southerly,18.69923469387755,0.6992346938775498,19,false,-0.27829150442870443,-0.27829150442870443,0,true,false,false,false,0.6992346938775498,0.9775261983062542,EXPERIMENT_ONLY
2025-10-17,20:00,test,2025,2025,16,16.1338353576699,0.1338353576698985,16,16,true,2025,2025-10,macro_southerly_flow,16.181037414965985,0.18103741496598502,16,true,0.04720205729608651,0.04720205729608651,0,false,true,false,false,0.18103741496598502,0.1338353576698985,EXPERIMENT_ONLY
2025-10-17,21:00,test,2025,2025,16,17.96362669812474,1.9636266981247417,16,18,false,2025,2025-10,macro_non_southerly,16.181037414965985,0.18103741496598502,16,true,-1.7825892831587566,-1.7825892831587566,1,true,false,false,true,0.18103741496598502,1.9636266981247417,EXPERIMENT_ONLY
2025-10-17,22:00,test,2025,2025,16,17.820888889918482,1.820888889918482,16,18,false,2025,2025-10,macro_non_southerly,16.181037414965985,0.18103741496598502,16,true,-1.639851474952497,-1.639851474952497,1,true,false,false,true,0.18103741496598502,1.820888889918482,EXPERIMENT_ONLY
2025-10-17,23:00,test,2025,2025,16,17.88032102247604,1.8803210224760392,16,18,false,2025,2025-10,macro_non_southerly,16.181037414965985,0.18103741496598502,16,true,-1.6992836075100541,-1.6992836075100541,1,true,false,false,true,0.18103741496598502,1.8803210224760392,EXPERIMENT_ONLY
2025-10-18,20:00,test,2025,2025,16,16.912313755663593,0.9123137556635932,16,17,false,2025,2025-10,macro_non_southerly,16.37091836734694,0.3709183673469383,16,true,-0.5413953883166549,-0.5413953883166549,1,true,false,false,true,0.3709183673469383,0.9123137556635932,EXPERIMENT_ONLY
2025-10-18,21:00,test,2025,2025,16,16.998007685462056,0.9980076854620563,16,17,false,2025,2025-10,macro_non_southerly,16.37091836734694,0.3709183673469383,16,true,-0.627089318115118,-0.627089318115118,1,true,false,false,true,0.3709183673469383,0.9980076854620563,EXPERIMENT_ONLY
2025-10-18,22:00,test,2025,2025,16,16.833671303822854,0.8336713038228538,16,17,false,2025,2025-10,macro_non_southerly,16.37091836734694,0.3709183673469383,16,true,-0.46275293647591553,-0.46275293647591553,1,true,false,false,true,0.3709183673469383,0.8336713038228538,EXPERIMENT_ONLY
2025-10-18,23:00,test,2025,2025,16,16.941757241473987,0.9417572414739865,16,17,false,2025,2025-10,macro_non_southerly,16.37091836734694,0.3709183673469383,16,true,-0.5708388741270483,-0.5708388741270483,1,true,false,false,true,0.3709183673469383,0.9417572414739865,EXPERIMENT_ONLY
2025-10-19,20:00,test,2025,2025,18,17.74673178183196,0.2532682181680386,18,18,true,2025,2025-10,macro_non_southerly,17.46156462585034,0.5384353741496604,17,false,0.2851671559816218,-0.2851671559816218,-1,false,true,true,false,-0.5384353741496604,-0.2532682181680386,EXPERIMENT_ONLY
2025-10-19,21:00,test,2025,2025,18,18.17182171293929,0.17182171293929116,18,18,true,2025,2025-10,macro_non_southerly,17.46156462585034,0.5384353741496604,17,false,0.3666136612103692,-0.7102570870889515,-1,false,true,true,false,-0.5384353741496604,0.17182171293929116,EXPERIMENT_ONLY
2025-10-19,22:00,test,2025,2025,18,17.970591369142603,0.029408630857396645,18,18,true,2025,2025-10,macro_non_southerly,17.46156462585034,0.5384353741496604,17,false,0.5090267432922637,-0.5090267432922637,-1,false,true,true,false,-0.5384353741496604,-0.029408630857396645,EXPERIMENT_ONLY
2025-10-19,23:00,test,2025,2025,18,17.961469308781126,0.03853069121887387,18,18,true,2025,2025-10,macro_non_southerly,17.46156462585034,0.5384353741496604,17,false,0.4999046829307865,-0.4999046829307865,-1,false,true,true,false,-0.5384353741496604,-0.03853069121887387,EXPERIMENT_ONLY
2025-10-20,20:00,test,2025,2025,17,17.04584148204107,0.045841482041069526,17,17,true,2025,2025-10,macro_non_southerly,16.792687074829935,0.20731292517006494,17,true,0.16147144312899542,-0.25315440721113447,0,false,true,false,false,-0.20731292517006494,0.045841482041069526,EXPERIMENT_ONLY
2025-10-20,21:00,test,2025,2025,17,17.19704690208253,0.19704690208252984,17,17,true,2025,2025-10,macro_non_southerly,16.792687074829935,0.20731292517006494,17,true,0.010266023087535103,-0.4043598272525948,0,false,true,false,false,-0.20731292517006494,0.19704690208252984,EXPERIMENT_ONLY
2025-10-20,22:00,test,2025,2025,17,17.092868177930065,0.09286817793006463,17,17,true,2025,2025-10,macro_non_southerly,16.792687074829935,0.20731292517006494,17,true,0.11444474724000031,-0.3001811031001296,0,false,true,false,false,-0.20731292517006494,0.09286817793006463,EXPERIMENT_ONLY
2025-10-20,23:00,test,2025,2025,17,17.224173327824662,0.22417332782466204,17,17,true,2025,2025-10,macro_non_southerly,16.792687074829935,0.20731292517006494,17,true,-0.016860402654597095,-0.431486252994727,0,true,false,false,false,-0.20731292517006494,0.22417332782466204,EXPERIMENT_ONLY
2025-10-21,20:00,test,2025,2025,18,19.058182450971785,1.0581824509717848,18,19,false,2025,2025-10,macro_non_southerly,17.896173469387755,0.10382653061224545,18,true,-0.9543559203595393,-1.1620089815840302,1,true,false,false,true,-0.10382653061224545,1.0581824509717848,EXPERIMENT_ONLY
2025-10-21,21:00,test,2025,2025,18,18.994185232449283,0.9941852324492828,18,19,false,2025,2025-10,macro_non_southerly,17.896173469387755,0.10382653061224545,18,true,-0.8903587018370374,-1.0980117630615283,1,true,false,false,true,-0.10382653061224545,0.9941852324492828,EXPERIMENT_ONLY
2025-10-21,22:00,test,2025,2025,18,18.429745136739886,0.4297451367398857,18,18,true,2025,2025-10,macro_non_southerly,17.896173469387755,0.10382653061224545,18,true,-0.32591860612764023,-0.5335716673521311,0,true,false,false,false,-0.10382653061224545,0.4297451367398857,EXPERIMENT_ONLY
2025-10-21,23:00,test,2025,2025,18,18.406286092675117,0.40628609267511706,18,18,true,2025,2025-10,macro_non_southerly,17.896173469387755,0.10382653061224545,18,true,-0.3024595620628716,-0.5101126232873625,0,true,false,false,false,-0.10382653061224545,0.40628609267511706,EXPERIMENT_ONLY
2025-10-22,20:00,test,2025,2025,15,17.331942514502504,2.3319425145025043,15,17,false,2025,2025-10,macro_non_southerly,16.03426870748299,1.0342687074829904,16,false,-1.297673807019514,-1.297673807019514,0,true,false,false,false,1.0342687074829904,2.3319425145025043,EXPERIMENT_ONLY
2025-10-22,21:00,test,2025,2025,15,17.49140132232368,2.4914013223236786,15,17,false,2025,2025-10,macro_non_southerly,16.03426870748299,1.0342687074829904,16,false,-1.4571326148406882,-1.4571326148406882,0,true,false,false,false,1.0342687074829904,2.4914013223236786,EXPERIMENT_ONLY
2025-10-22,22:00,test,2025,2025,15,17.082384944983552,2.082384944983552,15,17,false,2025,2025-10,macro_non_southerly,16.03426870748299,1.0342687074829904,16,false,-1.0481162375005617,-1.0481162375005617,0,true,false,false,false,1.0342687074829904,2.082384944983552,EXPERIMENT_ONLY
2025-10-22,23:00,test,2025,2025,15,16.541003501510378,1.541003501510378,15,17,false,2025,2025-10,macro_non_southerly,16.03426870748299,1.0342687074829904,16,false,-0.5067347940273876,-0.5067347940273876,0,true,false,false,false,1.0342687074829904,1.541003501510378,EXPERIMENT_ONLY
2025-10-23,20:00,test,2025,2025,19,18.363125190606535,0.6368748093934649,19,18,false,2025,2025-10,macro_non_southerly,18.68044217687075,0.3195578231292515,19,true,-0.31731698626421334,0.31731698626421334,1,true,false,false,true,-0.3195578231292515,-0.6368748093934649,EXPERIMENT_ONLY
2025-10-23,21:00,test,2025,2025,19,18.923964775812145,0.07603522418785502,19,19,true,2025,2025-10,macro_non_southerly,18.68044217687075,0.3195578231292515,19,true,0.2435225989413965,-0.2435225989413965,0,false,true,false,false,-0.3195578231292515,-0.07603522418785502,EXPERIMENT_ONLY
2025-10-23,22:00,test,2025,2025,19,18.800931395231256,0.199068604768744,19,19,true,2025,2025-10,macro_non_southerly,18.68044217687075,0.3195578231292515,19,true,0.12048921836050752,-0.12048921836050752,0,false,true,false,false,-0.3195578231292515,-0.199068604768744,EXPERIMENT_ONLY
2025-10-23,23:00,test,2025,2025,19,18.84615524182998,0.1538447581700204,19,19,true,2025,2025-10,macro_non_southerly,18.68044217687075,0.3195578231292515,19,true,0.1657130649592311,-0.1657130649592311,0,false,true,false,false,-0.3195578231292515,-0.1538447581700204,EXPERIMENT_ONLY
2025-10-24,20:00,test,2025,2025,17,18.12139322714092,1.1213932271409206,17,18,false,2025,2025-10,macro_non_southerly,16.46811224489796,0.5318877551020407,16,false,-0.5895054720388799,-1.6532809822429613,0,true,false,false,false,-0.5318877551020407,1.1213932271409206,EXPERIMENT_ONLY
2025-10-24,21:00,test,2025,2025,17,18.715120418069606,1.7151204180696062,17,19,false,2025,2025-10,macro_non_southerly,16.46811224489796,0.5318877551020407,16,false,-1.1832326629675656,-2.247008173171647,0,true,false,false,false,-0.5318877551020407,1.7151204180696062,EXPERIMENT_ONLY
2025-10-24,22:00,test,2025,2025,17,18.47373200860042,1.4737320086004218,17,18,false,2025,2025-10,macro_non_southerly,16.46811224489796,0.5318877551020407,16,false,-0.9418442534983811,-2.0056197637024624,0,true,false,false,false,-0.5318877551020407,1.4737320086004218,EXPERIMENT_ONLY
2025-10-24,23:00,test,2025,2025,17,18.435716890407033,1.4357168904070328,17,18,false,2025,2025-10,macro_non_southerly,16.46811224489796,0.5318877551020407,16,false,-0.9038291353049921,-1.9676046455090734,0,true,false,false,false,-0.5318877551020407,1.4357168904070328,EXPERIMENT_ONLY
2025-10-25,20:00,test,2025,2025,17,17.542471970461943,0.5424719704619427,17,18,false,2025,2025-10,macro_non_southerly,17.027465986394557,0.027465986394556552,17,true,-0.5150059840673862,-0.5150059840673862,1,true,false,false,true,0.027465986394556552,0.5424719704619427,EXPERIMENT_ONLY
2025-10-25,21:00,test,2025,2025,17,18.060851482713755,1.0608514827137547,17,18,false,2025,2025-10,macro_non_southerly,17.027465986394557,0.027465986394556552,17,true,-1.0333854963191982,-1.0333854963191982,1,true,false,false,true,0.027465986394556552,1.0608514827137547,EXPERIMENT_ONLY
2025-10-25,22:00,test,2025,2025,17,18.02381905663465,1.0238190566346503,17,18,false,2025,2025-10,macro_non_southerly,17.027465986394557,0.027465986394556552,17,true,-0.9963530702400938,-0.9963530702400938,1,true,false,false,true,0.027465986394556552,1.0238190566346503,EXPERIMENT_ONLY
2025-10-25,23:00,test,2025,2025,17,17.88934594202033,0.8893459420203307,17,18,false,2025,2025-10,macro_non_southerly,17.027465986394557,0.027465986394556552,17,true,-0.8618799556257741,-0.8618799556257741,1,true,false,false,true,0.027465986394556552,0.8893459420203307,EXPERIMENT_ONLY
2025-10-26,20:00,test,2025,2025,17,17.725214264556712,0.7252142645567119,17,18,false,2025,2025-10,macro_non_southerly,16.290051020408164,0.7099489795918359,16,false,-0.015265284964876003,-1.4351632441485478,0,true,false,false,false,-0.7099489795918359,0.7252142645567119,EXPERIMENT_ONLY
2025-10-26,21:00,test,2025,2025,17,18.00908852654317,1.0090885265431702,17,18,false,2025,2025-10,macro_non_southerly,16.290051020408164,0.7099489795918359,16,false,-0.29913954695133427,-1.719037506135006,0,true,false,false,false,-0.7099489795918359,1.0090885265431702,EXPERIMENT_ONLY
2025-10-26,22:00,test,2025,2025,17,17.775247070811307,0.7752470708113073,17,18,false,2025,2025-10,macro_non_southerly,16.290051020408164,0.7099489795918359,16,false,-0.06529809121947139,-1.4851960504031432,0,true,false,false,false,-0.7099489795918359,0.7752470708113073,EXPERIMENT_ONLY
2025-10-26,23:00,test,2025,2025,17,17.472601486604525,0.4726014866045247,17,17,true,2025,2025-10,macro_non_southerly,16.290051020408164,0.7099489795918359,16,false,0.23734749298731117,-1.1825504661963606,-1,false,true,true,false,-0.7099489795918359,0.4726014866045247,EXPERIMENT_ONLY
2025-10-27,20:00,test,2025,2025,17,17.675253060617727,0.6752530606177274,17,18,false,2025,2025-10,macro_non_southerly,17.378656462585035,0.3786564625850346,17,true,-0.2965965980326928,-0.2965965980326928,1,true,false,false,true,0.3786564625850346,0.6752530606177274,EXPERIMENT_ONLY
2025-10-27,21:00,test,2025,2025,17,17.615642496181827,0.6156424961818274,17,18,false,2025,2025-10,macro_non_southerly,17.378656462585035,0.3786564625850346,17,true,-0.23698603359679282,-0.23698603359679282,1,true,false,false,true,0.3786564625850346,0.6156424961818274,EXPERIMENT_ONLY
2025-10-27,22:00,test,2025,2025,17,17.122175474123882,0.12217547412388186,17,17,true,2025,2025-10,macro_non_southerly,17.378656462585035,0.3786564625850346,17,true,0.25648098846115275,0.25648098846115275,0,false,true,false,false,0.3786564625850346,0.12217547412388186,EXPERIMENT_ONLY
2025-10-27,23:00,test,2025,2025,17,16.936646377682596,0.06335362231740405,17,17,true,2025,2025-10,macro_non_southerly,17.378656462585035,0.3786564625850346,17,true,0.31530284026763056,0.44201008490243865,0,false,true,false,false,0.3786564625850346,-0.06335362231740405,EXPERIMENT_ONLY
2025-10-28,20:00,test,2025,2025,16,16.056669250518667,0.05666925051866656,16,16,true,2025,2025-10,macro_southerly_flow,15.913265306122447,0.08673469387755262,16,true,0.030065443358886057,-0.14340394439621917,0,false,true,false,false,-0.08673469387755262,0.05666925051866656,EXPERIMENT_ONLY
2025-10-28,21:00,test,2025,2025,16,16.3658650160624,0.3658650160624006,16,16,true,2025,2025-10,macro_southerly_flow,15.913265306122447,0.08673469387755262,16,true,-0.279130322184848,-0.45259970993995324,0,true,false,false,false,-0.08673469387755262,0.3658650160624006,EXPERIMENT_ONLY
2025-10-28,22:00,test,2025,2025,16,15.63214970619587,0.36785029380413015,16,16,true,2025,2025-10,macro_southerly_flow,15.913265306122447,0.08673469387755262,16,true,-0.28111559992657753,0.28111559992657753,0,true,false,false,false,-0.08673469387755262,-0.36785029380413015,EXPERIMENT_ONLY
2025-10-28,23:00,test,2025,2025,16,16.173071675310517,0.17307167531051704,16,16,true,2025,2025-10,macro_southerly_flow,15.913265306122447,0.08673469387755262,16,true,-0.08633698143296442,-0.25980636918806965,0,true,false,false,false,-0.08673469387755262,0.17307167531051704,EXPERIMENT_ONLY
2025-10-29,20:00,test,2025,2025,15,16.47583898606249,1.4758389860624916,15,16,false,2025,2025-10,macro_non_southerly,15.860289115646259,0.8602891156462587,16,false,-0.615549870416233,-0.615549870416233,0,true,false,false,false,0.8602891156462587,1.4758389860624916,EXPERIMENT_ONLY
2025-10-29,21:00,test,2025,2025,15,16.626464287644257,1.6264642876442572,15,17,false,2025,2025-10,macro_non_southerly,15.860289115646259,0.8602891156462587,16,false,-0.7661751719979986,-0.7661751719979986,0,true,false,false,false,0.8602891156462587,1.6264642876442572,EXPERIMENT_ONLY
2025-10-29,22:00,test,2025,2025,15,16.40885659637748,1.408856596377479,15,16,false,2025,2025-10,macro_non_southerly,15.860289115646259,0.8602891156462587,16,false,-0.5485674807312204,-0.5485674807312204,0,true,false,false,false,0.8602891156462587,1.408856596377479,EXPERIMENT_ONLY
2025-10-29,23:00,test,2025,2025,15,16.185285529702952,1.185285529702952,15,16,false,2025,2025-10,macro_non_southerly,15.860289115646259,0.8602891156462587,16,false,-0.32499641405669344,-0.32499641405669344,0,true,false,false,false,0.8602891156462587,1.185285529702952,EXPERIMENT_ONLY
2025-10-30,20:00,test,2025,2025,17,17.60898093329263,0.6089809332926315,17,18,false,2025,2025-10,macro_non_southerly,16.224489795918366,0.775510204081634,16,false,0.16652927078900248,-1.3844911373742654,0,false,true,false,false,-0.775510204081634,0.6089809332926315,EXPERIMENT_ONLY
2025-10-30,21:00,test,2025,2025,17,17.861031458018104,0.861031458018104,17,18,false,2025,2025-10,macro_non_southerly,16.224489795918366,0.775510204081634,16,false,-0.08552125393647003,-1.636541662099738,0,true,false,false,false,-0.775510204081634,0.861031458018104,EXPERIMENT_ONLY
2025-10-30,22:00,test,2025,2025,17,17.62076053693974,0.6207605369397413,17,18,false,2025,2025-10,macro_non_southerly,16.224489795918366,0.775510204081634,16,false,0.15474966714189264,-1.3962707410213753,0,false,true,false,false,-0.775510204081634,0.6207605369397413,EXPERIMENT_ONLY
2025-10-30,23:00,test,2025,2025,17,17.74861837374642,0.7486183737464209,17,18,false,2025,2025-10,macro_non_southerly,16.224489795918366,0.775510204081634,16,false,0.02689183033521303,-1.5241285778280549,0,false,true,false,false,-0.775510204081634,0.7486183737464209,EXPERIMENT_ONLY
2025-10-31,20:00,test,2025,2025,19,19.535000474271598,0.5350004742715981,19,20,false,2025,2025-10,macro_non_southerly,18.44421768707483,0.5557823129251709,18,false,0.02078183865357275,-1.090782787196769,0,false,true,false,false,-0.5557823129251709,0.5350004742715981,EXPERIMENT_ONLY
2025-10-31,21:00,test,2025,2025,19,19.856932756091815,0.8569327560918154,19,20,false,2025,2025-10,macro_non_southerly,18.44421768707483,0.5557823129251709,18,false,-0.3011504431666445,-1.4127150690169863,0,true,false,false,false,-0.5557823129251709,0.8569327560918154,EXPERIMENT_ONLY
2025-10-31,22:00,test,2025,2025,19,19.847485567859536,0.8474855678595361,19,20,false,2025,2025-10,macro_non_southerly,18.44421768707483,0.5557823129251709,18,false,-0.2917032549343652,-1.403267880784707,0,true,false,false,false,-0.5557823129251709,0.8474855678595361,EXPERIMENT_ONLY
2025-10-31,23:00,test,2025,2025,19,20.069293809830416,1.069293809830416,19,20,false,2025,2025-10,macro_non_southerly,18.44421768707483,0.5557823129251709,18,false,-0.5135114969052452,-1.625076122755587,0,true,false,false,false,-0.5557823129251709,1.069293809830416,EXPERIMENT_ONLY
2025-11-01,20:00,test,2025,2025,17,16.872357745471344,0.12764225452865574,17,17,true,2025,2025-11,macro_southerly_flow,17.198809523809526,0.1988095238095262,17,true,0.07116726928087047,0.32645177833818195,0,false,true,false,false,0.1988095238095262,-0.12764225452865574,EXPERIMENT_ONLY
2025-11-01,21:00,test,2025,2025,17,17.33772164308525,0.3377216430852492,17,17,true,2025,2025-11,macro_southerly_flow,17.198809523809526,0.1988095238095262,17,true,-0.138912119275723,-0.138912119275723,0,true,false,false,false,0.1988095238095262,0.3377216430852492,EXPERIMENT_ONLY
2025-11-01,22:00,test,2025,2025,17,17.240238144446263,0.24023814444626268,17,17,true,2025,2025-11,macro_southerly_flow,17.198809523809526,0.1988095238095262,17,true,-0.04142862063673647,-0.04142862063673647,0,true,false,false,false,0.1988095238095262,0.24023814444626268,EXPERIMENT_ONLY
2025-11-01,23:00,test,2025,2025,17,17.578584657291874,0.5785846572918736,17,18,false,2025,2025-11,macro_southerly_flow,17.198809523809526,0.1988095238095262,17,true,-0.37977513348234737,-0.37977513348234737,1,true,false,false,true,0.1988095238095262,0.5785846572918736,EXPERIMENT_ONLY
2025-11-02,20:00,test,2025,2025,16,17.229498409821673,1.229498409821673,16,17,false,2025,2025-11,macro_non_southerly,16.13222789115646,0.13222789115646094,16,true,-1.097270518665212,-1.097270518665212,1,true,false,false,true,0.13222789115646094,1.229498409821673,EXPERIMENT_ONLY
2025-11-02,21:00,test,2025,2025,16,17.323089626505077,1.3230896265050767,16,17,false,2025,2025-11,macro_non_southerly,16.13222789115646,0.13222789115646094,16,true,-1.1908617353486157,-1.1908617353486157,1,true,false,false,true,0.13222789115646094,1.3230896265050767,EXPERIMENT_ONLY
2025-11-02,22:00,test,2025,2025,16,17.31602544397032,1.3160254439703216,16,17,false,2025,2025-11,macro_non_southerly,16.13222789115646,0.13222789115646094,16,true,-1.1837975528138607,-1.1837975528138607,1,true,false,false,true,0.13222789115646094,1.3160254439703216,EXPERIMENT_ONLY
2025-11-02,23:00,test,2025,2025,16,17.377352357670528,1.377352357670528,16,17,false,2025,2025-11,macro_non_southerly,16.13222789115646,0.13222789115646094,16,true,-1.245124466514067,-1.245124466514067,1,true,false,false,true,0.13222789115646094,1.377352357670528,EXPERIMENT_ONLY
2025-11-03,20:00,test,2025,2025,17,18.436570387080792,1.436570387080792,17,18,false,2025,2025-11,macro_non_southerly,16.517091836734696,0.4829081632653036,17,true,-0.9536622238154884,-1.9194785503460956,1,true,false,false,true,-0.4829081632653036,1.436570387080792,EXPERIMENT_ONLY
2025-11-03,21:00,test,2025,2025,17,18.66782430315583,1.6678243031558289,17,19,false,2025,2025-11,macro_non_southerly,16.517091836734696,0.4829081632653036,17,true,-1.1849161398905252,-2.1507324664211325,1,true,false,false,true,-0.4829081632653036,1.6678243031558289,EXPERIMENT_ONLY
2025-11-03,22:00,test,2025,2025,17,18.459557067201253,1.4595570672012528,17,18,false,2025,2025-11,macro_non_southerly,16.517091836734696,0.4829081632653036,17,true,-0.9766489039359492,-1.9424652304665564,1,true,false,false,true,-0.4829081632653036,1.4595570672012528,EXPERIMENT_ONLY
2025-11-03,23:00,test,2025,2025,17,18.52386266846087,1.5238626684608683,17,19,false,2025,2025-11,macro_non_southerly,16.517091836734696,0.4829081632653036,17,true,-1.0409545051955646,-2.006770831726172,1,true,false,false,true,-0.4829081632653036,1.5238626684608683,EXPERIMENT_ONLY
2025-11-04,20:00,test,2025,2025,17,17.882130018069613,0.8821300180696134,17,18,false,2025,2025-11,macro_non_southerly,16.995748299319725,0.004251700680274695,17,true,-0.8778783173893387,-0.8863817187498881,1,true,false,false,true,-0.004251700680274695,0.8821300180696134,EXPERIMENT_ONLY
2025-11-04,21:00,test,2025,2025,17,17.84774815668695,0.8477481566869507,17,18,false,2025,2025-11,macro_non_southerly,16.995748299319725,0.004251700680274695,17,true,-0.843496456006676,-0.8519998573672254,1,true,false,false,true,-0.004251700680274695,0.8477481566869507,EXPERIMENT_ONLY
2025-11-04,22:00,test,2025,2025,17,17.6750283876635,0.6750283876634988,17,18,false,2025,2025-11,macro_non_southerly,16.995748299319725,0.004251700680274695,17,true,-0.6707766869832241,-0.6792800883437735,1,true,false,false,true,-0.004251700680274695,0.6750283876634988,EXPERIMENT_ONLY
2025-11-04,23:00,test,2025,2025,17,17.638124832065564,0.6381248320655644,17,18,false,2025,2025-11,macro_non_southerly,16.995748299319725,0.004251700680274695,17,true,-0.6338731313852897,-0.6423765327458391,1,true,false,false,true,-0.004251700680274695,0.6381248320655644,EXPERIMENT_ONLY
2025-11-05,20:00,test,2025,2025,19,19.230110395749747,0.23011039574974745,19,19,true,2025,2025-11,macro_non_southerly,18.140136054421767,0.8598639455782333,18,false,0.6297535498284859,-1.0899743413279808,-1,false,true,true,false,-0.8598639455782333,0.23011039574974745,EXPERIMENT_ONLY
2025-11-05,21:00,test,2025,2025,19,19.394692327312775,0.39469232731277515,19,19,true,2025,2025-11,macro_non_southerly,18.140136054421767,0.8598639455782333,18,false,0.46517161826545816,-1.2545562728910085,-1,false,true,true,false,-0.8598639455782333,0.39469232731277515,EXPERIMENT_ONLY
2025-11-05,22:00,test,2025,2025,19,19.195086764344126,0.19508676434412564,19,19,true,2025,2025-11,macro_non_southerly,18.140136054421767,0.8598639455782333,18,false,0.6647771812341077,-1.054950709922359,-1,false,true,true,false,-0.8598639455782333,0.19508676434412564,EXPERIMENT_ONLY
2025-11-05,23:00,test,2025,2025,19,19.427200470279423,0.4272004702794234,19,19,true,2025,2025-11,macro_non_southerly,18.140136054421767,0.8598639455782333,18,false,0.4326634752988099,-1.2870644158576567,-1,false,true,true,false,-0.8598639455782333,0.4272004702794234,EXPERIMENT_ONLY
2025-11-06,20:00,test,2025,2025,18,19.174005418310387,1.1740054183103865,18,19,false,2025,2025-11,macro_non_southerly,18.510884353741496,0.5108843537414955,19,false,-0.663121064568891,-0.663121064568891,0,true,false,false,false,0.5108843537414955,1.1740054183103865,EXPERIMENT_ONLY
2025-11-06,21:00,test,2025,2025,18,19.697567717081803,1.697567717081803,18,20,false,2025,2025-11,macro_non_southerly,18.510884353741496,0.5108843537414955,19,false,-1.1866833633403076,-1.1866833633403076,0,true,false,false,false,0.5108843537414955,1.697567717081803,EXPERIMENT_ONLY
2025-11-06,22:00,test,2025,2025,18,19.40035832689213,1.4003583268921282,18,19,false,2025,2025-11,macro_non_southerly,18.510884353741496,0.5108843537414955,19,false,-0.8894739731506327,-0.8894739731506327,0,true,false,false,false,0.5108843537414955,1.4003583268921282,EXPERIMENT_ONLY
2025-11-06,23:00,test,2025,2025,18,19.372032990840808,1.3720329908408075,18,19,false,2025,2025-11,macro_non_southerly,18.510884353741496,0.5108843537414955,19,false,-0.861148637099312,-0.861148637099312,0,true,false,false,false,0.5108843537414955,1.3720329908408075,EXPERIMENT_ONLY
2025-11-07,20:00,test,2025,2025,19,20.55475227776835,1.5547522777683511,19,21,false,2025,2025-11,macro_non_southerly,18.928231292517008,0.0717687074829918,19,true,-1.4829835702853593,-1.626520985251343,1,true,false,false,true,-0.0717687074829918,1.5547522777683511,EXPERIMENT_ONLY
2025-11-07,21:00,test,2025,2025,19,20.068978052533733,1.0689780525337333,19,20,false,2025,2025-11,macro_non_southerly,18.928231292517008,0.0717687074829918,19,true,-0.9972093450507415,-1.1407467600167251,1,true,false,false,true,-0.0717687074829918,1.0689780525337333,EXPERIMENT_ONLY
2025-11-07,22:00,test,2025,2025,19,18.832693820038063,0.16730617996193686,19,19,true,2025,2025-11,macro_southerly_flow,18.928231292517008,0.0717687074829918,19,true,-0.09553747247894506,0.09553747247894506,0,true,false,false,false,-0.0717687074829918,-0.16730617996193686,EXPERIMENT_ONLY
2025-11-07,23:00,test,2025,2025,19,18.66959128549503,0.3304087145049692,19,19,true,2025,2025-11,macro_southerly_flow,18.928231292517008,0.0717687074829918,19,true,-0.2586400070219774,0.2586400070219774,0,true,false,false,false,-0.0717687074829918,-0.3304087145049692,EXPERIMENT_ONLY
2025-11-08,20:00,test,2025,2025,19,18.750116722162485,0.2498832778375153,19,19,true,2025,2025-11,macro_non_southerly,18.108078231292517,0.8919217687074834,18,false,0.6420384908699681,-0.6420384908699681,-1,false,true,true,false,-0.8919217687074834,-0.2498832778375153,EXPERIMENT_ONLY
2025-11-08,21:00,test,2025,2025,19,19.008946334180123,0.008946334180123472,19,19,true,2025,2025-11,macro_non_southerly,18.108078231292517,0.8919217687074834,18,false,0.8829754345273599,-0.9008681028876069,-1,false,true,true,false,-0.8919217687074834,0.008946334180123472,EXPERIMENT_ONLY
2025-11-08,22:00,test,2025,2025,19,18.80417026661653,0.19582973338346932,19,19,true,2025,2025-11,macro_non_southerly,18.108078231292517,0.8919217687074834,18,false,0.6960920353240141,-0.6960920353240141,-1,false,true,true,false,-0.8919217687074834,-0.19582973338346932,EXPERIMENT_ONLY
2025-11-08,23:00,test,2025,2025,19,18.932306970220555,0.06769302977944491,19,19,true,2025,2025-11,macro_non_southerly,18.108078231292517,0.8919217687074834,18,false,0.8242287389280385,-0.8242287389280385,-1,false,true,true,false,-0.8919217687074834,-0.06769302977944491,EXPERIMENT_ONLY
2025-11-09,20:00,test,2025,2025,19,19.28689579575589,0.2868957957558891,19,19,true,2025,2025-11,macro_non_southerly,18.37670068027211,0.6232993197278915,18,false,0.33640352397200246,-0.9101951154837806,-1,false,true,true,false,-0.6232993197278915,0.2868957957558891,EXPERIMENT_ONLY
2025-11-09,21:00,test,2025,2025,19,19.243017562116215,0.24301756211621495,19,19,true,2025,2025-11,macro_non_southerly,18.37670068027211,0.6232993197278915,18,false,0.3802817576116766,-0.8663168818441065,-1,false,true,true,false,-0.6232993197278915,0.24301756211621495,EXPERIMENT_ONLY
2025-11-09,22:00,test,2025,2025,19,19.03884838464527,0.03884838464527007,19,19,true,2025,2025-11,macro_non_southerly,18.37670068027211,0.6232993197278915,18,false,0.5844509350826215,-0.6621477043731616,-1,false,true,true,false,-0.6232993197278915,0.03884838464527007,EXPERIMENT_ONLY
2025-11-09,23:00,test,2025,2025,19,19.711944476363918,0.711944476363918,19,20,false,2025,2025-11,macro_non_southerly,18.37670068027211,0.6232993197278915,18,false,-0.08864515663602646,-1.3352437960918095,0,true,false,false,false,-0.6232993197278915,0.711944476363918,EXPERIMENT_ONLY
2025-11-10,20:00,test,2025,2025,19,19.55873878239141,0.5587387823914085,19,20,false,2025,2025-11,macro_non_southerly,18.71062925170068,0.2893707482993193,19,true,-0.2693680340920892,-0.8481095306907278,1,true,false,false,true,-0.2893707482993193,0.5587387823914085,EXPERIMENT_ONLY
2025-11-10,21:00,test,2025,2025,19,19.81437617428795,0.8143761742879505,19,20,false,2025,2025-11,macro_non_southerly,18.71062925170068,0.2893707482993193,19,true,-0.5250054259886312,-1.1037469225872698,1,true,false,false,true,-0.2893707482993193,0.8143761742879505,EXPERIMENT_ONLY
2025-11-10,22:00,test,2025,2025,19,19.64863613463583,0.6486361346358294,19,20,false,2025,2025-11,macro_non_southerly,18.71062925170068,0.2893707482993193,19,true,-0.35926538633651006,-0.9380068829351487,1,true,false,false,true,-0.2893707482993193,0.6486361346358294,EXPERIMENT_ONLY
2025-11-10,23:00,test,2025,2025,19,19.920776103925512,0.9207761039255118,19,20,false,2025,2025-11,macro_non_southerly,18.71062925170068,0.2893707482993193,19,true,-0.6314053556261925,-1.210146852224831,1,true,false,false,true,-0.2893707482993193,0.9207761039255118,EXPERIMENT_ONLY
2025-11-11,20:00,test,2025,2025,17,18.20475070502555,1.2047507050255497,17,18,false,2025,2025-11,macro_non_southerly,17.254421768707484,0.2544217687074841,17,true,-0.9503289363180656,-0.9503289363180656,1,true,false,false,true,0.2544217687074841,1.2047507050255497,EXPERIMENT_ONLY
2025-11-11,21:00,test,2025,2025,17,17.197677459747023,0.19767745974702322,17,17,true,2025,2025-11,macro_non_southerly,17.254421768707484,0.2544217687074841,17,true,0.0567443089604609,0.0567443089604609,0,false,true,false,false,0.2544217687074841,0.19767745974702322,EXPERIMENT_ONLY
2025-11-11,22:00,test,2025,2025,17,17.175620686858803,0.17562068685880305,17,17,true,2025,2025-11,macro_non_southerly,17.254421768707484,0.2544217687074841,17,true,0.07880108184868106,0.07880108184868106,0,false,true,false,false,0.2544217687074841,0.17562068685880305,EXPERIMENT_ONLY
2025-11-11,23:00,test,2025,2025,17,17.38796494301047,0.3879649430104699,17,17,true,2025,2025-11,macro_non_southerly,17.254421768707484,0.2544217687074841,17,true,-0.1335431743029858,-0.1335431743029858,0,true,false,false,false,0.2544217687074841,0.3879649430104699,EXPERIMENT_ONLY
2025-11-12,20:00,test,2025,2025,19,17.61716462188558,1.3828353781144216,19,18,false,2025,2025-11,macro_southerly_flow,18.96309523809524,0.03690476190476133,19,true,-1.3459306162096603,1.3459306162096603,1,true,false,false,true,-0.03690476190476133,-1.3828353781144216,EXPERIMENT_ONLY
2025-11-12,21:00,test,2025,2025,19,17.299487295464406,1.700512704535594,19,17,false,2025,2025-11,macro_southerly_flow,18.96309523809524,0.03690476190476133,19,true,-1.6636079426308328,1.6636079426308328,1,true,false,false,true,-0.03690476190476133,-1.700512704535594,EXPERIMENT_ONLY
2025-11-12,22:00,test,2025,2025,19,17.180838571373915,1.819161428626085,19,17,false,2025,2025-11,macro_southerly_flow,18.96309523809524,0.03690476190476133,19,true,-1.7822566667213238,1.7822566667213238,1,true,false,false,true,-0.03690476190476133,-1.819161428626085,EXPERIMENT_ONLY
2025-11-12,23:00,test,2025,2025,19,17.43261625654885,1.567383743451149,19,17,false,2025,2025-11,macro_southerly_flow,18.96309523809524,0.03690476190476133,19,true,-1.5304789815463877,1.5304789815463877,1,true,false,false,true,-0.03690476190476133,-1.567383743451149,EXPERIMENT_ONLY
2025-11-13,20:00,test,2025,2025,18,16.78027517541276,1.2197248245872387,18,17,false,2025,2025-11,macro_southerly_flow,18.157568027210882,0.15756802721088192,18,true,-1.0621567973763568,1.3772928517981207,1,true,false,false,true,0.15756802721088192,-1.2197248245872387,EXPERIMENT_ONLY
2025-11-13,21:00,test,2025,2025,18,16.310953749414317,1.6890462505856831,18,16,false,2025,2025-11,macro_southerly_flow,18.157568027210882,0.15756802721088192,18,true,-1.5314782233748012,1.846614277796565,1,true,false,false,true,0.15756802721088192,-1.6890462505856831,EXPERIMENT_ONLY
2025-11-13,22:00,test,2025,2025,18,16.148325613289188,1.8516743867108119,18,16,false,2025,2025-11,macro_southerly_flow,18.157568027210882,0.15756802721088192,18,true,-1.69410635949993,2.009242413921694,1,true,false,false,true,0.15756802721088192,-1.8516743867108119,EXPERIMENT_ONLY
2025-11-13,23:00,test,2025,2025,18,17.857279532332345,0.14272046766765456,18,18,true,2025,2025-11,macro_southerly_flow,18.157568027210882,0.15756802721088192,18,true,0.014847559543227362,0.3002884948785365,0,false,true,false,false,0.15756802721088192,-0.14272046766765456,EXPERIMENT_ONLY
2025-11-14,20:00,test,2025,2025,19,19.389232800505155,0.3892328005051553,19,19,true,2025,2025-11,macro_non_southerly,18.43818027210884,0.5618197278911587,18,false,0.17258692738600345,-0.951052528396314,-1,false,true,true,false,-0.5618197278911587,0.3892328005051553,EXPERIMENT_ONLY
2025-11-14,21:00,test,2025,2025,19,19.76453018460576,0.7645301846057606,19,20,false,2025,2025-11,macro_non_southerly,18.43818027210884,0.5618197278911587,18,false,-0.20271045671460186,-1.3263499124969194,0,true,false,false,false,-0.5618197278911587,0.7645301846057606,EXPERIMENT_ONLY
2025-11-14,22:00,test,2025,2025,19,19.692194359618394,0.6921943596183944,19,20,false,2025,2025-11,macro_non_southerly,18.43818027210884,0.5618197278911587,18,false,-0.13037463172723562,-1.2540140875095531,0,true,false,false,false,-0.5618197278911587,0.6921943596183944,EXPERIMENT_ONLY
2025-11-14,23:00,test,2025,2025,19,19.785601886070953,0.7856018860709533,19,20,false,2025,2025-11,macro_non_southerly,18.43818027210884,0.5618197278911587,18,false,-0.22378215817979452,-1.347421613962112,0,true,false,false,false,-0.5618197278911587,0.7856018860709533,EXPERIMENT_ONLY
2025-11-15,20:00,test,2025,2025,19,18.95013504070704,0.049864959292960975,19,19,true,2025,2025-11,macro_non_southerly,17.611479591836734,1.3885204081632665,18,false,1.3386554488703055,-1.3386554488703055,-1,false,true,true,false,-1.3885204081632665,-0.049864959292960975,EXPERIMENT_ONLY
2025-11-15,21:00,test,2025,2025,19,18.206754979898648,0.7932450201013523,19,18,false,2025,2025-11,macro_non_southerly,17.611479591836734,1.3885204081632665,18,false,0.5952753880619142,-0.5952753880619142,0,false,true,false,false,-1.3885204081632665,-0.7932450201013523,EXPERIMENT_ONLY
2025-11-15,22:00,test,2025,2025,19,18.039836053400215,0.9601639465997849,19,18,false,2025,2025-11,macro_non_southerly,17.611479591836734,1.3885204081632665,18,false,0.4283564615634816,-0.4283564615634816,0,false,true,false,false,-1.3885204081632665,-0.9601639465997849,EXPERIMENT_ONLY
2025-11-15,23:00,test,2025,2025,19,17.836369964201992,1.1636300357980076,19,18,false,2025,2025-11,macro_non_southerly,17.611479591836734,1.3885204081632665,18,false,0.22489037236525888,-0.22489037236525888,0,false,true,false,false,-1.3885204081632665,-1.1636300357980076,EXPERIMENT_ONLY
2025-11-16,20:00,test,2025,2025,19,19.120312739838305,0.1203127398383046,19,19,true,2025,2025-11,macro_non_southerly,17.42916666666667,1.5708333333333293,17,false,1.4505205934950247,-1.691146073171634,-1,false,true,true,false,-1.5708333333333293,0.1203127398383046,EXPERIMENT_ONLY
2025-11-16,21:00,test,2025,2025,19,19.531285621786445,0.531285621786445,19,20,false,2025,2025-11,macro_non_southerly,17.42916666666667,1.5708333333333293,17,false,1.0395477115468843,-2.1021189551197743,0,false,true,false,false,-1.5708333333333293,0.531285621786445,EXPERIMENT_ONLY
2025-11-16,22:00,test,2025,2025,19,19.352222848341256,0.35222284834125617,19,19,true,2025,2025-11,macro_non_southerly,17.42916666666667,1.5708333333333293,17,false,1.2186104849920731,-1.9230561816745855,-1,false,true,true,false,-1.5708333333333293,0.35222284834125617,EXPERIMENT_ONLY
2025-11-16,23:00,test,2025,2025,19,19.650855585243978,0.6508555852439777,19,20,false,2025,2025-11,macro_non_southerly,17.42916666666667,1.5708333333333293,17,false,0.9199777480893516,-2.221688918577307,0,false,true,false,false,-1.5708333333333293,0.6508555852439777,EXPERIMENT_ONLY
2025-11-17,20:00,test,2025,2025,21,19.652196773370267,1.3478032266297326,21,20,false,2025,2025-11,macro_non_southerly,19.751360544217686,1.248639455782314,20,false,-0.09916377084741868,0.09916377084741868,0,true,false,false,false,-1.248639455782314,-1.3478032266297326,EXPERIMENT_ONLY
2025-11-17,21:00,test,2025,2025,21,20.117945985978412,0.8820540140215876,21,20,false,2025,2025-11,macro_non_southerly,19.751360544217686,1.248639455782314,20,false,0.3665854417607264,-0.3665854417607264,0,false,true,false,false,-1.248639455782314,-0.8820540140215876,EXPERIMENT_ONLY
2025-11-17,22:00,test,2025,2025,21,19.97059914512503,1.0294008548749716,21,20,false,2025,2025-11,macro_non_southerly,19.751360544217686,1.248639455782314,20,false,0.21923860090734237,-0.21923860090734237,0,false,true,false,false,-1.248639455782314,-1.0294008548749716,EXPERIMENT_ONLY
2025-11-17,23:00,test,2025,2025,21,20.16441012822258,0.8355898717774188,21,20,false,2025,2025-11,macro_non_southerly,19.751360544217686,1.248639455782314,20,false,0.4130495840048951,-0.4130495840048951,0,false,true,false,false,-1.248639455782314,-0.8355898717774188,EXPERIMENT_ONLY
2025-11-18,20:00,test,2025,2025,23,21.65032256567447,1.3496774343255282,23,22,false,2025,2025-11,macro_non_southerly,21.081122448979592,1.9188775510204081,21,false,0.5692001166948799,-0.5692001166948799,0,false,true,false,false,-1.9188775510204081,-1.3496774343255282,EXPERIMENT_ONLY
2025-11-18,21:00,test,2025,2025,23,21.8994112457338,1.1005887542662016,23,22,false,2025,2025-11,macro_non_southerly,21.081122448979592,1.9188775510204081,21,false,0.8182887967542065,-0.8182887967542065,0,false,true,false,false,-1.9188775510204081,-1.1005887542662016,EXPERIMENT_ONLY
2025-11-18,22:00,test,2025,2025,23,21.828321721213438,1.1716782787865618,23,22,false,2025,2025-11,macro_non_southerly,21.081122448979592,1.9188775510204081,21,false,0.7471992722338463,-0.7471992722338463,0,false,true,false,false,-1.9188775510204081,-1.1716782787865618,EXPERIMENT_ONLY
2025-11-18,23:00,test,2025,2025,23,21.96902145711481,1.0309785428851903,23,22,false,2025,2025-11,macro_non_southerly,21.081122448979592,1.9188775510204081,21,false,0.8878990081352178,-0.8878990081352178,0,false,true,false,false,-1.9188775510204081,-1.0309785428851903,EXPERIMENT_ONLY
2025-11-19,20:00,test,2025,2025,22,21.42059227758106,0.5794077224189387,22,21,false,2025,2025-11,macro_non_southerly,20.339285714285715,1.6607142857142847,20,false,1.081306563295346,-1.081306563295346,0,false,true,false,false,-1.6607142857142847,-0.5794077224189387,EXPERIMENT_ONLY
2025-11-19,21:00,test,2025,2025,22,21.76673721534238,0.23326278465761874,22,22,true,2025,2025-11,macro_non_southerly,20.339285714285715,1.6607142857142847,20,false,1.427451501056666,-1.427451501056666,-1,false,true,true,false,-1.6607142857142847,-0.23326278465761874,EXPERIMENT_ONLY
2025-11-19,22:00,test,2025,2025,22,21.49321261923979,0.5067873807602084,22,21,false,2025,2025-11,macro_non_southerly,20.339285714285715,1.6607142857142847,20,false,1.1539269049540763,-1.1539269049540763,0,false,true,false,false,-1.6607142857142847,-0.5067873807602084,EXPERIMENT_ONLY
2025-11-19,23:00,test,2025,2025,22,21.824307476789883,0.17569252321011675,22,22,true,2025,2025-11,macro_non_southerly,20.339285714285715,1.6607142857142847,20,false,1.485021762504168,-1.485021762504168,-1,false,true,true,false,-1.6607142857142847,-0.17569252321011675,EXPERIMENT_ONLY
2025-11-20,20:00,test,2025,2025,20,20.928785643246197,0.9287856432461972,20,21,false,2025,2025-11,macro_non_southerly,19.997704081632655,0.0022959183673449957,20,true,-0.9264897248788522,-0.9310815616135422,1,true,false,false,true,-0.0022959183673449957,0.9287856432461972,EXPERIMENT_ONLY
2025-11-20,21:00,test,2025,2025,20,21.267436421664083,1.2674364216640832,20,21,false,2025,2025-11,macro_non_southerly,19.997704081632655,0.0022959183673449957,20,true,-1.2651405032967382,-1.2697323400314282,1,true,false,false,true,-0.0022959183673449957,1.2674364216640832,EXPERIMENT_ONLY
2025-11-20,22:00,test,2025,2025,20,21.272714680357055,1.2727146803570548,20,21,false,2025,2025-11,macro_non_southerly,19.997704081632655,0.0022959183673449957,20,true,-1.2704187619897098,-1.2750105987243998,1,true,false,false,true,-0.0022959183673449957,1.2727146803570548,EXPERIMENT_ONLY
2025-11-20,23:00,test,2025,2025,20,21.309419438916095,1.3094194389160947,20,21,false,2025,2025-11,macro_non_southerly,19.997704081632655,0.0022959183673449957,20,true,-1.3071235205487497,-1.3117153572834397,1,true,false,false,true,-0.0022959183673449957,1.3094194389160947,EXPERIMENT_ONLY
2025-11-21,20:00,test,2025,2025,20,20.200379092233575,0.2003790922335753,20,20,true,2025,2025-11,macro_non_southerly,18.719727891156463,1.280272108843537,19,false,1.0798930166099616,-1.4806512010771122,-1,false,true,true,false,-1.280272108843537,0.2003790922335753,EXPERIMENT_ONLY
2025-11-21,21:00,test,2025,2025,20,20.324239815364713,0.324239815364713,20,20,true,2025,2025-11,macro_non_southerly,18.719727891156463,1.280272108843537,19,false,0.9560322934788239,-1.60451192420825,-1,false,true,true,false,-1.280272108843537,0.324239815364713,EXPERIMENT_ONLY
2025-11-21,22:00,test,2025,2025,20,20.180501267873257,0.18050126787325738,20,20,true,2025,2025-11,macro_non_southerly,18.719727891156463,1.280272108843537,19,false,1.0997708409702796,-1.4607733767167943,-1,false,true,true,false,-1.280272108843537,0.18050126787325738,EXPERIMENT_ONLY
2025-11-21,23:00,test,2025,2025,20,20.37739080548829,0.3773908054882895,20,20,true,2025,2025-11,macro_non_southerly,18.719727891156463,1.280272108843537,19,false,0.9028813033552474,-1.6576629143318264,-1,false,true,true,false,-1.280272108843537,0.3773908054882895,EXPERIMENT_ONLY
2025-11-22,20:00,test,2025,2025,17,18.8333617157471,1.833361715747099,17,19,false,2025,2025-11,macro_southerly_flow,17.361904761904764,0.36190476190476417,17,true,-1.4714569538423348,-1.4714569538423348,1,true,false,false,true,0.36190476190476417,1.833361715747099,EXPERIMENT_ONLY
2025-11-22,21:00,test,2025,2025,17,18.80501803072716,1.8050180307271617,17,19,false,2025,2025-11,macro_southerly_flow,17.361904761904764,0.36190476190476417,17,true,-1.4431132688223975,-1.4431132688223975,1,true,false,false,true,0.36190476190476417,1.8050180307271617,EXPERIMENT_ONLY
2025-11-22,22:00,test,2025,2025,17,18.731202631128387,1.7312026311283866,17,19,false,2025,2025-11,macro_southerly_flow,17.361904761904764,0.36190476190476417,17,true,-1.3692978692236224,-1.3692978692236224,1,true,false,false,true,0.36190476190476417,1.7312026311283866,EXPERIMENT_ONLY
2025-11-22,23:00,test,2025,2025,17,18.75430318104828,1.7543031810482788,17,19,false,2025,2025-11,macro_southerly_flow,17.361904761904764,0.36190476190476417,17,true,-1.3923984191435146,-1.3923984191435146,1,true,false,false,true,0.36190476190476417,1.7543031810482788,EXPERIMENT_ONLY
2025-11-23,20:00,test,2025,2025,20,18.929368750125157,1.0706312498748431,20,19,false,2025,2025-11,macro_non_southerly,18.93732993197279,1.0626700680272094,19,false,-0.007961181847633725,0.007961181847633725,0,true,false,false,false,-1.0626700680272094,-1.0706312498748431,EXPERIMENT_ONLY
2025-11-23,21:00,test,2025,2025,20,19.306149463242093,0.6938505367579069,20,19,false,2025,2025-11,macro_non_southerly,18.93732993197279,1.0626700680272094,19,false,0.36881953126930256,-0.36881953126930256,0,false,true,false,false,-1.0626700680272094,-0.6938505367579069,EXPERIMENT_ONLY
2025-11-23,22:00,test,2025,2025,20,19.26491742824504,0.7350825717549583,20,19,false,2025,2025-11,macro_non_southerly,18.93732993197279,1.0626700680272094,19,false,0.32758749627225114,-0.32758749627225114,0,false,true,false,false,-1.0626700680272094,-0.7350825717549583,EXPERIMENT_ONLY
2025-11-23,23:00,test,2025,2025,20,19.72891569294772,0.2710843070522806,20,20,true,2025,2025-11,macro_non_southerly,18.93732993197279,1.0626700680272094,19,false,0.7915857609749288,-0.7915857609749288,-1,false,true,true,false,-1.0626700680272094,-0.2710843070522806,EXPERIMENT_ONLY
2025-11-24,20:00,test,2025,2025,18,17.071183258030157,0.9288167419698432,18,17,false,2025,2025-11,macro_southerly_flow,17.29812925170068,0.7018707482993207,17,false,-0.22694599367052248,0.22694599367052248,0,true,false,false,false,-0.7018707482993207,-0.9288167419698432,EXPERIMENT_ONLY
2025-11-24,21:00,test,2025,2025,18,16.417083436412327,1.5829165635876734,18,16,false,2025,2025-11,macro_southerly_flow,17.29812925170068,0.7018707482993207,17,false,-0.8810458152883527,0.8810458152883527,0,true,false,false,false,-0.7018707482993207,-1.5829165635876734,EXPERIMENT_ONLY
2025-11-24,22:00,test,2025,2025,18,16.230265240602655,1.7697347593973447,18,16,false,2025,2025-11,macro_southerly_flow,17.29812925170068,0.7018707482993207,17,false,-1.067864011098024,1.067864011098024,0,true,false,false,false,-0.7018707482993207,-1.7697347593973447,EXPERIMENT_ONLY
2025-11-24,23:00,test,2025,2025,18,16.401900004144977,1.5980999958550228,18,16,false,2025,2025-11,macro_southerly_flow,17.29812925170068,0.7018707482993207,17,false,-0.8962292475557021,0.8962292475557021,0,true,false,false,false,-0.7018707482993207,-1.5980999958550228,EXPERIMENT_ONLY
2025-11-25,20:00,test,2025,2025,22,19.748801807207215,2.251198192792785,22,20,false,2025,2025-11,macro_non_southerly,20.945323129251697,1.0546768707483025,21,false,-1.1965213220444824,1.1965213220444824,0,true,false,false,false,-1.0546768707483025,-2.251198192792785,EXPERIMENT_ONLY
2025-11-25,21:00,test,2025,2025,22,21.123231526453413,0.876768473546587,22,21,false,2025,2025-11,macro_non_southerly,20.945323129251697,1.0546768707483025,21,false,0.17790839720171547,-0.17790839720171547,0,false,true,false,false,-1.0546768707483025,-0.876768473546587,EXPERIMENT_ONLY
2025-11-25,22:00,test,2025,2025,22,21.53103203403419,0.4689679659658097,22,22,true,2025,2025-11,macro_non_southerly,20.945323129251697,1.0546768707483025,21,false,0.5857089047824928,-0.5857089047824928,-1,false,true,true,false,-1.0546768707483025,-0.4689679659658097,EXPERIMENT_ONLY
2025-11-25,23:00,test,2025,2025,22,21.363006755426607,0.636993244573393,22,21,false,2025,2025-11,macro_non_southerly,20.945323129251697,1.0546768707483025,21,false,0.4176836261749095,-0.4176836261749095,0,false,true,false,false,-1.0546768707483025,-0.636993244573393,EXPERIMENT_ONLY
2025-11-26,20:00,test,2025,2025,21,21.30738362941982,0.3073836294198209,21,21,true,2025,2025-11,macro_non_southerly,21.149319727891157,0.14931972789115733,21,true,-0.15806390152866356,-0.15806390152866356,0,true,false,false,false,0.14931972789115733,0.3073836294198209,EXPERIMENT_ONLY
2025-11-26,21:00,test,2025,2025,21,22.13065795292301,1.1306579529230092,21,22,false,2025,2025-11,macro_non_southerly,21.149319727891157,0.14931972789115733,21,true,-0.9813382250318519,-0.9813382250318519,1,true,false,false,true,0.14931972789115733,1.1306579529230092,EXPERIMENT_ONLY
2025-11-26,22:00,test,2025,2025,21,22.071805476958062,1.0718054769580618,21,22,false,2025,2025-11,macro_non_southerly,21.149319727891157,0.14931972789115733,21,true,-0.9224857490669045,-0.9224857490669045,1,true,false,false,true,0.14931972789115733,1.0718054769580618,EXPERIMENT_ONLY
2025-11-26,23:00,test,2025,2025,21,22.374719005875413,1.3747190058754128,21,22,false,2025,2025-11,macro_non_southerly,21.149319727891157,0.14931972789115733,21,true,-1.2253992779842555,-1.2253992779842555,1,true,false,false,true,0.14931972789115733,1.3747190058754128,EXPERIMENT_ONLY
2025-11-27,20:00,test,2025,2025,21,20.954848219064424,0.04515178093557637,21,21,true,2025,2025-11,macro_non_southerly,20.74438775510204,0.25561224489796075,21,true,0.21046046396238438,-0.21046046396238438,0,false,true,false,false,-0.25561224489796075,-0.04515178093557637,EXPERIMENT_ONLY
2025-11-27,21:00,test,2025,2025,21,21.066810948941477,0.06681094894147677,21,21,true,2025,2025-11,macro_non_southerly,20.74438775510204,0.25561224489796075,21,true,0.18880129595648398,-0.3224231938394375,0,false,true,false,false,-0.25561224489796075,0.06681094894147677,EXPERIMENT_ONLY
2025-11-27,22:00,test,2025,2025,21,21.03837917615043,0.03837917615042841,21,21,true,2025,2025-11,macro_non_southerly,20.74438775510204,0.25561224489796075,21,true,0.21723306874753234,-0.29399142104838916,0,false,true,false,false,-0.25561224489796075,0.03837917615042841,EXPERIMENT_ONLY
2025-11-27,23:00,test,2025,2025,21,21.48353838917306,0.48353838917305936,21,21,true,2025,2025-11,macro_non_southerly,20.74438775510204,0.25561224489796075,21,true,-0.2279261442750986,-0.7391506340710201,0,true,false,false,false,-0.25561224489796075,0.48353838917305936,EXPERIMENT_ONLY
2025-11-28,20:00,test,2025,2025,21,20.32835245525541,0.6716475447445909,21,20,false,2025,2025-11,macro_non_southerly,20.936904761904763,0.06309523809523654,21,true,-0.6085523066493543,0.6085523066493543,1,true,false,false,true,-0.06309523809523654,-0.6716475447445909,EXPERIMENT_ONLY
2025-11-28,21:00,test,2025,2025,21,20.389951095304315,0.6100489046956845,21,20,false,2025,2025-11,macro_non_southerly,20.936904761904763,0.06309523809523654,21,true,-0.546953666600448,0.546953666600448,1,true,false,false,true,-0.06309523809523654,-0.6100489046956845,EXPERIMENT_ONLY
2025-11-28,22:00,test,2025,2025,21,20.518202223813862,0.48179777618613784,21,21,true,2025,2025-11,macro_non_southerly,20.936904761904763,0.06309523809523654,21,true,-0.4187025380909013,0.4187025380909013,0,true,false,false,false,-0.06309523809523654,-0.48179777618613784,EXPERIMENT_ONLY
2025-11-28,23:00,test,2025,2025,21,20.848660729508023,0.15133927049197737,21,21,true,2025,2025-11,macro_non_southerly,20.936904761904763,0.06309523809523654,21,true,-0.08824403239674083,0.08824403239674083,0,true,false,false,false,-0.06309523809523654,-0.15133927049197737,EXPERIMENT_ONLY
2025-11-29,20:00,test,2025,2025,21,20.537489379912934,0.4625106200870661,21,21,true,2025,2025-11,macro_non_southerly,20.094812925170068,0.9051870748299322,20,false,0.4426764547428661,-0.4426764547428661,-1,false,true,true,false,-0.9051870748299322,-0.4625106200870661,EXPERIMENT_ONLY
2025-11-29,21:00,test,2025,2025,21,20.76718609013807,0.23281390986193173,21,21,true,2025,2025-11,macro_non_southerly,20.094812925170068,0.9051870748299322,20,false,0.6723731649680005,-0.6723731649680005,-1,false,true,true,false,-0.9051870748299322,-0.23281390986193173,EXPERIMENT_ONLY
2025-11-29,22:00,test,2025,2025,21,20.5183777497441,0.48162225025589933,21,21,true,2025,2025-11,macro_non_southerly,20.094812925170068,0.9051870748299322,20,false,0.4235648245740329,-0.4235648245740329,-1,false,true,true,false,-0.9051870748299322,-0.48162225025589933,EXPERIMENT_ONLY
2025-11-29,23:00,test,2025,2025,21,20.7030464075007,0.29695359249929965,21,21,true,2025,2025-11,macro_non_southerly,20.094812925170068,0.9051870748299322,20,false,0.6082334823306326,-0.6082334823306326,-1,false,true,true,false,-0.9051870748299322,-0.29695359249929965,EXPERIMENT_ONLY
2025-11-30,20:00,test,2025,2025,21,20.66499666549123,0.3350033345087695,21,21,true,2025,2025-11,macro_non_southerly,20.023639455782313,0.9763605442176875,20,false,0.641357209708918,-0.641357209708918,-1,false,true,true,false,-0.9763605442176875,-0.3350033345087695,EXPERIMENT_ONLY
2025-11-30,21:00,test,2025,2025,21,20.771230214664833,0.22876978533516734,21,21,true,2025,2025-11,macro_non_southerly,20.023639455782313,0.9763605442176875,20,false,0.7475907588825201,-0.7475907588825201,-1,false,true,true,false,-0.9763605442176875,-0.22876978533516734,EXPERIMENT_ONLY
2025-11-30,22:00,test,2025,2025,21,20.393477407540775,0.6065225924592248,21,20,false,2025,2025-11,macro_non_southerly,20.023639455782313,0.9763605442176875,20,false,0.3698379517584627,-0.3698379517584627,0,false,true,false,false,-0.9763605442176875,-0.6065225924592248,EXPERIMENT_ONLY
2025-11-30,23:00,test,2025,2025,21,20.588297214470842,0.4117027855291582,21,21,true,2025,2025-11,macro_non_southerly,20.023639455782313,0.9763605442176875,20,false,0.5646577586885293,-0.5646577586885293,-1,false,true,true,false,-0.9763605442176875,-0.4117027855291582,EXPERIMENT_ONLY
2025-12-01,20:00,test,2025,2025,19,20.35780783825492,1.3578078382549208,19,20,false,2025,2025-12,macro_non_southerly,19.116666666666667,0.11666666666666714,19,true,-1.2411411715882537,-1.2411411715882537,1,true,false,false,true,0.11666666666666714,1.3578078382549208,EXPERIMENT_ONLY
2025-12-01,21:00,test,2025,2025,19,20.431852577036963,1.4318525770369632,19,20,false,2025,2025-12,macro_non_southerly,19.116666666666667,0.11666666666666714,19,true,-1.315185910370296,-1.315185910370296,1,true,false,false,true,0.11666666666666714,1.4318525770369632,EXPERIMENT_ONLY
2025-12-01,22:00,test,2025,2025,19,20.158939883337627,1.1589398833376272,19,20,false,2025,2025-12,macro_non_southerly,19.116666666666667,0.11666666666666714,19,true,-1.04227321667096,-1.04227321667096,1,true,false,false,true,0.11666666666666714,1.1589398833376272,EXPERIMENT_ONLY
2025-12-01,23:00,test,2025,2025,19,20.214630817487034,1.2146308174870342,19,20,false,2025,2025-12,macro_non_southerly,19.116666666666667,0.11666666666666714,19,true,-1.097964150820367,-1.097964150820367,1,true,false,false,true,0.11666666666666714,1.2146308174870342,EXPERIMENT_ONLY
2025-12-02,20:00,test,2025,2025,20,19.421978437147768,0.578021562852232,20,19,false,2025,2025-12,macro_non_southerly,19.400000000000002,0.5999999999999979,19,false,0.021978437147765817,-0.021978437147765817,0,false,true,false,false,-0.5999999999999979,-0.578021562852232,EXPERIMENT_ONLY
2025-12-02,21:00,test,2025,2025,20,19.55312827722957,0.44687172277043175,20,20,true,2025,2025-12,macro_non_southerly,19.400000000000002,0.5999999999999979,19,false,0.15312827722956612,-0.15312827722956612,-1,false,true,true,false,-0.5999999999999979,-0.44687172277043175,EXPERIMENT_ONLY
2025-12-02,22:00,test,2025,2025,20,19.34559925059625,0.6544007494037487,20,19,false,2025,2025-12,macro_non_southerly,19.400000000000002,0.5999999999999979,19,false,-0.05440074940375084,0.05440074940375084,0,true,false,false,false,-0.5999999999999979,-0.6544007494037487,EXPERIMENT_ONLY
2025-12-02,23:00,test,2025,2025,20,19.402434066349443,0.5975659336505572,20,19,false,2025,2025-12,macro_non_southerly,19.400000000000002,0.5999999999999979,19,false,0.0024340663494406556,-0.0024340663494406556,0,false,true,false,false,-0.5999999999999979,-0.5975659336505572,EXPERIMENT_ONLY
2025-12-03,20:00,test,2025,2025,15,16.568011226353956,1.5680112263539563,15,17,false,2025,2025-12,macro_southerly_flow,17.133333333333333,2.133333333333333,17,false,0.5653221069793766,0.5653221069793766,0,false,true,false,false,2.133333333333333,1.5680112263539563,EXPERIMENT_ONLY
2025-12-03,21:00,test,2025,2025,15,16.579656979280042,1.579656979280042,15,17,false,2025,2025-12,macro_southerly_flow,17.133333333333333,2.133333333333333,17,false,0.553676354053291,0.553676354053291,0,false,true,false,false,2.133333333333333,1.579656979280042,EXPERIMENT_ONLY
2025-12-03,22:00,test,2025,2025,15,16.074539683540664,1.0745396835406638,15,16,false,2025,2025-12,macro_southerly_flow,17.133333333333333,2.133333333333333,17,false,1.058793649792669,1.058793649792669,0,false,true,false,false,2.133333333333333,1.0745396835406638,EXPERIMENT_ONLY
2025-12-03,23:00,test,2025,2025,15,16.755694737420427,1.755694737420427,15,17,false,2025,2025-12,macro_southerly_flow,17.133333333333333,2.133333333333333,17,false,0.37763859591290583,0.37763859591290583,0,false,true,false,false,2.133333333333333,1.755694737420427,EXPERIMENT_ONLY
2025-12-04,20:00,test,2025,2025,17,16.64856354437957,0.3514364556204299,17,17,true,2025,2025-12,macro_southerly_flow,16.65,0.3500000000000014,17,true,-0.0014364556204284895,0.0014364556204284895,0,true,false,false,false,-0.3500000000000014,-0.3514364556204299,EXPERIMENT_ONLY
2025-12-04,21:00,test,2025,2025,17,16.694059939549838,0.30594006045016187,17,17,true,2025,2025-12,macro_southerly_flow,16.65,0.3500000000000014,17,true,0.044059939549839555,-0.044059939549839555,0,false,true,false,false,-0.3500000000000014,-0.30594006045016187,EXPERIMENT_ONLY
2025-12-04,22:00,test,2025,2025,17,16.394750596163128,0.6052494038368721,17,16,false,2025,2025-12,macro_southerly_flow,16.65,0.3500000000000014,17,true,-0.25524940383687067,0.25524940383687067,1,true,false,false,true,-0.3500000000000014,-0.6052494038368721,EXPERIMENT_ONLY
2025-12-04,23:00,test,2025,2025,17,16.56490890505232,0.43509109494767984,17,17,true,2025,2025-12,macro_southerly_flow,16.65,0.3500000000000014,17,true,-0.08509109494767841,0.08509109494767841,0,true,false,false,false,-0.3500000000000014,-0.43509109494767984,EXPERIMENT_ONLY
2025-12-05,20:00,test,2025,2025,21,20.100902239044462,0.899097760955538,21,20,false,2025,2025-12,macro_non_southerly,20.466666666666665,0.533333333333335,20,false,-0.36576442762220296,0.36576442762220296,0,true,false,false,false,-0.533333333333335,-0.899097760955538,EXPERIMENT_ONLY
2025-12-05,21:00,test,2025,2025,21,20.938334510579445,0.061665489420555275,21,21,true,2025,2025-12,macro_non_southerly,20.466666666666665,0.533333333333335,20,false,0.4716678439127797,-0.4716678439127797,-1,false,true,true,false,-0.533333333333335,-0.061665489420555275,EXPERIMENT_ONLY
2025-12-05,22:00,test,2025,2025,21,20.83061965983858,0.16938034016142112,21,21,true,2025,2025-12,macro_non_southerly,20.466666666666665,0.533333333333335,20,false,0.3639529931719139,-0.3639529931719139,-1,false,true,true,false,-0.533333333333335,-0.16938034016142112,EXPERIMENT_ONLY
2025-12-05,23:00,test,2025,2025,21,21.023976861195077,0.023976861195077248,21,21,true,2025,2025-12,macro_non_southerly,20.466666666666665,0.533333333333335,20,false,0.5093564721382577,-0.5573101945284122,-1,false,true,true,false,-0.533333333333335,0.023976861195077248,EXPERIMENT_ONLY
2025-12-06,20:00,test,2025,2025,22,21.104708252710676,0.895291747289324,22,21,false,2025,2025-12,macro_non_southerly,21.366666666666667,0.6333333333333329,21,false,-0.2619584139559912,0.2619584139559912,0,true,false,false,false,-0.6333333333333329,-0.895291747289324,EXPERIMENT_ONLY
2025-12-06,21:00,test,2025,2025,22,21.37072079189757,0.6292792081024317,22,21,false,2025,2025-12,macro_non_southerly,21.366666666666667,0.6333333333333329,21,false,0.004054125230901207,-0.004054125230901207,0,false,true,false,false,-0.6333333333333329,-0.6292792081024317,EXPERIMENT_ONLY
2025-12-06,22:00,test,2025,2025,22,21.173323915020923,0.8266760849790771,22,21,false,2025,2025-12,macro_non_southerly,21.366666666666667,0.6333333333333329,21,false,-0.19334275164574422,0.19334275164574422,0,true,false,false,false,-0.6333333333333329,-0.8266760849790771,EXPERIMENT_ONLY
2025-12-06,23:00,test,2025,2025,22,21.30641689766601,0.6935831023339887,22,21,false,2025,2025-12,macro_non_southerly,21.366666666666667,0.6333333333333329,21,false,-0.06024976900065582,0.06024976900065582,0,true,false,false,false,-0.6333333333333329,-0.6935831023339887,EXPERIMENT_ONLY
2025-12-07,20:00,test,2025,2025,21,21.890496913786954,0.8904969137869543,21,22,false,2025,2025-12,macro_non_southerly,20.383333333333333,0.6166666666666671,20,false,-0.27383024712028714,-1.5071635804536214,0,true,false,false,false,-0.6166666666666671,0.8904969137869543,EXPERIMENT_ONLY
2025-12-07,21:00,test,2025,2025,21,21.777119492474448,0.7771194924744478,21,22,false,2025,2025-12,macro_non_southerly,20.383333333333333,0.6166666666666671,20,false,-0.16045282580778064,-1.393786159141115,0,true,false,false,false,-0.6166666666666671,0.7771194924744478,EXPERIMENT_ONLY
2025-12-07,22:00,test,2025,2025,21,21.778299568854706,0.7782995688547061,21,22,false,2025,2025-12,macro_non_southerly,20.383333333333333,0.6166666666666671,20,false,-0.16163290218803894,-1.3949662355213732,0,true,false,false,false,-0.6166666666666671,0.7782995688547061,EXPERIMENT_ONLY
2025-12-07,23:00,test,2025,2025,21,21.9800207108137,0.9800207108137009,21,22,false,2025,2025-12,macro_non_southerly,20.383333333333333,0.6166666666666671,20,false,-0.36335404414703376,-1.596687377480368,0,true,false,false,false,-0.6166666666666671,0.9800207108137009,EXPERIMENT_ONLY
2025-12-08,20:00,test,2025,2025,22,21.78980464156927,0.210195358430731,22,22,true,2025,2025-12,macro_non_southerly,20.483333333333334,1.5166666666666657,20,false,1.3064713082359347,-1.3064713082359347,-1,false,true,true,false,-1.5166666666666657,-0.210195358430731,EXPERIMENT_ONLY
2025-12-08,21:00,test,2025,2025,22,21.697178848294072,0.3028211517059276,22,22,true,2025,2025-12,macro_non_southerly,20.483333333333334,1.5166666666666657,20,false,1.2138455149607381,-1.2138455149607381,-1,false,true,true,false,-1.5166666666666657,-0.3028211517059276,EXPERIMENT_ONLY
2025-12-08,22:00,test,2025,2025,22,21.700579634326033,0.2994203656739671,22,22,true,2025,2025-12,macro_non_southerly,20.483333333333334,1.5166666666666657,20,false,1.2172463009926986,-1.2172463009926986,-1,false,true,true,false,-1.5166666666666657,-0.2994203656739671,EXPERIMENT_ONLY
2025-12-08,23:00,test,2025,2025,22,21.83528561329443,0.16471438670556893,22,22,true,2025,2025-12,macro_non_southerly,20.483333333333334,1.5166666666666657,20,false,1.3519522799610968,-1.3519522799610968,-1,false,true,true,false,-1.5166666666666657,-0.16471438670556893,EXPERIMENT_ONLY
2025-12-09,20:00,test,2025,2025,23,22.436495838340157,0.5635041616598429,23,22,false,2025,2025-12,macro_non_southerly,21.7,1.3000000000000007,22,false,0.7364958383401579,-0.7364958383401579,0,false,true,false,false,-1.3000000000000007,-0.5635041616598429,EXPERIMENT_ONLY
2025-12-09,21:00,test,2025,2025,23,22.908042083763497,0.09195791623650251,23,23,true,2025,2025-12,macro_non_southerly,21.7,1.3000000000000007,22,false,1.2080420837634982,-1.2080420837634982,-1,false,true,true,false,-1.3000000000000007,-0.09195791623650251,EXPERIMENT_ONLY
2025-12-09,22:00,test,2025,2025,23,22.868305512257056,0.13169448774294423,23,23,true,2025,2025-12,macro_non_southerly,21.7,1.3000000000000007,22,false,1.1683055122570565,-1.1683055122570565,-1,false,true,true,false,-1.3000000000000007,-0.13169448774294423,EXPERIMENT_ONLY
2025-12-09,23:00,test,2025,2025,23,23.131104976181536,0.13110497618153616,23,23,true,2025,2025-12,macro_non_southerly,21.7,1.3000000000000007,22,false,1.1688950238184646,-1.4311049761815369,-1,false,true,true,false,-1.3000000000000007,0.13110497618153616,EXPERIMENT_ONLY
2025-12-10,20:00,test,2025,2025,23,22.492156585156696,0.507843414843304,23,22,false,2025,2025-12,macro_non_southerly,21.533333333333335,1.466666666666665,22,false,0.958823251823361,-0.958823251823361,0,false,true,false,false,-1.466666666666665,-0.507843414843304,EXPERIMENT_ONLY
2025-12-10,21:00,test,2025,2025,23,22.975876917591854,0.024123082408145535,23,23,true,2025,2025-12,macro_non_southerly,21.533333333333335,1.466666666666665,22,false,1.4425435842585195,-1.4425435842585195,-1,false,true,true,false,-1.466666666666665,-0.024123082408145535,EXPERIMENT_ONLY
2025-12-10,22:00,test,2025,2025,23,22.875823982424507,0.12417601757549335,23,23,true,2025,2025-12,macro_non_southerly,21.533333333333335,1.466666666666665,22,false,1.3424906490911717,-1.3424906490911717,-1,false,true,true,false,-1.466666666666665,-0.12417601757549335,EXPERIMENT_ONLY
2025-12-10,23:00,test,2025,2025,23,23.075062792726825,0.07506279272682548,23,23,true,2025,2025-12,macro_non_southerly,21.533333333333335,1.466666666666665,22,false,1.3916038739398395,-1.5417294593934905,-1,false,true,true,false,-1.466666666666665,0.07506279272682548,EXPERIMENT_ONLY
2025-12-11,20:00,test,2025,2025,19,18.97203268968151,0.0279673103184912,19,19,true,2025,2025-12,macro_southerly_flow,19.583333333333332,0.5833333333333321,20,false,0.555366023014841,0.6113006436518233,-1,false,true,true,false,0.5833333333333321,-0.0279673103184912,EXPERIMENT_ONLY
2025-12-11,21:00,test,2025,2025,19,19.089123766641766,0.08912376664176591,19,19,true,2025,2025-12,macro_southerly_flow,19.583333333333332,0.5833333333333321,20,false,0.49420956669156624,0.49420956669156624,-1,false,true,true,false,0.5833333333333321,0.08912376664176591,EXPERIMENT_ONLY
2025-12-11,22:00,test,2025,2025,19,19.092432587880598,0.09243258788059805,19,19,true,2025,2025-12,macro_southerly_flow,19.583333333333332,0.5833333333333321,20,false,0.4909007454527341,0.4909007454527341,-1,false,true,true,false,0.5833333333333321,0.09243258788059805,EXPERIMENT_ONLY
2025-12-11,23:00,test,2025,2025,19,19.295605424664952,0.2956054246649522,19,19,true,2025,2025-12,macro_southerly_flow,19.583333333333332,0.5833333333333321,20,false,0.28772790866837994,0.28772790866837994,-1,false,true,true,false,0.5833333333333321,0.2956054246649522,EXPERIMENT_ONLY
2025-12-12,20:00,test,2025,2025,18,19.714692859196965,1.7146928591969655,18,20,false,2025,2025-12,macro_southerly_flow,17.966666666666665,0.03333333333333499,18,true,-1.6813595258636305,-1.7480261925303004,1,true,false,false,true,-0.03333333333333499,1.7146928591969655,EXPERIMENT_ONLY
2025-12-12,21:00,test,2025,2025,18,19.693049031787318,1.693049031787318,18,20,false,2025,2025-12,macro_southerly_flow,17.966666666666665,0.03333333333333499,18,true,-1.659715698453983,-1.726382365120653,1,true,false,false,true,-0.03333333333333499,1.693049031787318,EXPERIMENT_ONLY
2025-12-12,22:00,test,2025,2025,18,19.50248911422961,1.5024891142296113,18,20,false,2025,2025-12,macro_southerly_flow,17.966666666666665,0.03333333333333499,18,true,-1.4691557808962763,-1.5358224475629463,1,true,false,false,true,-0.03333333333333499,1.5024891142296113,EXPERIMENT_ONLY
2025-12-12,23:00,test,2025,2025,18,19.926590830048116,1.9265908300481165,18,20,false,2025,2025-12,macro_southerly_flow,17.966666666666665,0.03333333333333499,18,true,-1.8932574967147815,-1.9599241633814515,1,true,false,false,true,-0.03333333333333499,1.9265908300481165,EXPERIMENT_ONLY
2025-12-13,20:00,test,2025,2025,18,19.22061049797421,1.22061049797421,18,19,false,2025,2025-12,macro_non_southerly,18.900000000000002,0.9000000000000021,19,false,-0.32061049797420793,-0.32061049797420793,0,true,false,false,false,0.9000000000000021,1.22061049797421,EXPERIMENT_ONLY
2025-12-13,21:00,test,2025,2025,18,19.817875922544832,1.8178759225448324,18,20,false,2025,2025-12,macro_non_southerly,18.900000000000002,0.9000000000000021,19,false,-0.9178759225448303,-0.9178759225448303,0,true,false,false,false,0.9000000000000021,1.8178759225448324,EXPERIMENT_ONLY
2025-12-13,22:00,test,2025,2025,18,19.647649829170163,1.6476498291701631,18,20,false,2025,2025-12,macro_non_southerly,18.900000000000002,0.9000000000000021,19,false,-0.747649829170161,-0.747649829170161,0,true,false,false,false,0.9000000000000021,1.6476498291701631,EXPERIMENT_ONLY
2025-12-13,23:00,test,2025,2025,18,19.74665347618801,1.7466534761880084,18,20,false,2025,2025-12,macro_non_southerly,18.900000000000002,0.9000000000000021,19,false,-0.8466534761880062,-0.8466534761880062,0,true,false,false,false,0.9000000000000021,1.7466534761880084,EXPERIMENT_ONLY
2025-12-14,20:00,test,2025,2025,23,21.782567771009216,1.2174322289907842,23,22,false,2025,2025-12,macro_non_southerly,21.533333333333335,1.466666666666665,22,false,0.24923443767588083,-0.24923443767588083,0,false,true,false,false,-1.466666666666665,-1.2174322289907842,EXPERIMENT_ONLY
2025-12-14,21:00,test,2025,2025,23,22.675100445520947,0.32489955447905317,23,23,true,2025,2025-12,macro_non_southerly,21.533333333333335,1.466666666666665,22,false,1.1417671121876118,-1.1417671121876118,-1,false,true,true,false,-1.466666666666665,-0.32489955447905317,EXPERIMENT_ONLY
2025-12-14,22:00,test,2025,2025,23,22.58662182474212,0.4133781752578791,23,23,true,2025,2025-12,macro_non_southerly,21.533333333333335,1.466666666666665,22,false,1.0532884914087859,-1.0532884914087859,-1,false,true,true,false,-1.466666666666665,-0.4133781752578791,EXPERIMENT_ONLY
2025-12-14,23:00,test,2025,2025,23,22.699411118087628,0.3005888819123719,23,23,true,2025,2025-12,macro_non_southerly,21.533333333333335,1.466666666666665,22,false,1.1660777847542931,-1.1660777847542931,-1,false,true,true,false,-1.466666666666665,-0.3005888819123719,EXPERIMENT_ONLY
2025-12-15,20:00,test,2025,2025,21,22.03926691734183,1.0392669173418305,21,22,false,2025,2025-12,macro_non_southerly,20.7,0.3000000000000007,21,true,-0.7392669173418298,-1.3392669173418312,1,true,false,false,true,-0.3000000000000007,1.0392669173418305,EXPERIMENT_ONLY
2025-12-15,21:00,test,2025,2025,21,22.157433633762434,1.1574336337624338,21,22,false,2025,2025-12,macro_non_southerly,20.7,0.3000000000000007,21,true,-0.8574336337624331,-1.4574336337624345,1,true,false,false,true,-0.3000000000000007,1.1574336337624338,EXPERIMENT_ONLY
2025-12-15,22:00,test,2025,2025,21,22.052395592795893,1.052395592795893,21,22,false,2025,2025-12,macro_non_southerly,20.7,0.3000000000000007,21,true,-0.7523955927958923,-1.3523955927958937,1,true,false,false,true,-0.3000000000000007,1.052395592795893,EXPERIMENT_ONLY
2025-12-15,23:00,test,2025,2025,21,22.28501670692777,1.2850167069277703,21,22,false,2025,2025-12,macro_non_southerly,20.7,0.3000000000000007,21,true,-0.9850167069277695,-1.585016706927771,1,true,false,false,true,-0.3000000000000007,1.2850167069277703,EXPERIMENT_ONLY
2025-12-16,20:00,test,2025,2025,20,21.023943950997925,1.023943950997925,20,21,false,2025,2025-12,macro_non_southerly,19.45,0.5500000000000007,19,false,-0.4739439509979242,-1.5739439509979256,0,true,false,false,false,-0.5500000000000007,1.023943950997925,EXPERIMENT_ONLY
2025-12-16,21:00,test,2025,2025,20,20.678805879331698,0.6788058793316978,20,21,false,2025,2025-12,macro_non_southerly,19.45,0.5500000000000007,19,false,-0.12880587933169707,-1.2288058793316985,0,true,false,false,false,-0.5500000000000007,0.6788058793316978,EXPERIMENT_ONLY
2025-12-16,22:00,test,2025,2025,20,19.76106371012582,0.2389362898741787,20,20,true,2025,2025-12,macro_non_southerly,19.45,0.5500000000000007,19,false,0.311063710125822,-0.311063710125822,-1,false,true,true,false,-0.5500000000000007,-0.2389362898741787,EXPERIMENT_ONLY
2025-12-16,23:00,test,2025,2025,20,19.233725582656483,0.7662744173435172,20,19,false,2025,2025-12,macro_non_southerly,19.45,0.5500000000000007,19,false,-0.2162744173435165,0.2162744173435165,0,true,false,false,false,-0.5500000000000007,-0.7662744173435172,EXPERIMENT_ONLY
2025-12-17,20:00,test,2025,2025,16,16.227918121348235,0.2279181213482353,16,16,true,2025,2025-12,macro_non_southerly,16.28333333333333,0.28333333333333144,16,true,0.055415211985096136,0.055415211985096136,0,false,true,false,false,0.28333333333333144,0.2279181213482353,EXPERIMENT_ONLY
2025-12-17,21:00,test,2025,2025,16,15.990834728604542,0.009165271395458419,16,16,true,2025,2025-12,macro_southerly_flow,16.28333333333333,0.28333333333333144,16,true,0.274168061937873,0.29249860472878986,0,false,true,false,false,0.28333333333333144,-0.009165271395458419,EXPERIMENT_ONLY
2025-12-17,22:00,test,2025,2025,16,15.777850957905242,0.22214904209475783,16,16,true,2025,2025-12,macro_southerly_flow,16.28333333333333,0.28333333333333144,16,true,0.06118429123857361,0.5054823754280893,0,false,true,false,false,0.28333333333333144,-0.22214904209475783,EXPERIMENT_ONLY
2025-12-17,23:00,test,2025,2025,16,15.916599807925804,0.0834001920741958,16,16,true,2025,2025-12,macro_southerly_flow,16.28333333333333,0.28333333333333144,16,true,0.19993314125913564,0.36673352540752724,0,false,true,false,false,0.28333333333333144,-0.0834001920741958,EXPERIMENT_ONLY
2025-12-18,20:00,test,2025,2025,19,19.211037548407855,0.21103754840785527,19,19,true,2025,2025-12,macro_non_southerly,18.900000000000002,0.09999999999999787,19,true,-0.1110375484078574,-0.31103754840785314,0,true,false,false,false,-0.09999999999999787,0.21103754840785527,EXPERIMENT_ONLY
2025-12-18,21:00,test,2025,2025,19,19.703180209736967,0.703180209736967,19,20,false,2025,2025-12,macro_non_southerly,18.900000000000002,0.09999999999999787,19,true,-0.6031802097369692,-0.8031802097369649,1,true,false,false,true,-0.09999999999999787,0.703180209736967,EXPERIMENT_ONLY
2025-12-18,22:00,test,2025,2025,19,19.66991866671431,0.6699186667143096,19,20,false,2025,2025-12,macro_non_southerly,18.900000000000002,0.09999999999999787,19,true,-0.5699186667143117,-0.7699186667143074,1,true,false,false,true,-0.09999999999999787,0.6699186667143096,EXPERIMENT_ONLY
2025-12-18,23:00,test,2025,2025,19,19.73933829416889,0.7393382941688884,19,20,false,2025,2025-12,macro_non_southerly,18.900000000000002,0.09999999999999787,19,true,-0.6393382941688905,-0.8393382941688863,1,true,false,false,true,-0.09999999999999787,0.7393382941688884,EXPERIMENT_ONLY
2025-12-19,20:00,test,2025,2025,20,20.500785193093936,0.500785193093936,20,21,false,2025,2025-12,macro_non_southerly,19.983333333333334,0.01666666666666572,20,true,-0.48411852642727027,-0.5174518597606017,1,true,false,false,true,-0.01666666666666572,0.500785193093936,EXPERIMENT_ONLY
2025-12-19,21:00,test,2025,2025,20,20.649933059936494,0.6499330599364939,20,21,false,2025,2025-12,macro_non_southerly,19.983333333333334,0.01666666666666572,20,true,-0.6332663932698281,-0.6665997266031596,1,true,false,false,true,-0.01666666666666572,0.6499330599364939,EXPERIMENT_ONLY
2025-12-19,22:00,test,2025,2025,20,20.34119012790412,0.3411901279041203,20,20,true,2025,2025-12,macro_non_southerly,19.983333333333334,0.01666666666666572,20,true,-0.32452346123745457,-0.357856794570786,0,true,false,false,false,-0.01666666666666572,0.3411901279041203,EXPERIMENT_ONLY
2025-12-19,23:00,test,2025,2025,20,19.997005928049603,0.002994071950396915,20,20,true,2025,2025-12,macro_non_southerly,19.983333333333334,0.01666666666666572,20,true,0.013672594716268804,-0.013672594716268804,0,false,true,false,false,-0.01666666666666572,-0.002994071950396915,EXPERIMENT_ONLY
2025-12-20,20:00,test,2025,2025,19,17.635696417995007,1.3643035820049931,19,18,false,2025,2025-12,macro_southerly_flow,17.866666666666667,1.1333333333333329,18,false,-0.23097024867166027,0.23097024867166027,0,true,false,false,false,-1.1333333333333329,-1.3643035820049931,EXPERIMENT_ONLY
2025-12-20,21:00,test,2025,2025,19,17.3887087291368,1.6112912708632017,19,17,false,2025,2025-12,macro_southerly_flow,17.866666666666667,1.1333333333333329,18,false,-0.4779579375298688,0.4779579375298688,0,true,false,false,false,-1.1333333333333329,-1.6112912708632017,EXPERIMENT_ONLY
2025-12-20,22:00,test,2025,2025,19,17.5556376076304,1.4443623923696016,19,18,false,2025,2025-12,macro_non_southerly,17.866666666666667,1.1333333333333329,18,false,-0.31102905903626876,0.31102905903626876,0,true,false,false,false,-1.1333333333333329,-1.4443623923696016,EXPERIMENT_ONLY
2025-12-20,23:00,test,2025,2025,19,18.316903240774934,0.6830967592250659,19,18,false,2025,2025-12,macro_non_southerly,17.866666666666667,1.1333333333333329,18,false,0.450236574108267,-0.450236574108267,0,false,true,false,false,-1.1333333333333329,-0.6830967592250659,EXPERIMENT_ONLY
2025-12-21,20:00,test,2025,2025,16,16.24621196341502,0.24621196341502127,16,16,true,2025,2025-12,macro_southerly_flow,16.016666666666666,0.01666666666666572,16,true,-0.22954529674835555,-0.22954529674835555,0,true,false,false,false,0.01666666666666572,0.24621196341502127,EXPERIMENT_ONLY
2025-12-21,21:00,test,2025,2025,16,16.964353982697602,0.9643539826976024,16,17,false,2025,2025-12,macro_non_southerly,16.016666666666666,0.01666666666666572,16,true,-0.9476873160309367,-0.9476873160309367,1,true,false,false,true,0.01666666666666572,0.9643539826976024,EXPERIMENT_ONLY
2025-12-21,22:00,test,2025,2025,16,16.764907898182685,0.7649078981826847,16,17,false,2025,2025-12,macro_non_southerly,16.016666666666666,0.01666666666666572,16,true,-0.748241231516019,-0.748241231516019,1,true,false,false,true,0.01666666666666572,0.7649078981826847,EXPERIMENT_ONLY
2025-12-21,23:00,test,2025,2025,16,16.898808264612736,0.898808264612736,16,17,false,2025,2025-12,macro_non_southerly,16.016666666666666,0.01666666666666572,16,true,-0.8821415979460703,-0.8821415979460703,1,true,false,false,true,0.01666666666666572,0.898808264612736,EXPERIMENT_ONLY
2025-12-22,20:00,test,2025,2025,20,19.67997309729346,0.320026902706541,20,20,true,2025,2025-12,macro_non_southerly,19.05,0.9499999999999993,19,false,0.6299730972934583,-0.6299730972934583,-1,false,true,true,false,-0.9499999999999993,-0.320026902706541,EXPERIMENT_ONLY
2025-12-22,21:00,test,2025,2025,20,20.329050307640617,0.3290503076406175,20,20,true,2025,2025-12,macro_non_southerly,19.05,0.9499999999999993,19,false,0.6209496923593818,-1.2790503076406168,-1,false,true,true,false,-0.9499999999999993,0.3290503076406175,EXPERIMENT_ONLY
2025-12-22,22:00,test,2025,2025,20,20.066386881565137,0.06638688156513695,20,20,true,2025,2025-12,macro_non_southerly,19.05,0.9499999999999993,19,false,0.8836131184348623,-1.0163868815651362,-1,false,true,true,false,-0.9499999999999993,0.06638688156513695,EXPERIMENT_ONLY
2025-12-22,23:00,test,2025,2025,20,20.131781528227204,0.13178152822720435,20,20,true,2025,2025-12,macro_non_southerly,19.05,0.9499999999999993,19,false,0.8182184717727949,-1.0817815282272036,-1,false,true,true,false,-0.9499999999999993,0.13178152822720435,EXPERIMENT_ONLY
2025-12-23,20:00,test,2025,2025,23,21.42616374408168,1.5738362559183194,23,21,false,2025,2025-12,macro_non_southerly,21.55,1.4499999999999993,22,false,-0.12383625591832015,0.12383625591832015,0,true,false,false,false,-1.4499999999999993,-1.5738362559183194,EXPERIMENT_ONLY
2025-12-23,21:00,test,2025,2025,23,21.394995380465005,1.605004619534995,23,21,false,2025,2025-12,macro_non_southerly,21.55,1.4499999999999993,22,false,-0.15500461953499567,0.15500461953499567,0,true,false,false,false,-1.4499999999999993,-1.605004619534995,EXPERIMENT_ONLY
2025-12-23,22:00,test,2025,2025,23,21.802808729422804,1.1971912705771963,23,22,false,2025,2025-12,macro_non_southerly,21.55,1.4499999999999993,22,false,0.25280872942280297,-0.25280872942280297,0,false,true,false,false,-1.4499999999999993,-1.1971912705771963,EXPERIMENT_ONLY
2025-12-23,23:00,test,2025,2025,23,21.99667894908382,1.0033210509161812,23,22,false,2025,2025-12,macro_non_southerly,21.55,1.4499999999999993,22,false,0.4466789490838181,-0.4466789490838181,0,false,true,false,false,-1.4499999999999993,-1.0033210509161812,EXPERIMENT_ONLY
2025-12-24,20:00,test,2025,2025,22,21.919013105024558,0.08098689497544242,22,22,true,2025,2025-12,macro_non_southerly,21.133333333333333,0.8666666666666671,21,false,0.7856797716912247,-0.7856797716912247,-1,false,true,true,false,-0.8666666666666671,-0.08098689497544242,EXPERIMENT_ONLY
2025-12-24,21:00,test,2025,2025,22,22.162255679508757,0.16225567950875686,22,22,true,2025,2025-12,macro_non_southerly,21.133333333333333,0.8666666666666671,21,false,0.7044109871579103,-1.028922346175424,-1,false,true,true,false,-0.8666666666666671,0.16225567950875686,EXPERIMENT_ONLY
2025-12-24,22:00,test,2025,2025,22,22.085718641363258,0.08571864136325757,22,22,true,2025,2025-12,macro_non_southerly,21.133333333333333,0.8666666666666671,21,false,0.7809480253034096,-0.9523853080299247,-1,false,true,true,false,-0.8666666666666671,0.08571864136325757,EXPERIMENT_ONLY
2025-12-24,23:00,test,2025,2025,22,22.18179998234517,0.1817999823451686,22,22,true,2025,2025-12,macro_non_southerly,21.133333333333333,0.8666666666666671,21,false,0.6848666843214986,-1.0484666490118357,-1,false,true,true,false,-0.8666666666666671,0.1817999823451686,EXPERIMENT_ONLY
2025-12-25,20:00,test,2025,2025,20,21.412701286467108,1.412701286467108,20,21,false,2025,2025-12,macro_non_southerly,19.966666666666665,0.03333333333333499,20,true,-1.379367953133773,-1.446034619800443,1,true,false,false,true,-0.03333333333333499,1.412701286467108,EXPERIMENT_ONLY
2025-12-25,21:00,test,2025,2025,20,21.756086441155503,1.756086441155503,20,22,false,2025,2025-12,macro_non_southerly,19.966666666666665,0.03333333333333499,20,true,-1.722753107822168,-1.789419774488838,1,true,false,false,true,-0.03333333333333499,1.756086441155503,EXPERIMENT_ONLY
2025-12-25,22:00,test,2025,2025,20,21.58647619539443,1.5864761953944289,20,22,false,2025,2025-12,macro_non_southerly,19.966666666666665,0.03333333333333499,20,true,-1.5531428620610939,-1.6198095287277638,1,true,false,false,true,-0.03333333333333499,1.5864761953944289,EXPERIMENT_ONLY
2025-12-25,23:00,test,2025,2025,20,21.44137304135236,1.4413730413523602,20,21,false,2025,2025-12,macro_non_southerly,19.966666666666665,0.03333333333333499,20,true,-1.4080397080190252,-1.4747063746856952,1,true,false,false,true,-0.03333333333333499,1.4413730413523602,EXPERIMENT_ONLY
2025-12-26,20:00,test,2025,2025,19,20.628096223693028,1.6280962236930279,19,21,false,2025,2025-12,macro_non_southerly,18.733333333333334,0.2666666666666657,19,true,-1.3614295570263621,-1.8947628903596936,1,true,false,false,true,-0.2666666666666657,1.6280962236930279,EXPERIMENT_ONLY
2025-12-26,21:00,test,2025,2025,19,19.92842920788484,0.9284292078848395,19,20,false,2025,2025-12,macro_non_southerly,18.733333333333334,0.2666666666666657,19,true,-0.6617625412181738,-1.1950958745515052,1,true,false,false,true,-0.2666666666666657,0.9284292078848395,EXPERIMENT_ONLY
2025-12-26,22:00,test,2025,2025,19,19.30329889410556,0.3032988941055592,19,19,true,2025,2025-12,macro_non_southerly,18.733333333333334,0.2666666666666657,19,true,-0.036632227438893494,-0.5699655607722249,0,true,false,false,false,-0.2666666666666657,0.3032988941055592,EXPERIMENT_ONLY
2025-12-26,23:00,test,2025,2025,19,19.113398305945715,0.1133983059457151,19,19,true,2025,2025-12,macro_non_southerly,18.733333333333334,0.2666666666666657,19,true,0.15326836072095062,-0.3800649726123808,0,false,true,false,false,-0.2666666666666657,0.1133983059457151,EXPERIMENT_ONLY
2025-12-27,20:00,test,2025,2025,20,20.76897990169589,0.7689799016958894,20,21,false,2025,2025-12,macro_non_southerly,18.8,1.1999999999999993,19,false,0.4310200983041099,-1.9689799016958887,0,false,true,false,false,-1.1999999999999993,0.7689799016958894,EXPERIMENT_ONLY
2025-12-27,21:00,test,2025,2025,20,20.843765887688274,0.8437658876882743,20,21,false,2025,2025-12,macro_non_southerly,18.8,1.1999999999999993,19,false,0.35623411231172497,-2.0437658876882736,0,false,true,false,false,-1.1999999999999993,0.8437658876882743,EXPERIMENT_ONLY
2025-12-27,22:00,test,2025,2025,20,20.66816743291857,0.668167432918569,20,21,false,2025,2025-12,macro_non_southerly,18.8,1.1999999999999993,19,false,0.5318325670814303,-1.8681674329185682,0,false,true,false,false,-1.1999999999999993,0.668167432918569,EXPERIMENT_ONLY
2025-12-27,23:00,test,2025,2025,20,20.449908840446163,0.4499088404461631,20,20,true,2025,2025-12,macro_non_southerly,18.8,1.1999999999999993,19,false,0.7500911595538362,-1.6499088404461624,-1,false,true,true,false,-1.1999999999999993,0.4499088404461631,EXPERIMENT_ONLY
2025-12-28,20:00,test,2025,2025,19,20.275897520819033,1.2758975208190328,19,20,false,2025,2025-12,macro_non_southerly,19.5,0.5,20,false,-0.7758975208190328,-0.7758975208190328,0,true,false,false,false,0.5,1.2758975208190328,EXPERIMENT_ONLY
2025-12-28,21:00,test,2025,2025,19,19.748780017899943,0.7487800178999429,19,20,false,2025,2025-12,macro_non_southerly,19.5,0.5,20,false,-0.24878001789994286,-0.24878001789994286,0,true,false,false,false,0.5,0.7487800178999429,EXPERIMENT_ONLY
2025-12-28,22:00,test,2025,2025,19,19.705678150642896,0.7056781506428962,19,20,false,2025,2025-12,macro_non_southerly,19.5,0.5,20,false,-0.20567815064289618,-0.20567815064289618,0,true,false,false,false,0.5,0.7056781506428962,EXPERIMENT_ONLY
2025-12-28,23:00,test,2025,2025,19,19.67062041722159,0.6706204172215884,19,20,false,2025,2025-12,macro_non_southerly,19.5,0.5,20,false,-0.17062041722158838,-0.17062041722158838,0,true,false,false,false,0.5,0.6706204172215884,EXPERIMENT_ONLY
2025-12-29,20:00,test,2025,2025,19,20.6369446775346,1.6369446775346006,19,21,false,2025,2025-12,macro_non_southerly,19.0,0.0,19,true,-1.6369446775346006,-1.6369446775346006,1,true,false,false,true,0.0,1.6369446775346006,EXPERIMENT_ONLY
2025-12-29,21:00,test,2025,2025,19,20.823819242387515,1.8238192423875148,19,21,false,2025,2025-12,macro_non_southerly,19.0,0.0,19,true,-1.8238192423875148,-1.8238192423875148,1,true,false,false,true,0.0,1.8238192423875148,EXPERIMENT_ONLY
2025-12-29,22:00,test,2025,2025,19,20.237907019083373,1.237907019083373,19,20,false,2025,2025-12,macro_non_southerly,19.0,0.0,19,true,-1.237907019083373,-1.237907019083373,1,true,false,false,true,0.0,1.237907019083373,EXPERIMENT_ONLY
2025-12-29,23:00,test,2025,2025,19,20.27390269747494,1.2739026974749414,19,20,false,2025,2025-12,macro_non_southerly,19.0,0.0,19,true,-1.2739026974749414,-1.2739026974749414,1,true,false,false,true,0.0,1.2739026974749414,EXPERIMENT_ONLY
2025-12-30,20:00,test,2025,2025,17,16.452842260272124,0.5471577397278757,17,16,false,2025,2025-12,macro_southerly_flow,16.883333333333333,0.11666666666666714,17,true,-0.4304910730612086,0.4304910730612086,1,true,false,false,true,-0.11666666666666714,-0.5471577397278757,EXPERIMENT_ONLY
2025-12-30,21:00,test,2025,2025,17,16.44175182568947,0.5582481743105312,17,16,false,2025,2025-12,macro_southerly_flow,16.883333333333333,0.11666666666666714,17,true,-0.44158150764386406,0.44158150764386406,1,true,false,false,true,-0.11666666666666714,-0.5582481743105312,EXPERIMENT_ONLY
2025-12-30,22:00,test,2025,2025,17,15.53949760047614,1.4605023995238593,17,16,false,2025,2025-12,macro_southerly_flow,16.883333333333333,0.11666666666666714,17,true,-1.3438357328571922,1.3438357328571922,1,true,false,false,true,-0.11666666666666714,-1.4605023995238593,EXPERIMENT_ONLY
2025-12-30,23:00,test,2025,2025,17,15.647747438855847,1.3522525611441534,17,16,false,2025,2025-12,macro_southerly_flow,16.883333333333333,0.11666666666666714,17,true,-1.2355858944774862,1.2355858944774862,1,true,false,false,true,-0.11666666666666714,-1.3522525611441534,EXPERIMENT_ONLY
2025-12-31,20:00,test,2025,2025,16,18.20044838250948,2.2004483825094816,16,18,false,2025,2025-12,macro_southerly_flow,19.683333333333334,3.6833333333333336,20,false,1.482884950823852,1.482884950823852,0,false,true,false,false,3.6833333333333336,2.2004483825094816,EXPERIMENT_ONLY
2025-12-31,21:00,test,2025,2025,16,18.42999282973416,2.429992829734161,16,18,false,2025,2025-12,macro_southerly_flow,19.683333333333334,3.6833333333333336,20,false,1.2533405035991727,1.2533405035991727,0,false,true,false,false,3.6833333333333336,2.429992829734161,EXPERIMENT_ONLY
2025-12-31,22:00,test,2025,2025,16,18.06360920892493,2.0636092089249303,16,18,false,2025,2025-12,macro_southerly_flow,19.683333333333334,3.6833333333333336,20,false,1.6197241244084033,1.6197241244084033,0,false,true,false,false,3.6833333333333336,2.0636092089249303,EXPERIMENT_ONLY
2025-12-31,23:00,test,2025,2025,16,17.96764125305244,1.9676412530524416,16,18,false,2025,2025-12,macro_southerly_flow,19.683333333333334,3.6833333333333336,20,false,1.715692080280892,1.715692080280892,0,false,true,false,false,3.6833333333333336,1.9676412530524416,EXPERIMENT_ONLY
