date_local,cp,actual,prediction,absolute_error,model_name,production_status
2025-01-01,20:00,15,15.125735028174862,0.12573502817486215,ridge_challenger,EXPERIMENT_ONLY
2025-01-02,20:00,19,15.110811487987327,3.889188512012673,ridge_challenger,EXPERIMENT_ONLY
2025-01-03,20:00,21,18.54093594065681,2.4590640593431914,ridge_challenger,EXPERIMENT_ONLY
2025-01-04,20:00,17,17.45495688687627,0.4549568868762712,ridge_challenger,EXPERIMENT_ONLY
2025-01-05,20:00,14,16.574802590815917,2.574802590815917,ridge_challenger,EXPERIMENT_ONLY
2025-01-06,20:00,15,15.614136372001251,0.6141363720012514,ridge_challenger,EXPERIMENT_ONLY
2025-01-07,20:00,21,15.091892729136184,5.908107270863816,ridge_challenger,EXPERIMENT_ONLY
2025-01-08,20:00,17,17.916696189820648,0.916696189820648,ridge_challenger,EXPERIMENT_ONLY
2025-01-09,20:00,18,16.91678106629684,1.0832189337031615,ridge_challenger,EXPERIMENT_ONLY
2025-01-10,20:00,17,16.818658443455163,0.18134155654483664,ridge_challenger,EXPERIMENT_ONLY
2025-01-11,20:00,18,17.24816930321426,0.7518306967857384,ridge_challenger,EXPERIMENT_ONLY
2025-01-12,20:00,16,15.564881670630175,0.43511832936982486,ridge_challenger,EXPERIMENT_ONLY
2025-01-13,20:00,17,16.3497823228052,0.6502176771947994,ridge_challenger,EXPERIMENT_ONLY
2025-01-14,20:00,17,16.8658965394928,0.13410346050719824,ridge_challenger,EXPERIMENT_ONLY
2025-01-15,20:00,17,15.517525972412106,1.4824740275878945,ridge_challenger,EXPERIMENT_ONLY
2025-01-16,20:00,17,17.26979074190128,0.2697907419012786,ridge_challenger,EXPERIMENT_ONLY
2025-01-17,20:00,20,17.664819373694847,2.335180626305153,ridge_challenger,EXPERIMENT_ONLY
2025-01-18,20:00,19,18.858207199424605,0.141792800575395,ridge_challenger,EXPERIMENT_ONLY
2025-01-19,20:00,19,19.280233195962115,0.28023319596211493,ridge_challenger,EXPERIMENT_ONLY
2025-01-20,20:00,18,16.937432529180516,1.0625674708194843,ridge_challenger,EXPERIMENT_ONLY
2025-01-21,20:00,21,18.079474135814465,2.920525864185535,ridge_challenger,EXPERIMENT_ONLY
2025-01-22,20:00,23,20.74406751258229,2.2559324874177094,ridge_challenger,EXPERIMENT_ONLY
2025-01-23,20:00,24,22.05922192470337,1.940778075296631,ridge_challenger,EXPERIMENT_ONLY
2025-01-24,20:00,19,21.20947468753356,2.209474687533561,ridge_challenger,EXPERIMENT_ONLY
2025-01-25,20:00,26,20.48761916892511,5.512380831074889,ridge_challenger,EXPERIMENT_ONLY
2025-01-26,20:00,25,23.548985803073307,1.4510141969266925,ridge_challenger,EXPERIMENT_ONLY
2025-01-27,20:00,17,20.194770846485632,3.194770846485632,ridge_challenger,EXPERIMENT_ONLY
2025-01-28,20:00,21,17.03266064005679,3.9673393599432103,ridge_challenger,EXPERIMENT_ONLY
2025-01-29,20:00,20,20.60553250884212,0.6055325088421206,ridge_challenger,EXPERIMENT_ONLY
2025-01-30,20:00,19,17.9551673379811,1.0448326620189015,ridge_challenger,EXPERIMENT_ONLY
2025-01-31,20:00,22,20.520673930110807,1.4793260698891935,ridge_challenger,EXPERIMENT_ONLY
2025-02-01,20:00,22,21.949517186729565,0.05048281327043469,ridge_challenger,EXPERIMENT_ONLY
2025-02-02,20:00,19,19.137448834856997,0.13744883485699688,ridge_challenger,EXPERIMENT_ONLY
2025-02-03,20:00,23,19.35633846685512,3.643661533144879,ridge_challenger,EXPERIMENT_ONLY
2025-02-04,20:00,20,22.000779441665095,2.0007794416650952,ridge_challenger,EXPERIMENT_ONLY
2025-02-05,20:00,19,19.070677523563422,0.07067752356342183,ridge_challenger,EXPERIMENT_ONLY
2025-02-06,20:00,21,19.647934758825656,1.3520652411743441,ridge_challenger,EXPERIMENT_ONLY
2025-02-07,20:00,19,19.605710499102166,0.605710499102166,ridge_challenger,EXPERIMENT_ONLY
2025-02-08,20:00,25,19.24794757385834,5.75205242614166,ridge_challenger,EXPERIMENT_ONLY
2025-02-09,20:00,24,23.619518334672406,0.38048166532759353,ridge_challenger,EXPERIMENT_ONLY
2025-02-10,20:00,19,21.44443479846659,2.4444347984665917,ridge_challenger,EXPERIMENT_ONLY
2025-02-11,20:00,19,17.371056209783642,1.6289437902163577,ridge_challenger,EXPERIMENT_ONLY
2025-02-12,20:00,20,18.556023264787967,1.4439767352120327,ridge_challenger,EXPERIMENT_ONLY
2025-02-13,20:00,20,17.860588757721363,2.139411242278637,ridge_challenger,EXPERIMENT_ONLY
2025-02-14,20:00,22,20.130815807581598,1.8691841924184018,ridge_challenger,EXPERIMENT_ONLY
2025-02-15,20:00,25,21.157231131564277,3.842768868435723,ridge_challenger,EXPERIMENT_ONLY
2025-02-16,20:00,24,23.762022936676427,0.23797706332357293,ridge_challenger,EXPERIMENT_ONLY
2025-02-17,20:00,24,22.464289364737834,1.5357106352621663,ridge_challenger,EXPERIMENT_ONLY
2025-02-18,20:00,23,22.302509794753593,0.6974902052464067,ridge_challenger,EXPERIMENT_ONLY
2025-02-19,20:00,23,21.62397106454228,1.3760289354577218,ridge_challenger,EXPERIMENT_ONLY
2025-02-20,20:00,24,23.08849306010633,0.9115069398936697,ridge_challenger,EXPERIMENT_ONLY
2025-02-21,20:00,22,23.19051197598233,1.1905119759823286,ridge_challenger,EXPERIMENT_ONLY
2025-02-22,20:00,24,20.513815876999338,3.486184123000662,ridge_challenger,EXPERIMENT_ONLY
2025-02-23,20:00,21,22.293260890968213,1.293260890968213,ridge_challenger,EXPERIMENT_ONLY
2025-02-24,20:00,23,20.65377075023141,2.346229249768591,ridge_challenger,EXPERIMENT_ONLY
2025-02-25,20:00,23,22.40150252487597,0.5984974751240308,ridge_challenger,EXPERIMENT_ONLY
2025-02-26,20:00,19,21.417182649731256,2.417182649731256,ridge_challenger,EXPERIMENT_ONLY
2025-02-27,20:00,21,19.77096940132946,1.2290305986705405,ridge_challenger,EXPERIMENT_ONLY
2025-02-28,20:00,21,20.729555680485614,0.27044431951438597,ridge_challenger,EXPERIMENT_ONLY
2025-03-01,20:00,24,21.83749745349964,2.1625025465003596,ridge_challenger,EXPERIMENT_ONLY
2025-03-02,20:00,26,22.892117526131663,3.1078824738683366,ridge_challenger,EXPERIMENT_ONLY
2025-03-03,20:00,25,24.452098470392695,0.5479015296073051,ridge_challenger,EXPERIMENT_ONLY
2025-03-04,20:00,21,22.134240569243357,1.1342405692433566,ridge_challenger,EXPERIMENT_ONLY
2025-03-05,20:00,16,17.411714009502234,1.4117140095022336,ridge_challenger,EXPERIMENT_ONLY
2025-03-06,20:00,17,16.152486694786163,0.8475133052138375,ridge_challenger,EXPERIMENT_ONLY
2025-03-07,20:00,20,16.72573975605909,3.2742602439409083,ridge_challenger,EXPERIMENT_ONLY
2025-03-08,20:00,17,19.746761149565792,2.746761149565792,ridge_challenger,EXPERIMENT_ONLY
2025-03-09,20:00,19,17.81646058553362,1.183539414466381,ridge_challenger,EXPERIMENT_ONLY
2025-03-10,20:00,22,17.7925314340764,4.207468565923602,ridge_challenger,EXPERIMENT_ONLY
2025-03-11,20:00,22,21.29142214980346,0.7085778501965407,ridge_challenger,EXPERIMENT_ONLY
2025-03-12,20:00,18,21.581193151927906,3.5811931519279057,ridge_challenger,EXPERIMENT_ONLY
2025-03-13,20:00,17,15.64055670603474,1.3594432939652599,ridge_challenger,EXPERIMENT_ONLY
2025-03-14,20:00,21,17.622954094267193,3.377045905732807,ridge_challenger,EXPERIMENT_ONLY
2025-03-15,20:00,22,21.603497767630873,0.3965022323691265,ridge_challenger,EXPERIMENT_ONLY
2025-03-16,20:00,23,22.397072412144087,0.6029275878559126,ridge_challenger,EXPERIMENT_ONLY
2025-03-17,20:00,22,22.852185185601577,0.8521851856015772,ridge_challenger,EXPERIMENT_ONLY
2025-03-18,20:00,22,22.654603985946668,0.6546039859466681,ridge_challenger,EXPERIMENT_ONLY
2025-03-19,20:00,16,17.523934023781358,1.523934023781358,ridge_challenger,EXPERIMENT_ONLY
2025-03-20,20:00,16,15.532331910419217,0.46766808958078343,ridge_challenger,EXPERIMENT_ONLY
2025-03-21,20:00,18,16.837459600125875,1.1625403998741248,ridge_challenger,EXPERIMENT_ONLY
2025-03-22,20:00,21,19.317528636814224,1.6824713631857762,ridge_challenger,EXPERIMENT_ONLY
2025-03-23,20:00,22,21.052402822825186,0.9475971771748135,ridge_challenger,EXPERIMENT_ONLY
2025-03-24,20:00,19,18.84634496809239,0.15365503190761132,ridge_challenger,EXPERIMENT_ONLY
2025-03-25,20:00,20,18.60683499701102,1.3931650029889795,ridge_challenger,EXPERIMENT_ONLY
2025-03-26,20:00,18,20.6994144942001,2.6994144942000986,ridge_challenger,EXPERIMENT_ONLY
2025-03-27,20:00,22,19.793686718577526,2.2063132814224744,ridge_challenger,EXPERIMENT_ONLY
2025-03-28,20:00,18,18.330772433369514,0.3307724333695141,ridge_challenger,EXPERIMENT_ONLY
2025-03-29,20:00,19,17.79673047082959,1.2032695291704094,ridge_challenger,EXPERIMENT_ONLY
2025-03-30,20:00,21,19.61857096095159,1.3814290390484096,ridge_challenger,EXPERIMENT_ONLY
2025-03-31,20:00,18,18.335717647261912,0.33571764726191233,ridge_challenger,EXPERIMENT_ONLY
2025-04-01,20:00,19,20.102641867208277,1.102641867208277,ridge_challenger,EXPERIMENT_ONLY
2025-04-02,20:00,19,20.612155604158943,1.6121556041589429,ridge_challenger,EXPERIMENT_ONLY
2025-04-03,20:00,21,19.27767032922164,1.722329670778361,ridge_challenger,EXPERIMENT_ONLY
2025-04-04,20:00,20,20.330302673147433,0.33030267314743256,ridge_challenger,EXPERIMENT_ONLY
2025-04-05,20:00,18,17.901220008358088,0.09877999164191209,ridge_challenger,EXPERIMENT_ONLY
2025-04-06,20:00,20,19.321936469139715,0.6780635308602854,ridge_challenger,EXPERIMENT_ONLY
2025-04-07,20:00,20,19.125062839267567,0.8749371607324328,ridge_challenger,EXPERIMENT_ONLY
2025-04-08,20:00,19,18.44020361756837,0.5597963824316317,ridge_challenger,EXPERIMENT_ONLY
2025-04-09,20:00,17,15.974577868780106,1.0254221312198943,ridge_challenger,EXPERIMENT_ONLY
2025-04-10,20:00,20,17.756370827256564,2.243629172743436,ridge_challenger,EXPERIMENT_ONLY
2025-04-11,20:00,19,20.135754061796483,1.135754061796483,ridge_challenger,EXPERIMENT_ONLY
2025-04-12,20:00,20,19.275007934926816,0.7249920650731845,ridge_challenger,EXPERIMENT_ONLY
2025-04-13,20:00,18,18.74915379242587,0.7491537924258687,ridge_challenger,EXPERIMENT_ONLY
2025-04-14,20:00,20,19.038974160448664,0.9610258395513362,ridge_challenger,EXPERIMENT_ONLY
2025-04-15,20:00,16,18.648202397283292,2.648202397283292,ridge_challenger,EXPERIMENT_ONLY
2025-04-16,20:00,16,16.23593193471887,0.2359319347188702,ridge_challenger,EXPERIMENT_ONLY
2025-04-17,20:00,19,18.111127575397955,0.8888724246020452,ridge_challenger,EXPERIMENT_ONLY
2025-04-18,20:00,20,19.216823529244113,0.7831764707558868,ridge_challenger,EXPERIMENT_ONLY
2025-04-19,20:00,25,20.59488868983779,4.405111310162209,ridge_challenger,EXPERIMENT_ONLY
2025-04-20,20:00,21,22.698292292772404,1.698292292772404,ridge_challenger,EXPERIMENT_ONLY
2025-04-21,20:00,18,18.21525737057247,0.21525737057246985,ridge_challenger,EXPERIMENT_ONLY
2025-04-22,20:00,16,17.765634859819794,1.7656348598197944,ridge_challenger,EXPERIMENT_ONLY
2025-04-23,20:00,15,15.107829774262175,0.107829774262175,ridge_challenger,EXPERIMENT_ONLY
2025-04-24,20:00,15,15.852331232575581,0.8523312325755814,ridge_challenger,EXPERIMENT_ONLY
2025-04-25,20:00,18,15.472713076591127,2.527286923408873,ridge_challenger,EXPERIMENT_ONLY
2025-04-26,20:00,19,18.189110386393715,0.8108896136062853,ridge_challenger,EXPERIMENT_ONLY
2025-04-27,20:00,20,20.14664447514253,0.14664447514252998,ridge_challenger,EXPERIMENT_ONLY
2025-04-28,20:00,20,19.99176243222859,0.008237567771409715,ridge_challenger,EXPERIMENT_ONLY
2025-04-29,20:00,16,18.754620415820963,2.7546204158209626,ridge_challenger,EXPERIMENT_ONLY
2025-04-30,20:00,16,16.943877618663542,0.9438776186635423,ridge_challenger,EXPERIMENT_ONLY
2025-05-01,20:00,14,15.144315952046519,1.1443159520465187,ridge_challenger,EXPERIMENT_ONLY
2025-05-02,20:00,13,12.998377055496444,0.0016229445035556012,ridge_challenger,EXPERIMENT_ONLY
2025-05-03,20:00,14,13.214376208221232,0.7856237917787681,ridge_challenger,EXPERIMENT_ONLY
2025-05-04,20:00,14,13.92655812449871,0.07344187550129,ridge_challenger,EXPERIMENT_ONLY
2025-05-05,20:00,15,14.399097889463384,0.6009021105366159,ridge_challenger,EXPERIMENT_ONLY
2025-05-06,20:00,15,15.097953421356044,0.09795342135604379,ridge_challenger,EXPERIMENT_ONLY
2025-05-07,20:00,18,16.585152345833126,1.4148476541668735,ridge_challenger,EXPERIMENT_ONLY
2025-05-08,20:00,18,18.910677729202405,0.9106777292024049,ridge_challenger,EXPERIMENT_ONLY
2025-05-09,20:00,18,18.53105485019172,0.5310548501917189,ridge_challenger,EXPERIMENT_ONLY
2025-05-10,20:00,16,15.200851995800889,0.799148004199111,ridge_challenger,EXPERIMENT_ONLY
2025-05-11,20:00,15,16.111118083731803,1.111118083731803,ridge_challenger,EXPERIMENT_ONLY
2025-05-12,20:00,17,16.13255960675471,0.867440393245289,ridge_challenger,EXPERIMENT_ONLY
2025-05-13,20:00,17,18.030088527422024,1.0300885274220235,ridge_challenger,EXPERIMENT_ONLY
2025-05-14,20:00,15,16.02905432644017,1.0290543264401713,ridge_challenger,EXPERIMENT_ONLY
2025-05-15,20:00,16,15.878183269870243,0.12181673012975658,ridge_challenger,EXPERIMENT_ONLY
2025-05-16,20:00,19,17.563534207683755,1.4364657923162447,ridge_challenger,EXPERIMENT_ONLY
2025-05-17,20:00,18,19.652599134733382,1.6525991347333822,ridge_challenger,EXPERIMENT_ONLY
2025-05-18,20:00,18,17.89557638619748,0.10442361380252052,ridge_challenger,EXPERIMENT_ONLY
2025-05-19,20:00,12,15.282945895815665,3.282945895815665,ridge_challenger,EXPERIMENT_ONLY
2025-05-20,20:00,15,13.245788820836323,1.7542111791636774,ridge_challenger,EXPERIMENT_ONLY
2025-05-21,20:00,15,15.443962972847483,0.44396297284748343,ridge_challenger,EXPERIMENT_ONLY
2025-05-22,20:00,16,16.022121077102202,0.022121077102202236,ridge_challenger,EXPERIMENT_ONLY
2025-05-23,20:00,15,16.292102070504725,1.2921020705047255,ridge_challenger,EXPERIMENT_ONLY
2025-05-24,20:00,16,15.414765019520146,0.5852349804798536,ridge_challenger,EXPERIMENT_ONLY
2025-05-25,20:00,17,16.840750934363392,0.15924906563660812,ridge_challenger,EXPERIMENT_ONLY
2025-05-26,20:00,17,18.53507616280549,1.5350761628054883,ridge_challenger,EXPERIMENT_ONLY
2025-05-27,20:00,17,17.115407231908364,0.11540723190836388,ridge_challenger,EXPERIMENT_ONLY
2025-05-28,20:00,17,18.204510036247452,1.2045100362474521,ridge_challenger,EXPERIMENT_ONLY
2025-05-29,20:00,16,16.624592655228,0.6245926552279997,ridge_challenger,EXPERIMENT_ONLY
2025-05-30,20:00,18,14.770335744847282,3.229664255152718,ridge_challenger,EXPERIMENT_ONLY
2025-05-31,20:00,18,17.280024341339566,0.7199756586604344,ridge_challenger,EXPERIMENT_ONLY
2025-06-01,20:00,15,17.52384329613165,2.5238432961316484,ridge_challenger,EXPERIMENT_ONLY
2025-06-02,20:00,17,15.3163581928558,1.6836418071442,ridge_challenger,EXPERIMENT_ONLY
2025-06-03,20:00,16,17.610298526508522,1.6102985265085223,ridge_challenger,EXPERIMENT_ONLY
2025-06-04,20:00,18,16.256727851159383,1.7432721488406173,ridge_challenger,EXPERIMENT_ONLY
2025-06-05,20:00,18,17.80928584784969,0.19071415215030996,ridge_challenger,EXPERIMENT_ONLY
2025-06-06,20:00,12,16.608470313660465,4.608470313660465,ridge_challenger,EXPERIMENT_ONLY
2025-06-07,20:00,11,11.693543671634156,0.6935436716341563,ridge_challenger,EXPERIMENT_ONLY
2025-06-08,20:00,11,13.894741893440225,2.8947418934402247,ridge_challenger,EXPERIMENT_ONLY
2025-06-09,20:00,11,11.234074717206354,0.23407471720635442,ridge_challenger,EXPERIMENT_ONLY
2025-06-10,20:00,11,11.18093635983955,0.18093635983954925,ridge_challenger,EXPERIMENT_ONLY
2025-06-11,20:00,16,12.94415212755235,3.05584787244765,ridge_challenger,EXPERIMENT_ONLY
2025-06-12,20:00,15,14.175237035657286,0.8247629643427139,ridge_challenger,EXPERIMENT_ONLY
2025-06-13,20:00,13,14.616427808809398,1.616427808809398,ridge_challenger,EXPERIMENT_ONLY
2025-06-14,20:00,11,13.704958793521248,2.7049587935212482,ridge_challenger,EXPERIMENT_ONLY
2025-06-15,20:00,12,11.646789595204996,0.35321040479500354,ridge_challenger,EXPERIMENT_ONLY
2025-06-16,20:00,12,11.505160308179864,0.4948396918201361,ridge_challenger,EXPERIMENT_ONLY
2025-06-17,20:00,12,13.596692468753968,1.596692468753968,ridge_challenger,EXPERIMENT_ONLY
2025-06-18,20:00,13,12.946153897973051,0.05384610202694873,ridge_challenger,EXPERIMENT_ONLY
2025-06-19,20:00,15,13.572248577646514,1.4277514223534862,ridge_challenger,EXPERIMENT_ONLY
2025-06-20,20:00,15,16.745523863992865,1.7455238639928652,ridge_challenger,EXPERIMENT_ONLY
2025-06-21,20:00,12,14.151673012361243,2.1516730123612433,ridge_challenger,EXPERIMENT_ONLY
2025-06-22,20:00,13,11.072507545276785,1.9274924547232146,ridge_challenger,EXPERIMENT_ONLY
2025-06-23,20:00,13,11.655917462978433,1.344082537021567,ridge_challenger,EXPERIMENT_ONLY
2025-06-24,20:00,14,13.956574581874094,0.04342541812590639,ridge_challenger,EXPERIMENT_ONLY
2025-06-25,20:00,15,15.086535333481697,0.08653533348169695,ridge_challenger,EXPERIMENT_ONLY
2025-06-26,20:00,17,14.767964886924394,2.2320351130756055,ridge_challenger,EXPERIMENT_ONLY
2025-06-27,20:00,17,17.276960368376923,0.2769603683769226,ridge_challenger,EXPERIMENT_ONLY
2025-06-28,20:00,13,16.630123978742507,3.630123978742507,ridge_challenger,EXPERIMENT_ONLY
2025-06-29,20:00,13,12.418749862665729,0.5812501373342709,ridge_challenger,EXPERIMENT_ONLY
2025-06-30,20:00,16,14.805889918285942,1.194110081714058,ridge_challenger,EXPERIMENT_ONLY
2025-07-01,20:00,12,14.78161042824167,2.7816104282416703,ridge_challenger,EXPERIMENT_ONLY
2025-07-02,20:00,13,13.543855071281437,0.5438550712814365,ridge_challenger,EXPERIMENT_ONLY
2025-07-03,20:00,12,15.662144018528029,3.6621440185280285,ridge_challenger,EXPERIMENT_ONLY
2025-07-04,20:00,13,13.563598341524989,0.5635983415249886,ridge_challenger,EXPERIMENT_ONLY
2025-07-05,20:00,12,12.977710320657666,0.9777103206576658,ridge_challenger,EXPERIMENT_ONLY
2025-07-06,20:00,10,12.885625198311601,2.885625198311601,ridge_challenger,EXPERIMENT_ONLY
2025-07-07,20:00,10,10.173090846077464,0.17309084607746428,ridge_challenger,EXPERIMENT_ONLY
2025-07-08,20:00,13,11.414761558236917,1.5852384417630834,ridge_challenger,EXPERIMENT_ONLY
2025-07-09,20:00,12,13.757012265730927,1.7570122657309266,ridge_challenger,EXPERIMENT_ONLY
2025-07-10,20:00,16,13.679430669292953,2.3205693307070465,ridge_challenger,EXPERIMENT_ONLY
2025-07-11,20:00,16,16.077003547577345,0.07700354757734473,ridge_challenger,EXPERIMENT_ONLY
2025-07-12,20:00,15,16.003900050770028,1.003900050770028,ridge_challenger,EXPERIMENT_ONLY
2025-07-13,20:00,15,15.428003073505137,0.42800307350513656,ridge_challenger,EXPERIMENT_ONLY
2025-07-14,20:00,14,14.661768675996283,0.6617686759962833,ridge_challenger,EXPERIMENT_ONLY
2025-07-15,20:00,15,15.962313280393927,0.9623132803939267,ridge_challenger,EXPERIMENT_ONLY
2025-07-16,20:00,14,13.901273591737425,0.09872640826257495,ridge_challenger,EXPERIMENT_ONLY
2025-07-17,20:00,13,14.19666595480219,1.1966659548021905,ridge_challenger,EXPERIMENT_ONLY
2025-07-18,20:00,12,13.653270041660095,1.653270041660095,ridge_challenger,EXPERIMENT_ONLY
2025-07-19,20:00,13,13.929177697965704,0.929177697965704,ridge_challenger,EXPERIMENT_ONLY
2025-07-20,20:00,12,12.027017719518701,0.027017719518701355,ridge_challenger,EXPERIMENT_ONLY
2025-07-21,20:00,12,11.620571316065469,0.3794286839345311,ridge_challenger,EXPERIMENT_ONLY
2025-07-22,20:00,12,11.906013995772977,0.0939860042270233,ridge_challenger,EXPERIMENT_ONLY
2025-07-23,20:00,12,13.392768349344237,1.3927683493442373,ridge_challenger,EXPERIMENT_ONLY
2025-07-24,20:00,14,12.49780690097444,1.5021930990255594,ridge_challenger,EXPERIMENT_ONLY
2025-07-25,20:00,14,14.709491992829813,0.7094919928298129,ridge_challenger,EXPERIMENT_ONLY
2025-07-26,20:00,15,13.468583164552689,1.5314168354473114,ridge_challenger,EXPERIMENT_ONLY
2025-07-27,20:00,15,15.541766253727168,0.5417662537271681,ridge_challenger,EXPERIMENT_ONLY
2025-07-28,20:00,14,14.731928704494342,0.7319287044943419,ridge_challenger,EXPERIMENT_ONLY
2025-07-29,20:00,16,13.673294086565386,2.3267059134346137,ridge_challenger,EXPERIMENT_ONLY
2025-07-30,20:00,15,16.143786527947814,1.1437865279478139,ridge_challenger,EXPERIMENT_ONLY
2025-07-31,20:00,12,13.869399402567243,1.8693994025672431,ridge_challenger,EXPERIMENT_ONLY
2025-08-01,20:00,11,12.785288209404655,1.785288209404655,ridge_challenger,EXPERIMENT_ONLY
2025-08-02,20:00,14,12.014200619874407,1.9857993801255933,ridge_challenger,EXPERIMENT_ONLY
2025-08-03,20:00,11,12.80378410731328,1.8037841073132803,ridge_challenger,EXPERIMENT_ONLY
2025-08-04,20:00,11,12.715973237520084,1.7159732375200836,ridge_challenger,EXPERIMENT_ONLY
2025-08-05,20:00,15,13.0170342102364,1.9829657897636004,ridge_challenger,EXPERIMENT_ONLY
2025-08-06,20:00,13,13.774303528701488,0.7743035287014877,ridge_challenger,EXPERIMENT_ONLY
2025-08-07,20:00,15,14.274634278841674,0.725365721158326,ridge_challenger,EXPERIMENT_ONLY
2025-08-08,20:00,14,14.710788826167446,0.7107888261674464,ridge_challenger,EXPERIMENT_ONLY
2025-08-09,20:00,9,12.120656809926166,3.1206568099261656,ridge_challenger,EXPERIMENT_ONLY
2025-08-10,20:00,9,9.362878795313904,0.3628787953139039,ridge_challenger,EXPERIMENT_ONLY
2025-08-11,20:00,10,9.772854027353103,0.2271459726468965,ridge_challenger,EXPERIMENT_ONLY
2025-08-12,20:00,11,10.710767700361865,0.2892322996381349,ridge_challenger,EXPERIMENT_ONLY
2025-08-13,20:00,11,12.378970361049571,1.3789703610495714,ridge_challenger,EXPERIMENT_ONLY
2025-08-14,20:00,12,12.07999965652683,0.07999965652683017,ridge_challenger,EXPERIMENT_ONLY
2025-08-15,20:00,15,12.897699627519135,2.1023003724808653,ridge_challenger,EXPERIMENT_ONLY
2025-08-16,20:00,13,15.567898874310341,2.567898874310341,ridge_challenger,EXPERIMENT_ONLY
2025-08-17,20:00,14,14.665848803823538,0.665848803823538,ridge_challenger,EXPERIMENT_ONLY
2025-08-18,20:00,14,14.261912208121094,0.2619122081210943,ridge_challenger,EXPERIMENT_ONLY
2025-08-19,20:00,12,12.422731034218659,0.42273103421865876,ridge_challenger,EXPERIMENT_ONLY
2025-08-20,20:00,11,10.736898595962616,0.2631014040373838,ridge_challenger,EXPERIMENT_ONLY
2025-08-21,20:00,11,11.074518341301882,0.07451834130188217,ridge_challenger,EXPERIMENT_ONLY
2025-08-22,20:00,12,10.998505470917834,1.0014945290821657,ridge_challenger,EXPERIMENT_ONLY
2025-08-23,20:00,12,11.519605754732364,0.48039424526763597,ridge_challenger,EXPERIMENT_ONLY
2025-08-24,20:00,15,12.730610165510468,2.269389834489532,ridge_challenger,EXPERIMENT_ONLY
2025-08-25,20:00,13,14.642688316165938,1.6426883161659376,ridge_challenger,EXPERIMENT_ONLY
2025-08-26,20:00,14,13.748296450167679,0.251703549832321,ridge_challenger,EXPERIMENT_ONLY
2025-08-27,20:00,16,14.545213577669367,1.454786422330633,ridge_challenger,EXPERIMENT_ONLY
2025-08-28,20:00,15,16.063305546326358,1.063305546326358,ridge_challenger,EXPERIMENT_ONLY
2025-08-29,20:00,16,16.285972609515913,0.2859726095159125,ridge_challenger,EXPERIMENT_ONLY
2025-08-30,20:00,16,15.991423389563757,0.00857661043624347,ridge_challenger,EXPERIMENT_ONLY
2025-08-31,20:00,14,17.157838398313725,3.157838398313725,ridge_challenger,EXPERIMENT_ONLY
2025-09-01,20:00,16,13.842564027088661,2.1574359729113386,ridge_challenger,EXPERIMENT_ONLY
2025-09-02,20:00,16,14.903579358018865,1.096420641981135,ridge_challenger,EXPERIMENT_ONLY
2025-09-03,20:00,14,14.40833718651536,0.4083371865153609,ridge_challenger,EXPERIMENT_ONLY
2025-09-04,20:00,16,15.591484726245913,0.40851527375408736,ridge_challenger,EXPERIMENT_ONLY
2025-09-05,20:00,16,17.660005733694568,1.6600057336945682,ridge_challenger,EXPERIMENT_ONLY
2025-09-06,20:00,13,17.040522643778285,4.040522643778285,ridge_challenger,EXPERIMENT_ONLY
2025-09-07,20:00,14,12.858670982866391,1.141329017133609,ridge_challenger,EXPERIMENT_ONLY
2025-09-08,20:00,13,12.43941659750451,0.5605834024954905,ridge_challenger,EXPERIMENT_ONLY
2025-09-09,20:00,14,14.199067913431124,0.19906791343112396,ridge_challenger,EXPERIMENT_ONLY
2025-09-10,20:00,16,14.22196509976828,1.7780349002317202,ridge_challenger,EXPERIMENT_ONLY
2025-09-11,20:00,14,14.893374168736136,0.8933741687361358,ridge_challenger,EXPERIMENT_ONLY
2025-09-12,20:00,13,14.944212300345345,1.9442123003453453,ridge_challenger,EXPERIMENT_ONLY
2025-09-13,20:00,17,13.754145660193561,3.2458543398064386,ridge_challenger,EXPERIMENT_ONLY
2025-09-14,20:00,13,15.17869871420815,2.1786987142081493,ridge_challenger,EXPERIMENT_ONLY
2025-09-15,20:00,17,13.349563451723473,3.6504365482765273,ridge_challenger,EXPERIMENT_ONLY
2025-09-16,20:00,20,17.45554197382752,2.5444580261724816,ridge_challenger,EXPERIMENT_ONLY
2025-09-17,20:00,16,19.61047355825587,3.610473558255869,ridge_challenger,EXPERIMENT_ONLY
2025-09-18,20:00,17,16.686188176619325,0.31381182338067504,ridge_challenger,EXPERIMENT_ONLY
2025-09-19,20:00,11,13.503798155020966,2.5037981550209665,ridge_challenger,EXPERIMENT_ONLY
2025-09-20,20:00,14,12.303953066906136,1.6960469330938643,ridge_challenger,EXPERIMENT_ONLY
2025-09-21,20:00,16,14.625852934176212,1.374147065823788,ridge_challenger,EXPERIMENT_ONLY
2025-09-22,20:00,15,16.231432465893977,1.2314324658939775,ridge_challenger,EXPERIMENT_ONLY
2025-09-23,20:00,15,16.319657289059215,1.319657289059215,ridge_challenger,EXPERIMENT_ONLY
2025-09-24,20:00,15,17.080337790294358,2.080337790294358,ridge_challenger,EXPERIMENT_ONLY
2025-09-25,20:00,16,16.431374970845596,0.43137497084559584,ridge_challenger,EXPERIMENT_ONLY
2025-09-26,20:00,15,15.178867090235437,0.17886709023543723,ridge_challenger,EXPERIMENT_ONLY
2025-09-27,20:00,16,15.361385485740412,0.6386145142595883,ridge_challenger,EXPERIMENT_ONLY
2025-09-28,20:00,18,17.915988784500566,0.08401121549943369,ridge_challenger,EXPERIMENT_ONLY
2025-09-29,20:00,19,18.885765078579244,0.11423492142075631,ridge_challenger,EXPERIMENT_ONLY
2025-09-30,20:00,15,17.64735741407618,2.647357414076179,ridge_challenger,EXPERIMENT_ONLY
2025-10-01,20:00,15,15.988245716950669,0.9882457169506687,ridge_challenger,EXPERIMENT_ONLY
2025-10-02,20:00,13,14.285077529463337,1.2850775294633365,ridge_challenger,EXPERIMENT_ONLY
2025-10-03,20:00,14,14.290946049871955,0.2909460498719554,ridge_challenger,EXPERIMENT_ONLY
2025-10-04,20:00,17,15.73101227975379,1.2689877202462103,ridge_challenger,EXPERIMENT_ONLY
2025-10-05,20:00,14,14.421708648878136,0.42170864887813586,ridge_challenger,EXPERIMENT_ONLY
2025-10-06,20:00,15,13.301934268997975,1.6980657310020248,ridge_challenger,EXPERIMENT_ONLY
2025-10-07,20:00,16,15.594017932421169,0.40598206757883126,ridge_challenger,EXPERIMENT_ONLY
2025-10-08,20:00,17,15.919526617741088,1.080473382258912,ridge_challenger,EXPERIMENT_ONLY
2025-10-09,20:00,17,17.652727289497292,0.6527272894972924,ridge_challenger,EXPERIMENT_ONLY
2025-10-10,20:00,18,18.114137289468083,0.11413728946808277,ridge_challenger,EXPERIMENT_ONLY
2025-10-11,20:00,17,18.461807773098627,1.4618077730986272,ridge_challenger,EXPERIMENT_ONLY
2025-10-12,20:00,18,17.746692774896673,0.2533072251033275,ridge_challenger,EXPERIMENT_ONLY
2025-10-13,20:00,17,18.741385137832808,1.7413851378328076,ridge_challenger,EXPERIMENT_ONLY
2025-10-14,20:00,16,15.306448854232723,0.6935511457672767,ridge_challenger,EXPERIMENT_ONLY
2025-10-15,20:00,16,14.440903252828928,1.559096747171072,ridge_challenger,EXPERIMENT_ONLY
2025-10-16,20:00,18,17.09841562988575,0.9015843701142501,ridge_challenger,EXPERIMENT_ONLY
2025-10-17,20:00,16,14.899652006980418,1.1003479930195823,ridge_challenger,EXPERIMENT_ONLY
2025-10-18,20:00,16,16.58164485429132,0.5816448542913193,ridge_challenger,EXPERIMENT_ONLY
2025-10-19,20:00,18,16.69034414650714,1.3096558534928597,ridge_challenger,EXPERIMENT_ONLY
2025-10-20,20:00,17,17.537832115173995,0.5378321151739947,ridge_challenger,EXPERIMENT_ONLY
2025-10-21,20:00,18,18.67461892741975,0.6746189274197505,ridge_challenger,EXPERIMENT_ONLY
2025-10-22,20:00,15,17.689203962750014,2.689203962750014,ridge_challenger,EXPERIMENT_ONLY
2025-10-23,20:00,19,15.491555663076001,3.508444336923999,ridge_challenger,EXPERIMENT_ONLY
2025-10-24,20:00,17,17.51080209586081,0.5108020958608108,ridge_challenger,EXPERIMENT_ONLY
2025-10-25,20:00,17,16.661885623036824,0.33811437696317626,ridge_challenger,EXPERIMENT_ONLY
2025-10-26,20:00,17,16.70643728191583,0.29356271808417134,ridge_challenger,EXPERIMENT_ONLY
2025-10-27,20:00,17,17.090605529289668,0.09060552928966814,ridge_challenger,EXPERIMENT_ONLY
2025-10-28,20:00,16,14.634750929826355,1.365249070173645,ridge_challenger,EXPERIMENT_ONLY
2025-10-29,20:00,15,14.593922942111849,0.40607705788815096,ridge_challenger,EXPERIMENT_ONLY
2025-10-30,20:00,17,15.672548209148376,1.3274517908516241,ridge_challenger,EXPERIMENT_ONLY
2025-10-31,20:00,19,17.13927083918349,1.8607291608165113,ridge_challenger,EXPERIMENT_ONLY
2025-11-01,20:00,17,16.89844629970376,0.10155370029623967,ridge_challenger,EXPERIMENT_ONLY
2025-11-02,20:00,16,17.655442165573497,1.655442165573497,ridge_challenger,EXPERIMENT_ONLY
2025-11-03,20:00,17,17.08034148141855,0.08034148141855013,ridge_challenger,EXPERIMENT_ONLY
2025-11-04,20:00,17,17.270549565967297,0.27054956596729696,ridge_challenger,EXPERIMENT_ONLY
2025-11-05,20:00,19,18.38853861518559,0.6114613848144117,ridge_challenger,EXPERIMENT_ONLY
2025-11-06,20:00,18,19.419750085422777,1.419750085422777,ridge_challenger,EXPERIMENT_ONLY
2025-11-07,20:00,19,19.251348113413265,0.2513481134132647,ridge_challenger,EXPERIMENT_ONLY
2025-11-08,20:00,19,19.059078413835795,0.059078413835795374,ridge_challenger,EXPERIMENT_ONLY
2025-11-09,20:00,19,19.117060741322952,0.11706074132295186,ridge_challenger,EXPERIMENT_ONLY
2025-11-10,20:00,19,19.52494360418811,0.5249436041881097,ridge_challenger,EXPERIMENT_ONLY
2025-11-11,20:00,17,19.836583176574635,2.836583176574635,ridge_challenger,EXPERIMENT_ONLY
2025-11-12,20:00,19,15.637961434994534,3.3620385650054665,ridge_challenger,EXPERIMENT_ONLY
2025-11-13,20:00,18,17.01581024442096,0.9841897555790418,ridge_challenger,EXPERIMENT_ONLY
2025-11-14,20:00,19,17.80549956083292,1.1945004391670793,ridge_challenger,EXPERIMENT_ONLY
2025-11-15,20:00,19,17.756247371953403,1.2437526280465967,ridge_challenger,EXPERIMENT_ONLY
2025-11-16,20:00,19,18.071128078804676,0.9288719211953236,ridge_challenger,EXPERIMENT_ONLY
2025-11-17,20:00,21,18.587277666149497,2.4127223338505033,ridge_challenger,EXPERIMENT_ONLY
2025-11-18,20:00,23,20.291217271591915,2.708782728408085,ridge_challenger,EXPERIMENT_ONLY
2025-11-19,20:00,22,21.17081805613185,0.82918194386815,ridge_challenger,EXPERIMENT_ONLY
2025-11-20,20:00,20,21.601736442383853,1.601736442383853,ridge_challenger,EXPERIMENT_ONLY
2025-11-21,20:00,20,20.17669200407129,0.17669200407128827,ridge_challenger,EXPERIMENT_ONLY
2025-11-22,20:00,17,18.22801240564925,1.228012405649249,ridge_challenger,EXPERIMENT_ONLY
2025-11-23,20:00,20,18.301483374396405,1.6985166256035953,ridge_challenger,EXPERIMENT_ONLY
2025-11-24,20:00,18,16.82765474653292,1.1723452534670784,ridge_challenger,EXPERIMENT_ONLY
2025-11-25,20:00,22,18.15484555697394,3.845154443026061,ridge_challenger,EXPERIMENT_ONLY
2025-11-26,20:00,21,21.52789277469647,0.5278927746964683,ridge_challenger,EXPERIMENT_ONLY
2025-11-27,20:00,21,20.741029877396603,0.25897012260339736,ridge_challenger,EXPERIMENT_ONLY
2025-11-28,20:00,21,20.49457804042033,0.505421959579671,ridge_challenger,EXPERIMENT_ONLY
2025-11-29,20:00,21,20.38453103587875,0.6154689641212485,ridge_challenger,EXPERIMENT_ONLY
2025-11-30,20:00,21,21.042567744920202,0.04256774492020199,ridge_challenger,EXPERIMENT_ONLY
2025-12-01,20:00,19,20.76257114872608,1.7625711487260816,ridge_challenger,EXPERIMENT_ONLY
2025-12-02,20:00,20,17.80955327801121,2.1904467219887884,ridge_challenger,EXPERIMENT_ONLY
2025-12-03,20:00,15,17.456249425703998,2.456249425703998,ridge_challenger,EXPERIMENT_ONLY
2025-12-04,20:00,17,14.623134210666652,2.3768657893333476,ridge_challenger,EXPERIMENT_ONLY
2025-12-05,20:00,21,17.2986770818393,3.701322918160699,ridge_challenger,EXPERIMENT_ONLY
2025-12-06,20:00,22,21.31858725120021,0.6814127487997901,ridge_challenger,EXPERIMENT_ONLY
2025-12-07,20:00,21,21.91882095757666,0.9188209575766599,ridge_challenger,EXPERIMENT_ONLY
2025-12-08,20:00,22,21.188725334891842,0.8112746651081579,ridge_challenger,EXPERIMENT_ONLY
2025-12-09,20:00,23,22.465386785797815,0.5346132142021851,ridge_challenger,EXPERIMENT_ONLY
2025-12-10,20:00,23,22.209602396018738,0.7903976039812619,ridge_challenger,EXPERIMENT_ONLY
2025-12-11,20:00,19,20.54875049789341,1.5487504978934084,ridge_challenger,EXPERIMENT_ONLY
2025-12-12,20:00,18,17.712898743772346,0.28710125622765403,ridge_challenger,EXPERIMENT_ONLY
2025-12-13,20:00,18,18.52530673925465,0.5253067392546491,ridge_challenger,EXPERIMENT_ONLY
2025-12-14,20:00,23,18.79851242442935,4.201487575570649,ridge_challenger,EXPERIMENT_ONLY
2025-12-15,20:00,21,22.28472717084446,1.2847271708444588,ridge_challenger,EXPERIMENT_ONLY
2025-12-16,20:00,20,21.319188807681666,1.319188807681666,ridge_challenger,EXPERIMENT_ONLY
2025-12-17,20:00,16,17.951501416682625,1.9515014166826248,ridge_challenger,EXPERIMENT_ONLY
2025-12-18,20:00,19,16.14803967733348,2.851960322666521,ridge_challenger,EXPERIMENT_ONLY
2025-12-19,20:00,20,19.719840367455518,0.28015963254448195,ridge_challenger,EXPERIMENT_ONLY
2025-12-20,20:00,19,16.274231894355996,2.725768105644004,ridge_challenger,EXPERIMENT_ONLY
2025-12-21,20:00,16,15.892063578574113,0.10793642142588666,ridge_challenger,EXPERIMENT_ONLY
2025-12-22,20:00,20,17.135430007787487,2.8645699922125125,ridge_challenger,EXPERIMENT_ONLY
2025-12-23,20:00,23,19.803477763056332,3.196522236943668,ridge_challenger,EXPERIMENT_ONLY
2025-12-24,20:00,22,21.80780743644745,0.192192563552549,ridge_challenger,EXPERIMENT_ONLY
2025-12-25,20:00,20,20.987219500673,0.9872195006729996,ridge_challenger,EXPERIMENT_ONLY
2025-12-26,20:00,19,19.786198184285837,0.786198184285837,ridge_challenger,EXPERIMENT_ONLY
2025-12-27,20:00,20,19.713380826445132,0.2866191735548682,ridge_challenger,EXPERIMENT_ONLY
2025-12-28,20:00,19,19.89700411001514,0.8970041100151391,ridge_challenger,EXPERIMENT_ONLY
2025-12-29,20:00,19,19.631956694168803,0.6319566941688031,ridge_challenger,EXPERIMENT_ONLY
2025-12-30,20:00,17,16.87527089295534,0.12472910704466145,ridge_challenger,EXPERIMENT_ONLY
2025-12-31,20:00,16,16.056554166614447,0.0565541666144469,ridge_challenger,EXPERIMENT_ONLY
2026-01-01,20:00,20,17.14129251784167,2.85870748215833,ridge_challenger,EXPERIMENT_ONLY
2026-01-02,20:00,22,20.511595841834286,1.4884041581657144,ridge_challenger,EXPERIMENT_ONLY
2026-01-03,20:00,17,20.06506843923634,3.0650684392363416,ridge_challenger,EXPERIMENT_ONLY
2026-01-04,20:00,18,17.18060230731733,0.8193976926826707,ridge_challenger,EXPERIMENT_ONLY
2026-01-05,20:00,23,18.591173630533607,4.408826369466393,ridge_challenger,EXPERIMENT_ONLY
2026-01-06,20:00,21,21.838758034607306,0.8387580346073058,ridge_challenger,EXPERIMENT_ONLY
2026-01-07,20:00,23,21.146757495184747,1.8532425048152525,ridge_challenger,EXPERIMENT_ONLY
2026-01-08,20:00,25,21.825940231690332,3.174059768309668,ridge_challenger,EXPERIMENT_ONLY
2026-01-09,20:00,25,23.603365264054602,1.3966347359453977,ridge_challenger,EXPERIMENT_ONLY
2026-01-10,20:00,22,23.21287890605913,1.2128789060591316,ridge_challenger,EXPERIMENT_ONLY
2026-01-11,20:00,22,22.231259772948114,0.23125977294811406,ridge_challenger,EXPERIMENT_ONLY
2026-01-12,20:00,20,17.849995897040067,2.150004102959933,ridge_challenger,EXPERIMENT_ONLY
2026-01-13,20:00,22,19.613185916177525,2.3868140838224754,ridge_challenger,EXPERIMENT_ONLY
2026-01-14,20:00,18,21.271933298366438,3.271933298366438,ridge_challenger,EXPERIMENT_ONLY
2026-01-15,20:00,19,18.818186346528304,0.1818136534716963,ridge_challenger,EXPERIMENT_ONLY
2026-01-16,20:00,16,17.419704446829435,1.419704446829435,ridge_challenger,EXPERIMENT_ONLY
2026-01-17,20:00,18,15.48098099353755,2.5190190064624502,ridge_challenger,EXPERIMENT_ONLY
2026-01-18,20:00,17,17.672392405482032,0.6723924054820323,ridge_challenger,EXPERIMENT_ONLY
2026-01-19,20:00,18,17.25627734272189,0.7437226572781093,ridge_challenger,EXPERIMENT_ONLY
2026-01-20,20:00,17,18.043854449859978,1.0438544498599782,ridge_challenger,EXPERIMENT_ONLY
2026-01-21,20:00,21,16.209980999933688,4.790019000066312,ridge_challenger,EXPERIMENT_ONLY
2026-01-22,20:00,21,18.24019597285433,2.7598040271456696,ridge_challenger,EXPERIMENT_ONLY
2026-01-23,20:00,22,21.39805169224905,0.6019483077509484,ridge_challenger,EXPERIMENT_ONLY
2026-01-24,20:00,17,17.550099080624577,0.5500990806245767,ridge_challenger,EXPERIMENT_ONLY
2026-01-25,20:00,21,17.103678700738353,3.896321299261647,ridge_challenger,EXPERIMENT_ONLY
2026-01-26,20:00,22,19.348092976133703,2.651907023866297,ridge_challenger,EXPERIMENT_ONLY
2026-01-27,20:00,17,18.344127500010767,1.3441275000107673,ridge_challenger,EXPERIMENT_ONLY
2026-01-28,20:00,23,17.669691314167775,5.330308685832225,ridge_challenger,EXPERIMENT_ONLY
2026-01-29,20:00,22,22.140809859873666,0.14080985987366645,ridge_challenger,EXPERIMENT_ONLY
2026-01-30,20:00,21,20.206287174312745,0.7937128256872548,ridge_challenger,EXPERIMENT_ONLY
2026-01-31,20:00,21,21.067182653140446,0.06718265314044558,ridge_challenger,EXPERIMENT_ONLY
2026-02-01,20:00,20,20.732842183649833,0.7328421836498329,ridge_challenger,EXPERIMENT_ONLY
2026-02-02,20:00,21,19.90667622154092,1.0933237784590801,ridge_challenger,EXPERIMENT_ONLY
2026-02-03,20:00,18,18.148183314269726,0.1481833142697262,ridge_challenger,EXPERIMENT_ONLY
2026-02-04,20:00,18,16.084991105981377,1.915008894018623,ridge_challenger,EXPERIMENT_ONLY
2026-02-05,20:00,23,18.074626615588716,4.925373384411284,ridge_challenger,EXPERIMENT_ONLY
2026-02-06,20:00,22,22.21293840357434,0.21293840357434135,ridge_challenger,EXPERIMENT_ONLY
2026-02-07,20:00,23,21.99669791452267,1.0033020854773298,ridge_challenger,EXPERIMENT_ONLY
2026-02-08,20:00,19,22.199971390201505,3.1999713902015046,ridge_challenger,EXPERIMENT_ONLY
2026-02-09,20:00,19,19.33360135199613,0.33360135199612984,ridge_challenger,EXPERIMENT_ONLY
2026-02-10,20:00,22,20.116338555557466,1.8836614444425344,ridge_challenger,EXPERIMENT_ONLY
2026-02-11,20:00,22,22.226325506159032,0.22632550615903213,ridge_challenger,EXPERIMENT_ONLY
2026-02-12,20:00,25,20.053572837415103,4.946427162584897,ridge_challenger,EXPERIMENT_ONLY
2026-02-13,20:00,24,24.00582219152628,0.005822191526281273,ridge_challenger,EXPERIMENT_ONLY
2026-02-14,20:00,20,21.278787016912492,1.2787870169124922,ridge_challenger,EXPERIMENT_ONLY
2026-02-15,20:00,16,19.040948045368772,3.040948045368772,ridge_challenger,EXPERIMENT_ONLY
2026-02-16,20:00,16,15.20951810308706,0.7904818969129401,ridge_challenger,EXPERIMENT_ONLY
2026-02-17,20:00,21,17.990975917179533,3.009024082820467,ridge_challenger,EXPERIMENT_ONLY
2026-02-18,20:00,21,20.01782920560997,0.9821707943900293,ridge_challenger,EXPERIMENT_ONLY
2026-02-19,20:00,21,21.33777736395695,0.337777363956949,ridge_challenger,EXPERIMENT_ONLY
2026-02-20,20:00,23,20.84823052454035,2.1517694754596484,ridge_challenger,EXPERIMENT_ONLY
2026-02-21,20:00,20,19.327772671032996,0.6722273289670042,ridge_challenger,EXPERIMENT_ONLY
2026-02-22,20:00,22,19.85949347123365,2.1405065287663483,ridge_challenger,EXPERIMENT_ONLY
2026-02-23,20:00,21,19.408617255236493,1.5913827447635072,ridge_challenger,EXPERIMENT_ONLY
2026-02-24,20:00,21,20.613858183763377,0.38614181623662347,ridge_challenger,EXPERIMENT_ONLY
2026-02-25,20:00,25,17.874800312172884,7.125199687827116,ridge_challenger,EXPERIMENT_ONLY
2026-02-26,20:00,20,23.46853154929051,3.4685315492905104,ridge_challenger,EXPERIMENT_ONLY
2026-02-27,20:00,16,17.068571302310783,1.068571302310783,ridge_challenger,EXPERIMENT_ONLY
2026-02-28,20:00,18,15.953996159904356,2.0460038400956435,ridge_challenger,EXPERIMENT_ONLY
2026-03-01,20:00,20,18.77727826888326,1.2227217311167387,ridge_challenger,EXPERIMENT_ONLY
2026-03-02,20:00,12,15.71905202345561,3.7190520234556104,ridge_challenger,EXPERIMENT_ONLY
2026-03-03,20:00,14,11.699286866285398,2.300713133714602,ridge_challenger,EXPERIMENT_ONLY
2026-03-04,20:00,17,15.019064200620743,1.9809357993792567,ridge_challenger,EXPERIMENT_ONLY
2026-03-05,20:00,20,17.612944869591963,2.3870551304080365,ridge_challenger,EXPERIMENT_ONLY
2026-03-06,20:00,21,19.96213087272033,1.03786912727967,ridge_challenger,EXPERIMENT_ONLY
2026-03-07,20:00,21,21.417274863036585,0.41727486303658523,ridge_challenger,EXPERIMENT_ONLY
2026-03-08,20:00,19,21.314891317438462,2.3148913174384624,ridge_challenger,EXPERIMENT_ONLY
2026-03-09,20:00,18,18.379117208855643,0.37911720885564293,ridge_challenger,EXPERIMENT_ONLY
2026-03-10,20:00,16,17.65077096679501,1.6507709667950117,ridge_challenger,EXPERIMENT_ONLY
2026-03-11,20:00,18,15.905116598962506,2.094883401037494,ridge_challenger,EXPERIMENT_ONLY
2026-03-12,20:00,21,18.043270687958955,2.9567293120410447,ridge_challenger,EXPERIMENT_ONLY
2026-03-13,20:00,23,19.92909522187242,3.0709047781275807,ridge_challenger,EXPERIMENT_ONLY
2026-03-14,20:00,17,18.842169848425627,1.8421698484256268,ridge_challenger,EXPERIMENT_ONLY
2026-03-15,20:00,20,18.621888099253745,1.378111900746255,ridge_challenger,EXPERIMENT_ONLY
2026-03-16,20:00,21,20.154563620715333,0.8454363792846671,ridge_challenger,EXPERIMENT_ONLY
2026-03-17,20:00,21,20.44067185532678,0.5593281446732199,ridge_challenger,EXPERIMENT_ONLY
2026-03-18,20:00,21,21.071989050876468,0.07198905087646779,ridge_challenger,EXPERIMENT_ONLY
2026-03-19,20:00,18,19.56246762172813,1.5624676217281284,ridge_challenger,EXPERIMENT_ONLY
2026-03-20,20:00,17,18.270879556073673,1.2708795560736732,ridge_challenger,EXPERIMENT_ONLY
2026-03-21,20:00,17,16.83886974113403,0.16113025886597043,ridge_challenger,EXPERIMENT_ONLY
2026-03-22,20:00,20,17.212134724235884,2.7878652757641156,ridge_challenger,EXPERIMENT_ONLY
2026-03-23,20:00,19,19.125928464790647,0.1259284647906469,ridge_challenger,EXPERIMENT_ONLY
2026-03-24,20:00,21,19.441319353924257,1.558680646075743,ridge_challenger,EXPERIMENT_ONLY
2026-03-25,20:00,18,21.180495154367282,3.180495154367282,ridge_challenger,EXPERIMENT_ONLY
2026-03-26,20:00,19,18.84888886774829,0.15111113225171025,ridge_challenger,EXPERIMENT_ONLY
2026-03-27,20:00,23,19.2927012232337,3.707298776766301,ridge_challenger,EXPERIMENT_ONLY
2026-03-28,20:00,22,23.21149926163922,1.2114992616392186,ridge_challenger,EXPERIMENT_ONLY
2026-03-29,20:00,19,22.471824469411573,3.4718244694115725,ridge_challenger,EXPERIMENT_ONLY
2026-03-30,20:00,20,20.677471721740655,0.6774717217406554,ridge_challenger,EXPERIMENT_ONLY
2026-03-31,20:00,18,19.65399136111004,1.653991361110041,ridge_challenger,EXPERIMENT_ONLY
2026-04-01,20:00,17,17.051125406790234,0.05112540679023425,ridge_challenger,EXPERIMENT_ONLY
2026-04-02,20:00,20,16.745367148692022,3.254632851307978,ridge_challenger,EXPERIMENT_ONLY
2026-04-03,20:00,19,19.50882803112808,0.5088280311280791,ridge_challenger,EXPERIMENT_ONLY
2026-04-04,20:00,21,20.334943847263585,0.6650561527364154,ridge_challenger,EXPERIMENT_ONLY
2026-04-05,20:00,17,19.193708257186056,2.1937082571860564,ridge_challenger,EXPERIMENT_ONLY
2026-04-06,20:00,22,17.726725036088848,4.2732749639111525,ridge_challenger,EXPERIMENT_ONLY
2026-04-07,20:00,20,21.657861303164637,1.657861303164637,ridge_challenger,EXPERIMENT_ONLY
2026-04-08,20:00,20,19.381768497021195,0.618231502978805,ridge_challenger,EXPERIMENT_ONLY
2026-04-09,20:00,21,21.034359729499037,0.03435972949903743,ridge_challenger,EXPERIMENT_ONLY
2026-04-10,20:00,17,19.964240862325724,2.964240862325724,ridge_challenger,EXPERIMENT_ONLY
2026-04-11,20:00,20,16.561886159847422,3.438113840152578,ridge_challenger,EXPERIMENT_ONLY
2026-04-12,20:00,20,19.829280893786898,0.17071910621310238,ridge_challenger,EXPERIMENT_ONLY
2026-04-13,20:00,19,19.57809621979922,0.578096219799221,ridge_challenger,EXPERIMENT_ONLY
2026-04-14,20:00,19,19.746073295986125,0.7460732959861254,ridge_challenger,EXPERIMENT_ONLY
2026-04-15,20:00,18,18.559820850117056,0.5598208501170561,ridge_challenger,EXPERIMENT_ONLY
2026-04-16,20:00,18,18.369625252345745,0.3696252523457453,ridge_challenger,EXPERIMENT_ONLY
2026-04-17,20:00,18,17.2482103303164,0.7517896696835997,ridge_challenger,EXPERIMENT_ONLY
2026-04-18,20:00,18,18.00638036596573,0.006380365965728885,ridge_challenger,EXPERIMENT_ONLY
2026-04-19,20:00,16,18.500103210518322,2.500103210518322,ridge_challenger,EXPERIMENT_ONLY
2026-04-20,20:00,14,15.137344301888795,1.1373443018887954,ridge_challenger,EXPERIMENT_ONLY
2026-04-21,20:00,12,12.934526244373842,0.934526244373842,ridge_challenger,EXPERIMENT_ONLY
2026-04-22,20:00,12,11.95466223281877,0.045337767181230504,ridge_challenger,EXPERIMENT_ONLY
2026-04-23,20:00,14,11.92425708466515,2.0757429153348497,ridge_challenger,EXPERIMENT_ONLY
2026-04-24,20:00,14,14.213217318365146,0.213217318365146,ridge_challenger,EXPERIMENT_ONLY
2026-04-25,20:00,16,15.037201288584253,0.962798711415747,ridge_challenger,EXPERIMENT_ONLY
2026-04-26,20:00,17,16.860491672514108,0.13950832748589193,ridge_challenger,EXPERIMENT_ONLY
2026-04-27,20:00,16,17.669713978958857,1.6697139789588569,ridge_challenger,EXPERIMENT_ONLY
2026-04-28,20:00,17,17.15828842696498,0.15828842696497958,ridge_challenger,EXPERIMENT_ONLY
2026-04-29,20:00,19,18.57027671952937,0.429723280470629,ridge_challenger,EXPERIMENT_ONLY
2026-04-30,20:00,15,17.44441347889212,2.4444134788921197,ridge_challenger,EXPERIMENT_ONLY
2026-05-01,20:00,16,15.389930736144192,0.6100692638558076,ridge_challenger,EXPERIMENT_ONLY
2026-05-02,20:00,16,16.463724022660596,0.4637240226605961,ridge_challenger,EXPERIMENT_ONLY
2026-05-03,20:00,16,16.216506984982583,0.21650698498258336,ridge_challenger,EXPERIMENT_ONLY
2026-05-04,20:00,16,16.924305942410527,0.9243059424105269,ridge_challenger,EXPERIMENT_ONLY
2026-05-05,20:00,16,17.201066597710355,1.201066597710355,ridge_challenger,EXPERIMENT_ONLY
2026-05-06,20:00,17,17.89128745108464,0.89128745108464,ridge_challenger,EXPERIMENT_ONLY
2026-05-07,20:00,19,19.278281460155817,0.27828146015581723,ridge_challenger,EXPERIMENT_ONLY
2026-05-08,20:00,19,18.846727595769835,0.1532724042301652,ridge_challenger,EXPERIMENT_ONLY
2026-05-09,20:00,17,17.964972520705203,0.9649725207052029,ridge_challenger,EXPERIMENT_ONLY
2026-05-10,20:00,19,17.584610322889954,1.4153896771100456,ridge_challenger,EXPERIMENT_ONLY
2026-05-11,20:00,12,15.20631615656286,3.2063161565628597,ridge_challenger,EXPERIMENT_ONLY
2026-05-12,20:00,16,13.448105609669572,2.5518943903304283,ridge_challenger,EXPERIMENT_ONLY
2026-05-13,20:00,14,15.583209785485376,1.5832097854853764,ridge_challenger,EXPERIMENT_ONLY
2026-05-14,20:00,15,15.110617480061087,0.11061748006108729,ridge_challenger,EXPERIMENT_ONLY
2026-05-15,20:00,13,15.298383974646626,2.298383974646626,ridge_challenger,EXPERIMENT_ONLY
2026-05-16,20:00,13,14.169663292236962,1.1696632922369616,ridge_challenger,EXPERIMENT_ONLY
2026-05-17,20:00,14,14.42367856739314,0.42367856739313936,ridge_challenger,EXPERIMENT_ONLY
2026-05-18,20:00,13,14.558398318461714,1.5583983184617143,ridge_challenger,EXPERIMENT_ONLY
2026-05-19,20:00,16,13.841244629416567,2.1587553705834335,ridge_challenger,EXPERIMENT_ONLY
2026-05-20,20:00,15,16.844759775623412,1.8447597756234124,ridge_challenger,EXPERIMENT_ONLY
2026-05-21,20:00,17,16.90556736122282,0.09443263877718167,ridge_challenger,EXPERIMENT_ONLY
2026-05-22,20:00,16,14.942472072384398,1.0575279276156024,ridge_challenger,EXPERIMENT_ONLY
2026-05-23,20:00,15,18.112280801697654,3.112280801697654,ridge_challenger,EXPERIMENT_ONLY
2026-05-24,20:00,15,15.554910104772766,0.554910104772766,ridge_challenger,EXPERIMENT_ONLY
2026-05-25,20:00,15,15.078311561755251,0.07831156175525145,ridge_challenger,EXPERIMENT_ONLY
2026-05-26,20:00,16,16.84245322219604,0.8424532221960384,ridge_challenger,EXPERIMENT_ONLY
2026-05-27,20:00,15,15.61444015624497,0.6144401562449708,ridge_challenger,EXPERIMENT_ONLY
2026-05-28,20:00,17,15.213051097227135,1.786948902772865,ridge_challenger,EXPERIMENT_ONLY
2026-05-29,20:00,15,17.236313164546694,2.2363131645466936,ridge_challenger,EXPERIMENT_ONLY
2026-05-30,20:00,16,15.533752760699862,0.466247239300138,ridge_challenger,EXPERIMENT_ONLY
2026-05-31,20:00,18,17.182230371463156,0.8177696285368441,ridge_challenger,EXPERIMENT_ONLY
2026-06-01,20:00,20,19.3237215065235,0.6762784934764987,ridge_challenger,EXPERIMENT_ONLY
2026-06-02,20:00,20,20.36713899185068,0.36713899185068044,ridge_challenger,EXPERIMENT_ONLY
2026-06-03,20:00,15,18.280029392316294,3.280029392316294,ridge_challenger,EXPERIMENT_ONLY
2025-01-01,21:00,15,14.73774730129475,0.26225269870525025,ridge_challenger,EXPERIMENT_ONLY
2025-01-02,21:00,19,14.857230097879878,4.142769902120122,ridge_challenger,EXPERIMENT_ONLY
2025-01-03,21:00,21,18.267270365470193,2.7327296345298073,ridge_challenger,EXPERIMENT_ONLY
2025-01-04,21:00,17,16.89645008016416,0.10354991983583872,ridge_challenger,EXPERIMENT_ONLY
2025-01-05,21:00,14,16.150449458538343,2.1504494585383434,ridge_challenger,EXPERIMENT_ONLY
2025-01-06,21:00,15,14.815832313664066,0.18416768633593428,ridge_challenger,EXPERIMENT_ONLY
2025-01-07,21:00,21,14.825876343792807,6.174123656207193,ridge_challenger,EXPERIMENT_ONLY
2025-01-08,21:00,17,16.69047493591054,0.3095250640894598,ridge_challenger,EXPERIMENT_ONLY
2025-01-09,21:00,18,17.279078926344642,0.720921073655358,ridge_challenger,EXPERIMENT_ONLY
2025-01-10,21:00,17,17.552717916831654,0.5527179168316536,ridge_challenger,EXPERIMENT_ONLY
2025-01-11,21:00,18,16.437824939724525,1.5621750602754751,ridge_challenger,EXPERIMENT_ONLY
2025-01-12,21:00,16,15.693080858450777,0.30691914154922273,ridge_challenger,EXPERIMENT_ONLY
2025-01-13,21:00,17,16.171603626771674,0.8283963732283262,ridge_challenger,EXPERIMENT_ONLY
2025-01-14,21:00,17,16.6940335597786,0.3059664402214004,ridge_challenger,EXPERIMENT_ONLY
2025-01-15,21:00,17,15.040797788304523,1.9592022116954766,ridge_challenger,EXPERIMENT_ONLY
2025-01-16,21:00,17,17.127396138666242,0.1273961386662421,ridge_challenger,EXPERIMENT_ONLY
2025-01-17,21:00,20,19.671622246706583,0.3283777532934167,ridge_challenger,EXPERIMENT_ONLY
2025-01-18,21:00,19,19.22555655794393,0.22555655794392848,ridge_challenger,EXPERIMENT_ONLY
2025-01-19,21:00,19,18.88002613802883,0.11997386197117166,ridge_challenger,EXPERIMENT_ONLY
2025-01-20,21:00,18,17.06826648655841,0.9317335134415892,ridge_challenger,EXPERIMENT_ONLY
2025-01-21,21:00,21,19.908901147722247,1.091098852277753,ridge_challenger,EXPERIMENT_ONLY
2025-01-22,21:00,23,20.23808842383486,2.76191157616514,ridge_challenger,EXPERIMENT_ONLY
2025-01-23,21:00,24,22.824550895030306,1.1754491049696938,ridge_challenger,EXPERIMENT_ONLY
2025-01-24,21:00,19,20.65352313802095,1.653523138020951,ridge_challenger,EXPERIMENT_ONLY
2025-01-25,21:00,26,20.673163829181807,5.3268361708181935,ridge_challenger,EXPERIMENT_ONLY
2025-01-26,21:00,25,22.562042837389498,2.437957162610502,ridge_challenger,EXPERIMENT_ONLY
2025-01-27,21:00,17,19.703940429900467,2.7039404299004666,ridge_challenger,EXPERIMENT_ONLY
2025-01-28,21:00,21,17.37768713538431,3.62231286461569,ridge_challenger,EXPERIMENT_ONLY
2025-01-29,21:00,20,20.071676058597898,0.07167605859789816,ridge_challenger,EXPERIMENT_ONLY
2025-01-30,21:00,19,17.763071253979685,1.2369287460203147,ridge_challenger,EXPERIMENT_ONLY
2025-01-31,21:00,22,20.77858958140891,1.2214104185910912,ridge_challenger,EXPERIMENT_ONLY
2025-02-01,21:00,22,22.726836025303548,0.7268360253035482,ridge_challenger,EXPERIMENT_ONLY
2025-02-02,21:00,19,18.706601373440428,0.29339862655957205,ridge_challenger,EXPERIMENT_ONLY
2025-02-03,21:00,23,20.859464595305617,2.1405354046943827,ridge_challenger,EXPERIMENT_ONLY
2025-02-04,21:00,20,21.81066795591293,1.8106679559129297,ridge_challenger,EXPERIMENT_ONLY
2025-02-05,21:00,19,18.90565400565344,0.09434599434656121,ridge_challenger,EXPERIMENT_ONLY
2025-02-06,21:00,21,20.5610837346448,0.4389162653551999,ridge_challenger,EXPERIMENT_ONLY
2025-02-07,21:00,19,19.884181126472587,0.884181126472587,ridge_challenger,EXPERIMENT_ONLY
2025-02-08,21:00,25,21.125484536721167,3.874515463278833,ridge_challenger,EXPERIMENT_ONLY
2025-02-09,21:00,24,23.826225342574283,0.1737746574257173,ridge_challenger,EXPERIMENT_ONLY
2025-02-10,21:00,19,21.44844541125443,2.448445411254429,ridge_challenger,EXPERIMENT_ONLY
2025-02-11,21:00,19,17.979288011231407,1.0207119887685927,ridge_challenger,EXPERIMENT_ONLY
2025-02-12,21:00,20,18.971877029400403,1.028122970599597,ridge_challenger,EXPERIMENT_ONLY
2025-02-13,21:00,20,19.49148921609072,0.50851078390928,ridge_challenger,EXPERIMENT_ONLY
2025-02-14,21:00,22,21.345730620465794,0.654269379534206,ridge_challenger,EXPERIMENT_ONLY
2025-02-15,21:00,25,22.63925414796773,2.36074585203227,ridge_challenger,EXPERIMENT_ONLY
2025-02-16,21:00,24,23.24642287439522,0.7535771256047816,ridge_challenger,EXPERIMENT_ONLY
2025-02-17,21:00,24,23.63929304611632,0.36070695388367824,ridge_challenger,EXPERIMENT_ONLY
2025-02-18,21:00,23,21.130703108152613,1.8692968918473873,ridge_challenger,EXPERIMENT_ONLY
2025-02-19,21:00,23,21.265159188560805,1.734840811439195,ridge_challenger,EXPERIMENT_ONLY
2025-02-20,21:00,24,23.402013172186113,0.5979868278138873,ridge_challenger,EXPERIMENT_ONLY
2025-02-21,21:00,22,22.924897650902132,0.9248976509021318,ridge_challenger,EXPERIMENT_ONLY
2025-02-22,21:00,24,20.88635866078223,3.1136413392177715,ridge_challenger,EXPERIMENT_ONLY
2025-02-23,21:00,21,22.616188157264382,1.6161881572643821,ridge_challenger,EXPERIMENT_ONLY
2025-02-24,21:00,23,20.697864559356635,2.302135440643365,ridge_challenger,EXPERIMENT_ONLY
2025-02-25,21:00,23,22.793234938505318,0.2067650614946821,ridge_challenger,EXPERIMENT_ONLY
2025-02-26,21:00,19,21.45085773370476,2.4508577337047583,ridge_challenger,EXPERIMENT_ONLY
2025-02-27,21:00,21,20.140745155240403,0.8592548447595973,ridge_challenger,EXPERIMENT_ONLY
2025-02-28,21:00,21,21.550314176087145,0.5503141760871451,ridge_challenger,EXPERIMENT_ONLY
2025-03-01,21:00,24,21.747291969600322,2.2527080303996776,ridge_challenger,EXPERIMENT_ONLY
2025-03-02,21:00,26,23.252311959016783,2.747688040983217,ridge_challenger,EXPERIMENT_ONLY
2025-03-03,21:00,25,24.675457896945957,0.32454210305404274,ridge_challenger,EXPERIMENT_ONLY
2025-03-04,21:00,21,21.945253235419557,0.9452532354195569,ridge_challenger,EXPERIMENT_ONLY
2025-03-05,21:00,16,16.449307985203177,0.44930798520317694,ridge_challenger,EXPERIMENT_ONLY
2025-03-06,21:00,17,15.355180348489,1.6448196515109998,ridge_challenger,EXPERIMENT_ONLY
2025-03-07,21:00,20,16.839717167325325,3.1602828326746746,ridge_challenger,EXPERIMENT_ONLY
2025-03-08,21:00,17,19.26072135500105,2.260721355001049,ridge_challenger,EXPERIMENT_ONLY
2025-03-09,21:00,19,17.82459514108746,1.1754048589125397,ridge_challenger,EXPERIMENT_ONLY
2025-03-10,21:00,22,17.00673816906657,4.993261830933431,ridge_challenger,EXPERIMENT_ONLY
2025-03-11,21:00,22,21.314061966911318,0.6859380330886822,ridge_challenger,EXPERIMENT_ONLY
2025-03-12,21:00,18,20.194913601025792,2.1949136010257924,ridge_challenger,EXPERIMENT_ONLY
2025-03-13,21:00,17,15.134761140480775,1.8652388595192253,ridge_challenger,EXPERIMENT_ONLY
2025-03-14,21:00,21,18.3450955046449,2.654904495355101,ridge_challenger,EXPERIMENT_ONLY
2025-03-15,21:00,22,21.303865106666862,0.6961348933331379,ridge_challenger,EXPERIMENT_ONLY
2025-03-16,21:00,23,22.198555674446204,0.8014443255537955,ridge_challenger,EXPERIMENT_ONLY
2025-03-17,21:00,22,22.279374111074496,0.27937411107449606,ridge_challenger,EXPERIMENT_ONLY
2025-03-18,21:00,22,22.432597422156448,0.4325974221564479,ridge_challenger,EXPERIMENT_ONLY
2025-03-19,21:00,16,15.849190815730704,0.15080918426929557,ridge_challenger,EXPERIMENT_ONLY
2025-03-20,21:00,16,15.188716106665005,0.8112838933349948,ridge_challenger,EXPERIMENT_ONLY
2025-03-21,21:00,18,16.381899158836347,1.6181008411636526,ridge_challenger,EXPERIMENT_ONLY
2025-03-22,21:00,21,18.91390625146345,2.0860937485365483,ridge_challenger,EXPERIMENT_ONLY
2025-03-23,21:00,22,20.9513251290916,1.0486748709083997,ridge_challenger,EXPERIMENT_ONLY
2025-03-24,21:00,19,18.178555886581073,0.8214441134189272,ridge_challenger,EXPERIMENT_ONLY
2025-03-25,21:00,20,20.63938638280512,0.639386382805121,ridge_challenger,EXPERIMENT_ONLY
2025-03-26,21:00,18,19.290682021478855,1.2906820214788546,ridge_challenger,EXPERIMENT_ONLY
2025-03-27,21:00,22,19.560952096962247,2.4390479030377534,ridge_challenger,EXPERIMENT_ONLY
2025-03-28,21:00,18,18.393567726110845,0.39356772611084523,ridge_challenger,EXPERIMENT_ONLY
2025-03-29,21:00,19,19.169332605542092,0.16933260554209184,ridge_challenger,EXPERIMENT_ONLY
2025-03-30,21:00,21,19.789662351087735,1.2103376489122653,ridge_challenger,EXPERIMENT_ONLY
2025-03-31,21:00,18,17.99808631206161,0.0019136879383907512,ridge_challenger,EXPERIMENT_ONLY
2025-04-01,21:00,19,19.552635973554416,0.5526359735544162,ridge_challenger,EXPERIMENT_ONLY
2025-04-02,21:00,19,19.732173956175654,0.7321739561756537,ridge_challenger,EXPERIMENT_ONLY
2025-04-03,21:00,21,19.10150514494609,1.8984948550539116,ridge_challenger,EXPERIMENT_ONLY
2025-04-04,21:00,20,20.21839265559707,0.21839265559707144,ridge_challenger,EXPERIMENT_ONLY
2025-04-05,21:00,18,17.55907352512355,0.44092647487644854,ridge_challenger,EXPERIMENT_ONLY
2025-04-06,21:00,20,19.349643752154932,0.6503562478450675,ridge_challenger,EXPERIMENT_ONLY
2025-04-07,21:00,20,19.321184019123177,0.6788159808768235,ridge_challenger,EXPERIMENT_ONLY
2025-04-08,21:00,19,18.82688195644919,0.1731180435508115,ridge_challenger,EXPERIMENT_ONLY
2025-04-09,21:00,17,16.162251128809924,0.837748871190076,ridge_challenger,EXPERIMENT_ONLY
2025-04-10,21:00,20,17.571366948585876,2.428633051414124,ridge_challenger,EXPERIMENT_ONLY
2025-04-11,21:00,19,20.119659884552696,1.1196598845526964,ridge_challenger,EXPERIMENT_ONLY
2025-04-12,21:00,20,19.338228160813134,0.6617718391868657,ridge_challenger,EXPERIMENT_ONLY
2025-04-13,21:00,18,18.814882497723765,0.8148824977237652,ridge_challenger,EXPERIMENT_ONLY
2025-04-14,21:00,20,19.13994752113335,0.860052478866649,ridge_challenger,EXPERIMENT_ONLY
2025-04-15,21:00,16,18.74926333475032,2.749263334750321,ridge_challenger,EXPERIMENT_ONLY
2025-04-16,21:00,16,16.24912584737985,0.249125847379851,ridge_challenger,EXPERIMENT_ONLY
2025-04-17,21:00,19,17.96033223187644,1.0396677681235609,ridge_challenger,EXPERIMENT_ONLY
2025-04-18,21:00,20,19.43733977675038,0.562660223249619,ridge_challenger,EXPERIMENT_ONLY
2025-04-19,21:00,25,20.364254459612614,4.635745540387386,ridge_challenger,EXPERIMENT_ONLY
2025-04-20,21:00,21,22.918623025035526,1.9186230250355258,ridge_challenger,EXPERIMENT_ONLY
2025-04-21,21:00,18,18.77614215246475,0.7761421524647503,ridge_challenger,EXPERIMENT_ONLY
2025-04-22,21:00,16,17.958598900916517,1.9585989009165168,ridge_challenger,EXPERIMENT_ONLY
2025-04-23,21:00,15,15.544183237012625,0.5441832370126249,ridge_challenger,EXPERIMENT_ONLY
2025-04-24,21:00,15,15.5822451464913,0.5822451464912994,ridge_challenger,EXPERIMENT_ONLY
2025-04-25,21:00,18,15.158464933226957,2.8415350667730426,ridge_challenger,EXPERIMENT_ONLY
2025-04-26,21:00,19,18.298626941466456,0.7013730585335445,ridge_challenger,EXPERIMENT_ONLY
2025-04-27,21:00,20,20.23575881779673,0.2357588177967287,ridge_challenger,EXPERIMENT_ONLY
2025-04-28,21:00,20,19.898390278599077,0.10160972140092284,ridge_challenger,EXPERIMENT_ONLY
2025-04-29,21:00,16,18.95054325487016,2.9505432548701584,ridge_challenger,EXPERIMENT_ONLY
2025-04-30,21:00,16,17.309374410950706,1.3093744109507064,ridge_challenger,EXPERIMENT_ONLY
2025-05-01,21:00,14,15.636663200310927,1.6366632003109274,ridge_challenger,EXPERIMENT_ONLY
2025-05-02,21:00,13,13.395172389226959,0.39517238922695874,ridge_challenger,EXPERIMENT_ONLY
2025-05-03,21:00,14,13.627057892076202,0.372942107923798,ridge_challenger,EXPERIMENT_ONLY
2025-05-04,21:00,14,12.733556007448234,1.2664439925517659,ridge_challenger,EXPERIMENT_ONLY
2025-05-05,21:00,15,13.850991495325763,1.1490085046742369,ridge_challenger,EXPERIMENT_ONLY
2025-05-06,21:00,15,14.655654378661257,0.3443456213387428,ridge_challenger,EXPERIMENT_ONLY
2025-05-07,21:00,18,17.035247746110368,0.9647522538896318,ridge_challenger,EXPERIMENT_ONLY
2025-05-08,21:00,18,19.07579642023221,1.0757964202322086,ridge_challenger,EXPERIMENT_ONLY
2025-05-09,21:00,18,18.918009050313525,0.9180090503135254,ridge_challenger,EXPERIMENT_ONLY
2025-05-10,21:00,16,14.955093660221827,1.0449063397781728,ridge_challenger,EXPERIMENT_ONLY
2025-05-11,21:00,15,15.554805064155385,0.554805064155385,ridge_challenger,EXPERIMENT_ONLY
2025-05-12,21:00,17,16.095230246053447,0.9047697539465531,ridge_challenger,EXPERIMENT_ONLY
2025-05-13,21:00,17,18.17156448695892,1.1715644869589212,ridge_challenger,EXPERIMENT_ONLY
2025-05-14,21:00,15,15.53032791535377,0.5303279153537694,ridge_challenger,EXPERIMENT_ONLY
2025-05-15,21:00,16,16.227380385801332,0.22738038580133235,ridge_challenger,EXPERIMENT_ONLY
2025-05-16,21:00,19,17.49356477194506,1.50643522805494,ridge_challenger,EXPERIMENT_ONLY
2025-05-17,21:00,18,19.628357131567423,1.628357131567423,ridge_challenger,EXPERIMENT_ONLY
2025-05-18,21:00,18,18.309070211803057,0.30907021180305705,ridge_challenger,EXPERIMENT_ONLY
2025-05-19,21:00,12,15.634189980225749,3.6341899802257487,ridge_challenger,EXPERIMENT_ONLY
2025-05-20,21:00,15,12.901479202523563,2.0985207974764375,ridge_challenger,EXPERIMENT_ONLY
2025-05-21,21:00,15,15.503464785152609,0.5034647851526088,ridge_challenger,EXPERIMENT_ONLY
2025-05-22,21:00,16,15.841144398072618,0.15885560192738168,ridge_challenger,EXPERIMENT_ONLY
2025-05-23,21:00,15,16.046150924423635,1.0461509244236353,ridge_challenger,EXPERIMENT_ONLY
2025-05-24,21:00,16,15.117197371787901,0.8828026282120991,ridge_challenger,EXPERIMENT_ONLY
2025-05-25,21:00,17,16.84246018588289,0.15753981411711138,ridge_challenger,EXPERIMENT_ONLY
2025-05-26,21:00,17,17.400918147750865,0.40091814775086476,ridge_challenger,EXPERIMENT_ONLY
2025-05-27,21:00,17,17.28779238670134,0.2877923867013408,ridge_challenger,EXPERIMENT_ONLY
2025-05-28,21:00,17,18.130328035334937,1.1303280353349372,ridge_challenger,EXPERIMENT_ONLY
2025-05-29,21:00,16,16.876452249061682,0.876452249061682,ridge_challenger,EXPERIMENT_ONLY
2025-05-30,21:00,18,14.823080192579548,3.176919807420452,ridge_challenger,EXPERIMENT_ONLY
2025-05-31,21:00,18,17.33482673990232,0.6651732600976814,ridge_challenger,EXPERIMENT_ONLY
2025-06-01,21:00,15,17.04584703684989,2.0458470368498887,ridge_challenger,EXPERIMENT_ONLY
2025-06-02,21:00,17,14.851596066546422,2.1484039334535776,ridge_challenger,EXPERIMENT_ONLY
2025-06-03,21:00,16,17.69012638534543,1.6901263853454296,ridge_challenger,EXPERIMENT_ONLY
2025-06-04,21:00,18,16.106988760365542,1.8930112396344576,ridge_challenger,EXPERIMENT_ONLY
2025-06-05,21:00,18,15.351103505817512,2.6488964941824875,ridge_challenger,EXPERIMENT_ONLY
2025-06-06,21:00,12,16.184711249936658,4.184711249936658,ridge_challenger,EXPERIMENT_ONLY
2025-06-07,21:00,11,11.942933359746227,0.9429333597462275,ridge_challenger,EXPERIMENT_ONLY
2025-06-08,21:00,11,13.404717086919769,2.404717086919769,ridge_challenger,EXPERIMENT_ONLY
2025-06-09,21:00,11,11.145934401823263,0.14593440182326312,ridge_challenger,EXPERIMENT_ONLY
2025-06-10,21:00,11,11.603166994635304,0.6031669946353038,ridge_challenger,EXPERIMENT_ONLY
2025-06-11,21:00,16,13.109829673390943,2.8901703266090575,ridge_challenger,EXPERIMENT_ONLY
2025-06-12,21:00,15,14.67615688538043,0.3238431146195708,ridge_challenger,EXPERIMENT_ONLY
2025-06-13,21:00,13,14.636569135762203,1.636569135762203,ridge_challenger,EXPERIMENT_ONLY
2025-06-14,21:00,11,13.72926277296213,2.72926277296213,ridge_challenger,EXPERIMENT_ONLY
2025-06-15,21:00,12,11.185254082490513,0.8147459175094873,ridge_challenger,EXPERIMENT_ONLY
2025-06-16,21:00,12,11.745539311942139,0.25446068805786126,ridge_challenger,EXPERIMENT_ONLY
2025-06-17,21:00,12,13.316957604413298,1.3169576044132985,ridge_challenger,EXPERIMENT_ONLY
2025-06-18,21:00,13,12.575311059536565,0.42468894046343486,ridge_challenger,EXPERIMENT_ONLY
2025-06-19,21:00,15,13.788916536589042,1.211083463410958,ridge_challenger,EXPERIMENT_ONLY
2025-06-20,21:00,15,16.77201371536805,1.7720137153680504,ridge_challenger,EXPERIMENT_ONLY
2025-06-21,21:00,12,14.048353488155898,2.0483534881558985,ridge_challenger,EXPERIMENT_ONLY
2025-06-22,21:00,13,11.008505900545298,1.9914940994547017,ridge_challenger,EXPERIMENT_ONLY
2025-06-23,21:00,13,12.092264475689747,0.9077355243102527,ridge_challenger,EXPERIMENT_ONLY
2025-06-24,21:00,14,13.491244252966284,0.5087557470337156,ridge_challenger,EXPERIMENT_ONLY
2025-06-25,21:00,15,15.469718627029154,0.46971862702915423,ridge_challenger,EXPERIMENT_ONLY
2025-06-26,21:00,17,15.286828211088732,1.7131717889112679,ridge_challenger,EXPERIMENT_ONLY
2025-06-27,21:00,17,17.533991870539964,0.533991870539964,ridge_challenger,EXPERIMENT_ONLY
2025-06-28,21:00,13,16.732053938091028,3.7320539380910276,ridge_challenger,EXPERIMENT_ONLY
2025-06-29,21:00,13,12.73056027917676,0.2694397208232395,ridge_challenger,EXPERIMENT_ONLY
2025-06-30,21:00,16,14.748232854509546,1.2517671454904544,ridge_challenger,EXPERIMENT_ONLY
2025-07-01,21:00,12,14.306911286290555,2.306911286290555,ridge_challenger,EXPERIMENT_ONLY
2025-07-02,21:00,13,13.055573643175348,0.05557364317534841,ridge_challenger,EXPERIMENT_ONLY
2025-07-03,21:00,12,15.558768471038249,3.558768471038249,ridge_challenger,EXPERIMENT_ONLY
2025-07-04,21:00,13,13.70689539935665,0.7068953993566502,ridge_challenger,EXPERIMENT_ONLY
2025-07-05,21:00,12,13.502488957170545,1.502488957170545,ridge_challenger,EXPERIMENT_ONLY
2025-07-06,21:00,10,12.940081728006273,2.940081728006273,ridge_challenger,EXPERIMENT_ONLY
2025-07-07,21:00,10,10.449506094327306,0.44950609432730637,ridge_challenger,EXPERIMENT_ONLY
2025-07-08,21:00,13,10.907312466906511,2.092687533093489,ridge_challenger,EXPERIMENT_ONLY
2025-07-09,21:00,12,13.3745561537693,1.3745561537692996,ridge_challenger,EXPERIMENT_ONLY
2025-07-10,21:00,16,13.867923736385896,2.1320762636141044,ridge_challenger,EXPERIMENT_ONLY
2025-07-11,21:00,16,16.25440951240729,0.25440951240728893,ridge_challenger,EXPERIMENT_ONLY
2025-07-12,21:00,15,16.208912009465383,1.208912009465383,ridge_challenger,EXPERIMENT_ONLY
2025-07-13,21:00,15,15.662143565230483,0.6621435652304832,ridge_challenger,EXPERIMENT_ONLY
2025-07-14,21:00,14,14.80974008010716,0.8097400801071597,ridge_challenger,EXPERIMENT_ONLY
2025-07-15,21:00,15,15.856153001866241,0.8561530018662413,ridge_challenger,EXPERIMENT_ONLY
2025-07-16,21:00,14,13.967357650120176,0.03264234987982384,ridge_challenger,EXPERIMENT_ONLY
2025-07-17,21:00,13,13.838301126318461,0.838301126318461,ridge_challenger,EXPERIMENT_ONLY
2025-07-18,21:00,12,13.642222807504904,1.6422228075049041,ridge_challenger,EXPERIMENT_ONLY
2025-07-19,21:00,13,13.555401372328394,0.5554013723283937,ridge_challenger,EXPERIMENT_ONLY
2025-07-20,21:00,12,12.290471469488654,0.2904714694886543,ridge_challenger,EXPERIMENT_ONLY
2025-07-21,21:00,12,11.80149341587823,0.1985065841217697,ridge_challenger,EXPERIMENT_ONLY
2025-07-22,21:00,12,12.240028100041012,0.2400281000410125,ridge_challenger,EXPERIMENT_ONLY
2025-07-23,21:00,12,13.425244645948318,1.4252446459483181,ridge_challenger,EXPERIMENT_ONLY
2025-07-24,21:00,14,12.078034068131394,1.9219659318686055,ridge_challenger,EXPERIMENT_ONLY
2025-07-25,21:00,14,14.496431914864944,0.4964319148649441,ridge_challenger,EXPERIMENT_ONLY
2025-07-26,21:00,15,13.023585758053663,1.9764142419463369,ridge_challenger,EXPERIMENT_ONLY
2025-07-27,21:00,15,15.336744957495013,0.33674495749501254,ridge_challenger,EXPERIMENT_ONLY
2025-07-28,21:00,14,16.172329119007486,2.172329119007486,ridge_challenger,EXPERIMENT_ONLY
2025-07-29,21:00,16,13.807000560169715,2.1929994398302846,ridge_challenger,EXPERIMENT_ONLY
2025-07-30,21:00,15,16.30791313714575,1.30791313714575,ridge_challenger,EXPERIMENT_ONLY
2025-07-31,21:00,12,14.29859338884543,2.298593388845431,ridge_challenger,EXPERIMENT_ONLY
2025-08-01,21:00,11,12.749681803568588,1.7496818035685884,ridge_challenger,EXPERIMENT_ONLY
2025-08-02,21:00,14,11.681626807234355,2.3183731927656446,ridge_challenger,EXPERIMENT_ONLY
2025-08-03,21:00,11,13.003492544669436,2.0034925446694363,ridge_challenger,EXPERIMENT_ONLY
2025-08-04,21:00,11,12.753638412531718,1.7536384125317177,ridge_challenger,EXPERIMENT_ONLY
2025-08-05,21:00,15,12.611705447819899,2.388294552180101,ridge_challenger,EXPERIMENT_ONLY
2025-08-06,21:00,13,13.060616698860132,0.06061669886013199,ridge_challenger,EXPERIMENT_ONLY
2025-08-07,21:00,15,14.10150896732133,0.8984910326786704,ridge_challenger,EXPERIMENT_ONLY
2025-08-08,21:00,14,15.138690129244761,1.138690129244761,ridge_challenger,EXPERIMENT_ONLY
2025-08-09,21:00,9,12.3626748303006,3.3626748303006,ridge_challenger,EXPERIMENT_ONLY
2025-08-10,21:00,9,9.671205045053602,0.6712050450536022,ridge_challenger,EXPERIMENT_ONLY
2025-08-11,21:00,10,10.13849384394709,0.1384938439470904,ridge_challenger,EXPERIMENT_ONLY
2025-08-12,21:00,11,11.145274802546018,0.14527480254601777,ridge_challenger,EXPERIMENT_ONLY
2025-08-13,21:00,11,12.433229555347298,1.4332295553472978,ridge_challenger,EXPERIMENT_ONLY
2025-08-14,21:00,12,11.701154038903615,0.2988459610963847,ridge_challenger,EXPERIMENT_ONLY
2025-08-15,21:00,15,12.532712087755861,2.4672879122441387,ridge_challenger,EXPERIMENT_ONLY
2025-08-16,21:00,13,15.19505456414738,2.19505456414738,ridge_challenger,EXPERIMENT_ONLY
2025-08-17,21:00,14,14.43665950177002,0.4366595017700199,ridge_challenger,EXPERIMENT_ONLY
2025-08-18,21:00,14,13.722796577755751,0.27720342224424854,ridge_challenger,EXPERIMENT_ONLY
2025-08-19,21:00,12,12.777419988473538,0.7774199884735378,ridge_challenger,EXPERIMENT_ONLY
2025-08-20,21:00,11,10.963281653705309,0.03671834629469117,ridge_challenger,EXPERIMENT_ONLY
2025-08-21,21:00,11,11.407327072356543,0.40732707235654253,ridge_challenger,EXPERIMENT_ONLY
2025-08-22,21:00,12,11.233247141442087,0.7667528585579131,ridge_challenger,EXPERIMENT_ONLY
2025-08-23,21:00,12,11.421822902395535,0.5781770976044651,ridge_challenger,EXPERIMENT_ONLY
2025-08-24,21:00,15,12.350559552963844,2.649440447036156,ridge_challenger,EXPERIMENT_ONLY
2025-08-25,21:00,13,14.247131344233438,1.2471313442334377,ridge_challenger,EXPERIMENT_ONLY
2025-08-26,21:00,14,13.437786755470793,0.5622132445292074,ridge_challenger,EXPERIMENT_ONLY
2025-08-27,21:00,16,14.182435756407578,1.8175642435924217,ridge_challenger,EXPERIMENT_ONLY
2025-08-28,21:00,15,15.980426377558311,0.9804263775583113,ridge_challenger,EXPERIMENT_ONLY
2025-08-29,21:00,16,16.02559010492313,0.025590104923129076,ridge_challenger,EXPERIMENT_ONLY
2025-08-30,21:00,16,15.859576832653298,0.14042316734670202,ridge_challenger,EXPERIMENT_ONLY
2025-08-31,21:00,14,15.946067234292121,1.946067234292121,ridge_challenger,EXPERIMENT_ONLY
2025-09-01,21:00,16,13.408892308854314,2.5911076911456856,ridge_challenger,EXPERIMENT_ONLY
2025-09-02,21:00,16,14.467501219797724,1.5324987802022765,ridge_challenger,EXPERIMENT_ONLY
2025-09-03,21:00,14,14.353464611929692,0.3534646119296916,ridge_challenger,EXPERIMENT_ONLY
2025-09-04,21:00,16,15.651909644543075,0.34809035545692524,ridge_challenger,EXPERIMENT_ONLY
2025-09-05,21:00,16,17.820634210464416,1.8206342104644158,ridge_challenger,EXPERIMENT_ONLY
2025-09-06,21:00,13,16.998484584873022,3.9984845848730224,ridge_challenger,EXPERIMENT_ONLY
2025-09-07,21:00,14,12.516035656783705,1.4839643432162948,ridge_challenger,EXPERIMENT_ONLY
2025-09-08,21:00,13,12.634123706915327,0.36587629308467307,ridge_challenger,EXPERIMENT_ONLY
2025-09-09,21:00,14,13.898555602886754,0.10144439711324615,ridge_challenger,EXPERIMENT_ONLY
2025-09-10,21:00,16,14.513651975753039,1.4863480242469613,ridge_challenger,EXPERIMENT_ONLY
2025-09-11,21:00,14,14.40859078395813,0.40859078395813064,ridge_challenger,EXPERIMENT_ONLY
2025-09-12,21:00,13,14.569534508305281,1.5695345083052814,ridge_challenger,EXPERIMENT_ONLY
2025-09-13,21:00,17,13.334824125623381,3.6651758743766187,ridge_challenger,EXPERIMENT_ONLY
2025-09-14,21:00,13,15.060902755379324,2.060902755379324,ridge_challenger,EXPERIMENT_ONLY
2025-09-15,21:00,17,13.024761877568796,3.975238122431204,ridge_challenger,EXPERIMENT_ONLY
2025-09-16,21:00,20,17.299501773632763,2.7004982263672375,ridge_challenger,EXPERIMENT_ONLY
2025-09-17,21:00,16,19.600872723541723,3.6008727235417233,ridge_challenger,EXPERIMENT_ONLY
2025-09-18,21:00,17,17.10206620572482,0.10206620572482095,ridge_challenger,EXPERIMENT_ONLY
2025-09-19,21:00,11,13.643871443270154,2.6438714432701538,ridge_challenger,EXPERIMENT_ONLY
2025-09-20,21:00,14,11.971710824291034,2.0282891757089665,ridge_challenger,EXPERIMENT_ONLY
2025-09-21,21:00,16,15.05937275896386,0.9406272410361396,ridge_challenger,EXPERIMENT_ONLY
2025-09-22,21:00,15,16.576932361444094,1.5769323614440935,ridge_challenger,EXPERIMENT_ONLY
2025-09-23,21:00,15,16.69344458652796,1.69344458652796,ridge_challenger,EXPERIMENT_ONLY
2025-09-24,21:00,15,16.893428246575244,1.893428246575244,ridge_challenger,EXPERIMENT_ONLY
2025-09-25,21:00,16,16.403563529624417,0.4035635296244173,ridge_challenger,EXPERIMENT_ONLY
2025-09-26,21:00,15,15.043620827164338,0.04362082716433768,ridge_challenger,EXPERIMENT_ONLY
2025-09-27,21:00,16,14.978167351358238,1.0218326486417624,ridge_challenger,EXPERIMENT_ONLY
2025-09-28,21:00,18,17.527704414958176,0.4722955850418238,ridge_challenger,EXPERIMENT_ONLY
2025-09-29,21:00,19,17.960767493251097,1.0392325067489026,ridge_challenger,EXPERIMENT_ONLY
2025-09-30,21:00,15,17.240840493053366,2.2408404930533656,ridge_challenger,EXPERIMENT_ONLY
2025-10-01,21:00,15,15.18780675131588,0.18780675131588076,ridge_challenger,EXPERIMENT_ONLY
2025-10-02,21:00,13,14.837460533616666,1.8374605336166656,ridge_challenger,EXPERIMENT_ONLY
2025-10-03,21:00,14,13.565490375870096,0.43450962412990357,ridge_challenger,EXPERIMENT_ONLY
2025-10-04,21:00,17,16.17402928018589,0.8259707198141086,ridge_challenger,EXPERIMENT_ONLY
2025-10-05,21:00,14,14.624496223706254,0.6244962237062541,ridge_challenger,EXPERIMENT_ONLY
2025-10-06,21:00,15,12.905757480666042,2.0942425193339584,ridge_challenger,EXPERIMENT_ONLY
2025-10-07,21:00,16,14.996308878977652,1.0036911210223476,ridge_challenger,EXPERIMENT_ONLY
2025-10-08,21:00,17,16.212924182833387,0.7870758171666132,ridge_challenger,EXPERIMENT_ONLY
2025-10-09,21:00,17,17.381828227684633,0.38182822768463254,ridge_challenger,EXPERIMENT_ONLY
2025-10-10,21:00,18,17.665378097861065,0.3346219021389345,ridge_challenger,EXPERIMENT_ONLY
2025-10-11,21:00,17,18.030350928851863,1.0303509288518633,ridge_challenger,EXPERIMENT_ONLY
2025-10-12,21:00,18,17.103807787286833,0.8961922127131672,ridge_challenger,EXPERIMENT_ONLY
2025-10-13,21:00,17,18.599847873360044,1.5998478733600443,ridge_challenger,EXPERIMENT_ONLY
2025-10-14,21:00,16,12.569081442876758,3.430918557123242,ridge_challenger,EXPERIMENT_ONLY
2025-10-15,21:00,16,15.26092733021262,0.7390726697873795,ridge_challenger,EXPERIMENT_ONLY
2025-10-16,21:00,18,16.97832187501338,1.0216781249866216,ridge_challenger,EXPERIMENT_ONLY
2025-10-17,21:00,16,17.80181679768678,1.8018167976867794,ridge_challenger,EXPERIMENT_ONLY
2025-10-18,21:00,16,16.705617637493066,0.7056176374930665,ridge_challenger,EXPERIMENT_ONLY
2025-10-19,21:00,18,16.99939681533701,1.0006031846629888,ridge_challenger,EXPERIMENT_ONLY
2025-10-20,21:00,17,17.055207114917078,0.05520711491707786,ridge_challenger,EXPERIMENT_ONLY
2025-10-21,21:00,18,18.54949185261979,0.5494918526197914,ridge_challenger,EXPERIMENT_ONLY
2025-10-22,21:00,15,17.41447040582214,2.41447040582214,ridge_challenger,EXPERIMENT_ONLY
2025-10-23,21:00,19,17.384094069332193,1.6159059306678074,ridge_challenger,EXPERIMENT_ONLY
2025-10-24,21:00,17,18.766312908739827,1.7663129087398275,ridge_challenger,EXPERIMENT_ONLY
2025-10-25,21:00,17,17.118905971607642,0.11890597160764216,ridge_challenger,EXPERIMENT_ONLY
2025-10-26,21:00,17,16.286362934863327,0.7136370651366732,ridge_challenger,EXPERIMENT_ONLY
2025-10-27,21:00,17,17.344563260809004,0.3445632608090037,ridge_challenger,EXPERIMENT_ONLY
2025-10-28,21:00,16,15.221240371606914,0.778759628393086,ridge_challenger,EXPERIMENT_ONLY
2025-10-29,21:00,15,15.281382562888608,0.2813825628886075,ridge_challenger,EXPERIMENT_ONLY
2025-10-30,21:00,17,16.162646151344806,0.8373538486551944,ridge_challenger,EXPERIMENT_ONLY
2025-10-31,21:00,19,17.756918210864175,1.2430817891358252,ridge_challenger,EXPERIMENT_ONLY
2025-11-01,21:00,17,17.688048954279036,0.6880489542790365,ridge_challenger,EXPERIMENT_ONLY
2025-11-02,21:00,16,17.50389561556381,1.5038956155638097,ridge_challenger,EXPERIMENT_ONLY
2025-11-03,21:00,17,17.180665652448234,0.18066565244823352,ridge_challenger,EXPERIMENT_ONLY
2025-11-04,21:00,17,17.08681421799649,0.08681421799649058,ridge_challenger,EXPERIMENT_ONLY
2025-11-05,21:00,19,18.040766875041864,0.9592331249581356,ridge_challenger,EXPERIMENT_ONLY
2025-11-06,21:00,18,19.836912847194686,1.8369128471946858,ridge_challenger,EXPERIMENT_ONLY
2025-11-07,21:00,19,17.701282469696366,1.2987175303036338,ridge_challenger,EXPERIMENT_ONLY
2025-11-08,21:00,19,19.341180362217592,0.3411803622175924,ridge_challenger,EXPERIMENT_ONLY
2025-11-09,21:00,19,18.965389999760863,0.034610000239137406,ridge_challenger,EXPERIMENT_ONLY
2025-11-10,21:00,19,19.336381090479257,0.33638109047925724,ridge_challenger,EXPERIMENT_ONLY
2025-11-11,21:00,17,17.307137516583733,0.3071375165837331,ridge_challenger,EXPERIMENT_ONLY
2025-11-12,21:00,19,16.587182992434673,2.4128170075653266,ridge_challenger,EXPERIMENT_ONLY
2025-11-13,21:00,18,16.689342866021125,1.310657133978875,ridge_challenger,EXPERIMENT_ONLY
2025-11-14,21:00,19,18.877490661179092,0.1225093388209082,ridge_challenger,EXPERIMENT_ONLY
2025-11-15,21:00,19,16.556485846168616,2.4435141538313836,ridge_challenger,EXPERIMENT_ONLY
2025-11-16,21:00,19,19.897574334369764,0.8975743343697644,ridge_challenger,EXPERIMENT_ONLY
2025-11-17,21:00,21,19.88461539325971,1.1153846067402888,ridge_challenger,EXPERIMENT_ONLY
2025-11-18,21:00,23,20.871046515099557,2.1289534849004426,ridge_challenger,EXPERIMENT_ONLY
2025-11-19,21:00,22,22.125439085315282,0.12543908531528203,ridge_challenger,EXPERIMENT_ONLY
2025-11-20,21:00,20,22.009654373358327,2.0096543733583268,ridge_challenger,EXPERIMENT_ONLY
2025-11-21,21:00,20,20.03711437227509,0.03711437227509151,ridge_challenger,EXPERIMENT_ONLY
2025-11-22,21:00,17,17.712949170223993,0.7129491702239932,ridge_challenger,EXPERIMENT_ONLY
2025-11-23,21:00,20,19.087916928897005,0.9120830711029946,ridge_challenger,EXPERIMENT_ONLY
2025-11-24,21:00,18,15.340163672123474,2.6598363278765262,ridge_challenger,EXPERIMENT_ONLY
2025-11-25,21:00,22,19.957184501067847,2.0428154989321534,ridge_challenger,EXPERIMENT_ONLY
2025-11-26,21:00,21,21.697656466423982,0.6976564664239824,ridge_challenger,EXPERIMENT_ONLY
2025-11-27,21:00,21,21.221994297404216,0.2219942974042155,ridge_challenger,EXPERIMENT_ONLY
2025-11-28,21:00,21,19.538977776835402,1.4610222231645977,ridge_challenger,EXPERIMENT_ONLY
2025-11-29,21:00,21,19.94615652062381,1.0538434793761908,ridge_challenger,EXPERIMENT_ONLY
2025-11-30,21:00,21,21.00585192297013,0.005851922970130374,ridge_challenger,EXPERIMENT_ONLY
2025-12-01,21:00,19,20.97087158202051,1.9708715820205107,ridge_challenger,EXPERIMENT_ONLY
2025-12-02,21:00,20,17.320667876562467,2.6793321234375327,ridge_challenger,EXPERIMENT_ONLY
2025-12-03,21:00,15,16.980401656101588,1.9804016561015878,ridge_challenger,EXPERIMENT_ONLY
2025-12-04,21:00,17,14.87749034463298,2.12250965536702,ridge_challenger,EXPERIMENT_ONLY
2025-12-05,21:00,21,19.4703197305455,1.5296802694544986,ridge_challenger,EXPERIMENT_ONLY
2025-12-06,21:00,22,21.311232048820113,0.6887679511798872,ridge_challenger,EXPERIMENT_ONLY
2025-12-07,21:00,21,21.159855462389526,0.15985546238952608,ridge_challenger,EXPERIMENT_ONLY
2025-12-08,21:00,22,20.501149676971036,1.4988503230289645,ridge_challenger,EXPERIMENT_ONLY
2025-12-09,21:00,23,23.405962503452535,0.4059625034525354,ridge_challenger,EXPERIMENT_ONLY
2025-12-10,21:00,23,23.163029100531624,0.16302910053162378,ridge_challenger,EXPERIMENT_ONLY
2025-12-11,21:00,19,20.280740646203505,1.2807406462035047,ridge_challenger,EXPERIMENT_ONLY
2025-12-12,21:00,18,17.43869383004897,0.5613061699510311,ridge_challenger,EXPERIMENT_ONLY
2025-12-13,21:00,18,19.436742156761625,1.4367421567616248,ridge_challenger,EXPERIMENT_ONLY
2025-12-14,21:00,23,21.03782696573465,1.9621730342653514,ridge_challenger,EXPERIMENT_ONLY
2025-12-15,21:00,21,22.01071454500777,1.0107145450077688,ridge_challenger,EXPERIMENT_ONLY
2025-12-16,21:00,20,21.219498218601974,1.2194982186019736,ridge_challenger,EXPERIMENT_ONLY
2025-12-17,21:00,16,15.955680732858703,0.0443192671412973,ridge_challenger,EXPERIMENT_ONLY
2025-12-18,21:00,19,17.030143235266916,1.969856764733084,ridge_challenger,EXPERIMENT_ONLY
2025-12-19,21:00,20,19.729726457900217,0.27027354209978327,ridge_challenger,EXPERIMENT_ONLY
2025-12-20,21:00,19,15.709106224208181,3.290893775791819,ridge_challenger,EXPERIMENT_ONLY
2025-12-21,21:00,16,17.373357094964295,1.3733570949642946,ridge_challenger,EXPERIMENT_ONLY
2025-12-22,21:00,20,18.81440884399541,1.185591156004591,ridge_challenger,EXPERIMENT_ONLY
2025-12-23,21:00,23,20.37958906706471,2.6204109329352896,ridge_challenger,EXPERIMENT_ONLY
2025-12-24,21:00,22,22.225560626658257,0.2255606266582575,ridge_challenger,EXPERIMENT_ONLY
2025-12-25,21:00,20,21.1997526412892,1.1997526412892014,ridge_challenger,EXPERIMENT_ONLY
2025-12-26,21:00,19,18.569486558176372,0.43051344182362783,ridge_challenger,EXPERIMENT_ONLY
2025-12-27,21:00,20,19.28792679159074,0.7120732084092616,ridge_challenger,EXPERIMENT_ONLY
2025-12-28,21:00,19,20.770157390436328,1.770157390436328,ridge_challenger,EXPERIMENT_ONLY
2025-12-29,21:00,19,20.29164241182756,1.29164241182756,ridge_challenger,EXPERIMENT_ONLY
2025-12-30,21:00,17,16.305255316762164,0.6947446832378361,ridge_challenger,EXPERIMENT_ONLY
2025-12-31,21:00,16,15.76886071717676,0.23113928282323926,ridge_challenger,EXPERIMENT_ONLY
2026-01-01,21:00,20,17.274854128200303,2.725145871799697,ridge_challenger,EXPERIMENT_ONLY
2026-01-02,21:00,22,20.79742633553383,1.2025736644661684,ridge_challenger,EXPERIMENT_ONLY
2026-01-03,21:00,17,20.041122748826144,3.041122748826144,ridge_challenger,EXPERIMENT_ONLY
2026-01-04,21:00,18,17.375883642340504,0.6241163576594957,ridge_challenger,EXPERIMENT_ONLY
2026-01-05,21:00,23,20.11379505137011,2.8862049486298886,ridge_challenger,EXPERIMENT_ONLY
2026-01-06,21:00,21,22.49022986021536,1.4902298602153614,ridge_challenger,EXPERIMENT_ONLY
2026-01-07,21:00,23,21.649924673856603,1.350075326143397,ridge_challenger,EXPERIMENT_ONLY
2026-01-08,21:00,25,23.532192377645895,1.4678076223541048,ridge_challenger,EXPERIMENT_ONLY
2026-01-09,21:00,25,24.887290558305295,0.11270944169470454,ridge_challenger,EXPERIMENT_ONLY
2026-01-10,21:00,22,22.717896786035602,0.7178967860356025,ridge_challenger,EXPERIMENT_ONLY
2026-01-11,21:00,22,22.349955203098528,0.3499552030985278,ridge_challenger,EXPERIMENT_ONLY
2026-01-12,21:00,20,18.52100171052661,1.4789982894733917,ridge_challenger,EXPERIMENT_ONLY
2026-01-13,21:00,22,20.954143010818232,1.0458569891817682,ridge_challenger,EXPERIMENT_ONLY
2026-01-14,21:00,18,20.093607239111222,2.093607239111222,ridge_challenger,EXPERIMENT_ONLY
2026-01-15,21:00,19,18.264087959095335,0.7359120409046653,ridge_challenger,EXPERIMENT_ONLY
2026-01-16,21:00,16,17.283458016680065,1.2834580166800649,ridge_challenger,EXPERIMENT_ONLY
2026-01-17,21:00,18,14.960360028662606,3.039639971337394,ridge_challenger,EXPERIMENT_ONLY
2026-01-18,21:00,17,17.0411160408322,0.04111604083220044,ridge_challenger,EXPERIMENT_ONLY
2026-01-19,21:00,18,17.120522374864017,0.8794776251359835,ridge_challenger,EXPERIMENT_ONLY
2026-01-20,21:00,17,18.088431686145658,1.0884316861456576,ridge_challenger,EXPERIMENT_ONLY
2026-01-21,21:00,21,16.899921476499042,4.100078523500958,ridge_challenger,EXPERIMENT_ONLY
2026-01-22,21:00,21,16.97793580696208,4.02206419303792,ridge_challenger,EXPERIMENT_ONLY
2026-01-23,21:00,22,22.1293471021412,0.1293471021411996,ridge_challenger,EXPERIMENT_ONLY
2026-01-24,21:00,17,17.06576393538867,0.06576393538867009,ridge_challenger,EXPERIMENT_ONLY
2026-01-25,21:00,21,17.59855945782053,3.4014405421794685,ridge_challenger,EXPERIMENT_ONLY
2026-01-26,21:00,22,20.342764528508486,1.6572354714915143,ridge_challenger,EXPERIMENT_ONLY
2026-01-27,21:00,17,17.838993326514046,0.8389933265140463,ridge_challenger,EXPERIMENT_ONLY
2026-01-28,21:00,23,18.979355015956703,4.020644984043297,ridge_challenger,EXPERIMENT_ONLY
2026-01-29,21:00,22,21.982413189087524,0.01758681091247638,ridge_challenger,EXPERIMENT_ONLY
2026-01-30,21:00,21,20.17179365971437,0.8282063402856288,ridge_challenger,EXPERIMENT_ONLY
2026-01-31,21:00,21,21.847627081162848,0.8476270811628481,ridge_challenger,EXPERIMENT_ONLY
2026-02-01,21:00,20,21.0452431170046,1.045243117004599,ridge_challenger,EXPERIMENT_ONLY
2026-02-02,21:00,21,19.86604807847824,1.13395192152176,ridge_challenger,EXPERIMENT_ONLY
2026-02-03,21:00,18,17.214517354088883,0.7854826459111166,ridge_challenger,EXPERIMENT_ONLY
2026-02-04,21:00,18,16.454697242225464,1.545302757774536,ridge_challenger,EXPERIMENT_ONLY
2026-02-05,21:00,23,18.58065584648419,4.419344153515809,ridge_challenger,EXPERIMENT_ONLY
2026-02-06,21:00,22,22.008033703968184,0.00803370396818437,ridge_challenger,EXPERIMENT_ONLY
2026-02-07,21:00,23,22.3901817680364,0.609818231963601,ridge_challenger,EXPERIMENT_ONLY
2026-02-08,21:00,19,22.461091157030403,3.4610911570304026,ridge_challenger,EXPERIMENT_ONLY
2026-02-09,21:00,19,20.054008909604303,1.0540089096043026,ridge_challenger,EXPERIMENT_ONLY
2026-02-10,21:00,22,20.954036765897843,1.0459632341021567,ridge_challenger,EXPERIMENT_ONLY
2026-02-11,21:00,22,22.157777524026386,0.15777752402638612,ridge_challenger,EXPERIMENT_ONLY
2026-02-12,21:00,25,20.118156334618277,4.881843665381723,ridge_challenger,EXPERIMENT_ONLY
2026-02-13,21:00,24,24.91576925455266,0.9157692545526608,ridge_challenger,EXPERIMENT_ONLY
2026-02-14,21:00,20,20.584483497711357,0.5844834977113571,ridge_challenger,EXPERIMENT_ONLY
2026-02-15,21:00,16,18.175974355689522,2.1759743556895224,ridge_challenger,EXPERIMENT_ONLY
2026-02-16,21:00,16,14.356845915012206,1.6431540849877937,ridge_challenger,EXPERIMENT_ONLY
2026-02-17,21:00,21,17.34493704844104,3.6550629515589605,ridge_challenger,EXPERIMENT_ONLY
2026-02-18,21:00,21,20.610650817981504,0.38934918201849555,ridge_challenger,EXPERIMENT_ONLY
2026-02-19,21:00,21,21.584115151764433,0.5841151517644327,ridge_challenger,EXPERIMENT_ONLY
2026-02-20,21:00,23,21.05363656845246,1.9463634315475389,ridge_challenger,EXPERIMENT_ONLY
2026-02-21,21:00,20,20.100761093888057,0.10076109388805676,ridge_challenger,EXPERIMENT_ONLY
2026-02-22,21:00,22,20.01818405461116,1.9818159453888384,ridge_challenger,EXPERIMENT_ONLY
2026-02-23,21:00,21,19.36237075221322,1.63762924778678,ridge_challenger,EXPERIMENT_ONLY
2026-02-24,21:00,21,20.59244556990059,0.4075544300994096,ridge_challenger,EXPERIMENT_ONLY
2026-02-25,21:00,25,19.979947412175953,5.020052587824047,ridge_challenger,EXPERIMENT_ONLY
2026-02-26,21:00,20,23.509074255059673,3.509074255059673,ridge_challenger,EXPERIMENT_ONLY
2026-02-27,21:00,16,15.975290599321958,0.024709400678041504,ridge_challenger,EXPERIMENT_ONLY
2026-02-28,21:00,18,16.390622028115253,1.6093779718847472,ridge_challenger,EXPERIMENT_ONLY
2026-03-01,21:00,20,19.270727413155985,0.7292725868440151,ridge_challenger,EXPERIMENT_ONLY
2026-03-02,21:00,12,14.056819207470497,2.0568192074704967,ridge_challenger,EXPERIMENT_ONLY
2026-03-03,21:00,14,9.904258669532943,4.095741330467057,ridge_challenger,EXPERIMENT_ONLY
2026-03-04,21:00,17,15.371057516494925,1.6289424835050745,ridge_challenger,EXPERIMENT_ONLY
2026-03-05,21:00,20,17.35605527741437,2.64394472258563,ridge_challenger,EXPERIMENT_ONLY
2026-03-06,21:00,21,19.89283268815354,1.1071673118464602,ridge_challenger,EXPERIMENT_ONLY
2026-03-07,21:00,21,21.224740303427026,0.22474030342702633,ridge_challenger,EXPERIMENT_ONLY
2026-03-08,21:00,19,20.88413355675166,1.8841335567516602,ridge_challenger,EXPERIMENT_ONLY
2026-03-09,21:00,18,17.408433696986982,0.5915663030130176,ridge_challenger,EXPERIMENT_ONLY
2026-03-10,21:00,16,17.528588521885506,1.5285885218855064,ridge_challenger,EXPERIMENT_ONLY
2026-03-11,21:00,18,15.314893982629439,2.685106017370561,ridge_challenger,EXPERIMENT_ONLY
2026-03-12,21:00,21,18.543985416560425,2.4560145834395755,ridge_challenger,EXPERIMENT_ONLY
2026-03-13,21:00,23,19.729962720589416,3.270037279410584,ridge_challenger,EXPERIMENT_ONLY
2026-03-14,21:00,17,18.815013573615484,1.8150135736154844,ridge_challenger,EXPERIMENT_ONLY
2026-03-15,21:00,20,19.124817876866818,0.8751821231331824,ridge_challenger,EXPERIMENT_ONLY
2026-03-16,21:00,21,19.838244422541482,1.1617555774585178,ridge_challenger,EXPERIMENT_ONLY
2026-03-17,21:00,21,20.117670141438122,0.882329858561878,ridge_challenger,EXPERIMENT_ONLY
2026-03-18,21:00,21,20.80677971475355,0.19322028524645063,ridge_challenger,EXPERIMENT_ONLY
2026-03-19,21:00,18,18.873844854638648,0.8738448546386479,ridge_challenger,EXPERIMENT_ONLY
2026-03-20,21:00,17,17.62466982686309,0.6246698268630908,ridge_challenger,EXPERIMENT_ONLY
2026-03-21,21:00,17,17.160144678774873,0.16014467877487348,ridge_challenger,EXPERIMENT_ONLY
2026-03-22,21:00,20,17.415040241620495,2.5849597583795045,ridge_challenger,EXPERIMENT_ONLY
2026-03-23,21:00,19,19.846504348588084,0.8465043485880841,ridge_challenger,EXPERIMENT_ONLY
2026-03-24,21:00,21,20.197608091155494,0.8023919088445055,ridge_challenger,EXPERIMENT_ONLY
2026-03-25,21:00,18,20.973288488392676,2.973288488392676,ridge_challenger,EXPERIMENT_ONLY
2026-03-26,21:00,19,18.29864404364028,0.7013559563597198,ridge_challenger,EXPERIMENT_ONLY
2026-03-27,21:00,23,19.269438288288626,3.730561711711374,ridge_challenger,EXPERIMENT_ONLY
2026-03-28,21:00,22,22.54313294416247,0.543132944162469,ridge_challenger,EXPERIMENT_ONLY
2026-03-29,21:00,19,22.259749022807224,3.259749022807224,ridge_challenger,EXPERIMENT_ONLY
2026-03-30,21:00,20,20.190153196412965,0.19015319641296458,ridge_challenger,EXPERIMENT_ONLY
2026-03-31,21:00,18,20.025823267664215,2.025823267664215,ridge_challenger,EXPERIMENT_ONLY
2026-04-01,21:00,17,17.77077222869369,0.7707722286936907,ridge_challenger,EXPERIMENT_ONLY
2026-04-02,21:00,20,16.766432925128772,3.233567074871228,ridge_challenger,EXPERIMENT_ONLY
2026-04-03,21:00,19,19.460194184343806,0.46019418434380555,ridge_challenger,EXPERIMENT_ONLY
2026-04-04,21:00,21,19.753003816433484,1.246996183566516,ridge_challenger,EXPERIMENT_ONLY
2026-04-05,21:00,17,19.3415234735142,2.3415234735142008,ridge_challenger,EXPERIMENT_ONLY
2026-04-06,21:00,22,18.01695548829041,3.98304451170959,ridge_challenger,EXPERIMENT_ONLY
2026-04-07,21:00,20,21.626358522176364,1.6263585221763641,ridge_challenger,EXPERIMENT_ONLY
2026-04-08,21:00,20,19.58691255268515,0.4130874473148509,ridge_challenger,EXPERIMENT_ONLY
2026-04-09,21:00,21,21.127596403654337,0.1275964036543371,ridge_challenger,EXPERIMENT_ONLY
2026-04-10,21:00,17,19.688789007405123,2.6887890074051235,ridge_challenger,EXPERIMENT_ONLY
2026-04-11,21:00,20,16.22793869937179,3.7720613006282093,ridge_challenger,EXPERIMENT_ONLY
2026-04-12,21:00,20,19.943523878385477,0.05647612161452287,ridge_challenger,EXPERIMENT_ONLY
2026-04-13,21:00,19,19.962088328491188,0.9620883284911876,ridge_challenger,EXPERIMENT_ONLY
2026-04-14,21:00,19,19.786126531620084,0.7861265316200843,ridge_challenger,EXPERIMENT_ONLY
2026-04-15,21:00,18,18.116600239866496,0.11660023986649648,ridge_challenger,EXPERIMENT_ONLY
2026-04-16,21:00,18,18.45632277603517,0.4563227760351687,ridge_challenger,EXPERIMENT_ONLY
2026-04-17,21:00,18,16.78073612531439,1.219263874685609,ridge_challenger,EXPERIMENT_ONLY
2026-04-18,21:00,18,18.541541825740904,0.5415418257409037,ridge_challenger,EXPERIMENT_ONLY
2026-04-19,21:00,16,18.470622255277387,2.4706222552773873,ridge_challenger,EXPERIMENT_ONLY
2026-04-20,21:00,14,15.700807353468822,1.7008073534688215,ridge_challenger,EXPERIMENT_ONLY
2026-04-21,21:00,12,13.28093243456435,1.2809324345643507,ridge_challenger,EXPERIMENT_ONLY
2026-04-22,21:00,12,12.305308074133933,0.3053080741339329,ridge_challenger,EXPERIMENT_ONLY
2026-04-23,21:00,14,12.218268108676707,1.7817318913232931,ridge_challenger,EXPERIMENT_ONLY
2026-04-24,21:00,14,13.835760379013575,0.1642396209864252,ridge_challenger,EXPERIMENT_ONLY
2026-04-25,21:00,16,14.739611763046208,1.2603882369537924,ridge_challenger,EXPERIMENT_ONLY
2026-04-26,21:00,17,16.64286033484836,0.35713966515163875,ridge_challenger,EXPERIMENT_ONLY
2026-04-27,21:00,16,17.495938459597685,1.495938459597685,ridge_challenger,EXPERIMENT_ONLY
2026-04-28,21:00,17,16.891934338100118,0.10806566189988231,ridge_challenger,EXPERIMENT_ONLY
2026-04-29,21:00,19,18.74595060766861,0.2540493923313889,ridge_challenger,EXPERIMENT_ONLY
2026-04-30,21:00,15,17.661203348482665,2.6612033484826654,ridge_challenger,EXPERIMENT_ONLY
2026-05-01,21:00,16,14.886866998372211,1.113133001627789,ridge_challenger,EXPERIMENT_ONLY
2026-05-02,21:00,16,16.424030799726218,0.4240307997262178,ridge_challenger,EXPERIMENT_ONLY
2026-05-03,21:00,16,15.80227033896414,0.19772966103585965,ridge_challenger,EXPERIMENT_ONLY
2026-05-04,21:00,16,16.90892165935333,0.9089216593533287,ridge_challenger,EXPERIMENT_ONLY
2026-05-05,21:00,16,17.4411108523606,1.4411108523606018,ridge_challenger,EXPERIMENT_ONLY
2026-05-06,21:00,17,17.94434432424131,0.9443443242413103,ridge_challenger,EXPERIMENT_ONLY
2026-05-07,21:00,19,19.400358752588936,0.40035875258893583,ridge_challenger,EXPERIMENT_ONLY
2026-05-08,21:00,19,19.253122047016834,0.2531220470168343,ridge_challenger,EXPERIMENT_ONLY
2026-05-09,21:00,17,18.577545734381594,1.5775457343815944,ridge_challenger,EXPERIMENT_ONLY
2026-05-10,21:00,19,17.592712293597714,1.4072877064022862,ridge_challenger,EXPERIMENT_ONLY
2026-05-11,21:00,12,15.352793481367712,3.352793481367712,ridge_challenger,EXPERIMENT_ONLY
2026-05-12,21:00,16,13.341045138282515,2.6589548617174845,ridge_challenger,EXPERIMENT_ONLY
2026-05-13,21:00,14,15.651828115739626,1.651828115739626,ridge_challenger,EXPERIMENT_ONLY
2026-05-14,21:00,15,15.339332476481466,0.33933247648146647,ridge_challenger,EXPERIMENT_ONLY
2026-05-15,21:00,13,15.33537586751834,2.3353758675183407,ridge_challenger,EXPERIMENT_ONLY
2026-05-16,21:00,13,14.294471532995,1.2944715329950007,ridge_challenger,EXPERIMENT_ONLY
2026-05-17,21:00,14,14.494182354582001,0.49418235458200144,ridge_challenger,EXPERIMENT_ONLY
2026-05-18,21:00,13,14.07797420982589,1.0779742098258893,ridge_challenger,EXPERIMENT_ONLY
2026-05-19,21:00,16,13.61458268058072,2.3854173194192807,ridge_challenger,EXPERIMENT_ONLY
2026-05-20,21:00,15,16.711681165627787,1.7116811656277875,ridge_challenger,EXPERIMENT_ONLY
2026-05-21,21:00,17,17.011416423839783,0.011416423839783363,ridge_challenger,EXPERIMENT_ONLY
2026-05-22,21:00,16,15.023298248387807,0.9767017516121932,ridge_challenger,EXPERIMENT_ONLY
2026-05-23,21:00,15,17.067203729603992,2.0672037296039925,ridge_challenger,EXPERIMENT_ONLY
2026-05-24,21:00,15,15.16848503571984,0.16848503571983997,ridge_challenger,EXPERIMENT_ONLY
2026-05-25,21:00,15,14.736784738619743,0.26321526138025675,ridge_challenger,EXPERIMENT_ONLY
2026-05-26,21:00,16,16.952332108618425,0.9523321086184247,ridge_challenger,EXPERIMENT_ONLY
2026-05-27,21:00,15,15.131582357559786,0.1315823575597861,ridge_challenger,EXPERIMENT_ONLY
2026-05-28,21:00,17,15.387247123807017,1.6127528761929835,ridge_challenger,EXPERIMENT_ONLY
2026-05-29,21:00,15,17.00610641167974,2.0061064116797382,ridge_challenger,EXPERIMENT_ONLY
2026-05-30,21:00,16,15.231835509148576,0.768164490851424,ridge_challenger,EXPERIMENT_ONLY
2026-05-31,21:00,18,17.358109138684707,0.6418908613152929,ridge_challenger,EXPERIMENT_ONLY
2026-06-01,21:00,20,19.588561238651174,0.4114387613488262,ridge_challenger,EXPERIMENT_ONLY
2026-06-02,21:00,20,20.617557655367396,0.6175576553673956,ridge_challenger,EXPERIMENT_ONLY
2026-06-03,21:00,15,18.422108424098745,3.422108424098745,ridge_challenger,EXPERIMENT_ONLY
2025-01-01,22:00,15,15.343057250664934,0.3430572506649341,ridge_challenger,EXPERIMENT_ONLY
2025-01-02,22:00,19,15.580510661947244,3.419489338052756,ridge_challenger,EXPERIMENT_ONLY
2025-01-03,22:00,21,18.78085069538041,2.2191493046195916,ridge_challenger,EXPERIMENT_ONLY
2025-01-04,22:00,17,17.098042281236413,0.09804228123641323,ridge_challenger,EXPERIMENT_ONLY
2025-01-05,22:00,14,16.477471247339523,2.4774712473395226,ridge_challenger,EXPERIMENT_ONLY
2025-01-06,22:00,15,15.368230432792805,0.36823043279280476,ridge_challenger,EXPERIMENT_ONLY
2025-01-07,22:00,21,15.55269035801577,5.44730964198423,ridge_challenger,EXPERIMENT_ONLY
2025-01-08,22:00,17,16.95542730216274,0.04457269783726048,ridge_challenger,EXPERIMENT_ONLY
2025-01-09,22:00,18,17.652972499104745,0.3470275008952548,ridge_challenger,EXPERIMENT_ONLY
2025-01-10,22:00,17,17.931794286014757,0.9317942860147568,ridge_challenger,EXPERIMENT_ONLY
2025-01-11,22:00,18,16.762339002592146,1.237660997407854,ridge_challenger,EXPERIMENT_ONLY
2025-01-12,22:00,16,16.166693094805243,0.1666930948052432,ridge_challenger,EXPERIMENT_ONLY
2025-01-13,22:00,17,16.58350654287272,0.4164934571272809,ridge_challenger,EXPERIMENT_ONLY
2025-01-14,22:00,17,16.98731178544558,0.012688214554419375,ridge_challenger,EXPERIMENT_ONLY
2025-01-15,22:00,17,15.608581247723887,1.3914187522761132,ridge_challenger,EXPERIMENT_ONLY
2025-01-16,22:00,17,17.531177655882267,0.5311776558822672,ridge_challenger,EXPERIMENT_ONLY
2025-01-17,22:00,20,19.683032106881658,0.31696789311834195,ridge_challenger,EXPERIMENT_ONLY
2025-01-18,22:00,19,19.313182469562186,0.3131824695621859,ridge_challenger,EXPERIMENT_ONLY
2025-01-19,22:00,19,17.85388523674381,1.1461147632561897,ridge_challenger,EXPERIMENT_ONLY
2025-01-20,22:00,18,17.57149150993808,0.42850849006191893,ridge_challenger,EXPERIMENT_ONLY
2025-01-21,22:00,21,19.87108978073449,1.12891021926551,ridge_challenger,EXPERIMENT_ONLY
2025-01-22,22:00,23,19.06739938844434,3.93260061155566,ridge_challenger,EXPERIMENT_ONLY
2025-01-23,22:00,24,22.81679487030674,1.1832051296932597,ridge_challenger,EXPERIMENT_ONLY
2025-01-24,22:00,19,20.546846337084286,1.5468463370842862,ridge_challenger,EXPERIMENT_ONLY
2025-01-25,22:00,26,20.788345092650577,5.211654907349423,ridge_challenger,EXPERIMENT_ONLY
2025-01-26,22:00,25,22.1952890081613,2.8047109918387,ridge_challenger,EXPERIMENT_ONLY
2025-01-27,22:00,17,19.160600052006174,2.160600052006174,ridge_challenger,EXPERIMENT_ONLY
2025-01-28,22:00,21,17.277421326991426,3.7225786730085737,ridge_challenger,EXPERIMENT_ONLY
2025-01-29,22:00,20,20.319306461122032,0.3193064611220322,ridge_challenger,EXPERIMENT_ONLY
2025-01-30,22:00,19,18.36534761442791,0.6346523855720889,ridge_challenger,EXPERIMENT_ONLY
2025-01-31,22:00,22,20.904033446912724,1.0959665530872762,ridge_challenger,EXPERIMENT_ONLY
2025-02-01,22:00,22,22.648612956993496,0.648612956993496,ridge_challenger,EXPERIMENT_ONLY
2025-02-02,22:00,19,19.065096722374815,0.06509672237481468,ridge_challenger,EXPERIMENT_ONLY
2025-02-03,22:00,23,20.803748746259167,2.196251253740833,ridge_challenger,EXPERIMENT_ONLY
2025-02-04,22:00,20,21.39464867185313,1.3946486718531297,ridge_challenger,EXPERIMENT_ONLY
2025-02-05,22:00,19,19.127050215689707,0.12705021568970665,ridge_challenger,EXPERIMENT_ONLY
2025-02-06,22:00,21,20.603184104776645,0.39681589522335514,ridge_challenger,EXPERIMENT_ONLY
2025-02-07,22:00,19,20.08000312530532,1.0800031253053213,ridge_challenger,EXPERIMENT_ONLY
2025-02-08,22:00,25,21.248947833578015,3.751052166421985,ridge_challenger,EXPERIMENT_ONLY
2025-02-09,22:00,24,23.859366348041682,0.14063365195831778,ridge_challenger,EXPERIMENT_ONLY
2025-02-10,22:00,19,21.34091051076588,2.3409105107658803,ridge_challenger,EXPERIMENT_ONLY
2025-02-11,22:00,19,18.677299780867003,0.3227002191329973,ridge_challenger,EXPERIMENT_ONLY
2025-02-12,22:00,20,19.39456618015202,0.6054338198479812,ridge_challenger,EXPERIMENT_ONLY
2025-02-13,22:00,20,19.63665723556089,0.3633427644391105,ridge_challenger,EXPERIMENT_ONLY
2025-02-14,22:00,22,21.071142287931867,0.9288577120681332,ridge_challenger,EXPERIMENT_ONLY
2025-02-15,22:00,25,22.730392255148136,2.2696077448518643,ridge_challenger,EXPERIMENT_ONLY
2025-02-16,22:00,24,23.16125201501163,0.8387479849883697,ridge_challenger,EXPERIMENT_ONLY
2025-02-17,22:00,24,23.437345809082434,0.5626541909175664,ridge_challenger,EXPERIMENT_ONLY
2025-02-18,22:00,23,21.15588439879734,1.8441156012026596,ridge_challenger,EXPERIMENT_ONLY
2025-02-19,22:00,23,21.75403398322434,1.245966016775661,ridge_challenger,EXPERIMENT_ONLY
2025-02-20,22:00,24,23.674396408076717,0.3256035919232829,ridge_challenger,EXPERIMENT_ONLY
2025-02-21,22:00,22,23.13216250920663,1.1321625092066299,ridge_challenger,EXPERIMENT_ONLY
2025-02-22,22:00,24,20.346428930704924,3.653571069295076,ridge_challenger,EXPERIMENT_ONLY
2025-02-23,22:00,21,22.294847800845968,1.294847800845968,ridge_challenger,EXPERIMENT_ONLY
2025-02-24,22:00,23,20.492510665059132,2.5074893349408676,ridge_challenger,EXPERIMENT_ONLY
2025-02-25,22:00,23,23.013470882750113,0.013470882750112878,ridge_challenger,EXPERIMENT_ONLY
2025-02-26,22:00,19,21.903253153399152,2.9032531533991524,ridge_challenger,EXPERIMENT_ONLY
2025-02-27,22:00,21,20.047998174095223,0.9520018259047767,ridge_challenger,EXPERIMENT_ONLY
2025-02-28,22:00,21,21.370188552655954,0.37018855265595363,ridge_challenger,EXPERIMENT_ONLY
2025-03-01,22:00,24,21.635149661402924,2.3648503385970763,ridge_challenger,EXPERIMENT_ONLY
2025-03-02,22:00,26,23.096922381259624,2.903077618740376,ridge_challenger,EXPERIMENT_ONLY
2025-03-03,22:00,25,24.691716892028573,0.3082831079714268,ridge_challenger,EXPERIMENT_ONLY
2025-03-04,22:00,21,20.913355683469252,0.086644316530748,ridge_challenger,EXPERIMENT_ONLY
2025-03-05,22:00,16,16.72231367190312,0.7223136719031196,ridge_challenger,EXPERIMENT_ONLY
2025-03-06,22:00,17,15.84180414602551,1.1581958539744903,ridge_challenger,EXPERIMENT_ONLY
2025-03-07,22:00,20,16.45821755722793,3.541782442772071,ridge_challenger,EXPERIMENT_ONLY
2025-03-08,22:00,17,18.95313424487581,1.953134244875809,ridge_challenger,EXPERIMENT_ONLY
2025-03-09,22:00,19,18.21277468445741,0.7872253155425888,ridge_challenger,EXPERIMENT_ONLY
2025-03-10,22:00,22,17.009868265411505,4.990131734588495,ridge_challenger,EXPERIMENT_ONLY
2025-03-11,22:00,22,21.0103038678073,0.9896961321927016,ridge_challenger,EXPERIMENT_ONLY
2025-03-12,22:00,18,19.110003009563073,1.1100030095630729,ridge_challenger,EXPERIMENT_ONLY
2025-03-13,22:00,17,15.478537666848059,1.5214623331519412,ridge_challenger,EXPERIMENT_ONLY
2025-03-14,22:00,21,18.245242836840323,2.7547571631596774,ridge_challenger,EXPERIMENT_ONLY
2025-03-15,22:00,22,21.597364289999344,0.4026357100006557,ridge_challenger,EXPERIMENT_ONLY
2025-03-16,22:00,23,22.306277603554157,0.6937223964458425,ridge_challenger,EXPERIMENT_ONLY
2025-03-17,22:00,22,22.420807285265333,0.42080728526533306,ridge_challenger,EXPERIMENT_ONLY
2025-03-18,22:00,22,22.48600516438186,0.4860051643818615,ridge_challenger,EXPERIMENT_ONLY
2025-03-19,22:00,16,15.724304832590608,0.27569516740939193,ridge_challenger,EXPERIMENT_ONLY
2025-03-20,22:00,16,15.88414543464014,0.11585456535986083,ridge_challenger,EXPERIMENT_ONLY
2025-03-21,22:00,18,16.703164408902126,1.2968355910978744,ridge_challenger,EXPERIMENT_ONLY
2025-03-22,22:00,21,18.78540961409172,2.2145903859082807,ridge_challenger,EXPERIMENT_ONLY
2025-03-23,22:00,22,21.192546129548223,0.8074538704517771,ridge_challenger,EXPERIMENT_ONLY
2025-03-24,22:00,19,18.551750556162737,0.4482494438372626,ridge_challenger,EXPERIMENT_ONLY
2025-03-25,22:00,20,20.45937593239462,0.4593759323946216,ridge_challenger,EXPERIMENT_ONLY
2025-03-26,22:00,18,19.398283879137594,1.398283879137594,ridge_challenger,EXPERIMENT_ONLY
2025-03-27,22:00,22,19.776419898694385,2.2235801013056147,ridge_challenger,EXPERIMENT_ONLY
2025-03-28,22:00,18,18.18379592304505,0.1837959230450501,ridge_challenger,EXPERIMENT_ONLY
2025-03-29,22:00,19,18.878708441149602,0.12129155885039822,ridge_challenger,EXPERIMENT_ONLY
2025-03-30,22:00,21,19.664871898715703,1.3351281012842975,ridge_challenger,EXPERIMENT_ONLY
2025-03-31,22:00,18,18.28958589191134,0.2895858919113401,ridge_challenger,EXPERIMENT_ONLY
2025-04-01,22:00,19,19.754371299845648,0.7543712998456478,ridge_challenger,EXPERIMENT_ONLY
2025-04-02,22:00,19,19.656292538074972,0.6562925380749718,ridge_challenger,EXPERIMENT_ONLY
2025-04-03,22:00,21,19.38409162803762,1.6159083719623801,ridge_challenger,EXPERIMENT_ONLY
2025-04-04,22:00,20,20.183505576302913,0.1835055763029132,ridge_challenger,EXPERIMENT_ONLY
2025-04-05,22:00,18,18.192984863920575,0.19298486392057512,ridge_challenger,EXPERIMENT_ONLY
2025-04-06,22:00,20,18.563378829215388,1.436621170784612,ridge_challenger,EXPERIMENT_ONLY
2025-04-07,22:00,20,20.026721481518038,0.026721481518038104,ridge_challenger,EXPERIMENT_ONLY
2025-04-08,22:00,19,17.34625828288907,1.653741717110929,ridge_challenger,EXPERIMENT_ONLY
2025-04-09,22:00,17,16.23699780010205,0.7630021998979508,ridge_challenger,EXPERIMENT_ONLY
2025-04-10,22:00,20,18.549549991523264,1.4504500084767358,ridge_challenger,EXPERIMENT_ONLY
2025-04-11,22:00,19,20.455643431119302,1.4556434311193023,ridge_challenger,EXPERIMENT_ONLY
2025-04-12,22:00,20,19.976903312124065,0.023096687875934663,ridge_challenger,EXPERIMENT_ONLY
2025-04-13,22:00,18,18.367870795662867,0.36787079566286707,ridge_challenger,EXPERIMENT_ONLY
2025-04-14,22:00,20,19.694170668933225,0.305829331066775,ridge_challenger,EXPERIMENT_ONLY
2025-04-15,22:00,16,18.187115184279357,2.1871151842793566,ridge_challenger,EXPERIMENT_ONLY
2025-04-16,22:00,16,16.34182316803942,0.3418231680394186,ridge_challenger,EXPERIMENT_ONLY
2025-04-17,22:00,19,18.778523201144658,0.22147679885534188,ridge_challenger,EXPERIMENT_ONLY
2025-04-18,22:00,20,19.532080065536707,0.4679199344632927,ridge_challenger,EXPERIMENT_ONLY
2025-04-19,22:00,25,20.975710117712566,4.024289882287434,ridge_challenger,EXPERIMENT_ONLY
2025-04-20,22:00,21,22.733029132402727,1.7330291324027272,ridge_challenger,EXPERIMENT_ONLY
2025-04-21,22:00,18,18.252670886147474,0.2526708861474738,ridge_challenger,EXPERIMENT_ONLY
2025-04-22,22:00,16,17.927674542309266,1.9276745423092656,ridge_challenger,EXPERIMENT_ONLY
2025-04-23,22:00,15,13.251885444073393,1.7481145559266071,ridge_challenger,EXPERIMENT_ONLY
2025-04-24,22:00,15,15.528129322561025,0.5281293225610248,ridge_challenger,EXPERIMENT_ONLY
2025-04-25,22:00,18,15.931625867231908,2.068374132768092,ridge_challenger,EXPERIMENT_ONLY
2025-04-26,22:00,19,18.655327859198323,0.3446721408016771,ridge_challenger,EXPERIMENT_ONLY
2025-04-27,22:00,20,20.11426832650917,0.11426832650916907,ridge_challenger,EXPERIMENT_ONLY
2025-04-28,22:00,20,20.82197501488151,0.8219750148815095,ridge_challenger,EXPERIMENT_ONLY
2025-04-29,22:00,16,18.072352765231255,2.072352765231255,ridge_challenger,EXPERIMENT_ONLY
2025-04-30,22:00,16,15.977234976009164,0.022765023990835687,ridge_challenger,EXPERIMENT_ONLY
2025-05-01,22:00,14,15.241111681314187,1.2411116813141874,ridge_challenger,EXPERIMENT_ONLY
2025-05-02,22:00,13,13.632188645109135,0.6321886451091352,ridge_challenger,EXPERIMENT_ONLY
2025-05-03,22:00,14,12.967075977413975,1.032924022586025,ridge_challenger,EXPERIMENT_ONLY
2025-05-04,22:00,14,13.577424470103738,0.4225755298962621,ridge_challenger,EXPERIMENT_ONLY
2025-05-05,22:00,15,14.405510657337803,0.5944893426621967,ridge_challenger,EXPERIMENT_ONLY
2025-05-06,22:00,15,14.51871965590587,0.4812803440941291,ridge_challenger,EXPERIMENT_ONLY
2025-05-07,22:00,18,17.677037053880166,0.32296294611983356,ridge_challenger,EXPERIMENT_ONLY
2025-05-08,22:00,18,18.539047482125923,0.5390474821259232,ridge_challenger,EXPERIMENT_ONLY
2025-05-09,22:00,18,18.44995055210725,0.44995055210725,ridge_challenger,EXPERIMENT_ONLY
2025-05-10,22:00,16,14.430950388198845,1.5690496118011552,ridge_challenger,EXPERIMENT_ONLY
2025-05-11,22:00,15,17.795070814121342,2.795070814121342,ridge_challenger,EXPERIMENT_ONLY
2025-05-12,22:00,17,15.965583330029729,1.0344166699702715,ridge_challenger,EXPERIMENT_ONLY
2025-05-13,22:00,17,18.090518789269545,1.0905187892695452,ridge_challenger,EXPERIMENT_ONLY
2025-05-14,22:00,15,16.131429010096976,1.1314290100969764,ridge_challenger,EXPERIMENT_ONLY
2025-05-15,22:00,16,16.032006403158547,0.032006403158547414,ridge_challenger,EXPERIMENT_ONLY
2025-05-16,22:00,19,17.960873380783465,1.0391266192165354,ridge_challenger,EXPERIMENT_ONLY
2025-05-17,22:00,18,19.073717541991567,1.0737175419915665,ridge_challenger,EXPERIMENT_ONLY
2025-05-18,22:00,18,17.766355783119973,0.2336442168800268,ridge_challenger,EXPERIMENT_ONLY
2025-05-19,22:00,12,14.870837002694577,2.870837002694577,ridge_challenger,EXPERIMENT_ONLY
2025-05-20,22:00,15,12.982311918355464,2.017688081644536,ridge_challenger,EXPERIMENT_ONLY
2025-05-21,22:00,15,15.107542130939851,0.10754213093985143,ridge_challenger,EXPERIMENT_ONLY
2025-05-22,22:00,16,15.39728414271084,0.6027158572891604,ridge_challenger,EXPERIMENT_ONLY
2025-05-23,22:00,15,15.347975802161526,0.34797580216152646,ridge_challenger,EXPERIMENT_ONLY
2025-05-24,22:00,16,15.04848118590855,0.9515188140914503,ridge_challenger,EXPERIMENT_ONLY
2025-05-25,22:00,17,15.892515934931644,1.1074840650683555,ridge_challenger,EXPERIMENT_ONLY
2025-05-26,22:00,17,16.598486419532453,0.40151358046754737,ridge_challenger,EXPERIMENT_ONLY
2025-05-27,22:00,17,16.478599463396865,0.5214005366031351,ridge_challenger,EXPERIMENT_ONLY
2025-05-28,22:00,17,18.47308629071622,1.4730862907162212,ridge_challenger,EXPERIMENT_ONLY
2025-05-29,22:00,16,16.49527400492618,0.49527400492618057,ridge_challenger,EXPERIMENT_ONLY
2025-05-30,22:00,18,16.7754829390359,1.2245170609641,ridge_challenger,EXPERIMENT_ONLY
2025-05-31,22:00,18,17.606042767582714,0.39395723241728575,ridge_challenger,EXPERIMENT_ONLY
2025-06-01,22:00,15,16.20338944082267,1.2033894408226686,ridge_challenger,EXPERIMENT_ONLY
2025-06-02,22:00,17,14.64433239840802,2.35566760159198,ridge_challenger,EXPERIMENT_ONLY
2025-06-03,22:00,16,17.554194492461857,1.554194492461857,ridge_challenger,EXPERIMENT_ONLY
2025-06-04,22:00,18,14.968866775383745,3.031133224616255,ridge_challenger,EXPERIMENT_ONLY
2025-06-05,22:00,18,11.738473944487911,6.261526055512089,ridge_challenger,EXPERIMENT_ONLY
2025-06-06,22:00,12,14.841175839970113,2.841175839970113,ridge_challenger,EXPERIMENT_ONLY
2025-06-07,22:00,11,11.632690807194374,0.6326908071943738,ridge_challenger,EXPERIMENT_ONLY
2025-06-08,22:00,11,12.549330144533343,1.549330144533343,ridge_challenger,EXPERIMENT_ONLY
2025-06-09,22:00,11,10.672715894513514,0.3272841054864859,ridge_challenger,EXPERIMENT_ONLY
2025-06-10,22:00,11,11.894460760014544,0.8944607600145442,ridge_challenger,EXPERIMENT_ONLY
2025-06-11,22:00,16,14.022940642725946,1.9770593572740545,ridge_challenger,EXPERIMENT_ONLY
2025-06-12,22:00,15,14.24242427054438,0.7575757294556205,ridge_challenger,EXPERIMENT_ONLY
2025-06-13,22:00,13,13.710909464694497,0.7109094646944971,ridge_challenger,EXPERIMENT_ONLY
2025-06-14,22:00,11,13.19376124444399,2.1937612444439907,ridge_challenger,EXPERIMENT_ONLY
2025-06-15,22:00,12,11.057422605998868,0.9425773940011322,ridge_challenger,EXPERIMENT_ONLY
2025-06-16,22:00,12,11.963196663130818,0.036803336869182246,ridge_challenger,EXPERIMENT_ONLY
2025-06-17,22:00,12,11.547340026495933,0.4526599735040673,ridge_challenger,EXPERIMENT_ONLY
2025-06-18,22:00,13,12.52913172928115,0.4708682707188494,ridge_challenger,EXPERIMENT_ONLY
2025-06-19,22:00,15,14.01296448021878,0.9870355197812195,ridge_challenger,EXPERIMENT_ONLY
2025-06-20,22:00,15,16.181637447701117,1.1816374477011173,ridge_challenger,EXPERIMENT_ONLY
2025-06-21,22:00,12,13.021191767651306,1.021191767651306,ridge_challenger,EXPERIMENT_ONLY
2025-06-22,22:00,13,9.402674424455855,3.5973255755441453,ridge_challenger,EXPERIMENT_ONLY
2025-06-23,22:00,13,11.756585593658677,1.2434144063413228,ridge_challenger,EXPERIMENT_ONLY
2025-06-24,22:00,14,14.118458383199016,0.11845838319901603,ridge_challenger,EXPERIMENT_ONLY
2025-06-25,22:00,15,14.756866995762218,0.24313300423778195,ridge_challenger,EXPERIMENT_ONLY
2025-06-26,22:00,17,15.726436488004468,1.2735635119955315,ridge_challenger,EXPERIMENT_ONLY
2025-06-27,22:00,17,16.403658034015024,0.5963419659849762,ridge_challenger,EXPERIMENT_ONLY
2025-06-28,22:00,13,16.677205453401818,3.677205453401818,ridge_challenger,EXPERIMENT_ONLY
2025-06-29,22:00,13,13.903972377266538,0.9039723772665376,ridge_challenger,EXPERIMENT_ONLY
2025-06-30,22:00,16,14.201088616909253,1.798911383090747,ridge_challenger,EXPERIMENT_ONLY
2025-07-01,22:00,12,14.061373092778467,2.0613730927784673,ridge_challenger,EXPERIMENT_ONLY
2025-07-02,22:00,13,13.620820189545956,0.620820189545956,ridge_challenger,EXPERIMENT_ONLY
2025-07-03,22:00,12,14.04482128279433,2.044821282794331,ridge_challenger,EXPERIMENT_ONLY
2025-07-04,22:00,13,13.795013810380114,0.7950138103801141,ridge_challenger,EXPERIMENT_ONLY
2025-07-05,22:00,12,13.243022442086824,1.2430224420868239,ridge_challenger,EXPERIMENT_ONLY
2025-07-06,22:00,10,12.35033641572895,2.3503364157289504,ridge_challenger,EXPERIMENT_ONLY
2025-07-07,22:00,10,10.73374685024661,0.7337468502466091,ridge_challenger,EXPERIMENT_ONLY
2025-07-08,22:00,13,11.46984541543888,1.5301545845611209,ridge_challenger,EXPERIMENT_ONLY
2025-07-09,22:00,12,12.633972672732732,0.6339726727327317,ridge_challenger,EXPERIMENT_ONLY
2025-07-10,22:00,16,14.176649679277876,1.823350320722124,ridge_challenger,EXPERIMENT_ONLY
2025-07-11,22:00,16,15.664279055904922,0.3357209440950779,ridge_challenger,EXPERIMENT_ONLY
2025-07-12,22:00,15,15.590990674105962,0.5909906741059618,ridge_challenger,EXPERIMENT_ONLY
2025-07-13,22:00,15,14.548938949309337,0.4510610506906634,ridge_challenger,EXPERIMENT_ONLY
2025-07-14,22:00,14,14.854358983625078,0.8543589836250778,ridge_challenger,EXPERIMENT_ONLY
2025-07-15,22:00,15,15.593472182237544,0.5934721822375444,ridge_challenger,EXPERIMENT_ONLY
2025-07-16,22:00,14,13.167275490873543,0.8327245091264572,ridge_challenger,EXPERIMENT_ONLY
2025-07-17,22:00,13,15.158653517511699,2.1586535175116985,ridge_challenger,EXPERIMENT_ONLY
2025-07-18,22:00,12,13.260647149336748,1.260647149336748,ridge_challenger,EXPERIMENT_ONLY
2025-07-19,22:00,13,13.322804864316776,0.322804864316776,ridge_challenger,EXPERIMENT_ONLY
2025-07-20,22:00,12,12.492691964571357,0.4926919645713568,ridge_challenger,EXPERIMENT_ONLY
2025-07-21,22:00,12,11.544540793700003,0.4554592062999969,ridge_challenger,EXPERIMENT_ONLY
2025-07-22,22:00,12,12.243171513463928,0.24317151346392762,ridge_challenger,EXPERIMENT_ONLY
2025-07-23,22:00,12,13.397450611964368,1.3974506119643682,ridge_challenger,EXPERIMENT_ONLY
2025-07-24,22:00,14,12.07507515500175,1.92492484499825,ridge_challenger,EXPERIMENT_ONLY
2025-07-25,22:00,14,14.082718332406996,0.082718332406996,ridge_challenger,EXPERIMENT_ONLY
2025-07-26,22:00,15,13.516583279416773,1.483416720583227,ridge_challenger,EXPERIMENT_ONLY
2025-07-27,22:00,15,14.86441843462568,0.13558156537431998,ridge_challenger,EXPERIMENT_ONLY
2025-07-28,22:00,14,15.922636450007845,1.922636450007845,ridge_challenger,EXPERIMENT_ONLY
2025-07-29,22:00,16,15.292950530702713,0.7070494692972868,ridge_challenger,EXPERIMENT_ONLY
2025-07-30,22:00,15,14.888843583077488,0.11115641692251188,ridge_challenger,EXPERIMENT_ONLY
2025-07-31,22:00,12,13.682780787134327,1.6827807871343268,ridge_challenger,EXPERIMENT_ONLY
2025-08-01,22:00,11,12.99409826773254,1.9940982677325394,ridge_challenger,EXPERIMENT_ONLY
2025-08-02,22:00,14,12.69772087982611,1.3022791201738908,ridge_challenger,EXPERIMENT_ONLY
2025-08-03,22:00,11,12.776998076335204,1.7769980763352038,ridge_challenger,EXPERIMENT_ONLY
2025-08-04,22:00,11,13.184289275028279,2.184289275028279,ridge_challenger,EXPERIMENT_ONLY
2025-08-05,22:00,15,12.41628470002251,2.5837152999774897,ridge_challenger,EXPERIMENT_ONLY
2025-08-06,22:00,13,13.188770852102236,0.18877085210223576,ridge_challenger,EXPERIMENT_ONLY
2025-08-07,22:00,15,14.300110523740113,0.6998894762598873,ridge_challenger,EXPERIMENT_ONLY
2025-08-08,22:00,14,13.922595906732338,0.07740409326766162,ridge_challenger,EXPERIMENT_ONLY
2025-08-09,22:00,9,11.83658592180473,2.83658592180473,ridge_challenger,EXPERIMENT_ONLY
2025-08-10,22:00,9,10.114725108018673,1.114725108018673,ridge_challenger,EXPERIMENT_ONLY
2025-08-11,22:00,10,10.147712519062129,0.14771251906212868,ridge_challenger,EXPERIMENT_ONLY
2025-08-12,22:00,11,10.887940529844824,0.11205947015517559,ridge_challenger,EXPERIMENT_ONLY
2025-08-13,22:00,11,12.188441093332404,1.188441093332404,ridge_challenger,EXPERIMENT_ONLY
2025-08-14,22:00,12,13.134130135517534,1.134130135517534,ridge_challenger,EXPERIMENT_ONLY
2025-08-15,22:00,15,13.142774624278562,1.8572253757214376,ridge_challenger,EXPERIMENT_ONLY
2025-08-16,22:00,13,15.072730861534954,2.0727308615349536,ridge_challenger,EXPERIMENT_ONLY
2025-08-17,22:00,14,14.172750743637417,0.17275074363741716,ridge_challenger,EXPERIMENT_ONLY
2025-08-18,22:00,14,16.110438288507016,2.110438288507016,ridge_challenger,EXPERIMENT_ONLY
2025-08-19,22:00,12,12.360233550078123,0.36023355007812263,ridge_challenger,EXPERIMENT_ONLY
2025-08-20,22:00,11,12.15455615548238,1.1545561554823802,ridge_challenger,EXPERIMENT_ONLY
2025-08-21,22:00,11,10.74234679690833,0.25765320309166917,ridge_challenger,EXPERIMENT_ONLY
2025-08-22,22:00,12,12.021015325521422,0.0210153255214216,ridge_challenger,EXPERIMENT_ONLY
2025-08-23,22:00,12,12.42298787216656,0.4229878721665603,ridge_challenger,EXPERIMENT_ONLY
2025-08-24,22:00,15,12.408101960519518,2.5918980394804816,ridge_challenger,EXPERIMENT_ONLY
2025-08-25,22:00,13,14.208766943055211,1.2087669430552115,ridge_challenger,EXPERIMENT_ONLY
2025-08-26,22:00,14,14.189524366196647,0.1895243661966468,ridge_challenger,EXPERIMENT_ONLY
2025-08-27,22:00,16,15.43798960904635,0.5620103909536507,ridge_challenger,EXPERIMENT_ONLY
2025-08-28,22:00,15,14.943954310188586,0.056045689811414334,ridge_challenger,EXPERIMENT_ONLY
2025-08-29,22:00,16,16.14899321854119,0.14899321854118952,ridge_challenger,EXPERIMENT_ONLY
2025-08-30,22:00,16,16.132160044457514,0.13216004445751395,ridge_challenger,EXPERIMENT_ONLY
2025-08-31,22:00,14,13.586590272094291,0.41340972790570873,ridge_challenger,EXPERIMENT_ONLY
2025-09-01,22:00,16,15.211450179018833,0.7885498209811672,ridge_challenger,EXPERIMENT_ONLY
2025-09-02,22:00,16,16.743437098155493,0.7434370981554927,ridge_challenger,EXPERIMENT_ONLY
2025-09-03,22:00,14,13.169382636622085,0.8306173633779146,ridge_challenger,EXPERIMENT_ONLY
2025-09-04,22:00,16,15.979016955717254,0.020983044282745666,ridge_challenger,EXPERIMENT_ONLY
2025-09-05,22:00,16,17.2049865279598,1.2049865279598002,ridge_challenger,EXPERIMENT_ONLY
2025-09-06,22:00,13,16.00638284633064,3.0063828463306415,ridge_challenger,EXPERIMENT_ONLY
2025-09-07,22:00,14,13.553196357475153,0.4468036425248467,ridge_challenger,EXPERIMENT_ONLY
2025-09-08,22:00,13,12.80158568693295,0.19841431306704926,ridge_challenger,EXPERIMENT_ONLY
2025-09-09,22:00,14,14.581826886029548,0.5818268860295479,ridge_challenger,EXPERIMENT_ONLY
2025-09-10,22:00,16,14.6428520886484,1.3571479113515998,ridge_challenger,EXPERIMENT_ONLY
2025-09-11,22:00,14,15.859586210453987,1.8595862104539869,ridge_challenger,EXPERIMENT_ONLY
2025-09-12,22:00,13,13.877790010734726,0.8777900107347261,ridge_challenger,EXPERIMENT_ONLY
2025-09-13,22:00,17,13.967971749609973,3.0320282503900273,ridge_challenger,EXPERIMENT_ONLY
2025-09-14,22:00,13,15.247417480126742,2.2474174801267424,ridge_challenger,EXPERIMENT_ONLY
2025-09-15,22:00,17,14.069228157684943,2.930771842315057,ridge_challenger,EXPERIMENT_ONLY
2025-09-16,22:00,20,19.16276721167275,0.837232788327249,ridge_challenger,EXPERIMENT_ONLY
2025-09-17,22:00,16,18.664133944751896,2.664133944751896,ridge_challenger,EXPERIMENT_ONLY
2025-09-18,22:00,17,17.12183667860315,0.12183667860314884,ridge_challenger,EXPERIMENT_ONLY
2025-09-19,22:00,11,12.772692171660886,1.7726921716608857,ridge_challenger,EXPERIMENT_ONLY
2025-09-20,22:00,14,14.484826870138953,0.48482687013895287,ridge_challenger,EXPERIMENT_ONLY
2025-09-21,22:00,16,15.573478315406033,0.42652168459396655,ridge_challenger,EXPERIMENT_ONLY
2025-09-22,22:00,15,15.995970564042516,0.9959705640425156,ridge_challenger,EXPERIMENT_ONLY
2025-09-23,22:00,15,16.351875605871864,1.3518756058718644,ridge_challenger,EXPERIMENT_ONLY
2025-09-24,22:00,15,17.061701477997254,2.0617014779972536,ridge_challenger,EXPERIMENT_ONLY
2025-09-25,22:00,16,16.32687605121479,0.32687605121478924,ridge_challenger,EXPERIMENT_ONLY
2025-09-26,22:00,15,14.635462566609238,0.36453743339076183,ridge_challenger,EXPERIMENT_ONLY
2025-09-27,22:00,16,15.257244629681683,0.7427553703183172,ridge_challenger,EXPERIMENT_ONLY
2025-09-28,22:00,18,17.766942696526748,0.23305730347325238,ridge_challenger,EXPERIMENT_ONLY
2025-09-29,22:00,19,18.197788048011997,0.8022119519880029,ridge_challenger,EXPERIMENT_ONLY
2025-09-30,22:00,15,16.752331324431672,1.7523313244316725,ridge_challenger,EXPERIMENT_ONLY
2025-10-01,22:00,15,15.421444651072571,0.4214446510725711,ridge_challenger,EXPERIMENT_ONLY
2025-10-02,22:00,13,14.2802414020894,1.2802414020894002,ridge_challenger,EXPERIMENT_ONLY
2025-10-03,22:00,14,13.835384494289407,0.1646155057105929,ridge_challenger,EXPERIMENT_ONLY
2025-10-04,22:00,17,16.327633360907452,0.672366639092548,ridge_challenger,EXPERIMENT_ONLY
2025-10-05,22:00,14,15.134552317195126,1.1345523171951264,ridge_challenger,EXPERIMENT_ONLY
2025-10-06,22:00,15,13.547248326408713,1.4527516735912869,ridge_challenger,EXPERIMENT_ONLY
2025-10-07,22:00,16,15.883060393245342,0.11693960675465753,ridge_challenger,EXPERIMENT_ONLY
2025-10-08,22:00,17,16.218847886541074,0.7811521134589263,ridge_challenger,EXPERIMENT_ONLY
2025-10-09,22:00,17,17.54689857992395,0.5468985799239512,ridge_challenger,EXPERIMENT_ONLY
2025-10-10,22:00,18,18.15224449103467,0.15224449103466853,ridge_challenger,EXPERIMENT_ONLY
2025-10-11,22:00,17,18.48789784506441,1.4878978450644098,ridge_challenger,EXPERIMENT_ONLY
2025-10-12,22:00,18,17.609146687394844,0.3908533126051559,ridge_challenger,EXPERIMENT_ONLY
2025-10-13,22:00,17,18.67554589444802,1.675545894448021,ridge_challenger,EXPERIMENT_ONLY
2025-10-14,22:00,16,12.843868733220795,3.156131266779205,ridge_challenger,EXPERIMENT_ONLY
2025-10-15,22:00,16,15.364398644407087,0.6356013555929128,ridge_challenger,EXPERIMENT_ONLY
2025-10-16,22:00,18,17.10336996265366,0.8966300373463412,ridge_challenger,EXPERIMENT_ONLY
2025-10-17,22:00,16,17.403475459053638,1.403475459053638,ridge_challenger,EXPERIMENT_ONLY
2025-10-18,22:00,16,17.15067125986816,1.1506712598681617,ridge_challenger,EXPERIMENT_ONLY
2025-10-19,22:00,18,17.759028993434885,0.24097100656511472,ridge_challenger,EXPERIMENT_ONLY
2025-10-20,22:00,17,17.074912356141777,0.07491235614177683,ridge_challenger,EXPERIMENT_ONLY
2025-10-21,22:00,18,18.643755893461293,0.643755893461293,ridge_challenger,EXPERIMENT_ONLY
2025-10-22,22:00,15,17.68619797124193,2.6861979712419313,ridge_challenger,EXPERIMENT_ONLY
2025-10-23,22:00,19,18.09417853977386,0.9058214602261394,ridge_challenger,EXPERIMENT_ONLY
2025-10-24,22:00,17,19.215871827893732,2.215871827893732,ridge_challenger,EXPERIMENT_ONLY
2025-10-25,22:00,17,17.47224571904211,0.4722457190421103,ridge_challenger,EXPERIMENT_ONLY
2025-10-26,22:00,17,16.39897581511544,0.6010241848845617,ridge_challenger,EXPERIMENT_ONLY
2025-10-27,22:00,17,17.40464108084241,0.4046410808424099,ridge_challenger,EXPERIMENT_ONLY
2025-10-28,22:00,16,15.374248283175884,0.6257517168241158,ridge_challenger,EXPERIMENT_ONLY
2025-10-29,22:00,15,15.121732786292114,0.12173278629211381,ridge_challenger,EXPERIMENT_ONLY
2025-10-30,22:00,17,16.738610906796357,0.26138909320364334,ridge_challenger,EXPERIMENT_ONLY
2025-10-31,22:00,19,18.11730163745504,0.8826983625449607,ridge_challenger,EXPERIMENT_ONLY
2025-11-01,22:00,17,17.888215848737847,0.8882158487378469,ridge_challenger,EXPERIMENT_ONLY
2025-11-02,22:00,16,17.581159819052857,1.581159819052857,ridge_challenger,EXPERIMENT_ONLY
2025-11-03,22:00,17,17.34551803681869,0.34551803681868876,ridge_challenger,EXPERIMENT_ONLY
2025-11-04,22:00,17,17.385726472841274,0.3857264728412737,ridge_challenger,EXPERIMENT_ONLY
2025-11-05,22:00,19,18.244037854260384,0.7559621457396162,ridge_challenger,EXPERIMENT_ONLY
2025-11-06,22:00,18,20.106108124647818,2.106108124647818,ridge_challenger,EXPERIMENT_ONLY
2025-11-07,22:00,19,16.632414908070253,2.3675850919297474,ridge_challenger,EXPERIMENT_ONLY
2025-11-08,22:00,19,19.51886504897546,0.51886504897546,ridge_challenger,EXPERIMENT_ONLY
2025-11-09,22:00,19,19.01881882411117,0.01881882411117175,ridge_challenger,EXPERIMENT_ONLY
2025-11-10,22:00,19,19.484079678782738,0.48407967878273794,ridge_challenger,EXPERIMENT_ONLY
2025-11-11,22:00,17,17.69255965402692,0.692559654026919,ridge_challenger,EXPERIMENT_ONLY
2025-11-12,22:00,19,16.566638774701808,2.433361225298192,ridge_challenger,EXPERIMENT_ONLY
2025-11-13,22:00,18,17.051895013801822,0.9481049861981781,ridge_challenger,EXPERIMENT_ONLY
2025-11-14,22:00,19,19.37334508399858,0.37334508399857924,ridge_challenger,EXPERIMENT_ONLY
2025-11-15,22:00,19,16.439852001872254,2.5601479981277464,ridge_challenger,EXPERIMENT_ONLY
2025-11-16,22:00,19,19.709410533378904,0.7094105333789038,ridge_challenger,EXPERIMENT_ONLY
2025-11-17,22:00,21,19.669383510625075,1.3306164893749255,ridge_challenger,EXPERIMENT_ONLY
2025-11-18,22:00,23,20.91616461197423,2.0838353880257685,ridge_challenger,EXPERIMENT_ONLY
2025-11-19,22:00,22,22.292583556017746,0.2925835560177461,ridge_challenger,EXPERIMENT_ONLY
2025-11-20,22:00,20,21.993123794995938,1.9931237949959382,ridge_challenger,EXPERIMENT_ONLY
2025-11-21,22:00,20,20.26416652371716,0.26416652371716154,ridge_challenger,EXPERIMENT_ONLY
2025-11-22,22:00,17,17.865102371255006,0.8651023712550057,ridge_challenger,EXPERIMENT_ONLY
2025-11-23,22:00,20,19.202878858648532,0.797121141351468,ridge_challenger,EXPERIMENT_ONLY
2025-11-24,22:00,18,15.479046558867303,2.520953441132697,ridge_challenger,EXPERIMENT_ONLY
2025-11-25,22:00,22,19.899248000607553,2.100751999392447,ridge_challenger,EXPERIMENT_ONLY
2025-11-26,22:00,21,21.97494740459259,0.9749474045925908,ridge_challenger,EXPERIMENT_ONLY
2025-11-27,22:00,21,21.361726734555123,0.3617267345551234,ridge_challenger,EXPERIMENT_ONLY
2025-11-28,22:00,21,19.797120770648352,1.2028792293516481,ridge_challenger,EXPERIMENT_ONLY
2025-11-29,22:00,21,19.88434648396538,1.1156535160346195,ridge_challenger,EXPERIMENT_ONLY
2025-11-30,22:00,21,20.672547759732176,0.3274522402678244,ridge_challenger,EXPERIMENT_ONLY
2025-12-01,22:00,19,21.21493680326232,2.2149368032623187,ridge_challenger,EXPERIMENT_ONLY
2025-12-02,22:00,20,17.804373514948526,2.1956264850514735,ridge_challenger,EXPERIMENT_ONLY
2025-12-03,22:00,15,16.71741256250364,1.7174125625036396,ridge_challenger,EXPERIMENT_ONLY
2025-12-04,22:00,17,15.683321468626684,1.3166785313733165,ridge_challenger,EXPERIMENT_ONLY
2025-12-05,22:00,21,19.62616405152858,1.3738359484714202,ridge_challenger,EXPERIMENT_ONLY
2025-12-06,22:00,22,21.450234992782022,0.549765007217978,ridge_challenger,EXPERIMENT_ONLY
2025-12-07,22:00,21,21.0852176784279,0.08521767842789885,ridge_challenger,EXPERIMENT_ONLY
2025-12-08,22:00,22,20.631322197862048,1.3686778021379524,ridge_challenger,EXPERIMENT_ONLY
2025-12-09,22:00,23,23.65022777188564,0.6502277718856391,ridge_challenger,EXPERIMENT_ONLY
2025-12-10,22:00,23,23.3406556429982,0.3406556429982004,ridge_challenger,EXPERIMENT_ONLY
2025-12-11,22:00,19,20.19135166845244,1.191351668452441,ridge_challenger,EXPERIMENT_ONLY
2025-12-12,22:00,18,17.85856359112815,0.14143640887185072,ridge_challenger,EXPERIMENT_ONLY
2025-12-13,22:00,18,19.491798391136033,1.491798391136033,ridge_challenger,EXPERIMENT_ONLY
2025-12-14,22:00,23,21.274318640280843,1.7256813597191574,ridge_challenger,EXPERIMENT_ONLY
2025-12-15,22:00,21,21.954483604362537,0.9544836043625367,ridge_challenger,EXPERIMENT_ONLY
2025-12-16,22:00,20,19.643799311815314,0.35620068818468553,ridge_challenger,EXPERIMENT_ONLY
2025-12-17,22:00,16,16.48098719960119,0.4809871996011914,ridge_challenger,EXPERIMENT_ONLY
2025-12-18,22:00,19,17.54324495921435,1.4567550407856515,ridge_challenger,EXPERIMENT_ONLY
2025-12-19,22:00,20,20.022561418112417,0.022561418112417186,ridge_challenger,EXPERIMENT_ONLY
2025-12-20,22:00,19,16.83594129653132,2.1640587034686796,ridge_challenger,EXPERIMENT_ONLY
2025-12-21,22:00,16,17.511052820290438,1.5110528202904376,ridge_challenger,EXPERIMENT_ONLY
2025-12-22,22:00,20,18.996269975933416,1.0037300240665843,ridge_challenger,EXPERIMENT_ONLY
2025-12-23,22:00,23,20.523464538277185,2.476535461722815,ridge_challenger,EXPERIMENT_ONLY
2025-12-24,22:00,22,22.44282657797038,0.4428265779703793,ridge_challenger,EXPERIMENT_ONLY
2025-12-25,22:00,20,21.358976629145346,1.3589766291453458,ridge_challenger,EXPERIMENT_ONLY
2025-12-26,22:00,19,19.042593903456158,0.04259390345615799,ridge_challenger,EXPERIMENT_ONLY
2025-12-27,22:00,20,19.5814538960705,0.41854610392950065,ridge_challenger,EXPERIMENT_ONLY
2025-12-28,22:00,19,20.129989021273236,1.1299890212732357,ridge_challenger,EXPERIMENT_ONLY
2025-12-29,22:00,19,20.400708229895603,1.4007082298956028,ridge_challenger,EXPERIMENT_ONLY
2025-12-30,22:00,17,16.785123024418965,0.2148769755810349,ridge_challenger,EXPERIMENT_ONLY
2025-12-31,22:00,16,16.304660235298552,0.30466023529855235,ridge_challenger,EXPERIMENT_ONLY
2026-01-01,22:00,20,17.901773153518928,2.0982268464810723,ridge_challenger,EXPERIMENT_ONLY
2026-01-02,22:00,22,20.9820670136744,1.0179329863256008,ridge_challenger,EXPERIMENT_ONLY
2026-01-03,22:00,17,20.04803473265088,3.04803473265088,ridge_challenger,EXPERIMENT_ONLY
2026-01-04,22:00,18,17.95233454911358,0.04766545088642005,ridge_challenger,EXPERIMENT_ONLY
2026-01-05,22:00,23,20.45056158696534,2.549438413034661,ridge_challenger,EXPERIMENT_ONLY
2026-01-06,22:00,21,22.598751906656837,1.5987519066568368,ridge_challenger,EXPERIMENT_ONLY
2026-01-07,22:00,23,21.946996850981737,1.053003149018263,ridge_challenger,EXPERIMENT_ONLY
2026-01-08,22:00,25,23.586230650335757,1.4137693496642427,ridge_challenger,EXPERIMENT_ONLY
2026-01-09,22:00,25,25.0645487238865,0.06454872388649946,ridge_challenger,EXPERIMENT_ONLY
2026-01-10,22:00,22,22.5703009654345,0.5703009654345017,ridge_challenger,EXPERIMENT_ONLY
2026-01-11,22:00,22,22.436747546999815,0.4367475469998148,ridge_challenger,EXPERIMENT_ONLY
2026-01-12,22:00,20,19.299823929438986,0.7001760705610138,ridge_challenger,EXPERIMENT_ONLY
2026-01-13,22:00,22,20.911396952545637,1.088603047454363,ridge_challenger,EXPERIMENT_ONLY
2026-01-14,22:00,18,20.198735849465873,2.198735849465873,ridge_challenger,EXPERIMENT_ONLY
2026-01-15,22:00,19,18.606521225022178,0.39347877497782235,ridge_challenger,EXPERIMENT_ONLY
2026-01-16,22:00,16,17.711183469943485,1.7111834699434851,ridge_challenger,EXPERIMENT_ONLY
2026-01-17,22:00,18,15.723099288060212,2.2769007119397884,ridge_challenger,EXPERIMENT_ONLY
2026-01-18,22:00,17,17.466596604482863,0.4665966044828629,ridge_challenger,EXPERIMENT_ONLY
2026-01-19,22:00,18,17.515878660685793,0.484121339314207,ridge_challenger,EXPERIMENT_ONLY
2026-01-20,22:00,17,18.547190351461307,1.5471903514613068,ridge_challenger,EXPERIMENT_ONLY
2026-01-21,22:00,21,17.840388769199354,3.159611230800646,ridge_challenger,EXPERIMENT_ONLY
2026-01-22,22:00,21,17.38008826055308,3.61991173944692,ridge_challenger,EXPERIMENT_ONLY
2026-01-23,22:00,22,22.184095170056185,0.18409517005618525,ridge_challenger,EXPERIMENT_ONLY
2026-01-24,22:00,17,17.275914956204744,0.27591495620474404,ridge_challenger,EXPERIMENT_ONLY
2026-01-25,22:00,21,17.920874571637874,3.0791254283621257,ridge_challenger,EXPERIMENT_ONLY
2026-01-26,22:00,22,20.542091682466356,1.4579083175336436,ridge_challenger,EXPERIMENT_ONLY
2026-01-27,22:00,17,17.996713136788248,0.996713136788248,ridge_challenger,EXPERIMENT_ONLY
2026-01-28,22:00,23,18.081101526940902,4.918898473059098,ridge_challenger,EXPERIMENT_ONLY
2026-01-29,22:00,22,21.99837460430889,0.0016253956911107537,ridge_challenger,EXPERIMENT_ONLY
2026-01-30,22:00,21,20.363532800764887,0.6364671992351134,ridge_challenger,EXPERIMENT_ONLY
2026-01-31,22:00,21,22.042956237659435,1.0429562376594355,ridge_challenger,EXPERIMENT_ONLY
2026-02-01,22:00,20,21.274265146706288,1.2742651467062878,ridge_challenger,EXPERIMENT_ONLY
2026-02-02,22:00,21,20.193275112570003,0.806724887429997,ridge_challenger,EXPERIMENT_ONLY
2026-02-03,22:00,18,17.498540635731338,0.501459364268662,ridge_challenger,EXPERIMENT_ONLY
2026-02-04,22:00,18,16.92697229497032,1.0730277050296806,ridge_challenger,EXPERIMENT_ONLY
2026-02-05,22:00,23,18.385036805850607,4.614963194149393,ridge_challenger,EXPERIMENT_ONLY
2026-02-06,22:00,22,21.997561128300013,0.002438871699986578,ridge_challenger,EXPERIMENT_ONLY
2026-02-07,22:00,23,22.438775577603998,0.5612244223960019,ridge_challenger,EXPERIMENT_ONLY
2026-02-08,22:00,19,22.604733142315727,3.6047331423157267,ridge_challenger,EXPERIMENT_ONLY
2026-02-09,22:00,19,19.99338636274276,0.9933863627427613,ridge_challenger,EXPERIMENT_ONLY
2026-02-10,22:00,22,21.07262618089089,0.9273738191091105,ridge_challenger,EXPERIMENT_ONLY
2026-02-11,22:00,22,22.328044600855975,0.328044600855975,ridge_challenger,EXPERIMENT_ONLY
2026-02-12,22:00,25,20.91008598789597,4.089914012104028,ridge_challenger,EXPERIMENT_ONLY
2026-02-13,22:00,24,23.858757511351634,0.1412424886483663,ridge_challenger,EXPERIMENT_ONLY
2026-02-14,22:00,20,20.45770493334527,0.4577049333452692,ridge_challenger,EXPERIMENT_ONLY
2026-02-15,22:00,16,18.356254150081547,2.356254150081547,ridge_challenger,EXPERIMENT_ONLY
2026-02-16,22:00,16,14.795640450597201,1.204359549402799,ridge_challenger,EXPERIMENT_ONLY
2026-02-17,22:00,21,17.735858704298657,3.264141295701343,ridge_challenger,EXPERIMENT_ONLY
2026-02-18,22:00,21,20.938336358262415,0.061663641737585095,ridge_challenger,EXPERIMENT_ONLY
2026-02-19,22:00,21,21.814881521502716,0.8148815215027163,ridge_challenger,EXPERIMENT_ONLY
2026-02-20,22:00,23,21.24332826585221,1.7566717341477904,ridge_challenger,EXPERIMENT_ONLY
2026-02-21,22:00,20,20.715134078566752,0.7151340785667522,ridge_challenger,EXPERIMENT_ONLY
2026-02-22,22:00,22,20.3335504483796,1.6664495516203992,ridge_challenger,EXPERIMENT_ONLY
2026-02-23,22:00,21,19.365783635658225,1.6342163643417749,ridge_challenger,EXPERIMENT_ONLY
2026-02-24,22:00,21,20.759319870449303,0.24068012955069662,ridge_challenger,EXPERIMENT_ONLY
2026-02-25,22:00,25,19.562849060097356,5.437150939902644,ridge_challenger,EXPERIMENT_ONLY
2026-02-26,22:00,20,23.432301497989688,3.4323014979896875,ridge_challenger,EXPERIMENT_ONLY
2026-02-27,22:00,16,16.103474394124852,0.10347439412485215,ridge_challenger,EXPERIMENT_ONLY
2026-02-28,22:00,18,16.776197347729646,1.2238026522703542,ridge_challenger,EXPERIMENT_ONLY
2026-03-01,22:00,20,18.864899981754878,1.1351000182451223,ridge_challenger,EXPERIMENT_ONLY
2026-03-02,22:00,12,13.904288690711468,1.9042886907114678,ridge_challenger,EXPERIMENT_ONLY
2026-03-03,22:00,14,10.273134624153212,3.7268653758467885,ridge_challenger,EXPERIMENT_ONLY
2026-03-04,22:00,17,15.945821961517915,1.0541780384820854,ridge_challenger,EXPERIMENT_ONLY
2026-03-05,22:00,20,17.301704506443485,2.6982954935565147,ridge_challenger,EXPERIMENT_ONLY
2026-03-06,22:00,21,20.19393520616718,0.8060647938328209,ridge_challenger,EXPERIMENT_ONLY
2026-03-07,22:00,21,21.335733859925,0.33573385992499993,ridge_challenger,EXPERIMENT_ONLY
2026-03-08,22:00,19,20.63882035549101,1.63882035549101,ridge_challenger,EXPERIMENT_ONLY
2026-03-09,22:00,18,17.545229128154464,0.4547708718455361,ridge_challenger,EXPERIMENT_ONLY
2026-03-10,22:00,16,17.902927465801636,1.9029274658016355,ridge_challenger,EXPERIMENT_ONLY
2026-03-11,22:00,18,14.850100530663571,3.149899469336429,ridge_challenger,EXPERIMENT_ONLY
2026-03-12,22:00,21,18.353419109383232,2.646580890616768,ridge_challenger,EXPERIMENT_ONLY
2026-03-13,22:00,23,20.149726445364696,2.8502735546353044,ridge_challenger,EXPERIMENT_ONLY
2026-03-14,22:00,17,18.98874796556301,1.988747965563011,ridge_challenger,EXPERIMENT_ONLY
2026-03-15,22:00,20,19.20093544879735,0.7990645512026511,ridge_challenger,EXPERIMENT_ONLY
2026-03-16,22:00,21,19.571318614608238,1.4286813853917621,ridge_challenger,EXPERIMENT_ONLY
2026-03-17,22:00,21,19.879932014636836,1.120067985363164,ridge_challenger,EXPERIMENT_ONLY
2026-03-18,22:00,21,20.82374062732724,0.17625937267276015,ridge_challenger,EXPERIMENT_ONLY
2026-03-19,22:00,18,18.900524595829378,0.9005245958293777,ridge_challenger,EXPERIMENT_ONLY
2026-03-20,22:00,17,17.837180615269688,0.8371806152696877,ridge_challenger,EXPERIMENT_ONLY
2026-03-21,22:00,17,17.59009576866178,0.5900957686617794,ridge_challenger,EXPERIMENT_ONLY
2026-03-22,22:00,20,17.097795525904424,2.9022044740955764,ridge_challenger,EXPERIMENT_ONLY
2026-03-23,22:00,19,19.424061832315267,0.4240618323152674,ridge_challenger,EXPERIMENT_ONLY
2026-03-24,22:00,21,20.34677095456054,0.6532290454394598,ridge_challenger,EXPERIMENT_ONLY
2026-03-25,22:00,18,20.97484596313168,2.9748459631316813,ridge_challenger,EXPERIMENT_ONLY
2026-03-26,22:00,19,18.124503725119546,0.8754962748804545,ridge_challenger,EXPERIMENT_ONLY
2026-03-27,22:00,23,19.59897499041637,3.4010250095836305,ridge_challenger,EXPERIMENT_ONLY
2026-03-28,22:00,22,22.552122718168565,0.5521227181685653,ridge_challenger,EXPERIMENT_ONLY
2026-03-29,22:00,19,22.3298772572358,3.3298772572358004,ridge_challenger,EXPERIMENT_ONLY
2026-03-30,22:00,20,20.02201609699328,0.022016096993279888,ridge_challenger,EXPERIMENT_ONLY
2026-03-31,22:00,18,19.840450851936883,1.8404508519368825,ridge_challenger,EXPERIMENT_ONLY
2026-04-01,22:00,17,17.510634009351826,0.5106340093518256,ridge_challenger,EXPERIMENT_ONLY
2026-04-02,22:00,20,16.400399406089555,3.599600593910445,ridge_challenger,EXPERIMENT_ONLY
2026-04-03,22:00,19,18.902960841831323,0.09703915816867692,ridge_challenger,EXPERIMENT_ONLY
2026-04-04,22:00,21,19.973367867664557,1.0266321323354433,ridge_challenger,EXPERIMENT_ONLY
2026-04-05,22:00,17,19.785879382079994,2.785879382079994,ridge_challenger,EXPERIMENT_ONLY
2026-04-06,22:00,22,18.25352751096875,3.7464724890312517,ridge_challenger,EXPERIMENT_ONLY
2026-04-07,22:00,20,21.48796780606523,1.4879678060652317,ridge_challenger,EXPERIMENT_ONLY
2026-04-08,22:00,20,19.43952996227165,0.5604700377283507,ridge_challenger,EXPERIMENT_ONLY
2026-04-09,22:00,21,20.96632494703304,0.033675052966959385,ridge_challenger,EXPERIMENT_ONLY
2026-04-10,22:00,17,20.723256938433806,3.7232569384338063,ridge_challenger,EXPERIMENT_ONLY
2026-04-11,22:00,20,18.893628155265414,1.1063718447345856,ridge_challenger,EXPERIMENT_ONLY
2026-04-12,22:00,20,19.297689107310624,0.7023108926893755,ridge_challenger,EXPERIMENT_ONLY
2026-04-13,22:00,19,20.233799051187233,1.2337990511872334,ridge_challenger,EXPERIMENT_ONLY
2026-04-14,22:00,19,19.708923058296882,0.7089230582968824,ridge_challenger,EXPERIMENT_ONLY
2026-04-15,22:00,18,18.70244450792742,0.7024445079274209,ridge_challenger,EXPERIMENT_ONLY
2026-04-16,22:00,18,17.792262639138908,0.20773736086109196,ridge_challenger,EXPERIMENT_ONLY
2026-04-17,22:00,18,18.291496914974033,0.29149691497403296,ridge_challenger,EXPERIMENT_ONLY
2026-04-18,22:00,18,18.31047671343396,0.3104767134339603,ridge_challenger,EXPERIMENT_ONLY
2026-04-19,22:00,16,18.773625303766284,2.773625303766284,ridge_challenger,EXPERIMENT_ONLY
2026-04-20,22:00,14,16.032599639433368,2.032599639433368,ridge_challenger,EXPERIMENT_ONLY
2026-04-21,22:00,12,13.055994951198791,1.055994951198791,ridge_challenger,EXPERIMENT_ONLY
2026-04-22,22:00,12,12.059815321087829,0.05981532108782872,ridge_challenger,EXPERIMENT_ONLY
2026-04-23,22:00,14,11.99370281096705,2.0062971890329493,ridge_challenger,EXPERIMENT_ONLY
2026-04-24,22:00,14,13.866699597611763,0.1333004023882367,ridge_challenger,EXPERIMENT_ONLY
2026-04-25,22:00,16,15.461024270296745,0.5389757297032549,ridge_challenger,EXPERIMENT_ONLY
2026-04-26,22:00,17,17.61400491871684,0.6140049187168408,ridge_challenger,EXPERIMENT_ONLY
2026-04-27,22:00,16,17.62660939265856,1.6266093926585583,ridge_challenger,EXPERIMENT_ONLY
2026-04-28,22:00,17,17.17523367483717,0.17523367483716967,ridge_challenger,EXPERIMENT_ONLY
2026-04-29,22:00,19,18.88628617999727,0.11371382000272945,ridge_challenger,EXPERIMENT_ONLY
2026-04-30,22:00,15,17.580842038360846,2.5808420383608457,ridge_challenger,EXPERIMENT_ONLY
2026-05-01,22:00,16,15.379745111101034,0.6202548888989661,ridge_challenger,EXPERIMENT_ONLY
2026-05-02,22:00,16,16.1781617971481,0.17816179714809977,ridge_challenger,EXPERIMENT_ONLY
2026-05-03,22:00,16,16.96554876009433,0.9655487600943289,ridge_challenger,EXPERIMENT_ONLY
2026-05-04,22:00,16,16.852745047227497,0.8527450472274971,ridge_challenger,EXPERIMENT_ONLY
2026-05-05,22:00,16,17.011648597499494,1.0116485974994944,ridge_challenger,EXPERIMENT_ONLY
2026-05-06,22:00,17,18.005165079870537,1.0051650798705367,ridge_challenger,EXPERIMENT_ONLY
2026-05-07,22:00,19,19.407838401083325,0.4078384010833247,ridge_challenger,EXPERIMENT_ONLY
2026-05-08,22:00,19,19.5485913894594,0.5485913894593999,ridge_challenger,EXPERIMENT_ONLY
2026-05-09,22:00,17,18.9697995625348,1.9697995625347993,ridge_challenger,EXPERIMENT_ONLY
2026-05-10,22:00,19,18.894099839349245,0.10590016065075503,ridge_challenger,EXPERIMENT_ONLY
2026-05-11,22:00,12,13.894140341524396,1.8941403415243965,ridge_challenger,EXPERIMENT_ONLY
2026-05-12,22:00,16,13.472721994928316,2.5272780050716843,ridge_challenger,EXPERIMENT_ONLY
2026-05-13,22:00,14,15.531928165315264,1.5319281653152643,ridge_challenger,EXPERIMENT_ONLY
2026-05-14,22:00,15,14.792912487391842,0.20708751260815816,ridge_challenger,EXPERIMENT_ONLY
2026-05-15,22:00,13,15.1316297714801,2.1316297714800996,ridge_challenger,EXPERIMENT_ONLY
2026-05-16,22:00,13,14.437757884435797,1.437757884435797,ridge_challenger,EXPERIMENT_ONLY
2026-05-17,22:00,14,14.515539684011461,0.5155396840114612,ridge_challenger,EXPERIMENT_ONLY
2026-05-18,22:00,13,13.57557349410749,0.5755734941074895,ridge_challenger,EXPERIMENT_ONLY
2026-05-19,22:00,16,12.817092927822133,3.1829070721778674,ridge_challenger,EXPERIMENT_ONLY
2026-05-20,22:00,15,16.230164980474406,1.230164980474406,ridge_challenger,EXPERIMENT_ONLY
2026-05-21,22:00,17,17.499457934910595,0.49945793491059476,ridge_challenger,EXPERIMENT_ONLY
2026-05-22,22:00,16,14.025117201364809,1.974882798635191,ridge_challenger,EXPERIMENT_ONLY
2026-05-23,22:00,15,15.483338031780136,0.4833380317801357,ridge_challenger,EXPERIMENT_ONLY
2026-05-24,22:00,15,16.561223728458558,1.5612237284585575,ridge_challenger,EXPERIMENT_ONLY
2026-05-25,22:00,15,15.313611634672613,0.313611634672613,ridge_challenger,EXPERIMENT_ONLY
2026-05-26,22:00,16,16.398408896932956,0.3984088969329562,ridge_challenger,EXPERIMENT_ONLY
2026-05-27,22:00,15,14.388559153576049,0.6114408464239514,ridge_challenger,EXPERIMENT_ONLY
2026-05-28,22:00,17,15.584700537802377,1.4152994621976234,ridge_challenger,EXPERIMENT_ONLY
2026-05-29,22:00,15,16.429698035576465,1.4296980355764646,ridge_challenger,EXPERIMENT_ONLY
2026-05-30,22:00,16,15.120651419023275,0.8793485809767247,ridge_challenger,EXPERIMENT_ONLY
2026-05-31,22:00,18,17.589011551609275,0.4109884483907251,ridge_challenger,EXPERIMENT_ONLY
2026-06-01,22:00,20,19.42831751944737,0.5716824805526315,ridge_challenger,EXPERIMENT_ONLY
2026-06-02,22:00,20,20.76249435482053,0.7624943548205287,ridge_challenger,EXPERIMENT_ONLY
2026-06-03,22:00,15,17.45802229132104,2.45802229132104,ridge_challenger,EXPERIMENT_ONLY
2025-01-01,23:00,15,15.333155083490215,0.3331550834902153,ridge_challenger,EXPERIMENT_ONLY
2025-01-02,23:00,19,15.547817828277363,3.4521821717226366,ridge_challenger,EXPERIMENT_ONLY
2025-01-03,23:00,21,18.81057358335501,2.1894264166449915,ridge_challenger,EXPERIMENT_ONLY
2025-01-04,23:00,17,17.098492967928568,0.09849296792856777,ridge_challenger,EXPERIMENT_ONLY
2025-01-05,23:00,14,16.51300659760224,2.5130065976022387,ridge_challenger,EXPERIMENT_ONLY
2025-01-06,23:00,15,14.545684591976228,0.45431540802377235,ridge_challenger,EXPERIMENT_ONLY
2025-01-07,23:00,21,15.526225767658165,5.473774232341835,ridge_challenger,EXPERIMENT_ONLY
2025-01-08,23:00,17,16.431339335937807,0.5686606640621932,ridge_challenger,EXPERIMENT_ONLY
2025-01-09,23:00,18,17.687294989138273,0.31270501086172686,ridge_challenger,EXPERIMENT_ONLY
2025-01-10,23:00,17,17.970505393981774,0.9705053939817745,ridge_challenger,EXPERIMENT_ONLY
2025-01-11,23:00,18,16.785173706402674,1.2148262935973264,ridge_challenger,EXPERIMENT_ONLY
2025-01-12,23:00,16,16.187448725284288,0.18744872528428758,ridge_challenger,EXPERIMENT_ONLY
2025-01-13,23:00,17,16.614152777806606,0.3858472221933944,ridge_challenger,EXPERIMENT_ONLY
2025-01-14,23:00,17,16.99899501098231,0.0010049890176908605,ridge_challenger,EXPERIMENT_ONLY
2025-01-15,23:00,17,15.618786574410386,1.381213425589614,ridge_challenger,EXPERIMENT_ONLY
2025-01-16,23:00,17,17.545939168806402,0.5459391688064024,ridge_challenger,EXPERIMENT_ONLY
2025-01-17,23:00,20,19.660328558637275,0.3396714413627251,ridge_challenger,EXPERIMENT_ONLY
2025-01-18,23:00,19,19.30691817304017,0.3069181730401702,ridge_challenger,EXPERIMENT_ONLY
2025-01-19,23:00,19,17.864158158932185,1.1358418410678155,ridge_challenger,EXPERIMENT_ONLY
2025-01-20,23:00,18,17.551885116633827,0.44811488336617344,ridge_challenger,EXPERIMENT_ONLY
2025-01-21,23:00,21,19.867610252960443,1.1323897470395572,ridge_challenger,EXPERIMENT_ONLY
2025-01-22,23:00,23,19.056444204555017,3.9435557954449827,ridge_challenger,EXPERIMENT_ONLY
2025-01-23,23:00,24,22.841072122592635,1.1589278774073648,ridge_challenger,EXPERIMENT_ONLY
2025-01-24,23:00,19,20.546825423826935,1.5468254238269346,ridge_challenger,EXPERIMENT_ONLY
2025-01-25,23:00,26,20.78411333345093,5.215886666549071,ridge_challenger,EXPERIMENT_ONLY
2025-01-26,23:00,25,22.217252152670213,2.7827478473297873,ridge_challenger,EXPERIMENT_ONLY
2025-01-27,23:00,17,18.59928107019858,1.599281070198579,ridge_challenger,EXPERIMENT_ONLY
2025-01-28,23:00,21,17.260251549498356,3.7397484505016436,ridge_challenger,EXPERIMENT_ONLY
2025-01-29,23:00,20,20.413054134952066,0.4130541349520662,ridge_challenger,EXPERIMENT_ONLY
2025-01-30,23:00,19,18.352263306498493,0.647736693501507,ridge_challenger,EXPERIMENT_ONLY
2025-01-31,23:00,22,20.8825380036074,1.1174619963925991,ridge_challenger,EXPERIMENT_ONLY
2025-02-01,23:00,22,22.64260555874085,0.6426055587408506,ridge_challenger,EXPERIMENT_ONLY
2025-02-02,23:00,19,19.0362339511558,0.036233951155800526,ridge_challenger,EXPERIMENT_ONLY
2025-02-03,23:00,23,20.770794947162123,2.2292050528378766,ridge_challenger,EXPERIMENT_ONLY
2025-02-04,23:00,20,21.39585759796145,1.3958575979614487,ridge_challenger,EXPERIMENT_ONLY
2025-02-05,23:00,19,19.14257528936171,0.1425752893617087,ridge_challenger,EXPERIMENT_ONLY
2025-02-06,23:00,21,20.599643796523722,0.400356203476278,ridge_challenger,EXPERIMENT_ONLY
2025-02-07,23:00,19,20.070332307205785,1.0703323072057849,ridge_challenger,EXPERIMENT_ONLY
2025-02-08,23:00,25,21.227072171075523,3.7729278289244768,ridge_challenger,EXPERIMENT_ONLY
2025-02-09,23:00,24,23.891907748373107,0.10809225162689273,ridge_challenger,EXPERIMENT_ONLY
2025-02-10,23:00,19,21.333752507365986,2.333752507365986,ridge_challenger,EXPERIMENT_ONLY
2025-02-11,23:00,19,18.640266334620797,0.3597336653792027,ridge_challenger,EXPERIMENT_ONLY
2025-02-12,23:00,20,19.406595338560816,0.5934046614391839,ridge_challenger,EXPERIMENT_ONLY
2025-02-13,23:00,20,19.63087630755137,0.3691236924486283,ridge_challenger,EXPERIMENT_ONLY
2025-02-14,23:00,22,21.077720978536796,0.9222790214632042,ridge_challenger,EXPERIMENT_ONLY
2025-02-15,23:00,25,22.760502931131363,2.239497068868637,ridge_challenger,EXPERIMENT_ONLY
2025-02-16,23:00,24,23.190244526135146,0.809755473864854,ridge_challenger,EXPERIMENT_ONLY
2025-02-17,23:00,24,23.446968893484534,0.5530311065154656,ridge_challenger,EXPERIMENT_ONLY
2025-02-18,23:00,23,21.15994138993214,1.8400586100678602,ridge_challenger,EXPERIMENT_ONLY
2025-02-19,23:00,23,21.76627358404745,1.2337264159525496,ridge_challenger,EXPERIMENT_ONLY
2025-02-20,23:00,24,23.70783131979538,0.2921686802046217,ridge_challenger,EXPERIMENT_ONLY
2025-02-21,23:00,22,23.208171420869537,1.2081714208695367,ridge_challenger,EXPERIMENT_ONLY
2025-02-22,23:00,24,20.330760411239325,3.669239588760675,ridge_challenger,EXPERIMENT_ONLY
2025-02-23,23:00,21,22.315006816280768,1.3150068162807678,ridge_challenger,EXPERIMENT_ONLY
2025-02-24,23:00,23,20.49176193297687,2.508238067023129,ridge_challenger,EXPERIMENT_ONLY
2025-02-25,23:00,23,23.05048969794161,0.050489697941610956,ridge_challenger,EXPERIMENT_ONLY
2025-02-26,23:00,19,21.93772159561567,2.9377215956156704,ridge_challenger,EXPERIMENT_ONLY
2025-02-27,23:00,21,20.037856973739483,0.9621430262605166,ridge_challenger,EXPERIMENT_ONLY
2025-02-28,23:00,21,21.359298411373214,0.3592984113732136,ridge_challenger,EXPERIMENT_ONLY
2025-03-01,23:00,24,21.650649154968594,2.349350845031406,ridge_challenger,EXPERIMENT_ONLY
2025-03-02,23:00,26,23.149182224002438,2.8508177759975624,ridge_challenger,EXPERIMENT_ONLY
2025-03-03,23:00,25,24.6973594008461,0.30264059915390007,ridge_challenger,EXPERIMENT_ONLY
2025-03-04,23:00,21,20.863321148448424,0.13667885155157578,ridge_challenger,EXPERIMENT_ONLY
2025-03-05,23:00,16,16.72731028151531,0.7273102815153116,ridge_challenger,EXPERIMENT_ONLY
2025-03-06,23:00,17,15.937932925063034,1.0620670749369658,ridge_challenger,EXPERIMENT_ONLY
2025-03-07,23:00,20,16.47166130572343,3.52833869427657,ridge_challenger,EXPERIMENT_ONLY
2025-03-08,23:00,17,18.957422000040143,1.9574220000401432,ridge_challenger,EXPERIMENT_ONLY
2025-03-09,23:00,19,18.2197193040209,0.7802806959791013,ridge_challenger,EXPERIMENT_ONLY
2025-03-10,23:00,22,17.005234481075263,4.994765518924737,ridge_challenger,EXPERIMENT_ONLY
2025-03-11,23:00,22,21.02014978613581,0.9798502138641894,ridge_challenger,EXPERIMENT_ONLY
2025-03-12,23:00,18,18.40236396051553,0.4023639605155296,ridge_challenger,EXPERIMENT_ONLY
2025-03-13,23:00,17,15.478106593092065,1.5218934069079353,ridge_challenger,EXPERIMENT_ONLY
2025-03-14,23:00,21,18.223439615528104,2.776560384471896,ridge_challenger,EXPERIMENT_ONLY
2025-03-15,23:00,22,21.650318487319602,0.34968151268039804,ridge_challenger,EXPERIMENT_ONLY
2025-03-16,23:00,23,22.324555814382716,0.6754441856172839,ridge_challenger,EXPERIMENT_ONLY
2025-03-17,23:00,22,22.4589729953258,0.4589729953258015,ridge_challenger,EXPERIMENT_ONLY
2025-03-18,23:00,22,22.521473209945515,0.5214732099455155,ridge_challenger,EXPERIMENT_ONLY
2025-03-19,23:00,16,15.745271952678095,0.2547280473219047,ridge_challenger,EXPERIMENT_ONLY
2025-03-20,23:00,16,15.876633440435942,0.12336655956405806,ridge_challenger,EXPERIMENT_ONLY
2025-03-21,23:00,18,16.711939015966625,1.2880609840333754,ridge_challenger,EXPERIMENT_ONLY
2025-03-22,23:00,21,18.77082613456714,2.229173865432859,ridge_challenger,EXPERIMENT_ONLY
2025-03-23,23:00,22,21.231927380070257,0.7680726199297432,ridge_challenger,EXPERIMENT_ONLY
2025-03-24,23:00,19,18.552692022861613,0.44730797713838655,ridge_challenger,EXPERIMENT_ONLY
2025-03-25,23:00,20,20.409642950369317,0.4096429503693173,ridge_challenger,EXPERIMENT_ONLY
2025-03-26,23:00,18,19.381595071359907,1.3815950713599072,ridge_challenger,EXPERIMENT_ONLY
2025-03-27,23:00,22,19.777132451714397,2.2228675482856026,ridge_challenger,EXPERIMENT_ONLY
2025-03-28,23:00,18,18.180151742654825,0.18015174265482514,ridge_challenger,EXPERIMENT_ONLY
2025-03-29,23:00,19,18.863505760249108,0.13649423975089192,ridge_challenger,EXPERIMENT_ONLY
2025-03-30,23:00,21,19.698011978798334,1.301988021201666,ridge_challenger,EXPERIMENT_ONLY
2025-03-31,23:00,18,18.259092210710612,0.2590922107106124,ridge_challenger,EXPERIMENT_ONLY
2025-04-01,23:00,19,19.784655502555,0.784655502555001,ridge_challenger,EXPERIMENT_ONLY
2025-04-02,23:00,19,19.650459134697233,0.6504591346972326,ridge_challenger,EXPERIMENT_ONLY
2025-04-03,23:00,21,19.33809147459369,1.6619085254063108,ridge_challenger,EXPERIMENT_ONLY
2025-04-04,23:00,20,20.174917371230002,0.17491737123000206,ridge_challenger,EXPERIMENT_ONLY
2025-04-05,23:00,18,18.192199768639526,0.19219976863952581,ridge_challenger,EXPERIMENT_ONLY
2025-04-06,23:00,20,18.594682865367805,1.4053171346321953,ridge_challenger,EXPERIMENT_ONLY
2025-04-07,23:00,20,20.004315100914944,0.004315100914944026,ridge_challenger,EXPERIMENT_ONLY
2025-04-08,23:00,19,17.372593327118004,1.627406672881996,ridge_challenger,EXPERIMENT_ONLY
2025-04-09,23:00,17,16.27515135261373,0.7248486473862705,ridge_challenger,EXPERIMENT_ONLY
2025-04-10,23:00,20,18.557756568397448,1.4422434316025523,ridge_challenger,EXPERIMENT_ONLY
2025-04-11,23:00,19,20.48973261722133,1.4897326172213283,ridge_challenger,EXPERIMENT_ONLY
2025-04-12,23:00,20,20.05638664960955,0.05638664960954998,ridge_challenger,EXPERIMENT_ONLY
2025-04-13,23:00,18,18.382486432045155,0.3824864320451553,ridge_challenger,EXPERIMENT_ONLY
2025-04-14,23:00,20,19.723749409183483,0.2762505908165167,ridge_challenger,EXPERIMENT_ONLY
2025-04-15,23:00,16,18.222417596673065,2.222417596673065,ridge_challenger,EXPERIMENT_ONLY
2025-04-16,23:00,16,16.404194932913544,0.40419493291354414,ridge_challenger,EXPERIMENT_ONLY
2025-04-17,23:00,19,18.818199504436972,0.1818004955630279,ridge_challenger,EXPERIMENT_ONLY
2025-04-18,23:00,20,18.66270232151039,1.337297678489609,ridge_challenger,EXPERIMENT_ONLY
2025-04-19,23:00,25,20.93070540576878,4.06929459423122,ridge_challenger,EXPERIMENT_ONLY
2025-04-20,23:00,21,22.727358021971252,1.727358021971252,ridge_challenger,EXPERIMENT_ONLY
2025-04-21,23:00,18,18.225585083800173,0.22558508380017273,ridge_challenger,EXPERIMENT_ONLY
2025-04-22,23:00,16,17.937631749780387,1.9376317497803868,ridge_challenger,EXPERIMENT_ONLY
2025-04-23,23:00,15,13.255663850026156,1.7443361499738437,ridge_challenger,EXPERIMENT_ONLY
2025-04-24,23:00,15,15.581144539674545,0.5811445396745452,ridge_challenger,EXPERIMENT_ONLY
2025-04-25,23:00,18,15.905725442255749,2.094274557744251,ridge_challenger,EXPERIMENT_ONLY
2025-04-26,23:00,19,18.726943827179173,0.2730561728208265,ridge_challenger,EXPERIMENT_ONLY
2025-04-27,23:00,20,20.141478259243453,0.1414782592434527,ridge_challenger,EXPERIMENT_ONLY
2025-04-28,23:00,20,20.818139161344913,0.8181391613449129,ridge_challenger,EXPERIMENT_ONLY
2025-04-29,23:00,16,18.071679021118644,2.071679021118644,ridge_challenger,EXPERIMENT_ONLY
2025-04-30,23:00,16,15.93949009576173,0.06050990423826974,ridge_challenger,EXPERIMENT_ONLY
2025-05-01,23:00,14,15.223415980470028,1.223415980470028,ridge_challenger,EXPERIMENT_ONLY
2025-05-02,23:00,13,13.609099453693128,0.609099453693128,ridge_challenger,EXPERIMENT_ONLY
2025-05-03,23:00,14,12.990796288770774,1.009203711229226,ridge_challenger,EXPERIMENT_ONLY
2025-05-04,23:00,14,12.730751383243765,1.2692486167562347,ridge_challenger,EXPERIMENT_ONLY
2025-05-05,23:00,15,14.416151444671694,0.5838485553283057,ridge_challenger,EXPERIMENT_ONLY
2025-05-06,23:00,15,14.51040645933795,0.4895935406620495,ridge_challenger,EXPERIMENT_ONLY
2025-05-07,23:00,18,17.796881919345942,0.20311808065405756,ridge_challenger,EXPERIMENT_ONLY
2025-05-08,23:00,18,18.600426955149864,0.6004269551498638,ridge_challenger,EXPERIMENT_ONLY
2025-05-09,23:00,18,18.42994633859315,0.429946338593151,ridge_challenger,EXPERIMENT_ONLY
2025-05-10,23:00,16,14.430015346007822,1.5699846539921776,ridge_challenger,EXPERIMENT_ONLY
2025-05-11,23:00,15,17.775989570453717,2.775989570453717,ridge_challenger,EXPERIMENT_ONLY
2025-05-12,23:00,17,15.974060411845983,1.0259395881540172,ridge_challenger,EXPERIMENT_ONLY
2025-05-13,23:00,17,18.121955592616416,1.1219555926164162,ridge_challenger,EXPERIMENT_ONLY
2025-05-14,23:00,15,16.163286383663632,1.1632863836636318,ridge_challenger,EXPERIMENT_ONLY
2025-05-15,23:00,16,16.168184973973695,0.1681849739736947,ridge_challenger,EXPERIMENT_ONLY
2025-05-16,23:00,19,17.980434257986524,1.0195657420134765,ridge_challenger,EXPERIMENT_ONLY
2025-05-17,23:00,18,19.11777258777795,1.1177725877779494,ridge_challenger,EXPERIMENT_ONLY
2025-05-18,23:00,18,17.780101659774285,0.21989834022571486,ridge_challenger,EXPERIMENT_ONLY
2025-05-19,23:00,12,14.858165890107214,2.8581658901072142,ridge_challenger,EXPERIMENT_ONLY
2025-05-20,23:00,15,12.974506447584842,2.025493552415158,ridge_challenger,EXPERIMENT_ONLY
2025-05-21,23:00,15,15.154492922558383,0.15449292255838287,ridge_challenger,EXPERIMENT_ONLY
2025-05-22,23:00,16,15.414009010311098,0.5859909896889022,ridge_challenger,EXPERIMENT_ONLY
2025-05-23,23:00,15,15.345113253665742,0.3451132536657422,ridge_challenger,EXPERIMENT_ONLY
2025-05-24,23:00,16,15.02687130753755,0.9731286924624492,ridge_challenger,EXPERIMENT_ONLY
2025-05-25,23:00,17,15.940760637406264,1.0592393625937362,ridge_challenger,EXPERIMENT_ONLY
2025-05-26,23:00,17,16.65883734476844,0.3411626552315603,ridge_challenger,EXPERIMENT_ONLY
2025-05-27,23:00,17,16.45774584925939,0.5422541507406109,ridge_challenger,EXPERIMENT_ONLY
2025-05-28,23:00,17,18.48102931943553,1.4810293194355317,ridge_challenger,EXPERIMENT_ONLY
2025-05-29,23:00,16,16.526660676038947,0.5266606760389472,ridge_challenger,EXPERIMENT_ONLY
2025-05-30,23:00,18,16.772245882961013,1.2277541170389874,ridge_challenger,EXPERIMENT_ONLY
2025-05-31,23:00,18,17.769104510678257,0.23089548932174253,ridge_challenger,EXPERIMENT_ONLY
2025-06-01,23:00,15,16.36677514909884,1.3667751490988387,ridge_challenger,EXPERIMENT_ONLY
2025-06-02,23:00,17,14.633857560125772,2.3661424398742277,ridge_challenger,EXPERIMENT_ONLY
2025-06-03,23:00,16,17.60397157703342,1.6039715770334197,ridge_challenger,EXPERIMENT_ONLY
2025-06-04,23:00,18,14.987197357101724,3.0128026428982757,ridge_challenger,EXPERIMENT_ONLY
2025-06-05,23:00,18,12.6261648335307,5.3738351664693,ridge_challenger,EXPERIMENT_ONLY
2025-06-06,23:00,12,14.902577426849714,2.9025774268497138,ridge_challenger,EXPERIMENT_ONLY
2025-06-07,23:00,11,11.645759785194416,0.6457597851944161,ridge_challenger,EXPERIMENT_ONLY
2025-06-08,23:00,11,12.633796416939106,1.6337964169391057,ridge_challenger,EXPERIMENT_ONLY
2025-06-09,23:00,11,10.703130411257098,0.2968695887429025,ridge_challenger,EXPERIMENT_ONLY
2025-06-10,23:00,11,11.864892418682404,0.8648924186824036,ridge_challenger,EXPERIMENT_ONLY
2025-06-11,23:00,16,13.993070559721435,2.006929440278565,ridge_challenger,EXPERIMENT_ONLY
2025-06-12,23:00,15,14.232685132370788,0.7673148676292119,ridge_challenger,EXPERIMENT_ONLY
2025-06-13,23:00,13,13.686851515427323,0.6868515154273229,ridge_challenger,EXPERIMENT_ONLY
2025-06-14,23:00,11,13.23626059940722,2.2362605994072204,ridge_challenger,EXPERIMENT_ONLY
2025-06-15,23:00,12,11.044191914028978,0.9558080859710216,ridge_challenger,EXPERIMENT_ONLY
2025-06-16,23:00,12,11.983470891838511,0.016529108161488892,ridge_challenger,EXPERIMENT_ONLY
2025-06-17,23:00,12,11.566352502641651,0.43364749735834884,ridge_challenger,EXPERIMENT_ONLY
2025-06-18,23:00,13,12.517420904846494,0.48257909515350583,ridge_challenger,EXPERIMENT_ONLY
2025-06-19,23:00,15,14.015268029560483,0.9847319704395172,ridge_challenger,EXPERIMENT_ONLY
2025-06-20,23:00,15,16.259806879929886,1.2598068799298865,ridge_challenger,EXPERIMENT_ONLY
2025-06-21,23:00,12,13.049718322654412,1.049718322654412,ridge_challenger,EXPERIMENT_ONLY
2025-06-22,23:00,13,9.415800709525326,3.5841992904746736,ridge_challenger,EXPERIMENT_ONLY
2025-06-23,23:00,13,11.781117170355014,1.2188828296449863,ridge_challenger,EXPERIMENT_ONLY
2025-06-24,23:00,14,14.106894417966457,0.1068944179664566,ridge_challenger,EXPERIMENT_ONLY
2025-06-25,23:00,15,14.796628508467654,0.20337149153234613,ridge_challenger,EXPERIMENT_ONLY
2025-06-26,23:00,17,15.782007384323805,1.217992615676195,ridge_challenger,EXPERIMENT_ONLY
2025-06-27,23:00,17,16.423866205374548,0.5761337946254521,ridge_challenger,EXPERIMENT_ONLY
2025-06-28,23:00,13,16.66538415031685,3.66538415031685,ridge_challenger,EXPERIMENT_ONLY
2025-06-29,23:00,13,13.907217805211896,0.9072178052118964,ridge_challenger,EXPERIMENT_ONLY
2025-06-30,23:00,16,14.24663486437582,1.7533651356241808,ridge_challenger,EXPERIMENT_ONLY
2025-07-01,23:00,12,14.052013201460188,2.0520132014601877,ridge_challenger,EXPERIMENT_ONLY
2025-07-02,23:00,13,13.613595733689245,0.6135957336892446,ridge_challenger,EXPERIMENT_ONLY
2025-07-03,23:00,12,14.041542064542956,2.0415420645429556,ridge_challenger,EXPERIMENT_ONLY
2025-07-04,23:00,13,13.771046889463104,0.7710468894631042,ridge_challenger,EXPERIMENT_ONLY
2025-07-05,23:00,12,13.210769925388721,1.2107699253887212,ridge_challenger,EXPERIMENT_ONLY
2025-07-06,23:00,10,12.374643327047425,2.3746433270474245,ridge_challenger,EXPERIMENT_ONLY
2025-07-07,23:00,10,10.749295297862918,0.7492952978629184,ridge_challenger,EXPERIMENT_ONLY
2025-07-08,23:00,13,11.453854187862795,1.5461458121372047,ridge_challenger,EXPERIMENT_ONLY
2025-07-09,23:00,12,12.639232214574301,0.6392322145743012,ridge_challenger,EXPERIMENT_ONLY
2025-07-10,23:00,16,14.18096253467383,1.8190374653261703,ridge_challenger,EXPERIMENT_ONLY
2025-07-11,23:00,16,15.645571754155796,0.35442824584420407,ridge_challenger,EXPERIMENT_ONLY
2025-07-12,23:00,15,15.59004377186816,0.5900437718681601,ridge_challenger,EXPERIMENT_ONLY
2025-07-13,23:00,15,14.56362982221144,0.43637017778855913,ridge_challenger,EXPERIMENT_ONLY
2025-07-14,23:00,14,14.85100654192747,0.8510065419274699,ridge_challenger,EXPERIMENT_ONLY
2025-07-15,23:00,15,15.61362838811458,0.6136283881145808,ridge_challenger,EXPERIMENT_ONLY
2025-07-16,23:00,14,13.186210766949925,0.8137892330500751,ridge_challenger,EXPERIMENT_ONLY
2025-07-17,23:00,13,15.127768873958532,2.127768873958532,ridge_challenger,EXPERIMENT_ONLY
2025-07-18,23:00,12,13.31783658811933,1.3178365881193308,ridge_challenger,EXPERIMENT_ONLY
2025-07-19,23:00,13,13.35310193978979,0.35310193978978965,ridge_challenger,EXPERIMENT_ONLY
2025-07-20,23:00,12,12.500182563382799,0.5001825633827988,ridge_challenger,EXPERIMENT_ONLY
2025-07-21,23:00,12,11.57744925261739,0.4225507473826102,ridge_challenger,EXPERIMENT_ONLY
2025-07-22,23:00,12,12.268827126743043,0.26882712674304265,ridge_challenger,EXPERIMENT_ONLY
2025-07-23,23:00,12,13.42148719332696,1.4214871933269606,ridge_challenger,EXPERIMENT_ONLY
2025-07-24,23:00,14,12.062564994799095,1.9374350052009053,ridge_challenger,EXPERIMENT_ONLY
2025-07-25,23:00,14,14.103686677295046,0.10368667729504644,ridge_challenger,EXPERIMENT_ONLY
2025-07-26,23:00,15,13.541412118813358,1.4585878811866415,ridge_challenger,EXPERIMENT_ONLY
2025-07-27,23:00,15,14.889321830145342,0.11067816985465839,ridge_challenger,EXPERIMENT_ONLY
2025-07-28,23:00,14,15.94256060529096,1.9425606052909608,ridge_challenger,EXPERIMENT_ONLY
2025-07-29,23:00,16,16.180479595315383,0.18047959531538282,ridge_challenger,EXPERIMENT_ONLY
2025-07-30,23:00,15,14.877525468588342,0.1224745314116582,ridge_challenger,EXPERIMENT_ONLY
2025-07-31,23:00,12,13.118064498152126,1.1180644981521262,ridge_challenger,EXPERIMENT_ONLY
2025-08-01,23:00,11,12.30740867564275,1.3074086756427494,ridge_challenger,EXPERIMENT_ONLY
2025-08-02,23:00,14,12.716025960612312,1.2839740393876884,ridge_challenger,EXPERIMENT_ONLY
2025-08-03,23:00,11,12.8223711654422,1.8223711654422008,ridge_challenger,EXPERIMENT_ONLY
2025-08-04,23:00,11,13.237378450026792,2.2373784500267924,ridge_challenger,EXPERIMENT_ONLY
2025-08-05,23:00,15,12.458791179744008,2.541208820255992,ridge_challenger,EXPERIMENT_ONLY
2025-08-06,23:00,13,13.192766036475444,0.19276603647544377,ridge_challenger,EXPERIMENT_ONLY
2025-08-07,23:00,15,14.361329025213774,0.6386709747862263,ridge_challenger,EXPERIMENT_ONLY
2025-08-08,23:00,14,14.012229797406363,0.012229797406362763,ridge_challenger,EXPERIMENT_ONLY
2025-08-09,23:00,9,11.845540557680962,2.8455405576809625,ridge_challenger,EXPERIMENT_ONLY
2025-08-10,23:00,9,10.113577481432854,1.1135774814328538,ridge_challenger,EXPERIMENT_ONLY
2025-08-11,23:00,10,10.15112227869982,0.15112227869981965,ridge_challenger,EXPERIMENT_ONLY
2025-08-12,23:00,11,10.873127083648237,0.126872916351763,ridge_challenger,EXPERIMENT_ONLY
2025-08-13,23:00,11,12.231409635260501,1.2314096352605013,ridge_challenger,EXPERIMENT_ONLY
2025-08-14,23:00,12,12.356952105078872,0.35695210507887154,ridge_challenger,EXPERIMENT_ONLY
2025-08-15,23:00,15,13.120099420612469,1.879900579387531,ridge_challenger,EXPERIMENT_ONLY
2025-08-16,23:00,13,15.06503448942109,2.0650344894210892,ridge_challenger,EXPERIMENT_ONLY
2025-08-17,23:00,14,14.19560227424622,0.19560227424621957,ridge_challenger,EXPERIMENT_ONLY
2025-08-18,23:00,14,16.034880734271646,2.0348807342716455,ridge_challenger,EXPERIMENT_ONLY
2025-08-19,23:00,12,12.367507225121805,0.36750722512180545,ridge_challenger,EXPERIMENT_ONLY
2025-08-20,23:00,11,12.163497958411973,1.1634979584119733,ridge_challenger,EXPERIMENT_ONLY
2025-08-21,23:00,11,10.763952979084664,0.23604702091533625,ridge_challenger,EXPERIMENT_ONLY
2025-08-22,23:00,12,12.059456425472158,0.0594564254721579,ridge_challenger,EXPERIMENT_ONLY
2025-08-23,23:00,12,12.379756636047539,0.3797566360475386,ridge_challenger,EXPERIMENT_ONLY
2025-08-24,23:00,15,12.404633997511587,2.5953660024884133,ridge_challenger,EXPERIMENT_ONLY
2025-08-25,23:00,13,14.204089254862211,1.204089254862211,ridge_challenger,EXPERIMENT_ONLY
2025-08-26,23:00,14,14.154864237080174,0.15486423708017405,ridge_challenger,EXPERIMENT_ONLY
2025-08-27,23:00,16,15.405348630020141,0.594651369979859,ridge_challenger,EXPERIMENT_ONLY
2025-08-28,23:00,15,14.248004135382786,0.7519958646172142,ridge_challenger,EXPERIMENT_ONLY
2025-08-29,23:00,16,16.201716781778437,0.20171678177843688,ridge_challenger,EXPERIMENT_ONLY
2025-08-30,23:00,16,16.237732795125535,0.23773279512553458,ridge_challenger,EXPERIMENT_ONLY
2025-08-31,23:00,14,13.09405572668697,0.9059442733130307,ridge_challenger,EXPERIMENT_ONLY
2025-09-01,23:00,16,15.160945359573454,0.8390546404265464,ridge_challenger,EXPERIMENT_ONLY
2025-09-02,23:00,16,16.800711085107544,0.8007110851075439,ridge_challenger,EXPERIMENT_ONLY
2025-09-03,23:00,14,13.256760475240927,0.7432395247590726,ridge_challenger,EXPERIMENT_ONLY
2025-09-04,23:00,16,16.09185393102083,0.09185393102082884,ridge_challenger,EXPERIMENT_ONLY
2025-09-05,23:00,16,17.234329418656646,1.234329418656646,ridge_challenger,EXPERIMENT_ONLY
2025-09-06,23:00,13,16.04587071000066,3.04587071000066,ridge_challenger,EXPERIMENT_ONLY
2025-09-07,23:00,14,13.647573531679738,0.35242646832026203,ridge_challenger,EXPERIMENT_ONLY
2025-09-08,23:00,13,12.824204453957021,0.17579554604297876,ridge_challenger,EXPERIMENT_ONLY
2025-09-09,23:00,14,14.604078838822499,0.6040788388224989,ridge_challenger,EXPERIMENT_ONLY
2025-09-10,23:00,16,14.648141181127805,1.351858818872195,ridge_challenger,EXPERIMENT_ONLY
2025-09-11,23:00,14,15.840532443662996,1.8405324436629957,ridge_challenger,EXPERIMENT_ONLY
2025-09-12,23:00,13,13.912261753685907,0.9122617536859075,ridge_challenger,EXPERIMENT_ONLY
2025-09-13,23:00,17,13.979727251607839,3.020272748392161,ridge_challenger,EXPERIMENT_ONLY
2025-09-14,23:00,13,15.284276357430711,2.284276357430711,ridge_challenger,EXPERIMENT_ONLY
2025-09-15,23:00,17,14.075552872986883,2.924447127013117,ridge_challenger,EXPERIMENT_ONLY
2025-09-16,23:00,20,19.20295802050919,0.7970419794908103,ridge_challenger,EXPERIMENT_ONLY
2025-09-17,23:00,16,18.712660950425533,2.7126609504255335,ridge_challenger,EXPERIMENT_ONLY
2025-09-18,23:00,17,17.12860554627463,0.12860554627463117,ridge_challenger,EXPERIMENT_ONLY
2025-09-19,23:00,11,12.79304454783638,1.7930445478363808,ridge_challenger,EXPERIMENT_ONLY
2025-09-20,23:00,14,14.500170605910208,0.500170605910208,ridge_challenger,EXPERIMENT_ONLY
2025-09-21,23:00,16,15.701390654037882,0.2986093459621184,ridge_challenger,EXPERIMENT_ONLY
2025-09-22,23:00,15,16.00574248195198,1.0057424819519802,ridge_challenger,EXPERIMENT_ONLY
2025-09-23,23:00,15,16.34452107454183,1.3445210745418308,ridge_challenger,EXPERIMENT_ONLY
2025-09-24,23:00,15,17.077488707675336,2.077488707675336,ridge_challenger,EXPERIMENT_ONLY
2025-09-25,23:00,16,16.3690642972601,0.36906429726009904,ridge_challenger,EXPERIMENT_ONLY
2025-09-26,23:00,15,14.760426935306121,0.23957306469387873,ridge_challenger,EXPERIMENT_ONLY
2025-09-27,23:00,16,15.310847401673636,0.6891525983263644,ridge_challenger,EXPERIMENT_ONLY
2025-09-28,23:00,18,17.793329694918082,0.20667030508191786,ridge_challenger,EXPERIMENT_ONLY
2025-09-29,23:00,19,18.245791935807702,0.7542080641922979,ridge_challenger,EXPERIMENT_ONLY
2025-09-30,23:00,15,16.718736024594637,1.7187360245946373,ridge_challenger,EXPERIMENT_ONLY
2025-10-01,23:00,15,13.729007936643866,1.2709920633561342,ridge_challenger,EXPERIMENT_ONLY
2025-10-02,23:00,13,13.530185473756191,0.5301854737561911,ridge_challenger,EXPERIMENT_ONLY
2025-10-03,23:00,14,14.663773509557892,0.6637735095578918,ridge_challenger,EXPERIMENT_ONLY
2025-10-04,23:00,17,16.29182466130008,0.7081753386999203,ridge_challenger,EXPERIMENT_ONLY
2025-10-05,23:00,14,15.133666328828816,1.1336663288288165,ridge_challenger,EXPERIMENT_ONLY
2025-10-06,23:00,15,13.516874182108294,1.4831258178917057,ridge_challenger,EXPERIMENT_ONLY
2025-10-07,23:00,16,15.893855488465947,0.10614451153405291,ridge_challenger,EXPERIMENT_ONLY
2025-10-08,23:00,17,16.245454644843623,0.7545453551563774,ridge_challenger,EXPERIMENT_ONLY
2025-10-09,23:00,17,17.596338652606075,0.5963386526060752,ridge_challenger,EXPERIMENT_ONLY
2025-10-10,23:00,18,18.133771395903235,0.13377139590323495,ridge_challenger,EXPERIMENT_ONLY
2025-10-11,23:00,17,18.489926276955792,1.4899262769557922,ridge_challenger,EXPERIMENT_ONLY
2025-10-12,23:00,18,17.637828219297305,0.3621717807026954,ridge_challenger,EXPERIMENT_ONLY
2025-10-13,23:00,17,18.721234064661076,1.7212340646610755,ridge_challenger,EXPERIMENT_ONLY
2025-10-14,23:00,16,12.858831094077548,3.141168905922452,ridge_challenger,EXPERIMENT_ONLY
2025-10-15,23:00,16,15.32782649941601,0.6721735005839893,ridge_challenger,EXPERIMENT_ONLY
2025-10-16,23:00,18,17.17227130639614,0.8277286936038593,ridge_challenger,EXPERIMENT_ONLY
2025-10-17,23:00,16,17.415498914425676,1.415498914425676,ridge_challenger,EXPERIMENT_ONLY
2025-10-18,23:00,16,17.24478850025358,1.2447885002535806,ridge_challenger,EXPERIMENT_ONLY
2025-10-19,23:00,18,17.763108023256912,0.23689197674308815,ridge_challenger,EXPERIMENT_ONLY
2025-10-20,23:00,17,17.163359621572308,0.1633596215723081,ridge_challenger,EXPERIMENT_ONLY
2025-10-21,23:00,18,18.70195409472563,0.7019540947256289,ridge_challenger,EXPERIMENT_ONLY
2025-10-22,23:00,15,17.786412515168777,2.7864125151687773,ridge_challenger,EXPERIMENT_ONLY
2025-10-23,23:00,19,18.128759662278384,0.8712403377216162,ridge_challenger,EXPERIMENT_ONLY
2025-10-24,23:00,17,19.313596964188612,2.313596964188612,ridge_challenger,EXPERIMENT_ONLY
2025-10-25,23:00,17,17.586457642686206,0.5864576426862058,ridge_challenger,EXPERIMENT_ONLY
2025-10-26,23:00,17,16.51216173151915,0.48783826848085,ridge_challenger,EXPERIMENT_ONLY
2025-10-27,23:00,17,17.5059335074312,0.5059335074312017,ridge_challenger,EXPERIMENT_ONLY
2025-10-28,23:00,16,15.407334811087651,0.5926651889123491,ridge_challenger,EXPERIMENT_ONLY
2025-10-29,23:00,15,14.43502539667544,0.5649746033245595,ridge_challenger,EXPERIMENT_ONLY
2025-10-30,23:00,17,16.83595908021468,0.16404091978532165,ridge_challenger,EXPERIMENT_ONLY
2025-10-31,23:00,19,18.183776911211215,0.8162230887887851,ridge_challenger,EXPERIMENT_ONLY
2025-11-01,23:00,17,17.92252750951861,0.9225275095186092,ridge_challenger,EXPERIMENT_ONLY
2025-11-02,23:00,16,17.61312272432137,1.6131227243213715,ridge_challenger,EXPERIMENT_ONLY
2025-11-03,23:00,17,17.383921114135653,0.3839211141356529,ridge_challenger,EXPERIMENT_ONLY
2025-11-04,23:00,17,17.465830256102528,0.46583025610252804,ridge_challenger,EXPERIMENT_ONLY
2025-11-05,23:00,19,18.27150446202061,0.7284955379793914,ridge_challenger,EXPERIMENT_ONLY
2025-11-06,23:00,18,20.141248324893187,2.141248324893187,ridge_challenger,EXPERIMENT_ONLY
2025-11-07,23:00,19,16.62274908197765,2.3772509180223516,ridge_challenger,EXPERIMENT_ONLY
2025-11-08,23:00,19,19.54223253321993,0.5422325332199307,ridge_challenger,EXPERIMENT_ONLY
2025-11-09,23:00,19,19.05811318416909,0.05811318416909117,ridge_challenger,EXPERIMENT_ONLY
2025-11-10,23:00,19,19.520243827177065,0.5202438271770653,ridge_challenger,EXPERIMENT_ONLY
2025-11-11,23:00,17,17.73902707021944,0.7390270702194393,ridge_challenger,EXPERIMENT_ONLY
2025-11-12,23:00,19,16.582449416375205,2.417550583624795,ridge_challenger,EXPERIMENT_ONLY
2025-11-13,23:00,18,16.919865362067256,1.0801346379327441,ridge_challenger,EXPERIMENT_ONLY
2025-11-14,23:00,19,19.344468509047914,0.34446850904791404,ridge_challenger,EXPERIMENT_ONLY
2025-11-15,23:00,19,16.51024808682751,2.4897519131724906,ridge_challenger,EXPERIMENT_ONLY
2025-11-16,23:00,19,19.715053532565005,0.7150535325650047,ridge_challenger,EXPERIMENT_ONLY
2025-11-17,23:00,21,19.695481509707918,1.3045184902920823,ridge_challenger,EXPERIMENT_ONLY
2025-11-18,23:00,23,20.965909588587195,2.034090411412805,ridge_challenger,EXPERIMENT_ONLY
2025-11-19,23:00,22,22.237498440301582,0.2374984403015823,ridge_challenger,EXPERIMENT_ONLY
2025-11-20,23:00,20,22.00026350511878,2.000263505118781,ridge_challenger,EXPERIMENT_ONLY
2025-11-21,23:00,20,20.30669317680172,0.30669317680171915,ridge_challenger,EXPERIMENT_ONLY
2025-11-22,23:00,17,17.89928830338355,0.8992883033835497,ridge_challenger,EXPERIMENT_ONLY
2025-11-23,23:00,20,19.186484691176506,0.8135153088234937,ridge_challenger,EXPERIMENT_ONLY
2025-11-24,23:00,18,15.487831179293892,2.5121688207061084,ridge_challenger,EXPERIMENT_ONLY
2025-11-25,23:00,22,19.886406732811082,2.113593267188918,ridge_challenger,EXPERIMENT_ONLY
2025-11-26,23:00,21,22.039840510587172,1.0398405105871724,ridge_challenger,EXPERIMENT_ONLY
2025-11-27,23:00,21,21.34461972960088,0.34461972960087905,ridge_challenger,EXPERIMENT_ONLY
2025-11-28,23:00,21,19.767989093056872,1.2320109069431275,ridge_challenger,EXPERIMENT_ONLY
2025-11-29,23:00,21,19.8713529532275,1.1286470467724996,ridge_challenger,EXPERIMENT_ONLY
2025-11-30,23:00,21,20.68639873635346,0.3136012636465395,ridge_challenger,EXPERIMENT_ONLY
2025-12-01,23:00,19,21.22476573276755,2.224765732767551,ridge_challenger,EXPERIMENT_ONLY
2025-12-02,23:00,20,17.819383058670898,2.1806169413291023,ridge_challenger,EXPERIMENT_ONLY
2025-12-03,23:00,15,16.698056967666666,1.6980569676666661,ridge_challenger,EXPERIMENT_ONLY
2025-12-04,23:00,17,15.672995910525703,1.327004089474297,ridge_challenger,EXPERIMENT_ONLY
2025-12-05,23:00,21,19.616106958303465,1.3838930416965347,ridge_challenger,EXPERIMENT_ONLY
2025-12-06,23:00,22,21.47156244435147,0.5284375556485301,ridge_challenger,EXPERIMENT_ONLY
2025-12-07,23:00,21,21.109436242039497,0.10943624203949653,ridge_challenger,EXPERIMENT_ONLY
2025-12-08,23:00,22,20.6745762471188,1.3254237528811998,ridge_challenger,EXPERIMENT_ONLY
2025-12-09,23:00,23,23.64934359186131,0.6493435918613102,ridge_challenger,EXPERIMENT_ONLY
2025-12-10,23:00,23,23.369283071195014,0.3692830711950137,ridge_challenger,EXPERIMENT_ONLY
2025-12-11,23:00,19,20.187581239509196,1.1875812395091963,ridge_challenger,EXPERIMENT_ONLY
2025-12-12,23:00,18,17.891865553886056,0.10813444611394374,ridge_challenger,EXPERIMENT_ONLY
2025-12-13,23:00,18,19.50893179559595,1.5089317955959487,ridge_challenger,EXPERIMENT_ONLY
2025-12-14,23:00,23,21.26153457182874,1.73846542817126,ridge_challenger,EXPERIMENT_ONLY
2025-12-15,23:00,21,21.996859820960697,0.9968598209606974,ridge_challenger,EXPERIMENT_ONLY
2025-12-16,23:00,20,19.192967573481894,0.8070324265181057,ridge_challenger,EXPERIMENT_ONLY
2025-12-17,23:00,16,16.005467716710548,0.005467716710548132,ridge_challenger,EXPERIMENT_ONLY
2025-12-18,23:00,19,17.543037939310157,1.4569620606898432,ridge_challenger,EXPERIMENT_ONLY
2025-12-19,23:00,20,20.066365500981966,0.06636550098196636,ridge_challenger,EXPERIMENT_ONLY
2025-12-20,23:00,19,16.855392147399886,2.1446078526001138,ridge_challenger,EXPERIMENT_ONLY
2025-12-21,23:00,16,17.54319836034262,1.5431983603426183,ridge_challenger,EXPERIMENT_ONLY
2025-12-22,23:00,20,18.990993276167625,1.0090067238323748,ridge_challenger,EXPERIMENT_ONLY
2025-12-23,23:00,23,20.486867358925217,2.513132641074783,ridge_challenger,EXPERIMENT_ONLY
2025-12-24,23:00,22,22.500438008205588,0.5004380082055881,ridge_challenger,EXPERIMENT_ONLY
2025-12-25,23:00,20,21.480703836076476,1.4807038360764757,ridge_challenger,EXPERIMENT_ONLY
2025-12-26,23:00,19,19.09906184648675,0.09906184648675165,ridge_challenger,EXPERIMENT_ONLY
2025-12-27,23:00,20,19.689400797020863,0.31059920297913735,ridge_challenger,EXPERIMENT_ONLY
2025-12-28,23:00,19,20.123042456486395,1.1230424564863952,ridge_challenger,EXPERIMENT_ONLY
2025-12-29,23:00,19,20.43046048849754,1.4304604884975411,ridge_challenger,EXPERIMENT_ONLY
2025-12-30,23:00,17,16.797711021408578,0.20228897859142236,ridge_challenger,EXPERIMENT_ONLY
2025-12-31,23:00,16,16.277443739690483,0.27744373969048297,ridge_challenger,EXPERIMENT_ONLY
2026-01-01,23:00,20,17.916149240718998,2.0838507592810025,ridge_challenger,EXPERIMENT_ONLY
2026-01-02,23:00,22,21.004175580730205,0.9958244192697947,ridge_challenger,EXPERIMENT_ONLY
2026-01-03,23:00,17,20.047408798887126,3.047408798887126,ridge_challenger,EXPERIMENT_ONLY
2026-01-04,23:00,18,17.988165486713754,0.011834513286245851,ridge_challenger,EXPERIMENT_ONLY
2026-01-05,23:00,23,20.447600429057065,2.552399570942935,ridge_challenger,EXPERIMENT_ONLY
2026-01-06,23:00,21,22.60887440896006,1.6088744089600588,ridge_challenger,EXPERIMENT_ONLY
2026-01-07,23:00,23,21.981976237130088,1.0180237628699125,ridge_challenger,EXPERIMENT_ONLY
2026-01-08,23:00,25,23.584799683157385,1.4152003168426148,ridge_challenger,EXPERIMENT_ONLY
2026-01-09,23:00,25,25.092218048628514,0.09221804862851357,ridge_challenger,EXPERIMENT_ONLY
2026-01-10,23:00,22,22.610041149123454,0.6100411491234539,ridge_challenger,EXPERIMENT_ONLY
2026-01-11,23:00,22,22.472625326842792,0.4726253268427918,ridge_challenger,EXPERIMENT_ONLY
2026-01-12,23:00,20,19.297226911584424,0.7027730884155758,ridge_challenger,EXPERIMENT_ONLY
2026-01-13,23:00,22,20.912082398477093,1.087917601522907,ridge_challenger,EXPERIMENT_ONLY
2026-01-14,23:00,18,20.29170437670489,2.291704376704889,ridge_challenger,EXPERIMENT_ONLY
2026-01-15,23:00,19,18.587019116633805,0.41298088336619543,ridge_challenger,EXPERIMENT_ONLY
2026-01-16,23:00,16,17.677684665302397,1.6776846653023973,ridge_challenger,EXPERIMENT_ONLY
2026-01-17,23:00,18,15.721653589963424,2.2783464100365762,ridge_challenger,EXPERIMENT_ONLY
2026-01-18,23:00,17,17.49698072737324,0.4969807273732414,ridge_challenger,EXPERIMENT_ONLY
2026-01-19,23:00,18,17.53258631716031,0.4674136828396911,ridge_challenger,EXPERIMENT_ONLY
2026-01-20,23:00,17,18.60096878609165,1.6009687860916486,ridge_challenger,EXPERIMENT_ONLY
2026-01-21,23:00,21,17.838048718161183,3.1619512818388174,ridge_challenger,EXPERIMENT_ONLY
2026-01-22,23:00,21,17.41970548622728,3.5802945137727207,ridge_challenger,EXPERIMENT_ONLY
2026-01-23,23:00,22,22.157563118625237,0.1575631186252373,ridge_challenger,EXPERIMENT_ONLY
2026-01-24,23:00,17,17.286967028486448,0.2869670284864476,ridge_challenger,EXPERIMENT_ONLY
2026-01-25,23:00,21,17.878233501864266,3.1217664981357345,ridge_challenger,EXPERIMENT_ONLY
2026-01-26,23:00,22,20.50041214780959,1.499587852190409,ridge_challenger,EXPERIMENT_ONLY
2026-01-27,23:00,17,17.96898429881622,0.9689842988162205,ridge_challenger,EXPERIMENT_ONLY
2026-01-28,23:00,23,18.908380418629214,4.091619581370786,ridge_challenger,EXPERIMENT_ONLY
2026-01-29,23:00,22,22.030951994459095,0.03095199445909458,ridge_challenger,EXPERIMENT_ONLY
2026-01-30,23:00,21,20.377864211632442,0.622135788367558,ridge_challenger,EXPERIMENT_ONLY
2026-01-31,23:00,21,22.049134259727612,1.0491342597276123,ridge_challenger,EXPERIMENT_ONLY
2026-02-01,23:00,20,21.311417840232995,1.3114178402329948,ridge_challenger,EXPERIMENT_ONLY
2026-02-02,23:00,21,20.252418206595276,0.7475817934047235,ridge_challenger,EXPERIMENT_ONLY
2026-02-03,23:00,18,17.48819493367378,0.5118050663262217,ridge_challenger,EXPERIMENT_ONLY
2026-02-04,23:00,18,16.906021268816236,1.093978731183764,ridge_challenger,EXPERIMENT_ONLY
2026-02-05,23:00,23,18.378598102468928,4.621401897531072,ridge_challenger,EXPERIMENT_ONLY
2026-02-06,23:00,22,22.019294645649413,0.01929464564941341,ridge_challenger,EXPERIMENT_ONLY
2026-02-07,23:00,23,22.455503960543698,0.5444960394563019,ridge_challenger,EXPERIMENT_ONLY
2026-02-08,23:00,19,22.662613302712373,3.662613302712373,ridge_challenger,EXPERIMENT_ONLY
2026-02-09,23:00,19,19.98436962185366,0.9843696218536593,ridge_challenger,EXPERIMENT_ONLY
2026-02-10,23:00,22,21.04382787314187,0.9561721268581316,ridge_challenger,EXPERIMENT_ONLY
2026-02-11,23:00,22,22.361399368378184,0.36139936837818354,ridge_challenger,EXPERIMENT_ONLY
2026-02-12,23:00,25,20.05985156710649,4.940148432893508,ridge_challenger,EXPERIMENT_ONLY
2026-02-13,23:00,24,23.863836013936435,0.13616398606356483,ridge_challenger,EXPERIMENT_ONLY
2026-02-14,23:00,20,20.45504352533331,0.45504352533330916,ridge_challenger,EXPERIMENT_ONLY
2026-02-15,23:00,16,18.388741428714713,2.388741428714713,ridge_challenger,EXPERIMENT_ONLY
2026-02-16,23:00,16,14.76543995012441,1.23456004987559,ridge_challenger,EXPERIMENT_ONLY
2026-02-17,23:00,21,17.699022256356596,3.3009777436434042,ridge_challenger,EXPERIMENT_ONLY
2026-02-18,23:00,21,20.911245632390482,0.08875436760951771,ridge_challenger,EXPERIMENT_ONLY
2026-02-19,23:00,21,21.82942308144505,0.8294230814450501,ridge_challenger,EXPERIMENT_ONLY
2026-02-20,23:00,23,21.290981727497247,1.7090182725027532,ridge_challenger,EXPERIMENT_ONLY
2026-02-21,23:00,20,20.71316899719235,0.7131689971923514,ridge_challenger,EXPERIMENT_ONLY
2026-02-22,23:00,22,20.434435573197426,1.565564426802574,ridge_challenger,EXPERIMENT_ONLY
2026-02-23,23:00,21,19.39117037354443,1.6088296264555701,ridge_challenger,EXPERIMENT_ONLY
2026-02-24,23:00,21,20.813511874059675,0.1864881259403255,ridge_challenger,EXPERIMENT_ONLY
2026-02-25,23:00,25,19.56359583784302,5.436404162156979,ridge_challenger,EXPERIMENT_ONLY
2026-02-26,23:00,20,23.47173538499847,3.471735384998471,ridge_challenger,EXPERIMENT_ONLY
2026-02-27,23:00,16,16.07499568244024,0.07499568244023891,ridge_challenger,EXPERIMENT_ONLY
2026-02-28,23:00,18,16.793539521988322,1.206460478011678,ridge_challenger,EXPERIMENT_ONLY
2026-03-01,23:00,20,18.85355450190822,1.1464454980917793,ridge_challenger,EXPERIMENT_ONLY
2026-03-02,23:00,12,13.936333226399835,1.9363332263998352,ridge_challenger,EXPERIMENT_ONLY
2026-03-03,23:00,14,10.295577951985393,3.7044220480146066,ridge_challenger,EXPERIMENT_ONLY
2026-03-04,23:00,17,15.964790263830697,1.0352097361693033,ridge_challenger,EXPERIMENT_ONLY
2026-03-05,23:00,20,17.322268919610064,2.677731080389936,ridge_challenger,EXPERIMENT_ONLY
2026-03-06,23:00,21,20.25232928424436,0.747670715755639,ridge_challenger,EXPERIMENT_ONLY
2026-03-07,23:00,21,21.357806406270047,0.357806406270047,ridge_challenger,EXPERIMENT_ONLY
2026-03-08,23:00,19,20.67243885048945,1.6724388504894492,ridge_challenger,EXPERIMENT_ONLY
2026-03-09,23:00,18,17.565483457185444,0.4345165428145563,ridge_challenger,EXPERIMENT_ONLY
2026-03-10,23:00,16,17.943876740828063,1.9438767408280633,ridge_challenger,EXPERIMENT_ONLY
2026-03-11,23:00,18,14.871479458245698,3.128520541754302,ridge_challenger,EXPERIMENT_ONLY
2026-03-12,23:00,21,18.32852774519141,2.6714722548085916,ridge_challenger,EXPERIMENT_ONLY
2026-03-13,23:00,23,20.201570643748774,2.7984293562512264,ridge_challenger,EXPERIMENT_ONLY
2026-03-14,23:00,17,18.944035860188418,1.9440358601884178,ridge_challenger,EXPERIMENT_ONLY
2026-03-15,23:00,20,19.186460711716762,0.8135392882832377,ridge_challenger,EXPERIMENT_ONLY
2026-03-16,23:00,21,19.569698263647616,1.4303017363523836,ridge_challenger,EXPERIMENT_ONLY
2026-03-17,23:00,21,19.896814707519784,1.103185292480216,ridge_challenger,EXPERIMENT_ONLY
2026-03-18,23:00,21,20.836287317167933,0.16371268283206675,ridge_challenger,EXPERIMENT_ONLY
2026-03-19,23:00,18,18.919984068811573,0.9199840688115728,ridge_challenger,EXPERIMENT_ONLY
2026-03-20,23:00,17,17.812194686912253,0.8121946869122532,ridge_challenger,EXPERIMENT_ONLY
2026-03-21,23:00,17,17.604780622913527,0.6047806229135269,ridge_challenger,EXPERIMENT_ONLY
2026-03-22,23:00,20,17.093618295059677,2.9063817049403227,ridge_challenger,EXPERIMENT_ONLY
2026-03-23,23:00,19,19.421083350212495,0.4210833502124949,ridge_challenger,EXPERIMENT_ONLY
2026-03-24,23:00,21,20.364527129844834,0.6354728701551657,ridge_challenger,EXPERIMENT_ONLY
2026-03-25,23:00,18,21.001125484447833,3.001125484447833,ridge_challenger,EXPERIMENT_ONLY
2026-03-26,23:00,19,18.123170819847008,0.8768291801529919,ridge_challenger,EXPERIMENT_ONLY
2026-03-27,23:00,23,19.562798538637562,3.437201461362438,ridge_challenger,EXPERIMENT_ONLY
2026-03-28,23:00,22,22.577900233059392,0.5779002330593919,ridge_challenger,EXPERIMENT_ONLY
2026-03-29,23:00,19,22.345886647600903,3.345886647600903,ridge_challenger,EXPERIMENT_ONLY
2026-03-30,23:00,20,20.02592066028395,0.025920660283951236,ridge_challenger,EXPERIMENT_ONLY
2026-03-31,23:00,18,19.86209349702256,1.8620934970225598,ridge_challenger,EXPERIMENT_ONLY
2026-04-01,23:00,17,17.53771947341442,0.5377194734144197,ridge_challenger,EXPERIMENT_ONLY
2026-04-02,23:00,20,16.396351880405238,3.6036481195947623,ridge_challenger,EXPERIMENT_ONLY
2026-04-03,23:00,19,18.90083529911457,0.0991647008854315,ridge_challenger,EXPERIMENT_ONLY
2026-04-04,23:00,21,20.03416863799181,0.9658313620081884,ridge_challenger,EXPERIMENT_ONLY
2026-04-05,23:00,17,19.78078703018796,2.780787030187959,ridge_challenger,EXPERIMENT_ONLY
2026-04-06,23:00,22,19.04285814120851,2.9571418587914913,ridge_challenger,EXPERIMENT_ONLY
2026-04-07,23:00,20,21.577760802672074,1.5777608026720742,ridge_challenger,EXPERIMENT_ONLY
2026-04-08,23:00,20,19.404583634155667,0.5954163658443328,ridge_challenger,EXPERIMENT_ONLY
2026-04-09,23:00,21,21.008243860678107,0.008243860678106785,ridge_challenger,EXPERIMENT_ONLY
2026-04-10,23:00,17,20.705149332318545,3.7051493323185447,ridge_challenger,EXPERIMENT_ONLY
2026-04-11,23:00,20,18.83997837585258,1.1600216241474186,ridge_challenger,EXPERIMENT_ONLY
2026-04-12,23:00,20,19.286940748849332,0.7130592511506677,ridge_challenger,EXPERIMENT_ONLY
2026-04-13,23:00,19,20.244805212936715,1.2448052129367149,ridge_challenger,EXPERIMENT_ONLY
2026-04-14,23:00,19,19.782595379125997,0.782595379125997,ridge_challenger,EXPERIMENT_ONLY
2026-04-15,23:00,18,18.74210338732668,0.7421033873266794,ridge_challenger,EXPERIMENT_ONLY
2026-04-16,23:00,18,17.914594493066826,0.08540550693317428,ridge_challenger,EXPERIMENT_ONLY
2026-04-17,23:00,18,18.351327244465523,0.3513272444655229,ridge_challenger,EXPERIMENT_ONLY
2026-04-18,23:00,18,18.348175552373206,0.3481755523732062,ridge_challenger,EXPERIMENT_ONLY
2026-04-19,23:00,16,18.050721236567053,2.0507212365670533,ridge_challenger,EXPERIMENT_ONLY
2026-04-20,23:00,14,15.996772029330302,1.9967720293303017,ridge_challenger,EXPERIMENT_ONLY
2026-04-21,23:00,12,12.52060905888587,0.5206090588858707,ridge_challenger,EXPERIMENT_ONLY
2026-04-22,23:00,12,12.07511517421857,0.0751151742185705,ridge_challenger,EXPERIMENT_ONLY
2026-04-23,23:00,14,12.022983451988736,1.9770165480112638,ridge_challenger,EXPERIMENT_ONLY
2026-04-24,23:00,14,13.857853441032987,0.14214655896701345,ridge_challenger,EXPERIMENT_ONLY
2026-04-25,23:00,16,15.441345682238053,0.5586543177619472,ridge_challenger,EXPERIMENT_ONLY
2026-04-26,23:00,17,17.617733114700272,0.6177331147002718,ridge_challenger,EXPERIMENT_ONLY
2026-04-27,23:00,16,17.602171141936036,1.6021711419360365,ridge_challenger,EXPERIMENT_ONLY
2026-04-28,23:00,17,17.165677150616798,0.16567715061679777,ridge_challenger,EXPERIMENT_ONLY
2026-04-29,23:00,19,18.92429059732946,0.07570940267054027,ridge_challenger,EXPERIMENT_ONLY
2026-04-30,23:00,15,17.613014942364654,2.6130149423646536,ridge_challenger,EXPERIMENT_ONLY
2026-05-01,23:00,16,15.362240936426884,0.6377590635731156,ridge_challenger,EXPERIMENT_ONLY
2026-05-02,23:00,16,16.21907318277076,0.21907318277076016,ridge_challenger,EXPERIMENT_ONLY
2026-05-03,23:00,16,16.929498018569408,0.929498018569408,ridge_challenger,EXPERIMENT_ONLY
2026-05-04,23:00,16,16.898229337215437,0.8982293372154366,ridge_challenger,EXPERIMENT_ONLY
2026-05-05,23:00,16,17.08816208316579,1.0881620831657912,ridge_challenger,EXPERIMENT_ONLY
2026-05-06,23:00,17,18.050968884250555,1.0509688842505547,ridge_challenger,EXPERIMENT_ONLY
2026-05-07,23:00,19,19.416909995373626,0.4169099953736257,ridge_challenger,EXPERIMENT_ONLY
2026-05-08,23:00,19,19.536183444371815,0.5361834443718152,ridge_challenger,EXPERIMENT_ONLY
2026-05-09,23:00,17,19.042319135237324,2.0423191352373244,ridge_challenger,EXPERIMENT_ONLY
2026-05-10,23:00,19,18.94285092900813,0.057149070991869166,ridge_challenger,EXPERIMENT_ONLY
2026-05-11,23:00,12,13.931227345426112,1.9312273454261124,ridge_challenger,EXPERIMENT_ONLY
2026-05-12,23:00,16,13.524311154532214,2.4756888454677863,ridge_challenger,EXPERIMENT_ONLY
2026-05-13,23:00,14,15.554051571006848,1.5540515710068483,ridge_challenger,EXPERIMENT_ONLY
2026-05-14,23:00,15,14.792378772109474,0.20762122789052562,ridge_challenger,EXPERIMENT_ONLY
2026-05-15,23:00,13,15.125254416285921,2.1252544162859213,ridge_challenger,EXPERIMENT_ONLY
2026-05-16,23:00,13,14.451098005490774,1.451098005490774,ridge_challenger,EXPERIMENT_ONLY
2026-05-17,23:00,14,14.506986875793597,0.5069868757935971,ridge_challenger,EXPERIMENT_ONLY
2026-05-18,23:00,13,13.595750031297927,0.5957500312979267,ridge_challenger,EXPERIMENT_ONLY
2026-05-19,23:00,16,12.799791292666379,3.200208707333621,ridge_challenger,EXPERIMENT_ONLY
2026-05-20,23:00,15,16.244051380146544,1.2440513801465443,ridge_challenger,EXPERIMENT_ONLY
2026-05-21,23:00,17,17.506701504510595,0.5067015045105947,ridge_challenger,EXPERIMENT_ONLY
2026-05-22,23:00,16,14.039477210412395,1.9605227895876052,ridge_challenger,EXPERIMENT_ONLY
2026-05-23,23:00,15,15.499898528791316,0.49989852879131647,ridge_challenger,EXPERIMENT_ONLY
2026-05-24,23:00,15,16.543281580668054,1.5432815806680544,ridge_challenger,EXPERIMENT_ONLY
2026-05-25,23:00,15,15.285978301139371,0.2859783011393713,ridge_challenger,EXPERIMENT_ONLY
2026-05-26,23:00,16,16.457436330077293,0.457436330077293,ridge_challenger,EXPERIMENT_ONLY
2026-05-27,23:00,15,14.389959087074233,0.6100409129257667,ridge_challenger,EXPERIMENT_ONLY
2026-05-28,23:00,17,15.570896654573176,1.4291033454268245,ridge_challenger,EXPERIMENT_ONLY
2026-05-29,23:00,15,16.42508226726373,1.425082267263729,ridge_challenger,EXPERIMENT_ONLY
2026-05-30,23:00,16,15.101640778902741,0.8983592210972589,ridge_challenger,EXPERIMENT_ONLY
2026-05-31,23:00,18,17.670054575213847,0.3299454247861533,ridge_challenger,EXPERIMENT_ONLY
2026-06-01,23:00,20,19.525175568991482,0.4748244310085177,ridge_challenger,EXPERIMENT_ONLY
2026-06-02,23:00,20,20.863389566112037,0.863389566112037,ridge_challenger,EXPERIMENT_ONLY
2026-06-03,23:00,15,17.464299370172977,2.464299370172977,ridge_challenger,EXPERIMENT_ONLY
