date_local,cp,actual,prediction,absolute_error,model_name,production_status,test_year
2023-01-01,20:00,17,17.681773843096313,0.6817738430963125,ridge_challenger,EXPERIMENT_ONLY,2023
2023-01-02,20:00,20,19.166689403035367,0.8333105969646333,ridge_challenger,EXPERIMENT_ONLY,2023
2023-01-03,20:00,22,20.323604479899455,1.6763955201005452,ridge_challenger,EXPERIMENT_ONLY,2023
2023-01-04,20:00,24,22.21944321486619,1.780556785133811,ridge_challenger,EXPERIMENT_ONLY,2023
2023-01-05,20:00,23,21.6879296806973,1.3120703193026984,ridge_challenger,EXPERIMENT_ONLY,2023
2023-01-06,20:00,22,21.91639776479515,0.08360223520485022,ridge_challenger,EXPERIMENT_ONLY,2023
2023-01-07,20:00,19,19.547432501026133,0.5474325010261332,ridge_challenger,EXPERIMENT_ONLY,2023
2023-01-08,20:00,16,16.57419348364102,0.5741934836410216,ridge_challenger,EXPERIMENT_ONLY,2023
2023-01-09,20:00,20,17.168009028175124,2.831990971824876,ridge_challenger,EXPERIMENT_ONLY,2023
2023-01-10,20:00,21,19.38675672366463,1.6132432763353712,ridge_challenger,EXPERIMENT_ONLY,2023
2023-01-11,20:00,18,18.63414580901988,0.6341458090198806,ridge_challenger,EXPERIMENT_ONLY,2023
2023-01-12,20:00,18,16.49531630365921,1.5046836963407912,ridge_challenger,EXPERIMENT_ONLY,2023
2023-01-13,20:00,19,17.76143407611419,1.2385659238858118,ridge_challenger,EXPERIMENT_ONLY,2023
2023-01-14,20:00,19,19.286555359981953,0.2865553599819535,ridge_challenger,EXPERIMENT_ONLY,2023
2023-01-15,20:00,19,17.867151372221716,1.1328486277782837,ridge_challenger,EXPERIMENT_ONLY,2023
2023-01-16,20:00,22,19.89936780910456,2.100632190895439,ridge_challenger,EXPERIMENT_ONLY,2023
2023-01-17,20:00,23,22.187439962757466,0.8125600372425339,ridge_challenger,EXPERIMENT_ONLY,2023
2023-01-18,20:00,23,20.546795451425854,2.4532045485741456,ridge_challenger,EXPERIMENT_ONLY,2023
2023-01-19,20:00,21,20.41774163821293,0.5822583617870691,ridge_challenger,EXPERIMENT_ONLY,2023
2023-01-20,20:00,23,21.93302990370164,1.066970096298359,ridge_challenger,EXPERIMENT_ONLY,2023
2023-01-21,20:00,20,19.63988826530053,0.3601117346994691,ridge_challenger,EXPERIMENT_ONLY,2023
2023-01-22,20:00,23,20.136911964239022,2.8630880357609776,ridge_challenger,EXPERIMENT_ONLY,2023
2023-01-23,20:00,19,20.886873859779843,1.8868738597798433,ridge_challenger,EXPERIMENT_ONLY,2023
2023-01-24,20:00,20,19.18776687998114,0.8122331200188597,ridge_challenger,EXPERIMENT_ONLY,2023
2023-01-25,20:00,23,20.319937728393946,2.6800622716060545,ridge_challenger,EXPERIMENT_ONLY,2023
2023-01-26,20:00,24,23.273557722462847,0.7264422775371528,ridge_challenger,EXPERIMENT_ONLY,2023
2023-01-27,20:00,22,23.325052632281167,1.3250526322811673,ridge_challenger,EXPERIMENT_ONLY,2023
2023-01-28,20:00,17,20.91952100602306,3.9195210060230607,ridge_challenger,EXPERIMENT_ONLY,2023
2023-01-29,20:00,22,16.888108592699506,5.111891407300494,ridge_challenger,EXPERIMENT_ONLY,2023
2023-01-30,20:00,25,22.06348912848042,2.9365108715195802,ridge_challenger,EXPERIMENT_ONLY,2023
2023-01-31,20:00,21,23.82962688153438,2.829626881534381,ridge_challenger,EXPERIMENT_ONLY,2023
2023-02-01,20:00,23,22.48982572253879,0.5101742774612106,ridge_challenger,EXPERIMENT_ONLY,2023
2023-02-02,20:00,25,23.780208131620263,1.2197918683797369,ridge_challenger,EXPERIMENT_ONLY,2023
2023-02-03,20:00,25,23.422052492313544,1.5779475076864564,ridge_challenger,EXPERIMENT_ONLY,2023
2023-02-04,20:00,25,25.18837424431893,0.18837424431892913,ridge_challenger,EXPERIMENT_ONLY,2023
2023-02-05,20:00,24,25.136331745177255,1.1363317451772552,ridge_challenger,EXPERIMENT_ONLY,2023
2023-02-06,20:00,24,22.36545604739119,1.6345439526088086,ridge_challenger,EXPERIMENT_ONLY,2023
2023-02-07,20:00,24,23.2885819474016,0.7114180525984004,ridge_challenger,EXPERIMENT_ONLY,2023
2023-02-08,20:00,24,23.355805288077672,0.6441947119223279,ridge_challenger,EXPERIMENT_ONLY,2023
2023-02-09,20:00,19,20.892183357631787,1.8921833576317866,ridge_challenger,EXPERIMENT_ONLY,2023
2023-02-10,20:00,21,19.254693470578506,1.7453065294214944,ridge_challenger,EXPERIMENT_ONLY,2023
2023-02-11,20:00,20,20.437112889934586,0.4371128899345855,ridge_challenger,EXPERIMENT_ONLY,2023
2023-02-12,20:00,22,19.206306692191387,2.7936933078086135,ridge_challenger,EXPERIMENT_ONLY,2023
2023-02-13,20:00,21,20.741787611961172,0.25821238803882807,ridge_challenger,EXPERIMENT_ONLY,2023
2023-02-14,20:00,17,18.671320584428226,1.6713205844282264,ridge_challenger,EXPERIMENT_ONLY,2023
2023-02-15,20:00,18,16.458924581286933,1.541075418713067,ridge_challenger,EXPERIMENT_ONLY,2023
2023-02-16,20:00,17,16.92567630943346,0.07432369056654053,ridge_challenger,EXPERIMENT_ONLY,2023
2023-02-17,20:00,19,16.32615752625713,2.6738424737428694,ridge_challenger,EXPERIMENT_ONLY,2023
2023-02-18,20:00,21,18.93800578101077,2.0619942189892306,ridge_challenger,EXPERIMENT_ONLY,2023
2023-02-19,20:00,22,21.22625136767142,0.77374863232858,ridge_challenger,EXPERIMENT_ONLY,2023
2023-02-20,20:00,24,22.496316061161075,1.5036839388389254,ridge_challenger,EXPERIMENT_ONLY,2023
2023-02-21,20:00,23,23.54098526931205,0.5409852693120492,ridge_challenger,EXPERIMENT_ONLY,2023
2023-02-22,20:00,20,23.315676752533395,3.3156767525333954,ridge_challenger,EXPERIMENT_ONLY,2023
2023-02-23,20:00,15,16.98783838977563,1.9878383897756287,ridge_challenger,EXPERIMENT_ONLY,2023
2023-02-24,20:00,17,14.667530914224008,2.332469085775992,ridge_challenger,EXPERIMENT_ONLY,2023
2023-02-25,20:00,18,15.967491730198974,2.032508269801026,ridge_challenger,EXPERIMENT_ONLY,2023
2023-02-26,20:00,20,18.44289108818793,1.557108911812069,ridge_challenger,EXPERIMENT_ONLY,2023
2023-02-27,20:00,19,20.132026233643575,1.1320262336435754,ridge_challenger,EXPERIMENT_ONLY,2023
2023-02-28,20:00,19,17.76968122134232,1.2303187786576792,ridge_challenger,EXPERIMENT_ONLY,2023
2023-03-01,20:00,22,19.04257510466512,2.9574248953348814,ridge_challenger,EXPERIMENT_ONLY,2023
2023-03-02,20:00,23,22.328851170379085,0.6711488296209147,ridge_challenger,EXPERIMENT_ONLY,2023
2023-03-03,20:00,22,22.935450629381673,0.9354506293816733,ridge_challenger,EXPERIMENT_ONLY,2023
2023-03-04,20:00,20,20.792167401352582,0.7921674013525823,ridge_challenger,EXPERIMENT_ONLY,2023
2023-03-05,20:00,18,19.494584698642047,1.494584698642047,ridge_challenger,EXPERIMENT_ONLY,2023
2023-03-06,20:00,18,16.338651178724042,1.6613488212759577,ridge_challenger,EXPERIMENT_ONLY,2023
2023-03-07,20:00,20,17.63555283072029,2.3644471692797104,ridge_challenger,EXPERIMENT_ONLY,2023
2023-03-08,20:00,22,20.735000341331382,1.2649996586686179,ridge_challenger,EXPERIMENT_ONLY,2023
2023-03-09,20:00,22,22.76623198503454,0.7662319850345405,ridge_challenger,EXPERIMENT_ONLY,2023
2023-03-10,20:00,22,19.54887115866187,2.4511288413381287,ridge_challenger,EXPERIMENT_ONLY,2023
2023-03-11,20:00,21,21.62646248500494,0.6264624850049394,ridge_challenger,EXPERIMENT_ONLY,2023
2023-03-12,20:00,22,20.555121337078088,1.4448786629219121,ridge_challenger,EXPERIMENT_ONLY,2023
2023-03-13,20:00,21,22.500326306278833,1.5003263062788328,ridge_challenger,EXPERIMENT_ONLY,2023
2023-03-14,20:00,17,19.058058791655693,2.058058791655693,ridge_challenger,EXPERIMENT_ONLY,2023
2023-03-15,20:00,21,17.619997593120654,3.3800024068793455,ridge_challenger,EXPERIMENT_ONLY,2023
2023-03-16,20:00,21,20.75953593756104,0.24046406243896,ridge_challenger,EXPERIMENT_ONLY,2023
2023-03-17,20:00,22,19.832219736074986,2.167780263925014,ridge_challenger,EXPERIMENT_ONLY,2023
2023-03-18,20:00,20,18.280373340543363,1.7196266594566367,ridge_challenger,EXPERIMENT_ONLY,2023
2023-03-19,20:00,22,20.401627347373505,1.5983726526264945,ridge_challenger,EXPERIMENT_ONLY,2023
2023-03-20,20:00,21,21.33778022615352,0.33778022615351944,ridge_challenger,EXPERIMENT_ONLY,2023
2023-03-21,20:00,20,19.703196231689557,0.2968037683104434,ridge_challenger,EXPERIMENT_ONLY,2023
2023-03-22,20:00,16,19.703569234825853,3.703569234825853,ridge_challenger,EXPERIMENT_ONLY,2023
2023-03-23,20:00,17,16.836071102800965,0.16392889719903536,ridge_challenger,EXPERIMENT_ONLY,2023
2023-03-24,20:00,18,17.391534467562884,0.6084655324371155,ridge_challenger,EXPERIMENT_ONLY,2023
2023-03-25,20:00,20,19.236099165707678,0.7639008342923219,ridge_challenger,EXPERIMENT_ONLY,2023
2023-03-26,20:00,21,21.44459711015844,0.4445971101584405,ridge_challenger,EXPERIMENT_ONLY,2023
2023-03-27,20:00,19,20.612898177764876,1.612898177764876,ridge_challenger,EXPERIMENT_ONLY,2023
2023-03-28,20:00,19,19.7347988841675,0.7347988841674997,ridge_challenger,EXPERIMENT_ONLY,2023
2023-03-29,20:00,13,14.427704136970954,1.427704136970954,ridge_challenger,EXPERIMENT_ONLY,2023
2023-03-30,20:00,15,16.103569966606635,1.103569966606635,ridge_challenger,EXPERIMENT_ONLY,2023
2023-03-31,20:00,19,14.18760022391898,4.812399776081021,ridge_challenger,EXPERIMENT_ONLY,2023
2023-04-01,20:00,19,18.197103514001146,0.8028964859988541,ridge_challenger,EXPERIMENT_ONLY,2023
2023-04-02,20:00,21,19.4987880155483,1.5012119844517002,ridge_challenger,EXPERIMENT_ONLY,2023
2023-04-03,20:00,16,19.287992422510133,3.2879924225101327,ridge_challenger,EXPERIMENT_ONLY,2023
2023-04-04,20:00,17,16.60766183513287,0.39233816486713025,ridge_challenger,EXPERIMENT_ONLY,2023
2023-04-05,20:00,19,18.184334994490683,0.8156650055093166,ridge_challenger,EXPERIMENT_ONLY,2023
2023-04-06,20:00,20,20.396222889812666,0.39622288981266607,ridge_challenger,EXPERIMENT_ONLY,2023
2023-04-07,20:00,16,18.174627846850306,2.1746278468503064,ridge_challenger,EXPERIMENT_ONLY,2023
2023-04-08,20:00,16,17.36471261176867,1.3647126117686703,ridge_challenger,EXPERIMENT_ONLY,2023
2023-04-09,20:00,17,16.42586776616942,0.5741322338305785,ridge_challenger,EXPERIMENT_ONLY,2023
2023-04-10,20:00,21,17.724172476327922,3.2758275236720777,ridge_challenger,EXPERIMENT_ONLY,2023
2023-04-11,20:00,20,18.787941684874895,1.2120583151251054,ridge_challenger,EXPERIMENT_ONLY,2023
2023-04-12,20:00,19,18.838261165673842,0.1617388343261581,ridge_challenger,EXPERIMENT_ONLY,2023
2023-04-13,20:00,17,17.35425750925892,0.35425750925892174,ridge_challenger,EXPERIMENT_ONLY,2023
2023-04-14,20:00,17,17.722718930278894,0.7227189302788943,ridge_challenger,EXPERIMENT_ONLY,2023
2023-04-15,20:00,19,17.26547359586111,1.7345264041388901,ridge_challenger,EXPERIMENT_ONLY,2023
2023-04-16,20:00,17,17.74181264591235,0.7418126459123506,ridge_challenger,EXPERIMENT_ONLY,2023
2023-04-17,20:00,20,17.632320476328033,2.367679523671967,ridge_challenger,EXPERIMENT_ONLY,2023
2023-04-18,20:00,19,19.394072903194065,0.39407290319406485,ridge_challenger,EXPERIMENT_ONLY,2023
2023-04-19,20:00,19,18.990797323333197,0.009202676666802745,ridge_challenger,EXPERIMENT_ONLY,2023
2023-04-20,20:00,20,18.864797896882543,1.1352021031174573,ridge_challenger,EXPERIMENT_ONLY,2023
2023-04-21,20:00,19,20.379114844237556,1.3791148442375558,ridge_challenger,EXPERIMENT_ONLY,2023
2023-04-22,20:00,17,18.875940812655866,1.875940812655866,ridge_challenger,EXPERIMENT_ONLY,2023
2023-04-23,20:00,19,18.398233282739913,0.6017667172600873,ridge_challenger,EXPERIMENT_ONLY,2023
2023-04-24,20:00,18,14.859033596500703,3.140966403499297,ridge_challenger,EXPERIMENT_ONLY,2023
2023-04-25,20:00,18,16.6491589873882,1.3508410126117987,ridge_challenger,EXPERIMENT_ONLY,2023
2023-04-26,20:00,17,16.641664019445074,0.35833598055492644,ridge_challenger,EXPERIMENT_ONLY,2023
2023-04-27,20:00,15,14.996430747869512,0.0035692521304877545,ridge_challenger,EXPERIMENT_ONLY,2023
2023-04-28,20:00,16,15.185438616643106,0.8145613833568941,ridge_challenger,EXPERIMENT_ONLY,2023
2023-04-29,20:00,18,16.750184789692042,1.2498152103079576,ridge_challenger,EXPERIMENT_ONLY,2023
2023-04-30,20:00,18,17.683241401982713,0.31675859801728734,ridge_challenger,EXPERIMENT_ONLY,2023
2023-05-01,20:00,17,18.962679065434124,1.9626790654341235,ridge_challenger,EXPERIMENT_ONLY,2023
2023-05-02,20:00,21,17.550652615434277,3.4493473845657228,ridge_challenger,EXPERIMENT_ONLY,2023
2023-05-03,20:00,20,20.566250450168823,0.5662504501688232,ridge_challenger,EXPERIMENT_ONLY,2023
2023-05-04,20:00,18,19.89358448832669,1.8935844883266917,ridge_challenger,EXPERIMENT_ONLY,2023
2023-05-05,20:00,20,18.881229221155394,1.1187707788446062,ridge_challenger,EXPERIMENT_ONLY,2023
2023-05-06,20:00,20,19.65551554871268,0.34448445128732175,ridge_challenger,EXPERIMENT_ONLY,2023
2023-05-07,20:00,20,19.429910605851873,0.5700893941481269,ridge_challenger,EXPERIMENT_ONLY,2023
2023-05-08,20:00,22,19.47734293124017,2.5226570687598304,ridge_challenger,EXPERIMENT_ONLY,2023
2023-05-09,20:00,20,21.816173907548404,1.8161739075484036,ridge_challenger,EXPERIMENT_ONLY,2023
2023-05-10,20:00,17,19.39210379897312,2.392103798973121,ridge_challenger,EXPERIMENT_ONLY,2023
2023-05-11,20:00,12,14.952146042168453,2.9521460421684527,ridge_challenger,EXPERIMENT_ONLY,2023
2023-05-12,20:00,14,12.831656668110645,1.1683433318893552,ridge_challenger,EXPERIMENT_ONLY,2023
2023-05-13,20:00,15,15.768730911176117,0.7687309111761174,ridge_challenger,EXPERIMENT_ONLY,2023
2023-05-14,20:00,16,16.252578686125222,0.25257868612522216,ridge_challenger,EXPERIMENT_ONLY,2023
2023-05-15,20:00,15,16.30635433343372,1.3063543334337204,ridge_challenger,EXPERIMENT_ONLY,2023
2023-05-16,20:00,14,14.57309184547481,0.57309184547481,ridge_challenger,EXPERIMENT_ONLY,2023
2023-05-17,20:00,16,15.576093584777736,0.42390641522226424,ridge_challenger,EXPERIMENT_ONLY,2023
2023-05-18,20:00,15,16.57415861671184,1.5741586167118413,ridge_challenger,EXPERIMENT_ONLY,2023
2023-05-19,20:00,14,14.719710233987097,0.7197102339870973,ridge_challenger,EXPERIMENT_ONLY,2023
2023-05-20,20:00,15,14.683068579262645,0.3169314207373546,ridge_challenger,EXPERIMENT_ONLY,2023
2023-05-21,20:00,15,14.596989915380174,0.4030100846198259,ridge_challenger,EXPERIMENT_ONLY,2023
2023-05-22,20:00,17,16.91266399834009,0.08733600165991007,ridge_challenger,EXPERIMENT_ONLY,2023
2023-05-23,20:00,16,16.9031591696839,0.9031591696838994,ridge_challenger,EXPERIMENT_ONLY,2023
2023-05-24,20:00,14,16.304786065300156,2.3047860653001564,ridge_challenger,EXPERIMENT_ONLY,2023
2023-05-25,20:00,15,14.658967899096869,0.3410321009031314,ridge_challenger,EXPERIMENT_ONLY,2023
2023-05-26,20:00,17,17.092367550349614,0.09236755034961419,ridge_challenger,EXPERIMENT_ONLY,2023
2023-05-27,20:00,17,17.300612059244063,0.3006120592440631,ridge_challenger,EXPERIMENT_ONLY,2023
2023-05-28,20:00,19,18.642444052562634,0.3575559474373655,ridge_challenger,EXPERIMENT_ONLY,2023
2023-05-29,20:00,18,18.105864041800842,0.1058640418008423,ridge_challenger,EXPERIMENT_ONLY,2023
2023-05-30,20:00,17,18.269394804374137,1.2693948043741372,ridge_challenger,EXPERIMENT_ONLY,2023
2023-05-31,20:00,16,17.43330691623825,1.4333069162382515,ridge_challenger,EXPERIMENT_ONLY,2023
2023-06-01,20:00,18,18.12138384669849,0.1213838466984889,ridge_challenger,EXPERIMENT_ONLY,2023
2023-06-02,20:00,18,19.43712831404155,1.4371283140415514,ridge_challenger,EXPERIMENT_ONLY,2023
2023-06-03,20:00,15,16.3221918097235,1.322191809723499,ridge_challenger,EXPERIMENT_ONLY,2023
2023-06-04,20:00,15,15.618433806893687,0.6184338068936874,ridge_challenger,EXPERIMENT_ONLY,2023
2023-06-05,20:00,13,14.226375084369332,1.226375084369332,ridge_challenger,EXPERIMENT_ONLY,2023
2023-06-06,20:00,12,12.535378001813443,0.5353780018134433,ridge_challenger,EXPERIMENT_ONLY,2023
2023-06-07,20:00,13,13.344369657611558,0.34436965761155847,ridge_challenger,EXPERIMENT_ONLY,2023
2023-06-08,20:00,13,13.889960325541285,0.8899603255412849,ridge_challenger,EXPERIMENT_ONLY,2023
2023-06-09,20:00,14,15.827844530808273,1.8278445308082727,ridge_challenger,EXPERIMENT_ONLY,2023
2023-06-10,20:00,12,13.887920424225033,1.8879204242250331,ridge_challenger,EXPERIMENT_ONLY,2023
2023-06-11,20:00,14,12.873822441420995,1.1261775585790055,ridge_challenger,EXPERIMENT_ONLY,2023
2023-06-12,20:00,13,14.931449988763983,1.9314499887639833,ridge_challenger,EXPERIMENT_ONLY,2023
2023-06-13,20:00,13,13.763176847560317,0.7631768475603167,ridge_challenger,EXPERIMENT_ONLY,2023
2023-06-14,20:00,13,12.505505414431736,0.49449458556826364,ridge_challenger,EXPERIMENT_ONLY,2023
2023-06-15,20:00,14,14.175817293024863,0.17581729302486337,ridge_challenger,EXPERIMENT_ONLY,2023
2023-06-16,20:00,13,13.807040775996903,0.8070407759969029,ridge_challenger,EXPERIMENT_ONLY,2023
2023-06-17,20:00,15,14.10021152408639,0.8997884759136099,ridge_challenger,EXPERIMENT_ONLY,2023
2023-06-18,20:00,16,16.25596100056349,0.2559610005634916,ridge_challenger,EXPERIMENT_ONLY,2023
2023-06-19,20:00,15,15.8366802710107,0.8366802710106995,ridge_challenger,EXPERIMENT_ONLY,2023
2023-06-20,20:00,15,16.129184498836985,1.1291844988369846,ridge_challenger,EXPERIMENT_ONLY,2023
2023-06-21,20:00,15,15.550918169745986,0.5509181697459855,ridge_challenger,EXPERIMENT_ONLY,2023
2023-06-22,20:00,15,16.105505744941187,1.105505744941187,ridge_challenger,EXPERIMENT_ONLY,2023
2023-06-23,20:00,17,16.710219076243106,0.28978092375689357,ridge_challenger,EXPERIMENT_ONLY,2023
2023-06-24,20:00,16,16.26707618676887,0.26707618676886824,ridge_challenger,EXPERIMENT_ONLY,2023
2023-06-25,20:00,16,15.586052700208414,0.4139472997915856,ridge_challenger,EXPERIMENT_ONLY,2023
2023-06-26,20:00,16,15.977311314024766,0.022688685975234435,ridge_challenger,EXPERIMENT_ONLY,2023
2023-06-27,20:00,14,16.886282779587372,2.886282779587372,ridge_challenger,EXPERIMENT_ONLY,2023
2023-06-28,20:00,15,15.205830400200247,0.2058304002002469,ridge_challenger,EXPERIMENT_ONLY,2023
2023-06-29,20:00,15,15.37346286423417,0.3734628642341704,ridge_challenger,EXPERIMENT_ONLY,2023
2023-06-30,20:00,14,13.354663591795301,0.6453364082046988,ridge_challenger,EXPERIMENT_ONLY,2023
2023-07-01,20:00,13,11.162420750726266,1.837579249273734,ridge_challenger,EXPERIMENT_ONLY,2023
2023-07-02,20:00,13,13.67922985532369,0.6792298553236904,ridge_challenger,EXPERIMENT_ONLY,2023
2023-07-03,20:00,14,12.637798491905231,1.3622015080947687,ridge_challenger,EXPERIMENT_ONLY,2023
2023-07-04,20:00,17,12.367515448484784,4.6324845515152155,ridge_challenger,EXPERIMENT_ONLY,2023
2023-07-05,20:00,14,15.52207292383471,1.5220729238347097,ridge_challenger,EXPERIMENT_ONLY,2023
2023-07-06,20:00,12,13.878622773334131,1.878622773334131,ridge_challenger,EXPERIMENT_ONLY,2023
2023-07-07,20:00,12,12.554767663439737,0.5547676634397369,ridge_challenger,EXPERIMENT_ONLY,2023
2023-07-08,20:00,14,13.231776792411711,0.7682232075882887,ridge_challenger,EXPERIMENT_ONLY,2023
2023-07-09,20:00,13,15.3386843074721,2.3386843074721,ridge_challenger,EXPERIMENT_ONLY,2023
2023-07-10,20:00,12,14.117449596267932,2.1174495962679316,ridge_challenger,EXPERIMENT_ONLY,2023
2023-07-11,20:00,12,14.02203499557495,2.02203499557495,ridge_challenger,EXPERIMENT_ONLY,2023
2023-07-12,20:00,15,14.057093168047242,0.942906831952758,ridge_challenger,EXPERIMENT_ONLY,2023
2023-07-13,20:00,15,14.243183830301877,0.7568161696981228,ridge_challenger,EXPERIMENT_ONLY,2023
2023-07-14,20:00,16,15.161987751028578,0.8380122489714221,ridge_challenger,EXPERIMENT_ONLY,2023
2023-07-15,20:00,16,15.62197041393283,0.37802958606716963,ridge_challenger,EXPERIMENT_ONLY,2023
2023-07-16,20:00,16,17.124266986519167,1.1242669865191672,ridge_challenger,EXPERIMENT_ONLY,2023
2023-07-17,20:00,14,12.46025965647684,1.5397403435231602,ridge_challenger,EXPERIMENT_ONLY,2023
2023-07-18,20:00,17,15.214586059656007,1.785413940343993,ridge_challenger,EXPERIMENT_ONLY,2023
2023-07-19,20:00,14,17.441794199931945,3.4417941999319446,ridge_challenger,EXPERIMENT_ONLY,2023
2023-07-20,20:00,13,15.006614128253682,2.0066141282536822,ridge_challenger,EXPERIMENT_ONLY,2023
2023-07-21,20:00,11,13.674371319077393,2.674371319077393,ridge_challenger,EXPERIMENT_ONLY,2023
2023-07-22,20:00,10,10.703979758563536,0.7039797585635359,ridge_challenger,EXPERIMENT_ONLY,2023
2023-07-23,20:00,11,12.460321929317102,1.460321929317102,ridge_challenger,EXPERIMENT_ONLY,2023
2023-07-24,20:00,12,12.37713596960351,0.3771359696035095,ridge_challenger,EXPERIMENT_ONLY,2023
2023-07-25,20:00,14,11.82118891221765,2.17881108778235,ridge_challenger,EXPERIMENT_ONLY,2023
2023-07-26,20:00,10,12.509701125959287,2.509701125959287,ridge_challenger,EXPERIMENT_ONLY,2023
2023-07-27,20:00,13,11.647977200597643,1.3520227994023575,ridge_challenger,EXPERIMENT_ONLY,2023
2023-07-28,20:00,10,12.05124733875212,2.0512473387521197,ridge_challenger,EXPERIMENT_ONLY,2023
2023-07-29,20:00,13,11.721499837801746,1.2785001621982541,ridge_challenger,EXPERIMENT_ONLY,2023
2023-07-30,20:00,13,12.69620890876057,0.3037910912394306,ridge_challenger,EXPERIMENT_ONLY,2023
2023-07-31,20:00,14,14.930506862235816,0.9305068622358164,ridge_challenger,EXPERIMENT_ONLY,2023
2023-08-01,20:00,16,16.341213000535745,0.34121300053574544,ridge_challenger,EXPERIMENT_ONLY,2023
2023-08-02,20:00,12,14.844659114800608,2.844659114800608,ridge_challenger,EXPERIMENT_ONLY,2023
2023-08-03,20:00,11,10.295739016745857,0.7042609832541427,ridge_challenger,EXPERIMENT_ONLY,2023
2023-08-04,20:00,13,11.971037303004536,1.028962696995464,ridge_challenger,EXPERIMENT_ONLY,2023
2023-08-05,20:00,12,11.563463385024924,0.43653661497507557,ridge_challenger,EXPERIMENT_ONLY,2023
2023-08-06,20:00,12,12.409510774949851,0.409510774949851,ridge_challenger,EXPERIMENT_ONLY,2023
2023-08-07,20:00,14,14.00902764704903,0.009027647049029142,ridge_challenger,EXPERIMENT_ONLY,2023
2023-08-08,20:00,11,12.509701125959287,1.5097011259592872,ridge_challenger,EXPERIMENT_ONLY,2023
2023-08-09,20:00,11,11.774009359718658,0.7740093597186579,ridge_challenger,EXPERIMENT_ONLY,2023
2023-08-10,20:00,8,11.046452299869488,3.046452299869488,ridge_challenger,EXPERIMENT_ONLY,2023
2023-08-11,20:00,10,8.922156461073149,1.0778435389268513,ridge_challenger,EXPERIMENT_ONLY,2023
2023-08-12,20:00,12,11.356913979364704,0.6430860206352964,ridge_challenger,EXPERIMENT_ONLY,2023
2023-08-13,20:00,14,14.607065788710043,0.6070657887100435,ridge_challenger,EXPERIMENT_ONLY,2023
2023-08-14,20:00,15,14.964513143894028,0.035486856105972464,ridge_challenger,EXPERIMENT_ONLY,2023
2023-08-15,20:00,13,15.256950108392683,2.256950108392683,ridge_challenger,EXPERIMENT_ONLY,2023
2023-08-16,20:00,11,13.06330762609929,2.0633076260992897,ridge_challenger,EXPERIMENT_ONLY,2023
2023-08-17,20:00,12,11.095505400741569,0.904494599258431,ridge_challenger,EXPERIMENT_ONLY,2023
2023-08-18,20:00,13,12.903595191152474,0.09640480884752556,ridge_challenger,EXPERIMENT_ONLY,2023
2023-08-19,20:00,12,13.40714712335787,1.4071471233578698,ridge_challenger,EXPERIMENT_ONLY,2023
2023-08-20,20:00,15,13.596772228031801,1.403227771968199,ridge_challenger,EXPERIMENT_ONLY,2023
2023-08-21,20:00,12,15.302105545193305,3.302105545193305,ridge_challenger,EXPERIMENT_ONLY,2023
2023-08-22,20:00,11,11.542010152996054,0.5420101529960544,ridge_challenger,EXPERIMENT_ONLY,2023
2023-08-23,20:00,11,11.601453707067463,0.6014537070674635,ridge_challenger,EXPERIMENT_ONLY,2023
2023-08-24,20:00,14,12.11301409228444,1.8869859077155606,ridge_challenger,EXPERIMENT_ONLY,2023
2023-08-25,20:00,12,13.854246901188178,1.8542469011881781,ridge_challenger,EXPERIMENT_ONLY,2023
2023-08-26,20:00,14,12.95958635307363,1.0404136469263694,ridge_challenger,EXPERIMENT_ONLY,2023
2023-08-27,20:00,11,15.75305872318148,4.75305872318148,ridge_challenger,EXPERIMENT_ONLY,2023
2023-08-28,20:00,9,10.294530563956474,1.2945305639564744,ridge_challenger,EXPERIMENT_ONLY,2023
2023-08-29,20:00,13,10.631215649325148,2.3687843506748525,ridge_challenger,EXPERIMENT_ONLY,2023
2023-08-30,20:00,14,14.049070436260589,0.049070436260588934,ridge_challenger,EXPERIMENT_ONLY,2023
2023-08-31,20:00,15,14.566733353898503,0.43326664610149734,ridge_challenger,EXPERIMENT_ONLY,2023
2023-09-01,20:00,14,15.421901323704278,1.4219013237042777,ridge_challenger,EXPERIMENT_ONLY,2023
2023-09-02,20:00,16,15.74856906964846,0.25143093035154074,ridge_challenger,EXPERIMENT_ONLY,2023
2023-09-03,20:00,16,15.148098316989774,0.851901683010226,ridge_challenger,EXPERIMENT_ONLY,2023
2023-09-04,20:00,15,15.042707162598004,0.042707162598004444,ridge_challenger,EXPERIMENT_ONLY,2023
2023-09-05,20:00,15,15.386525140442698,0.38652514044269815,ridge_challenger,EXPERIMENT_ONLY,2023
2023-09-06,20:00,16,15.792715792991288,0.20728420700871197,ridge_challenger,EXPERIMENT_ONLY,2023
2023-09-07,20:00,17,16.159851448842325,0.8401485511576752,ridge_challenger,EXPERIMENT_ONLY,2023
2023-09-08,20:00,18,16.620171607615937,1.3798283923840629,ridge_challenger,EXPERIMENT_ONLY,2023
2023-09-09,20:00,17,16.82901572460012,0.17098427539988137,ridge_challenger,EXPERIMENT_ONLY,2023
2023-09-10,20:00,17,17.13345075830337,0.1334507583033684,ridge_challenger,EXPERIMENT_ONLY,2023
2023-09-11,20:00,16,17.374226500574615,1.3742265005746148,ridge_challenger,EXPERIMENT_ONLY,2023
2023-09-12,20:00,15,14.772247793709198,0.22775220629080195,ridge_challenger,EXPERIMENT_ONLY,2023
2023-09-13,20:00,16,15.919007617248512,0.08099238275148757,ridge_challenger,EXPERIMENT_ONLY,2023
2023-09-14,20:00,15,15.947779133702186,0.9477791337021859,ridge_challenger,EXPERIMENT_ONLY,2023
2023-09-15,20:00,15,16.264389386342632,1.264389386342632,ridge_challenger,EXPERIMENT_ONLY,2023
2023-09-16,20:00,14,14.3489744958923,0.3489744958922998,ridge_challenger,EXPERIMENT_ONLY,2023
2023-09-17,20:00,19,15.956087292714255,3.0439127072857453,ridge_challenger,EXPERIMENT_ONLY,2023
2023-09-18,20:00,18,18.471074263482677,0.4710742634826772,ridge_challenger,EXPERIMENT_ONLY,2023
2023-09-19,20:00,16,16.839947321450925,0.839947321450925,ridge_challenger,EXPERIMENT_ONLY,2023
2023-09-20,20:00,17,18.02486598344397,1.02486598344397,ridge_challenger,EXPERIMENT_ONLY,2023
2023-09-21,20:00,15,18.067926840483896,3.0679268404838957,ridge_challenger,EXPERIMENT_ONLY,2023
2023-09-22,20:00,17,15.615100900597888,1.3848990994021122,ridge_challenger,EXPERIMENT_ONLY,2023
2023-09-23,20:00,16,17.218990862002013,1.2189908620020127,ridge_challenger,EXPERIMENT_ONLY,2023
2023-09-24,20:00,13,13.919701139649453,0.9197011396494528,ridge_challenger,EXPERIMENT_ONLY,2023
2023-09-25,20:00,11,12.341870019107509,1.3418700191075086,ridge_challenger,EXPERIMENT_ONLY,2023
2023-09-26,20:00,11,11.618138509761534,0.6181385097615344,ridge_challenger,EXPERIMENT_ONLY,2023
2023-09-27,20:00,10,10.799903955822566,0.7999039558225665,ridge_challenger,EXPERIMENT_ONLY,2023
2023-09-28,20:00,15,11.82566902413144,3.1743309758685605,ridge_challenger,EXPERIMENT_ONLY,2023
2023-09-29,20:00,14,13.154589552856857,0.8454104471431432,ridge_challenger,EXPERIMENT_ONLY,2023
2023-09-30,20:00,13,13.134042275563367,0.1340422755633668,ridge_challenger,EXPERIMENT_ONLY,2023
2023-10-01,20:00,17,13.603402294325774,3.3965977056742265,ridge_challenger,EXPERIMENT_ONLY,2023
2023-10-02,20:00,17,18.450906743113297,1.450906743113297,ridge_challenger,EXPERIMENT_ONLY,2023
2023-10-03,20:00,12,13.40657442435823,1.4065744243582294,ridge_challenger,EXPERIMENT_ONLY,2023
2023-10-04,20:00,14,12.212728644059347,1.7872713559406535,ridge_challenger,EXPERIMENT_ONLY,2023
2023-10-05,20:00,18,15.815539200798126,2.184460799201874,ridge_challenger,EXPERIMENT_ONLY,2023
2023-10-06,20:00,16,18.01710034654294,2.0171003465429393,ridge_challenger,EXPERIMENT_ONLY,2023
2023-10-07,20:00,14,15.508182529447588,1.5081825294475877,ridge_challenger,EXPERIMENT_ONLY,2023
2023-10-08,20:00,13,14.257958055650144,1.2579580556501444,ridge_challenger,EXPERIMENT_ONLY,2023
2023-10-09,20:00,15,13.378176972000148,1.6218230279998522,ridge_challenger,EXPERIMENT_ONLY,2023
2023-10-10,20:00,17,15.596206664447646,1.4037933355523542,ridge_challenger,EXPERIMENT_ONLY,2023
2023-10-11,20:00,14,15.47242137976944,1.4724213797694397,ridge_challenger,EXPERIMENT_ONLY,2023
2023-10-12,20:00,17,15.252828322154572,1.7471716778454276,ridge_challenger,EXPERIMENT_ONLY,2023
2023-10-13,20:00,16,17.315208883938936,1.3152088839389364,ridge_challenger,EXPERIMENT_ONLY,2023
2023-10-14,20:00,16,17.23104426868338,1.2310442686833802,ridge_challenger,EXPERIMENT_ONLY,2023
2023-10-15,20:00,16,17.192904329520093,1.1929043295200934,ridge_challenger,EXPERIMENT_ONLY,2023
2023-10-16,20:00,16,16.46175974597558,0.46175974597558067,ridge_challenger,EXPERIMENT_ONLY,2023
2023-10-17,20:00,16,15.722677344708142,0.27732265529185796,ridge_challenger,EXPERIMENT_ONLY,2023
2023-10-18,20:00,18,15.423177903499932,2.5768220965000683,ridge_challenger,EXPERIMENT_ONLY,2023
2023-10-19,20:00,18,18.695865065322412,0.6958650653224119,ridge_challenger,EXPERIMENT_ONLY,2023
2023-10-20,20:00,17,18.092982993594422,1.092982993594422,ridge_challenger,EXPERIMENT_ONLY,2023
2023-10-21,20:00,15,18.18513697523692,3.1851369752369187,ridge_challenger,EXPERIMENT_ONLY,2023
2023-10-22,20:00,13,13.843811218405808,0.8438112184058078,ridge_challenger,EXPERIMENT_ONLY,2023
2023-10-23,20:00,16,13.149092506331938,2.8509074936680623,ridge_challenger,EXPERIMENT_ONLY,2023
2023-10-24,20:00,16,16.92872615382434,0.9287261538243392,ridge_challenger,EXPERIMENT_ONLY,2023
2023-10-25,20:00,20,16.538643663542317,3.4613563364576834,ridge_challenger,EXPERIMENT_ONLY,2023
2023-10-26,20:00,18,19.62171433186769,1.6217143318676897,ridge_challenger,EXPERIMENT_ONLY,2023
2023-10-27,20:00,14,17.722959076095055,3.722959076095055,ridge_challenger,EXPERIMENT_ONLY,2023
2023-10-28,20:00,13,13.63393662978374,0.6339366297837401,ridge_challenger,EXPERIMENT_ONLY,2023
2023-10-29,20:00,17,13.2153883119124,3.7846116880875993,ridge_challenger,EXPERIMENT_ONLY,2023
2023-10-30,20:00,18,15.042701813053041,2.957298186946959,ridge_challenger,EXPERIMENT_ONLY,2023
2023-10-31,20:00,20,16.436898799446098,3.563101200553902,ridge_challenger,EXPERIMENT_ONLY,2023
2023-11-01,20:00,22,20.652529590352096,1.3474704096479044,ridge_challenger,EXPERIMENT_ONLY,2023
2023-11-02,20:00,18,20.7439835907845,2.7439835907844987,ridge_challenger,EXPERIMENT_ONLY,2023
2023-11-03,20:00,19,17.748533712703754,1.251466287296246,ridge_challenger,EXPERIMENT_ONLY,2023
2023-11-04,20:00,19,19.305884227428436,0.3058842274284359,ridge_challenger,EXPERIMENT_ONLY,2023
2023-11-05,20:00,18,19.2497267316857,1.2497267316857013,ridge_challenger,EXPERIMENT_ONLY,2023
2023-11-06,20:00,13,15.265309131650161,2.2653091316501612,ridge_challenger,EXPERIMENT_ONLY,2023
2023-11-07,20:00,13,12.923584467615733,0.07641553238426724,ridge_challenger,EXPERIMENT_ONLY,2023
2023-11-08,20:00,15,14.181736216768929,0.8182637832310711,ridge_challenger,EXPERIMENT_ONLY,2023
2023-11-09,20:00,15,15.476560810220741,0.47656081022074126,ridge_challenger,EXPERIMENT_ONLY,2023
2023-11-10,20:00,14,13.660592682464682,0.3394073175353185,ridge_challenger,EXPERIMENT_ONLY,2023
2023-11-11,20:00,18,14.69867179592547,3.3013282040745295,ridge_challenger,EXPERIMENT_ONLY,2023
2023-11-12,20:00,19,18.456069281880875,0.5439307181191246,ridge_challenger,EXPERIMENT_ONLY,2023
2023-11-13,20:00,19,19.124106911151138,0.12410691115113792,ridge_challenger,EXPERIMENT_ONLY,2023
2023-11-14,20:00,18,19.24937504107471,1.2493750410747104,ridge_challenger,EXPERIMENT_ONLY,2023
2023-11-15,20:00,21,19.15887646262182,1.8411235373781807,ridge_challenger,EXPERIMENT_ONLY,2023
2023-11-16,20:00,19,20.62150832096836,1.6215083209683598,ridge_challenger,EXPERIMENT_ONLY,2023
2023-11-17,20:00,18,18.16760791328727,0.1676079132872701,ridge_challenger,EXPERIMENT_ONLY,2023
2023-11-18,20:00,17,15.14847412322394,1.8515258767760603,ridge_challenger,EXPERIMENT_ONLY,2023
2023-11-19,20:00,16,17.16173137242931,1.1617313724293084,ridge_challenger,EXPERIMENT_ONLY,2023
2023-11-20,20:00,16,16.418813342851653,0.41881334285165295,ridge_challenger,EXPERIMENT_ONLY,2023
2023-11-21,20:00,16,15.163316934799054,0.8366830652009458,ridge_challenger,EXPERIMENT_ONLY,2023
2023-11-22,20:00,20,17.277541199503652,2.722458800496348,ridge_challenger,EXPERIMENT_ONLY,2023
2023-11-23,20:00,20,20.302771094677148,0.3027710946771478,ridge_challenger,EXPERIMENT_ONLY,2023
2023-11-24,20:00,16,15.720656442358239,0.2793435576417611,ridge_challenger,EXPERIMENT_ONLY,2023
2023-11-25,20:00,12,13.792576684458416,1.7925766844584157,ridge_challenger,EXPERIMENT_ONLY,2023
2023-11-26,20:00,15,14.031164827071022,0.9688351729289781,ridge_challenger,EXPERIMENT_ONLY,2023
2023-11-27,20:00,19,15.443913335586883,3.556086664413117,ridge_challenger,EXPERIMENT_ONLY,2023
2023-11-28,20:00,20,18.970760758717145,1.0292392412828555,ridge_challenger,EXPERIMENT_ONLY,2023
2023-11-29,20:00,16,15.85640179917045,0.14359820082954933,ridge_challenger,EXPERIMENT_ONLY,2023
2023-11-30,20:00,19,17.25107438284093,1.7489256171590704,ridge_challenger,EXPERIMENT_ONLY,2023
2023-12-01,20:00,16,15.755775415990575,0.24422458400942482,ridge_challenger,EXPERIMENT_ONLY,2023
2023-12-02,20:00,21,16.715137519668314,4.284862480331686,ridge_challenger,EXPERIMENT_ONLY,2023
2023-12-03,20:00,17,19.027634891210802,2.027634891210802,ridge_challenger,EXPERIMENT_ONLY,2023
2023-12-04,20:00,15,16.50034586393406,1.5003458639340614,ridge_challenger,EXPERIMENT_ONLY,2023
2023-12-05,20:00,19,17.438849462708706,1.5611505372912937,ridge_challenger,EXPERIMENT_ONLY,2023
2023-12-06,20:00,22,19.5977523987677,2.4022476012323004,ridge_challenger,EXPERIMENT_ONLY,2023
2023-12-07,20:00,21,20.286187682031073,0.7138123179689266,ridge_challenger,EXPERIMENT_ONLY,2023
2023-12-08,20:00,19,19.94504810454036,0.9450481045403585,ridge_challenger,EXPERIMENT_ONLY,2023
2023-12-09,20:00,20,19.418119403508175,0.5818805964918248,ridge_challenger,EXPERIMENT_ONLY,2023
2023-12-10,20:00,17,18.460201992119387,1.4602019921193872,ridge_challenger,EXPERIMENT_ONLY,2023
2023-12-11,20:00,20,16.539440678395852,3.4605593216041477,ridge_challenger,EXPERIMENT_ONLY,2023
2023-12-12,20:00,20,18.939931612366536,1.0600683876334642,ridge_challenger,EXPERIMENT_ONLY,2023
2023-12-13,20:00,16,16.568774144697137,0.5687741446971373,ridge_challenger,EXPERIMENT_ONLY,2023
2023-12-14,20:00,17,17.674640098500756,0.6746400985007561,ridge_challenger,EXPERIMENT_ONLY,2023
2023-12-15,20:00,18,18.268159772539782,0.2681597725397822,ridge_challenger,EXPERIMENT_ONLY,2023
2023-12-16,20:00,18,18.43128657751755,0.4312865775175503,ridge_challenger,EXPERIMENT_ONLY,2023
2023-12-17,20:00,21,19.066703620642077,1.9332963793579232,ridge_challenger,EXPERIMENT_ONLY,2023
2023-12-18,20:00,17,17.662104546151927,0.6621045461519266,ridge_challenger,EXPERIMENT_ONLY,2023
2023-12-19,20:00,23,18.88742457955468,4.112575420445321,ridge_challenger,EXPERIMENT_ONLY,2023
2023-12-20,20:00,21,21.246541779402364,0.24654177940236366,ridge_challenger,EXPERIMENT_ONLY,2023
2023-12-21,20:00,20,20.69622064896001,0.6962206489600113,ridge_challenger,EXPERIMENT_ONLY,2023
2023-12-22,20:00,18,19.181059701294018,1.1810597012940178,ridge_challenger,EXPERIMENT_ONLY,2023
2023-12-23,20:00,24,20.21141743025524,3.7885825697447615,ridge_challenger,EXPERIMENT_ONLY,2023
2023-12-24,20:00,22,22.00764820854464,0.007648208544640767,ridge_challenger,EXPERIMENT_ONLY,2023
2023-12-25,20:00,22,21.642848010422675,0.35715198957732497,ridge_challenger,EXPERIMENT_ONLY,2023
2023-12-26,20:00,23,22.35174329799339,0.6482567020066092,ridge_challenger,EXPERIMENT_ONLY,2023
2023-12-27,20:00,19,18.799866192285297,0.20013380771470324,ridge_challenger,EXPERIMENT_ONLY,2023
2023-12-28,20:00,24,18.921463885570493,5.078536114429507,ridge_challenger,EXPERIMENT_ONLY,2023
2023-12-29,20:00,21,21.81375718968562,0.8137571896856208,ridge_challenger,EXPERIMENT_ONLY,2023
2023-12-30,20:00,23,22.166508853424116,0.8334911465758843,ridge_challenger,EXPERIMENT_ONLY,2023
2023-12-31,20:00,24,21.599362236625073,2.4006377633749274,ridge_challenger,EXPERIMENT_ONLY,2023
2023-01-01,21:00,17,16.723365689210564,0.27663431078943646,ridge_challenger,EXPERIMENT_ONLY,2023
2023-01-02,21:00,20,17.68045903828855,2.31954096171145,ridge_challenger,EXPERIMENT_ONLY,2023
2023-01-03,21:00,22,22.050508029583682,0.050508029583681946,ridge_challenger,EXPERIMENT_ONLY,2023
2023-01-04,21:00,24,22.466202627478342,1.5337973725216578,ridge_challenger,EXPERIMENT_ONLY,2023
2023-01-05,21:00,23,20.643498817676186,2.3565011823238144,ridge_challenger,EXPERIMENT_ONLY,2023
2023-01-06,21:00,22,22.014185328195758,0.014185328195758018,ridge_challenger,EXPERIMENT_ONLY,2023
2023-01-07,21:00,19,19.192529078801176,0.19252907880117576,ridge_challenger,EXPERIMENT_ONLY,2023
2023-01-08,21:00,16,16.21457773563237,0.21457773563237126,ridge_challenger,EXPERIMENT_ONLY,2023
2023-01-09,21:00,20,17.08614189981763,2.9138581001823702,ridge_challenger,EXPERIMENT_ONLY,2023
2023-01-10,21:00,21,19.83151961200507,1.1684803879949293,ridge_challenger,EXPERIMENT_ONLY,2023
2023-01-11,21:00,18,18.348713982341106,0.3487139823411063,ridge_challenger,EXPERIMENT_ONLY,2023
2023-01-12,21:00,18,16.030378382798762,1.9696216172012377,ridge_challenger,EXPERIMENT_ONLY,2023
2023-01-13,21:00,19,18.543295205465967,0.45670479453403345,ridge_challenger,EXPERIMENT_ONLY,2023
2023-01-14,21:00,19,18.246058278447318,0.7539417215526818,ridge_challenger,EXPERIMENT_ONLY,2023
2023-01-15,21:00,19,18.16968257184586,0.8303174281541388,ridge_challenger,EXPERIMENT_ONLY,2023
2023-01-16,21:00,22,20.385508566487132,1.6144914335128675,ridge_challenger,EXPERIMENT_ONLY,2023
2023-01-17,21:00,23,22.565900099194586,0.43409990080541405,ridge_challenger,EXPERIMENT_ONLY,2023
2023-01-18,21:00,23,19.9445480769908,3.055451923009201,ridge_challenger,EXPERIMENT_ONLY,2023
2023-01-19,21:00,21,20.931829644458222,0.06817035554177764,ridge_challenger,EXPERIMENT_ONLY,2023
2023-01-20,21:00,23,22.23069459441768,0.769305405582319,ridge_challenger,EXPERIMENT_ONLY,2023
2023-01-21,21:00,20,19.421229642505484,0.5787703574945162,ridge_challenger,EXPERIMENT_ONLY,2023
2023-01-22,21:00,23,21.36971560839585,1.6302843916041496,ridge_challenger,EXPERIMENT_ONLY,2023
2023-01-23,21:00,19,20.893026967214116,1.8930269672141158,ridge_challenger,EXPERIMENT_ONLY,2023
2023-01-24,21:00,20,19.833460107816443,0.16653989218355747,ridge_challenger,EXPERIMENT_ONLY,2023
2023-01-25,21:00,23,21.357464353334215,1.6425356466657846,ridge_challenger,EXPERIMENT_ONLY,2023
2023-01-26,21:00,24,23.425355014672466,0.5746449853275344,ridge_challenger,EXPERIMENT_ONLY,2023
2023-01-27,21:00,22,23.528623360018933,1.5286233600189334,ridge_challenger,EXPERIMENT_ONLY,2023
2023-01-28,21:00,17,20.295208579203074,3.2952085792030736,ridge_challenger,EXPERIMENT_ONLY,2023
2023-01-29,21:00,22,16.076173702540533,5.923826297459467,ridge_challenger,EXPERIMENT_ONLY,2023
2023-01-30,21:00,25,22.026844208026446,2.9731557919735536,ridge_challenger,EXPERIMENT_ONLY,2023
2023-01-31,21:00,21,22.940642852291283,1.9406428522912833,ridge_challenger,EXPERIMENT_ONLY,2023
2023-02-01,21:00,23,22.077827904143735,0.9221720958562649,ridge_challenger,EXPERIMENT_ONLY,2023
2023-02-02,21:00,25,23.06801097439785,1.9319890256021495,ridge_challenger,EXPERIMENT_ONLY,2023
2023-02-03,21:00,25,23.372975237095467,1.627024762904533,ridge_challenger,EXPERIMENT_ONLY,2023
2023-02-04,21:00,25,25.059222203416525,0.05922220341652462,ridge_challenger,EXPERIMENT_ONLY,2023
2023-02-05,21:00,24,25.000406655502424,1.0004066555024238,ridge_challenger,EXPERIMENT_ONLY,2023
2023-02-06,21:00,24,23.08766143280633,0.9123385671936717,ridge_challenger,EXPERIMENT_ONLY,2023
2023-02-07,21:00,24,23.99993845539115,0.00006154460885099411,ridge_challenger,EXPERIMENT_ONLY,2023
2023-02-08,21:00,24,23.172368044553092,0.8276319554469076,ridge_challenger,EXPERIMENT_ONLY,2023
2023-02-09,21:00,19,19.91165223164629,0.9116522316462898,ridge_challenger,EXPERIMENT_ONLY,2023
2023-02-10,21:00,21,19.66785576135631,1.3321442386436892,ridge_challenger,EXPERIMENT_ONLY,2023
2023-02-11,21:00,20,20.42938530537496,0.4293853053749608,ridge_challenger,EXPERIMENT_ONLY,2023
2023-02-12,21:00,22,19.666027409299833,2.333972590700167,ridge_challenger,EXPERIMENT_ONLY,2023
2023-02-13,21:00,21,20.624458470734563,0.37554152926543694,ridge_challenger,EXPERIMENT_ONLY,2023
2023-02-14,21:00,17,18.535045671390048,1.5350456713900478,ridge_challenger,EXPERIMENT_ONLY,2023
2023-02-15,21:00,18,16.22811309605491,1.7718869039450915,ridge_challenger,EXPERIMENT_ONLY,2023
2023-02-16,21:00,17,16.55370331358392,0.4462966864160798,ridge_challenger,EXPERIMENT_ONLY,2023
2023-02-17,21:00,19,16.49659867015773,2.5034013298422693,ridge_challenger,EXPERIMENT_ONLY,2023
2023-02-18,21:00,21,19.61397817438724,1.3860218256127617,ridge_challenger,EXPERIMENT_ONLY,2023
2023-02-19,21:00,22,21.45478045652436,0.5452195434756391,ridge_challenger,EXPERIMENT_ONLY,2023
2023-02-20,21:00,24,22.762069217217473,1.2379307827825272,ridge_challenger,EXPERIMENT_ONLY,2023
2023-02-21,21:00,23,22.896342188516556,0.1036578114834441,ridge_challenger,EXPERIMENT_ONLY,2023
2023-02-22,21:00,20,21.406152291523277,1.4061522915232771,ridge_challenger,EXPERIMENT_ONLY,2023
2023-02-23,21:00,15,16.706105802432926,1.7061058024329263,ridge_challenger,EXPERIMENT_ONLY,2023
2023-02-24,21:00,17,14.34056282782033,2.65943717217967,ridge_challenger,EXPERIMENT_ONLY,2023
2023-02-25,21:00,18,15.641285012431043,2.3587149875689573,ridge_challenger,EXPERIMENT_ONLY,2023
2023-02-26,21:00,20,18.384432122700794,1.6155678772992061,ridge_challenger,EXPERIMENT_ONLY,2023
2023-02-27,21:00,19,19.737649947526677,0.7376499475266769,ridge_challenger,EXPERIMENT_ONLY,2023
2023-02-28,21:00,19,18.06842817933909,0.9315718206609098,ridge_challenger,EXPERIMENT_ONLY,2023
2023-03-01,21:00,22,19.157240013872883,2.842759986127117,ridge_challenger,EXPERIMENT_ONLY,2023
2023-03-02,21:00,23,22.260995246734158,0.7390047532658421,ridge_challenger,EXPERIMENT_ONLY,2023
2023-03-03,21:00,22,22.184889030433826,0.1848890304338262,ridge_challenger,EXPERIMENT_ONLY,2023
2023-03-04,21:00,20,19.019516428873487,0.9804835711265127,ridge_challenger,EXPERIMENT_ONLY,2023
2023-03-05,21:00,18,19.29873254652386,1.2987325465238584,ridge_challenger,EXPERIMENT_ONLY,2023
2023-03-06,21:00,18,16.27847134117987,1.7215286588201302,ridge_challenger,EXPERIMENT_ONLY,2023
2023-03-07,21:00,20,18.34491468126005,1.6550853187399497,ridge_challenger,EXPERIMENT_ONLY,2023
2023-03-08,21:00,22,21.07351903853663,0.9264809614633691,ridge_challenger,EXPERIMENT_ONLY,2023
2023-03-09,21:00,22,22.502216896730815,0.5022168967308147,ridge_challenger,EXPERIMENT_ONLY,2023
2023-03-10,21:00,22,19.337460867179814,2.6625391328201857,ridge_challenger,EXPERIMENT_ONLY,2023
2023-03-11,21:00,21,20.54575279083115,0.45424720916885164,ridge_challenger,EXPERIMENT_ONLY,2023
2023-03-12,21:00,22,20.817306777867536,1.182693222132464,ridge_challenger,EXPERIMENT_ONLY,2023
2023-03-13,21:00,21,22.692948030584716,1.6929480305847164,ridge_challenger,EXPERIMENT_ONLY,2023
2023-03-14,21:00,17,19.054216078936143,2.054216078936143,ridge_challenger,EXPERIMENT_ONLY,2023
2023-03-15,21:00,21,17.724189074766777,3.2758109252332233,ridge_challenger,EXPERIMENT_ONLY,2023
2023-03-16,21:00,21,21.04522164017126,0.045221640171259736,ridge_challenger,EXPERIMENT_ONLY,2023
2023-03-17,21:00,22,20.302863344126408,1.6971366558735923,ridge_challenger,EXPERIMENT_ONLY,2023
2023-03-18,21:00,20,17.71883649463374,2.2811635053662584,ridge_challenger,EXPERIMENT_ONLY,2023
2023-03-19,21:00,22,20.281056118326575,1.7189438816734253,ridge_challenger,EXPERIMENT_ONLY,2023
2023-03-20,21:00,21,21.36390124714491,0.36390124714490923,ridge_challenger,EXPERIMENT_ONLY,2023
2023-03-21,21:00,20,19.16929601054764,0.8307039894523598,ridge_challenger,EXPERIMENT_ONLY,2023
2023-03-22,21:00,16,18.898308979915885,2.8983089799158854,ridge_challenger,EXPERIMENT_ONLY,2023
2023-03-23,21:00,17,16.488042353913585,0.5119576460864153,ridge_challenger,EXPERIMENT_ONLY,2023
2023-03-24,21:00,18,16.353132758706863,1.6468672412931369,ridge_challenger,EXPERIMENT_ONLY,2023
2023-03-25,21:00,20,18.693691656565573,1.3063083434344271,ridge_challenger,EXPERIMENT_ONLY,2023
2023-03-26,21:00,21,20.890979860343844,0.10902013965615609,ridge_challenger,EXPERIMENT_ONLY,2023
2023-03-27,21:00,19,20.102584187200442,1.102584187200442,ridge_challenger,EXPERIMENT_ONLY,2023
2023-03-28,21:00,19,19.19122101739675,0.19122101739674946,ridge_challenger,EXPERIMENT_ONLY,2023
2023-03-29,21:00,13,14.306936853780636,1.3069368537806358,ridge_challenger,EXPERIMENT_ONLY,2023
2023-03-30,21:00,15,15.581602926323454,0.5816029263234537,ridge_challenger,EXPERIMENT_ONLY,2023
2023-03-31,21:00,19,13.869083318079511,5.130916681920489,ridge_challenger,EXPERIMENT_ONLY,2023
2023-04-01,21:00,19,17.69539248728878,1.3046075127112218,ridge_challenger,EXPERIMENT_ONLY,2023
2023-04-02,21:00,21,19.971049421139835,1.0289505788601652,ridge_challenger,EXPERIMENT_ONLY,2023
2023-04-03,21:00,16,17.844701965628524,1.8447019656285235,ridge_challenger,EXPERIMENT_ONLY,2023
2023-04-04,21:00,17,16.160607120530294,0.8393928794697061,ridge_challenger,EXPERIMENT_ONLY,2023
2023-04-05,21:00,19,18.102205946048684,0.8977940539513156,ridge_challenger,EXPERIMENT_ONLY,2023
2023-04-06,21:00,20,20.47800633526934,0.4780063352693418,ridge_challenger,EXPERIMENT_ONLY,2023
2023-04-07,21:00,16,18.176919870474997,2.176919870474997,ridge_challenger,EXPERIMENT_ONLY,2023
2023-04-08,21:00,16,16.973698660085308,0.9736986600853079,ridge_challenger,EXPERIMENT_ONLY,2023
2023-04-09,21:00,17,15.988722262964572,1.011277737035428,ridge_challenger,EXPERIMENT_ONLY,2023
2023-04-10,21:00,21,17.97076966469736,3.029230335302639,ridge_challenger,EXPERIMENT_ONLY,2023
2023-04-11,21:00,20,19.02300286049349,0.9769971395065085,ridge_challenger,EXPERIMENT_ONLY,2023
2023-04-12,21:00,19,18.984735682635296,0.015264317364703572,ridge_challenger,EXPERIMENT_ONLY,2023
2023-04-13,21:00,17,17.89879133215508,0.8987913321550813,ridge_challenger,EXPERIMENT_ONLY,2023
2023-04-14,21:00,17,18.00000602384202,1.000006023842019,ridge_challenger,EXPERIMENT_ONLY,2023
2023-04-15,21:00,19,17.43651972701549,1.5634802729845099,ridge_challenger,EXPERIMENT_ONLY,2023
2023-04-16,21:00,17,17.380988149831595,0.38098814983159457,ridge_challenger,EXPERIMENT_ONLY,2023
2023-04-17,21:00,20,17.38914360868419,2.61085639131581,ridge_challenger,EXPERIMENT_ONLY,2023
2023-04-18,21:00,19,19.203726551230694,0.2037265512306945,ridge_challenger,EXPERIMENT_ONLY,2023
2023-04-19,21:00,19,19.34180909026702,0.3418090902670201,ridge_challenger,EXPERIMENT_ONLY,2023
2023-04-20,21:00,20,19.094406289187756,0.9055937108122443,ridge_challenger,EXPERIMENT_ONLY,2023
2023-04-21,21:00,19,20.717036466916493,1.7170364669164933,ridge_challenger,EXPERIMENT_ONLY,2023
2023-04-22,21:00,17,19.110536697646644,2.110536697646644,ridge_challenger,EXPERIMENT_ONLY,2023
2023-04-23,21:00,19,18.327600003572638,0.6723999964273624,ridge_challenger,EXPERIMENT_ONLY,2023
2023-04-24,21:00,18,15.364904703277938,2.6350952967220618,ridge_challenger,EXPERIMENT_ONLY,2023
2023-04-25,21:00,18,16.240161717965144,1.7598382820348561,ridge_challenger,EXPERIMENT_ONLY,2023
2023-04-26,21:00,17,16.54750330408856,0.4524966959114387,ridge_challenger,EXPERIMENT_ONLY,2023
2023-04-27,21:00,15,16.218126156016147,1.2181261560161474,ridge_challenger,EXPERIMENT_ONLY,2023
2023-04-28,21:00,16,14.821384035689613,1.1786159643103868,ridge_challenger,EXPERIMENT_ONLY,2023
2023-04-29,21:00,18,16.508313797200564,1.4916862027994355,ridge_challenger,EXPERIMENT_ONLY,2023
2023-04-30,21:00,18,17.40897531749064,0.5910246825093601,ridge_challenger,EXPERIMENT_ONLY,2023
2023-05-01,21:00,17,18.855908357077002,1.855908357077002,ridge_challenger,EXPERIMENT_ONLY,2023
2023-05-02,21:00,21,17.75014906411286,3.249850935887139,ridge_challenger,EXPERIMENT_ONLY,2023
2023-05-03,21:00,20,20.972968954445676,0.9729689544456761,ridge_challenger,EXPERIMENT_ONLY,2023
2023-05-04,21:00,18,19.798513393191868,1.7985133931918682,ridge_challenger,EXPERIMENT_ONLY,2023
2023-05-05,21:00,20,19.172302836679158,0.8276971633208419,ridge_challenger,EXPERIMENT_ONLY,2023
2023-05-06,21:00,20,20.07937104536215,0.07937104536215145,ridge_challenger,EXPERIMENT_ONLY,2023
2023-05-07,21:00,20,19.718603347049374,0.281396652950626,ridge_challenger,EXPERIMENT_ONLY,2023
2023-05-08,21:00,22,19.74253834504602,2.2574616549539783,ridge_challenger,EXPERIMENT_ONLY,2023
2023-05-09,21:00,20,21.8003054676807,1.800305467680701,ridge_challenger,EXPERIMENT_ONLY,2023
2023-05-10,21:00,17,19.707790568708926,2.7077905687089263,ridge_challenger,EXPERIMENT_ONLY,2023
2023-05-11,21:00,12,15.009769765169452,3.0097697651694517,ridge_challenger,EXPERIMENT_ONLY,2023
2023-05-12,21:00,14,12.36841838167328,1.6315816183267202,ridge_challenger,EXPERIMENT_ONLY,2023
2023-05-13,21:00,15,15.582968156871367,0.5829681568713667,ridge_challenger,EXPERIMENT_ONLY,2023
2023-05-14,21:00,16,16.0210747354485,0.021074735448500803,ridge_challenger,EXPERIMENT_ONLY,2023
2023-05-15,21:00,15,14.795845556463764,0.20415444353623613,ridge_challenger,EXPERIMENT_ONLY,2023
2023-05-16,21:00,14,14.995658415829993,0.9956584158299933,ridge_challenger,EXPERIMENT_ONLY,2023
2023-05-17,21:00,16,15.444178720212648,0.5558212797873523,ridge_challenger,EXPERIMENT_ONLY,2023
2023-05-18,21:00,15,16.829911200134084,1.8299112001340845,ridge_challenger,EXPERIMENT_ONLY,2023
2023-05-19,21:00,14,14.726348903985434,0.7263489039854338,ridge_challenger,EXPERIMENT_ONLY,2023
2023-05-20,21:00,15,14.694605228478851,0.3053947715211489,ridge_challenger,EXPERIMENT_ONLY,2023
2023-05-21,21:00,15,15.036725763783434,0.03672576378343351,ridge_challenger,EXPERIMENT_ONLY,2023
2023-05-22,21:00,17,16.914601302518818,0.08539869748118178,ridge_challenger,EXPERIMENT_ONLY,2023
2023-05-23,21:00,16,16.65779674712394,0.657796747123939,ridge_challenger,EXPERIMENT_ONLY,2023
2023-05-24,21:00,14,16.015363809758632,2.0153638097586324,ridge_challenger,EXPERIMENT_ONLY,2023
2023-05-25,21:00,15,14.436432532745595,0.5635674672544049,ridge_challenger,EXPERIMENT_ONLY,2023
2023-05-26,21:00,17,17.127360589740245,0.12736058974024544,ridge_challenger,EXPERIMENT_ONLY,2023
2023-05-27,21:00,17,17.661414489928227,0.6614144899282266,ridge_challenger,EXPERIMENT_ONLY,2023
2023-05-28,21:00,19,18.598231287709783,0.4017687122902167,ridge_challenger,EXPERIMENT_ONLY,2023
2023-05-29,21:00,18,17.829454224188854,0.17054577581114572,ridge_challenger,EXPERIMENT_ONLY,2023
2023-05-30,21:00,17,18.65948848912823,1.659488489128229,ridge_challenger,EXPERIMENT_ONLY,2023
2023-05-31,21:00,16,17.302762086606993,1.302762086606993,ridge_challenger,EXPERIMENT_ONLY,2023
2023-06-01,21:00,18,17.95355759597406,0.0464424040259388,ridge_challenger,EXPERIMENT_ONLY,2023
2023-06-02,21:00,18,19.585451526939966,1.5854515269399663,ridge_challenger,EXPERIMENT_ONLY,2023
2023-06-03,21:00,15,15.893888972668579,0.893888972668579,ridge_challenger,EXPERIMENT_ONLY,2023
2023-06-04,21:00,15,15.326663093861391,0.3266630938613915,ridge_challenger,EXPERIMENT_ONLY,2023
2023-06-05,21:00,13,14.668309369735745,1.668309369735745,ridge_challenger,EXPERIMENT_ONLY,2023
2023-06-06,21:00,12,12.97152856138583,0.9715285613858295,ridge_challenger,EXPERIMENT_ONLY,2023
2023-06-07,21:00,13,13.462882439551883,0.46288243955188335,ridge_challenger,EXPERIMENT_ONLY,2023
2023-06-08,21:00,13,13.948423699055567,0.9484236990555672,ridge_challenger,EXPERIMENT_ONLY,2023
2023-06-09,21:00,14,15.701802468297622,1.7018024682976218,ridge_challenger,EXPERIMENT_ONLY,2023
2023-06-10,21:00,12,13.518302044264164,1.5183020442641642,ridge_challenger,EXPERIMENT_ONLY,2023
2023-06-11,21:00,14,12.492729907523406,1.5072700924765936,ridge_challenger,EXPERIMENT_ONLY,2023
2023-06-12,21:00,13,14.7249343793676,1.7249343793675997,ridge_challenger,EXPERIMENT_ONLY,2023
2023-06-13,21:00,13,13.39076086136684,0.3907608613668394,ridge_challenger,EXPERIMENT_ONLY,2023
2023-06-14,21:00,13,12.91506095794985,0.08493904205015035,ridge_challenger,EXPERIMENT_ONLY,2023
2023-06-15,21:00,14,13.906887374030248,0.09311262596975212,ridge_challenger,EXPERIMENT_ONLY,2023
2023-06-16,21:00,13,13.3963928278168,0.3963928278168005,ridge_challenger,EXPERIMENT_ONLY,2023
2023-06-17,21:00,15,13.65090314489774,1.3490968551022604,ridge_challenger,EXPERIMENT_ONLY,2023
2023-06-18,21:00,16,16.409837266336613,0.40983726633661277,ridge_challenger,EXPERIMENT_ONLY,2023
2023-06-19,21:00,15,15.87609731808596,0.8760973180859608,ridge_challenger,EXPERIMENT_ONLY,2023
2023-06-20,21:00,15,15.805666166484047,0.8056661664840465,ridge_challenger,EXPERIMENT_ONLY,2023
2023-06-21,21:00,15,15.23193558385336,0.23193558385336033,ridge_challenger,EXPERIMENT_ONLY,2023
2023-06-22,21:00,15,16.572332383700978,1.572332383700978,ridge_challenger,EXPERIMENT_ONLY,2023
2023-06-23,21:00,17,16.952789889186423,0.04721011081357673,ridge_challenger,EXPERIMENT_ONLY,2023
2023-06-24,21:00,16,16.692439224179907,0.6924392241799069,ridge_challenger,EXPERIMENT_ONLY,2023
2023-06-25,21:00,16,15.171437970143684,0.8285620298563163,ridge_challenger,EXPERIMENT_ONLY,2023
2023-06-26,21:00,16,15.48948702563743,0.5105129743625696,ridge_challenger,EXPERIMENT_ONLY,2023
2023-06-27,21:00,14,16.751199611715588,2.751199611715588,ridge_challenger,EXPERIMENT_ONLY,2023
2023-06-28,21:00,15,14.935053285638912,0.06494671436108845,ridge_challenger,EXPERIMENT_ONLY,2023
2023-06-29,21:00,15,14.97129010902119,0.028709890978809938,ridge_challenger,EXPERIMENT_ONLY,2023
2023-06-30,21:00,14,13.200039305220903,0.7999606947790969,ridge_challenger,EXPERIMENT_ONLY,2023
2023-07-01,21:00,13,11.421888968994805,1.5781110310051947,ridge_challenger,EXPERIMENT_ONLY,2023
2023-07-02,21:00,13,13.384801777683357,0.3848017776833572,ridge_challenger,EXPERIMENT_ONLY,2023
2023-07-03,21:00,14,12.029842772587205,1.9701572274127948,ridge_challenger,EXPERIMENT_ONLY,2023
2023-07-04,21:00,17,13.515232830105408,3.4847671698945923,ridge_challenger,EXPERIMENT_ONLY,2023
2023-07-05,21:00,14,15.156159760719923,1.1561597607199232,ridge_challenger,EXPERIMENT_ONLY,2023
2023-07-06,21:00,12,13.458194656790925,1.4581946567909245,ridge_challenger,EXPERIMENT_ONLY,2023
2023-07-07,21:00,12,12.118182040906467,0.11818204090646667,ridge_challenger,EXPERIMENT_ONLY,2023
2023-07-08,21:00,14,12.903553341207026,1.0964466587929742,ridge_challenger,EXPERIMENT_ONLY,2023
2023-07-09,21:00,13,15.486463451284017,2.486463451284017,ridge_challenger,EXPERIMENT_ONLY,2023
2023-07-10,21:00,12,14.236942437831893,2.2369424378318925,ridge_challenger,EXPERIMENT_ONLY,2023
2023-07-11,21:00,12,14.20215640412885,2.20215640412885,ridge_challenger,EXPERIMENT_ONLY,2023
2023-07-12,21:00,15,13.939552492611131,1.0604475073888686,ridge_challenger,EXPERIMENT_ONLY,2023
2023-07-13,21:00,15,13.775673499772797,1.2243265002272032,ridge_challenger,EXPERIMENT_ONLY,2023
2023-07-14,21:00,16,14.879516257395668,1.120483742604332,ridge_challenger,EXPERIMENT_ONLY,2023
2023-07-15,21:00,16,15.2709040761006,0.7290959238994006,ridge_challenger,EXPERIMENT_ONLY,2023
2023-07-16,21:00,16,17.092316649662436,1.0923166496624361,ridge_challenger,EXPERIMENT_ONLY,2023
2023-07-17,21:00,14,12.71773705994899,1.2822629400510106,ridge_challenger,EXPERIMENT_ONLY,2023
2023-07-18,21:00,17,15.004318159452998,1.995681840547002,ridge_challenger,EXPERIMENT_ONLY,2023
2023-07-19,21:00,14,17.09262348350155,3.0926234835015514,ridge_challenger,EXPERIMENT_ONLY,2023
2023-07-20,21:00,13,15.228746737531257,2.2287467375312566,ridge_challenger,EXPERIMENT_ONLY,2023
2023-07-21,21:00,11,13.212534051791772,2.2125340517917724,ridge_challenger,EXPERIMENT_ONLY,2023
2023-07-22,21:00,10,11.018076828326917,1.018076828326917,ridge_challenger,EXPERIMENT_ONLY,2023
2023-07-23,21:00,11,12.16684245202224,1.1668424520222391,ridge_challenger,EXPERIMENT_ONLY,2023
2023-07-24,21:00,12,12.454810490525144,0.4548104905251442,ridge_challenger,EXPERIMENT_ONLY,2023
2023-07-25,21:00,14,12.96347594082389,1.0365240591761093,ridge_challenger,EXPERIMENT_ONLY,2023
2023-07-26,21:00,10,12.813581706520958,2.8135817065209583,ridge_challenger,EXPERIMENT_ONLY,2023
2023-07-27,21:00,13,11.351193055331187,1.648806944668813,ridge_challenger,EXPERIMENT_ONLY,2023
2023-07-28,21:00,10,12.3823751720884,2.3823751720884,ridge_challenger,EXPERIMENT_ONLY,2023
2023-07-29,21:00,13,11.347029098478462,1.6529709015215381,ridge_challenger,EXPERIMENT_ONLY,2023
2023-07-30,21:00,13,12.217528717366173,0.7824712826338267,ridge_challenger,EXPERIMENT_ONLY,2023
2023-07-31,21:00,14,14.910137147733533,0.9101371477335327,ridge_challenger,EXPERIMENT_ONLY,2023
2023-08-01,21:00,16,16.486892446141823,0.48689244614182314,ridge_challenger,EXPERIMENT_ONLY,2023
2023-08-02,21:00,12,14.476754110447523,2.476754110447523,ridge_challenger,EXPERIMENT_ONLY,2023
2023-08-03,21:00,11,10.455779649955097,0.5442203500449025,ridge_challenger,EXPERIMENT_ONLY,2023
2023-08-04,21:00,13,12.056751061776842,0.9432489382231584,ridge_challenger,EXPERIMENT_ONLY,2023
2023-08-05,21:00,12,11.864966567667985,0.13503343233201548,ridge_challenger,EXPERIMENT_ONLY,2023
2023-08-06,21:00,12,12.019819554323297,0.01981955432329663,ridge_challenger,EXPERIMENT_ONLY,2023
2023-08-07,21:00,14,13.780785887587063,0.21921411241293676,ridge_challenger,EXPERIMENT_ONLY,2023
2023-08-08,21:00,11,12.79304803254424,1.79304803254424,ridge_challenger,EXPERIMENT_ONLY,2023
2023-08-09,21:00,11,11.329041356211334,0.32904135621133435,ridge_challenger,EXPERIMENT_ONLY,2023
2023-08-10,21:00,8,10.946806374158296,2.946806374158296,ridge_challenger,EXPERIMENT_ONLY,2023
2023-08-11,21:00,10,9.237972205615414,0.7620277943845863,ridge_challenger,EXPERIMENT_ONLY,2023
2023-08-12,21:00,12,10.710772243505533,1.2892277564944674,ridge_challenger,EXPERIMENT_ONLY,2023
2023-08-13,21:00,14,14.501795239815426,0.5017952398154257,ridge_challenger,EXPERIMENT_ONLY,2023
2023-08-14,21:00,15,15.201742396697624,0.2017423966976235,ridge_challenger,EXPERIMENT_ONLY,2023
2023-08-15,21:00,13,15.030817293562569,2.030817293562569,ridge_challenger,EXPERIMENT_ONLY,2023
2023-08-16,21:00,11,13.039072219010302,2.0390722190103023,ridge_challenger,EXPERIMENT_ONLY,2023
2023-08-17,21:00,12,11.412160314845506,0.5878396851544938,ridge_challenger,EXPERIMENT_ONLY,2023
2023-08-18,21:00,13,12.490025510447667,0.5099744895523326,ridge_challenger,EXPERIMENT_ONLY,2023
2023-08-19,21:00,12,13.634517272198636,1.6345172721986359,ridge_challenger,EXPERIMENT_ONLY,2023
2023-08-20,21:00,15,13.891367629457639,1.1086323705423613,ridge_challenger,EXPERIMENT_ONLY,2023
2023-08-21,21:00,12,15.026039755293331,3.026039755293331,ridge_challenger,EXPERIMENT_ONLY,2023
2023-08-22,21:00,11,11.812566338312983,0.8125663383129833,ridge_challenger,EXPERIMENT_ONLY,2023
2023-08-23,21:00,11,11.197286478386692,0.1972864783866921,ridge_challenger,EXPERIMENT_ONLY,2023
2023-08-24,21:00,14,11.695823131400273,2.3041768685997273,ridge_challenger,EXPERIMENT_ONLY,2023
2023-08-25,21:00,12,13.479200549733063,1.4792005497330631,ridge_challenger,EXPERIMENT_ONLY,2023
2023-08-26,21:00,14,12.585350439347291,1.414649560652709,ridge_challenger,EXPERIMENT_ONLY,2023
2023-08-27,21:00,11,15.512912090436396,4.512912090436396,ridge_challenger,EXPERIMENT_ONLY,2023
2023-08-28,21:00,9,10.541858645901447,1.5418586459014474,ridge_challenger,EXPERIMENT_ONLY,2023
2023-08-29,21:00,13,10.223639975654546,2.776360024345454,ridge_challenger,EXPERIMENT_ONLY,2023
2023-08-30,21:00,14,13.765924529675534,0.2340754703244663,ridge_challenger,EXPERIMENT_ONLY,2023
2023-08-31,21:00,15,14.765039468942344,0.23496053105765569,ridge_challenger,EXPERIMENT_ONLY,2023
2023-09-01,21:00,14,15.53425228210299,1.5342522821029903,ridge_challenger,EXPERIMENT_ONLY,2023
2023-09-02,21:00,16,15.7326257442768,0.2673742557231993,ridge_challenger,EXPERIMENT_ONLY,2023
2023-09-03,21:00,16,14.705274945141518,1.2947250548584819,ridge_challenger,EXPERIMENT_ONLY,2023
2023-09-04,21:00,15,14.58505456431037,0.4149454356896296,ridge_challenger,EXPERIMENT_ONLY,2023
2023-09-05,21:00,15,15.07421874733894,0.0742187473389393,ridge_challenger,EXPERIMENT_ONLY,2023
2023-09-06,21:00,16,16.12011036118657,0.12011036118656904,ridge_challenger,EXPERIMENT_ONLY,2023
2023-09-07,21:00,17,16.441638584300804,0.5583614156991956,ridge_challenger,EXPERIMENT_ONLY,2023
2023-09-08,21:00,18,16.197891784100026,1.802108215899974,ridge_challenger,EXPERIMENT_ONLY,2023
2023-09-09,21:00,17,16.42620710163106,0.5737928983689393,ridge_challenger,EXPERIMENT_ONLY,2023
2023-09-10,21:00,17,16.889249456172283,0.11075054382771654,ridge_challenger,EXPERIMENT_ONLY,2023
2023-09-11,21:00,16,17.36669614417202,1.3666961441720211,ridge_challenger,EXPERIMENT_ONLY,2023
2023-09-12,21:00,15,14.773962071126332,0.22603792887366758,ridge_challenger,EXPERIMENT_ONLY,2023
2023-09-13,21:00,16,15.764816625612893,0.23518337438710724,ridge_challenger,EXPERIMENT_ONLY,2023
2023-09-14,21:00,15,15.93590344850449,0.9359034485044901,ridge_challenger,EXPERIMENT_ONLY,2023
2023-09-15,21:00,15,16.104400593661172,1.1044005936611718,ridge_challenger,EXPERIMENT_ONLY,2023
2023-09-16,21:00,14,13.95441450439345,0.04558549560655045,ridge_challenger,EXPERIMENT_ONLY,2023
2023-09-17,21:00,19,16.24262904795631,2.75737095204369,ridge_challenger,EXPERIMENT_ONLY,2023
2023-09-18,21:00,18,18.19116110194131,0.19116110194131153,ridge_challenger,EXPERIMENT_ONLY,2023
2023-09-19,21:00,16,16.659657668230004,0.6596576682300039,ridge_challenger,EXPERIMENT_ONLY,2023
2023-09-20,21:00,17,18.109026254185576,1.1090262541855758,ridge_challenger,EXPERIMENT_ONLY,2023
2023-09-21,21:00,15,18.21238135196968,3.212381351969679,ridge_challenger,EXPERIMENT_ONLY,2023
2023-09-22,21:00,17,15.929301735348758,1.0706982646512415,ridge_challenger,EXPERIMENT_ONLY,2023
2023-09-23,21:00,16,17.70816385354359,1.7081638535435886,ridge_challenger,EXPERIMENT_ONLY,2023
2023-09-24,21:00,13,12.927750643862167,0.07224935613783323,ridge_challenger,EXPERIMENT_ONLY,2023
2023-09-25,21:00,11,11.75554926392612,0.7555492639261203,ridge_challenger,EXPERIMENT_ONLY,2023
2023-09-26,21:00,11,11.278021880337734,0.2780218803377341,ridge_challenger,EXPERIMENT_ONLY,2023
2023-09-27,21:00,10,10.21136308892991,0.21136308892990918,ridge_challenger,EXPERIMENT_ONLY,2023
2023-09-28,21:00,15,11.983616363972546,3.016383636027454,ridge_challenger,EXPERIMENT_ONLY,2023
2023-09-29,21:00,14,13.500120788934385,0.4998792110656147,ridge_challenger,EXPERIMENT_ONLY,2023
2023-09-30,21:00,13,11.048592446756551,1.951407553243449,ridge_challenger,EXPERIMENT_ONLY,2023
2023-10-01,21:00,17,14.619949412923651,2.380050587076349,ridge_challenger,EXPERIMENT_ONLY,2023
2023-10-02,21:00,17,17.175602649305386,0.17560264930538594,ridge_challenger,EXPERIMENT_ONLY,2023
2023-10-03,21:00,12,13.049352130237864,1.049352130237864,ridge_challenger,EXPERIMENT_ONLY,2023
2023-10-04,21:00,14,14.089757254840869,0.08975725484086894,ridge_challenger,EXPERIMENT_ONLY,2023
2023-10-05,21:00,18,15.934608526695543,2.065391473304457,ridge_challenger,EXPERIMENT_ONLY,2023
2023-10-06,21:00,16,17.531343238955046,1.5313432389550456,ridge_challenger,EXPERIMENT_ONLY,2023
2023-10-07,21:00,14,15.53644719944032,1.5364471994403193,ridge_challenger,EXPERIMENT_ONLY,2023
2023-10-08,21:00,13,14.030128395649502,1.030128395649502,ridge_challenger,EXPERIMENT_ONLY,2023
2023-10-09,21:00,15,14.484639308061265,0.515360691938735,ridge_challenger,EXPERIMENT_ONLY,2023
2023-10-10,21:00,17,16.863175625533717,0.1368243744662827,ridge_challenger,EXPERIMENT_ONLY,2023
2023-10-11,21:00,14,15.075255042966255,1.0752550429662548,ridge_challenger,EXPERIMENT_ONLY,2023
2023-10-12,21:00,17,16.47399533402983,0.52600466597017,ridge_challenger,EXPERIMENT_ONLY,2023
2023-10-13,21:00,16,16.85132286839811,0.8513228683981104,ridge_challenger,EXPERIMENT_ONLY,2023
2023-10-14,21:00,16,15.43202762570217,0.5679723742978293,ridge_challenger,EXPERIMENT_ONLY,2023
2023-10-15,21:00,16,17.215990642865002,1.2159906428650018,ridge_challenger,EXPERIMENT_ONLY,2023
2023-10-16,21:00,16,16.61415095985537,0.6141509598553689,ridge_challenger,EXPERIMENT_ONLY,2023
2023-10-17,21:00,16,15.439470085757431,0.5605299142425686,ridge_challenger,EXPERIMENT_ONLY,2023
2023-10-18,21:00,18,15.81132880963104,2.188671190368961,ridge_challenger,EXPERIMENT_ONLY,2023
2023-10-19,21:00,18,18.392870992715224,0.3928709927152241,ridge_challenger,EXPERIMENT_ONLY,2023
2023-10-20,21:00,17,17.879938676976888,0.879938676976888,ridge_challenger,EXPERIMENT_ONLY,2023
2023-10-21,21:00,15,17.787470535708866,2.7874705357088665,ridge_challenger,EXPERIMENT_ONLY,2023
2023-10-22,21:00,13,12.890627595948198,0.10937240405180226,ridge_challenger,EXPERIMENT_ONLY,2023
2023-10-23,21:00,16,13.710174343931568,2.289825656068432,ridge_challenger,EXPERIMENT_ONLY,2023
2023-10-24,21:00,16,17.28617488125613,1.2861748812561302,ridge_challenger,EXPERIMENT_ONLY,2023
2023-10-25,21:00,20,16.0463824151065,3.9536175848935002,ridge_challenger,EXPERIMENT_ONLY,2023
2023-10-26,21:00,18,20.142260776759336,2.1422607767593362,ridge_challenger,EXPERIMENT_ONLY,2023
2023-10-27,21:00,14,15.131559109746073,1.1315591097460729,ridge_challenger,EXPERIMENT_ONLY,2023
2023-10-28,21:00,13,15.175424664632924,2.1754246646329243,ridge_challenger,EXPERIMENT_ONLY,2023
2023-10-29,21:00,17,15.298963344106113,1.701036655893887,ridge_challenger,EXPERIMENT_ONLY,2023
2023-10-30,21:00,18,17.04029309725077,0.9597069027492289,ridge_challenger,EXPERIMENT_ONLY,2023
2023-10-31,21:00,20,17.78603859850271,2.21396140149729,ridge_challenger,EXPERIMENT_ONLY,2023
2023-11-01,21:00,22,21.395991779719022,0.6040082202809778,ridge_challenger,EXPERIMENT_ONLY,2023
2023-11-02,21:00,18,19.48297905940512,1.482979059405121,ridge_challenger,EXPERIMENT_ONLY,2023
2023-11-03,21:00,19,17.508037981049483,1.4919620189505167,ridge_challenger,EXPERIMENT_ONLY,2023
2023-11-04,21:00,19,19.220405818580183,0.2204058185801827,ridge_challenger,EXPERIMENT_ONLY,2023
2023-11-05,21:00,18,19.706142311828785,1.7061423118287848,ridge_challenger,EXPERIMENT_ONLY,2023
2023-11-06,21:00,13,14.694910648542903,1.694910648542903,ridge_challenger,EXPERIMENT_ONLY,2023
2023-11-07,21:00,13,12.699682407157473,0.3003175928425268,ridge_challenger,EXPERIMENT_ONLY,2023
2023-11-08,21:00,15,13.993005347735535,1.0069946522644653,ridge_challenger,EXPERIMENT_ONLY,2023
2023-11-09,21:00,15,15.244489186411824,0.24448918641182438,ridge_challenger,EXPERIMENT_ONLY,2023
2023-11-10,21:00,14,13.580826197088058,0.41917380291194206,ridge_challenger,EXPERIMENT_ONLY,2023
2023-11-11,21:00,18,15.259756182614671,2.7402438173853287,ridge_challenger,EXPERIMENT_ONLY,2023
2023-11-12,21:00,19,19.640935110576223,0.6409351105762227,ridge_challenger,EXPERIMENT_ONLY,2023
2023-11-13,21:00,19,20.245411806929997,1.2454118069299973,ridge_challenger,EXPERIMENT_ONLY,2023
2023-11-14,21:00,18,19.109412838119823,1.1094128381198232,ridge_challenger,EXPERIMENT_ONLY,2023
2023-11-15,21:00,21,19.062577480508608,1.9374225194913919,ridge_challenger,EXPERIMENT_ONLY,2023
2023-11-16,21:00,19,20.267504578904404,1.2675045789044042,ridge_challenger,EXPERIMENT_ONLY,2023
2023-11-17,21:00,18,17.048051260122634,0.9519487398773663,ridge_challenger,EXPERIMENT_ONLY,2023
2023-11-18,21:00,17,16.015490649391158,0.9845093506088425,ridge_challenger,EXPERIMENT_ONLY,2023
2023-11-19,21:00,16,16.493241842314877,0.4932418423148768,ridge_challenger,EXPERIMENT_ONLY,2023
2023-11-20,21:00,16,16.66834481469725,0.6683448146972495,ridge_challenger,EXPERIMENT_ONLY,2023
2023-11-21,21:00,16,15.523245564524425,0.4767544354755753,ridge_challenger,EXPERIMENT_ONLY,2023
2023-11-22,21:00,20,19.140485418677738,0.8595145813222622,ridge_challenger,EXPERIMENT_ONLY,2023
2023-11-23,21:00,20,20.271274076713844,0.2712740767138442,ridge_challenger,EXPERIMENT_ONLY,2023
2023-11-24,21:00,16,15.654897405412518,0.34510259458748216,ridge_challenger,EXPERIMENT_ONLY,2023
2023-11-25,21:00,12,13.612421905655067,1.6124219056550668,ridge_challenger,EXPERIMENT_ONLY,2023
2023-11-26,21:00,15,13.95511615210882,1.04488384789118,ridge_challenger,EXPERIMENT_ONLY,2023
2023-11-27,21:00,19,17.71577072859499,1.2842292714050103,ridge_challenger,EXPERIMENT_ONLY,2023
2023-11-28,21:00,20,19.199032547378337,0.8009674526216628,ridge_challenger,EXPERIMENT_ONLY,2023
2023-11-29,21:00,16,15.305719368069918,0.6942806319300825,ridge_challenger,EXPERIMENT_ONLY,2023
2023-11-30,21:00,19,17.523824512685852,1.4761754873141477,ridge_challenger,EXPERIMENT_ONLY,2023
2023-12-01,21:00,16,15.73466169869045,0.2653383013095496,ridge_challenger,EXPERIMENT_ONLY,2023
2023-12-02,21:00,21,18.712743127237466,2.2872568727625335,ridge_challenger,EXPERIMENT_ONLY,2023
2023-12-03,21:00,17,18.94499141978262,1.944991419782621,ridge_challenger,EXPERIMENT_ONLY,2023
2023-12-04,21:00,15,15.162741720985855,0.1627417209858546,ridge_challenger,EXPERIMENT_ONLY,2023
2023-12-05,21:00,19,17.56927536591135,1.4307246340886515,ridge_challenger,EXPERIMENT_ONLY,2023
2023-12-06,21:00,22,19.80712453875187,2.1928754612481285,ridge_challenger,EXPERIMENT_ONLY,2023
2023-12-07,21:00,21,21.164487764741953,0.1644877647419527,ridge_challenger,EXPERIMENT_ONLY,2023
2023-12-08,21:00,19,20.434938965158224,1.4349389651582243,ridge_challenger,EXPERIMENT_ONLY,2023
2023-12-09,21:00,20,19.708401810841526,0.29159818915847424,ridge_challenger,EXPERIMENT_ONLY,2023
2023-12-10,21:00,17,18.792850138114154,1.7928501381141544,ridge_challenger,EXPERIMENT_ONLY,2023
2023-12-11,21:00,20,18.744365520944775,1.2556344790552245,ridge_challenger,EXPERIMENT_ONLY,2023
2023-12-12,21:00,20,20.074079582715417,0.07407958271541659,ridge_challenger,EXPERIMENT_ONLY,2023
2023-12-13,21:00,16,18.077412155255836,2.0774121552558356,ridge_challenger,EXPERIMENT_ONLY,2023
2023-12-14,21:00,17,18.375052656198907,1.375052656198907,ridge_challenger,EXPERIMENT_ONLY,2023
2023-12-15,21:00,18,18.042121679781417,0.04212167978141679,ridge_challenger,EXPERIMENT_ONLY,2023
2023-12-16,21:00,18,18.549191754420985,0.5491917544209848,ridge_challenger,EXPERIMENT_ONLY,2023
2023-12-17,21:00,21,18.603895776726734,2.396104223273266,ridge_challenger,EXPERIMENT_ONLY,2023
2023-12-18,21:00,17,17.8854188949695,0.8854188949695008,ridge_challenger,EXPERIMENT_ONLY,2023
2023-12-19,21:00,23,18.51196846662405,4.488031533375949,ridge_challenger,EXPERIMENT_ONLY,2023
2023-12-20,21:00,21,21.997510395068918,0.9975103950689181,ridge_challenger,EXPERIMENT_ONLY,2023
2023-12-21,21:00,20,20.163307892205694,0.16330789220569386,ridge_challenger,EXPERIMENT_ONLY,2023
2023-12-22,21:00,18,18.63975565479269,0.6397556547926904,ridge_challenger,EXPERIMENT_ONLY,2023
2023-12-23,21:00,24,20.973215977268886,3.026784022731114,ridge_challenger,EXPERIMENT_ONLY,2023
2023-12-24,21:00,22,22.054578289689125,0.05457828968912537,ridge_challenger,EXPERIMENT_ONLY,2023
2023-12-25,21:00,22,20.92592915011168,1.0740708498883187,ridge_challenger,EXPERIMENT_ONLY,2023
2023-12-26,21:00,23,22.13183613988017,0.8681638601198287,ridge_challenger,EXPERIMENT_ONLY,2023
2023-12-27,21:00,19,19.032917103397686,0.032917103397686276,ridge_challenger,EXPERIMENT_ONLY,2023
2023-12-28,21:00,24,20.040785374290916,3.959214625709084,ridge_challenger,EXPERIMENT_ONLY,2023
2023-12-29,21:00,21,22.41970428850711,1.4197042885071092,ridge_challenger,EXPERIMENT_ONLY,2023
2023-12-30,21:00,23,21.70053153509017,1.299468464909829,ridge_challenger,EXPERIMENT_ONLY,2023
2023-12-31,21:00,24,21.942660330131414,2.057339669868586,ridge_challenger,EXPERIMENT_ONLY,2023
2023-01-01,22:00,17,16.96763229781612,0.03236770218387974,ridge_challenger,EXPERIMENT_ONLY,2023
2023-01-02,22:00,20,18.167829846880007,1.8321701531199928,ridge_challenger,EXPERIMENT_ONLY,2023
2023-01-03,22:00,22,22.06986743273528,0.06986743273527907,ridge_challenger,EXPERIMENT_ONLY,2023
2023-01-04,22:00,24,22.749844646183256,1.2501553538167443,ridge_challenger,EXPERIMENT_ONLY,2023
2023-01-05,22:00,23,20.59955354700178,2.400446452998221,ridge_challenger,EXPERIMENT_ONLY,2023
2023-01-06,22:00,22,22.19601824479634,0.19601824479633834,ridge_challenger,EXPERIMENT_ONLY,2023
2023-01-07,22:00,19,19.62127893552375,0.6212789355237511,ridge_challenger,EXPERIMENT_ONLY,2023
2023-01-08,22:00,16,16.49185509934131,0.49185509934131133,ridge_challenger,EXPERIMENT_ONLY,2023
2023-01-09,22:00,20,17.672619459755133,2.3273805402448673,ridge_challenger,EXPERIMENT_ONLY,2023
2023-01-10,22:00,21,20.256433890184024,0.7435661098159763,ridge_challenger,EXPERIMENT_ONLY,2023
2023-01-11,22:00,18,18.767237526210096,0.7672375262100957,ridge_challenger,EXPERIMENT_ONLY,2023
2023-01-12,22:00,18,16.52177908285234,1.4782209171476595,ridge_challenger,EXPERIMENT_ONLY,2023
2023-01-13,22:00,19,19.05173725264524,0.051737252645239096,ridge_challenger,EXPERIMENT_ONLY,2023
2023-01-14,22:00,19,18.463200478809853,0.5367995211901473,ridge_challenger,EXPERIMENT_ONLY,2023
2023-01-15,22:00,19,18.319157363796418,0.6808426362035824,ridge_challenger,EXPERIMENT_ONLY,2023
2023-01-16,22:00,22,20.266936913118123,1.7330630868818773,ridge_challenger,EXPERIMENT_ONLY,2023
2023-01-17,22:00,23,22.829993852350345,0.17000614764965505,ridge_challenger,EXPERIMENT_ONLY,2023
2023-01-18,22:00,23,19.71300064036397,3.286999359636031,ridge_challenger,EXPERIMENT_ONLY,2023
2023-01-19,22:00,21,20.959971194508068,0.04002880549193222,ridge_challenger,EXPERIMENT_ONLY,2023
2023-01-20,22:00,23,22.509535419673558,0.49046458032644225,ridge_challenger,EXPERIMENT_ONLY,2023
2023-01-21,22:00,20,19.916126191089166,0.08387380891083396,ridge_challenger,EXPERIMENT_ONLY,2023
2023-01-22,22:00,23,21.439274226606237,1.560725773393763,ridge_challenger,EXPERIMENT_ONLY,2023
2023-01-23,22:00,19,20.931610731174022,1.9316107311740218,ridge_challenger,EXPERIMENT_ONLY,2023
2023-01-24,22:00,20,20.398851482415118,0.39885148241511814,ridge_challenger,EXPERIMENT_ONLY,2023
2023-01-25,22:00,23,21.33013245770431,1.669867542295691,ridge_challenger,EXPERIMENT_ONLY,2023
2023-01-26,22:00,24,23.607941815367973,0.39205818463202746,ridge_challenger,EXPERIMENT_ONLY,2023
2023-01-27,22:00,22,23.231127567075223,1.231127567075223,ridge_challenger,EXPERIMENT_ONLY,2023
2023-01-28,22:00,17,20.359623497635862,3.3596234976358623,ridge_challenger,EXPERIMENT_ONLY,2023
2023-01-29,22:00,22,16.70796072628051,5.292039273719489,ridge_challenger,EXPERIMENT_ONLY,2023
2023-01-30,22:00,25,22.63940326451525,2.3605967354847515,ridge_challenger,EXPERIMENT_ONLY,2023
2023-01-31,22:00,21,22.399794125251095,1.3997941252510948,ridge_challenger,EXPERIMENT_ONLY,2023
2023-02-01,22:00,23,21.984920819592148,1.0150791804078523,ridge_challenger,EXPERIMENT_ONLY,2023
2023-02-02,22:00,25,23.090178530746325,1.909821469253675,ridge_challenger,EXPERIMENT_ONLY,2023
2023-02-03,22:00,25,23.72912853366656,1.270871466333439,ridge_challenger,EXPERIMENT_ONLY,2023
2023-02-04,22:00,25,25.089501397341042,0.08950139734104212,ridge_challenger,EXPERIMENT_ONLY,2023
2023-02-05,22:00,24,25.047041768609404,1.0470417686094038,ridge_challenger,EXPERIMENT_ONLY,2023
2023-02-06,22:00,24,23.535618503769317,0.4643814962306827,ridge_challenger,EXPERIMENT_ONLY,2023
2023-02-07,22:00,24,23.816049879412258,0.18395012058774185,ridge_challenger,EXPERIMENT_ONLY,2023
2023-02-08,22:00,24,23.092473309767247,0.9075266902327535,ridge_challenger,EXPERIMENT_ONLY,2023
2023-02-09,22:00,19,19.82577962913611,0.825779629136111,ridge_challenger,EXPERIMENT_ONLY,2023
2023-02-10,22:00,21,19.66174195379815,1.338258046201851,ridge_challenger,EXPERIMENT_ONLY,2023
2023-02-11,22:00,20,20.293060663126994,0.29306066312699386,ridge_challenger,EXPERIMENT_ONLY,2023
2023-02-12,22:00,22,20.142989607327582,1.857010392672418,ridge_challenger,EXPERIMENT_ONLY,2023
2023-02-13,22:00,21,20.873969939077842,0.12603006092215807,ridge_challenger,EXPERIMENT_ONLY,2023
2023-02-14,22:00,17,18.93544699200312,1.9354469920031185,ridge_challenger,EXPERIMENT_ONLY,2023
2023-02-15,22:00,18,16.873928511050362,1.1260714889496377,ridge_challenger,EXPERIMENT_ONLY,2023
2023-02-16,22:00,17,17.119608634190474,0.11960863419047385,ridge_challenger,EXPERIMENT_ONLY,2023
2023-02-17,22:00,19,17.344163326590223,1.6558366734097767,ridge_challenger,EXPERIMENT_ONLY,2023
2023-02-18,22:00,21,19.44920052790995,1.5507994720900484,ridge_challenger,EXPERIMENT_ONLY,2023
2023-02-19,22:00,22,21.545958672749247,0.45404132725075286,ridge_challenger,EXPERIMENT_ONLY,2023
2023-02-20,22:00,24,22.950133633059753,1.0498663669402468,ridge_challenger,EXPERIMENT_ONLY,2023
2023-02-21,22:00,23,22.866328197892827,0.13367180210717322,ridge_challenger,EXPERIMENT_ONLY,2023
2023-02-22,22:00,20,21.192014781050926,1.1920147810509256,ridge_challenger,EXPERIMENT_ONLY,2023
2023-02-23,22:00,15,16.91876793038878,1.9187679303887784,ridge_challenger,EXPERIMENT_ONLY,2023
2023-02-24,22:00,17,15.130340750800405,1.8696592491995947,ridge_challenger,EXPERIMENT_ONLY,2023
2023-02-25,22:00,18,16.220325625140642,1.7796743748593578,ridge_challenger,EXPERIMENT_ONLY,2023
2023-02-26,22:00,20,18.699807316048656,1.3001926839513445,ridge_challenger,EXPERIMENT_ONLY,2023
2023-02-27,22:00,19,19.494379709926477,0.49437970992647706,ridge_challenger,EXPERIMENT_ONLY,2023
2023-02-28,22:00,19,18.72717210149289,0.27282789850711,ridge_challenger,EXPERIMENT_ONLY,2023
2023-03-01,22:00,22,18.81254747823518,3.1874525217648184,ridge_challenger,EXPERIMENT_ONLY,2023
2023-03-02,22:00,23,22.333656239543966,0.6663437604560336,ridge_challenger,EXPERIMENT_ONLY,2023
2023-03-03,22:00,22,22.050783229400523,0.0507832294005226,ridge_challenger,EXPERIMENT_ONLY,2023
2023-03-04,22:00,20,17.656388937110734,2.3436110628892663,ridge_challenger,EXPERIMENT_ONLY,2023
2023-03-05,22:00,18,19.600551970491107,1.6005519704911073,ridge_challenger,EXPERIMENT_ONLY,2023
2023-03-06,22:00,18,16.965388926953622,1.0346110730463778,ridge_challenger,EXPERIMENT_ONLY,2023
2023-03-07,22:00,20,18.052754974743692,1.9472450252563078,ridge_challenger,EXPERIMENT_ONLY,2023
2023-03-08,22:00,22,21.190417083552486,0.8095829164475141,ridge_challenger,EXPERIMENT_ONLY,2023
2023-03-09,22:00,22,22.267989100981183,0.26798910098118256,ridge_challenger,EXPERIMENT_ONLY,2023
2023-03-10,22:00,22,20.84998069709069,1.1500193029093104,ridge_challenger,EXPERIMENT_ONLY,2023
2023-03-11,22:00,21,20.093601198872513,0.9063988011274873,ridge_challenger,EXPERIMENT_ONLY,2023
2023-03-12,22:00,22,20.54502735357272,1.4549726464272794,ridge_challenger,EXPERIMENT_ONLY,2023
2023-03-13,22:00,21,22.681473602069264,1.6814736020692642,ridge_challenger,EXPERIMENT_ONLY,2023
2023-03-14,22:00,17,18.395940845731225,1.395940845731225,ridge_challenger,EXPERIMENT_ONLY,2023
2023-03-15,22:00,21,17.52908987982221,3.470910120177791,ridge_challenger,EXPERIMENT_ONLY,2023
2023-03-16,22:00,21,21.02179947530901,0.02179947530900961,ridge_challenger,EXPERIMENT_ONLY,2023
2023-03-17,22:00,22,20.822956031064688,1.1770439689353118,ridge_challenger,EXPERIMENT_ONLY,2023
2023-03-18,22:00,20,18.170873324936505,1.8291266750634954,ridge_challenger,EXPERIMENT_ONLY,2023
2023-03-19,22:00,22,20.180400883498333,1.8195991165016672,ridge_challenger,EXPERIMENT_ONLY,2023
2023-03-20,22:00,21,21.04322190484951,0.04322190484950994,ridge_challenger,EXPERIMENT_ONLY,2023
2023-03-21,22:00,20,19.80868271053413,0.19131728946587145,ridge_challenger,EXPERIMENT_ONLY,2023
2023-03-22,22:00,16,18.677037818152797,2.6770378181527974,ridge_challenger,EXPERIMENT_ONLY,2023
2023-03-23,22:00,17,16.958840730819272,0.041159269180727875,ridge_challenger,EXPERIMENT_ONLY,2023
2023-03-24,22:00,18,16.068563598356857,1.9314364016431433,ridge_challenger,EXPERIMENT_ONLY,2023
2023-03-25,22:00,20,18.985659425487512,1.014340574512488,ridge_challenger,EXPERIMENT_ONLY,2023
2023-03-26,22:00,21,21.048503144253328,0.04850314425332769,ridge_challenger,EXPERIMENT_ONLY,2023
2023-03-27,22:00,19,20.048927472045477,1.0489274720454773,ridge_challenger,EXPERIMENT_ONLY,2023
2023-03-28,22:00,19,19.37354443416832,0.37354443416831984,ridge_challenger,EXPERIMENT_ONLY,2023
2023-03-29,22:00,13,14.271942214846723,1.2719422148467228,ridge_challenger,EXPERIMENT_ONLY,2023
2023-03-30,22:00,15,15.821459147267987,0.8214591472679871,ridge_challenger,EXPERIMENT_ONLY,2023
2023-03-31,22:00,19,14.44102848766972,4.558971512330279,ridge_challenger,EXPERIMENT_ONLY,2023
2023-04-01,22:00,19,18.06321579686451,0.9367842031354883,ridge_challenger,EXPERIMENT_ONLY,2023
2023-04-02,22:00,21,20.42196976368822,0.5780302363117791,ridge_challenger,EXPERIMENT_ONLY,2023
2023-04-03,22:00,16,16.40821844156322,0.4082184415632213,ridge_challenger,EXPERIMENT_ONLY,2023
2023-04-04,22:00,17,17.332888423751545,0.3328884237515446,ridge_challenger,EXPERIMENT_ONLY,2023
2023-04-05,22:00,19,19.015990960090566,0.015990960090565665,ridge_challenger,EXPERIMENT_ONLY,2023
2023-04-06,22:00,20,20.387404447116943,0.38740444711694266,ridge_challenger,EXPERIMENT_ONLY,2023
2023-04-07,22:00,16,17.09021131425592,1.0902113142559209,ridge_challenger,EXPERIMENT_ONLY,2023
2023-04-08,22:00,16,15.142995590364157,0.8570044096358433,ridge_challenger,EXPERIMENT_ONLY,2023
2023-04-09,22:00,17,17.977183088983523,0.9771830889835229,ridge_challenger,EXPERIMENT_ONLY,2023
2023-04-10,22:00,21,18.435614682877794,2.5643853171222055,ridge_challenger,EXPERIMENT_ONLY,2023
2023-04-11,22:00,20,20.280035734132515,0.2800357341325146,ridge_challenger,EXPERIMENT_ONLY,2023
2023-04-12,22:00,19,19.408775441327094,0.4087754413270943,ridge_challenger,EXPERIMENT_ONLY,2023
2023-04-13,22:00,17,18.177419776611185,1.1774197766111847,ridge_challenger,EXPERIMENT_ONLY,2023
2023-04-14,22:00,17,18.020116781895382,1.020116781895382,ridge_challenger,EXPERIMENT_ONLY,2023
2023-04-15,22:00,19,18.76809006785919,0.2319099321408089,ridge_challenger,EXPERIMENT_ONLY,2023
2023-04-16,22:00,17,18.6600005537322,1.6600005537321998,ridge_challenger,EXPERIMENT_ONLY,2023
2023-04-17,22:00,20,17.41169910665557,2.5883008933444316,ridge_challenger,EXPERIMENT_ONLY,2023
2023-04-18,22:00,19,18.979533053926474,0.02046694607352606,ridge_challenger,EXPERIMENT_ONLY,2023
2023-04-19,22:00,19,19.489213948800487,0.4892139488004865,ridge_challenger,EXPERIMENT_ONLY,2023
2023-04-20,22:00,20,19.790525688639732,0.2094743113602675,ridge_challenger,EXPERIMENT_ONLY,2023
2023-04-21,22:00,19,20.1914469821569,1.1914469821569007,ridge_challenger,EXPERIMENT_ONLY,2023
2023-04-22,22:00,17,19.17373774323249,2.17373774323249,ridge_challenger,EXPERIMENT_ONLY,2023
2023-04-23,22:00,19,17.43373776028127,1.5662622397187285,ridge_challenger,EXPERIMENT_ONLY,2023
2023-04-24,22:00,18,15.856300866799648,2.143699133200352,ridge_challenger,EXPERIMENT_ONLY,2023
2023-04-25,22:00,18,17.41637309746474,0.5836269025352614,ridge_challenger,EXPERIMENT_ONLY,2023
2023-04-26,22:00,17,12.292352832228223,4.707647167771777,ridge_challenger,EXPERIMENT_ONLY,2023
2023-04-27,22:00,15,16.323369165459386,1.3233691654593862,ridge_challenger,EXPERIMENT_ONLY,2023
2023-04-28,22:00,16,16.812524101130688,0.8125241011306876,ridge_challenger,EXPERIMENT_ONLY,2023
2023-04-29,22:00,18,17.353947142193235,0.6460528578067652,ridge_challenger,EXPERIMENT_ONLY,2023
2023-04-30,22:00,18,17.37204417646122,0.6279558235387803,ridge_challenger,EXPERIMENT_ONLY,2023
2023-05-01,22:00,17,18.340320723863595,1.340320723863595,ridge_challenger,EXPERIMENT_ONLY,2023
2023-05-02,22:00,21,18.513138791149906,2.486861208850094,ridge_challenger,EXPERIMENT_ONLY,2023
2023-05-03,22:00,20,21.194373122950978,1.194373122950978,ridge_challenger,EXPERIMENT_ONLY,2023
2023-05-04,22:00,18,19.341536755412857,1.3415367554128572,ridge_challenger,EXPERIMENT_ONLY,2023
2023-05-05,22:00,20,19.26576695110216,0.7342330488978384,ridge_challenger,EXPERIMENT_ONLY,2023
2023-05-06,22:00,20,19.555061756706145,0.4449382432938549,ridge_challenger,EXPERIMENT_ONLY,2023
2023-05-07,22:00,20,19.17151177827337,0.8284882217266301,ridge_challenger,EXPERIMENT_ONLY,2023
2023-05-08,22:00,22,19.793585333312443,2.2064146666875573,ridge_challenger,EXPERIMENT_ONLY,2023
2023-05-09,22:00,20,22.243593418232177,2.2435934182321766,ridge_challenger,EXPERIMENT_ONLY,2023
2023-05-10,22:00,17,18.53009292075237,1.5300929207523701,ridge_challenger,EXPERIMENT_ONLY,2023
2023-05-11,22:00,12,14.705849799240582,2.705849799240582,ridge_challenger,EXPERIMENT_ONLY,2023
2023-05-12,22:00,14,13.61474848826211,0.38525151173788963,ridge_challenger,EXPERIMENT_ONLY,2023
2023-05-13,22:00,15,15.934379759296654,0.9343797592966538,ridge_challenger,EXPERIMENT_ONLY,2023
2023-05-14,22:00,16,16.99056044154225,0.9905604415422502,ridge_challenger,EXPERIMENT_ONLY,2023
2023-05-15,22:00,15,12.708437055849954,2.291562944150046,ridge_challenger,EXPERIMENT_ONLY,2023
2023-05-16,22:00,14,14.890238788117875,0.890238788117875,ridge_challenger,EXPERIMENT_ONLY,2023
2023-05-17,22:00,16,15.103533918948976,0.8964660810510239,ridge_challenger,EXPERIMENT_ONLY,2023
2023-05-18,22:00,15,16.497678049621342,1.4976780496213422,ridge_challenger,EXPERIMENT_ONLY,2023
2023-05-19,22:00,14,14.241779057502454,0.24177905750245365,ridge_challenger,EXPERIMENT_ONLY,2023
2023-05-20,22:00,15,13.875480441908417,1.124519558091583,ridge_challenger,EXPERIMENT_ONLY,2023
2023-05-21,22:00,15,14.789836848735717,0.21016315126428253,ridge_challenger,EXPERIMENT_ONLY,2023
2023-05-22,22:00,17,17.18303860998135,0.1830386099813488,ridge_challenger,EXPERIMENT_ONLY,2023
2023-05-23,22:00,16,17.32241743131103,1.322417431311031,ridge_challenger,EXPERIMENT_ONLY,2023
2023-05-24,22:00,14,14.477162882559847,0.4771628825598473,ridge_challenger,EXPERIMENT_ONLY,2023
2023-05-25,22:00,15,14.936056583436574,0.06394341656342561,ridge_challenger,EXPERIMENT_ONLY,2023
2023-05-26,22:00,17,17.5129334714063,0.5129334714062992,ridge_challenger,EXPERIMENT_ONLY,2023
2023-05-27,22:00,17,17.40396995801981,0.40396995801981106,ridge_challenger,EXPERIMENT_ONLY,2023
2023-05-28,22:00,19,18.47526213621986,0.524737863780139,ridge_challenger,EXPERIMENT_ONLY,2023
2023-05-29,22:00,18,16.152330400349065,1.847669599650935,ridge_challenger,EXPERIMENT_ONLY,2023
2023-05-30,22:00,17,18.239833093627613,1.2398330936276132,ridge_challenger,EXPERIMENT_ONLY,2023
2023-05-31,22:00,16,16.39637650724339,0.3963765072433887,ridge_challenger,EXPERIMENT_ONLY,2023
2023-06-01,22:00,18,18.733683664482598,0.7336836644825979,ridge_challenger,EXPERIMENT_ONLY,2023
2023-06-02,22:00,18,18.86418255686968,0.8641825568696788,ridge_challenger,EXPERIMENT_ONLY,2023
2023-06-03,22:00,15,16.17619900593299,1.1761990059329896,ridge_challenger,EXPERIMENT_ONLY,2023
2023-06-04,22:00,15,15.592257014875223,0.5922570148752229,ridge_challenger,EXPERIMENT_ONLY,2023
2023-06-05,22:00,13,13.874046111566534,0.8740461115665337,ridge_challenger,EXPERIMENT_ONLY,2023
2023-06-06,22:00,12,13.297302154040688,1.297302154040688,ridge_challenger,EXPERIMENT_ONLY,2023
2023-06-07,22:00,13,12.834118201354002,0.16588179864599795,ridge_challenger,EXPERIMENT_ONLY,2023
2023-06-08,22:00,13,13.803509058015173,0.8035090580151731,ridge_challenger,EXPERIMENT_ONLY,2023
2023-06-09,22:00,14,15.314902720012999,1.3149027200129986,ridge_challenger,EXPERIMENT_ONLY,2023
2023-06-10,22:00,12,14.185400444196045,2.185400444196045,ridge_challenger,EXPERIMENT_ONLY,2023
2023-06-11,22:00,14,13.121046014059909,0.8789539859400914,ridge_challenger,EXPERIMENT_ONLY,2023
2023-06-12,22:00,13,14.246994180887741,1.2469941808877412,ridge_challenger,EXPERIMENT_ONLY,2023
2023-06-13,22:00,13,12.639440040691925,0.36055995930807505,ridge_challenger,EXPERIMENT_ONLY,2023
2023-06-14,22:00,13,13.268246527873972,0.26824652787397163,ridge_challenger,EXPERIMENT_ONLY,2023
2023-06-15,22:00,14,14.632531517793788,0.6325315177937885,ridge_challenger,EXPERIMENT_ONLY,2023
2023-06-16,22:00,13,12.585325677716433,0.4146743222835667,ridge_challenger,EXPERIMENT_ONLY,2023
2023-06-17,22:00,15,15.684487220293196,0.684487220293196,ridge_challenger,EXPERIMENT_ONLY,2023
2023-06-18,22:00,16,16.09745518468912,0.09745518468912095,ridge_challenger,EXPERIMENT_ONLY,2023
2023-06-19,22:00,15,16.854224817103674,1.854224817103674,ridge_challenger,EXPERIMENT_ONLY,2023
2023-06-20,22:00,15,15.02829714226217,0.028297142262170283,ridge_challenger,EXPERIMENT_ONLY,2023
2023-06-21,22:00,15,15.217251180531802,0.21725118053180204,ridge_challenger,EXPERIMENT_ONLY,2023
2023-06-22,22:00,15,16.521256873520034,1.5212568735200342,ridge_challenger,EXPERIMENT_ONLY,2023
2023-06-23,22:00,17,17.445775462972158,0.44577546297215775,ridge_challenger,EXPERIMENT_ONLY,2023
2023-06-24,22:00,16,16.51814262028421,0.518142620284209,ridge_challenger,EXPERIMENT_ONLY,2023
2023-06-25,22:00,16,12.979127986999053,3.0208720130009468,ridge_challenger,EXPERIMENT_ONLY,2023
2023-06-26,22:00,16,15.58713248368319,0.41286751631681007,ridge_challenger,EXPERIMENT_ONLY,2023
2023-06-27,22:00,14,15.737732570657839,1.7377325706578386,ridge_challenger,EXPERIMENT_ONLY,2023
2023-06-28,22:00,15,14.199473413396522,0.8005265866034783,ridge_challenger,EXPERIMENT_ONLY,2023
2023-06-29,22:00,15,14.844142672999244,0.15585732700075638,ridge_challenger,EXPERIMENT_ONLY,2023
2023-06-30,22:00,14,13.159551789150902,0.8404482108490985,ridge_challenger,EXPERIMENT_ONLY,2023
2023-07-01,22:00,13,10.319487208641346,2.6805127913586535,ridge_challenger,EXPERIMENT_ONLY,2023
2023-07-02,22:00,13,12.07583541593761,0.9241645840623907,ridge_challenger,EXPERIMENT_ONLY,2023
2023-07-03,22:00,14,13.909284511268599,0.09071548873140145,ridge_challenger,EXPERIMENT_ONLY,2023
2023-07-04,22:00,17,14.32200900166944,2.6779909983305608,ridge_challenger,EXPERIMENT_ONLY,2023
2023-07-05,22:00,14,13.986755979725036,0.013244020274964186,ridge_challenger,EXPERIMENT_ONLY,2023
2023-07-06,22:00,12,13.36262748701142,1.3626274870114194,ridge_challenger,EXPERIMENT_ONLY,2023
2023-07-07,22:00,12,12.59535298009318,0.59535298009318,ridge_challenger,EXPERIMENT_ONLY,2023
2023-07-08,22:00,14,12.415295252105103,1.5847047478948966,ridge_challenger,EXPERIMENT_ONLY,2023
2023-07-09,22:00,13,14.335738025585039,1.335738025585039,ridge_challenger,EXPERIMENT_ONLY,2023
2023-07-10,22:00,12,14.200745110019893,2.200745110019893,ridge_challenger,EXPERIMENT_ONLY,2023
2023-07-11,22:00,12,13.734292789984204,1.7342927899842042,ridge_challenger,EXPERIMENT_ONLY,2023
2023-07-12,22:00,15,13.818991742771361,1.1810082572286387,ridge_challenger,EXPERIMENT_ONLY,2023
2023-07-13,22:00,15,16.123230487744493,1.1232304877444932,ridge_challenger,EXPERIMENT_ONLY,2023
2023-07-14,22:00,16,14.406132730078367,1.593867269921633,ridge_challenger,EXPERIMENT_ONLY,2023
2023-07-15,22:00,16,14.445525633176993,1.5544743668230065,ridge_challenger,EXPERIMENT_ONLY,2023
2023-07-16,22:00,16,16.69696587431771,0.6969658743177085,ridge_challenger,EXPERIMENT_ONLY,2023
2023-07-17,22:00,14,12.720072953573279,1.279927046426721,ridge_challenger,EXPERIMENT_ONLY,2023
2023-07-18,22:00,17,14.54828909067752,2.4517109093224807,ridge_challenger,EXPERIMENT_ONLY,2023
2023-07-19,22:00,14,16.618337768805542,2.6183377688055423,ridge_challenger,EXPERIMENT_ONLY,2023
2023-07-20,22:00,13,14.295526688159047,1.2955266881590468,ridge_challenger,EXPERIMENT_ONLY,2023
2023-07-21,22:00,11,12.725719348963546,1.7257193489635458,ridge_challenger,EXPERIMENT_ONLY,2023
2023-07-22,22:00,10,10.3776940863714,0.3776940863714007,ridge_challenger,EXPERIMENT_ONLY,2023
2023-07-23,22:00,11,10.98385182594377,0.016148174056230147,ridge_challenger,EXPERIMENT_ONLY,2023
2023-07-24,22:00,12,13.766311673198496,1.766311673198496,ridge_challenger,EXPERIMENT_ONLY,2023
2023-07-25,22:00,14,13.023378425125813,0.9766215748741871,ridge_challenger,EXPERIMENT_ONLY,2023
2023-07-26,22:00,10,10.982803292646832,0.9828032926468317,ridge_challenger,EXPERIMENT_ONLY,2023
2023-07-27,22:00,13,12.194746297257163,0.8052537027428368,ridge_challenger,EXPERIMENT_ONLY,2023
2023-07-28,22:00,10,12.165565516650236,2.1655655166502363,ridge_challenger,EXPERIMENT_ONLY,2023
2023-07-29,22:00,13,12.701260374114563,0.2987396258854371,ridge_challenger,EXPERIMENT_ONLY,2023
2023-07-30,22:00,13,12.59451235475771,0.40548764524229064,ridge_challenger,EXPERIMENT_ONLY,2023
2023-07-31,22:00,14,13.477104575968667,0.5228954240313328,ridge_challenger,EXPERIMENT_ONLY,2023
2023-08-01,22:00,16,16.09686579647635,0.09686579647635085,ridge_challenger,EXPERIMENT_ONLY,2023
2023-08-02,22:00,12,11.195548225134512,0.8044517748654876,ridge_challenger,EXPERIMENT_ONLY,2023
2023-08-03,22:00,11,11.353720760681837,0.35372076068183667,ridge_challenger,EXPERIMENT_ONLY,2023
2023-08-04,22:00,13,11.35865838157519,1.6413416184248106,ridge_challenger,EXPERIMENT_ONLY,2023
2023-08-05,22:00,12,11.323102998790981,0.676897001209019,ridge_challenger,EXPERIMENT_ONLY,2023
2023-08-06,22:00,12,11.903165630425413,0.09683436957458724,ridge_challenger,EXPERIMENT_ONLY,2023
2023-08-07,22:00,14,14.085475658737321,0.08547565873732133,ridge_challenger,EXPERIMENT_ONLY,2023
2023-08-08,22:00,11,13.006852559079059,2.006852559079059,ridge_challenger,EXPERIMENT_ONLY,2023
2023-08-09,22:00,11,12.506996896683447,1.5069968966834466,ridge_challenger,EXPERIMENT_ONLY,2023
2023-08-10,22:00,8,9.91606460705167,1.9160646070516698,ridge_challenger,EXPERIMENT_ONLY,2023
2023-08-11,22:00,10,9.140676481551012,0.8593235184489885,ridge_challenger,EXPERIMENT_ONLY,2023
2023-08-12,22:00,12,11.35818356325621,0.64181643674379,ridge_challenger,EXPERIMENT_ONLY,2023
2023-08-13,22:00,14,14.450941113751076,0.4509411137510764,ridge_challenger,EXPERIMENT_ONLY,2023
2023-08-14,22:00,15,15.191142604612397,0.19114260461239674,ridge_challenger,EXPERIMENT_ONLY,2023
2023-08-15,22:00,13,14.672882215494182,1.672882215494182,ridge_challenger,EXPERIMENT_ONLY,2023
2023-08-16,22:00,11,12.079393635545992,1.0793936355459923,ridge_challenger,EXPERIMENT_ONLY,2023
2023-08-17,22:00,12,11.26866860833129,0.7313313916687108,ridge_challenger,EXPERIMENT_ONLY,2023
2023-08-18,22:00,13,13.842522198415992,0.8425221984159919,ridge_challenger,EXPERIMENT_ONLY,2023
2023-08-19,22:00,12,13.255513057270838,1.2555130572708375,ridge_challenger,EXPERIMENT_ONLY,2023
2023-08-20,22:00,15,13.578165803732245,1.4218341962677545,ridge_challenger,EXPERIMENT_ONLY,2023
2023-08-21,22:00,12,15.148853085584532,3.1488530855845323,ridge_challenger,EXPERIMENT_ONLY,2023
2023-08-22,22:00,11,12.341298947151774,1.341298947151774,ridge_challenger,EXPERIMENT_ONLY,2023
2023-08-23,22:00,11,11.843854200004857,0.8438542000048574,ridge_challenger,EXPERIMENT_ONLY,2023
2023-08-24,22:00,14,12.249956096793584,1.7500439032064161,ridge_challenger,EXPERIMENT_ONLY,2023
2023-08-25,22:00,12,14.158116640244431,2.1581166402444314,ridge_challenger,EXPERIMENT_ONLY,2023
2023-08-26,22:00,14,14.013868487193616,0.013868487193615664,ridge_challenger,EXPERIMENT_ONLY,2023
2023-08-27,22:00,11,15.025156043412164,4.025156043412164,ridge_challenger,EXPERIMENT_ONLY,2023
2023-08-28,22:00,9,9.452076688316119,0.4520766883161187,ridge_challenger,EXPERIMENT_ONLY,2023
2023-08-29,22:00,13,12.300953507684117,0.6990464923158832,ridge_challenger,EXPERIMENT_ONLY,2023
2023-08-30,22:00,14,15.12744595737012,1.1274459573701208,ridge_challenger,EXPERIMENT_ONLY,2023
2023-08-31,22:00,15,14.773715511998034,0.22628448800196566,ridge_challenger,EXPERIMENT_ONLY,2023
2023-09-01,22:00,14,15.581627348985567,1.5816273489855668,ridge_challenger,EXPERIMENT_ONLY,2023
2023-09-02,22:00,16,16.325053166465462,0.32505316646546234,ridge_challenger,EXPERIMENT_ONLY,2023
2023-09-03,22:00,16,16.579760756578647,0.5797607565786471,ridge_challenger,EXPERIMENT_ONLY,2023
2023-09-04,22:00,15,15.158476879986674,0.15847687998667404,ridge_challenger,EXPERIMENT_ONLY,2023
2023-09-05,22:00,15,15.16631353598866,0.16631353598866028,ridge_challenger,EXPERIMENT_ONLY,2023
2023-09-06,22:00,16,15.865811975455923,0.13418802454407697,ridge_challenger,EXPERIMENT_ONLY,2023
2023-09-07,22:00,17,16.520400259684276,0.4795997403157237,ridge_challenger,EXPERIMENT_ONLY,2023
2023-09-08,22:00,18,17.291754365634212,0.7082456343657881,ridge_challenger,EXPERIMENT_ONLY,2023
2023-09-09,22:00,17,16.970102056014735,0.02989794398526513,ridge_challenger,EXPERIMENT_ONLY,2023
2023-09-10,22:00,17,18.360564678518468,1.3605646785184682,ridge_challenger,EXPERIMENT_ONLY,2023
2023-09-11,22:00,16,17.178044148531608,1.1780441485316082,ridge_challenger,EXPERIMENT_ONLY,2023
2023-09-12,22:00,15,16.15486875310635,1.1548687531063493,ridge_challenger,EXPERIMENT_ONLY,2023
2023-09-13,22:00,16,16.791128562567017,0.7911285625670175,ridge_challenger,EXPERIMENT_ONLY,2023
2023-09-14,22:00,15,16.688591361123976,1.6885913611239758,ridge_challenger,EXPERIMENT_ONLY,2023
2023-09-15,22:00,15,16.591500582270733,1.5915005822707329,ridge_challenger,EXPERIMENT_ONLY,2023
2023-09-16,22:00,14,15.504339339379529,1.5043393393795288,ridge_challenger,EXPERIMENT_ONLY,2023
2023-09-17,22:00,19,17.04892238299949,1.9510776170005109,ridge_challenger,EXPERIMENT_ONLY,2023
2023-09-18,22:00,18,19.185127910092092,1.185127910092092,ridge_challenger,EXPERIMENT_ONLY,2023
2023-09-19,22:00,16,17.221010375954407,1.2210103759544069,ridge_challenger,EXPERIMENT_ONLY,2023
2023-09-20,22:00,17,17.38426099483351,0.38426099483351095,ridge_challenger,EXPERIMENT_ONLY,2023
2023-09-21,22:00,15,17.498309315439265,2.498309315439265,ridge_challenger,EXPERIMENT_ONLY,2023
2023-09-22,22:00,17,16.504815407174366,0.495184592825634,ridge_challenger,EXPERIMENT_ONLY,2023
2023-09-23,22:00,16,16.373676960158466,0.3736769601584662,ridge_challenger,EXPERIMENT_ONLY,2023
2023-09-24,22:00,13,13.114560430396311,0.11456043039631147,ridge_challenger,EXPERIMENT_ONLY,2023
2023-09-25,22:00,11,12.43272401236506,1.4327240123650604,ridge_challenger,EXPERIMENT_ONLY,2023
2023-09-26,22:00,11,11.425695868874774,0.42569586887477406,ridge_challenger,EXPERIMENT_ONLY,2023
2023-09-27,22:00,10,10.738418922463884,0.7384189224638842,ridge_challenger,EXPERIMENT_ONLY,2023
2023-09-28,22:00,15,12.03091280431014,2.969087195689861,ridge_challenger,EXPERIMENT_ONLY,2023
2023-09-29,22:00,14,13.320435957025214,0.6795640429747856,ridge_challenger,EXPERIMENT_ONLY,2023
2023-09-30,22:00,13,11.575973540809109,1.424026459190891,ridge_challenger,EXPERIMENT_ONLY,2023
2023-10-01,22:00,17,14.517423855503212,2.4825761444967878,ridge_challenger,EXPERIMENT_ONLY,2023
2023-10-02,22:00,17,16.839983644773955,0.16001635522604474,ridge_challenger,EXPERIMENT_ONLY,2023
2023-10-03,22:00,12,13.322375234711652,1.322375234711652,ridge_challenger,EXPERIMENT_ONLY,2023
2023-10-04,22:00,14,13.73827078086756,0.2617292191324392,ridge_challenger,EXPERIMENT_ONLY,2023
2023-10-05,22:00,18,16.198208936936137,1.8017910630638632,ridge_challenger,EXPERIMENT_ONLY,2023
2023-10-06,22:00,16,17.172345243854252,1.1723452438542523,ridge_challenger,EXPERIMENT_ONLY,2023
2023-10-07,22:00,14,15.772837717031578,1.772837717031578,ridge_challenger,EXPERIMENT_ONLY,2023
2023-10-08,22:00,13,14.292029589739562,1.2920295897395615,ridge_challenger,EXPERIMENT_ONLY,2023
2023-10-09,22:00,15,14.18029798152384,0.8197020184761605,ridge_challenger,EXPERIMENT_ONLY,2023
2023-10-10,22:00,17,16.951056077874263,0.04894392212573706,ridge_challenger,EXPERIMENT_ONLY,2023
2023-10-11,22:00,14,14.963342799941458,0.9633427999414579,ridge_challenger,EXPERIMENT_ONLY,2023
2023-10-12,22:00,17,16.874913531465378,0.12508646853462224,ridge_challenger,EXPERIMENT_ONLY,2023
2023-10-13,22:00,16,16.674880078827893,0.6748800788278935,ridge_challenger,EXPERIMENT_ONLY,2023
2023-10-14,22:00,16,15.77674408895739,0.22325591104261022,ridge_challenger,EXPERIMENT_ONLY,2023
2023-10-15,22:00,16,17.43795735355026,1.43795735355026,ridge_challenger,EXPERIMENT_ONLY,2023
2023-10-16,22:00,16,17.072117290213523,1.072117290213523,ridge_challenger,EXPERIMENT_ONLY,2023
2023-10-17,22:00,16,15.739493865558355,0.26050613444164483,ridge_challenger,EXPERIMENT_ONLY,2023
2023-10-18,22:00,18,15.935839585016932,2.0641604149830677,ridge_challenger,EXPERIMENT_ONLY,2023
2023-10-19,22:00,18,18.245486639445758,0.24548663944575821,ridge_challenger,EXPERIMENT_ONLY,2023
2023-10-20,22:00,17,17.981342078180425,0.9813420781804254,ridge_challenger,EXPERIMENT_ONLY,2023
2023-10-21,22:00,15,17.81426235043609,2.8142623504360884,ridge_challenger,EXPERIMENT_ONLY,2023
2023-10-22,22:00,13,14.109416778876485,1.1094167788764846,ridge_challenger,EXPERIMENT_ONLY,2023
2023-10-23,22:00,16,14.135546837406745,1.8644531625932554,ridge_challenger,EXPERIMENT_ONLY,2023
2023-10-24,22:00,16,17.51193675919124,1.51193675919124,ridge_challenger,EXPERIMENT_ONLY,2023
2023-10-25,22:00,20,16.539347597796375,3.4606524022036247,ridge_challenger,EXPERIMENT_ONLY,2023
2023-10-26,22:00,18,19.88640658057084,1.8864065805708385,ridge_challenger,EXPERIMENT_ONLY,2023
2023-10-27,22:00,14,15.042779834904211,1.042779834904211,ridge_challenger,EXPERIMENT_ONLY,2023
2023-10-28,22:00,13,15.05227447066388,2.05227447066388,ridge_challenger,EXPERIMENT_ONLY,2023
2023-10-29,22:00,17,15.349522437563156,1.6504775624368442,ridge_challenger,EXPERIMENT_ONLY,2023
2023-10-30,22:00,18,17.40870828314498,0.5912917168550216,ridge_challenger,EXPERIMENT_ONLY,2023
2023-10-31,22:00,20,18.586957314069497,1.4130426859305025,ridge_challenger,EXPERIMENT_ONLY,2023
2023-11-01,22:00,22,21.397422756114118,0.6025772438858823,ridge_challenger,EXPERIMENT_ONLY,2023
2023-11-02,22:00,18,18.993305138121183,0.9933051381211833,ridge_challenger,EXPERIMENT_ONLY,2023
2023-11-03,22:00,19,17.434244713433355,1.5657552865666453,ridge_challenger,EXPERIMENT_ONLY,2023
2023-11-04,22:00,19,19.184813735371332,0.18481373537133194,ridge_challenger,EXPERIMENT_ONLY,2023
2023-11-05,22:00,18,19.652820625546518,1.6528206255465179,ridge_challenger,EXPERIMENT_ONLY,2023
2023-11-06,22:00,13,14.886483222647094,1.8864832226470938,ridge_challenger,EXPERIMENT_ONLY,2023
2023-11-07,22:00,13,13.32667512297229,0.32667512297228996,ridge_challenger,EXPERIMENT_ONLY,2023
2023-11-08,22:00,15,14.455596944656598,0.5444030553434018,ridge_challenger,EXPERIMENT_ONLY,2023
2023-11-09,22:00,15,15.658834737700372,0.6588347377003725,ridge_challenger,EXPERIMENT_ONLY,2023
2023-11-10,22:00,14,14.297266750147049,0.29726675014704895,ridge_challenger,EXPERIMENT_ONLY,2023
2023-11-11,22:00,18,15.285130144316772,2.7148698556832276,ridge_challenger,EXPERIMENT_ONLY,2023
2023-11-12,22:00,19,19.459672523425834,0.45967252342583365,ridge_challenger,EXPERIMENT_ONLY,2023
2023-11-13,22:00,19,20.382123224632302,1.382123224632302,ridge_challenger,EXPERIMENT_ONLY,2023
2023-11-14,22:00,18,19.368568213779447,1.3685682137794473,ridge_challenger,EXPERIMENT_ONLY,2023
2023-11-15,22:00,21,19.263165964629135,1.7368340353708653,ridge_challenger,EXPERIMENT_ONLY,2023
2023-11-16,22:00,19,20.170203247224727,1.1702032472247268,ridge_challenger,EXPERIMENT_ONLY,2023
2023-11-17,22:00,18,16.9308698336764,1.0691301663235997,ridge_challenger,EXPERIMENT_ONLY,2023
2023-11-18,22:00,17,16.614295659010715,0.3857043409892853,ridge_challenger,EXPERIMENT_ONLY,2023
2023-11-19,22:00,16,16.61392325124514,0.61392325124514,ridge_challenger,EXPERIMENT_ONLY,2023
2023-11-20,22:00,16,17.15346305317285,1.1534630531728496,ridge_challenger,EXPERIMENT_ONLY,2023
2023-11-21,22:00,16,16.166311199775564,0.16631119977556352,ridge_challenger,EXPERIMENT_ONLY,2023
2023-11-22,22:00,20,19.251539968350095,0.7484600316499055,ridge_challenger,EXPERIMENT_ONLY,2023
2023-11-23,22:00,20,19.90231092742073,0.0976890725792714,ridge_challenger,EXPERIMENT_ONLY,2023
2023-11-24,22:00,16,15.714522357001927,0.28547764299807277,ridge_challenger,EXPERIMENT_ONLY,2023
2023-11-25,22:00,12,13.957597103650388,1.9575971036503876,ridge_challenger,EXPERIMENT_ONLY,2023
2023-11-26,22:00,15,14.637698009908263,0.362301990091737,ridge_challenger,EXPERIMENT_ONLY,2023
2023-11-27,22:00,19,17.868612155713993,1.1313878442860066,ridge_challenger,EXPERIMENT_ONLY,2023
2023-11-28,22:00,20,18.980467006002417,1.0195329939975828,ridge_challenger,EXPERIMENT_ONLY,2023
2023-11-29,22:00,16,15.459361647383174,0.5406383526168259,ridge_challenger,EXPERIMENT_ONLY,2023
2023-11-30,22:00,19,17.779044423561924,1.220955576438076,ridge_challenger,EXPERIMENT_ONLY,2023
2023-12-01,22:00,16,16.226370500059183,0.2263705000591827,ridge_challenger,EXPERIMENT_ONLY,2023
2023-12-02,22:00,21,18.48162726731305,2.5183727326869487,ridge_challenger,EXPERIMENT_ONLY,2023
2023-12-03,22:00,17,18.890970756599895,1.890970756599895,ridge_challenger,EXPERIMENT_ONLY,2023
2023-12-04,22:00,15,15.125951834568818,0.1259518345688182,ridge_challenger,EXPERIMENT_ONLY,2023
2023-12-05,22:00,19,17.815160464466192,1.1848395355338077,ridge_challenger,EXPERIMENT_ONLY,2023
2023-12-06,22:00,22,19.795236096634337,2.204763903365663,ridge_challenger,EXPERIMENT_ONLY,2023
2023-12-07,22:00,21,21.23842579429404,0.23842579429404154,ridge_challenger,EXPERIMENT_ONLY,2023
2023-12-08,22:00,19,20.38487930326791,1.3848793032679083,ridge_challenger,EXPERIMENT_ONLY,2023
2023-12-09,22:00,20,19.756531151841386,0.24346884815861358,ridge_challenger,EXPERIMENT_ONLY,2023
2023-12-10,22:00,17,19.073407902687077,2.0734079026870766,ridge_challenger,EXPERIMENT_ONLY,2023
2023-12-11,22:00,20,18.193729611843654,1.8062703881563458,ridge_challenger,EXPERIMENT_ONLY,2023
2023-12-12,22:00,20,20.322704689516588,0.3227046895165877,ridge_challenger,EXPERIMENT_ONLY,2023
2023-12-13,22:00,16,18.250104548614285,2.250104548614285,ridge_challenger,EXPERIMENT_ONLY,2023
2023-12-14,22:00,17,18.798875620797602,1.7988756207976024,ridge_challenger,EXPERIMENT_ONLY,2023
2023-12-15,22:00,18,18.502642702117853,0.5026427021178534,ridge_challenger,EXPERIMENT_ONLY,2023
2023-12-16,22:00,18,19.114238582525722,1.1142385825257222,ridge_challenger,EXPERIMENT_ONLY,2023
2023-12-17,22:00,21,19.075450572006517,1.9245494279934832,ridge_challenger,EXPERIMENT_ONLY,2023
2023-12-18,22:00,17,18.270986789529704,1.2709867895297045,ridge_challenger,EXPERIMENT_ONLY,2023
2023-12-19,22:00,23,18.490744064647178,4.509255935352822,ridge_challenger,EXPERIMENT_ONLY,2023
2023-12-20,22:00,21,22.038917855272775,1.038917855272775,ridge_challenger,EXPERIMENT_ONLY,2023
2023-12-21,22:00,20,20.19228569606509,0.19228569606508827,ridge_challenger,EXPERIMENT_ONLY,2023
2023-12-22,22:00,18,18.67127049537426,0.6712704953742588,ridge_challenger,EXPERIMENT_ONLY,2023
2023-12-23,22:00,24,21.1786655585037,2.821334441496301,ridge_challenger,EXPERIMENT_ONLY,2023
2023-12-24,22:00,22,22.03221459086181,0.032214590861809,ridge_challenger,EXPERIMENT_ONLY,2023
2023-12-25,22:00,22,21.311266056866703,0.6887339431332968,ridge_challenger,EXPERIMENT_ONLY,2023
2023-12-26,22:00,23,22.25238946020661,0.7476105397933885,ridge_challenger,EXPERIMENT_ONLY,2023
2023-12-27,22:00,19,19.17599301691933,0.17599301691932823,ridge_challenger,EXPERIMENT_ONLY,2023
2023-12-28,22:00,24,19.987482946879823,4.0125170531201775,ridge_challenger,EXPERIMENT_ONLY,2023
2023-12-29,22:00,21,22.285174474315053,1.2851744743150526,ridge_challenger,EXPERIMENT_ONLY,2023
2023-12-30,22:00,23,21.934053353143515,1.065946646856485,ridge_challenger,EXPERIMENT_ONLY,2023
2023-12-31,22:00,24,22.485474677116592,1.514525322883408,ridge_challenger,EXPERIMENT_ONLY,2023
2023-01-01,23:00,17,17.00223846960266,0.0022384696026591655,ridge_challenger,EXPERIMENT_ONLY,2023
2023-01-02,23:00,20,18.18863421332766,1.81136578667234,ridge_challenger,EXPERIMENT_ONLY,2023
2023-01-03,23:00,22,22.07872269565842,0.0787226956584206,ridge_challenger,EXPERIMENT_ONLY,2023
2023-01-04,23:00,24,22.789237039633775,1.2107629603662247,ridge_challenger,EXPERIMENT_ONLY,2023
2023-01-05,23:00,23,20.632480695943638,2.367519304056362,ridge_challenger,EXPERIMENT_ONLY,2023
2023-01-06,23:00,22,22.163598870108263,0.16359887010826313,ridge_challenger,EXPERIMENT_ONLY,2023
2023-01-07,23:00,19,19.03351385071666,0.03351385071665902,ridge_challenger,EXPERIMENT_ONLY,2023
2023-01-08,23:00,16,16.446347051937757,0.4463470519377566,ridge_challenger,EXPERIMENT_ONLY,2023
2023-01-09,23:00,20,17.696482338213904,2.3035176617860955,ridge_challenger,EXPERIMENT_ONLY,2023
2023-01-10,23:00,21,20.277693454631276,0.7223065453687241,ridge_challenger,EXPERIMENT_ONLY,2023
2023-01-11,23:00,18,18.7520558992224,0.7520558992223982,ridge_challenger,EXPERIMENT_ONLY,2023
2023-01-12,23:00,18,16.48825807293224,1.5117419270677601,ridge_challenger,EXPERIMENT_ONLY,2023
2023-01-13,23:00,19,19.020444640048886,0.020444640048886242,ridge_challenger,EXPERIMENT_ONLY,2023
2023-01-14,23:00,19,18.46393519814501,0.536064801854991,ridge_challenger,EXPERIMENT_ONLY,2023
2023-01-15,23:00,19,18.31902643808953,0.68097356191047,ridge_challenger,EXPERIMENT_ONLY,2023
2023-01-16,23:00,22,20.247839583448553,1.7521604165514475,ridge_challenger,EXPERIMENT_ONLY,2023
2023-01-17,23:00,23,22.84803778519523,0.1519622148047688,ridge_challenger,EXPERIMENT_ONLY,2023
2023-01-18,23:00,23,19.694013654055283,3.305986345944717,ridge_challenger,EXPERIMENT_ONLY,2023
2023-01-19,23:00,21,20.96557790073217,0.0344220992678288,ridge_challenger,EXPERIMENT_ONLY,2023
2023-01-20,23:00,23,22.51910877809646,0.4808912219035406,ridge_challenger,EXPERIMENT_ONLY,2023
2023-01-21,23:00,20,19.907880167242972,0.09211983275702806,ridge_challenger,EXPERIMENT_ONLY,2023
2023-01-22,23:00,23,21.40861459116069,1.5913854088393116,ridge_challenger,EXPERIMENT_ONLY,2023
2023-01-23,23:00,19,20.930089957302656,1.9300899573026555,ridge_challenger,EXPERIMENT_ONLY,2023
2023-01-24,23:00,20,20.388520893217496,0.38852089321749617,ridge_challenger,EXPERIMENT_ONLY,2023
2023-01-25,23:00,23,21.349098123889032,1.650901876110968,ridge_challenger,EXPERIMENT_ONLY,2023
2023-01-26,23:00,24,23.62041932980023,0.3795806701997684,ridge_challenger,EXPERIMENT_ONLY,2023
2023-01-27,23:00,22,23.272166866794578,1.2721668667945778,ridge_challenger,EXPERIMENT_ONLY,2023
2023-01-28,23:00,17,19.023877570606437,2.0238775706064374,ridge_challenger,EXPERIMENT_ONLY,2023
2023-01-29,23:00,22,16.658561665061022,5.341438334938978,ridge_challenger,EXPERIMENT_ONLY,2023
2023-01-30,23:00,25,22.63409933529653,2.365900664703471,ridge_challenger,EXPERIMENT_ONLY,2023
2023-01-31,23:00,21,22.383362924445454,1.3833629244454535,ridge_challenger,EXPERIMENT_ONLY,2023
2023-02-01,23:00,23,21.21807330865164,1.7819266913483602,ridge_challenger,EXPERIMENT_ONLY,2023
2023-02-02,23:00,25,23.09390920262167,1.9060907973783294,ridge_challenger,EXPERIMENT_ONLY,2023
2023-02-03,23:00,25,23.72449466042538,1.2755053395746216,ridge_challenger,EXPERIMENT_ONLY,2023
2023-02-04,23:00,25,25.070791303004214,0.07079130300421355,ridge_challenger,EXPERIMENT_ONLY,2023
2023-02-05,23:00,24,25.040086993898253,1.040086993898253,ridge_challenger,EXPERIMENT_ONLY,2023
2023-02-06,23:00,24,23.519334728506877,0.4806652714931232,ridge_challenger,EXPERIMENT_ONLY,2023
2023-02-07,23:00,24,23.802925791087322,0.19707420891267802,ridge_challenger,EXPERIMENT_ONLY,2023
2023-02-08,23:00,24,23.121072621154408,0.8789273788455922,ridge_challenger,EXPERIMENT_ONLY,2023
2023-02-09,23:00,19,19.01470773318352,0.014707733183520588,ridge_challenger,EXPERIMENT_ONLY,2023
2023-02-10,23:00,21,19.67830904885524,1.3216909511447597,ridge_challenger,EXPERIMENT_ONLY,2023
2023-02-11,23:00,20,20.336973068508428,0.3369730685084278,ridge_challenger,EXPERIMENT_ONLY,2023
2023-02-12,23:00,22,20.201863903967123,1.7981360960328772,ridge_challenger,EXPERIMENT_ONLY,2023
2023-02-13,23:00,21,20.92997680350897,0.07002319649102873,ridge_challenger,EXPERIMENT_ONLY,2023
2023-02-14,23:00,17,18.908554153344788,1.908554153344788,ridge_challenger,EXPERIMENT_ONLY,2023
2023-02-15,23:00,18,16.825149970987653,1.1748500290123474,ridge_challenger,EXPERIMENT_ONLY,2023
2023-02-16,23:00,17,17.07220179612012,0.0722017961201189,ridge_challenger,EXPERIMENT_ONLY,2023
2023-02-17,23:00,19,17.341162849155033,1.6588371508449669,ridge_challenger,EXPERIMENT_ONLY,2023
2023-02-18,23:00,21,19.41787194177343,1.5821280582265693,ridge_challenger,EXPERIMENT_ONLY,2023
2023-02-19,23:00,22,21.56391954857793,0.43608045142207175,ridge_challenger,EXPERIMENT_ONLY,2023
2023-02-20,23:00,24,22.94204547976546,1.0579545202345386,ridge_challenger,EXPERIMENT_ONLY,2023
2023-02-21,23:00,23,22.897659603529323,0.10234039647067661,ridge_challenger,EXPERIMENT_ONLY,2023
2023-02-22,23:00,20,21.204079000646466,1.2040790006464661,ridge_challenger,EXPERIMENT_ONLY,2023
2023-02-23,23:00,15,16.896756612860287,1.8967566128602869,ridge_challenger,EXPERIMENT_ONLY,2023
2023-02-24,23:00,17,15.132611616357218,1.8673883836427816,ridge_challenger,EXPERIMENT_ONLY,2023
2023-02-25,23:00,18,16.20777630703767,1.792223692962331,ridge_challenger,EXPERIMENT_ONLY,2023
2023-02-26,23:00,20,18.650373750228788,1.3496262497712124,ridge_challenger,EXPERIMENT_ONLY,2023
2023-02-27,23:00,19,19.496334413265696,0.4963344132656964,ridge_challenger,EXPERIMENT_ONLY,2023
2023-02-28,23:00,19,18.681514554583053,0.3184854454169468,ridge_challenger,EXPERIMENT_ONLY,2023
2023-03-01,23:00,22,18.788842537422237,3.211157462577763,ridge_challenger,EXPERIMENT_ONLY,2023
2023-03-02,23:00,23,22.35142238151981,0.6485776184801892,ridge_challenger,EXPERIMENT_ONLY,2023
2023-03-03,23:00,22,22.06222795940954,0.06222795940954029,ridge_challenger,EXPERIMENT_ONLY,2023
2023-03-04,23:00,20,17.645806542652323,2.3541934573476766,ridge_challenger,EXPERIMENT_ONLY,2023
2023-03-05,23:00,18,19.597660732687636,1.5976607326876362,ridge_challenger,EXPERIMENT_ONLY,2023
2023-03-06,23:00,18,16.976268881098107,1.0237311189018925,ridge_challenger,EXPERIMENT_ONLY,2023
2023-03-07,23:00,20,18.036329824290593,1.9636701757094066,ridge_challenger,EXPERIMENT_ONLY,2023
2023-03-08,23:00,22,21.196765578697914,0.8032344213020863,ridge_challenger,EXPERIMENT_ONLY,2023
2023-03-09,23:00,22,22.278462617315792,0.27846261731579247,ridge_challenger,EXPERIMENT_ONLY,2023
2023-03-10,23:00,22,20.85094470359338,1.149055296406619,ridge_challenger,EXPERIMENT_ONLY,2023
2023-03-11,23:00,21,20.075500183568078,0.924499816431922,ridge_challenger,EXPERIMENT_ONLY,2023
2023-03-12,23:00,22,20.56120863775173,1.4387913622482706,ridge_challenger,EXPERIMENT_ONLY,2023
2023-03-13,23:00,21,21.95633972311295,0.9563397231129507,ridge_challenger,EXPERIMENT_ONLY,2023
2023-03-14,23:00,17,18.442357715861473,1.4423577158614727,ridge_challenger,EXPERIMENT_ONLY,2023
2023-03-15,23:00,21,17.5187356660439,3.4812643339561014,ridge_challenger,EXPERIMENT_ONLY,2023
2023-03-16,23:00,21,21.037497987683224,0.03749798768322421,ridge_challenger,EXPERIMENT_ONLY,2023
2023-03-17,23:00,22,20.84461574387123,1.1553842561287695,ridge_challenger,EXPERIMENT_ONLY,2023
2023-03-18,23:00,20,18.17497747056339,1.825022529436609,ridge_challenger,EXPERIMENT_ONLY,2023
2023-03-19,23:00,22,20.197121132203943,1.802878867796057,ridge_challenger,EXPERIMENT_ONLY,2023
2023-03-20,23:00,21,21.07139030412849,0.07139030412848868,ridge_challenger,EXPERIMENT_ONLY,2023
2023-03-21,23:00,20,19.82503350102771,0.17496649897228878,ridge_challenger,EXPERIMENT_ONLY,2023
2023-03-22,23:00,16,18.716592932777772,2.716592932777772,ridge_challenger,EXPERIMENT_ONLY,2023
2023-03-23,23:00,17,17.83942033366786,0.8394203336678601,ridge_challenger,EXPERIMENT_ONLY,2023
2023-03-24,23:00,18,16.105140645215904,1.8948593547840957,ridge_challenger,EXPERIMENT_ONLY,2023
2023-03-25,23:00,20,19.065269831387937,0.934730168612063,ridge_challenger,EXPERIMENT_ONLY,2023
2023-03-26,23:00,21,21.070069797083473,0.07006979708347316,ridge_challenger,EXPERIMENT_ONLY,2023
2023-03-27,23:00,19,20.085868015534512,1.085868015534512,ridge_challenger,EXPERIMENT_ONLY,2023
2023-03-28,23:00,19,19.442161722424395,0.44216172242439455,ridge_challenger,EXPERIMENT_ONLY,2023
2023-03-29,23:00,13,14.26837672007012,1.2683767200701208,ridge_challenger,EXPERIMENT_ONLY,2023
2023-03-30,23:00,15,15.855976791948832,0.8559767919488319,ridge_challenger,EXPERIMENT_ONLY,2023
2023-03-31,23:00,19,14.417750224938267,4.582249775061733,ridge_challenger,EXPERIMENT_ONLY,2023
2023-04-01,23:00,19,18.090857628549344,0.9091423714506561,ridge_challenger,EXPERIMENT_ONLY,2023
2023-04-02,23:00,21,20.424466694755232,0.5755333052447682,ridge_challenger,EXPERIMENT_ONLY,2023
2023-04-03,23:00,16,16.395220785314372,0.3952207853143719,ridge_challenger,EXPERIMENT_ONLY,2023
2023-04-04,23:00,17,17.303795132460586,0.30379513246058565,ridge_challenger,EXPERIMENT_ONLY,2023
2023-04-05,23:00,19,19.01486468767756,0.014864687677558663,ridge_challenger,EXPERIMENT_ONLY,2023
2023-04-06,23:00,20,20.42661363320956,0.42661363320955914,ridge_challenger,EXPERIMENT_ONLY,2023
2023-04-07,23:00,16,17.13100424510126,1.1310042451012592,ridge_challenger,EXPERIMENT_ONLY,2023
2023-04-08,23:00,16,15.213806860953788,0.7861931390462118,ridge_challenger,EXPERIMENT_ONLY,2023
2023-04-09,23:00,17,17.976996562814048,0.9769965628140476,ridge_challenger,EXPERIMENT_ONLY,2023
2023-04-10,23:00,21,18.432325888149048,2.567674111850952,ridge_challenger,EXPERIMENT_ONLY,2023
2023-04-11,23:00,20,20.298246162200034,0.29824616220003364,ridge_challenger,EXPERIMENT_ONLY,2023
2023-04-12,23:00,19,19.362311912813702,0.362311912813702,ridge_challenger,EXPERIMENT_ONLY,2023
2023-04-13,23:00,17,18.134075539643383,1.1340755396433835,ridge_challenger,EXPERIMENT_ONLY,2023
2023-04-14,23:00,17,18.010502288303776,1.0105022883037762,ridge_challenger,EXPERIMENT_ONLY,2023
2023-04-15,23:00,19,18.757299467452242,0.24270053254775803,ridge_challenger,EXPERIMENT_ONLY,2023
2023-04-16,23:00,17,18.64105884848567,1.6410588484856703,ridge_challenger,EXPERIMENT_ONLY,2023
2023-04-17,23:00,20,17.398774326366915,2.6012256736330848,ridge_challenger,EXPERIMENT_ONLY,2023
2023-04-18,23:00,19,19.030879091829366,0.03087909182936599,ridge_challenger,EXPERIMENT_ONLY,2023
2023-04-19,23:00,19,19.480765235422144,0.4807652354221439,ridge_challenger,EXPERIMENT_ONLY,2023
2023-04-20,23:00,20,19.74367938296866,0.25632061703133857,ridge_challenger,EXPERIMENT_ONLY,2023
2023-04-21,23:00,19,20.18019468008372,1.1801946800837193,ridge_challenger,EXPERIMENT_ONLY,2023
2023-04-22,23:00,17,19.137120664348,2.137120664348,ridge_challenger,EXPERIMENT_ONLY,2023
2023-04-23,23:00,19,17.434976855210007,1.5650231447899934,ridge_challenger,EXPERIMENT_ONLY,2023
2023-04-24,23:00,18,15.890800541275924,2.109199458724076,ridge_challenger,EXPERIMENT_ONLY,2023
2023-04-25,23:00,18,17.41775364219756,0.5822463578024397,ridge_challenger,EXPERIMENT_ONLY,2023
2023-04-26,23:00,17,12.372607623377844,4.627392376622156,ridge_challenger,EXPERIMENT_ONLY,2023
2023-04-27,23:00,15,16.355584388624045,1.3555843886240453,ridge_challenger,EXPERIMENT_ONLY,2023
2023-04-28,23:00,16,16.771377549013938,0.7713775490139376,ridge_challenger,EXPERIMENT_ONLY,2023
2023-04-29,23:00,18,17.332789667324345,0.6672103326756549,ridge_challenger,EXPERIMENT_ONLY,2023
2023-04-30,23:00,18,17.35745129542917,0.6425487045708316,ridge_challenger,EXPERIMENT_ONLY,2023
2023-05-01,23:00,17,18.32035317826121,1.320353178261211,ridge_challenger,EXPERIMENT_ONLY,2023
2023-05-02,23:00,21,18.45412711134036,2.545872888659641,ridge_challenger,EXPERIMENT_ONLY,2023
2023-05-03,23:00,20,21.1941059804843,1.1941059804842986,ridge_challenger,EXPERIMENT_ONLY,2023
2023-05-04,23:00,18,19.337438718720936,1.3374387187209358,ridge_challenger,EXPERIMENT_ONLY,2023
2023-05-05,23:00,20,19.213679581829247,0.786320418170753,ridge_challenger,EXPERIMENT_ONLY,2023
2023-05-06,23:00,20,19.56181360791071,0.438186392089289,ridge_challenger,EXPERIMENT_ONLY,2023
2023-05-07,23:00,20,19.16371343855134,0.8362865614486594,ridge_challenger,EXPERIMENT_ONLY,2023
2023-05-08,23:00,22,19.779189466717785,2.220810533282215,ridge_challenger,EXPERIMENT_ONLY,2023
2023-05-09,23:00,20,22.268272719678976,2.2682727196789756,ridge_challenger,EXPERIMENT_ONLY,2023
2023-05-10,23:00,17,18.523375286884043,1.5233752868840433,ridge_challenger,EXPERIMENT_ONLY,2023
2023-05-11,23:00,12,14.826842431665911,2.826842431665911,ridge_challenger,EXPERIMENT_ONLY,2023
2023-05-12,23:00,14,13.69521714845294,0.30478285154705986,ridge_challenger,EXPERIMENT_ONLY,2023
2023-05-13,23:00,15,15.929442688451271,0.929442688451271,ridge_challenger,EXPERIMENT_ONLY,2023
2023-05-14,23:00,16,17.000214456795796,1.0002144567957956,ridge_challenger,EXPERIMENT_ONLY,2023
2023-05-15,23:00,15,12.711983553401451,2.288016446598549,ridge_challenger,EXPERIMENT_ONLY,2023
2023-05-16,23:00,14,14.89879994734806,0.8987999473480599,ridge_challenger,EXPERIMENT_ONLY,2023
2023-05-17,23:00,16,15.112337347014414,0.8876626529855862,ridge_challenger,EXPERIMENT_ONLY,2023
2023-05-18,23:00,15,16.540125984620907,1.5401259846209072,ridge_challenger,EXPERIMENT_ONLY,2023
2023-05-19,23:00,14,14.271932391881629,0.271932391881629,ridge_challenger,EXPERIMENT_ONLY,2023
2023-05-20,23:00,15,13.827060224777526,1.1729397752224742,ridge_challenger,EXPERIMENT_ONLY,2023
2023-05-21,23:00,15,14.788643047621639,0.21135695237836138,ridge_challenger,EXPERIMENT_ONLY,2023
2023-05-22,23:00,17,17.256879110668912,0.2568791106689119,ridge_challenger,EXPERIMENT_ONLY,2023
2023-05-23,23:00,16,17.282136846394156,1.282136846394156,ridge_challenger,EXPERIMENT_ONLY,2023
2023-05-24,23:00,14,14.488735724746094,0.4887357247460944,ridge_challenger,EXPERIMENT_ONLY,2023
2023-05-25,23:00,15,14.907620961444128,0.09237903855587248,ridge_challenger,EXPERIMENT_ONLY,2023
2023-05-26,23:00,17,17.511533805937464,0.5115338059374643,ridge_challenger,EXPERIMENT_ONLY,2023
2023-05-27,23:00,17,16.91221198753699,0.08778801246301171,ridge_challenger,EXPERIMENT_ONLY,2023
2023-05-28,23:00,19,18.49349233437067,0.5065076656293286,ridge_challenger,EXPERIMENT_ONLY,2023
2023-05-29,23:00,18,16.12983977114738,1.870160228852619,ridge_challenger,EXPERIMENT_ONLY,2023
2023-05-30,23:00,17,18.259485100521907,1.259485100521907,ridge_challenger,EXPERIMENT_ONLY,2023
2023-05-31,23:00,16,16.469631227946493,0.46963122794649337,ridge_challenger,EXPERIMENT_ONLY,2023
2023-06-01,23:00,18,18.74752547932912,0.74752547932912,ridge_challenger,EXPERIMENT_ONLY,2023
2023-06-02,23:00,18,18.910824101321847,0.9108241013218468,ridge_challenger,EXPERIMENT_ONLY,2023
2023-06-03,23:00,15,16.275689901221977,1.275689901221977,ridge_challenger,EXPERIMENT_ONLY,2023
2023-06-04,23:00,15,15.622099618777938,0.6220996187779377,ridge_challenger,EXPERIMENT_ONLY,2023
2023-06-05,23:00,13,13.863490675115235,0.8634906751152354,ridge_challenger,EXPERIMENT_ONLY,2023
2023-06-06,23:00,12,13.265151876367007,1.2651518763670069,ridge_challenger,EXPERIMENT_ONLY,2023
2023-06-07,23:00,13,12.846002931966185,0.1539970680338154,ridge_challenger,EXPERIMENT_ONLY,2023
2023-06-08,23:00,13,13.812168977614858,0.8121689776148582,ridge_challenger,EXPERIMENT_ONLY,2023
2023-06-09,23:00,14,15.297061349058371,1.297061349058371,ridge_challenger,EXPERIMENT_ONLY,2023
2023-06-10,23:00,12,14.15046399936261,2.1504639993626107,ridge_challenger,EXPERIMENT_ONLY,2023
2023-06-11,23:00,14,13.109077097864363,0.8909229021356371,ridge_challenger,EXPERIMENT_ONLY,2023
2023-06-12,23:00,13,14.24186362024129,1.2418636202412898,ridge_challenger,EXPERIMENT_ONLY,2023
2023-06-13,23:00,13,12.643946911740532,0.35605308825946835,ridge_challenger,EXPERIMENT_ONLY,2023
2023-06-14,23:00,13,13.249862214498842,0.24986221449884205,ridge_challenger,EXPERIMENT_ONLY,2023
2023-06-15,23:00,14,14.600281788057234,0.6002817880572344,ridge_challenger,EXPERIMENT_ONLY,2023
2023-06-16,23:00,13,12.547858568853744,0.4521414311462557,ridge_challenger,EXPERIMENT_ONLY,2023
2023-06-17,23:00,15,15.646434054773234,0.6464340547732341,ridge_challenger,EXPERIMENT_ONLY,2023
2023-06-18,23:00,16,16.064353924664736,0.06435392466473644,ridge_challenger,EXPERIMENT_ONLY,2023
2023-06-19,23:00,15,16.81422869616652,1.81422869616652,ridge_challenger,EXPERIMENT_ONLY,2023
2023-06-20,23:00,15,15.0156656691003,0.01566566910030076,ridge_challenger,EXPERIMENT_ONLY,2023
2023-06-21,23:00,15,15.204573097669728,0.2045730976697282,ridge_challenger,EXPERIMENT_ONLY,2023
2023-06-22,23:00,15,16.585598578281605,1.5855985782816049,ridge_challenger,EXPERIMENT_ONLY,2023
2023-06-23,23:00,17,16.708080139289272,0.2919198607107276,ridge_challenger,EXPERIMENT_ONLY,2023
2023-06-24,23:00,16,16.54095468690098,0.5409546869009816,ridge_challenger,EXPERIMENT_ONLY,2023
2023-06-25,23:00,16,13.040032040055241,2.959967959944759,ridge_challenger,EXPERIMENT_ONLY,2023
2023-06-26,23:00,16,15.599609851580743,0.40039014841925713,ridge_challenger,EXPERIMENT_ONLY,2023
2023-06-27,23:00,14,15.769480552561784,1.7694805525617845,ridge_challenger,EXPERIMENT_ONLY,2023
2023-06-28,23:00,15,14.175117021368488,0.8248829786315124,ridge_challenger,EXPERIMENT_ONLY,2023
2023-06-29,23:00,15,14.820598045086554,0.17940195491344646,ridge_challenger,EXPERIMENT_ONLY,2023
2023-06-30,23:00,14,13.132216856312168,0.8677831436878325,ridge_challenger,EXPERIMENT_ONLY,2023
2023-07-01,23:00,13,10.329061754525002,2.670938245474998,ridge_challenger,EXPERIMENT_ONLY,2023
2023-07-02,23:00,13,12.221547913749662,0.7784520862503381,ridge_challenger,EXPERIMENT_ONLY,2023
2023-07-03,23:00,14,13.949269899680665,0.05073010031933478,ridge_challenger,EXPERIMENT_ONLY,2023
2023-07-04,23:00,17,14.345263911808724,2.6547360881912763,ridge_challenger,EXPERIMENT_ONLY,2023
2023-07-05,23:00,14,14.065115654664853,0.06511565466485258,ridge_challenger,EXPERIMENT_ONLY,2023
2023-07-06,23:00,12,13.355434390543964,1.355434390543964,ridge_challenger,EXPERIMENT_ONLY,2023
2023-07-07,23:00,12,12.57298045643793,0.5729804564379304,ridge_challenger,EXPERIMENT_ONLY,2023
2023-07-08,23:00,14,12.405066268533167,1.594933731466833,ridge_challenger,EXPERIMENT_ONLY,2023
2023-07-09,23:00,13,14.32695066125634,1.3269506612563404,ridge_challenger,EXPERIMENT_ONLY,2023
2023-07-10,23:00,12,14.163383043799794,2.1633830437997936,ridge_challenger,EXPERIMENT_ONLY,2023
2023-07-11,23:00,12,13.709652879460792,1.7096528794607924,ridge_challenger,EXPERIMENT_ONLY,2023
2023-07-12,23:00,15,13.845059711356694,1.1549402886433064,ridge_challenger,EXPERIMENT_ONLY,2023
2023-07-13,23:00,15,16.092901016950165,1.0929010169501652,ridge_challenger,EXPERIMENT_ONLY,2023
2023-07-14,23:00,16,14.438744986164801,1.5612550138351988,ridge_challenger,EXPERIMENT_ONLY,2023
2023-07-15,23:00,16,14.432073057473755,1.5679269425262454,ridge_challenger,EXPERIMENT_ONLY,2023
2023-07-16,23:00,16,16.809757565004997,0.8097575650049968,ridge_challenger,EXPERIMENT_ONLY,2023
2023-07-17,23:00,14,12.714528439638292,1.2854715603617084,ridge_challenger,EXPERIMENT_ONLY,2023
2023-07-18,23:00,17,14.563467329244286,2.436532670755714,ridge_challenger,EXPERIMENT_ONLY,2023
2023-07-19,23:00,14,16.644338468017505,2.644338468017505,ridge_challenger,EXPERIMENT_ONLY,2023
2023-07-20,23:00,13,14.34492941248168,1.3449294124816795,ridge_challenger,EXPERIMENT_ONLY,2023
2023-07-21,23:00,11,12.028261747555787,1.0282617475557867,ridge_challenger,EXPERIMENT_ONLY,2023
2023-07-22,23:00,10,10.406627113334343,0.4066271133343431,ridge_challenger,EXPERIMENT_ONLY,2023
2023-07-23,23:00,11,11.002251370498657,0.0022513704986568683,ridge_challenger,EXPERIMENT_ONLY,2023
2023-07-24,23:00,12,13.711009437267203,1.7110094372672027,ridge_challenger,EXPERIMENT_ONLY,2023
2023-07-25,23:00,14,13.001491380404516,0.9985086195954835,ridge_challenger,EXPERIMENT_ONLY,2023
2023-07-26,23:00,10,10.993628697200881,0.9936286972008812,ridge_challenger,EXPERIMENT_ONLY,2023
2023-07-27,23:00,13,12.198372479816134,0.8016275201838656,ridge_challenger,EXPERIMENT_ONLY,2023
2023-07-28,23:00,10,12.168430630916205,2.1684306309162054,ridge_challenger,EXPERIMENT_ONLY,2023
2023-07-29,23:00,13,12.655458018979763,0.34454198102023703,ridge_challenger,EXPERIMENT_ONLY,2023
2023-07-30,23:00,13,12.562371116770253,0.43762888322974725,ridge_challenger,EXPERIMENT_ONLY,2023
2023-07-31,23:00,14,13.505448012310547,0.4945519876894533,ridge_challenger,EXPERIMENT_ONLY,2023
2023-08-01,23:00,16,16.15056679113922,0.15056679113921945,ridge_challenger,EXPERIMENT_ONLY,2023
2023-08-02,23:00,12,11.281793073417655,0.7182069265823454,ridge_challenger,EXPERIMENT_ONLY,2023
2023-08-03,23:00,11,11.372949369641411,0.372949369641411,ridge_challenger,EXPERIMENT_ONLY,2023
2023-08-04,23:00,13,11.38115387107566,1.6188461289243392,ridge_challenger,EXPERIMENT_ONLY,2023
2023-08-05,23:00,12,11.324773495775398,0.675226504224602,ridge_challenger,EXPERIMENT_ONLY,2023
2023-08-06,23:00,12,11.888082072464606,0.11191792753539431,ridge_challenger,EXPERIMENT_ONLY,2023
2023-08-07,23:00,14,14.087374884310803,0.08737488431080287,ridge_challenger,EXPERIMENT_ONLY,2023
2023-08-08,23:00,11,13.007571854604656,2.007571854604656,ridge_challenger,EXPERIMENT_ONLY,2023
2023-08-09,23:00,11,12.46714980906973,1.4671498090697295,ridge_challenger,EXPERIMENT_ONLY,2023
2023-08-10,23:00,8,9.908043067575253,1.908043067575253,ridge_challenger,EXPERIMENT_ONLY,2023
2023-08-11,23:00,10,9.146452331336121,0.8535476686638788,ridge_challenger,EXPERIMENT_ONLY,2023
2023-08-12,23:00,12,11.334264653495586,0.6657353465044142,ridge_challenger,EXPERIMENT_ONLY,2023
2023-08-13,23:00,14,14.493605002398315,0.49360500239831495,ridge_challenger,EXPERIMENT_ONLY,2023
2023-08-14,23:00,15,15.17416000200807,0.1741600020080707,ridge_challenger,EXPERIMENT_ONLY,2023
2023-08-15,23:00,13,14.703925295662781,1.7039252956627813,ridge_challenger,EXPERIMENT_ONLY,2023
2023-08-16,23:00,11,12.08617656170563,1.0861765617056296,ridge_challenger,EXPERIMENT_ONLY,2023
2023-08-17,23:00,12,11.278339148531815,0.7216608514681848,ridge_challenger,EXPERIMENT_ONLY,2023
2023-08-18,23:00,13,13.823198823469701,0.823198823469701,ridge_challenger,EXPERIMENT_ONLY,2023
2023-08-19,23:00,12,13.298556964607,1.298556964607,ridge_challenger,EXPERIMENT_ONLY,2023
2023-08-20,23:00,15,13.577652693826009,1.4223473061739913,ridge_challenger,EXPERIMENT_ONLY,2023
2023-08-21,23:00,12,15.16168858499533,3.1616885849953302,ridge_challenger,EXPERIMENT_ONLY,2023
2023-08-22,23:00,11,12.354011089758355,1.3540110897583553,ridge_challenger,EXPERIMENT_ONLY,2023
2023-08-23,23:00,11,11.821331669070767,0.8213316690707675,ridge_challenger,EXPERIMENT_ONLY,2023
2023-08-24,23:00,14,12.234884973079625,1.765115026920375,ridge_challenger,EXPERIMENT_ONLY,2023
2023-08-25,23:00,12,13.374309083090614,1.3743090830906137,ridge_challenger,EXPERIMENT_ONLY,2023
2023-08-26,23:00,14,13.994362973278221,0.005637026721778682,ridge_challenger,EXPERIMENT_ONLY,2023
2023-08-27,23:00,11,15.025648666740288,4.025648666740288,ridge_challenger,EXPERIMENT_ONLY,2023
2023-08-28,23:00,9,9.474611475061261,0.4746114750612609,ridge_challenger,EXPERIMENT_ONLY,2023
2023-08-29,23:00,13,12.274177478908124,0.7258225210918763,ridge_challenger,EXPERIMENT_ONLY,2023
2023-08-30,23:00,14,15.124369013543843,1.124369013543843,ridge_challenger,EXPERIMENT_ONLY,2023
2023-08-31,23:00,15,14.763652157774157,0.23634784222584315,ridge_challenger,EXPERIMENT_ONLY,2023
2023-09-01,23:00,14,15.678353657895006,1.6783536578950056,ridge_challenger,EXPERIMENT_ONLY,2023
2023-09-02,23:00,16,16.348945291491553,0.3489452914915532,ridge_challenger,EXPERIMENT_ONLY,2023
2023-09-03,23:00,16,16.54791389396058,0.5479138939605797,ridge_challenger,EXPERIMENT_ONLY,2023
2023-09-04,23:00,15,15.166224176847551,0.16622417684755142,ridge_challenger,EXPERIMENT_ONLY,2023
2023-09-05,23:00,15,15.165642022994836,0.16564202299483632,ridge_challenger,EXPERIMENT_ONLY,2023
2023-09-06,23:00,16,15.871631309120586,0.12836869087941416,ridge_challenger,EXPERIMENT_ONLY,2023
2023-09-07,23:00,17,16.513661265456243,0.4863387345437573,ridge_challenger,EXPERIMENT_ONLY,2023
2023-09-08,23:00,18,17.256560300958245,0.7434396990417547,ridge_challenger,EXPERIMENT_ONLY,2023
2023-09-09,23:00,17,16.961085774567618,0.03891422543238221,ridge_challenger,EXPERIMENT_ONLY,2023
2023-09-10,23:00,17,18.33464246504003,1.3346424650400301,ridge_challenger,EXPERIMENT_ONLY,2023
2023-09-11,23:00,16,17.21201723953228,1.2120172395322797,ridge_challenger,EXPERIMENT_ONLY,2023
2023-09-12,23:00,15,16.102908445765713,1.1029084457657135,ridge_challenger,EXPERIMENT_ONLY,2023
2023-09-13,23:00,16,16.854192692908086,0.8541926929080859,ridge_challenger,EXPERIMENT_ONLY,2023
2023-09-14,23:00,15,16.800976172239086,1.8009761722390856,ridge_challenger,EXPERIMENT_ONLY,2023
2023-09-15,23:00,15,16.63958126986926,1.639581269869261,ridge_challenger,EXPERIMENT_ONLY,2023
2023-09-16,23:00,14,15.501359586452821,1.5013595864528213,ridge_challenger,EXPERIMENT_ONLY,2023
2023-09-17,23:00,19,17.088354323852382,1.911645676147618,ridge_challenger,EXPERIMENT_ONLY,2023
2023-09-18,23:00,18,19.301224976482676,1.3012249764826755,ridge_challenger,EXPERIMENT_ONLY,2023
2023-09-19,23:00,16,17.307175988623428,1.3071759886234275,ridge_challenger,EXPERIMENT_ONLY,2023
2023-09-20,23:00,17,17.395413236783032,0.39541323678303186,ridge_challenger,EXPERIMENT_ONLY,2023
2023-09-21,23:00,15,17.535204550110453,2.5352045501104534,ridge_challenger,EXPERIMENT_ONLY,2023
2023-09-22,23:00,17,16.529811849411967,0.470188150588033,ridge_challenger,EXPERIMENT_ONLY,2023
2023-09-23,23:00,16,15.869186171164674,0.13081382883532555,ridge_challenger,EXPERIMENT_ONLY,2023
2023-09-24,23:00,13,13.09927079322472,0.09927079322472032,ridge_challenger,EXPERIMENT_ONLY,2023
2023-09-25,23:00,11,12.477941358374732,1.477941358374732,ridge_challenger,EXPERIMENT_ONLY,2023
2023-09-26,23:00,11,11.402124916860215,0.402124916860215,ridge_challenger,EXPERIMENT_ONLY,2023
2023-09-27,23:00,10,10.717281404958,0.7172814049579994,ridge_challenger,EXPERIMENT_ONLY,2023
2023-09-28,23:00,15,11.996934219108699,3.0030657808913013,ridge_challenger,EXPERIMENT_ONLY,2023
2023-09-29,23:00,14,13.293036875648726,0.7069631243512742,ridge_challenger,EXPERIMENT_ONLY,2023
2023-09-30,23:00,13,11.612828472906864,1.3871715270931357,ridge_challenger,EXPERIMENT_ONLY,2023
2023-10-01,23:00,17,14.511057434428974,2.488942565571026,ridge_challenger,EXPERIMENT_ONLY,2023
2023-10-02,23:00,17,16.86403071816083,0.13596928183917,ridge_challenger,EXPERIMENT_ONLY,2023
2023-10-03,23:00,12,13.34583176597134,1.3458317659713401,ridge_challenger,EXPERIMENT_ONLY,2023
2023-10-04,23:00,14,13.728818802861522,0.2711811971384783,ridge_challenger,EXPERIMENT_ONLY,2023
2023-10-05,23:00,18,16.21870072511293,1.7812992748870684,ridge_challenger,EXPERIMENT_ONLY,2023
2023-10-06,23:00,16,17.165838947944373,1.1658389479443727,ridge_challenger,EXPERIMENT_ONLY,2023
2023-10-07,23:00,14,15.764077624980722,1.7640776249807217,ridge_challenger,EXPERIMENT_ONLY,2023
2023-10-08,23:00,13,14.307059528593829,1.307059528593829,ridge_challenger,EXPERIMENT_ONLY,2023
2023-10-09,23:00,15,14.155692059903336,0.8443079400966642,ridge_challenger,EXPERIMENT_ONLY,2023
2023-10-10,23:00,17,16.960778980151186,0.039221019848813654,ridge_challenger,EXPERIMENT_ONLY,2023
2023-10-11,23:00,14,14.95513123349258,0.9551312334925797,ridge_challenger,EXPERIMENT_ONLY,2023
2023-10-12,23:00,17,16.91426728510678,0.08573271489321854,ridge_challenger,EXPERIMENT_ONLY,2023
2023-10-13,23:00,16,16.690242825718574,0.690242825718574,ridge_challenger,EXPERIMENT_ONLY,2023
2023-10-14,23:00,16,15.85001770758049,0.14998229241951044,ridge_challenger,EXPERIMENT_ONLY,2023
2023-10-15,23:00,16,17.501658891380348,1.5016588913803481,ridge_challenger,EXPERIMENT_ONLY,2023
2023-10-16,23:00,16,17.190204926586983,1.1902049265869827,ridge_challenger,EXPERIMENT_ONLY,2023
2023-10-17,23:00,16,15.752928559048934,0.24707144095106592,ridge_challenger,EXPERIMENT_ONLY,2023
2023-10-18,23:00,18,15.906169570668672,2.0938304293313283,ridge_challenger,EXPERIMENT_ONLY,2023
2023-10-19,23:00,18,18.245402310598138,0.24540231059813777,ridge_challenger,EXPERIMENT_ONLY,2023
2023-10-20,23:00,17,18.026318296503444,1.0263182965034439,ridge_challenger,EXPERIMENT_ONLY,2023
2023-10-21,23:00,15,17.83135218876242,2.83135218876242,ridge_challenger,EXPERIMENT_ONLY,2023
2023-10-22,23:00,13,14.106248213783427,1.1062482137834273,ridge_challenger,EXPERIMENT_ONLY,2023
2023-10-23,23:00,16,14.166621593396778,1.833378406603222,ridge_challenger,EXPERIMENT_ONLY,2023
2023-10-24,23:00,16,17.549869921477338,1.5498699214773382,ridge_challenger,EXPERIMENT_ONLY,2023
2023-10-25,23:00,20,16.554304706814182,3.4456952931858176,ridge_challenger,EXPERIMENT_ONLY,2023
2023-10-26,23:00,18,19.897234326324817,1.897234326324817,ridge_challenger,EXPERIMENT_ONLY,2023
2023-10-27,23:00,14,15.146010272216781,1.146010272216781,ridge_challenger,EXPERIMENT_ONLY,2023
2023-10-28,23:00,13,15.057809619383269,2.057809619383269,ridge_challenger,EXPERIMENT_ONLY,2023
2023-10-29,23:00,17,15.338878573123898,1.661121426876102,ridge_challenger,EXPERIMENT_ONLY,2023
2023-10-30,23:00,18,17.431016627180753,0.5689833728192468,ridge_challenger,EXPERIMENT_ONLY,2023
2023-10-31,23:00,20,18.54777994725842,1.4522200527415805,ridge_challenger,EXPERIMENT_ONLY,2023
2023-11-01,23:00,22,21.356984275917654,0.6430157240823462,ridge_challenger,EXPERIMENT_ONLY,2023
2023-11-02,23:00,18,19.027432411897696,1.0274324118976956,ridge_challenger,EXPERIMENT_ONLY,2023
2023-11-03,23:00,19,17.425957857387168,1.5740421426128322,ridge_challenger,EXPERIMENT_ONLY,2023
2023-11-04,23:00,19,19.22072575905331,0.22072575905330893,ridge_challenger,EXPERIMENT_ONLY,2023
2023-11-05,23:00,18,19.663586995684753,1.6635869956847529,ridge_challenger,EXPERIMENT_ONLY,2023
2023-11-06,23:00,13,14.853334886008216,1.8533348860082164,ridge_challenger,EXPERIMENT_ONLY,2023
2023-11-07,23:00,13,13.313470514760066,0.31347051476006627,ridge_challenger,EXPERIMENT_ONLY,2023
2023-11-08,23:00,15,14.47567676129352,0.5243232387064793,ridge_challenger,EXPERIMENT_ONLY,2023
2023-11-09,23:00,15,15.691786733878532,0.6917867338785317,ridge_challenger,EXPERIMENT_ONLY,2023
2023-11-10,23:00,14,14.334827523592242,0.3348275235922422,ridge_challenger,EXPERIMENT_ONLY,2023
2023-11-11,23:00,18,15.319320762656458,2.6806792373435417,ridge_challenger,EXPERIMENT_ONLY,2023
2023-11-12,23:00,19,19.456175609372504,0.45617560937250445,ridge_challenger,EXPERIMENT_ONLY,2023
2023-11-13,23:00,19,20.430480959550867,1.4304809595508665,ridge_challenger,EXPERIMENT_ONLY,2023
2023-11-14,23:00,18,19.41940665025179,1.4194066502517906,ridge_challenger,EXPERIMENT_ONLY,2023
2023-11-15,23:00,21,19.28183649274617,1.7181635072538306,ridge_challenger,EXPERIMENT_ONLY,2023
2023-11-16,23:00,19,20.19501097402977,1.1950109740297705,ridge_challenger,EXPERIMENT_ONLY,2023
2023-11-17,23:00,18,16.96420650189554,1.0357934981044608,ridge_challenger,EXPERIMENT_ONLY,2023
2023-11-18,23:00,17,16.602635434235935,0.39736456576406454,ridge_challenger,EXPERIMENT_ONLY,2023
2023-11-19,23:00,16,16.586808533208316,0.5868085332083162,ridge_challenger,EXPERIMENT_ONLY,2023
2023-11-20,23:00,16,17.148144165253136,1.148144165253136,ridge_challenger,EXPERIMENT_ONLY,2023
2023-11-21,23:00,16,16.12667414218243,0.12667414218243067,ridge_challenger,EXPERIMENT_ONLY,2023
2023-11-22,23:00,20,19.19962120066096,0.8003787993390397,ridge_challenger,EXPERIMENT_ONLY,2023
2023-11-23,23:00,20,19.891312514363708,0.10868748563629183,ridge_challenger,EXPERIMENT_ONLY,2023
2023-11-24,23:00,16,15.70327452000229,0.2967254799977095,ridge_challenger,EXPERIMENT_ONLY,2023
2023-11-25,23:00,12,13.983841305051786,1.9838413050517865,ridge_challenger,EXPERIMENT_ONLY,2023
2023-11-26,23:00,15,14.691327336201594,0.3086726637984061,ridge_challenger,EXPERIMENT_ONLY,2023
2023-11-27,23:00,19,17.83902193056787,1.1609780694321294,ridge_challenger,EXPERIMENT_ONLY,2023
2023-11-28,23:00,20,18.267102726301967,1.7328972736980326,ridge_challenger,EXPERIMENT_ONLY,2023
2023-11-29,23:00,16,15.445367622489234,0.5546323775107656,ridge_challenger,EXPERIMENT_ONLY,2023
2023-11-30,23:00,19,17.791093010109336,1.2089069898906644,ridge_challenger,EXPERIMENT_ONLY,2023
2023-12-01,23:00,16,16.236579547489463,0.23657954748946253,ridge_challenger,EXPERIMENT_ONLY,2023
2023-12-02,23:00,21,18.441973158705583,2.558026841294417,ridge_challenger,EXPERIMENT_ONLY,2023
2023-12-03,23:00,17,18.931624943496555,1.931624943496555,ridge_challenger,EXPERIMENT_ONLY,2023
2023-12-04,23:00,15,15.141835466804807,0.14183546680480674,ridge_challenger,EXPERIMENT_ONLY,2023
2023-12-05,23:00,19,17.83828898098738,1.1617110190126212,ridge_challenger,EXPERIMENT_ONLY,2023
2023-12-06,23:00,22,19.795577242784276,2.204422757215724,ridge_challenger,EXPERIMENT_ONLY,2023
2023-12-07,23:00,21,21.288681602300606,0.28868160230060624,ridge_challenger,EXPERIMENT_ONLY,2023
2023-12-08,23:00,19,20.42059154128649,1.4205915412864911,ridge_challenger,EXPERIMENT_ONLY,2023
2023-12-09,23:00,20,19.76435486339641,0.23564513660359054,ridge_challenger,EXPERIMENT_ONLY,2023
2023-12-10,23:00,17,19.14098764655789,2.140987646557889,ridge_challenger,EXPERIMENT_ONLY,2023
2023-12-11,23:00,20,18.149588524711877,1.8504114752881229,ridge_challenger,EXPERIMENT_ONLY,2023
2023-12-12,23:00,20,20.353686062388512,0.35368606238851186,ridge_challenger,EXPERIMENT_ONLY,2023
2023-12-13,23:00,16,18.255651805729354,2.2556518057293538,ridge_challenger,EXPERIMENT_ONLY,2023
2023-12-14,23:00,17,18.832745824967986,1.8327458249679864,ridge_challenger,EXPERIMENT_ONLY,2023
2023-12-15,23:00,18,18.551841829771707,0.5518418297717069,ridge_challenger,EXPERIMENT_ONLY,2023
2023-12-16,23:00,18,19.10456005924209,1.1045600592420897,ridge_challenger,EXPERIMENT_ONLY,2023
2023-12-17,23:00,21,19.040929996585685,1.9590700034143147,ridge_challenger,EXPERIMENT_ONLY,2023
2023-12-18,23:00,17,18.24357312315378,1.24357312315378,ridge_challenger,EXPERIMENT_ONLY,2023
2023-12-19,23:00,23,18.452770536919342,4.547229463080658,ridge_challenger,EXPERIMENT_ONLY,2023
2023-12-20,23:00,21,22.07037222983442,1.070372229834419,ridge_challenger,EXPERIMENT_ONLY,2023
2023-12-21,23:00,20,20.249851069403302,0.24985106940330226,ridge_challenger,EXPERIMENT_ONLY,2023
2023-12-22,23:00,18,18.648600654153476,0.6486006541534763,ridge_challenger,EXPERIMENT_ONLY,2023
2023-12-23,23:00,24,21.15497134518366,2.845028654816339,ridge_challenger,EXPERIMENT_ONLY,2023
2023-12-24,23:00,22,21.987928436830952,0.012071563169048005,ridge_challenger,EXPERIMENT_ONLY,2023
2023-12-25,23:00,22,21.282955397497226,0.7170446025027744,ridge_challenger,EXPERIMENT_ONLY,2023
2023-12-26,23:00,23,22.263885879734463,0.7361141202655368,ridge_challenger,EXPERIMENT_ONLY,2023
2023-12-27,23:00,19,19.13103871326038,0.13103871326038075,ridge_challenger,EXPERIMENT_ONLY,2023
2023-12-28,23:00,24,19.94200225270299,4.057997747297009,ridge_challenger,EXPERIMENT_ONLY,2023
2023-12-29,23:00,21,22.24413996599258,1.2441399659925807,ridge_challenger,EXPERIMENT_ONLY,2023
2023-12-30,23:00,23,21.967847289206848,1.0321527107931523,ridge_challenger,EXPERIMENT_ONLY,2023
2023-12-31,23:00,24,22.47455464933956,1.5254453506604406,ridge_challenger,EXPERIMENT_ONLY,2023
2024-01-01,20:00,19,18.61907606252342,0.38092393747658093,ridge_challenger,EXPERIMENT_ONLY,2024
2024-01-02,20:00,23,19.03667680862479,3.96332319137521,ridge_challenger,EXPERIMENT_ONLY,2024
2024-01-03,20:00,21,21.642297876249838,0.6422978762498381,ridge_challenger,EXPERIMENT_ONLY,2024
2024-01-04,20:00,21,21.263670670780915,0.26367067078091466,ridge_challenger,EXPERIMENT_ONLY,2024
2024-01-05,20:00,19,20.958292564819406,1.9582925648194056,ridge_challenger,EXPERIMENT_ONLY,2024
2024-01-06,20:00,18,16.974193053014737,1.0258069469852629,ridge_challenger,EXPERIMENT_ONLY,2024
2024-01-07,20:00,20,17.609539471596253,2.3904605284037466,ridge_challenger,EXPERIMENT_ONLY,2024
2024-01-08,20:00,25,19.60918209218824,5.390817907811758,ridge_challenger,EXPERIMENT_ONLY,2024
2024-01-09,20:00,24,23.46248814090369,0.537511859096309,ridge_challenger,EXPERIMENT_ONLY,2024
2024-01-10,20:00,24,22.545236029280662,1.4547639707193376,ridge_challenger,EXPERIMENT_ONLY,2024
2024-01-11,20:00,25,23.07757828291301,1.9224217170869906,ridge_challenger,EXPERIMENT_ONLY,2024
2024-01-12,20:00,26,24.001112551739343,1.998887448260657,ridge_challenger,EXPERIMENT_ONLY,2024
2024-01-13,20:00,22,24.4161029353078,2.4161029353078014,ridge_challenger,EXPERIMENT_ONLY,2024
2024-01-14,20:00,22,22.055774807994215,0.05577480799421508,ridge_challenger,EXPERIMENT_ONLY,2024
2024-01-15,20:00,21,21.211151841060357,0.21115184106035656,ridge_challenger,EXPERIMENT_ONLY,2024
2024-01-16,20:00,25,17.22599527239734,7.774004727602659,ridge_challenger,EXPERIMENT_ONLY,2024
2024-01-17,20:00,27,22.596761561757088,4.403238438242912,ridge_challenger,EXPERIMENT_ONLY,2024
2024-01-18,20:00,26,23.150029549464122,2.849970450535878,ridge_challenger,EXPERIMENT_ONLY,2024
2024-01-19,20:00,26,24.935392662443533,1.0646073375564669,ridge_challenger,EXPERIMENT_ONLY,2024
2024-01-20,20:00,25,23.91448331121634,1.0855166887836596,ridge_challenger,EXPERIMENT_ONLY,2024
2024-01-21,20:00,29,24.68814987305637,4.311850126943629,ridge_challenger,EXPERIMENT_ONLY,2024
2024-01-22,20:00,29,26.845406841696487,2.1545931583035127,ridge_challenger,EXPERIMENT_ONLY,2024
2024-01-23,20:00,24,24.49504211952093,0.4950421195209316,ridge_challenger,EXPERIMENT_ONLY,2024
2024-01-24,20:00,22,18.999574468153178,3.0004255318468225,ridge_challenger,EXPERIMENT_ONLY,2024
2024-01-25,20:00,23,20.19118555753679,2.808814442463209,ridge_challenger,EXPERIMENT_ONLY,2024
2024-01-26,20:00,23,20.40717734689615,2.5928226531038483,ridge_challenger,EXPERIMENT_ONLY,2024
2024-01-27,20:00,24,21.06683745674265,2.9331625432573496,ridge_challenger,EXPERIMENT_ONLY,2024
2024-01-28,20:00,22,22.474291488390403,0.4742914883904028,ridge_challenger,EXPERIMENT_ONLY,2024
2024-01-29,20:00,19,21.36903278486934,2.36903278486934,ridge_challenger,EXPERIMENT_ONLY,2024
2024-01-30,20:00,20,19.055660013024955,0.9443399869750451,ridge_challenger,EXPERIMENT_ONLY,2024
2024-01-31,20:00,20,18.23226930431224,1.76773069568776,ridge_challenger,EXPERIMENT_ONLY,2024
2024-02-01,20:00,24,20.823031034110567,3.176968965889433,ridge_challenger,EXPERIMENT_ONLY,2024
2024-02-02,20:00,22,22.935066108910252,0.9350661089102523,ridge_challenger,EXPERIMENT_ONLY,2024
2024-02-03,20:00,20,20.89277791020143,0.8927779102014313,ridge_challenger,EXPERIMENT_ONLY,2024
2024-02-04,20:00,22,18.84024424471856,3.1597557552814415,ridge_challenger,EXPERIMENT_ONLY,2024
2024-02-05,20:00,24,21.70749984125391,2.2925001587460905,ridge_challenger,EXPERIMENT_ONLY,2024
2024-02-06,20:00,23,22.885162351723082,0.114837648276918,ridge_challenger,EXPERIMENT_ONLY,2024
2024-02-07,20:00,23,21.976957437503497,1.023042562496503,ridge_challenger,EXPERIMENT_ONLY,2024
2024-02-08,20:00,25,22.386725977017267,2.6132740229827327,ridge_challenger,EXPERIMENT_ONLY,2024
2024-02-09,20:00,22,21.299481741925945,0.7005182580740552,ridge_challenger,EXPERIMENT_ONLY,2024
2024-02-10,20:00,22,21.849387863379427,0.15061213662057327,ridge_challenger,EXPERIMENT_ONLY,2024
2024-02-11,20:00,16,17.848544744806276,1.8485447448062757,ridge_challenger,EXPERIMENT_ONLY,2024
2024-02-12,20:00,20,15.225879772618766,4.774120227381234,ridge_challenger,EXPERIMENT_ONLY,2024
2024-02-13,20:00,22,19.88133170596441,2.11866829403559,ridge_challenger,EXPERIMENT_ONLY,2024
2024-02-14,20:00,21,21.165066046980993,0.1650660469809928,ridge_challenger,EXPERIMENT_ONLY,2024
2024-02-15,20:00,23,20.805494947306304,2.194505052693696,ridge_challenger,EXPERIMENT_ONLY,2024
2024-02-16,20:00,24,22.690125751167745,1.309874248832255,ridge_challenger,EXPERIMENT_ONLY,2024
2024-02-17,20:00,24,22.441241595816237,1.558758404183763,ridge_challenger,EXPERIMENT_ONLY,2024
2024-02-18,20:00,22,22.71515940909873,0.7151594090987317,ridge_challenger,EXPERIMENT_ONLY,2024
2024-02-19,20:00,23,21.20916368831243,1.7908363116875705,ridge_challenger,EXPERIMENT_ONLY,2024
2024-02-20,20:00,19,17.413761106729027,1.5862388932709734,ridge_challenger,EXPERIMENT_ONLY,2024
2024-02-21,20:00,19,17.972657203716004,1.027342796283996,ridge_challenger,EXPERIMENT_ONLY,2024
2024-02-22,20:00,24,18.07433753693589,5.925662463064111,ridge_challenger,EXPERIMENT_ONLY,2024
2024-02-23,20:00,23,23.258417301128024,0.2584173011280235,ridge_challenger,EXPERIMENT_ONLY,2024
2024-02-24,20:00,21,21.985130466612063,0.9851304666120626,ridge_challenger,EXPERIMENT_ONLY,2024
2024-02-25,20:00,20,18.461076521747685,1.5389234782523147,ridge_challenger,EXPERIMENT_ONLY,2024
2024-02-26,20:00,22,20.494304322126396,1.5056956778736037,ridge_challenger,EXPERIMENT_ONLY,2024
2024-02-27,20:00,22,21.19639047815381,0.8036095218461909,ridge_challenger,EXPERIMENT_ONLY,2024
2024-02-28,20:00,18,19.077886847394055,1.0778868473940548,ridge_challenger,EXPERIMENT_ONLY,2024
2024-02-29,20:00,18,16.856729895463197,1.1432701045368034,ridge_challenger,EXPERIMENT_ONLY,2024
2024-03-01,20:00,23,18.397755110439547,4.602244889560453,ridge_challenger,EXPERIMENT_ONLY,2024
2024-03-02,20:00,20,21.670592165943315,1.6705921659433152,ridge_challenger,EXPERIMENT_ONLY,2024
2024-03-03,20:00,22,21.498732531892895,0.5012674681071054,ridge_challenger,EXPERIMENT_ONLY,2024
2024-03-04,20:00,20,20.658563400825997,0.6585634008259973,ridge_challenger,EXPERIMENT_ONLY,2024
2024-03-05,20:00,19,17.42842093205873,1.5715790679412684,ridge_challenger,EXPERIMENT_ONLY,2024
2024-03-06,20:00,17,15.89202517779014,1.1079748222098598,ridge_challenger,EXPERIMENT_ONLY,2024
2024-03-07,20:00,19,17.83016096190304,1.1698390380969599,ridge_challenger,EXPERIMENT_ONLY,2024
2024-03-08,20:00,19,20.020286577848275,1.0202865778482746,ridge_challenger,EXPERIMENT_ONLY,2024
2024-03-09,20:00,20,19.78112067941333,0.21887932058666948,ridge_challenger,EXPERIMENT_ONLY,2024
2024-03-10,20:00,20,16.678133093722778,3.321866906277222,ridge_challenger,EXPERIMENT_ONLY,2024
2024-03-11,20:00,21,19.679142148634693,1.3208578513653073,ridge_challenger,EXPERIMENT_ONLY,2024
2024-03-12,20:00,22,19.5506744410376,2.4493255589624,ridge_challenger,EXPERIMENT_ONLY,2024
2024-03-13,20:00,18,21.789186466353236,3.789186466353236,ridge_challenger,EXPERIMENT_ONLY,2024
2024-03-14,20:00,19,17.69008212537125,1.3099178746287485,ridge_challenger,EXPERIMENT_ONLY,2024
2024-03-15,20:00,20,19.115182918993554,0.884817081006446,ridge_challenger,EXPERIMENT_ONLY,2024
2024-03-16,20:00,17,17.53744643095004,0.5374464309500411,ridge_challenger,EXPERIMENT_ONLY,2024
2024-03-17,20:00,20,17.97275785990597,2.0272421400940317,ridge_challenger,EXPERIMENT_ONLY,2024
2024-03-18,20:00,17,19.769948829732908,2.7699488297329076,ridge_challenger,EXPERIMENT_ONLY,2024
2024-03-19,20:00,15,14.651509696305824,0.34849030369417555,ridge_challenger,EXPERIMENT_ONLY,2024
2024-03-20,20:00,16,14.65896008586893,1.3410399141310698,ridge_challenger,EXPERIMENT_ONLY,2024
2024-03-21,20:00,19,16.08702266886716,2.91297733113284,ridge_challenger,EXPERIMENT_ONLY,2024
2024-03-22,20:00,20,18.853786254622456,1.146213745377544,ridge_challenger,EXPERIMENT_ONLY,2024
2024-03-23,20:00,21,19.836186455299902,1.1638135447000977,ridge_challenger,EXPERIMENT_ONLY,2024
2024-03-24,20:00,21,19.623444873358633,1.3765551266413674,ridge_challenger,EXPERIMENT_ONLY,2024
2024-03-25,20:00,21,20.697256782646537,0.30274321735346277,ridge_challenger,EXPERIMENT_ONLY,2024
2024-03-26,20:00,22,21.191243737218485,0.8087562627815146,ridge_challenger,EXPERIMENT_ONLY,2024
2024-03-27,20:00,21,20.872082688911355,0.12791731108864468,ridge_challenger,EXPERIMENT_ONLY,2024
2024-03-28,20:00,17,18.53664320467271,1.5366432046727105,ridge_challenger,EXPERIMENT_ONLY,2024
2024-03-29,20:00,15,14.92867800028432,0.0713219997156802,ridge_challenger,EXPERIMENT_ONLY,2024
2024-03-30,20:00,15,13.76247008421951,1.23752991578049,ridge_challenger,EXPERIMENT_ONLY,2024
2024-03-31,20:00,16,15.98183382111286,0.01816617888714056,ridge_challenger,EXPERIMENT_ONLY,2024
2024-04-01,20:00,16,14.692053262266201,1.3079467377337988,ridge_challenger,EXPERIMENT_ONLY,2024
2024-04-02,20:00,15,16.95145637333868,1.9514563733386794,ridge_challenger,EXPERIMENT_ONLY,2024
2024-04-03,20:00,19,17.042959667841874,1.957040332158126,ridge_challenger,EXPERIMENT_ONLY,2024
2024-04-04,20:00,18,19.51787122146439,1.5178712214643895,ridge_challenger,EXPERIMENT_ONLY,2024
2024-04-05,20:00,17,17.846422203540243,0.8464222035402429,ridge_challenger,EXPERIMENT_ONLY,2024
2024-04-06,20:00,17,16.50535901014451,0.49464098985549043,ridge_challenger,EXPERIMENT_ONLY,2024
2024-04-07,20:00,16,16.219765520454686,0.21976552045468623,ridge_challenger,EXPERIMENT_ONLY,2024
2024-04-08,20:00,19,17.135825101418618,1.864174898581382,ridge_challenger,EXPERIMENT_ONLY,2024
2024-04-09,20:00,20,20.112591496595645,0.11259149659564471,ridge_challenger,EXPERIMENT_ONLY,2024
2024-04-10,20:00,22,20.74740310356696,1.2525968964330403,ridge_challenger,EXPERIMENT_ONLY,2024
2024-04-11,20:00,23,22.161688710925592,0.838311289074408,ridge_challenger,EXPERIMENT_ONLY,2024
2024-04-12,20:00,21,20.879401331889962,0.12059866811003772,ridge_challenger,EXPERIMENT_ONLY,2024
2024-04-13,20:00,18,18.619897610620573,0.6198976106205727,ridge_challenger,EXPERIMENT_ONLY,2024
2024-04-14,20:00,15,16.04856004305585,1.0485600430558506,ridge_challenger,EXPERIMENT_ONLY,2024
2024-04-15,20:00,18,16.198082183433442,1.801917816566558,ridge_challenger,EXPERIMENT_ONLY,2024
2024-04-16,20:00,19,18.002439944115576,0.9975600558844242,ridge_challenger,EXPERIMENT_ONLY,2024
2024-04-17,20:00,19,20.19578800337055,1.1957880033705486,ridge_challenger,EXPERIMENT_ONLY,2024
2024-04-18,20:00,18,18.70412960474637,0.7041296047463703,ridge_challenger,EXPERIMENT_ONLY,2024
2024-04-19,20:00,18,18.05554740626853,0.05554740626853061,ridge_challenger,EXPERIMENT_ONLY,2024
2024-04-20,20:00,16,18.47809760011395,2.4780976001139514,ridge_challenger,EXPERIMENT_ONLY,2024
2024-04-21,20:00,15,16.923348113151643,1.9233481131516434,ridge_challenger,EXPERIMENT_ONLY,2024
2024-04-22,20:00,17,16.82855068762358,0.1714493123764207,ridge_challenger,EXPERIMENT_ONLY,2024
2024-04-23,20:00,16,15.53129922021884,0.46870077978116065,ridge_challenger,EXPERIMENT_ONLY,2024
2024-04-24,20:00,18,17.617812834767903,0.3821871652320965,ridge_challenger,EXPERIMENT_ONLY,2024
2024-04-25,20:00,17,17.853606025870427,0.8536060258704268,ridge_challenger,EXPERIMENT_ONLY,2024
2024-04-26,20:00,18,16.891085769689802,1.108914230310198,ridge_challenger,EXPERIMENT_ONLY,2024
2024-04-27,20:00,16,16.595036220556004,0.595036220556004,ridge_challenger,EXPERIMENT_ONLY,2024
2024-04-28,20:00,19,15.869516684885527,3.130483315114473,ridge_challenger,EXPERIMENT_ONLY,2024
2024-04-29,20:00,18,17.873056201468145,0.12694379853185467,ridge_challenger,EXPERIMENT_ONLY,2024
2024-04-30,20:00,17,18.000456384106908,1.0004563841069078,ridge_challenger,EXPERIMENT_ONLY,2024
2024-05-01,20:00,17,18.46650892196964,1.4665089219696412,ridge_challenger,EXPERIMENT_ONLY,2024
2024-05-02,20:00,13,14.83860402119153,1.8386040211915304,ridge_challenger,EXPERIMENT_ONLY,2024
2024-05-03,20:00,15,14.321622834444973,0.6783771655550268,ridge_challenger,EXPERIMENT_ONLY,2024
2024-05-04,20:00,15,15.715047302371016,0.7150473023710155,ridge_challenger,EXPERIMENT_ONLY,2024
2024-05-05,20:00,16,15.576991423706017,0.4230085762939826,ridge_challenger,EXPERIMENT_ONLY,2024
2024-05-06,20:00,18,18.000743222231275,0.000743222231275098,ridge_challenger,EXPERIMENT_ONLY,2024
2024-05-07,20:00,13,15.997239271451695,2.9972392714516953,ridge_challenger,EXPERIMENT_ONLY,2024
2024-05-08,20:00,14,12.913661552430403,1.086338447569597,ridge_challenger,EXPERIMENT_ONLY,2024
2024-05-09,20:00,11,12.938105019784173,1.9381050197841727,ridge_challenger,EXPERIMENT_ONLY,2024
2024-05-10,20:00,12,10.193619732845693,1.8063802671543066,ridge_challenger,EXPERIMENT_ONLY,2024
2024-05-11,20:00,12,11.971498470701096,0.028501529298903705,ridge_challenger,EXPERIMENT_ONLY,2024
2024-05-12,20:00,13,14.388584252248675,1.388584252248675,ridge_challenger,EXPERIMENT_ONLY,2024
2024-05-13,20:00,13,14.072540767765057,1.072540767765057,ridge_challenger,EXPERIMENT_ONLY,2024
2024-05-14,20:00,15,13.763017230095802,1.2369827699041984,ridge_challenger,EXPERIMENT_ONLY,2024
2024-05-15,20:00,15,16.68795000375814,1.6879500037581394,ridge_challenger,EXPERIMENT_ONLY,2024
2024-05-16,20:00,17,15.474319213871025,1.5256807861289747,ridge_challenger,EXPERIMENT_ONLY,2024
2024-05-17,20:00,15,14.351300060289907,0.6486999397100934,ridge_challenger,EXPERIMENT_ONLY,2024
2024-05-18,20:00,15,15.96983061233134,0.9698306123313394,ridge_challenger,EXPERIMENT_ONLY,2024
2024-05-19,20:00,14,16.72137290475286,2.7213729047528616,ridge_challenger,EXPERIMENT_ONLY,2024
2024-05-20,20:00,14,14.624316629944188,0.6243166299441878,ridge_challenger,EXPERIMENT_ONLY,2024
2024-05-21,20:00,14,15.144238279667396,1.1442382796673964,ridge_challenger,EXPERIMENT_ONLY,2024
2024-05-22,20:00,13,13.437173533189894,0.4371735331898936,ridge_challenger,EXPERIMENT_ONLY,2024
2024-05-23,20:00,12,12.503281080865607,0.503281080865607,ridge_challenger,EXPERIMENT_ONLY,2024
2024-05-24,20:00,11,13.340332919609521,2.340332919609521,ridge_challenger,EXPERIMENT_ONLY,2024
2024-05-25,20:00,14,12.126275614929092,1.8737243850709078,ridge_challenger,EXPERIMENT_ONLY,2024
2024-05-26,20:00,13,14.79298981435042,1.7929898143504204,ridge_challenger,EXPERIMENT_ONLY,2024
2024-05-27,20:00,14,13.87468067329037,0.1253193267096293,ridge_challenger,EXPERIMENT_ONLY,2024
2024-05-28,20:00,15,14.542306085789546,0.4576939142104539,ridge_challenger,EXPERIMENT_ONLY,2024
2024-05-29,20:00,13,14.841136464239016,1.8411364642390158,ridge_challenger,EXPERIMENT_ONLY,2024
2024-05-30,20:00,14,15.606096393092658,1.606096393092658,ridge_challenger,EXPERIMENT_ONLY,2024
2024-05-31,20:00,17,15.891482081508835,1.1085179184911649,ridge_challenger,EXPERIMENT_ONLY,2024
2024-06-01,20:00,17,18.14298668629276,1.1429866862927582,ridge_challenger,EXPERIMENT_ONLY,2024
2024-06-02,20:00,16,15.766026457482083,0.23397354251791747,ridge_challenger,EXPERIMENT_ONLY,2024
2024-06-03,20:00,14,17.014324882549833,3.0143248825498326,ridge_challenger,EXPERIMENT_ONLY,2024
2024-06-04,20:00,13,14.654809181373798,1.654809181373798,ridge_challenger,EXPERIMENT_ONLY,2024
2024-06-05,20:00,12,13.84702965598622,1.8470296559862192,ridge_challenger,EXPERIMENT_ONLY,2024
2024-06-06,20:00,14,14.209509350874804,0.2095093508748036,ridge_challenger,EXPERIMENT_ONLY,2024
2024-06-07,20:00,16,16.155581954021653,0.15558195402165254,ridge_challenger,EXPERIMENT_ONLY,2024
2024-06-08,20:00,14,16.614218061214135,2.6142180612141352,ridge_challenger,EXPERIMENT_ONLY,2024
2024-06-09,20:00,16,13.568000257415562,2.4319997425844377,ridge_challenger,EXPERIMENT_ONLY,2024
2024-06-10,20:00,17,17.07330556288083,0.07330556288082946,ridge_challenger,EXPERIMENT_ONLY,2024
2024-06-11,20:00,15,16.290657659097995,1.2906576590979952,ridge_challenger,EXPERIMENT_ONLY,2024
2024-06-12,20:00,12,13.971844320391616,1.9718443203916163,ridge_challenger,EXPERIMENT_ONLY,2024
2024-06-13,20:00,13,14.312539137587832,1.312539137587832,ridge_challenger,EXPERIMENT_ONLY,2024
2024-06-14,20:00,13,13.913692845870031,0.9136928458700311,ridge_challenger,EXPERIMENT_ONLY,2024
2024-06-15,20:00,14,14.802064832583213,0.8020648325832127,ridge_challenger,EXPERIMENT_ONLY,2024
2024-06-16,20:00,15,14.262969593935146,0.7370304060648536,ridge_challenger,EXPERIMENT_ONLY,2024
2024-06-17,20:00,13,16.21056687488969,3.2105668748896896,ridge_challenger,EXPERIMENT_ONLY,2024
2024-06-18,20:00,13,13.417387259263894,0.41738725926389364,ridge_challenger,EXPERIMENT_ONLY,2024
2024-06-19,20:00,12,11.916949763338527,0.08305023666147271,ridge_challenger,EXPERIMENT_ONLY,2024
2024-06-20,20:00,13,13.350731904294918,0.35073190429491774,ridge_challenger,EXPERIMENT_ONLY,2024
2024-06-21,20:00,14,12.500021184812487,1.4999788151875126,ridge_challenger,EXPERIMENT_ONLY,2024
2024-06-22,20:00,14,13.814939436151278,0.18506056384872238,ridge_challenger,EXPERIMENT_ONLY,2024
2024-06-23,20:00,13,14.632957528919427,1.6329575289194267,ridge_challenger,EXPERIMENT_ONLY,2024
2024-06-24,20:00,13,14.634733647557868,1.6347336475578675,ridge_challenger,EXPERIMENT_ONLY,2024
2024-06-25,20:00,13,12.966798081481148,0.033201918518852125,ridge_challenger,EXPERIMENT_ONLY,2024
2024-06-26,20:00,14,13.39354383445353,0.6064561655464704,ridge_challenger,EXPERIMENT_ONLY,2024
2024-06-27,20:00,13,13.210936633616006,0.21093663361600612,ridge_challenger,EXPERIMENT_ONLY,2024
2024-06-28,20:00,13,13.038410436170746,0.038410436170746465,ridge_challenger,EXPERIMENT_ONLY,2024
2024-06-29,20:00,14,15.946835340280765,1.9468353402807654,ridge_challenger,EXPERIMENT_ONLY,2024
2024-06-30,20:00,13,14.53441744778216,1.5344174477821593,ridge_challenger,EXPERIMENT_ONLY,2024
2024-07-01,20:00,14,15.017292203997428,1.0172922039974281,ridge_challenger,EXPERIMENT_ONLY,2024
2024-07-02,20:00,13,14.175594633391102,1.1755946333911016,ridge_challenger,EXPERIMENT_ONLY,2024
2024-07-03,20:00,11,13.944226264976251,2.944226264976251,ridge_challenger,EXPERIMENT_ONLY,2024
2024-07-04,20:00,11,11.121636866789967,0.12163686678996655,ridge_challenger,EXPERIMENT_ONLY,2024
2024-07-05,20:00,12,11.75282624031815,0.24717375968184996,ridge_challenger,EXPERIMENT_ONLY,2024
2024-07-06,20:00,12,12.308800511748753,0.30880051174875334,ridge_challenger,EXPERIMENT_ONLY,2024
2024-07-07,20:00,13,13.077317022872414,0.07731702287241404,ridge_challenger,EXPERIMENT_ONLY,2024
2024-07-08,20:00,13,13.29059994329444,0.29059994329444017,ridge_challenger,EXPERIMENT_ONLY,2024
2024-07-09,20:00,14,13.002112087833261,0.997887912166739,ridge_challenger,EXPERIMENT_ONLY,2024
2024-07-10,20:00,13,13.941862012696872,0.9418620126968715,ridge_challenger,EXPERIMENT_ONLY,2024
2024-07-11,20:00,13,14.158578083999465,1.1585780839994655,ridge_challenger,EXPERIMENT_ONLY,2024
2024-07-12,20:00,10,11.631190326673899,1.6311903266738987,ridge_challenger,EXPERIMENT_ONLY,2024
2024-07-13,20:00,12,10.725596396369784,1.2744036036302155,ridge_challenger,EXPERIMENT_ONLY,2024
2024-07-14,20:00,13,12.93872474558184,0.06127525441815962,ridge_challenger,EXPERIMENT_ONLY,2024
2024-07-15,20:00,13,13.718501201562814,0.7185012015628143,ridge_challenger,EXPERIMENT_ONLY,2024
2024-07-16,20:00,14,13.689393484212362,0.3106065157876383,ridge_challenger,EXPERIMENT_ONLY,2024
2024-07-17,20:00,13,16.570623724761823,3.5706237247618233,ridge_challenger,EXPERIMENT_ONLY,2024
2024-07-18,20:00,13,14.569450264567864,1.5694502645678643,ridge_challenger,EXPERIMENT_ONLY,2024
2024-07-19,20:00,13,13.85837120001569,0.8583712000156893,ridge_challenger,EXPERIMENT_ONLY,2024
2024-07-20,20:00,13,14.448314431061757,1.4483144310617568,ridge_challenger,EXPERIMENT_ONLY,2024
2024-07-21,20:00,14,14.366976069218918,0.3669760692189179,ridge_challenger,EXPERIMENT_ONLY,2024
2024-07-22,20:00,12,12.960728709741561,0.9607287097415611,ridge_challenger,EXPERIMENT_ONLY,2024
2024-07-23,20:00,12,13.659115030916935,1.6591150309169347,ridge_challenger,EXPERIMENT_ONLY,2024
2024-07-24,20:00,13,11.671036584262136,1.3289634157378636,ridge_challenger,EXPERIMENT_ONLY,2024
2024-07-25,20:00,15,14.331921385281499,0.6680786147185014,ridge_challenger,EXPERIMENT_ONLY,2024
2024-07-26,20:00,14,15.757545541953087,1.7575455419530872,ridge_challenger,EXPERIMENT_ONLY,2024
2024-07-27,20:00,16,16.05529790603872,0.05529790603872087,ridge_challenger,EXPERIMENT_ONLY,2024
2024-07-28,20:00,14,16.833973817437776,2.8339738174377764,ridge_challenger,EXPERIMENT_ONLY,2024
2024-07-29,20:00,15,14.660685399320508,0.3393146006794918,ridge_challenger,EXPERIMENT_ONLY,2024
2024-07-30,20:00,14,15.576374342341365,1.5763743423413654,ridge_challenger,EXPERIMENT_ONLY,2024
2024-07-31,20:00,10,12.571546690414582,2.571546690414582,ridge_challenger,EXPERIMENT_ONLY,2024
2024-08-01,20:00,9,10.242687661505055,1.2426876615050553,ridge_challenger,EXPERIMENT_ONLY,2024
2024-08-02,20:00,10,9.849879146793068,0.15012085320693203,ridge_challenger,EXPERIMENT_ONLY,2024
2024-08-03,20:00,11,10.097029696011377,0.9029703039886225,ridge_challenger,EXPERIMENT_ONLY,2024
2024-08-04,20:00,12,11.257421005104431,0.7425789948955686,ridge_challenger,EXPERIMENT_ONLY,2024
2024-08-05,20:00,12,13.31427592315344,1.3142759231534402,ridge_challenger,EXPERIMENT_ONLY,2024
2024-08-06,20:00,14,12.5334361135902,1.4665638864097996,ridge_challenger,EXPERIMENT_ONLY,2024
2024-08-07,20:00,14,14.425893738713345,0.425893738713345,ridge_challenger,EXPERIMENT_ONLY,2024
2024-08-08,20:00,12,13.604342382935052,1.6043423829350516,ridge_challenger,EXPERIMENT_ONLY,2024
2024-08-09,20:00,11,12.094312787612633,1.0943127876126333,ridge_challenger,EXPERIMENT_ONLY,2024
2024-08-10,20:00,13,12.935299699625544,0.06470030037445618,ridge_challenger,EXPERIMENT_ONLY,2024
2024-08-11,20:00,14,14.882324817059512,0.8823248170595122,ridge_challenger,EXPERIMENT_ONLY,2024
2024-08-12,20:00,17,15.376184870113843,1.6238151298861574,ridge_challenger,EXPERIMENT_ONLY,2024
2024-08-13,20:00,11,15.58827097819872,4.58827097819872,ridge_challenger,EXPERIMENT_ONLY,2024
2024-08-14,20:00,12,12.585172663545062,0.5851726635450625,ridge_challenger,EXPERIMENT_ONLY,2024
2024-08-15,20:00,15,14.295295722722623,0.7047042772773775,ridge_challenger,EXPERIMENT_ONLY,2024
2024-08-16,20:00,16,16.383999111944476,0.3839991119444761,ridge_challenger,EXPERIMENT_ONLY,2024
2024-08-17,20:00,15,17.667135896164016,2.667135896164016,ridge_challenger,EXPERIMENT_ONLY,2024
2024-08-18,20:00,15,15.776335422792796,0.7763354227927959,ridge_challenger,EXPERIMENT_ONLY,2024
2024-08-19,20:00,13,12.24416636922018,0.7558336307798204,ridge_challenger,EXPERIMENT_ONLY,2024
2024-08-20,20:00,11,13.404607444759943,2.404607444759943,ridge_challenger,EXPERIMENT_ONLY,2024
2024-08-21,20:00,13,12.326096809038427,0.6739031909615729,ridge_challenger,EXPERIMENT_ONLY,2024
2024-08-22,20:00,14,13.986296702104527,0.013703297895473199,ridge_challenger,EXPERIMENT_ONLY,2024
2024-08-23,20:00,14,15.898452900067946,1.8984529000679462,ridge_challenger,EXPERIMENT_ONLY,2024
2024-08-24,20:00,16,14.908429888565681,1.0915701114343186,ridge_challenger,EXPERIMENT_ONLY,2024
2024-08-25,20:00,15,17.37610226014749,2.3761022601474906,ridge_challenger,EXPERIMENT_ONLY,2024
2024-08-26,20:00,15,15.62783534624427,0.6278353462442698,ridge_challenger,EXPERIMENT_ONLY,2024
2024-08-27,20:00,15,16.081379110690314,1.081379110690314,ridge_challenger,EXPERIMENT_ONLY,2024
2024-08-28,20:00,16,15.681081255490193,0.31891874450980673,ridge_challenger,EXPERIMENT_ONLY,2024
2024-08-29,20:00,16,15.819461282983353,0.18053871701664725,ridge_challenger,EXPERIMENT_ONLY,2024
2024-08-30,20:00,16,16.749372731492546,0.7493727314925458,ridge_challenger,EXPERIMENT_ONLY,2024
2024-08-31,20:00,17,15.746303469677784,1.253696530322216,ridge_challenger,EXPERIMENT_ONLY,2024
2024-09-01,20:00,17,16.988404719404745,0.011595280595255275,ridge_challenger,EXPERIMENT_ONLY,2024
2024-09-02,20:00,16,18.019936049653612,2.0199360496536123,ridge_challenger,EXPERIMENT_ONLY,2024
2024-09-03,20:00,15,16.15522844680305,1.1552284468030507,ridge_challenger,EXPERIMENT_ONLY,2024
2024-09-04,20:00,12,13.395552648660123,1.3955526486601233,ridge_challenger,EXPERIMENT_ONLY,2024
2024-09-05,20:00,14,12.873506614373634,1.1264933856263664,ridge_challenger,EXPERIMENT_ONLY,2024
2024-09-06,20:00,16,14.42569059579744,1.5743094042025607,ridge_challenger,EXPERIMENT_ONLY,2024
2024-09-07,20:00,16,17.670888939149208,1.6708889391492079,ridge_challenger,EXPERIMENT_ONLY,2024
2024-09-08,20:00,17,15.904429794721059,1.095570205278941,ridge_challenger,EXPERIMENT_ONLY,2024
2024-09-09,20:00,16,16.76171479787804,0.7617147978780388,ridge_challenger,EXPERIMENT_ONLY,2024
2024-09-10,20:00,16,17.03808663153856,1.0380866315385617,ridge_challenger,EXPERIMENT_ONLY,2024
2024-09-11,20:00,13,12.933284410982857,0.06671558901714292,ridge_challenger,EXPERIMENT_ONLY,2024
2024-09-12,20:00,14,14.382604821344382,0.38260482134438156,ridge_challenger,EXPERIMENT_ONLY,2024
2024-09-13,20:00,14,15.61038108185653,1.6103810818565307,ridge_challenger,EXPERIMENT_ONLY,2024
2024-09-14,20:00,13,12.985572101979768,0.014427898020231922,ridge_challenger,EXPERIMENT_ONLY,2024
2024-09-15,20:00,14,12.567920195029574,1.4320798049704262,ridge_challenger,EXPERIMENT_ONLY,2024
2024-09-16,20:00,13,14.781452239465835,1.7814522394658354,ridge_challenger,EXPERIMENT_ONLY,2024
2024-09-17,20:00,10,12.362131299257914,2.362131299257914,ridge_challenger,EXPERIMENT_ONLY,2024
2024-09-18,20:00,13,11.67862511758877,1.3213748824112308,ridge_challenger,EXPERIMENT_ONLY,2024
2024-09-19,20:00,16,15.05694035216293,0.9430596478370692,ridge_challenger,EXPERIMENT_ONLY,2024
2024-09-20,20:00,15,16.554584710057064,1.554584710057064,ridge_challenger,EXPERIMENT_ONLY,2024
2024-09-21,20:00,16,15.799085662386346,0.20091433761365352,ridge_challenger,EXPERIMENT_ONLY,2024
2024-09-22,20:00,16,15.460982623318992,0.5390173766810076,ridge_challenger,EXPERIMENT_ONLY,2024
2024-09-23,20:00,16,16.45397649716477,0.4539764971647706,ridge_challenger,EXPERIMENT_ONLY,2024
2024-09-24,20:00,19,16.90204017847447,2.0979598215255315,ridge_challenger,EXPERIMENT_ONLY,2024
2024-09-25,20:00,14,14.195569758910711,0.19556975891071104,ridge_challenger,EXPERIMENT_ONLY,2024
2024-09-26,20:00,15,15.514016141064477,0.5140161410644772,ridge_challenger,EXPERIMENT_ONLY,2024
2024-09-27,20:00,15,12.836046565287276,2.163953434712724,ridge_challenger,EXPERIMENT_ONLY,2024
2024-09-28,20:00,15,14.838134686770477,0.1618653132295229,ridge_challenger,EXPERIMENT_ONLY,2024
2024-09-29,20:00,16,15.90447042147233,0.0955295785276693,ridge_challenger,EXPERIMENT_ONLY,2024
2024-09-30,20:00,18,15.483992578348866,2.5160074216511337,ridge_challenger,EXPERIMENT_ONLY,2024
2024-10-01,20:00,17,18.285572033899,1.285572033899001,ridge_challenger,EXPERIMENT_ONLY,2024
2024-10-02,20:00,18,18.251459158033118,0.2514591580331178,ridge_challenger,EXPERIMENT_ONLY,2024
2024-10-03,20:00,16,17.686593529810303,1.6865935298103025,ridge_challenger,EXPERIMENT_ONLY,2024
2024-10-04,20:00,16,17.647365020901553,1.6473650209015531,ridge_challenger,EXPERIMENT_ONLY,2024
2024-10-05,20:00,18,16.468034849854657,1.5319651501453428,ridge_challenger,EXPERIMENT_ONLY,2024
2024-10-06,20:00,16,16.919494278806276,0.9194942788062761,ridge_challenger,EXPERIMENT_ONLY,2024
2024-10-07,20:00,17,16.61458221107001,0.38541778892998835,ridge_challenger,EXPERIMENT_ONLY,2024
2024-10-08,20:00,16,18.07902167390495,2.0790216739049505,ridge_challenger,EXPERIMENT_ONLY,2024
2024-10-09,20:00,16,17.04137522802225,1.0413752280222504,ridge_challenger,EXPERIMENT_ONLY,2024
2024-10-10,20:00,13,13.802366304774297,0.8023663047742975,ridge_challenger,EXPERIMENT_ONLY,2024
2024-10-11,20:00,16,13.653659714676301,2.3463402853236985,ridge_challenger,EXPERIMENT_ONLY,2024
2024-10-12,20:00,17,16.165369199202043,0.8346308007979566,ridge_challenger,EXPERIMENT_ONLY,2024
2024-10-13,20:00,13,17.625712442962232,4.625712442962232,ridge_challenger,EXPERIMENT_ONLY,2024
2024-10-14,20:00,10,12.582284442621566,2.5822844426215656,ridge_challenger,EXPERIMENT_ONLY,2024
2024-10-15,20:00,14,12.819272966833196,1.1807270331668036,ridge_challenger,EXPERIMENT_ONLY,2024
2024-10-16,20:00,13,12.752447119657665,0.2475528803423348,ridge_challenger,EXPERIMENT_ONLY,2024
2024-10-17,20:00,15,13.60025716041804,1.3997428395819593,ridge_challenger,EXPERIMENT_ONLY,2024
2024-10-18,20:00,16,16.434251570946035,0.43425157094603506,ridge_challenger,EXPERIMENT_ONLY,2024
2024-10-19,20:00,19,16.885524442135235,2.1144755578647647,ridge_challenger,EXPERIMENT_ONLY,2024
2024-10-20,20:00,19,18.361742507950186,0.6382574920498136,ridge_challenger,EXPERIMENT_ONLY,2024
2024-10-21,20:00,18,19.033416146971028,1.0334161469710281,ridge_challenger,EXPERIMENT_ONLY,2024
2024-10-22,20:00,20,18.820183879353802,1.1798161206461977,ridge_challenger,EXPERIMENT_ONLY,2024
2024-10-23,20:00,16,19.107705991408622,3.107705991408622,ridge_challenger,EXPERIMENT_ONLY,2024
2024-10-24,20:00,18,17.501827423512403,0.4981725764875975,ridge_challenger,EXPERIMENT_ONLY,2024
2024-10-25,20:00,17,18.322887808476338,1.322887808476338,ridge_challenger,EXPERIMENT_ONLY,2024
2024-10-26,20:00,20,17.73494057091039,2.265059429089611,ridge_challenger,EXPERIMENT_ONLY,2024
2024-10-27,20:00,17,16.428230926325725,0.5717690736742753,ridge_challenger,EXPERIMENT_ONLY,2024
2024-10-28,20:00,15,17.31089838301643,2.310898383016429,ridge_challenger,EXPERIMENT_ONLY,2024
2024-10-29,20:00,17,16.995211351492497,0.004788648507503268,ridge_challenger,EXPERIMENT_ONLY,2024
2024-10-30,20:00,15,15.490617255483642,0.49061725548364166,ridge_challenger,EXPERIMENT_ONLY,2024
2024-10-31,20:00,17,16.11046548079282,0.8895345192071815,ridge_challenger,EXPERIMENT_ONLY,2024
2024-11-01,20:00,18,17.674935408879584,0.32506459112041597,ridge_challenger,EXPERIMENT_ONLY,2024
2024-11-02,20:00,18,19.175669286939737,1.175669286939737,ridge_challenger,EXPERIMENT_ONLY,2024
2024-11-03,20:00,13,15.534582899499332,2.5345828994993322,ridge_challenger,EXPERIMENT_ONLY,2024
2024-11-04,20:00,16,13.643540753256348,2.3564592467436523,ridge_challenger,EXPERIMENT_ONLY,2024
2024-11-05,20:00,17,17.168325851247833,0.1683258512478325,ridge_challenger,EXPERIMENT_ONLY,2024
2024-11-06,20:00,16,15.60422027704364,0.39577972295636066,ridge_challenger,EXPERIMENT_ONLY,2024
2024-11-07,20:00,18,18.258282029323027,0.258282029323027,ridge_challenger,EXPERIMENT_ONLY,2024
2024-11-08,20:00,19,19.107391619864444,0.10739161986444401,ridge_challenger,EXPERIMENT_ONLY,2024
2024-11-09,20:00,19,20.053928502400392,1.0539285024003924,ridge_challenger,EXPERIMENT_ONLY,2024
2024-11-10,20:00,19,15.918627705001152,3.0813722949988485,ridge_challenger,EXPERIMENT_ONLY,2024
2024-11-11,20:00,19,18.490346639200187,0.5096533607998133,ridge_challenger,EXPERIMENT_ONLY,2024
2024-11-12,20:00,18,17.233193355265186,0.7668066447348139,ridge_challenger,EXPERIMENT_ONLY,2024
2024-11-13,20:00,20,17.626314109926668,2.3736858900733324,ridge_challenger,EXPERIMENT_ONLY,2024
2024-11-14,20:00,21,20.253188630602764,0.7468113693972356,ridge_challenger,EXPERIMENT_ONLY,2024
2024-11-15,20:00,18,20.15652338693533,2.15652338693533,ridge_challenger,EXPERIMENT_ONLY,2024
2024-11-16,20:00,14,15.635677015202086,1.635677015202086,ridge_challenger,EXPERIMENT_ONLY,2024
2024-11-17,20:00,15,14.637429667979829,0.3625703320201712,ridge_challenger,EXPERIMENT_ONLY,2024
2024-11-18,20:00,20,15.36187971435398,4.6381202856460195,ridge_challenger,EXPERIMENT_ONLY,2024
2024-11-19,20:00,19,19.346141278788775,0.34614127878877454,ridge_challenger,EXPERIMENT_ONLY,2024
2024-11-20,20:00,19,17.61018760711779,1.3898123928822095,ridge_challenger,EXPERIMENT_ONLY,2024
2024-11-21,20:00,17,18.982469050094636,1.982469050094636,ridge_challenger,EXPERIMENT_ONLY,2024
2024-11-22,20:00,17,15.952457980523286,1.0475420194767135,ridge_challenger,EXPERIMENT_ONLY,2024
2024-11-23,20:00,16,17.77857316214539,1.7785731621453884,ridge_challenger,EXPERIMENT_ONLY,2024
2024-11-24,20:00,18,15.944391811658166,2.055608188341834,ridge_challenger,EXPERIMENT_ONLY,2024
2024-11-25,20:00,20,18.44774990579738,1.5522500942026198,ridge_challenger,EXPERIMENT_ONLY,2024
2024-11-26,20:00,21,20.70701008871774,0.29298991128225893,ridge_challenger,EXPERIMENT_ONLY,2024
2024-11-27,20:00,21,20.490133814518384,0.5098661854816164,ridge_challenger,EXPERIMENT_ONLY,2024
2024-11-28,20:00,19,20.6383060236928,1.6383060236927989,ridge_challenger,EXPERIMENT_ONLY,2024
2024-11-29,20:00,17,19.101131503395028,2.1011315033950275,ridge_challenger,EXPERIMENT_ONLY,2024
2024-11-30,20:00,17,16.79617934572081,0.20382065427919116,ridge_challenger,EXPERIMENT_ONLY,2024
2024-12-01,20:00,22,17.280842040902165,4.719157959097835,ridge_challenger,EXPERIMENT_ONLY,2024
2024-12-02,20:00,22,21.114026653525766,0.8859733464742341,ridge_challenger,EXPERIMENT_ONLY,2024
2024-12-03,20:00,21,21.961723035644752,0.9617230356447521,ridge_challenger,EXPERIMENT_ONLY,2024
2024-12-04,20:00,21,21.65286556709329,0.6528655670932899,ridge_challenger,EXPERIMENT_ONLY,2024
2024-12-05,20:00,22,21.92513573905348,0.07486426094651932,ridge_challenger,EXPERIMENT_ONLY,2024
2024-12-06,20:00,19,21.05940430785271,2.0594043078527093,ridge_challenger,EXPERIMENT_ONLY,2024
2024-12-07,20:00,21,17.60380687480776,3.396193125192241,ridge_challenger,EXPERIMENT_ONLY,2024
2024-12-08,20:00,20,20.641417187131328,0.6414171871313279,ridge_challenger,EXPERIMENT_ONLY,2024
2024-12-09,20:00,22,20.10195659373121,1.8980434062687905,ridge_challenger,EXPERIMENT_ONLY,2024
2024-12-10,20:00,21,20.653527985126143,0.34647201487385715,ridge_challenger,EXPERIMENT_ONLY,2024
2024-12-11,20:00,21,20.21071063502269,0.7892893649773107,ridge_challenger,EXPERIMENT_ONLY,2024
2024-12-12,20:00,20,21.01848279306276,1.0184827930627591,ridge_challenger,EXPERIMENT_ONLY,2024
2024-12-13,20:00,24,20.632395154243955,3.367604845756045,ridge_challenger,EXPERIMENT_ONLY,2024
2024-12-14,20:00,22,22.443510668649203,0.4435106686492034,ridge_challenger,EXPERIMENT_ONLY,2024
2024-12-15,20:00,23,22.34933400596936,0.6506659940306392,ridge_challenger,EXPERIMENT_ONLY,2024
2024-12-16,20:00,20,22.736223897490476,2.7362238974904756,ridge_challenger,EXPERIMENT_ONLY,2024
2024-12-17,20:00,15,16.49024243306762,1.4902424330676212,ridge_challenger,EXPERIMENT_ONLY,2024
2024-12-18,20:00,17,17.225379814399755,0.22537981439975496,ridge_challenger,EXPERIMENT_ONLY,2024
2024-12-19,20:00,14,15.65611063453367,1.65611063453367,ridge_challenger,EXPERIMENT_ONLY,2024
2024-12-20,20:00,16,14.730047651410965,1.269952348589035,ridge_challenger,EXPERIMENT_ONLY,2024
2024-12-21,20:00,23,16.896221592127674,6.103778407872326,ridge_challenger,EXPERIMENT_ONLY,2024
2024-12-22,20:00,21,20.706683756660695,0.29331624333930506,ridge_challenger,EXPERIMENT_ONLY,2024
2024-12-23,20:00,22,21.269558939918664,0.7304410600813362,ridge_challenger,EXPERIMENT_ONLY,2024
2024-12-24,20:00,22,22.411995083589574,0.4119950835895736,ridge_challenger,EXPERIMENT_ONLY,2024
2024-12-25,20:00,23,21.395392538585018,1.6046074614149823,ridge_challenger,EXPERIMENT_ONLY,2024
2024-12-26,20:00,18,19.126619351007307,1.1266193510073066,ridge_challenger,EXPERIMENT_ONLY,2024
2024-12-27,20:00,16,16.490889778473203,0.49088977847320336,ridge_challenger,EXPERIMENT_ONLY,2024
2024-12-28,20:00,18,16.41055295480482,1.589447045195179,ridge_challenger,EXPERIMENT_ONLY,2024
2024-12-29,20:00,22,19.56376967145028,2.436230328549719,ridge_challenger,EXPERIMENT_ONLY,2024
2024-12-30,20:00,21,22.42190654427766,1.421906544277661,ridge_challenger,EXPERIMENT_ONLY,2024
2024-12-31,20:00,16,17.4370627082247,1.4370627082247012,ridge_challenger,EXPERIMENT_ONLY,2024
2024-01-01,21:00,19,18.766723947825543,0.2332760521744568,ridge_challenger,EXPERIMENT_ONLY,2024
2024-01-02,21:00,23,20.90799752538283,2.0920024746171713,ridge_challenger,EXPERIMENT_ONLY,2024
2024-01-03,21:00,21,21.162262774402173,0.16226277440217274,ridge_challenger,EXPERIMENT_ONLY,2024
2024-01-04,21:00,21,21.475480230200574,0.4754802302005743,ridge_challenger,EXPERIMENT_ONLY,2024
2024-01-05,21:00,19,21.01574873822815,2.015748738228151,ridge_challenger,EXPERIMENT_ONLY,2024
2024-01-06,21:00,18,15.979973407627734,2.0200265923722664,ridge_challenger,EXPERIMENT_ONLY,2024
2024-01-07,21:00,20,19.208606408518758,0.791393591481242,ridge_challenger,EXPERIMENT_ONLY,2024
2024-01-08,21:00,25,21.92809506794966,3.071904932050341,ridge_challenger,EXPERIMENT_ONLY,2024
2024-01-09,21:00,24,23.776268732692866,0.22373126730713366,ridge_challenger,EXPERIMENT_ONLY,2024
2024-01-10,21:00,24,23.652281438889684,0.34771856111031596,ridge_challenger,EXPERIMENT_ONLY,2024
2024-01-11,21:00,25,24.284334909990733,0.7156650900092671,ridge_challenger,EXPERIMENT_ONLY,2024
2024-01-12,21:00,26,24.310924647402707,1.6890753525972926,ridge_challenger,EXPERIMENT_ONLY,2024
2024-01-13,21:00,22,23.421453527565166,1.4214535275651663,ridge_challenger,EXPERIMENT_ONLY,2024
2024-01-14,21:00,22,21.972106921353717,0.027893078646282987,ridge_challenger,EXPERIMENT_ONLY,2024
2024-01-15,21:00,21,21.535141583199323,0.5351415831993229,ridge_challenger,EXPERIMENT_ONLY,2024
2024-01-16,21:00,25,19.114078233302532,5.885921766697468,ridge_challenger,EXPERIMENT_ONLY,2024
2024-01-17,21:00,27,25.289330514337045,1.7106694856629545,ridge_challenger,EXPERIMENT_ONLY,2024
2024-01-18,21:00,26,22.889421508294493,3.110578491705507,ridge_challenger,EXPERIMENT_ONLY,2024
2024-01-19,21:00,26,24.75679021118045,1.2432097888195486,ridge_challenger,EXPERIMENT_ONLY,2024
2024-01-20,21:00,25,23.17211822167731,1.8278817783226913,ridge_challenger,EXPERIMENT_ONLY,2024
2024-01-21,21:00,29,25.140955586447944,3.8590444135520556,ridge_challenger,EXPERIMENT_ONLY,2024
2024-01-22,21:00,29,27.677298978084394,1.3227010219156057,ridge_challenger,EXPERIMENT_ONLY,2024
2024-01-23,21:00,24,23.674692637225768,0.32530736277423244,ridge_challenger,EXPERIMENT_ONLY,2024
2024-01-24,21:00,22,18.07327588122048,3.9267241187795214,ridge_challenger,EXPERIMENT_ONLY,2024
2024-01-25,21:00,23,20.874550372075866,2.1254496279241337,ridge_challenger,EXPERIMENT_ONLY,2024
2024-01-26,21:00,23,22.71594735344754,0.28405264655246043,ridge_challenger,EXPERIMENT_ONLY,2024
2024-01-27,21:00,24,20.3236349634169,3.6763650365830998,ridge_challenger,EXPERIMENT_ONLY,2024
2024-01-28,21:00,22,22.922161896686735,0.9221618966867347,ridge_challenger,EXPERIMENT_ONLY,2024
2024-01-29,21:00,19,21.55446124074601,2.5544612407460114,ridge_challenger,EXPERIMENT_ONLY,2024
2024-01-30,21:00,20,19.013848963714793,0.9861510362852073,ridge_challenger,EXPERIMENT_ONLY,2024
2024-01-31,21:00,20,18.490703650118146,1.5092963498818541,ridge_challenger,EXPERIMENT_ONLY,2024
2024-02-01,21:00,24,20.105857944290744,3.8941420557092563,ridge_challenger,EXPERIMENT_ONLY,2024
2024-02-02,21:00,22,22.10856047561035,0.10856047561034998,ridge_challenger,EXPERIMENT_ONLY,2024
2024-02-03,21:00,20,21.67980780738071,1.6798078073807083,ridge_challenger,EXPERIMENT_ONLY,2024
2024-02-04,21:00,22,20.11725719473136,1.8827428052686415,ridge_challenger,EXPERIMENT_ONLY,2024
2024-02-05,21:00,24,21.94300366600669,2.056996333993311,ridge_challenger,EXPERIMENT_ONLY,2024
2024-02-06,21:00,23,22.76842556190895,0.2315744380910516,ridge_challenger,EXPERIMENT_ONLY,2024
2024-02-07,21:00,23,22.339343117894117,0.6606568821058829,ridge_challenger,EXPERIMENT_ONLY,2024
2024-02-08,21:00,25,22.24027241249301,2.7597275875069904,ridge_challenger,EXPERIMENT_ONLY,2024
2024-02-09,21:00,22,21.004036937189394,0.9959630628106062,ridge_challenger,EXPERIMENT_ONLY,2024
2024-02-10,21:00,22,22.465783373324253,0.46578337332425335,ridge_challenger,EXPERIMENT_ONLY,2024
2024-02-11,21:00,16,17.041163151754354,1.041163151754354,ridge_challenger,EXPERIMENT_ONLY,2024
2024-02-12,21:00,20,17.80472754485923,2.1952724551407705,ridge_challenger,EXPERIMENT_ONLY,2024
2024-02-13,21:00,22,20.643501565008727,1.3564984349912734,ridge_challenger,EXPERIMENT_ONLY,2024
2024-02-14,21:00,21,21.457488736201327,0.45748873620132713,ridge_challenger,EXPERIMENT_ONLY,2024
2024-02-15,21:00,23,21.439307738057295,1.5606922619427053,ridge_challenger,EXPERIMENT_ONLY,2024
2024-02-16,21:00,24,22.474522322456625,1.5254776775433747,ridge_challenger,EXPERIMENT_ONLY,2024
2024-02-17,21:00,24,22.478051750464743,1.5219482495352565,ridge_challenger,EXPERIMENT_ONLY,2024
2024-02-18,21:00,22,22.43557704329694,0.43557704329694147,ridge_challenger,EXPERIMENT_ONLY,2024
2024-02-19,21:00,23,22.057415247874175,0.9425847521258248,ridge_challenger,EXPERIMENT_ONLY,2024
2024-02-20,21:00,19,16.048163173040077,2.951836826959923,ridge_challenger,EXPERIMENT_ONLY,2024
2024-02-21,21:00,19,19.146900392706293,0.14690039270629285,ridge_challenger,EXPERIMENT_ONLY,2024
2024-02-22,21:00,24,18.586798228600735,5.413201771399265,ridge_challenger,EXPERIMENT_ONLY,2024
2024-02-23,21:00,23,22.335688456891987,0.6643115431080133,ridge_challenger,EXPERIMENT_ONLY,2024
2024-02-24,21:00,21,22.08628550751876,1.0862855075187596,ridge_challenger,EXPERIMENT_ONLY,2024
2024-02-25,21:00,20,17.720224833537593,2.2797751664624073,ridge_challenger,EXPERIMENT_ONLY,2024
2024-02-26,21:00,22,20.583876591450792,1.4161234085492076,ridge_challenger,EXPERIMENT_ONLY,2024
2024-02-27,21:00,22,20.558553372807435,1.4414466271925654,ridge_challenger,EXPERIMENT_ONLY,2024
2024-02-28,21:00,18,18.789128204081898,0.7891282040818979,ridge_challenger,EXPERIMENT_ONLY,2024
2024-02-29,21:00,18,16.121645397510065,1.8783546024899351,ridge_challenger,EXPERIMENT_ONLY,2024
2024-03-01,21:00,23,19.79448795470521,3.205512045294789,ridge_challenger,EXPERIMENT_ONLY,2024
2024-03-02,21:00,20,21.41339966552448,1.41339966552448,ridge_challenger,EXPERIMENT_ONLY,2024
2024-03-03,21:00,22,20.707752800291324,1.292247199708676,ridge_challenger,EXPERIMENT_ONLY,2024
2024-03-04,21:00,20,21.404283809714208,1.404283809714208,ridge_challenger,EXPERIMENT_ONLY,2024
2024-03-05,21:00,19,16.734764667934126,2.265235332065874,ridge_challenger,EXPERIMENT_ONLY,2024
2024-03-06,21:00,17,15.201756562510342,1.798243437489658,ridge_challenger,EXPERIMENT_ONLY,2024
2024-03-07,21:00,19,17.652776945832994,1.3472230541670065,ridge_challenger,EXPERIMENT_ONLY,2024
2024-03-08,21:00,19,18.28184653417547,0.7181534658245283,ridge_challenger,EXPERIMENT_ONLY,2024
2024-03-09,21:00,20,19.79846586318317,0.20153413681682864,ridge_challenger,EXPERIMENT_ONLY,2024
2024-03-10,21:00,20,17.096144814852217,2.9038551851477834,ridge_challenger,EXPERIMENT_ONLY,2024
2024-03-11,21:00,21,19.38578106659723,1.6142189334027712,ridge_challenger,EXPERIMENT_ONLY,2024
2024-03-12,21:00,22,19.598143553344826,2.4018564466551737,ridge_challenger,EXPERIMENT_ONLY,2024
2024-03-13,21:00,18,19.8703639612318,1.8703639612317993,ridge_challenger,EXPERIMENT_ONLY,2024
2024-03-14,21:00,19,17.63566912997019,1.3643308700298107,ridge_challenger,EXPERIMENT_ONLY,2024
2024-03-15,21:00,20,18.734836395185244,1.2651636048147559,ridge_challenger,EXPERIMENT_ONLY,2024
2024-03-16,21:00,17,16.882440993890345,0.11755900610965497,ridge_challenger,EXPERIMENT_ONLY,2024
2024-03-17,21:00,20,18.074364171731666,1.9256358282683337,ridge_challenger,EXPERIMENT_ONLY,2024
2024-03-18,21:00,17,19.2439936602889,2.2439936602889006,ridge_challenger,EXPERIMENT_ONLY,2024
2024-03-19,21:00,15,14.600323697453828,0.3996763025461725,ridge_challenger,EXPERIMENT_ONLY,2024
2024-03-20,21:00,16,14.14214624961884,1.8578537503811603,ridge_challenger,EXPERIMENT_ONLY,2024
2024-03-21,21:00,19,16.89015906273425,2.1098409372657514,ridge_challenger,EXPERIMENT_ONLY,2024
2024-03-22,21:00,20,18.651423137943187,1.348576862056813,ridge_challenger,EXPERIMENT_ONLY,2024
2024-03-23,21:00,21,19.372065985608444,1.6279340143915562,ridge_challenger,EXPERIMENT_ONLY,2024
2024-03-24,21:00,21,18.450608247424473,2.549391752575527,ridge_challenger,EXPERIMENT_ONLY,2024
2024-03-25,21:00,21,20.18513857938279,0.8148614206172091,ridge_challenger,EXPERIMENT_ONLY,2024
2024-03-26,21:00,22,20.53047561691715,1.4695243830828488,ridge_challenger,EXPERIMENT_ONLY,2024
2024-03-27,21:00,21,21.105961405295233,0.10596140529523268,ridge_challenger,EXPERIMENT_ONLY,2024
2024-03-28,21:00,17,18.39355927502674,1.393559275026739,ridge_challenger,EXPERIMENT_ONLY,2024
2024-03-29,21:00,15,15.147158120357474,0.14715812035747433,ridge_challenger,EXPERIMENT_ONLY,2024
2024-03-30,21:00,15,13.510087666082526,1.4899123339174736,ridge_challenger,EXPERIMENT_ONLY,2024
2024-03-31,21:00,16,16.024580061740828,0.02458006174082783,ridge_challenger,EXPERIMENT_ONLY,2024
2024-04-01,21:00,16,14.119297348846855,1.880702651153145,ridge_challenger,EXPERIMENT_ONLY,2024
2024-04-02,21:00,15,16.34885858224839,1.3488585822483898,ridge_challenger,EXPERIMENT_ONLY,2024
2024-04-03,21:00,19,16.758434101225255,2.241565898774745,ridge_challenger,EXPERIMENT_ONLY,2024
2024-04-04,21:00,18,19.484322595817662,1.4843225958176625,ridge_challenger,EXPERIMENT_ONLY,2024
2024-04-05,21:00,17,17.122274128484058,0.12227412848405805,ridge_challenger,EXPERIMENT_ONLY,2024
2024-04-06,21:00,17,15.287153984204455,1.7128460157955452,ridge_challenger,EXPERIMENT_ONLY,2024
2024-04-07,21:00,16,15.816563290394441,0.1834367096055587,ridge_challenger,EXPERIMENT_ONLY,2024
2024-04-08,21:00,19,16.91328296951688,2.0867170304831184,ridge_challenger,EXPERIMENT_ONLY,2024
2024-04-09,21:00,20,20.206367948955027,0.20636794895502675,ridge_challenger,EXPERIMENT_ONLY,2024
2024-04-10,21:00,22,21.127498944979816,0.8725010550201837,ridge_challenger,EXPERIMENT_ONLY,2024
2024-04-11,21:00,23,22.176035463553106,0.8239645364468942,ridge_challenger,EXPERIMENT_ONLY,2024
2024-04-12,21:00,21,21.15897737446431,0.15897737446431037,ridge_challenger,EXPERIMENT_ONLY,2024
2024-04-13,21:00,18,18.67635421792071,0.6763542179207107,ridge_challenger,EXPERIMENT_ONLY,2024
2024-04-14,21:00,15,16.47879619593883,1.4787961959388305,ridge_challenger,EXPERIMENT_ONLY,2024
2024-04-15,21:00,18,15.993017528278958,2.0069824717210416,ridge_challenger,EXPERIMENT_ONLY,2024
2024-04-16,21:00,19,17.760644865409198,1.2393551345908023,ridge_challenger,EXPERIMENT_ONLY,2024
2024-04-17,21:00,19,20.08097606077916,1.080976060779161,ridge_challenger,EXPERIMENT_ONLY,2024
2024-04-18,21:00,18,18.46605504304418,0.4660550430441788,ridge_challenger,EXPERIMENT_ONLY,2024
2024-04-19,21:00,18,18.025506933074524,0.02550693307452434,ridge_challenger,EXPERIMENT_ONLY,2024
2024-04-20,21:00,16,18.317163875072847,2.317163875072847,ridge_challenger,EXPERIMENT_ONLY,2024
2024-04-21,21:00,15,16.61423531544982,1.6142353154498217,ridge_challenger,EXPERIMENT_ONLY,2024
2024-04-22,21:00,17,16.673898507720025,0.32610149227997454,ridge_challenger,EXPERIMENT_ONLY,2024
2024-04-23,21:00,16,15.531345540442858,0.4686544595571416,ridge_challenger,EXPERIMENT_ONLY,2024
2024-04-24,21:00,18,17.767477827494698,0.23252217250530194,ridge_challenger,EXPERIMENT_ONLY,2024
2024-04-25,21:00,17,18.319687756196394,1.3196877561963944,ridge_challenger,EXPERIMENT_ONLY,2024
2024-04-26,21:00,18,17.304756048722364,0.6952439512776358,ridge_challenger,EXPERIMENT_ONLY,2024
2024-04-27,21:00,16,16.010968890961117,0.010968890961116529,ridge_challenger,EXPERIMENT_ONLY,2024
2024-04-28,21:00,19,15.523972824985169,3.4760271750148313,ridge_challenger,EXPERIMENT_ONLY,2024
2024-04-29,21:00,18,17.588784676255305,0.4112153237446954,ridge_challenger,EXPERIMENT_ONLY,2024
2024-04-30,21:00,17,17.890029730474506,0.890029730474506,ridge_challenger,EXPERIMENT_ONLY,2024
2024-05-01,21:00,17,18.490899478154688,1.490899478154688,ridge_challenger,EXPERIMENT_ONLY,2024
2024-05-02,21:00,13,15.255582515639125,2.2555825156391247,ridge_challenger,EXPERIMENT_ONLY,2024
2024-05-03,21:00,15,14.012865028951438,0.9871349710485617,ridge_challenger,EXPERIMENT_ONLY,2024
2024-05-04,21:00,15,15.449457688862466,0.4494576888624664,ridge_challenger,EXPERIMENT_ONLY,2024
2024-05-05,21:00,16,15.24851744009009,0.7514825599099098,ridge_challenger,EXPERIMENT_ONLY,2024
2024-05-06,21:00,18,17.959979619869483,0.04002038013051745,ridge_challenger,EXPERIMENT_ONLY,2024
2024-05-07,21:00,13,15.746458180702986,2.7464581807029855,ridge_challenger,EXPERIMENT_ONLY,2024
2024-05-08,21:00,14,12.442870061035308,1.5571299389646924,ridge_challenger,EXPERIMENT_ONLY,2024
2024-05-09,21:00,11,12.816124417356114,1.8161244173561144,ridge_challenger,EXPERIMENT_ONLY,2024
2024-05-10,21:00,12,10.085731804551965,1.9142681954480345,ridge_challenger,EXPERIMENT_ONLY,2024
2024-05-11,21:00,12,11.876158024898638,0.12384197510136197,ridge_challenger,EXPERIMENT_ONLY,2024
2024-05-12,21:00,13,14.186635905044572,1.1866359050445716,ridge_challenger,EXPERIMENT_ONLY,2024
2024-05-13,21:00,13,14.138833398363321,1.138833398363321,ridge_challenger,EXPERIMENT_ONLY,2024
2024-05-14,21:00,15,13.44472281154301,1.5552771884569907,ridge_challenger,EXPERIMENT_ONLY,2024
2024-05-15,21:00,15,16.639413285088306,1.639413285088306,ridge_challenger,EXPERIMENT_ONLY,2024
2024-05-16,21:00,17,15.6171276466108,1.3828723533891996,ridge_challenger,EXPERIMENT_ONLY,2024
2024-05-17,21:00,15,15.408124105474013,0.40812410547401257,ridge_challenger,EXPERIMENT_ONLY,2024
2024-05-18,21:00,15,16.322016412258336,1.3220164122583355,ridge_challenger,EXPERIMENT_ONLY,2024
2024-05-19,21:00,14,16.49725036463543,2.4972503646354305,ridge_challenger,EXPERIMENT_ONLY,2024
2024-05-20,21:00,14,14.295136280635148,0.2951362806351483,ridge_challenger,EXPERIMENT_ONLY,2024
2024-05-21,21:00,14,14.104956935295368,0.10495693529536787,ridge_challenger,EXPERIMENT_ONLY,2024
2024-05-22,21:00,13,13.922990774100134,0.9229907741001337,ridge_challenger,EXPERIMENT_ONLY,2024
2024-05-23,21:00,12,12.896811619244128,0.8968116192441276,ridge_challenger,EXPERIMENT_ONLY,2024
2024-05-24,21:00,11,11.957337593271903,0.9573375932719035,ridge_challenger,EXPERIMENT_ONLY,2024
2024-05-25,21:00,14,12.154318832839182,1.8456811671608175,ridge_challenger,EXPERIMENT_ONLY,2024
2024-05-26,21:00,13,14.492501179682348,1.492501179682348,ridge_challenger,EXPERIMENT_ONLY,2024
2024-05-27,21:00,14,13.579377782553205,0.4206222174467946,ridge_challenger,EXPERIMENT_ONLY,2024
2024-05-28,21:00,15,14.051303122093557,0.9486968779064426,ridge_challenger,EXPERIMENT_ONLY,2024
2024-05-29,21:00,13,14.33587647051925,1.3358764705192492,ridge_challenger,EXPERIMENT_ONLY,2024
2024-05-30,21:00,14,13.754318971347887,0.24568102865211294,ridge_challenger,EXPERIMENT_ONLY,2024
2024-05-31,21:00,17,15.954489681793017,1.0455103182069827,ridge_challenger,EXPERIMENT_ONLY,2024
2024-06-01,21:00,17,18.272192539196695,1.2721925391966948,ridge_challenger,EXPERIMENT_ONLY,2024
2024-06-02,21:00,16,15.950386912710728,0.04961308728927172,ridge_challenger,EXPERIMENT_ONLY,2024
2024-06-03,21:00,14,17.010005110497676,3.0100051104976764,ridge_challenger,EXPERIMENT_ONLY,2024
2024-06-04,21:00,13,14.775733270927617,1.775733270927617,ridge_challenger,EXPERIMENT_ONLY,2024
2024-06-05,21:00,12,13.917991420068203,1.9179914200682031,ridge_challenger,EXPERIMENT_ONLY,2024
2024-06-06,21:00,14,14.043586590397586,0.04358659039758628,ridge_challenger,EXPERIMENT_ONLY,2024
2024-06-07,21:00,16,16.055271388746885,0.05527138874688475,ridge_challenger,EXPERIMENT_ONLY,2024
2024-06-08,21:00,14,16.41503306547931,2.41503306547931,ridge_challenger,EXPERIMENT_ONLY,2024
2024-06-09,21:00,16,13.681387016180189,2.3186129838198113,ridge_challenger,EXPERIMENT_ONLY,2024
2024-06-10,21:00,17,17.452500117048213,0.45250011704821347,ridge_challenger,EXPERIMENT_ONLY,2024
2024-06-11,21:00,15,15.950651377228258,0.9506513772282581,ridge_challenger,EXPERIMENT_ONLY,2024
2024-06-12,21:00,12,13.476544531604524,1.4765445316045245,ridge_challenger,EXPERIMENT_ONLY,2024
2024-06-13,21:00,13,14.09453443051435,1.0945344305143507,ridge_challenger,EXPERIMENT_ONLY,2024
2024-06-14,21:00,13,13.985022439998907,0.9850224399989074,ridge_challenger,EXPERIMENT_ONLY,2024
2024-06-15,21:00,14,14.984622707730487,0.9846227077304874,ridge_challenger,EXPERIMENT_ONLY,2024
2024-06-16,21:00,15,14.292936454285151,0.7070635457148491,ridge_challenger,EXPERIMENT_ONLY,2024
2024-06-17,21:00,13,16.02578560409811,3.025785604098111,ridge_challenger,EXPERIMENT_ONLY,2024
2024-06-18,21:00,13,13.97052461292505,0.9705246129250504,ridge_challenger,EXPERIMENT_ONLY,2024
2024-06-19,21:00,12,12.125118800706726,0.12511880070672632,ridge_challenger,EXPERIMENT_ONLY,2024
2024-06-20,21:00,13,13.472965537710948,0.47296553771094807,ridge_challenger,EXPERIMENT_ONLY,2024
2024-06-21,21:00,14,12.038758788536992,1.9612412114630082,ridge_challenger,EXPERIMENT_ONLY,2024
2024-06-22,21:00,14,13.542009873514267,0.4579901264857327,ridge_challenger,EXPERIMENT_ONLY,2024
2024-06-23,21:00,13,14.754052048418455,1.7540520484184547,ridge_challenger,EXPERIMENT_ONLY,2024
2024-06-24,21:00,13,14.422626169493062,1.4226261694930624,ridge_challenger,EXPERIMENT_ONLY,2024
2024-06-25,21:00,13,13.453007577871398,0.4530075778713982,ridge_challenger,EXPERIMENT_ONLY,2024
2024-06-26,21:00,14,13.783279511728221,0.21672048827177903,ridge_challenger,EXPERIMENT_ONLY,2024
2024-06-27,21:00,13,13.447792570195729,0.4477925701957286,ridge_challenger,EXPERIMENT_ONLY,2024
2024-06-28,21:00,13,12.606982960319714,0.3930170396802861,ridge_challenger,EXPERIMENT_ONLY,2024
2024-06-29,21:00,14,15.949756419954038,1.9497564199540385,ridge_challenger,EXPERIMENT_ONLY,2024
2024-06-30,21:00,13,14.238706688397057,1.2387066883970572,ridge_challenger,EXPERIMENT_ONLY,2024
2024-07-01,21:00,14,14.06298854836222,0.06298854836222034,ridge_challenger,EXPERIMENT_ONLY,2024
2024-07-02,21:00,13,14.009049297278327,1.0090492972783274,ridge_challenger,EXPERIMENT_ONLY,2024
2024-07-03,21:00,11,13.733601390700791,2.733601390700791,ridge_challenger,EXPERIMENT_ONLY,2024
2024-07-04,21:00,11,11.455904873264549,0.455904873264549,ridge_challenger,EXPERIMENT_ONLY,2024
2024-07-05,21:00,12,11.301549354952147,0.6984506450478527,ridge_challenger,EXPERIMENT_ONLY,2024
2024-07-06,21:00,12,11.740778704275465,0.2592212957245348,ridge_challenger,EXPERIMENT_ONLY,2024
2024-07-07,21:00,13,12.763328055468342,0.23667194453165763,ridge_challenger,EXPERIMENT_ONLY,2024
2024-07-08,21:00,13,12.908964399189733,0.09103560081026707,ridge_challenger,EXPERIMENT_ONLY,2024
2024-07-09,21:00,14,12.533096898123388,1.4669031018766123,ridge_challenger,EXPERIMENT_ONLY,2024
2024-07-10,21:00,13,13.383717550352284,0.3837175503522836,ridge_challenger,EXPERIMENT_ONLY,2024
2024-07-11,21:00,13,13.810335281687294,0.8103352816872942,ridge_challenger,EXPERIMENT_ONLY,2024
2024-07-12,21:00,10,11.889405351689405,1.8894053516894047,ridge_challenger,EXPERIMENT_ONLY,2024
2024-07-13,21:00,12,11.11300956877769,0.8869904312223102,ridge_challenger,EXPERIMENT_ONLY,2024
2024-07-14,21:00,13,13.107831444877945,0.10783144487794516,ridge_challenger,EXPERIMENT_ONLY,2024
2024-07-15,21:00,13,13.320017401495228,0.32001740149522817,ridge_challenger,EXPERIMENT_ONLY,2024
2024-07-16,21:00,14,13.768276874423737,0.23172312557626285,ridge_challenger,EXPERIMENT_ONLY,2024
2024-07-17,21:00,13,16.097559790849093,3.0975597908490933,ridge_challenger,EXPERIMENT_ONLY,2024
2024-07-18,21:00,13,14.738634076318707,1.7386340763187071,ridge_challenger,EXPERIMENT_ONLY,2024
2024-07-19,21:00,13,13.581110805690987,0.5811108056909866,ridge_challenger,EXPERIMENT_ONLY,2024
2024-07-20,21:00,13,14.600252582734992,1.600252582734992,ridge_challenger,EXPERIMENT_ONLY,2024
2024-07-21,21:00,14,14.079442936677044,0.07944293667704372,ridge_challenger,EXPERIMENT_ONLY,2024
2024-07-22,21:00,12,13.322590331388739,1.3225903313887386,ridge_challenger,EXPERIMENT_ONLY,2024
2024-07-23,21:00,12,13.725255668259814,1.7252556682598144,ridge_challenger,EXPERIMENT_ONLY,2024
2024-07-24,21:00,13,11.614681292576192,1.3853187074238082,ridge_challenger,EXPERIMENT_ONLY,2024
2024-07-25,21:00,15,14.099404390882484,0.9005956091175165,ridge_challenger,EXPERIMENT_ONLY,2024
2024-07-26,21:00,14,15.51456136909765,1.5145613690976507,ridge_challenger,EXPERIMENT_ONLY,2024
2024-07-27,21:00,16,15.977267692099161,0.022732307900838578,ridge_challenger,EXPERIMENT_ONLY,2024
2024-07-28,21:00,14,16.84147864455713,2.8414786445571316,ridge_challenger,EXPERIMENT_ONLY,2024
2024-07-29,21:00,15,14.901089091348455,0.09891090865154517,ridge_challenger,EXPERIMENT_ONLY,2024
2024-07-30,21:00,14,15.775282178690139,1.775282178690139,ridge_challenger,EXPERIMENT_ONLY,2024
2024-07-31,21:00,10,12.915584506545411,2.915584506545411,ridge_challenger,EXPERIMENT_ONLY,2024
2024-08-01,21:00,9,10.545762489129388,1.5457624891293875,ridge_challenger,EXPERIMENT_ONLY,2024
2024-08-02,21:00,10,10.219443866174077,0.21944386617407652,ridge_challenger,EXPERIMENT_ONLY,2024
2024-08-03,21:00,11,10.133265643376884,0.866734356623116,ridge_challenger,EXPERIMENT_ONLY,2024
2024-08-04,21:00,12,10.783349666660841,1.2166503333391585,ridge_challenger,EXPERIMENT_ONLY,2024
2024-08-05,21:00,12,12.944909370325009,0.9449093703250089,ridge_challenger,EXPERIMENT_ONLY,2024
2024-08-06,21:00,14,12.090565468247998,1.9094345317520016,ridge_challenger,EXPERIMENT_ONLY,2024
2024-08-07,21:00,14,13.931992763911342,0.06800723608865766,ridge_challenger,EXPERIMENT_ONLY,2024
2024-08-08,21:00,12,13.861240685115277,1.861240685115277,ridge_challenger,EXPERIMENT_ONLY,2024
2024-08-09,21:00,11,12.537339633225718,1.5373396332257183,ridge_challenger,EXPERIMENT_ONLY,2024
2024-08-10,21:00,13,13.119019112203054,0.11901911220305372,ridge_challenger,EXPERIMENT_ONLY,2024
2024-08-11,21:00,14,14.723810738249881,0.7238107382498811,ridge_challenger,EXPERIMENT_ONLY,2024
2024-08-12,21:00,17,15.52264746731853,1.4773525326814703,ridge_challenger,EXPERIMENT_ONLY,2024
2024-08-13,21:00,11,15.42566511825819,4.425665118258189,ridge_challenger,EXPERIMENT_ONLY,2024
2024-08-14,21:00,12,12.146166267213841,0.1461662672138413,ridge_challenger,EXPERIMENT_ONLY,2024
2024-08-15,21:00,15,14.316056279876918,0.6839437201230822,ridge_challenger,EXPERIMENT_ONLY,2024
2024-08-16,21:00,16,16.404954553756294,0.4049545537562942,ridge_challenger,EXPERIMENT_ONLY,2024
2024-08-17,21:00,15,17.63747450484308,2.6374745048430803,ridge_challenger,EXPERIMENT_ONLY,2024
2024-08-18,21:00,15,15.950765987014673,0.9507659870146732,ridge_challenger,EXPERIMENT_ONLY,2024
2024-08-19,21:00,13,13.597644506819105,0.5976445068191047,ridge_challenger,EXPERIMENT_ONLY,2024
2024-08-20,21:00,11,13.004069500270898,2.004069500270898,ridge_challenger,EXPERIMENT_ONLY,2024
2024-08-21,21:00,13,11.960490358219085,1.0395096417809153,ridge_challenger,EXPERIMENT_ONLY,2024
2024-08-22,21:00,14,13.676479932865032,0.32352006713496806,ridge_challenger,EXPERIMENT_ONLY,2024
2024-08-23,21:00,14,16.183589949711926,2.1835899497119264,ridge_challenger,EXPERIMENT_ONLY,2024
2024-08-24,21:00,16,15.225355012427045,0.7746449875729553,ridge_challenger,EXPERIMENT_ONLY,2024
2024-08-25,21:00,15,17.457969277783004,2.457969277783004,ridge_challenger,EXPERIMENT_ONLY,2024
2024-08-26,21:00,15,15.833002589971063,0.8330025899710627,ridge_challenger,EXPERIMENT_ONLY,2024
2024-08-27,21:00,15,16.316004654502724,1.3160046545027235,ridge_challenger,EXPERIMENT_ONLY,2024
2024-08-28,21:00,16,15.817314094043871,0.182685905956129,ridge_challenger,EXPERIMENT_ONLY,2024
2024-08-29,21:00,16,16.24519263732812,0.24519263732812036,ridge_challenger,EXPERIMENT_ONLY,2024
2024-08-30,21:00,16,16.695229200510447,0.6952292005104468,ridge_challenger,EXPERIMENT_ONLY,2024
2024-08-31,21:00,17,16.167698648103556,0.8323013518964437,ridge_challenger,EXPERIMENT_ONLY,2024
2024-09-01,21:00,17,17.32088157696511,0.3208815769651103,ridge_challenger,EXPERIMENT_ONLY,2024
2024-09-02,21:00,16,18.163615883287534,2.163615883287534,ridge_challenger,EXPERIMENT_ONLY,2024
2024-09-03,21:00,15,16.63358846992199,1.633588469921989,ridge_challenger,EXPERIMENT_ONLY,2024
2024-09-04,21:00,12,13.698638998938698,1.6986389989386979,ridge_challenger,EXPERIMENT_ONLY,2024
2024-09-05,21:00,14,12.48404599146567,1.5159540085343295,ridge_challenger,EXPERIMENT_ONLY,2024
2024-09-06,21:00,16,14.09526215287664,1.9047378471233607,ridge_challenger,EXPERIMENT_ONLY,2024
2024-09-07,21:00,16,17.647257584291314,1.6472575842913137,ridge_challenger,EXPERIMENT_ONLY,2024
2024-09-08,21:00,17,15.566958838669336,1.4330411613306637,ridge_challenger,EXPERIMENT_ONLY,2024
2024-09-09,21:00,16,16.589536027593116,0.5895360275931161,ridge_challenger,EXPERIMENT_ONLY,2024
2024-09-10,21:00,16,16.945698157269526,0.9456981572695256,ridge_challenger,EXPERIMENT_ONLY,2024
2024-09-11,21:00,13,13.268955679341271,0.2689556793412713,ridge_challenger,EXPERIMENT_ONLY,2024
2024-09-12,21:00,14,14.293338689996745,0.2933386899967445,ridge_challenger,EXPERIMENT_ONLY,2024
2024-09-13,21:00,14,14.653094882111287,0.6530948821112865,ridge_challenger,EXPERIMENT_ONLY,2024
2024-09-14,21:00,13,13.550886869493272,0.5508868694932723,ridge_challenger,EXPERIMENT_ONLY,2024
2024-09-15,21:00,14,13.007322829454457,0.9926771705455426,ridge_challenger,EXPERIMENT_ONLY,2024
2024-09-16,21:00,13,14.642904749519253,1.6429047495192535,ridge_challenger,EXPERIMENT_ONLY,2024
2024-09-17,21:00,10,12.28240343763413,2.2824034376341302,ridge_challenger,EXPERIMENT_ONLY,2024
2024-09-18,21:00,13,11.086737627985324,1.9132623720146764,ridge_challenger,EXPERIMENT_ONLY,2024
2024-09-19,21:00,16,14.969079942274684,1.0309200577253161,ridge_challenger,EXPERIMENT_ONLY,2024
2024-09-20,21:00,15,16.332642167879527,1.332642167879527,ridge_challenger,EXPERIMENT_ONLY,2024
2024-09-21,21:00,16,15.558205399833886,0.44179460016611394,ridge_challenger,EXPERIMENT_ONLY,2024
2024-09-22,21:00,16,15.781074291043332,0.21892570895666807,ridge_challenger,EXPERIMENT_ONLY,2024
2024-09-23,21:00,16,16.45205388281409,0.4520538828140914,ridge_challenger,EXPERIMENT_ONLY,2024
2024-09-24,21:00,19,16.804607936756113,2.1953920632438866,ridge_challenger,EXPERIMENT_ONLY,2024
2024-09-25,21:00,14,14.345873804903826,0.34587380490382635,ridge_challenger,EXPERIMENT_ONLY,2024
2024-09-26,21:00,15,15.687859213422769,0.6878592134227688,ridge_challenger,EXPERIMENT_ONLY,2024
2024-09-27,21:00,15,13.287613946268456,1.712386053731544,ridge_challenger,EXPERIMENT_ONLY,2024
2024-09-28,21:00,15,14.31904089232054,0.6809591076794597,ridge_challenger,EXPERIMENT_ONLY,2024
2024-09-29,21:00,16,16.073922227062674,0.07392222706267404,ridge_challenger,EXPERIMENT_ONLY,2024
2024-09-30,21:00,18,16.223340378604245,1.7766596213957548,ridge_challenger,EXPERIMENT_ONLY,2024
2024-10-01,21:00,17,17.997493903930916,0.9974939039309163,ridge_challenger,EXPERIMENT_ONLY,2024
2024-10-02,21:00,18,17.56721108212653,0.43278891787347007,ridge_challenger,EXPERIMENT_ONLY,2024
2024-10-03,21:00,16,17.57221693497624,1.5722169349762396,ridge_challenger,EXPERIMENT_ONLY,2024
2024-10-04,21:00,16,17.208457193201628,1.2084571932016281,ridge_challenger,EXPERIMENT_ONLY,2024
2024-10-05,21:00,18,17.694075455424016,0.3059245445759835,ridge_challenger,EXPERIMENT_ONLY,2024
2024-10-06,21:00,16,16.987306115671867,0.987306115671867,ridge_challenger,EXPERIMENT_ONLY,2024
2024-10-07,21:00,17,16.512360771823666,0.4876392281763344,ridge_challenger,EXPERIMENT_ONLY,2024
2024-10-08,21:00,16,17.36697434400461,1.3669743440046105,ridge_challenger,EXPERIMENT_ONLY,2024
2024-10-09,21:00,16,16.20824691430235,0.2082469143023502,ridge_challenger,EXPERIMENT_ONLY,2024
2024-10-10,21:00,13,13.07107548557588,0.07107548557588039,ridge_challenger,EXPERIMENT_ONLY,2024
2024-10-11,21:00,16,15.122270075993908,0.8777299240060916,ridge_challenger,EXPERIMENT_ONLY,2024
2024-10-12,21:00,17,17.36606232771824,0.36606232771823954,ridge_challenger,EXPERIMENT_ONLY,2024
2024-10-13,21:00,13,15.99822273593697,2.99822273593697,ridge_challenger,EXPERIMENT_ONLY,2024
2024-10-14,21:00,10,12.209093314633357,2.209093314633357,ridge_challenger,EXPERIMENT_ONLY,2024
2024-10-15,21:00,14,12.919988067654689,1.080011932345311,ridge_challenger,EXPERIMENT_ONLY,2024
2024-10-16,21:00,13,12.483858931709626,0.5161410682903735,ridge_challenger,EXPERIMENT_ONLY,2024
2024-10-17,21:00,15,14.499636215811268,0.5003637841887318,ridge_challenger,EXPERIMENT_ONLY,2024
2024-10-18,21:00,16,16.23353433410967,0.23353433410967028,ridge_challenger,EXPERIMENT_ONLY,2024
2024-10-19,21:00,19,17.563287765659066,1.4367122343409342,ridge_challenger,EXPERIMENT_ONLY,2024
2024-10-20,21:00,19,18.856441490385922,0.14355850961407768,ridge_challenger,EXPERIMENT_ONLY,2024
2024-10-21,21:00,18,19.159549030200964,1.1595490302009637,ridge_challenger,EXPERIMENT_ONLY,2024
2024-10-22,21:00,20,18.987056777330906,1.0129432226690938,ridge_challenger,EXPERIMENT_ONLY,2024
2024-10-23,21:00,16,18.257699553825702,2.2576995538257023,ridge_challenger,EXPERIMENT_ONLY,2024
2024-10-24,21:00,18,17.191399148737833,0.8086008512621667,ridge_challenger,EXPERIMENT_ONLY,2024
2024-10-25,21:00,17,17.916044651069047,0.916044651069047,ridge_challenger,EXPERIMENT_ONLY,2024
2024-10-26,21:00,20,17.86255608046104,2.13744391953896,ridge_challenger,EXPERIMENT_ONLY,2024
2024-10-27,21:00,17,18.34572919159927,1.3457291915992684,ridge_challenger,EXPERIMENT_ONLY,2024
2024-10-28,21:00,15,17.498043851823038,2.498043851823038,ridge_challenger,EXPERIMENT_ONLY,2024
2024-10-29,21:00,17,16.96648922458314,0.033510775416861094,ridge_challenger,EXPERIMENT_ONLY,2024
2024-10-30,21:00,15,14.320736376069181,0.6792636239308187,ridge_challenger,EXPERIMENT_ONLY,2024
2024-10-31,21:00,17,16.876579528797432,0.12342047120256794,ridge_challenger,EXPERIMENT_ONLY,2024
2024-11-01,21:00,18,17.74745976673613,0.25254023326386843,ridge_challenger,EXPERIMENT_ONLY,2024
2024-11-02,21:00,18,18.98989861792866,0.9898986179286595,ridge_challenger,EXPERIMENT_ONLY,2024
2024-11-03,21:00,13,15.02903172809634,2.0290317280963404,ridge_challenger,EXPERIMENT_ONLY,2024
2024-11-04,21:00,16,15.224444238840801,0.7755557611591986,ridge_challenger,EXPERIMENT_ONLY,2024
2024-11-05,21:00,17,17.148920106239242,0.1489201062392418,ridge_challenger,EXPERIMENT_ONLY,2024
2024-11-06,21:00,16,16.445091712659497,0.4450917126594973,ridge_challenger,EXPERIMENT_ONLY,2024
2024-11-07,21:00,18,18.63947394792093,0.6394739479209299,ridge_challenger,EXPERIMENT_ONLY,2024
2024-11-08,21:00,19,19.094267902012877,0.09426790201287716,ridge_challenger,EXPERIMENT_ONLY,2024
2024-11-09,21:00,19,19.918100765557547,0.918100765557547,ridge_challenger,EXPERIMENT_ONLY,2024
2024-11-10,21:00,19,16.222424366119924,2.777575633880076,ridge_challenger,EXPERIMENT_ONLY,2024
2024-11-11,21:00,19,19.173819515763114,0.17381951576311394,ridge_challenger,EXPERIMENT_ONLY,2024
2024-11-12,21:00,18,17.659284606021483,0.3407153939785168,ridge_challenger,EXPERIMENT_ONLY,2024
2024-11-13,21:00,20,19.380263109031922,0.6197368909680776,ridge_challenger,EXPERIMENT_ONLY,2024
2024-11-14,21:00,21,20.681045035384308,0.31895496461569195,ridge_challenger,EXPERIMENT_ONLY,2024
2024-11-15,21:00,18,19.436366167000635,1.4363661670006351,ridge_challenger,EXPERIMENT_ONLY,2024
2024-11-16,21:00,14,13.767307593003853,0.23269240699614713,ridge_challenger,EXPERIMENT_ONLY,2024
2024-11-17,21:00,15,14.37714828640471,0.6228517135952902,ridge_challenger,EXPERIMENT_ONLY,2024
2024-11-18,21:00,20,17.066107898213613,2.9338921017863875,ridge_challenger,EXPERIMENT_ONLY,2024
2024-11-19,21:00,19,20.34985553429199,1.34985553429199,ridge_challenger,EXPERIMENT_ONLY,2024
2024-11-20,21:00,19,17.758954797046545,1.2410452029534547,ridge_challenger,EXPERIMENT_ONLY,2024
2024-11-21,21:00,17,18.98260694516215,1.98260694516215,ridge_challenger,EXPERIMENT_ONLY,2024
2024-11-22,21:00,17,16.268006093447234,0.7319939065527663,ridge_challenger,EXPERIMENT_ONLY,2024
2024-11-23,21:00,16,17.419910927352436,1.4199109273524364,ridge_challenger,EXPERIMENT_ONLY,2024
2024-11-24,21:00,18,16.017327682485533,1.9826723175144672,ridge_challenger,EXPERIMENT_ONLY,2024
2024-11-25,21:00,20,19.707125419528552,0.2928745804714481,ridge_challenger,EXPERIMENT_ONLY,2024
2024-11-26,21:00,21,20.452488998744954,0.5475110012550459,ridge_challenger,EXPERIMENT_ONLY,2024
2024-11-27,21:00,21,20.67545553368765,0.32454446631235,ridge_challenger,EXPERIMENT_ONLY,2024
2024-11-28,21:00,19,20.359463813333758,1.3594638133337575,ridge_challenger,EXPERIMENT_ONLY,2024
2024-11-29,21:00,17,17.655943654680012,0.6559436546800121,ridge_challenger,EXPERIMENT_ONLY,2024
2024-11-30,21:00,17,17.073111811158522,0.0731118111585225,ridge_challenger,EXPERIMENT_ONLY,2024
2024-12-01,21:00,22,19.43419809490188,2.5658019050981196,ridge_challenger,EXPERIMENT_ONLY,2024
2024-12-02,21:00,22,21.279674737812062,0.7203252621879379,ridge_challenger,EXPERIMENT_ONLY,2024
2024-12-03,21:00,21,21.90792111928457,0.9079211192845698,ridge_challenger,EXPERIMENT_ONLY,2024
2024-12-04,21:00,21,21.585247172976523,0.5852471729765227,ridge_challenger,EXPERIMENT_ONLY,2024
2024-12-05,21:00,22,21.79972228737697,0.20027771262303062,ridge_challenger,EXPERIMENT_ONLY,2024
2024-12-06,21:00,19,21.620147817227863,2.6201478172278634,ridge_challenger,EXPERIMENT_ONLY,2024
2024-12-07,21:00,21,19.823152787421705,1.176847212578295,ridge_challenger,EXPERIMENT_ONLY,2024
2024-12-08,21:00,20,19.95352488536149,0.04647511463851117,ridge_challenger,EXPERIMENT_ONLY,2024
2024-12-09,21:00,22,20.06138557158474,1.93861442841526,ridge_challenger,EXPERIMENT_ONLY,2024
2024-12-10,21:00,21,22.106412872923098,1.106412872923098,ridge_challenger,EXPERIMENT_ONLY,2024
2024-12-11,21:00,21,20.41750163531821,0.5824983646817898,ridge_challenger,EXPERIMENT_ONLY,2024
2024-12-12,21:00,20,21.675659867844796,1.6756598678447965,ridge_challenger,EXPERIMENT_ONLY,2024
2024-12-13,21:00,24,21.78468806026045,2.21531193973955,ridge_challenger,EXPERIMENT_ONLY,2024
2024-12-14,21:00,22,22.812243351541973,0.8122433515419729,ridge_challenger,EXPERIMENT_ONLY,2024
2024-12-15,21:00,23,22.84073078224526,0.15926921775474057,ridge_challenger,EXPERIMENT_ONLY,2024
2024-12-16,21:00,20,23.34428460033356,3.344284600333559,ridge_challenger,EXPERIMENT_ONLY,2024
2024-12-17,21:00,15,15.668736580074397,0.6687365800743965,ridge_challenger,EXPERIMENT_ONLY,2024
2024-12-18,21:00,17,16.771013665551063,0.2289863344489369,ridge_challenger,EXPERIMENT_ONLY,2024
2024-12-19,21:00,14,16.01013364397732,2.010133643977319,ridge_challenger,EXPERIMENT_ONLY,2024
2024-12-20,21:00,16,14.691387744902102,1.3086122550978985,ridge_challenger,EXPERIMENT_ONLY,2024
2024-12-21,21:00,23,18.386647537807907,4.613352462192093,ridge_challenger,EXPERIMENT_ONLY,2024
2024-12-22,21:00,21,20.665441299593404,0.3345587004065962,ridge_challenger,EXPERIMENT_ONLY,2024
2024-12-23,21:00,22,21.500624661614232,0.499375338385768,ridge_challenger,EXPERIMENT_ONLY,2024
2024-12-24,21:00,22,22.33281996374353,0.3328199637435283,ridge_challenger,EXPERIMENT_ONLY,2024
2024-12-25,21:00,23,21.66383180040944,1.3361681995905599,ridge_challenger,EXPERIMENT_ONLY,2024
2024-12-26,21:00,18,19.835428588985835,1.8354285889858346,ridge_challenger,EXPERIMENT_ONLY,2024
2024-12-27,21:00,16,15.877630804240864,0.12236919575913596,ridge_challenger,EXPERIMENT_ONLY,2024
2024-12-28,21:00,18,16.803117129379693,1.196882870620307,ridge_challenger,EXPERIMENT_ONLY,2024
2024-12-29,21:00,22,19.790308173285215,2.209691826714785,ridge_challenger,EXPERIMENT_ONLY,2024
2024-12-30,21:00,21,22.13822864836779,1.1382286483677895,ridge_challenger,EXPERIMENT_ONLY,2024
2024-12-31,21:00,16,16.583312216104087,0.5833122161040869,ridge_challenger,EXPERIMENT_ONLY,2024
2024-01-01,22:00,19,19.1016043092752,0.10160430927519926,ridge_challenger,EXPERIMENT_ONLY,2024
2024-01-02,22:00,23,21.017047313773432,1.982952686226568,ridge_challenger,EXPERIMENT_ONLY,2024
2024-01-03,22:00,21,20.926150811313327,0.07384918868667256,ridge_challenger,EXPERIMENT_ONLY,2024
2024-01-04,22:00,21,21.744114194613466,0.7441141946134664,ridge_challenger,EXPERIMENT_ONLY,2024
2024-01-05,22:00,19,21.288009874238146,2.2880098742381456,ridge_challenger,EXPERIMENT_ONLY,2024
2024-01-06,22:00,18,16.287332988226254,1.7126670117737461,ridge_challenger,EXPERIMENT_ONLY,2024
2024-01-07,22:00,20,19.153367649535898,0.8466323504641018,ridge_challenger,EXPERIMENT_ONLY,2024
2024-01-08,22:00,25,22.14074686105417,2.8592531389458316,ridge_challenger,EXPERIMENT_ONLY,2024
2024-01-09,22:00,24,23.777313662467886,0.22268633753211375,ridge_challenger,EXPERIMENT_ONLY,2024
2024-01-10,22:00,24,23.406131236702713,0.5938687632972872,ridge_challenger,EXPERIMENT_ONLY,2024
2024-01-11,22:00,25,24.58340870709603,0.4165912929039699,ridge_challenger,EXPERIMENT_ONLY,2024
2024-01-12,22:00,26,24.38696665966175,1.6130333403382515,ridge_challenger,EXPERIMENT_ONLY,2024
2024-01-13,22:00,22,23.26822056841855,1.268220568418549,ridge_challenger,EXPERIMENT_ONLY,2024
2024-01-14,22:00,22,22.148656531262194,0.14865653126219414,ridge_challenger,EXPERIMENT_ONLY,2024
2024-01-15,22:00,21,22.15450259684837,1.1545025968483706,ridge_challenger,EXPERIMENT_ONLY,2024
2024-01-16,22:00,25,19.90517482434455,5.094825175655451,ridge_challenger,EXPERIMENT_ONLY,2024
2024-01-17,22:00,27,25.076909518564467,1.9230904814355334,ridge_challenger,EXPERIMENT_ONLY,2024
2024-01-18,22:00,26,22.670828439428547,3.329171560571453,ridge_challenger,EXPERIMENT_ONLY,2024
2024-01-19,22:00,26,24.724277117415877,1.2757228825841231,ridge_challenger,EXPERIMENT_ONLY,2024
2024-01-20,22:00,25,23.420459214144476,1.5795407858555244,ridge_challenger,EXPERIMENT_ONLY,2024
2024-01-21,22:00,29,25.189913629680575,3.810086370319425,ridge_challenger,EXPERIMENT_ONLY,2024
2024-01-22,22:00,29,27.65106385369985,1.3489361463001508,ridge_challenger,EXPERIMENT_ONLY,2024
2024-01-23,22:00,24,23.610577600473377,0.38942239952662305,ridge_challenger,EXPERIMENT_ONLY,2024
2024-01-24,22:00,22,18.073125855228415,3.9268741447715847,ridge_challenger,EXPERIMENT_ONLY,2024
2024-01-25,22:00,23,20.651358283736208,2.348641716263792,ridge_challenger,EXPERIMENT_ONLY,2024
2024-01-26,22:00,23,22.371933168980473,0.6280668310195274,ridge_challenger,EXPERIMENT_ONLY,2024
2024-01-27,22:00,24,19.9234903793299,4.076509620670102,ridge_challenger,EXPERIMENT_ONLY,2024
2024-01-28,22:00,22,22.813729554703112,0.8137295547031123,ridge_challenger,EXPERIMENT_ONLY,2024
2024-01-29,22:00,19,21.396610614034365,2.3966106140343655,ridge_challenger,EXPERIMENT_ONLY,2024
2024-01-30,22:00,20,19.38522576979286,0.6147742302071393,ridge_challenger,EXPERIMENT_ONLY,2024
2024-01-31,22:00,20,19.07615391825587,0.9238460817441307,ridge_challenger,EXPERIMENT_ONLY,2024
2024-02-01,22:00,24,19.986112805551606,4.013887194448394,ridge_challenger,EXPERIMENT_ONLY,2024
2024-02-02,22:00,22,22.065082349720168,0.0650823497201678,ridge_challenger,EXPERIMENT_ONLY,2024
2024-02-03,22:00,20,21.751683212284547,1.7516832122845472,ridge_challenger,EXPERIMENT_ONLY,2024
2024-02-04,22:00,22,20.101057451572633,1.8989425484273674,ridge_challenger,EXPERIMENT_ONLY,2024
2024-02-05,22:00,24,22.07948555631665,1.9205144436833486,ridge_challenger,EXPERIMENT_ONLY,2024
2024-02-06,22:00,23,22.824561367468853,0.17543863253114722,ridge_challenger,EXPERIMENT_ONLY,2024
2024-02-07,22:00,23,22.47439484666416,0.5256051533358388,ridge_challenger,EXPERIMENT_ONLY,2024
2024-02-08,22:00,25,22.14323117574388,2.8567688242561218,ridge_challenger,EXPERIMENT_ONLY,2024
2024-02-09,22:00,22,20.83210310025027,1.1678968997497314,ridge_challenger,EXPERIMENT_ONLY,2024
2024-02-10,22:00,22,22.577179339659285,0.5771793396592848,ridge_challenger,EXPERIMENT_ONLY,2024
2024-02-11,22:00,16,17.18696233583529,1.1869623358352897,ridge_challenger,EXPERIMENT_ONLY,2024
2024-02-12,22:00,20,18.07859573650411,1.9214042634958908,ridge_challenger,EXPERIMENT_ONLY,2024
2024-02-13,22:00,22,20.707005517470225,1.2929944825297746,ridge_challenger,EXPERIMENT_ONLY,2024
2024-02-14,22:00,21,21.611593959729518,0.6115939597295181,ridge_challenger,EXPERIMENT_ONLY,2024
2024-02-15,22:00,23,21.84108822947718,1.1589117705228205,ridge_challenger,EXPERIMENT_ONLY,2024
2024-02-16,22:00,24,22.525004928090507,1.4749950719094933,ridge_challenger,EXPERIMENT_ONLY,2024
2024-02-17,22:00,24,22.842729031685504,1.1572709683144957,ridge_challenger,EXPERIMENT_ONLY,2024
2024-02-18,22:00,22,22.292180539437084,0.29218053943708355,ridge_challenger,EXPERIMENT_ONLY,2024
2024-02-19,22:00,23,21.94267852865847,1.057321471341531,ridge_challenger,EXPERIMENT_ONLY,2024
2024-02-20,22:00,19,16.093278949201082,2.906721050798918,ridge_challenger,EXPERIMENT_ONLY,2024
2024-02-21,22:00,19,18.955056087195672,0.04494391280432808,ridge_challenger,EXPERIMENT_ONLY,2024
2024-02-22,22:00,24,18.229536494539772,5.770463505460228,ridge_challenger,EXPERIMENT_ONLY,2024
2024-02-23,22:00,23,22.190057991617323,0.8099420083826772,ridge_challenger,EXPERIMENT_ONLY,2024
2024-02-24,22:00,21,21.835617038925772,0.835617038925772,ridge_challenger,EXPERIMENT_ONLY,2024
2024-02-25,22:00,20,18.116854805072734,1.8831451949272662,ridge_challenger,EXPERIMENT_ONLY,2024
2024-02-26,22:00,22,20.584913018477632,1.415086981522368,ridge_challenger,EXPERIMENT_ONLY,2024
2024-02-27,22:00,22,20.739975879901305,1.260024120098695,ridge_challenger,EXPERIMENT_ONLY,2024
2024-02-28,22:00,18,19.144196036246658,1.144196036246658,ridge_challenger,EXPERIMENT_ONLY,2024
2024-02-29,22:00,18,16.636479756139146,1.3635202438608545,ridge_challenger,EXPERIMENT_ONLY,2024
2024-03-01,22:00,23,19.798102496176003,3.2018975038239965,ridge_challenger,EXPERIMENT_ONLY,2024
2024-03-02,22:00,20,21.36343764453493,1.3634376445349297,ridge_challenger,EXPERIMENT_ONLY,2024
2024-03-03,22:00,22,20.853153094178,1.1468469058219988,ridge_challenger,EXPERIMENT_ONLY,2024
2024-03-04,22:00,20,21.636867406568246,1.6368674065682463,ridge_challenger,EXPERIMENT_ONLY,2024
2024-03-05,22:00,19,17.321842483421005,1.6781575165789953,ridge_challenger,EXPERIMENT_ONLY,2024
2024-03-06,22:00,17,15.615166154358349,1.3848338456416514,ridge_challenger,EXPERIMENT_ONLY,2024
2024-03-07,22:00,19,17.76160137539301,1.2383986246069902,ridge_challenger,EXPERIMENT_ONLY,2024
2024-03-08,22:00,19,18.393785633359844,0.606214366640156,ridge_challenger,EXPERIMENT_ONLY,2024
2024-03-09,22:00,20,19.904605372770472,0.09539462722952763,ridge_challenger,EXPERIMENT_ONLY,2024
2024-03-10,22:00,20,17.035894013945576,2.964105986054424,ridge_challenger,EXPERIMENT_ONLY,2024
2024-03-11,22:00,21,19.533401082546145,1.4665989174538545,ridge_challenger,EXPERIMENT_ONLY,2024
2024-03-12,22:00,22,19.64592020143279,2.3540797985672093,ridge_challenger,EXPERIMENT_ONLY,2024
2024-03-13,22:00,18,19.727208383598306,1.727208383598306,ridge_challenger,EXPERIMENT_ONLY,2024
2024-03-14,22:00,19,18.013756990946547,0.9862430090534531,ridge_challenger,EXPERIMENT_ONLY,2024
2024-03-15,22:00,20,18.97996626115431,1.0200337388456902,ridge_challenger,EXPERIMENT_ONLY,2024
2024-03-16,22:00,17,16.845446432265696,0.15455356773430395,ridge_challenger,EXPERIMENT_ONLY,2024
2024-03-17,22:00,20,18.24804378540504,1.7519562145949585,ridge_challenger,EXPERIMENT_ONLY,2024
2024-03-18,22:00,17,18.917915297235943,1.9179152972359432,ridge_challenger,EXPERIMENT_ONLY,2024
2024-03-19,22:00,15,15.253018366637974,0.25301836663797417,ridge_challenger,EXPERIMENT_ONLY,2024
2024-03-20,22:00,16,14.641809594049423,1.3581904059505767,ridge_challenger,EXPERIMENT_ONLY,2024
2024-03-21,22:00,19,16.463053822917818,2.536946177082182,ridge_challenger,EXPERIMENT_ONLY,2024
2024-03-22,22:00,20,18.797321789925093,1.2026782100749074,ridge_challenger,EXPERIMENT_ONLY,2024
2024-03-23,22:00,21,18.988189245056628,2.0118107549433724,ridge_challenger,EXPERIMENT_ONLY,2024
2024-03-24,22:00,21,18.410052227089956,2.589947772910044,ridge_challenger,EXPERIMENT_ONLY,2024
2024-03-25,22:00,21,20.37001227796853,0.6299877220314691,ridge_challenger,EXPERIMENT_ONLY,2024
2024-03-26,22:00,22,20.599996808603528,1.400003191396472,ridge_challenger,EXPERIMENT_ONLY,2024
2024-03-27,22:00,21,20.90883242694316,0.09116757305683976,ridge_challenger,EXPERIMENT_ONLY,2024
2024-03-28,22:00,17,17.821916880892203,0.8219168808922035,ridge_challenger,EXPERIMENT_ONLY,2024
2024-03-29,22:00,15,15.089501802047867,0.08950180204786662,ridge_challenger,EXPERIMENT_ONLY,2024
2024-03-30,22:00,15,14.048294723601998,0.9517052763980018,ridge_challenger,EXPERIMENT_ONLY,2024
2024-03-31,22:00,16,16.43371694937728,0.4337169493772812,ridge_challenger,EXPERIMENT_ONLY,2024
2024-04-01,22:00,16,14.639234818758528,1.3607651812414723,ridge_challenger,EXPERIMENT_ONLY,2024
2024-04-02,22:00,15,16.190399854925378,1.1903998549253778,ridge_challenger,EXPERIMENT_ONLY,2024
2024-04-03,22:00,19,16.45317795635637,2.5468220436436297,ridge_challenger,EXPERIMENT_ONLY,2024
2024-04-04,22:00,18,19.88371907715815,1.8837190771581511,ridge_challenger,EXPERIMENT_ONLY,2024
2024-04-05,22:00,17,17.27207442593485,0.27207442593485,ridge_challenger,EXPERIMENT_ONLY,2024
2024-04-06,22:00,17,14.54112893663275,2.4588710633672495,ridge_challenger,EXPERIMENT_ONLY,2024
2024-04-07,22:00,16,17.794047992174722,1.7940479921747219,ridge_challenger,EXPERIMENT_ONLY,2024
2024-04-08,22:00,19,18.526323358981784,0.4736766410182156,ridge_challenger,EXPERIMENT_ONLY,2024
2024-04-09,22:00,20,20.661250838150533,0.6612508381505329,ridge_challenger,EXPERIMENT_ONLY,2024
2024-04-10,22:00,22,21.463312921360806,0.5366870786391935,ridge_challenger,EXPERIMENT_ONLY,2024
2024-04-11,22:00,23,22.886849572175755,0.11315042782424456,ridge_challenger,EXPERIMENT_ONLY,2024
2024-04-12,22:00,21,20.723815327655537,0.2761846723444634,ridge_challenger,EXPERIMENT_ONLY,2024
2024-04-13,22:00,18,19.508405931384804,1.5084059313848037,ridge_challenger,EXPERIMENT_ONLY,2024
2024-04-14,22:00,15,16.439812330313668,1.4398123303136678,ridge_challenger,EXPERIMENT_ONLY,2024
2024-04-15,22:00,18,16.827355132400236,1.1726448675997645,ridge_challenger,EXPERIMENT_ONLY,2024
2024-04-16,22:00,19,18.454498379753232,0.5455016202467675,ridge_challenger,EXPERIMENT_ONLY,2024
2024-04-17,22:00,19,20.372989129379143,1.3729891293791425,ridge_challenger,EXPERIMENT_ONLY,2024
2024-04-18,22:00,18,19.26198698524279,1.261986985242789,ridge_challenger,EXPERIMENT_ONLY,2024
2024-04-19,22:00,18,18.51369625940577,0.5136962594057692,ridge_challenger,EXPERIMENT_ONLY,2024
2024-04-20,22:00,16,17.718426332736044,1.718426332736044,ridge_challenger,EXPERIMENT_ONLY,2024
2024-04-21,22:00,15,16.206449267250868,1.2064492672508678,ridge_challenger,EXPERIMENT_ONLY,2024
2024-04-22,22:00,17,17.527229107463942,0.5272291074639419,ridge_challenger,EXPERIMENT_ONLY,2024
2024-04-23,22:00,16,14.607489453842172,1.392510546157828,ridge_challenger,EXPERIMENT_ONLY,2024
2024-04-24,22:00,18,17.571086680043038,0.4289133199569619,ridge_challenger,EXPERIMENT_ONLY,2024
2024-04-25,22:00,17,18.729357732238253,1.7293577322382525,ridge_challenger,EXPERIMENT_ONLY,2024
2024-04-26,22:00,18,17.853815688112885,0.14618431188711511,ridge_challenger,EXPERIMENT_ONLY,2024
2024-04-27,22:00,16,16.214010970786227,0.21401097078622655,ridge_challenger,EXPERIMENT_ONLY,2024
2024-04-28,22:00,19,15.604308420421638,3.3956915795783615,ridge_challenger,EXPERIMENT_ONLY,2024
2024-04-29,22:00,18,17.560601400332366,0.4393985996676335,ridge_challenger,EXPERIMENT_ONLY,2024
2024-04-30,22:00,17,18.87794376863912,1.8779437686391205,ridge_challenger,EXPERIMENT_ONLY,2024
2024-05-01,22:00,17,18.289137320188843,1.2891373201888428,ridge_challenger,EXPERIMENT_ONLY,2024
2024-05-02,22:00,13,14.548886001482394,1.5488860014823942,ridge_challenger,EXPERIMENT_ONLY,2024
2024-05-03,22:00,15,15.391546117712123,0.39154611771212267,ridge_challenger,EXPERIMENT_ONLY,2024
2024-05-04,22:00,15,15.654060943281825,0.6540609432818254,ridge_challenger,EXPERIMENT_ONLY,2024
2024-05-05,22:00,16,15.327681588422164,0.6723184115778356,ridge_challenger,EXPERIMENT_ONLY,2024
2024-05-06,22:00,18,17.51578414554935,0.48421585445064963,ridge_challenger,EXPERIMENT_ONLY,2024
2024-05-07,22:00,13,15.3425811429669,2.3425811429668997,ridge_challenger,EXPERIMENT_ONLY,2024
2024-05-08,22:00,14,12.759971464774393,1.2400285352256066,ridge_challenger,EXPERIMENT_ONLY,2024
2024-05-09,22:00,11,12.387553252556582,1.3875532525565824,ridge_challenger,EXPERIMENT_ONLY,2024
2024-05-10,22:00,12,11.48165022759764,0.5183497724023596,ridge_challenger,EXPERIMENT_ONLY,2024
2024-05-11,22:00,12,12.404592411906558,0.4045924119065578,ridge_challenger,EXPERIMENT_ONLY,2024
2024-05-12,22:00,13,13.25702003076187,0.2570200307618702,ridge_challenger,EXPERIMENT_ONLY,2024
2024-05-13,22:00,13,14.138945745341326,1.138945745341326,ridge_challenger,EXPERIMENT_ONLY,2024
2024-05-14,22:00,15,14.929362629492756,0.07063737050724406,ridge_challenger,EXPERIMENT_ONLY,2024
2024-05-15,22:00,15,15.924327421670197,0.9243274216701973,ridge_challenger,EXPERIMENT_ONLY,2024
2024-05-16,22:00,17,16.230259704617513,0.769740295382487,ridge_challenger,EXPERIMENT_ONLY,2024
2024-05-17,22:00,15,15.109621584843827,0.10962158484382734,ridge_challenger,EXPERIMENT_ONLY,2024
2024-05-18,22:00,15,16.747308850512766,1.7473088505127663,ridge_challenger,EXPERIMENT_ONLY,2024
2024-05-19,22:00,14,15.581761717216896,1.5817617172168958,ridge_challenger,EXPERIMENT_ONLY,2024
2024-05-20,22:00,14,14.408054393000928,0.4080543930009277,ridge_challenger,EXPERIMENT_ONLY,2024
2024-05-21,22:00,14,15.475567726930905,1.4755677269309047,ridge_challenger,EXPERIMENT_ONLY,2024
2024-05-22,22:00,13,13.724411558657868,0.7244115586578683,ridge_challenger,EXPERIMENT_ONLY,2024
2024-05-23,22:00,12,13.253243769930336,1.2532437699303358,ridge_challenger,EXPERIMENT_ONLY,2024
2024-05-24,22:00,11,11.746458099868063,0.7464580998680628,ridge_challenger,EXPERIMENT_ONLY,2024
2024-05-25,22:00,14,12.225702833722256,1.7742971662777443,ridge_challenger,EXPERIMENT_ONLY,2024
2024-05-26,22:00,13,13.471121029159498,0.47112102915949805,ridge_challenger,EXPERIMENT_ONLY,2024
2024-05-27,22:00,14,13.810333370953948,0.18966662904605158,ridge_challenger,EXPERIMENT_ONLY,2024
2024-05-28,22:00,15,14.384510779637525,0.6154892203624751,ridge_challenger,EXPERIMENT_ONLY,2024
2024-05-29,22:00,13,14.00007889425294,1.0000788942529404,ridge_challenger,EXPERIMENT_ONLY,2024
2024-05-30,22:00,14,11.571447562442785,2.428552437557215,ridge_challenger,EXPERIMENT_ONLY,2024
2024-05-31,22:00,17,15.980288876174198,1.019711123825802,ridge_challenger,EXPERIMENT_ONLY,2024
2024-06-01,22:00,17,18.207597586081018,1.2075975860810182,ridge_challenger,EXPERIMENT_ONLY,2024
2024-06-02,22:00,16,15.035005929618677,0.9649940703813229,ridge_challenger,EXPERIMENT_ONLY,2024
2024-06-03,22:00,14,16.02095058582727,2.0209505858272685,ridge_challenger,EXPERIMENT_ONLY,2024
2024-06-04,22:00,13,14.19822006257238,1.1982200625723802,ridge_challenger,EXPERIMENT_ONLY,2024
2024-06-05,22:00,12,12.66306679749073,0.66306679749073,ridge_challenger,EXPERIMENT_ONLY,2024
2024-06-06,22:00,14,13.774080645093097,0.22591935490690318,ridge_challenger,EXPERIMENT_ONLY,2024
2024-06-07,22:00,16,16.373114356846767,0.3731143568467665,ridge_challenger,EXPERIMENT_ONLY,2024
2024-06-08,22:00,14,15.237241751135999,1.2372417511359988,ridge_challenger,EXPERIMENT_ONLY,2024
2024-06-09,22:00,16,13.367662504753145,2.632337495246855,ridge_challenger,EXPERIMENT_ONLY,2024
2024-06-10,22:00,17,17.066432585897537,0.06643258589753742,ridge_challenger,EXPERIMENT_ONLY,2024
2024-06-11,22:00,15,14.500162875129604,0.4998371248703961,ridge_challenger,EXPERIMENT_ONLY,2024
2024-06-12,22:00,12,12.406192167808207,0.4061921678082072,ridge_challenger,EXPERIMENT_ONLY,2024
2024-06-13,22:00,13,13.082577774771815,0.08257777477181527,ridge_challenger,EXPERIMENT_ONLY,2024
2024-06-14,22:00,13,13.616333689069346,0.6163336890693465,ridge_challenger,EXPERIMENT_ONLY,2024
2024-06-15,22:00,14,13.573342679674907,0.4266573203250932,ridge_challenger,EXPERIMENT_ONLY,2024
2024-06-16,22:00,15,14.5804863982626,0.4195136017373997,ridge_challenger,EXPERIMENT_ONLY,2024
2024-06-17,22:00,13,14.972988379425612,1.9729883794256118,ridge_challenger,EXPERIMENT_ONLY,2024
2024-06-18,22:00,13,14.452834751422778,1.4528347514227775,ridge_challenger,EXPERIMENT_ONLY,2024
2024-06-19,22:00,12,11.783671183579726,0.21632881642027435,ridge_challenger,EXPERIMENT_ONLY,2024
2024-06-20,22:00,13,13.700478181289501,0.7004781812895011,ridge_challenger,EXPERIMENT_ONLY,2024
2024-06-21,22:00,14,11.01110491537042,2.988895084629579,ridge_challenger,EXPERIMENT_ONLY,2024
2024-06-22,22:00,14,13.175325867167217,0.8246741328327829,ridge_challenger,EXPERIMENT_ONLY,2024
2024-06-23,22:00,13,14.393143679671187,1.3931436796711871,ridge_challenger,EXPERIMENT_ONLY,2024
2024-06-24,22:00,13,13.201046548571458,0.20104654857145832,ridge_challenger,EXPERIMENT_ONLY,2024
2024-06-25,22:00,13,13.240530880388553,0.24053088038855286,ridge_challenger,EXPERIMENT_ONLY,2024
2024-06-26,22:00,14,12.622314803292076,1.3776851967079242,ridge_challenger,EXPERIMENT_ONLY,2024
2024-06-27,22:00,13,13.316868862227706,0.3168688622277056,ridge_challenger,EXPERIMENT_ONLY,2024
2024-06-28,22:00,13,13.091988654748116,0.0919886547481159,ridge_challenger,EXPERIMENT_ONLY,2024
2024-06-29,22:00,14,14.591902360412284,0.5919023604122842,ridge_challenger,EXPERIMENT_ONLY,2024
2024-06-30,22:00,13,14.225782704897375,1.2257827048973748,ridge_challenger,EXPERIMENT_ONLY,2024
2024-07-01,22:00,14,13.755691287174962,0.2443087128250383,ridge_challenger,EXPERIMENT_ONLY,2024
2024-07-02,22:00,13,12.310377329986435,0.6896226700135646,ridge_challenger,EXPERIMENT_ONLY,2024
2024-07-03,22:00,11,13.405423195753249,2.405423195753249,ridge_challenger,EXPERIMENT_ONLY,2024
2024-07-04,22:00,11,11.299313028783551,0.29931302878355126,ridge_challenger,EXPERIMENT_ONLY,2024
2024-07-05,22:00,12,11.721172209920542,0.27882779007945757,ridge_challenger,EXPERIMENT_ONLY,2024
2024-07-06,22:00,12,11.373093599527875,0.6269064004721248,ridge_challenger,EXPERIMENT_ONLY,2024
2024-07-07,22:00,13,12.394213905264548,0.6057860947354516,ridge_challenger,EXPERIMENT_ONLY,2024
2024-07-08,22:00,13,12.212043848406244,0.7879561515937556,ridge_challenger,EXPERIMENT_ONLY,2024
2024-07-09,22:00,14,11.548221146587252,2.4517788534127476,ridge_challenger,EXPERIMENT_ONLY,2024
2024-07-10,22:00,13,13.078152682765332,0.0781526827653316,ridge_challenger,EXPERIMENT_ONLY,2024
2024-07-11,22:00,13,13.246522510309184,0.24652251030918393,ridge_challenger,EXPERIMENT_ONLY,2024
2024-07-12,22:00,10,11.357123304657051,1.3571233046570512,ridge_challenger,EXPERIMENT_ONLY,2024
2024-07-13,22:00,12,11.516078166234335,0.483921833765665,ridge_challenger,EXPERIMENT_ONLY,2024
2024-07-14,22:00,13,13.212580512559366,0.2125805125593665,ridge_challenger,EXPERIMENT_ONLY,2024
2024-07-15,22:00,13,13.921065584678917,0.9210655846789173,ridge_challenger,EXPERIMENT_ONLY,2024
2024-07-16,22:00,14,13.010795755405592,0.9892042445944078,ridge_challenger,EXPERIMENT_ONLY,2024
2024-07-17,22:00,13,15.142107530933464,2.1421075309334636,ridge_challenger,EXPERIMENT_ONLY,2024
2024-07-18,22:00,13,14.779068953506936,1.7790689535069362,ridge_challenger,EXPERIMENT_ONLY,2024
2024-07-19,22:00,13,12.886751423887736,0.11324857611226413,ridge_challenger,EXPERIMENT_ONLY,2024
2024-07-20,22:00,13,14.136848660625642,1.1368486606256418,ridge_challenger,EXPERIMENT_ONLY,2024
2024-07-21,22:00,14,14.051388530742532,0.05138853074253191,ridge_challenger,EXPERIMENT_ONLY,2024
2024-07-22,22:00,12,12.219600936718404,0.21960093671840397,ridge_challenger,EXPERIMENT_ONLY,2024
2024-07-23,22:00,12,13.388880760087353,1.3888807600873534,ridge_challenger,EXPERIMENT_ONLY,2024
2024-07-24,22:00,13,13.030589896733463,0.030589896733463462,ridge_challenger,EXPERIMENT_ONLY,2024
2024-07-25,22:00,15,14.476033701404432,0.5239662985955675,ridge_challenger,EXPERIMENT_ONLY,2024
2024-07-26,22:00,14,15.036063516585932,1.0360635165859318,ridge_challenger,EXPERIMENT_ONLY,2024
2024-07-27,22:00,16,15.666826317441373,0.3331736825586269,ridge_challenger,EXPERIMENT_ONLY,2024
2024-07-28,22:00,14,16.16791210425767,2.1679121042576703,ridge_challenger,EXPERIMENT_ONLY,2024
2024-07-29,22:00,15,14.351910647761134,0.6480893522388662,ridge_challenger,EXPERIMENT_ONLY,2024
2024-07-30,22:00,14,14.816037105624641,0.8160371056246412,ridge_challenger,EXPERIMENT_ONLY,2024
2024-07-31,22:00,10,12.449402619403987,2.449402619403987,ridge_challenger,EXPERIMENT_ONLY,2024
2024-08-01,22:00,9,10.50957950484465,1.50957950484465,ridge_challenger,EXPERIMENT_ONLY,2024
2024-08-02,22:00,10,10.84905002936972,0.8490500293697192,ridge_challenger,EXPERIMENT_ONLY,2024
2024-08-03,22:00,11,7.710050512384349,3.289949487615651,ridge_challenger,EXPERIMENT_ONLY,2024
2024-08-04,22:00,12,11.266061252336675,0.7339387476633252,ridge_challenger,EXPERIMENT_ONLY,2024
2024-08-05,22:00,12,13.868855084701728,1.8688550847017282,ridge_challenger,EXPERIMENT_ONLY,2024
2024-08-06,22:00,14,12.686387157774712,1.3136128422252877,ridge_challenger,EXPERIMENT_ONLY,2024
2024-08-07,22:00,14,14.435326551628219,0.43532655162821854,ridge_challenger,EXPERIMENT_ONLY,2024
2024-08-08,22:00,12,14.002431561943556,2.002431561943556,ridge_challenger,EXPERIMENT_ONLY,2024
2024-08-09,22:00,11,12.198374801438904,1.198374801438904,ridge_challenger,EXPERIMENT_ONLY,2024
2024-08-10,22:00,13,13.521691921478386,0.5216919214783857,ridge_challenger,EXPERIMENT_ONLY,2024
2024-08-11,22:00,14,14.407767767518088,0.40776776751808796,ridge_challenger,EXPERIMENT_ONLY,2024
2024-08-12,22:00,17,15.34278916160453,1.6572108383954696,ridge_challenger,EXPERIMENT_ONLY,2024
2024-08-13,22:00,11,14.659621404963689,3.659621404963689,ridge_challenger,EXPERIMENT_ONLY,2024
2024-08-14,22:00,12,12.962220167331893,0.9622201673318926,ridge_challenger,EXPERIMENT_ONLY,2024
2024-08-15,22:00,15,14.207457953751549,0.7925420462484514,ridge_challenger,EXPERIMENT_ONLY,2024
2024-08-16,22:00,16,16.452226036168156,0.45222603616815604,ridge_challenger,EXPERIMENT_ONLY,2024
2024-08-17,22:00,15,17.528258703651975,2.528258703651975,ridge_challenger,EXPERIMENT_ONLY,2024
2024-08-18,22:00,15,15.215808729854006,0.21580872985400568,ridge_challenger,EXPERIMENT_ONLY,2024
2024-08-19,22:00,13,12.416593130251485,0.5834068697485151,ridge_challenger,EXPERIMENT_ONLY,2024
2024-08-20,22:00,11,12.447565682315794,1.447565682315794,ridge_challenger,EXPERIMENT_ONLY,2024
2024-08-21,22:00,13,12.813104633982894,0.1868953660171062,ridge_challenger,EXPERIMENT_ONLY,2024
2024-08-22,22:00,14,13.073827265079991,0.9261727349200086,ridge_challenger,EXPERIMENT_ONLY,2024
2024-08-23,22:00,14,15.934132736327383,1.934132736327383,ridge_challenger,EXPERIMENT_ONLY,2024
2024-08-24,22:00,16,15.463661858676828,0.5363381413231725,ridge_challenger,EXPERIMENT_ONLY,2024
2024-08-25,22:00,15,17.345257313645014,2.345257313645014,ridge_challenger,EXPERIMENT_ONLY,2024
2024-08-26,22:00,15,14.108489614611356,0.8915103853886439,ridge_challenger,EXPERIMENT_ONLY,2024
2024-08-27,22:00,15,14.983187232853844,0.016812767146156204,ridge_challenger,EXPERIMENT_ONLY,2024
2024-08-28,22:00,16,15.029602600654108,0.9703973993458916,ridge_challenger,EXPERIMENT_ONLY,2024
2024-08-29,22:00,16,16.748351028368177,0.7483510283681767,ridge_challenger,EXPERIMENT_ONLY,2024
2024-08-30,22:00,16,17.342129556101657,1.342129556101657,ridge_challenger,EXPERIMENT_ONLY,2024
2024-08-31,22:00,17,15.767517720135919,1.2324822798640813,ridge_challenger,EXPERIMENT_ONLY,2024
2024-09-01,22:00,17,17.67919014699896,0.679190146998959,ridge_challenger,EXPERIMENT_ONLY,2024
2024-09-02,22:00,16,17.64784880205388,1.647848802053879,ridge_challenger,EXPERIMENT_ONLY,2024
2024-09-03,22:00,15,15.392577011063246,0.3925770110632456,ridge_challenger,EXPERIMENT_ONLY,2024
2024-09-04,22:00,12,13.043621068595819,1.0436210685958187,ridge_challenger,EXPERIMENT_ONLY,2024
2024-09-05,22:00,14,14.472682507655374,0.47268250765537445,ridge_challenger,EXPERIMENT_ONLY,2024
2024-09-06,22:00,16,14.910110512870974,1.0898894871290263,ridge_challenger,EXPERIMENT_ONLY,2024
2024-09-07,22:00,16,17.473168826406994,1.4731688264069938,ridge_challenger,EXPERIMENT_ONLY,2024
2024-09-08,22:00,17,16.288957244587756,0.7110427554122438,ridge_challenger,EXPERIMENT_ONLY,2024
2024-09-09,22:00,16,17.646706327743004,1.6467063277430043,ridge_challenger,EXPERIMENT_ONLY,2024
2024-09-10,22:00,16,17.127775943550358,1.1277759435503576,ridge_challenger,EXPERIMENT_ONLY,2024
2024-09-11,22:00,13,13.486191139165049,0.4861911391650491,ridge_challenger,EXPERIMENT_ONLY,2024
2024-09-12,22:00,14,14.033487453306105,0.0334874533061047,ridge_challenger,EXPERIMENT_ONLY,2024
2024-09-13,22:00,14,15.141522387190685,1.141522387190685,ridge_challenger,EXPERIMENT_ONLY,2024
2024-09-14,22:00,13,12.776227545747004,0.2237724542529964,ridge_challenger,EXPERIMENT_ONLY,2024
2024-09-15,22:00,14,12.564934526768527,1.4350654732314734,ridge_challenger,EXPERIMENT_ONLY,2024
2024-09-16,22:00,13,13.66294800562659,0.6629480056265908,ridge_challenger,EXPERIMENT_ONLY,2024
2024-09-17,22:00,10,12.781174841999587,2.7811748419995865,ridge_challenger,EXPERIMENT_ONLY,2024
2024-09-18,22:00,13,10.564811420971482,2.4351885790285177,ridge_challenger,EXPERIMENT_ONLY,2024
2024-09-19,22:00,16,15.64230315383694,0.3576968461630603,ridge_challenger,EXPERIMENT_ONLY,2024
2024-09-20,22:00,15,16.741187595289016,1.7411875952890163,ridge_challenger,EXPERIMENT_ONLY,2024
2024-09-21,22:00,16,15.069664291140874,0.9303357088591255,ridge_challenger,EXPERIMENT_ONLY,2024
2024-09-22,22:00,16,16.70309637202808,0.7030963720280816,ridge_challenger,EXPERIMENT_ONLY,2024
2024-09-23,22:00,16,16.82286165708557,0.8228616570855714,ridge_challenger,EXPERIMENT_ONLY,2024
2024-09-24,22:00,19,17.05706140194441,1.9429385980555907,ridge_challenger,EXPERIMENT_ONLY,2024
2024-09-25,22:00,14,15.49046048147488,1.49046048147488,ridge_challenger,EXPERIMENT_ONLY,2024
2024-09-26,22:00,15,15.761088273877029,0.7610882738770286,ridge_challenger,EXPERIMENT_ONLY,2024
2024-09-27,22:00,15,12.64313124757868,2.3568687524213203,ridge_challenger,EXPERIMENT_ONLY,2024
2024-09-28,22:00,15,16.90890835867453,1.9089083586745303,ridge_challenger,EXPERIMENT_ONLY,2024
2024-09-29,22:00,16,16.069733566085816,0.06973356608581582,ridge_challenger,EXPERIMENT_ONLY,2024
2024-09-30,22:00,18,15.795586717073178,2.204413282926822,ridge_challenger,EXPERIMENT_ONLY,2024
2024-10-01,22:00,17,18.022283090331175,1.0222830903311753,ridge_challenger,EXPERIMENT_ONLY,2024
2024-10-02,22:00,18,17.381461319219408,0.6185386807805919,ridge_challenger,EXPERIMENT_ONLY,2024
2024-10-03,22:00,16,17.431053845609966,1.4310538456099664,ridge_challenger,EXPERIMENT_ONLY,2024
2024-10-04,22:00,16,17.035998135572818,1.035998135572818,ridge_challenger,EXPERIMENT_ONLY,2024
2024-10-05,22:00,18,17.47541591689057,0.5245840831094313,ridge_challenger,EXPERIMENT_ONLY,2024
2024-10-06,22:00,16,17.384558094775116,1.384558094775116,ridge_challenger,EXPERIMENT_ONLY,2024
2024-10-07,22:00,17,17.096885045830657,0.09688504583065694,ridge_challenger,EXPERIMENT_ONLY,2024
2024-10-08,22:00,16,17.32207497943467,1.322074979434671,ridge_challenger,EXPERIMENT_ONLY,2024
2024-10-09,22:00,16,16.57409880364565,0.5740988036456507,ridge_challenger,EXPERIMENT_ONLY,2024
2024-10-10,22:00,13,13.478635975537678,0.4786359755376779,ridge_challenger,EXPERIMENT_ONLY,2024
2024-10-11,22:00,16,14.786644796537898,1.2133552034621022,ridge_challenger,EXPERIMENT_ONLY,2024
2024-10-12,22:00,17,16.978737277876863,0.021262722123136513,ridge_challenger,EXPERIMENT_ONLY,2024
2024-10-13,22:00,13,14.238033226152114,1.2380332261521136,ridge_challenger,EXPERIMENT_ONLY,2024
2024-10-14,22:00,10,12.712349640412883,2.7123496404128833,ridge_challenger,EXPERIMENT_ONLY,2024
2024-10-15,22:00,14,13.630757974810942,0.3692420251890578,ridge_challenger,EXPERIMENT_ONLY,2024
2024-10-16,22:00,13,13.244719787629682,0.24471978762968227,ridge_challenger,EXPERIMENT_ONLY,2024
2024-10-17,22:00,15,14.423100788783783,0.576899211216217,ridge_challenger,EXPERIMENT_ONLY,2024
2024-10-18,22:00,16,16.46536318972832,0.46536318972831836,ridge_challenger,EXPERIMENT_ONLY,2024
2024-10-19,22:00,19,17.692861111956773,1.3071388880432266,ridge_challenger,EXPERIMENT_ONLY,2024
2024-10-20,22:00,19,18.65284562915754,0.3471543708424605,ridge_challenger,EXPERIMENT_ONLY,2024
2024-10-21,22:00,18,19.073123135253166,1.0731231352531658,ridge_challenger,EXPERIMENT_ONLY,2024
2024-10-22,22:00,20,18.849732331906512,1.1502676680934876,ridge_challenger,EXPERIMENT_ONLY,2024
2024-10-23,22:00,16,17.78286135833957,1.78286135833957,ridge_challenger,EXPERIMENT_ONLY,2024
2024-10-24,22:00,18,17.580524585682756,0.4194754143172439,ridge_challenger,EXPERIMENT_ONLY,2024
2024-10-25,22:00,17,18.43873630639049,1.4387363063904886,ridge_challenger,EXPERIMENT_ONLY,2024
2024-10-26,22:00,20,18.87303258753756,1.1269674124624416,ridge_challenger,EXPERIMENT_ONLY,2024
2024-10-27,22:00,17,18.36840270760331,1.368402707603309,ridge_challenger,EXPERIMENT_ONLY,2024
2024-10-28,22:00,15,16.930434620346862,1.9304346203468619,ridge_challenger,EXPERIMENT_ONLY,2024
2024-10-29,22:00,17,17.289618365085584,0.2896183650855839,ridge_challenger,EXPERIMENT_ONLY,2024
2024-10-30,22:00,15,13.402506716472958,1.597493283527042,ridge_challenger,EXPERIMENT_ONLY,2024
2024-10-31,22:00,17,17.168251012348808,0.1682510123488079,ridge_challenger,EXPERIMENT_ONLY,2024
2024-11-01,22:00,18,17.92877689208539,0.07122310791460862,ridge_challenger,EXPERIMENT_ONLY,2024
2024-11-02,22:00,18,19.165272452407265,1.1652724524072653,ridge_challenger,EXPERIMENT_ONLY,2024
2024-11-03,22:00,13,14.230199571146072,1.2301995711460716,ridge_challenger,EXPERIMENT_ONLY,2024
2024-11-04,22:00,16,15.048959431656,0.9510405683440002,ridge_challenger,EXPERIMENT_ONLY,2024
2024-11-05,22:00,17,17.37775445735634,0.37775445735633895,ridge_challenger,EXPERIMENT_ONLY,2024
2024-11-06,22:00,16,16.605031473764505,0.6050314737645053,ridge_challenger,EXPERIMENT_ONLY,2024
2024-11-07,22:00,18,18.83485074731173,0.8348507473117301,ridge_challenger,EXPERIMENT_ONLY,2024
2024-11-08,22:00,19,19.274983748055543,0.2749837480555435,ridge_challenger,EXPERIMENT_ONLY,2024
2024-11-09,22:00,19,20.10535743856713,1.105357438567129,ridge_challenger,EXPERIMENT_ONLY,2024
2024-11-10,22:00,19,16.846740326897415,2.1532596731025855,ridge_challenger,EXPERIMENT_ONLY,2024
2024-11-11,22:00,19,19.43382627983993,0.4338262798399306,ridge_challenger,EXPERIMENT_ONLY,2024
2024-11-12,22:00,18,17.85767866827876,0.1423213317212415,ridge_challenger,EXPERIMENT_ONLY,2024
2024-11-13,22:00,20,19.297451996428165,0.7025480035718346,ridge_challenger,EXPERIMENT_ONLY,2024
2024-11-14,22:00,21,20.74065636888871,0.2593436311112889,ridge_challenger,EXPERIMENT_ONLY,2024
2024-11-15,22:00,18,19.534924205941625,1.5349242059416248,ridge_challenger,EXPERIMENT_ONLY,2024
2024-11-16,22:00,14,13.806647823422454,0.19335217657754633,ridge_challenger,EXPERIMENT_ONLY,2024
2024-11-17,22:00,15,14.77622296882936,0.22377703117063952,ridge_challenger,EXPERIMENT_ONLY,2024
2024-11-18,22:00,20,17.058828956083982,2.941171043916018,ridge_challenger,EXPERIMENT_ONLY,2024
2024-11-19,22:00,19,20.299658170676626,1.2996581706766257,ridge_challenger,EXPERIMENT_ONLY,2024
2024-11-20,22:00,19,17.935864085538896,1.0641359144611044,ridge_challenger,EXPERIMENT_ONLY,2024
2024-11-21,22:00,17,19.16919070065883,2.169190700658831,ridge_challenger,EXPERIMENT_ONLY,2024
2024-11-22,22:00,17,16.51905314732179,0.48094685267820836,ridge_challenger,EXPERIMENT_ONLY,2024
2024-11-23,22:00,16,17.339958140044633,1.339958140044633,ridge_challenger,EXPERIMENT_ONLY,2024
2024-11-24,22:00,18,16.35148229044235,1.6485177095576518,ridge_challenger,EXPERIMENT_ONLY,2024
2024-11-25,22:00,20,19.89509667824934,0.10490332175065831,ridge_challenger,EXPERIMENT_ONLY,2024
2024-11-26,22:00,21,20.50810577880439,0.49189422119561144,ridge_challenger,EXPERIMENT_ONLY,2024
2024-11-27,22:00,21,20.79276716930704,0.20723283069295917,ridge_challenger,EXPERIMENT_ONLY,2024
2024-11-28,22:00,19,20.249993204452878,1.2499932044528776,ridge_challenger,EXPERIMENT_ONLY,2024
2024-11-29,22:00,17,18.053826738963497,1.0538267389634974,ridge_challenger,EXPERIMENT_ONLY,2024
2024-11-30,22:00,17,17.526340112662734,0.5263401126627336,ridge_challenger,EXPERIMENT_ONLY,2024
2024-12-01,22:00,22,19.43878141969634,2.5612185803036596,ridge_challenger,EXPERIMENT_ONLY,2024
2024-12-02,22:00,22,21.20077369843158,0.7992263015684209,ridge_challenger,EXPERIMENT_ONLY,2024
2024-12-03,22:00,21,21.890833467511225,0.890833467511225,ridge_challenger,EXPERIMENT_ONLY,2024
2024-12-04,22:00,21,21.586659512210698,0.5866595122106979,ridge_challenger,EXPERIMENT_ONLY,2024
2024-12-05,22:00,22,21.95697904204508,0.043020957954919226,ridge_challenger,EXPERIMENT_ONLY,2024
2024-12-06,22:00,19,20.598380327072384,1.598380327072384,ridge_challenger,EXPERIMENT_ONLY,2024
2024-12-07,22:00,21,21.16643174246671,0.16643174246670966,ridge_challenger,EXPERIMENT_ONLY,2024
2024-12-08,22:00,20,19.985650710520467,0.014349289479532956,ridge_challenger,EXPERIMENT_ONLY,2024
2024-12-09,22:00,22,20.702564022327515,1.2974359776724853,ridge_challenger,EXPERIMENT_ONLY,2024
2024-12-10,22:00,21,22.24616269187067,1.2461626918706692,ridge_challenger,EXPERIMENT_ONLY,2024
2024-12-11,22:00,21,20.56764527172933,0.43235472827067056,ridge_challenger,EXPERIMENT_ONLY,2024
2024-12-12,22:00,20,21.899558439421146,1.8995584394211456,ridge_challenger,EXPERIMENT_ONLY,2024
2024-12-13,22:00,24,22.183799858219263,1.8162001417807367,ridge_challenger,EXPERIMENT_ONLY,2024
2024-12-14,22:00,22,22.888882489700123,0.8888824897001228,ridge_challenger,EXPERIMENT_ONLY,2024
2024-12-15,22:00,23,23.020147717862276,0.020147717862275982,ridge_challenger,EXPERIMENT_ONLY,2024
2024-12-16,22:00,20,23.19759950028874,3.1975995002887387,ridge_challenger,EXPERIMENT_ONLY,2024
2024-12-17,22:00,15,15.903616948414424,0.9036169484144239,ridge_challenger,EXPERIMENT_ONLY,2024
2024-12-18,22:00,17,17.07639721646043,0.0763972164604283,ridge_challenger,EXPERIMENT_ONLY,2024
2024-12-19,22:00,14,16.53279996365802,2.5327999636580216,ridge_challenger,EXPERIMENT_ONLY,2024
2024-12-20,22:00,16,15.433978874170506,0.5660211258294936,ridge_challenger,EXPERIMENT_ONLY,2024
2024-12-21,22:00,23,19.163735111749315,3.8362648882506853,ridge_challenger,EXPERIMENT_ONLY,2024
2024-12-22,22:00,21,20.821892772577346,0.17810722742265384,ridge_challenger,EXPERIMENT_ONLY,2024
2024-12-23,22:00,22,21.52076882928036,0.4792311707196397,ridge_challenger,EXPERIMENT_ONLY,2024
2024-12-24,22:00,22,22.40368378157358,0.4036837815735801,ridge_challenger,EXPERIMENT_ONLY,2024
2024-12-25,22:00,23,21.721787671667183,1.2782123283328168,ridge_challenger,EXPERIMENT_ONLY,2024
2024-12-26,22:00,18,20.201187803245332,2.2011878032453325,ridge_challenger,EXPERIMENT_ONLY,2024
2024-12-27,22:00,16,16.39563141346342,0.3956314134634198,ridge_challenger,EXPERIMENT_ONLY,2024
2024-12-28,22:00,18,17.270091944539733,0.7299080554602675,ridge_challenger,EXPERIMENT_ONLY,2024
2024-12-29,22:00,22,19.935368368345358,2.064631631654642,ridge_challenger,EXPERIMENT_ONLY,2024
2024-12-30,22:00,21,22.22006661072266,1.220066610722661,ridge_challenger,EXPERIMENT_ONLY,2024
2024-12-31,22:00,16,16.632283871597146,0.6322838715971457,ridge_challenger,EXPERIMENT_ONLY,2024
2024-01-01,23:00,19,19.131091526339446,0.13109152633944632,ridge_challenger,EXPERIMENT_ONLY,2024
2024-01-02,23:00,23,21.013040685395087,1.9869593146049134,ridge_challenger,EXPERIMENT_ONLY,2024
2024-01-03,23:00,21,20.963681777524986,0.03631822247501404,ridge_challenger,EXPERIMENT_ONLY,2024
2024-01-04,23:00,21,21.76259245447002,0.7625924544700204,ridge_challenger,EXPERIMENT_ONLY,2024
2024-01-05,23:00,19,21.348583364755534,2.348583364755534,ridge_challenger,EXPERIMENT_ONLY,2024
2024-01-06,23:00,18,16.262418082851188,1.7375819171488125,ridge_challenger,EXPERIMENT_ONLY,2024
2024-01-07,23:00,20,19.14742890333971,0.8525710966602915,ridge_challenger,EXPERIMENT_ONLY,2024
2024-01-08,23:00,25,22.121650260627824,2.878349739372176,ridge_challenger,EXPERIMENT_ONLY,2024
2024-01-09,23:00,24,23.81257634074349,0.18742365925650972,ridge_challenger,EXPERIMENT_ONLY,2024
2024-01-10,23:00,24,22.524047907142677,1.475952092857323,ridge_challenger,EXPERIMENT_ONLY,2024
2024-01-11,23:00,25,24.58860116945278,0.4113988305472205,ridge_challenger,EXPERIMENT_ONLY,2024
2024-01-12,23:00,26,24.40606018170474,1.5939398182952615,ridge_challenger,EXPERIMENT_ONLY,2024
2024-01-13,23:00,22,23.30482426234926,1.3048242623492605,ridge_challenger,EXPERIMENT_ONLY,2024
2024-01-14,23:00,22,22.1799082798248,0.17990827982480084,ridge_challenger,EXPERIMENT_ONLY,2024
2024-01-15,23:00,21,21.086322409697086,0.08632240969708604,ridge_challenger,EXPERIMENT_ONLY,2024
2024-01-16,23:00,25,19.872136612055655,5.127863387944345,ridge_challenger,EXPERIMENT_ONLY,2024
2024-01-17,23:00,27,25.063379637530975,1.936620362469025,ridge_challenger,EXPERIMENT_ONLY,2024
2024-01-18,23:00,26,22.67450864082146,3.325491359178539,ridge_challenger,EXPERIMENT_ONLY,2024
2024-01-19,23:00,26,24.742387196857333,1.257612803142667,ridge_challenger,EXPERIMENT_ONLY,2024
2024-01-20,23:00,25,23.451606873038234,1.5483931269617663,ridge_challenger,EXPERIMENT_ONLY,2024
2024-01-21,23:00,29,25.184292808416497,3.8157071915835026,ridge_challenger,EXPERIMENT_ONLY,2024
2024-01-22,23:00,29,27.657411432365002,1.3425885676349978,ridge_challenger,EXPERIMENT_ONLY,2024
2024-01-23,23:00,24,23.622362253654405,0.3776377463455951,ridge_challenger,EXPERIMENT_ONLY,2024
2024-01-24,23:00,22,18.095242781119097,3.9047572188809028,ridge_challenger,EXPERIMENT_ONLY,2024
2024-01-25,23:00,23,20.680844628384786,2.3191553716152136,ridge_challenger,EXPERIMENT_ONLY,2024
2024-01-26,23:00,23,22.371220098205857,0.6287799017941431,ridge_challenger,EXPERIMENT_ONLY,2024
2024-01-27,23:00,24,20.014105028538747,3.985894971461253,ridge_challenger,EXPERIMENT_ONLY,2024
2024-01-28,23:00,22,22.852783338872843,0.8527833388728432,ridge_challenger,EXPERIMENT_ONLY,2024
2024-01-29,23:00,19,21.423236540944746,2.423236540944746,ridge_challenger,EXPERIMENT_ONLY,2024
2024-01-30,23:00,20,19.39181455464808,0.6081854453519213,ridge_challenger,EXPERIMENT_ONLY,2024
2024-01-31,23:00,20,19.04377340101147,0.956226598988529,ridge_challenger,EXPERIMENT_ONLY,2024
2024-02-01,23:00,24,20.020160765894275,3.979839234105725,ridge_challenger,EXPERIMENT_ONLY,2024
2024-02-02,23:00,22,22.10596055856015,0.10596055856014885,ridge_challenger,EXPERIMENT_ONLY,2024
2024-02-03,23:00,20,21.84135567134782,1.84135567134782,ridge_challenger,EXPERIMENT_ONLY,2024
2024-02-04,23:00,22,20.105283420771936,1.8947165792280636,ridge_challenger,EXPERIMENT_ONLY,2024
2024-02-05,23:00,24,22.121783961512815,1.878216038487185,ridge_challenger,EXPERIMENT_ONLY,2024
2024-02-06,23:00,23,22.854567734054026,0.14543226594597414,ridge_challenger,EXPERIMENT_ONLY,2024
2024-02-07,23:00,23,22.51552916508537,0.4844708349146316,ridge_challenger,EXPERIMENT_ONLY,2024
2024-02-08,23:00,25,22.17259709324732,2.827402906752681,ridge_challenger,EXPERIMENT_ONLY,2024
2024-02-09,23:00,22,20.861931642435415,1.1380683575645847,ridge_challenger,EXPERIMENT_ONLY,2024
2024-02-10,23:00,22,22.621598201174372,0.6215982011743719,ridge_challenger,EXPERIMENT_ONLY,2024
2024-02-11,23:00,16,17.18075497432771,1.1807549743277086,ridge_challenger,EXPERIMENT_ONLY,2024
2024-02-12,23:00,20,18.08751305164242,1.9124869483575786,ridge_challenger,EXPERIMENT_ONLY,2024
2024-02-13,23:00,22,20.70711414277117,1.2928858572288284,ridge_challenger,EXPERIMENT_ONLY,2024
2024-02-14,23:00,21,21.62937703949969,0.6293770394996905,ridge_challenger,EXPERIMENT_ONLY,2024
2024-02-15,23:00,23,21.91130846013996,1.08869153986004,ridge_challenger,EXPERIMENT_ONLY,2024
2024-02-16,23:00,24,22.564612822347137,1.4353871776528635,ridge_challenger,EXPERIMENT_ONLY,2024
2024-02-17,23:00,24,22.847835847732124,1.1521641522678756,ridge_challenger,EXPERIMENT_ONLY,2024
2024-02-18,23:00,22,22.33297897695778,0.33297897695777934,ridge_challenger,EXPERIMENT_ONLY,2024
2024-02-19,23:00,23,22.029382788952915,0.9706172110470845,ridge_challenger,EXPERIMENT_ONLY,2024
2024-02-20,23:00,19,16.099955426346668,2.9000445736533322,ridge_challenger,EXPERIMENT_ONLY,2024
2024-02-21,23:00,19,18.963312233892076,0.03668776610792435,ridge_challenger,EXPERIMENT_ONLY,2024
2024-02-22,23:00,24,18.24128024000226,5.758719759997739,ridge_challenger,EXPERIMENT_ONLY,2024
2024-02-23,23:00,23,22.21899372479152,0.7810062752084797,ridge_challenger,EXPERIMENT_ONLY,2024
2024-02-24,23:00,21,21.873427661694215,0.8734276616942154,ridge_challenger,EXPERIMENT_ONLY,2024
2024-02-25,23:00,20,18.07638878578245,1.9236112142175514,ridge_challenger,EXPERIMENT_ONLY,2024
2024-02-26,23:00,22,20.587790042196513,1.412209957803487,ridge_challenger,EXPERIMENT_ONLY,2024
2024-02-27,23:00,22,20.82125877429039,1.1787412257096115,ridge_challenger,EXPERIMENT_ONLY,2024
2024-02-28,23:00,18,19.131997220924585,1.1319972209245854,ridge_challenger,EXPERIMENT_ONLY,2024
2024-02-29,23:00,18,16.633828189669796,1.3661718103302043,ridge_challenger,EXPERIMENT_ONLY,2024
2024-03-01,23:00,23,19.7637853967601,3.236214603239901,ridge_challenger,EXPERIMENT_ONLY,2024
2024-03-02,23:00,20,21.410251954208036,1.4102519542080358,ridge_challenger,EXPERIMENT_ONLY,2024
2024-03-03,23:00,22,20.32948722751417,1.6705127724858286,ridge_challenger,EXPERIMENT_ONLY,2024
2024-03-04,23:00,20,21.664073859789923,1.664073859789923,ridge_challenger,EXPERIMENT_ONLY,2024
2024-03-05,23:00,19,17.454543279321516,1.5454567206784837,ridge_challenger,EXPERIMENT_ONLY,2024
2024-03-06,23:00,17,15.670464836623179,1.3295351633768213,ridge_challenger,EXPERIMENT_ONLY,2024
2024-03-07,23:00,19,17.79296402144853,1.2070359785514704,ridge_challenger,EXPERIMENT_ONLY,2024
2024-03-08,23:00,19,18.431833761599325,0.5681662384006749,ridge_challenger,EXPERIMENT_ONLY,2024
2024-03-09,23:00,20,19.950278385795464,0.049721614204536024,ridge_challenger,EXPERIMENT_ONLY,2024
2024-03-10,23:00,20,17.061545638020426,2.9384543619795735,ridge_challenger,EXPERIMENT_ONLY,2024
2024-03-11,23:00,21,19.583585381604546,1.4164146183954536,ridge_challenger,EXPERIMENT_ONLY,2024
2024-03-12,23:00,22,20.4748480431844,1.5251519568155985,ridge_challenger,EXPERIMENT_ONLY,2024
2024-03-13,23:00,18,19.77243871341186,1.7724387134118587,ridge_challenger,EXPERIMENT_ONLY,2024
2024-03-14,23:00,19,18.01609122492874,0.9839087750712601,ridge_challenger,EXPERIMENT_ONLY,2024
2024-03-15,23:00,20,19.087371596260535,0.9126284037394647,ridge_challenger,EXPERIMENT_ONLY,2024
2024-03-16,23:00,17,16.869578348813306,0.13042165118669402,ridge_challenger,EXPERIMENT_ONLY,2024
2024-03-17,23:00,20,18.284569156149974,1.7154308438500259,ridge_challenger,EXPERIMENT_ONLY,2024
2024-03-18,23:00,17,18.926392889281228,1.926392889281228,ridge_challenger,EXPERIMENT_ONLY,2024
2024-03-19,23:00,15,15.264997713652805,0.26499771365280544,ridge_challenger,EXPERIMENT_ONLY,2024
2024-03-20,23:00,16,14.71376699313695,1.2862330068630499,ridge_challenger,EXPERIMENT_ONLY,2024
2024-03-21,23:00,19,16.45829122387058,2.5417087761294184,ridge_challenger,EXPERIMENT_ONLY,2024
2024-03-22,23:00,20,18.860968525446214,1.1390314745537857,ridge_challenger,EXPERIMENT_ONLY,2024
2024-03-23,23:00,21,18.979357735365856,2.0206422646341444,ridge_challenger,EXPERIMENT_ONLY,2024
2024-03-24,23:00,21,18.420119371243047,2.5798806287569533,ridge_challenger,EXPERIMENT_ONLY,2024
2024-03-25,23:00,21,20.418906800904622,0.5810931990953776,ridge_challenger,EXPERIMENT_ONLY,2024
2024-03-26,23:00,22,20.658724019304945,1.3412759806950554,ridge_challenger,EXPERIMENT_ONLY,2024
2024-03-27,23:00,21,20.99224866168501,0.007751338314989198,ridge_challenger,EXPERIMENT_ONLY,2024
2024-03-28,23:00,17,17.89867438499677,0.8986743849967702,ridge_challenger,EXPERIMENT_ONLY,2024
2024-03-29,23:00,15,15.085158117259803,0.08515811725980349,ridge_challenger,EXPERIMENT_ONLY,2024
2024-03-30,23:00,15,14.069442281875636,0.9305577181243638,ridge_challenger,EXPERIMENT_ONLY,2024
2024-03-31,23:00,16,16.439108029171162,0.43910802917116243,ridge_challenger,EXPERIMENT_ONLY,2024
2024-04-01,23:00,16,14.636779505386635,1.3632204946133655,ridge_challenger,EXPERIMENT_ONLY,2024
2024-04-02,23:00,15,16.190026236522982,1.1900262365229821,ridge_challenger,EXPERIMENT_ONLY,2024
2024-04-03,23:00,19,16.423970404970067,2.576029595029933,ridge_challenger,EXPERIMENT_ONLY,2024
2024-04-04,23:00,18,19.953623646521102,1.9536236465211019,ridge_challenger,EXPERIMENT_ONLY,2024
2024-04-05,23:00,17,17.256878890181294,0.2568788901812944,ridge_challenger,EXPERIMENT_ONLY,2024
2024-04-06,23:00,17,14.544268619657645,2.455731380342355,ridge_challenger,EXPERIMENT_ONLY,2024
2024-04-07,23:00,16,17.800046934521273,1.8000469345212728,ridge_challenger,EXPERIMENT_ONLY,2024
2024-04-08,23:00,19,18.502846651601743,0.49715334839825687,ridge_challenger,EXPERIMENT_ONLY,2024
2024-04-09,23:00,20,20.649876646664403,0.6498766466644028,ridge_challenger,EXPERIMENT_ONLY,2024
2024-04-10,23:00,22,21.5246621666086,0.4753378333914,ridge_challenger,EXPERIMENT_ONLY,2024
2024-04-11,23:00,23,22.97954570569099,0.020454294309008247,ridge_challenger,EXPERIMENT_ONLY,2024
2024-04-12,23:00,21,19.132761260141645,1.8672387398583545,ridge_challenger,EXPERIMENT_ONLY,2024
2024-04-13,23:00,18,19.442519482563142,1.4425194825631422,ridge_challenger,EXPERIMENT_ONLY,2024
2024-04-14,23:00,15,16.41683811217505,1.41683811217505,ridge_challenger,EXPERIMENT_ONLY,2024
2024-04-15,23:00,18,16.804978431403452,1.1950215685965482,ridge_challenger,EXPERIMENT_ONLY,2024
2024-04-16,23:00,19,18.44076207703499,0.5592379229650106,ridge_challenger,EXPERIMENT_ONLY,2024
2024-04-17,23:00,19,20.383673188659966,1.3836731886599658,ridge_challenger,EXPERIMENT_ONLY,2024
2024-04-18,23:00,18,19.24558450290128,1.2455845029012806,ridge_challenger,EXPERIMENT_ONLY,2024
2024-04-19,23:00,18,18.601634220126922,0.6016342201269218,ridge_challenger,EXPERIMENT_ONLY,2024
2024-04-20,23:00,16,17.71929326835303,1.7192932683530309,ridge_challenger,EXPERIMENT_ONLY,2024
2024-04-21,23:00,15,16.19726671844904,1.1972667184490398,ridge_challenger,EXPERIMENT_ONLY,2024
2024-04-22,23:00,17,17.495300599148788,0.49530059914878777,ridge_challenger,EXPERIMENT_ONLY,2024
2024-04-23,23:00,16,14.650514743102416,1.3494852568975837,ridge_challenger,EXPERIMENT_ONLY,2024
2024-04-24,23:00,18,17.595953395864576,0.4040466041354236,ridge_challenger,EXPERIMENT_ONLY,2024
2024-04-25,23:00,17,18.83204894362462,1.8320489436246206,ridge_challenger,EXPERIMENT_ONLY,2024
2024-04-26,23:00,18,17.91328685834159,0.08671314165841082,ridge_challenger,EXPERIMENT_ONLY,2024
2024-04-27,23:00,16,16.21892154989389,0.21892154989388857,ridge_challenger,EXPERIMENT_ONLY,2024
2024-04-28,23:00,19,15.600521933969459,3.3994780660305413,ridge_challenger,EXPERIMENT_ONLY,2024
2024-04-29,23:00,18,17.569541983205344,0.4304580167946561,ridge_challenger,EXPERIMENT_ONLY,2024
2024-04-30,23:00,17,18.896566443345318,1.8965664433453178,ridge_challenger,EXPERIMENT_ONLY,2024
2024-05-01,23:00,17,18.319571150172646,1.3195711501726457,ridge_challenger,EXPERIMENT_ONLY,2024
2024-05-02,23:00,13,14.514710804182446,1.514710804182446,ridge_challenger,EXPERIMENT_ONLY,2024
2024-05-03,23:00,15,15.347307558530147,0.3473075585301473,ridge_challenger,EXPERIMENT_ONLY,2024
2024-05-04,23:00,15,15.654067359434496,0.6540673594344959,ridge_challenger,EXPERIMENT_ONLY,2024
2024-05-05,23:00,16,15.30870419166875,0.6912958083312493,ridge_challenger,EXPERIMENT_ONLY,2024
2024-05-06,23:00,18,17.532408095437678,0.46759190456232247,ridge_challenger,EXPERIMENT_ONLY,2024
2024-05-07,23:00,13,15.434043806226498,2.434043806226498,ridge_challenger,EXPERIMENT_ONLY,2024
2024-05-08,23:00,14,12.737606520783803,1.2623934792161968,ridge_challenger,EXPERIMENT_ONLY,2024
2024-05-09,23:00,11,12.393328777678613,1.3933287776786134,ridge_challenger,EXPERIMENT_ONLY,2024
2024-05-10,23:00,12,11.541128178067918,0.45887182193208176,ridge_challenger,EXPERIMENT_ONLY,2024
2024-05-11,23:00,12,12.415293831615518,0.4152938316155179,ridge_challenger,EXPERIMENT_ONLY,2024
2024-05-12,23:00,13,13.279490356889836,0.2794903568898359,ridge_challenger,EXPERIMENT_ONLY,2024
2024-05-13,23:00,13,14.11365492940651,1.1136549294065095,ridge_challenger,EXPERIMENT_ONLY,2024
2024-05-14,23:00,15,14.89489019362409,0.10510980637591061,ridge_challenger,EXPERIMENT_ONLY,2024
2024-05-15,23:00,15,15.967112933537777,0.967112933537777,ridge_challenger,EXPERIMENT_ONLY,2024
2024-05-16,23:00,17,16.174972641918522,0.8250273580814778,ridge_challenger,EXPERIMENT_ONLY,2024
2024-05-17,23:00,15,15.134669489545459,0.134669489545459,ridge_challenger,EXPERIMENT_ONLY,2024
2024-05-18,23:00,15,16.85791330484831,1.85791330484831,ridge_challenger,EXPERIMENT_ONLY,2024
2024-05-19,23:00,14,15.595384192800186,1.5953841928001857,ridge_challenger,EXPERIMENT_ONLY,2024
2024-05-20,23:00,14,14.396899319487288,0.3968993194872876,ridge_challenger,EXPERIMENT_ONLY,2024
2024-05-21,23:00,14,15.486490086167585,1.486490086167585,ridge_challenger,EXPERIMENT_ONLY,2024
2024-05-22,23:00,13,13.696529111636423,0.6965291116364227,ridge_challenger,EXPERIMENT_ONLY,2024
2024-05-23,23:00,12,13.242554561508241,1.242554561508241,ridge_challenger,EXPERIMENT_ONLY,2024
2024-05-24,23:00,11,11.719842569289762,0.7198425692897619,ridge_challenger,EXPERIMENT_ONLY,2024
2024-05-25,23:00,14,12.224354149963695,1.7756458500363053,ridge_challenger,EXPERIMENT_ONLY,2024
2024-05-26,23:00,13,13.514770991473975,0.5147709914739753,ridge_challenger,EXPERIMENT_ONLY,2024
2024-05-27,23:00,14,13.835611416126982,0.16438858387301813,ridge_challenger,EXPERIMENT_ONLY,2024
2024-05-28,23:00,15,14.36374644052156,0.6362535594784404,ridge_challenger,EXPERIMENT_ONLY,2024
2024-05-29,23:00,13,13.990120752471508,0.9901207524715083,ridge_challenger,EXPERIMENT_ONLY,2024
2024-05-30,23:00,14,11.67133936349811,2.3286606365018905,ridge_challenger,EXPERIMENT_ONLY,2024
2024-05-31,23:00,17,16.036324303441248,0.9636756965587523,ridge_challenger,EXPERIMENT_ONLY,2024
2024-06-01,23:00,17,18.24661515559033,1.2466151555903302,ridge_challenger,EXPERIMENT_ONLY,2024
2024-06-02,23:00,16,15.06370337718379,0.9362966228162097,ridge_challenger,EXPERIMENT_ONLY,2024
2024-06-03,23:00,14,16.078607903043146,2.078607903043146,ridge_challenger,EXPERIMENT_ONLY,2024
2024-06-04,23:00,13,14.225046211102844,1.2250462111028444,ridge_challenger,EXPERIMENT_ONLY,2024
2024-06-05,23:00,12,12.713480455080616,0.7134804550806155,ridge_challenger,EXPERIMENT_ONLY,2024
2024-06-06,23:00,14,13.805531330936994,0.19446866906300642,ridge_challenger,EXPERIMENT_ONLY,2024
2024-06-07,23:00,16,16.361942612464528,0.36194261246452797,ridge_challenger,EXPERIMENT_ONLY,2024
2024-06-08,23:00,14,15.253228473248944,1.253228473248944,ridge_challenger,EXPERIMENT_ONLY,2024
2024-06-09,23:00,16,13.390605601628826,2.6093943983711743,ridge_challenger,EXPERIMENT_ONLY,2024
2024-06-10,23:00,17,17.070377815390138,0.07037781539013821,ridge_challenger,EXPERIMENT_ONLY,2024
2024-06-11,23:00,15,14.478034281633954,0.5219657183660456,ridge_challenger,EXPERIMENT_ONLY,2024
2024-06-12,23:00,12,12.401117304277408,0.4011173042774079,ridge_challenger,EXPERIMENT_ONLY,2024
2024-06-13,23:00,13,13.109069521167603,0.10906952116760316,ridge_challenger,EXPERIMENT_ONLY,2024
2024-06-14,23:00,13,13.62312234351737,0.6231223435173696,ridge_challenger,EXPERIMENT_ONLY,2024
2024-06-15,23:00,14,13.532322817867168,0.4676771821328316,ridge_challenger,EXPERIMENT_ONLY,2024
2024-06-16,23:00,15,14.579702908123313,0.4202970918766873,ridge_challenger,EXPERIMENT_ONLY,2024
2024-06-17,23:00,13,14.225319324455407,1.2253193244554073,ridge_challenger,EXPERIMENT_ONLY,2024
2024-06-18,23:00,13,14.41261177102675,1.41261177102675,ridge_challenger,EXPERIMENT_ONLY,2024
2024-06-19,23:00,12,11.831110601014972,0.1688893989850282,ridge_challenger,EXPERIMENT_ONLY,2024
2024-06-20,23:00,13,13.71874351940841,0.7187435194084095,ridge_challenger,EXPERIMENT_ONLY,2024
2024-06-21,23:00,14,11.00577195502154,2.9942280449784597,ridge_challenger,EXPERIMENT_ONLY,2024
2024-06-22,23:00,14,13.176192216086909,0.8238077839130913,ridge_challenger,EXPERIMENT_ONLY,2024
2024-06-23,23:00,13,14.419204005964882,1.4192040059648825,ridge_challenger,EXPERIMENT_ONLY,2024
2024-06-24,23:00,13,13.193508215561325,0.1935082155613248,ridge_challenger,EXPERIMENT_ONLY,2024
2024-06-25,23:00,13,13.224223474671039,0.22422347467103876,ridge_challenger,EXPERIMENT_ONLY,2024
2024-06-26,23:00,14,12.64678374503753,1.3532162549624704,ridge_challenger,EXPERIMENT_ONLY,2024
2024-06-27,23:00,13,13.361421294228887,0.3614212942288866,ridge_challenger,EXPERIMENT_ONLY,2024
2024-06-28,23:00,13,13.061112564949529,0.06111256494952855,ridge_challenger,EXPERIMENT_ONLY,2024
2024-06-29,23:00,14,14.63047676750047,0.6304767675004701,ridge_challenger,EXPERIMENT_ONLY,2024
2024-06-30,23:00,13,14.210189839065457,1.2101898390654569,ridge_challenger,EXPERIMENT_ONLY,2024
2024-07-01,23:00,14,13.794072722049208,0.20592727795079213,ridge_challenger,EXPERIMENT_ONLY,2024
2024-07-02,23:00,13,12.36538002839188,0.6346199716081191,ridge_challenger,EXPERIMENT_ONLY,2024
2024-07-03,23:00,11,13.47459448928775,2.4745944892877496,ridge_challenger,EXPERIMENT_ONLY,2024
2024-07-04,23:00,11,11.310208474735196,0.3102084747351963,ridge_challenger,EXPERIMENT_ONLY,2024
2024-07-05,23:00,12,11.689591666115632,0.31040833388436795,ridge_challenger,EXPERIMENT_ONLY,2024
2024-07-06,23:00,12,11.381764535709546,0.6182354642904535,ridge_challenger,EXPERIMENT_ONLY,2024
2024-07-07,23:00,13,12.420061245279058,0.579938754720942,ridge_challenger,EXPERIMENT_ONLY,2024
2024-07-08,23:00,13,12.212499406890693,0.7875005931093071,ridge_challenger,EXPERIMENT_ONLY,2024
2024-07-09,23:00,14,11.554206551488459,2.445793448511541,ridge_challenger,EXPERIMENT_ONLY,2024
2024-07-10,23:00,13,13.0897684319309,0.08976843193089934,ridge_challenger,EXPERIMENT_ONLY,2024
2024-07-11,23:00,13,13.285562705296142,0.285562705296142,ridge_challenger,EXPERIMENT_ONLY,2024
2024-07-12,23:00,10,11.375444772303792,1.3754447723037924,ridge_challenger,EXPERIMENT_ONLY,2024
2024-07-13,23:00,12,11.500102586003235,0.4998974139967647,ridge_challenger,EXPERIMENT_ONLY,2024
2024-07-14,23:00,13,13.295623705498343,0.29562370549834327,ridge_challenger,EXPERIMENT_ONLY,2024
2024-07-15,23:00,13,13.915130795128078,0.9151307951280785,ridge_challenger,EXPERIMENT_ONLY,2024
2024-07-16,23:00,14,12.983995636808144,1.0160043631918558,ridge_challenger,EXPERIMENT_ONLY,2024
2024-07-17,23:00,13,15.146377452064188,2.146377452064188,ridge_challenger,EXPERIMENT_ONLY,2024
2024-07-18,23:00,13,13.894252306922104,0.8942523069221036,ridge_challenger,EXPERIMENT_ONLY,2024
2024-07-19,23:00,13,12.85584194599749,0.14415805400251003,ridge_challenger,EXPERIMENT_ONLY,2024
2024-07-20,23:00,13,14.11715185811766,1.1171518581176603,ridge_challenger,EXPERIMENT_ONLY,2024
2024-07-21,23:00,14,14.017825567505536,0.0178255675055361,ridge_challenger,EXPERIMENT_ONLY,2024
2024-07-22,23:00,12,12.223995274353134,0.22399527435313438,ridge_challenger,EXPERIMENT_ONLY,2024
2024-07-23,23:00,12,13.445674652849158,1.4456746528491582,ridge_challenger,EXPERIMENT_ONLY,2024
2024-07-24,23:00,13,13.06126580112946,0.06126580112946023,ridge_challenger,EXPERIMENT_ONLY,2024
2024-07-25,23:00,15,14.499695279221429,0.5003047207785709,ridge_challenger,EXPERIMENT_ONLY,2024
2024-07-26,23:00,14,15.053327297542635,1.0533272975426353,ridge_challenger,EXPERIMENT_ONLY,2024
2024-07-27,23:00,16,15.672738805514369,0.3272611944856312,ridge_challenger,EXPERIMENT_ONLY,2024
2024-07-28,23:00,14,16.24316895874699,2.2431689587469883,ridge_challenger,EXPERIMENT_ONLY,2024
2024-07-29,23:00,15,14.332257295378076,0.667742704621924,ridge_challenger,EXPERIMENT_ONLY,2024
2024-07-30,23:00,14,14.826159888050906,0.8261598880509062,ridge_challenger,EXPERIMENT_ONLY,2024
2024-07-31,23:00,10,12.442443442545846,2.442443442545846,ridge_challenger,EXPERIMENT_ONLY,2024
2024-08-01,23:00,9,10.534019680714117,1.5340196807141169,ridge_challenger,EXPERIMENT_ONLY,2024
2024-08-02,23:00,10,10.841459711638489,0.841459711638489,ridge_challenger,EXPERIMENT_ONLY,2024
2024-08-03,23:00,11,8.64462323873929,2.3553767612607093,ridge_challenger,EXPERIMENT_ONLY,2024
2024-08-04,23:00,12,11.23761914250243,0.7623808574975701,ridge_challenger,EXPERIMENT_ONLY,2024
2024-08-05,23:00,12,13.858605677368738,1.8586056773687378,ridge_challenger,EXPERIMENT_ONLY,2024
2024-08-06,23:00,14,12.672506786476227,1.3274932135237734,ridge_challenger,EXPERIMENT_ONLY,2024
2024-08-07,23:00,14,14.431882169320271,0.43188216932027146,ridge_challenger,EXPERIMENT_ONLY,2024
2024-08-08,23:00,12,14.04164438910273,2.0416443891027303,ridge_challenger,EXPERIMENT_ONLY,2024
2024-08-09,23:00,11,12.178937675234469,1.1789376752344687,ridge_challenger,EXPERIMENT_ONLY,2024
2024-08-10,23:00,13,13.531132092641489,0.5311320926414886,ridge_challenger,EXPERIMENT_ONLY,2024
2024-08-11,23:00,14,14.396948413335206,0.39694841333520614,ridge_challenger,EXPERIMENT_ONLY,2024
2024-08-12,23:00,17,15.429775401083022,1.5702245989169779,ridge_challenger,EXPERIMENT_ONLY,2024
2024-08-13,23:00,11,14.741216632641791,3.741216632641791,ridge_challenger,EXPERIMENT_ONLY,2024
2024-08-14,23:00,12,12.948673756056499,0.9486737560564986,ridge_challenger,EXPERIMENT_ONLY,2024
2024-08-15,23:00,15,14.21267578451136,0.7873242154886402,ridge_challenger,EXPERIMENT_ONLY,2024
2024-08-16,23:00,16,16.515303323814972,0.5153033238149725,ridge_challenger,EXPERIMENT_ONLY,2024
2024-08-17,23:00,15,17.56106968636167,2.5610696863616695,ridge_challenger,EXPERIMENT_ONLY,2024
2024-08-18,23:00,15,15.194511221018256,0.19451122101825646,ridge_challenger,EXPERIMENT_ONLY,2024
2024-08-19,23:00,13,12.405721061342332,0.5942789386576681,ridge_challenger,EXPERIMENT_ONLY,2024
2024-08-20,23:00,11,12.496656503611089,1.4966565036110886,ridge_challenger,EXPERIMENT_ONLY,2024
2024-08-21,23:00,13,12.801544108819405,0.19845589118059515,ridge_challenger,EXPERIMENT_ONLY,2024
2024-08-22,23:00,14,13.082083618300972,0.9179163816990279,ridge_challenger,EXPERIMENT_ONLY,2024
2024-08-23,23:00,14,16.017196128323228,2.017196128323228,ridge_challenger,EXPERIMENT_ONLY,2024
2024-08-24,23:00,16,15.45486652206828,0.5451334779317207,ridge_challenger,EXPERIMENT_ONLY,2024
2024-08-25,23:00,15,17.374293943770837,2.3742939437708372,ridge_challenger,EXPERIMENT_ONLY,2024
2024-08-26,23:00,15,14.115277487327436,0.884722512672564,ridge_challenger,EXPERIMENT_ONLY,2024
2024-08-27,23:00,15,14.96190505359711,0.03809494640288946,ridge_challenger,EXPERIMENT_ONLY,2024
2024-08-28,23:00,16,15.004665548304065,0.9953344516959355,ridge_challenger,EXPERIMENT_ONLY,2024
2024-08-29,23:00,16,16.770930633999985,0.7709306339999848,ridge_challenger,EXPERIMENT_ONLY,2024
2024-08-30,23:00,16,17.410558957933784,1.4105589579337838,ridge_challenger,EXPERIMENT_ONLY,2024
2024-08-31,23:00,17,15.810777094780894,1.189222905219106,ridge_challenger,EXPERIMENT_ONLY,2024
2024-09-01,23:00,17,17.652575806331875,0.6525758063318747,ridge_challenger,EXPERIMENT_ONLY,2024
2024-09-02,23:00,16,17.714461264914096,1.714461264914096,ridge_challenger,EXPERIMENT_ONLY,2024
2024-09-03,23:00,15,15.453073768283373,0.45307376828337276,ridge_challenger,EXPERIMENT_ONLY,2024
2024-09-04,23:00,12,13.044630274044277,1.0446302740442768,ridge_challenger,EXPERIMENT_ONLY,2024
2024-09-05,23:00,14,14.440530978367944,0.44053097836794386,ridge_challenger,EXPERIMENT_ONLY,2024
2024-09-06,23:00,16,14.916284587551024,1.083715412448976,ridge_challenger,EXPERIMENT_ONLY,2024
2024-09-07,23:00,16,17.48668788936953,1.4866878893695308,ridge_challenger,EXPERIMENT_ONLY,2024
2024-09-08,23:00,17,16.23007362905043,0.7699263709495696,ridge_challenger,EXPERIMENT_ONLY,2024
2024-09-09,23:00,16,17.752671155000755,1.7526711550007548,ridge_challenger,EXPERIMENT_ONLY,2024
2024-09-10,23:00,16,17.144128885985662,1.144128885985662,ridge_challenger,EXPERIMENT_ONLY,2024
2024-09-11,23:00,13,14.357212918605384,1.3572129186053843,ridge_challenger,EXPERIMENT_ONLY,2024
2024-09-12,23:00,14,14.073735715490358,0.07373571549035773,ridge_challenger,EXPERIMENT_ONLY,2024
2024-09-13,23:00,14,15.223705839128389,1.2237058391283888,ridge_challenger,EXPERIMENT_ONLY,2024
2024-09-14,23:00,13,12.791747444044558,0.20825255595544157,ridge_challenger,EXPERIMENT_ONLY,2024
2024-09-15,23:00,14,12.53534984728633,1.46465015271367,ridge_challenger,EXPERIMENT_ONLY,2024
2024-09-16,23:00,13,13.692115093261265,0.6921150932612647,ridge_challenger,EXPERIMENT_ONLY,2024
2024-09-17,23:00,10,12.755469480629694,2.755469480629694,ridge_challenger,EXPERIMENT_ONLY,2024
2024-09-18,23:00,13,10.621336176406608,2.378663823593392,ridge_challenger,EXPERIMENT_ONLY,2024
2024-09-19,23:00,16,15.707753513222919,0.2922464867770813,ridge_challenger,EXPERIMENT_ONLY,2024
2024-09-20,23:00,15,16.83060996308619,1.8306099630861894,ridge_challenger,EXPERIMENT_ONLY,2024
2024-09-21,23:00,16,15.1064151052594,0.8935848947406004,ridge_challenger,EXPERIMENT_ONLY,2024
2024-09-22,23:00,16,16.728589584633696,0.7285895846336956,ridge_challenger,EXPERIMENT_ONLY,2024
2024-09-23,23:00,16,16.88327410045722,0.8832741004572213,ridge_challenger,EXPERIMENT_ONLY,2024
2024-09-24,23:00,19,17.144897355544224,1.8551026444557763,ridge_challenger,EXPERIMENT_ONLY,2024
2024-09-25,23:00,14,15.49878041918089,1.4987804191808891,ridge_challenger,EXPERIMENT_ONLY,2024
2024-09-26,23:00,15,15.837637595041198,0.8376375950411976,ridge_challenger,EXPERIMENT_ONLY,2024
2024-09-27,23:00,15,12.598219692510627,2.401780307489373,ridge_challenger,EXPERIMENT_ONLY,2024
2024-09-28,23:00,15,16.87814586356837,1.8781458635683705,ridge_challenger,EXPERIMENT_ONLY,2024
2024-09-29,23:00,16,16.097749980091056,0.09774998009105573,ridge_challenger,EXPERIMENT_ONLY,2024
2024-09-30,23:00,18,15.801253523793742,2.1987464762062583,ridge_challenger,EXPERIMENT_ONLY,2024
2024-10-01,23:00,17,18.045940788454253,1.0459407884542529,ridge_challenger,EXPERIMENT_ONLY,2024
2024-10-02,23:00,18,17.424460038339856,0.5755399616601444,ridge_challenger,EXPERIMENT_ONLY,2024
2024-10-03,23:00,16,17.44969363895824,1.4496936389582409,ridge_challenger,EXPERIMENT_ONLY,2024
2024-10-04,23:00,16,17.015069204137667,1.0150692041376672,ridge_challenger,EXPERIMENT_ONLY,2024
2024-10-05,23:00,18,17.428844369804814,0.5711556301951859,ridge_challenger,EXPERIMENT_ONLY,2024
2024-10-06,23:00,16,17.41476599524093,1.4147659952409306,ridge_challenger,EXPERIMENT_ONLY,2024
2024-10-07,23:00,17,17.08869382780631,0.08869382780630986,ridge_challenger,EXPERIMENT_ONLY,2024
2024-10-08,23:00,16,17.357599327864786,1.3575993278647864,ridge_challenger,EXPERIMENT_ONLY,2024
2024-10-09,23:00,16,16.66042738205784,0.6604273820578399,ridge_challenger,EXPERIMENT_ONLY,2024
2024-10-10,23:00,13,13.494529437123651,0.49452943712365105,ridge_challenger,EXPERIMENT_ONLY,2024
2024-10-11,23:00,16,14.775055814271978,1.224944185728022,ridge_challenger,EXPERIMENT_ONLY,2024
2024-10-12,23:00,17,16.977018955405722,0.022981044594278188,ridge_challenger,EXPERIMENT_ONLY,2024
2024-10-13,23:00,13,14.264657878881248,1.2646578788812484,ridge_challenger,EXPERIMENT_ONLY,2024
2024-10-14,23:00,10,12.68335539401567,2.6833553940156705,ridge_challenger,EXPERIMENT_ONLY,2024
2024-10-15,23:00,14,13.655706734120965,0.34429326587903475,ridge_challenger,EXPERIMENT_ONLY,2024
2024-10-16,23:00,13,13.297437339489148,0.2974373394891483,ridge_challenger,EXPERIMENT_ONLY,2024
2024-10-17,23:00,15,14.405498677685664,0.5945013223143363,ridge_challenger,EXPERIMENT_ONLY,2024
2024-10-18,23:00,16,16.523401736638398,0.5234017366383981,ridge_challenger,EXPERIMENT_ONLY,2024
2024-10-19,23:00,19,17.699066527781937,1.3009334722180625,ridge_challenger,EXPERIMENT_ONLY,2024
2024-10-20,23:00,19,18.647604383927302,0.3523956160726982,ridge_challenger,EXPERIMENT_ONLY,2024
2024-10-21,23:00,18,19.093212771531263,1.0932127715312632,ridge_challenger,EXPERIMENT_ONLY,2024
2024-10-22,23:00,20,18.868877170878374,1.131122829121626,ridge_challenger,EXPERIMENT_ONLY,2024
2024-10-23,23:00,16,17.802265390746527,1.802265390746527,ridge_challenger,EXPERIMENT_ONLY,2024
2024-10-24,23:00,18,17.643175985185653,0.35682401481434667,ridge_challenger,EXPERIMENT_ONLY,2024
2024-10-25,23:00,17,18.44647983627982,1.4464798362798206,ridge_challenger,EXPERIMENT_ONLY,2024
2024-10-26,23:00,20,18.925841692146392,1.074158307853608,ridge_challenger,EXPERIMENT_ONLY,2024
2024-10-27,23:00,17,18.33810677681643,1.3381067768164314,ridge_challenger,EXPERIMENT_ONLY,2024
2024-10-28,23:00,15,17.027205823836624,2.027205823836624,ridge_challenger,EXPERIMENT_ONLY,2024
2024-10-29,23:00,17,16.62477661474624,0.3752233852537614,ridge_challenger,EXPERIMENT_ONLY,2024
2024-10-30,23:00,15,13.425873885082199,1.5741261149178012,ridge_challenger,EXPERIMENT_ONLY,2024
2024-10-31,23:00,17,17.186169162273966,0.1861691622739663,ridge_challenger,EXPERIMENT_ONLY,2024
2024-11-01,23:00,18,17.988030484382836,0.01196951561716375,ridge_challenger,EXPERIMENT_ONLY,2024
2024-11-02,23:00,18,19.179272979548053,1.1792729795480525,ridge_challenger,EXPERIMENT_ONLY,2024
2024-11-03,23:00,13,14.278986840249337,1.2789868402493365,ridge_challenger,EXPERIMENT_ONLY,2024
2024-11-04,23:00,16,15.065661519495842,0.9343384805041577,ridge_challenger,EXPERIMENT_ONLY,2024
2024-11-05,23:00,17,17.437244511420516,0.43724451142051635,ridge_challenger,EXPERIMENT_ONLY,2024
2024-11-06,23:00,16,16.582440192362753,0.5824401923627534,ridge_challenger,EXPERIMENT_ONLY,2024
2024-11-07,23:00,18,18.824132222431984,0.8241322224319845,ridge_challenger,EXPERIMENT_ONLY,2024
2024-11-08,23:00,19,19.29835620996508,0.2983562099650783,ridge_challenger,EXPERIMENT_ONLY,2024
2024-11-09,23:00,19,20.13045715635852,1.1304571563585206,ridge_challenger,EXPERIMENT_ONLY,2024
2024-11-10,23:00,19,16.867119413099683,2.132880586900317,ridge_challenger,EXPERIMENT_ONLY,2024
2024-11-11,23:00,19,19.47685961168219,0.4768596116821904,ridge_challenger,EXPERIMENT_ONLY,2024
2024-11-12,23:00,18,17.90919065593571,0.09080934406429009,ridge_challenger,EXPERIMENT_ONLY,2024
2024-11-13,23:00,20,19.290069028748054,0.7099309712519464,ridge_challenger,EXPERIMENT_ONLY,2024
2024-11-14,23:00,21,20.770440012915717,0.22955998708428282,ridge_challenger,EXPERIMENT_ONLY,2024
2024-11-15,23:00,18,19.500985887613314,1.5009858876133144,ridge_challenger,EXPERIMENT_ONLY,2024
2024-11-16,23:00,14,13.815392130684177,0.18460786931582263,ridge_challenger,EXPERIMENT_ONLY,2024
2024-11-17,23:00,15,14.842080766294163,0.1579192337058366,ridge_challenger,EXPERIMENT_ONLY,2024
2024-11-18,23:00,20,17.062271652921524,2.937728347078476,ridge_challenger,EXPERIMENT_ONLY,2024
2024-11-19,23:00,19,20.329072263498915,1.3290722634989152,ridge_challenger,EXPERIMENT_ONLY,2024
2024-11-20,23:00,19,17.94582755607148,1.0541724439285183,ridge_challenger,EXPERIMENT_ONLY,2024
2024-11-21,23:00,17,19.256242020375158,2.256242020375158,ridge_challenger,EXPERIMENT_ONLY,2024
2024-11-22,23:00,17,16.560175895649337,0.439824104350663,ridge_challenger,EXPERIMENT_ONLY,2024
2024-11-23,23:00,16,17.36545173550922,1.3654517355092217,ridge_challenger,EXPERIMENT_ONLY,2024
2024-11-24,23:00,18,16.34724259796202,1.652757402037981,ridge_challenger,EXPERIMENT_ONLY,2024
2024-11-25,23:00,20,19.9350314915213,0.0649685084786995,ridge_challenger,EXPERIMENT_ONLY,2024
2024-11-26,23:00,21,20.507450257663162,0.4925497423368377,ridge_challenger,EXPERIMENT_ONLY,2024
2024-11-27,23:00,21,20.845002221848635,0.1549977781513654,ridge_challenger,EXPERIMENT_ONLY,2024
2024-11-28,23:00,19,20.26403209251139,1.264032092511389,ridge_challenger,EXPERIMENT_ONLY,2024
2024-11-29,23:00,17,18.09090626698207,1.0909062669820706,ridge_challenger,EXPERIMENT_ONLY,2024
2024-11-30,23:00,17,17.56029061846367,0.5602906184636716,ridge_challenger,EXPERIMENT_ONLY,2024
2024-12-01,23:00,22,19.44566453968079,2.5543354603192086,ridge_challenger,EXPERIMENT_ONLY,2024
2024-12-02,23:00,22,21.220292737124726,0.7797072628752737,ridge_challenger,EXPERIMENT_ONLY,2024
2024-12-03,23:00,21,21.89254289659303,0.8925428965930315,ridge_challenger,EXPERIMENT_ONLY,2024
2024-12-04,23:00,21,21.579021894754074,0.5790218947540744,ridge_challenger,EXPERIMENT_ONLY,2024
2024-12-05,23:00,22,21.964477861516755,0.0355221384832447,ridge_challenger,EXPERIMENT_ONLY,2024
2024-12-06,23:00,19,21.419667374651677,2.4196673746516772,ridge_challenger,EXPERIMENT_ONLY,2024
2024-12-07,23:00,21,21.14260334743683,0.1426033474368289,ridge_challenger,EXPERIMENT_ONLY,2024
2024-12-08,23:00,20,20.049961257698673,0.04996125769867277,ridge_challenger,EXPERIMENT_ONLY,2024
2024-12-09,23:00,22,20.67143455642935,1.3285654435706498,ridge_challenger,EXPERIMENT_ONLY,2024
2024-12-10,23:00,21,22.25428579613077,1.2542857961307696,ridge_challenger,EXPERIMENT_ONLY,2024
2024-12-11,23:00,21,20.63862553328155,0.3613744667184484,ridge_challenger,EXPERIMENT_ONLY,2024
2024-12-12,23:00,20,21.90399903558013,1.9039990355801315,ridge_challenger,EXPERIMENT_ONLY,2024
2024-12-13,23:00,24,22.156945552054665,1.8430544479453346,ridge_challenger,EXPERIMENT_ONLY,2024
2024-12-14,23:00,22,22.920281208222008,0.9202812082220078,ridge_challenger,EXPERIMENT_ONLY,2024
2024-12-15,23:00,23,23.02208997554625,0.02208997554625114,ridge_challenger,EXPERIMENT_ONLY,2024
2024-12-16,23:00,20,23.211251115661778,3.211251115661778,ridge_challenger,EXPERIMENT_ONLY,2024
2024-12-17,23:00,15,15.90606306568359,0.9060630656835897,ridge_challenger,EXPERIMENT_ONLY,2024
2024-12-18,23:00,17,17.17847395373894,0.1784739537389406,ridge_challenger,EXPERIMENT_ONLY,2024
2024-12-19,23:00,14,16.499366513043228,2.4993665130432277,ridge_challenger,EXPERIMENT_ONLY,2024
2024-12-20,23:00,16,15.391880204332349,0.6081197956676512,ridge_challenger,EXPERIMENT_ONLY,2024
2024-12-21,23:00,23,19.109140673486326,3.8908593265136737,ridge_challenger,EXPERIMENT_ONLY,2024
2024-12-22,23:00,21,20.815374149680803,0.18462585031919687,ridge_challenger,EXPERIMENT_ONLY,2024
2024-12-23,23:00,22,21.512156084526957,0.48784391547304295,ridge_challenger,EXPERIMENT_ONLY,2024
2024-12-24,23:00,22,22.40916570824964,0.40916570824963827,ridge_challenger,EXPERIMENT_ONLY,2024
2024-12-25,23:00,23,21.742415806016048,1.257584193983952,ridge_challenger,EXPERIMENT_ONLY,2024
2024-12-26,23:00,18,20.178846099732517,2.1788460997325174,ridge_challenger,EXPERIMENT_ONLY,2024
2024-12-27,23:00,16,16.372390294772448,0.37239029477244756,ridge_challenger,EXPERIMENT_ONLY,2024
2024-12-28,23:00,18,17.279376702158736,0.7206232978412643,ridge_challenger,EXPERIMENT_ONLY,2024
2024-12-29,23:00,22,19.91487024590786,2.08512975409214,ridge_challenger,EXPERIMENT_ONLY,2024
2024-12-30,23:00,21,22.22464098590058,1.2246409859005816,ridge_challenger,EXPERIMENT_ONLY,2024
2024-12-31,23:00,16,16.629442660953952,0.6294426609539521,ridge_challenger,EXPERIMENT_ONLY,2024
2025-01-01,20:00,15,15.125735028174862,0.12573502817486215,ridge_challenger,EXPERIMENT_ONLY,2025
2025-01-02,20:00,19,15.110811487987327,3.889188512012673,ridge_challenger,EXPERIMENT_ONLY,2025
2025-01-03,20:00,21,18.54093594065681,2.4590640593431914,ridge_challenger,EXPERIMENT_ONLY,2025
2025-01-04,20:00,17,17.45495688687627,0.4549568868762712,ridge_challenger,EXPERIMENT_ONLY,2025
2025-01-05,20:00,14,16.574802590815917,2.574802590815917,ridge_challenger,EXPERIMENT_ONLY,2025
2025-01-06,20:00,15,15.614136372001251,0.6141363720012514,ridge_challenger,EXPERIMENT_ONLY,2025
2025-01-07,20:00,21,15.091892729136184,5.908107270863816,ridge_challenger,EXPERIMENT_ONLY,2025
2025-01-08,20:00,17,17.916696189820648,0.916696189820648,ridge_challenger,EXPERIMENT_ONLY,2025
2025-01-09,20:00,18,16.91678106629684,1.0832189337031615,ridge_challenger,EXPERIMENT_ONLY,2025
2025-01-10,20:00,17,16.818658443455163,0.18134155654483664,ridge_challenger,EXPERIMENT_ONLY,2025
2025-01-11,20:00,18,17.24816930321426,0.7518306967857384,ridge_challenger,EXPERIMENT_ONLY,2025
2025-01-12,20:00,16,15.564881670630175,0.43511832936982486,ridge_challenger,EXPERIMENT_ONLY,2025
2025-01-13,20:00,17,16.3497823228052,0.6502176771947994,ridge_challenger,EXPERIMENT_ONLY,2025
2025-01-14,20:00,17,16.8658965394928,0.13410346050719824,ridge_challenger,EXPERIMENT_ONLY,2025
2025-01-15,20:00,17,15.517525972412106,1.4824740275878945,ridge_challenger,EXPERIMENT_ONLY,2025
2025-01-16,20:00,17,17.26979074190128,0.2697907419012786,ridge_challenger,EXPERIMENT_ONLY,2025
2025-01-17,20:00,20,17.664819373694847,2.335180626305153,ridge_challenger,EXPERIMENT_ONLY,2025
2025-01-18,20:00,19,18.858207199424605,0.141792800575395,ridge_challenger,EXPERIMENT_ONLY,2025
2025-01-19,20:00,19,19.280233195962115,0.28023319596211493,ridge_challenger,EXPERIMENT_ONLY,2025
2025-01-20,20:00,18,16.937432529180516,1.0625674708194843,ridge_challenger,EXPERIMENT_ONLY,2025
2025-01-21,20:00,21,18.079474135814465,2.920525864185535,ridge_challenger,EXPERIMENT_ONLY,2025
2025-01-22,20:00,23,20.74406751258229,2.2559324874177094,ridge_challenger,EXPERIMENT_ONLY,2025
2025-01-23,20:00,24,22.05922192470337,1.940778075296631,ridge_challenger,EXPERIMENT_ONLY,2025
2025-01-24,20:00,19,21.20947468753356,2.209474687533561,ridge_challenger,EXPERIMENT_ONLY,2025
2025-01-25,20:00,26,20.48761916892511,5.512380831074889,ridge_challenger,EXPERIMENT_ONLY,2025
2025-01-26,20:00,25,23.548985803073307,1.4510141969266925,ridge_challenger,EXPERIMENT_ONLY,2025
2025-01-27,20:00,17,20.194770846485632,3.194770846485632,ridge_challenger,EXPERIMENT_ONLY,2025
2025-01-28,20:00,21,17.03266064005679,3.9673393599432103,ridge_challenger,EXPERIMENT_ONLY,2025
2025-01-29,20:00,20,20.60553250884212,0.6055325088421206,ridge_challenger,EXPERIMENT_ONLY,2025
2025-01-30,20:00,19,17.9551673379811,1.0448326620189015,ridge_challenger,EXPERIMENT_ONLY,2025
2025-01-31,20:00,22,20.520673930110807,1.4793260698891935,ridge_challenger,EXPERIMENT_ONLY,2025
2025-02-01,20:00,22,21.949517186729565,0.05048281327043469,ridge_challenger,EXPERIMENT_ONLY,2025
2025-02-02,20:00,19,19.137448834856997,0.13744883485699688,ridge_challenger,EXPERIMENT_ONLY,2025
2025-02-03,20:00,23,19.35633846685512,3.643661533144879,ridge_challenger,EXPERIMENT_ONLY,2025
2025-02-04,20:00,20,22.000779441665095,2.0007794416650952,ridge_challenger,EXPERIMENT_ONLY,2025
2025-02-05,20:00,19,19.070677523563422,0.07067752356342183,ridge_challenger,EXPERIMENT_ONLY,2025
2025-02-06,20:00,21,19.647934758825656,1.3520652411743441,ridge_challenger,EXPERIMENT_ONLY,2025
2025-02-07,20:00,19,19.605710499102166,0.605710499102166,ridge_challenger,EXPERIMENT_ONLY,2025
2025-02-08,20:00,25,19.24794757385834,5.75205242614166,ridge_challenger,EXPERIMENT_ONLY,2025
2025-02-09,20:00,24,23.619518334672406,0.38048166532759353,ridge_challenger,EXPERIMENT_ONLY,2025
2025-02-10,20:00,19,21.44443479846659,2.4444347984665917,ridge_challenger,EXPERIMENT_ONLY,2025
2025-02-11,20:00,19,17.371056209783642,1.6289437902163577,ridge_challenger,EXPERIMENT_ONLY,2025
2025-02-12,20:00,20,18.556023264787967,1.4439767352120327,ridge_challenger,EXPERIMENT_ONLY,2025
2025-02-13,20:00,20,17.860588757721363,2.139411242278637,ridge_challenger,EXPERIMENT_ONLY,2025
2025-02-14,20:00,22,20.130815807581598,1.8691841924184018,ridge_challenger,EXPERIMENT_ONLY,2025
2025-02-15,20:00,25,21.157231131564277,3.842768868435723,ridge_challenger,EXPERIMENT_ONLY,2025
2025-02-16,20:00,24,23.762022936676427,0.23797706332357293,ridge_challenger,EXPERIMENT_ONLY,2025
2025-02-17,20:00,24,22.464289364737834,1.5357106352621663,ridge_challenger,EXPERIMENT_ONLY,2025
2025-02-18,20:00,23,22.302509794753593,0.6974902052464067,ridge_challenger,EXPERIMENT_ONLY,2025
2025-02-19,20:00,23,21.62397106454228,1.3760289354577218,ridge_challenger,EXPERIMENT_ONLY,2025
2025-02-20,20:00,24,23.08849306010633,0.9115069398936697,ridge_challenger,EXPERIMENT_ONLY,2025
2025-02-21,20:00,22,23.19051197598233,1.1905119759823286,ridge_challenger,EXPERIMENT_ONLY,2025
2025-02-22,20:00,24,20.513815876999338,3.486184123000662,ridge_challenger,EXPERIMENT_ONLY,2025
2025-02-23,20:00,21,22.293260890968213,1.293260890968213,ridge_challenger,EXPERIMENT_ONLY,2025
2025-02-24,20:00,23,20.65377075023141,2.346229249768591,ridge_challenger,EXPERIMENT_ONLY,2025
2025-02-25,20:00,23,22.40150252487597,0.5984974751240308,ridge_challenger,EXPERIMENT_ONLY,2025
2025-02-26,20:00,19,21.417182649731256,2.417182649731256,ridge_challenger,EXPERIMENT_ONLY,2025
2025-02-27,20:00,21,19.77096940132946,1.2290305986705405,ridge_challenger,EXPERIMENT_ONLY,2025
2025-02-28,20:00,21,20.729555680485614,0.27044431951438597,ridge_challenger,EXPERIMENT_ONLY,2025
2025-03-01,20:00,24,21.83749745349964,2.1625025465003596,ridge_challenger,EXPERIMENT_ONLY,2025
2025-03-02,20:00,26,22.892117526131663,3.1078824738683366,ridge_challenger,EXPERIMENT_ONLY,2025
2025-03-03,20:00,25,24.452098470392695,0.5479015296073051,ridge_challenger,EXPERIMENT_ONLY,2025
2025-03-04,20:00,21,22.134240569243357,1.1342405692433566,ridge_challenger,EXPERIMENT_ONLY,2025
2025-03-05,20:00,16,17.411714009502234,1.4117140095022336,ridge_challenger,EXPERIMENT_ONLY,2025
2025-03-06,20:00,17,16.152486694786163,0.8475133052138375,ridge_challenger,EXPERIMENT_ONLY,2025
2025-03-07,20:00,20,16.72573975605909,3.2742602439409083,ridge_challenger,EXPERIMENT_ONLY,2025
2025-03-08,20:00,17,19.746761149565792,2.746761149565792,ridge_challenger,EXPERIMENT_ONLY,2025
2025-03-09,20:00,19,17.81646058553362,1.183539414466381,ridge_challenger,EXPERIMENT_ONLY,2025
2025-03-10,20:00,22,17.7925314340764,4.207468565923602,ridge_challenger,EXPERIMENT_ONLY,2025
2025-03-11,20:00,22,21.29142214980346,0.7085778501965407,ridge_challenger,EXPERIMENT_ONLY,2025
2025-03-12,20:00,18,21.581193151927906,3.5811931519279057,ridge_challenger,EXPERIMENT_ONLY,2025
2025-03-13,20:00,17,15.64055670603474,1.3594432939652599,ridge_challenger,EXPERIMENT_ONLY,2025
2025-03-14,20:00,21,17.622954094267193,3.377045905732807,ridge_challenger,EXPERIMENT_ONLY,2025
2025-03-15,20:00,22,21.603497767630873,0.3965022323691265,ridge_challenger,EXPERIMENT_ONLY,2025
2025-03-16,20:00,23,22.397072412144087,0.6029275878559126,ridge_challenger,EXPERIMENT_ONLY,2025
2025-03-17,20:00,22,22.852185185601577,0.8521851856015772,ridge_challenger,EXPERIMENT_ONLY,2025
2025-03-18,20:00,22,22.654603985946668,0.6546039859466681,ridge_challenger,EXPERIMENT_ONLY,2025
2025-03-19,20:00,16,17.523934023781358,1.523934023781358,ridge_challenger,EXPERIMENT_ONLY,2025
2025-03-20,20:00,16,15.532331910419217,0.46766808958078343,ridge_challenger,EXPERIMENT_ONLY,2025
2025-03-21,20:00,18,16.837459600125875,1.1625403998741248,ridge_challenger,EXPERIMENT_ONLY,2025
2025-03-22,20:00,21,19.317528636814224,1.6824713631857762,ridge_challenger,EXPERIMENT_ONLY,2025
2025-03-23,20:00,22,21.052402822825186,0.9475971771748135,ridge_challenger,EXPERIMENT_ONLY,2025
2025-03-24,20:00,19,18.84634496809239,0.15365503190761132,ridge_challenger,EXPERIMENT_ONLY,2025
2025-03-25,20:00,20,18.60683499701102,1.3931650029889795,ridge_challenger,EXPERIMENT_ONLY,2025
2025-03-26,20:00,18,20.6994144942001,2.6994144942000986,ridge_challenger,EXPERIMENT_ONLY,2025
2025-03-27,20:00,22,19.793686718577526,2.2063132814224744,ridge_challenger,EXPERIMENT_ONLY,2025
2025-03-28,20:00,18,18.330772433369514,0.3307724333695141,ridge_challenger,EXPERIMENT_ONLY,2025
2025-03-29,20:00,19,17.79673047082959,1.2032695291704094,ridge_challenger,EXPERIMENT_ONLY,2025
2025-03-30,20:00,21,19.61857096095159,1.3814290390484096,ridge_challenger,EXPERIMENT_ONLY,2025
2025-03-31,20:00,18,18.335717647261912,0.33571764726191233,ridge_challenger,EXPERIMENT_ONLY,2025
2025-04-01,20:00,19,20.102641867208277,1.102641867208277,ridge_challenger,EXPERIMENT_ONLY,2025
2025-04-02,20:00,19,20.612155604158943,1.6121556041589429,ridge_challenger,EXPERIMENT_ONLY,2025
2025-04-03,20:00,21,19.27767032922164,1.722329670778361,ridge_challenger,EXPERIMENT_ONLY,2025
2025-04-04,20:00,20,20.330302673147433,0.33030267314743256,ridge_challenger,EXPERIMENT_ONLY,2025
2025-04-05,20:00,18,17.901220008358088,0.09877999164191209,ridge_challenger,EXPERIMENT_ONLY,2025
2025-04-06,20:00,20,19.321936469139715,0.6780635308602854,ridge_challenger,EXPERIMENT_ONLY,2025
2025-04-07,20:00,20,19.125062839267567,0.8749371607324328,ridge_challenger,EXPERIMENT_ONLY,2025
2025-04-08,20:00,19,18.44020361756837,0.5597963824316317,ridge_challenger,EXPERIMENT_ONLY,2025
2025-04-09,20:00,17,15.974577868780106,1.0254221312198943,ridge_challenger,EXPERIMENT_ONLY,2025
2025-04-10,20:00,20,17.756370827256564,2.243629172743436,ridge_challenger,EXPERIMENT_ONLY,2025
2025-04-11,20:00,19,20.135754061796483,1.135754061796483,ridge_challenger,EXPERIMENT_ONLY,2025
2025-04-12,20:00,20,19.275007934926816,0.7249920650731845,ridge_challenger,EXPERIMENT_ONLY,2025
2025-04-13,20:00,18,18.74915379242587,0.7491537924258687,ridge_challenger,EXPERIMENT_ONLY,2025
2025-04-14,20:00,20,19.038974160448664,0.9610258395513362,ridge_challenger,EXPERIMENT_ONLY,2025
2025-04-15,20:00,16,18.648202397283292,2.648202397283292,ridge_challenger,EXPERIMENT_ONLY,2025
2025-04-16,20:00,16,16.23593193471887,0.2359319347188702,ridge_challenger,EXPERIMENT_ONLY,2025
2025-04-17,20:00,19,18.111127575397955,0.8888724246020452,ridge_challenger,EXPERIMENT_ONLY,2025
2025-04-18,20:00,20,19.216823529244113,0.7831764707558868,ridge_challenger,EXPERIMENT_ONLY,2025
2025-04-19,20:00,25,20.59488868983779,4.405111310162209,ridge_challenger,EXPERIMENT_ONLY,2025
2025-04-20,20:00,21,22.698292292772404,1.698292292772404,ridge_challenger,EXPERIMENT_ONLY,2025
2025-04-21,20:00,18,18.21525737057247,0.21525737057246985,ridge_challenger,EXPERIMENT_ONLY,2025
2025-04-22,20:00,16,17.765634859819794,1.7656348598197944,ridge_challenger,EXPERIMENT_ONLY,2025
2025-04-23,20:00,15,15.107829774262175,0.107829774262175,ridge_challenger,EXPERIMENT_ONLY,2025
2025-04-24,20:00,15,15.852331232575581,0.8523312325755814,ridge_challenger,EXPERIMENT_ONLY,2025
2025-04-25,20:00,18,15.472713076591127,2.527286923408873,ridge_challenger,EXPERIMENT_ONLY,2025
2025-04-26,20:00,19,18.189110386393715,0.8108896136062853,ridge_challenger,EXPERIMENT_ONLY,2025
2025-04-27,20:00,20,20.14664447514253,0.14664447514252998,ridge_challenger,EXPERIMENT_ONLY,2025
2025-04-28,20:00,20,19.99176243222859,0.008237567771409715,ridge_challenger,EXPERIMENT_ONLY,2025
2025-04-29,20:00,16,18.754620415820963,2.7546204158209626,ridge_challenger,EXPERIMENT_ONLY,2025
2025-04-30,20:00,16,16.943877618663542,0.9438776186635423,ridge_challenger,EXPERIMENT_ONLY,2025
2025-05-01,20:00,14,15.144315952046519,1.1443159520465187,ridge_challenger,EXPERIMENT_ONLY,2025
2025-05-02,20:00,13,12.998377055496444,0.0016229445035556012,ridge_challenger,EXPERIMENT_ONLY,2025
2025-05-03,20:00,14,13.214376208221232,0.7856237917787681,ridge_challenger,EXPERIMENT_ONLY,2025
2025-05-04,20:00,14,13.92655812449871,0.07344187550129,ridge_challenger,EXPERIMENT_ONLY,2025
2025-05-05,20:00,15,14.399097889463384,0.6009021105366159,ridge_challenger,EXPERIMENT_ONLY,2025
2025-05-06,20:00,15,15.097953421356044,0.09795342135604379,ridge_challenger,EXPERIMENT_ONLY,2025
2025-05-07,20:00,18,16.585152345833126,1.4148476541668735,ridge_challenger,EXPERIMENT_ONLY,2025
2025-05-08,20:00,18,18.910677729202405,0.9106777292024049,ridge_challenger,EXPERIMENT_ONLY,2025
2025-05-09,20:00,18,18.53105485019172,0.5310548501917189,ridge_challenger,EXPERIMENT_ONLY,2025
2025-05-10,20:00,16,15.200851995800889,0.799148004199111,ridge_challenger,EXPERIMENT_ONLY,2025
2025-05-11,20:00,15,16.111118083731803,1.111118083731803,ridge_challenger,EXPERIMENT_ONLY,2025
2025-05-12,20:00,17,16.13255960675471,0.867440393245289,ridge_challenger,EXPERIMENT_ONLY,2025
2025-05-13,20:00,17,18.030088527422024,1.0300885274220235,ridge_challenger,EXPERIMENT_ONLY,2025
2025-05-14,20:00,15,16.02905432644017,1.0290543264401713,ridge_challenger,EXPERIMENT_ONLY,2025
2025-05-15,20:00,16,15.878183269870243,0.12181673012975658,ridge_challenger,EXPERIMENT_ONLY,2025
2025-05-16,20:00,19,17.563534207683755,1.4364657923162447,ridge_challenger,EXPERIMENT_ONLY,2025
2025-05-17,20:00,18,19.652599134733382,1.6525991347333822,ridge_challenger,EXPERIMENT_ONLY,2025
2025-05-18,20:00,18,17.89557638619748,0.10442361380252052,ridge_challenger,EXPERIMENT_ONLY,2025
2025-05-19,20:00,12,15.282945895815665,3.282945895815665,ridge_challenger,EXPERIMENT_ONLY,2025
2025-05-20,20:00,15,13.245788820836323,1.7542111791636774,ridge_challenger,EXPERIMENT_ONLY,2025
2025-05-21,20:00,15,15.443962972847483,0.44396297284748343,ridge_challenger,EXPERIMENT_ONLY,2025
2025-05-22,20:00,16,16.022121077102202,0.022121077102202236,ridge_challenger,EXPERIMENT_ONLY,2025
2025-05-23,20:00,15,16.292102070504725,1.2921020705047255,ridge_challenger,EXPERIMENT_ONLY,2025
2025-05-24,20:00,16,15.414765019520146,0.5852349804798536,ridge_challenger,EXPERIMENT_ONLY,2025
2025-05-25,20:00,17,16.840750934363392,0.15924906563660812,ridge_challenger,EXPERIMENT_ONLY,2025
2025-05-26,20:00,17,18.53507616280549,1.5350761628054883,ridge_challenger,EXPERIMENT_ONLY,2025
2025-05-27,20:00,17,17.115407231908364,0.11540723190836388,ridge_challenger,EXPERIMENT_ONLY,2025
2025-05-28,20:00,17,18.204510036247452,1.2045100362474521,ridge_challenger,EXPERIMENT_ONLY,2025
2025-05-29,20:00,16,16.624592655228,0.6245926552279997,ridge_challenger,EXPERIMENT_ONLY,2025
2025-05-30,20:00,18,14.770335744847282,3.229664255152718,ridge_challenger,EXPERIMENT_ONLY,2025
2025-05-31,20:00,18,17.280024341339566,0.7199756586604344,ridge_challenger,EXPERIMENT_ONLY,2025
2025-06-01,20:00,15,17.52384329613165,2.5238432961316484,ridge_challenger,EXPERIMENT_ONLY,2025
2025-06-02,20:00,17,15.3163581928558,1.6836418071442,ridge_challenger,EXPERIMENT_ONLY,2025
2025-06-03,20:00,16,17.610298526508522,1.6102985265085223,ridge_challenger,EXPERIMENT_ONLY,2025
2025-06-04,20:00,18,16.256727851159383,1.7432721488406173,ridge_challenger,EXPERIMENT_ONLY,2025
2025-06-05,20:00,18,17.80928584784969,0.19071415215030996,ridge_challenger,EXPERIMENT_ONLY,2025
2025-06-06,20:00,12,16.608470313660465,4.608470313660465,ridge_challenger,EXPERIMENT_ONLY,2025
2025-06-07,20:00,11,11.693543671634156,0.6935436716341563,ridge_challenger,EXPERIMENT_ONLY,2025
2025-06-08,20:00,11,13.894741893440225,2.8947418934402247,ridge_challenger,EXPERIMENT_ONLY,2025
2025-06-09,20:00,11,11.234074717206354,0.23407471720635442,ridge_challenger,EXPERIMENT_ONLY,2025
2025-06-10,20:00,11,11.18093635983955,0.18093635983954925,ridge_challenger,EXPERIMENT_ONLY,2025
2025-06-11,20:00,16,12.94415212755235,3.05584787244765,ridge_challenger,EXPERIMENT_ONLY,2025
2025-06-12,20:00,15,14.175237035657286,0.8247629643427139,ridge_challenger,EXPERIMENT_ONLY,2025
2025-06-13,20:00,13,14.616427808809398,1.616427808809398,ridge_challenger,EXPERIMENT_ONLY,2025
2025-06-14,20:00,11,13.704958793521248,2.7049587935212482,ridge_challenger,EXPERIMENT_ONLY,2025
2025-06-15,20:00,12,11.646789595204996,0.35321040479500354,ridge_challenger,EXPERIMENT_ONLY,2025
2025-06-16,20:00,12,11.505160308179864,0.4948396918201361,ridge_challenger,EXPERIMENT_ONLY,2025
2025-06-17,20:00,12,13.596692468753968,1.596692468753968,ridge_challenger,EXPERIMENT_ONLY,2025
2025-06-18,20:00,13,12.946153897973051,0.05384610202694873,ridge_challenger,EXPERIMENT_ONLY,2025
2025-06-19,20:00,15,13.572248577646514,1.4277514223534862,ridge_challenger,EXPERIMENT_ONLY,2025
2025-06-20,20:00,15,16.745523863992865,1.7455238639928652,ridge_challenger,EXPERIMENT_ONLY,2025
2025-06-21,20:00,12,14.151673012361243,2.1516730123612433,ridge_challenger,EXPERIMENT_ONLY,2025
2025-06-22,20:00,13,11.072507545276785,1.9274924547232146,ridge_challenger,EXPERIMENT_ONLY,2025
2025-06-23,20:00,13,11.655917462978433,1.344082537021567,ridge_challenger,EXPERIMENT_ONLY,2025
2025-06-24,20:00,14,13.956574581874094,0.04342541812590639,ridge_challenger,EXPERIMENT_ONLY,2025
2025-06-25,20:00,15,15.086535333481697,0.08653533348169695,ridge_challenger,EXPERIMENT_ONLY,2025
2025-06-26,20:00,17,14.767964886924394,2.2320351130756055,ridge_challenger,EXPERIMENT_ONLY,2025
2025-06-27,20:00,17,17.276960368376923,0.2769603683769226,ridge_challenger,EXPERIMENT_ONLY,2025
2025-06-28,20:00,13,16.630123978742507,3.630123978742507,ridge_challenger,EXPERIMENT_ONLY,2025
2025-06-29,20:00,13,12.418749862665729,0.5812501373342709,ridge_challenger,EXPERIMENT_ONLY,2025
2025-06-30,20:00,16,14.805889918285942,1.194110081714058,ridge_challenger,EXPERIMENT_ONLY,2025
2025-07-01,20:00,12,14.78161042824167,2.7816104282416703,ridge_challenger,EXPERIMENT_ONLY,2025
2025-07-02,20:00,13,13.543855071281437,0.5438550712814365,ridge_challenger,EXPERIMENT_ONLY,2025
2025-07-03,20:00,12,15.662144018528029,3.6621440185280285,ridge_challenger,EXPERIMENT_ONLY,2025
2025-07-04,20:00,13,13.563598341524989,0.5635983415249886,ridge_challenger,EXPERIMENT_ONLY,2025
2025-07-05,20:00,12,12.977710320657666,0.9777103206576658,ridge_challenger,EXPERIMENT_ONLY,2025
2025-07-06,20:00,10,12.885625198311601,2.885625198311601,ridge_challenger,EXPERIMENT_ONLY,2025
2025-07-07,20:00,10,10.173090846077464,0.17309084607746428,ridge_challenger,EXPERIMENT_ONLY,2025
2025-07-08,20:00,13,11.414761558236917,1.5852384417630834,ridge_challenger,EXPERIMENT_ONLY,2025
2025-07-09,20:00,12,13.757012265730927,1.7570122657309266,ridge_challenger,EXPERIMENT_ONLY,2025
2025-07-10,20:00,16,13.679430669292953,2.3205693307070465,ridge_challenger,EXPERIMENT_ONLY,2025
2025-07-11,20:00,16,16.077003547577345,0.07700354757734473,ridge_challenger,EXPERIMENT_ONLY,2025
2025-07-12,20:00,15,16.003900050770028,1.003900050770028,ridge_challenger,EXPERIMENT_ONLY,2025
2025-07-13,20:00,15,15.428003073505137,0.42800307350513656,ridge_challenger,EXPERIMENT_ONLY,2025
2025-07-14,20:00,14,14.661768675996283,0.6617686759962833,ridge_challenger,EXPERIMENT_ONLY,2025
2025-07-15,20:00,15,15.962313280393927,0.9623132803939267,ridge_challenger,EXPERIMENT_ONLY,2025
2025-07-16,20:00,14,13.901273591737425,0.09872640826257495,ridge_challenger,EXPERIMENT_ONLY,2025
2025-07-17,20:00,13,14.19666595480219,1.1966659548021905,ridge_challenger,EXPERIMENT_ONLY,2025
2025-07-18,20:00,12,13.653270041660095,1.653270041660095,ridge_challenger,EXPERIMENT_ONLY,2025
2025-07-19,20:00,13,13.929177697965704,0.929177697965704,ridge_challenger,EXPERIMENT_ONLY,2025
2025-07-20,20:00,12,12.027017719518701,0.027017719518701355,ridge_challenger,EXPERIMENT_ONLY,2025
2025-07-21,20:00,12,11.620571316065469,0.3794286839345311,ridge_challenger,EXPERIMENT_ONLY,2025
2025-07-22,20:00,12,11.906013995772977,0.0939860042270233,ridge_challenger,EXPERIMENT_ONLY,2025
2025-07-23,20:00,12,13.392768349344237,1.3927683493442373,ridge_challenger,EXPERIMENT_ONLY,2025
2025-07-24,20:00,14,12.49780690097444,1.5021930990255594,ridge_challenger,EXPERIMENT_ONLY,2025
2025-07-25,20:00,14,14.709491992829813,0.7094919928298129,ridge_challenger,EXPERIMENT_ONLY,2025
2025-07-26,20:00,15,13.468583164552689,1.5314168354473114,ridge_challenger,EXPERIMENT_ONLY,2025
2025-07-27,20:00,15,15.541766253727168,0.5417662537271681,ridge_challenger,EXPERIMENT_ONLY,2025
2025-07-28,20:00,14,14.731928704494342,0.7319287044943419,ridge_challenger,EXPERIMENT_ONLY,2025
2025-07-29,20:00,16,13.673294086565386,2.3267059134346137,ridge_challenger,EXPERIMENT_ONLY,2025
2025-07-30,20:00,15,16.143786527947814,1.1437865279478139,ridge_challenger,EXPERIMENT_ONLY,2025
2025-07-31,20:00,12,13.869399402567243,1.8693994025672431,ridge_challenger,EXPERIMENT_ONLY,2025
2025-08-01,20:00,11,12.785288209404655,1.785288209404655,ridge_challenger,EXPERIMENT_ONLY,2025
2025-08-02,20:00,14,12.014200619874407,1.9857993801255933,ridge_challenger,EXPERIMENT_ONLY,2025
2025-08-03,20:00,11,12.80378410731328,1.8037841073132803,ridge_challenger,EXPERIMENT_ONLY,2025
2025-08-04,20:00,11,12.715973237520084,1.7159732375200836,ridge_challenger,EXPERIMENT_ONLY,2025
2025-08-05,20:00,15,13.0170342102364,1.9829657897636004,ridge_challenger,EXPERIMENT_ONLY,2025
2025-08-06,20:00,13,13.774303528701488,0.7743035287014877,ridge_challenger,EXPERIMENT_ONLY,2025
2025-08-07,20:00,15,14.274634278841674,0.725365721158326,ridge_challenger,EXPERIMENT_ONLY,2025
2025-08-08,20:00,14,14.710788826167446,0.7107888261674464,ridge_challenger,EXPERIMENT_ONLY,2025
2025-08-09,20:00,9,12.120656809926166,3.1206568099261656,ridge_challenger,EXPERIMENT_ONLY,2025
2025-08-10,20:00,9,9.362878795313904,0.3628787953139039,ridge_challenger,EXPERIMENT_ONLY,2025
2025-08-11,20:00,10,9.772854027353103,0.2271459726468965,ridge_challenger,EXPERIMENT_ONLY,2025
2025-08-12,20:00,11,10.710767700361865,0.2892322996381349,ridge_challenger,EXPERIMENT_ONLY,2025
2025-08-13,20:00,11,12.378970361049571,1.3789703610495714,ridge_challenger,EXPERIMENT_ONLY,2025
2025-08-14,20:00,12,12.07999965652683,0.07999965652683017,ridge_challenger,EXPERIMENT_ONLY,2025
2025-08-15,20:00,15,12.897699627519135,2.1023003724808653,ridge_challenger,EXPERIMENT_ONLY,2025
2025-08-16,20:00,13,15.567898874310341,2.567898874310341,ridge_challenger,EXPERIMENT_ONLY,2025
2025-08-17,20:00,14,14.665848803823538,0.665848803823538,ridge_challenger,EXPERIMENT_ONLY,2025
2025-08-18,20:00,14,14.261912208121094,0.2619122081210943,ridge_challenger,EXPERIMENT_ONLY,2025
2025-08-19,20:00,12,12.422731034218659,0.42273103421865876,ridge_challenger,EXPERIMENT_ONLY,2025
2025-08-20,20:00,11,10.736898595962616,0.2631014040373838,ridge_challenger,EXPERIMENT_ONLY,2025
2025-08-21,20:00,11,11.074518341301882,0.07451834130188217,ridge_challenger,EXPERIMENT_ONLY,2025
2025-08-22,20:00,12,10.998505470917834,1.0014945290821657,ridge_challenger,EXPERIMENT_ONLY,2025
2025-08-23,20:00,12,11.519605754732364,0.48039424526763597,ridge_challenger,EXPERIMENT_ONLY,2025
2025-08-24,20:00,15,12.730610165510468,2.269389834489532,ridge_challenger,EXPERIMENT_ONLY,2025
2025-08-25,20:00,13,14.642688316165938,1.6426883161659376,ridge_challenger,EXPERIMENT_ONLY,2025
2025-08-26,20:00,14,13.748296450167679,0.251703549832321,ridge_challenger,EXPERIMENT_ONLY,2025
2025-08-27,20:00,16,14.545213577669367,1.454786422330633,ridge_challenger,EXPERIMENT_ONLY,2025
2025-08-28,20:00,15,16.063305546326358,1.063305546326358,ridge_challenger,EXPERIMENT_ONLY,2025
2025-08-29,20:00,16,16.285972609515913,0.2859726095159125,ridge_challenger,EXPERIMENT_ONLY,2025
2025-08-30,20:00,16,15.991423389563757,0.00857661043624347,ridge_challenger,EXPERIMENT_ONLY,2025
2025-08-31,20:00,14,17.157838398313725,3.157838398313725,ridge_challenger,EXPERIMENT_ONLY,2025
2025-09-01,20:00,16,13.842564027088661,2.1574359729113386,ridge_challenger,EXPERIMENT_ONLY,2025
2025-09-02,20:00,16,14.903579358018865,1.096420641981135,ridge_challenger,EXPERIMENT_ONLY,2025
2025-09-03,20:00,14,14.40833718651536,0.4083371865153609,ridge_challenger,EXPERIMENT_ONLY,2025
2025-09-04,20:00,16,15.591484726245913,0.40851527375408736,ridge_challenger,EXPERIMENT_ONLY,2025
2025-09-05,20:00,16,17.660005733694568,1.6600057336945682,ridge_challenger,EXPERIMENT_ONLY,2025
2025-09-06,20:00,13,17.040522643778285,4.040522643778285,ridge_challenger,EXPERIMENT_ONLY,2025
2025-09-07,20:00,14,12.858670982866391,1.141329017133609,ridge_challenger,EXPERIMENT_ONLY,2025
2025-09-08,20:00,13,12.43941659750451,0.5605834024954905,ridge_challenger,EXPERIMENT_ONLY,2025
2025-09-09,20:00,14,14.199067913431124,0.19906791343112396,ridge_challenger,EXPERIMENT_ONLY,2025
2025-09-10,20:00,16,14.22196509976828,1.7780349002317202,ridge_challenger,EXPERIMENT_ONLY,2025
2025-09-11,20:00,14,14.893374168736136,0.8933741687361358,ridge_challenger,EXPERIMENT_ONLY,2025
2025-09-12,20:00,13,14.944212300345345,1.9442123003453453,ridge_challenger,EXPERIMENT_ONLY,2025
2025-09-13,20:00,17,13.754145660193561,3.2458543398064386,ridge_challenger,EXPERIMENT_ONLY,2025
2025-09-14,20:00,13,15.17869871420815,2.1786987142081493,ridge_challenger,EXPERIMENT_ONLY,2025
2025-09-15,20:00,17,13.349563451723473,3.6504365482765273,ridge_challenger,EXPERIMENT_ONLY,2025
2025-09-16,20:00,20,17.45554197382752,2.5444580261724816,ridge_challenger,EXPERIMENT_ONLY,2025
2025-09-17,20:00,16,19.61047355825587,3.610473558255869,ridge_challenger,EXPERIMENT_ONLY,2025
2025-09-18,20:00,17,16.686188176619325,0.31381182338067504,ridge_challenger,EXPERIMENT_ONLY,2025
2025-09-19,20:00,11,13.503798155020966,2.5037981550209665,ridge_challenger,EXPERIMENT_ONLY,2025
2025-09-20,20:00,14,12.303953066906136,1.6960469330938643,ridge_challenger,EXPERIMENT_ONLY,2025
2025-09-21,20:00,16,14.625852934176212,1.374147065823788,ridge_challenger,EXPERIMENT_ONLY,2025
2025-09-22,20:00,15,16.231432465893977,1.2314324658939775,ridge_challenger,EXPERIMENT_ONLY,2025
2025-09-23,20:00,15,16.319657289059215,1.319657289059215,ridge_challenger,EXPERIMENT_ONLY,2025
2025-09-24,20:00,15,17.080337790294358,2.080337790294358,ridge_challenger,EXPERIMENT_ONLY,2025
2025-09-25,20:00,16,16.431374970845596,0.43137497084559584,ridge_challenger,EXPERIMENT_ONLY,2025
2025-09-26,20:00,15,15.178867090235437,0.17886709023543723,ridge_challenger,EXPERIMENT_ONLY,2025
2025-09-27,20:00,16,15.361385485740412,0.6386145142595883,ridge_challenger,EXPERIMENT_ONLY,2025
2025-09-28,20:00,18,17.915988784500566,0.08401121549943369,ridge_challenger,EXPERIMENT_ONLY,2025
2025-09-29,20:00,19,18.885765078579244,0.11423492142075631,ridge_challenger,EXPERIMENT_ONLY,2025
2025-09-30,20:00,15,17.64735741407618,2.647357414076179,ridge_challenger,EXPERIMENT_ONLY,2025
2025-10-01,20:00,15,15.988245716950669,0.9882457169506687,ridge_challenger,EXPERIMENT_ONLY,2025
2025-10-02,20:00,13,14.285077529463337,1.2850775294633365,ridge_challenger,EXPERIMENT_ONLY,2025
2025-10-03,20:00,14,14.290946049871955,0.2909460498719554,ridge_challenger,EXPERIMENT_ONLY,2025
2025-10-04,20:00,17,15.73101227975379,1.2689877202462103,ridge_challenger,EXPERIMENT_ONLY,2025
2025-10-05,20:00,14,14.421708648878136,0.42170864887813586,ridge_challenger,EXPERIMENT_ONLY,2025
2025-10-06,20:00,15,13.301934268997975,1.6980657310020248,ridge_challenger,EXPERIMENT_ONLY,2025
2025-10-07,20:00,16,15.594017932421169,0.40598206757883126,ridge_challenger,EXPERIMENT_ONLY,2025
2025-10-08,20:00,17,15.919526617741088,1.080473382258912,ridge_challenger,EXPERIMENT_ONLY,2025
2025-10-09,20:00,17,17.652727289497292,0.6527272894972924,ridge_challenger,EXPERIMENT_ONLY,2025
2025-10-10,20:00,18,18.114137289468083,0.11413728946808277,ridge_challenger,EXPERIMENT_ONLY,2025
2025-10-11,20:00,17,18.461807773098627,1.4618077730986272,ridge_challenger,EXPERIMENT_ONLY,2025
2025-10-12,20:00,18,17.746692774896673,0.2533072251033275,ridge_challenger,EXPERIMENT_ONLY,2025
2025-10-13,20:00,17,18.741385137832808,1.7413851378328076,ridge_challenger,EXPERIMENT_ONLY,2025
2025-10-14,20:00,16,15.306448854232723,0.6935511457672767,ridge_challenger,EXPERIMENT_ONLY,2025
2025-10-15,20:00,16,14.440903252828928,1.559096747171072,ridge_challenger,EXPERIMENT_ONLY,2025
2025-10-16,20:00,18,17.09841562988575,0.9015843701142501,ridge_challenger,EXPERIMENT_ONLY,2025
2025-10-17,20:00,16,14.899652006980418,1.1003479930195823,ridge_challenger,EXPERIMENT_ONLY,2025
2025-10-18,20:00,16,16.58164485429132,0.5816448542913193,ridge_challenger,EXPERIMENT_ONLY,2025
2025-10-19,20:00,18,16.69034414650714,1.3096558534928597,ridge_challenger,EXPERIMENT_ONLY,2025
2025-10-20,20:00,17,17.537832115173995,0.5378321151739947,ridge_challenger,EXPERIMENT_ONLY,2025
2025-10-21,20:00,18,18.67461892741975,0.6746189274197505,ridge_challenger,EXPERIMENT_ONLY,2025
2025-10-22,20:00,15,17.689203962750014,2.689203962750014,ridge_challenger,EXPERIMENT_ONLY,2025
2025-10-23,20:00,19,15.491555663076001,3.508444336923999,ridge_challenger,EXPERIMENT_ONLY,2025
2025-10-24,20:00,17,17.51080209586081,0.5108020958608108,ridge_challenger,EXPERIMENT_ONLY,2025
2025-10-25,20:00,17,16.661885623036824,0.33811437696317626,ridge_challenger,EXPERIMENT_ONLY,2025
2025-10-26,20:00,17,16.70643728191583,0.29356271808417134,ridge_challenger,EXPERIMENT_ONLY,2025
2025-10-27,20:00,17,17.090605529289668,0.09060552928966814,ridge_challenger,EXPERIMENT_ONLY,2025
2025-10-28,20:00,16,14.634750929826355,1.365249070173645,ridge_challenger,EXPERIMENT_ONLY,2025
2025-10-29,20:00,15,14.593922942111849,0.40607705788815096,ridge_challenger,EXPERIMENT_ONLY,2025
2025-10-30,20:00,17,15.672548209148376,1.3274517908516241,ridge_challenger,EXPERIMENT_ONLY,2025
2025-10-31,20:00,19,17.13927083918349,1.8607291608165113,ridge_challenger,EXPERIMENT_ONLY,2025
2025-11-01,20:00,17,16.89844629970376,0.10155370029623967,ridge_challenger,EXPERIMENT_ONLY,2025
2025-11-02,20:00,16,17.655442165573497,1.655442165573497,ridge_challenger,EXPERIMENT_ONLY,2025
2025-11-03,20:00,17,17.08034148141855,0.08034148141855013,ridge_challenger,EXPERIMENT_ONLY,2025
2025-11-04,20:00,17,17.270549565967297,0.27054956596729696,ridge_challenger,EXPERIMENT_ONLY,2025
2025-11-05,20:00,19,18.38853861518559,0.6114613848144117,ridge_challenger,EXPERIMENT_ONLY,2025
2025-11-06,20:00,18,19.419750085422777,1.419750085422777,ridge_challenger,EXPERIMENT_ONLY,2025
2025-11-07,20:00,19,19.251348113413265,0.2513481134132647,ridge_challenger,EXPERIMENT_ONLY,2025
2025-11-08,20:00,19,19.059078413835795,0.059078413835795374,ridge_challenger,EXPERIMENT_ONLY,2025
2025-11-09,20:00,19,19.117060741322952,0.11706074132295186,ridge_challenger,EXPERIMENT_ONLY,2025
2025-11-10,20:00,19,19.52494360418811,0.5249436041881097,ridge_challenger,EXPERIMENT_ONLY,2025
2025-11-11,20:00,17,19.836583176574635,2.836583176574635,ridge_challenger,EXPERIMENT_ONLY,2025
2025-11-12,20:00,19,15.637961434994534,3.3620385650054665,ridge_challenger,EXPERIMENT_ONLY,2025
2025-11-13,20:00,18,17.01581024442096,0.9841897555790418,ridge_challenger,EXPERIMENT_ONLY,2025
2025-11-14,20:00,19,17.80549956083292,1.1945004391670793,ridge_challenger,EXPERIMENT_ONLY,2025
2025-11-15,20:00,19,17.756247371953403,1.2437526280465967,ridge_challenger,EXPERIMENT_ONLY,2025
2025-11-16,20:00,19,18.071128078804676,0.9288719211953236,ridge_challenger,EXPERIMENT_ONLY,2025
2025-11-17,20:00,21,18.587277666149497,2.4127223338505033,ridge_challenger,EXPERIMENT_ONLY,2025
2025-11-18,20:00,23,20.291217271591915,2.708782728408085,ridge_challenger,EXPERIMENT_ONLY,2025
2025-11-19,20:00,22,21.17081805613185,0.82918194386815,ridge_challenger,EXPERIMENT_ONLY,2025
2025-11-20,20:00,20,21.601736442383853,1.601736442383853,ridge_challenger,EXPERIMENT_ONLY,2025
2025-11-21,20:00,20,20.17669200407129,0.17669200407128827,ridge_challenger,EXPERIMENT_ONLY,2025
2025-11-22,20:00,17,18.22801240564925,1.228012405649249,ridge_challenger,EXPERIMENT_ONLY,2025
2025-11-23,20:00,20,18.301483374396405,1.6985166256035953,ridge_challenger,EXPERIMENT_ONLY,2025
2025-11-24,20:00,18,16.82765474653292,1.1723452534670784,ridge_challenger,EXPERIMENT_ONLY,2025
2025-11-25,20:00,22,18.15484555697394,3.845154443026061,ridge_challenger,EXPERIMENT_ONLY,2025
2025-11-26,20:00,21,21.52789277469647,0.5278927746964683,ridge_challenger,EXPERIMENT_ONLY,2025
2025-11-27,20:00,21,20.741029877396603,0.25897012260339736,ridge_challenger,EXPERIMENT_ONLY,2025
2025-11-28,20:00,21,20.49457804042033,0.505421959579671,ridge_challenger,EXPERIMENT_ONLY,2025
2025-11-29,20:00,21,20.38453103587875,0.6154689641212485,ridge_challenger,EXPERIMENT_ONLY,2025
2025-11-30,20:00,21,21.042567744920202,0.04256774492020199,ridge_challenger,EXPERIMENT_ONLY,2025
2025-12-01,20:00,19,20.76257114872608,1.7625711487260816,ridge_challenger,EXPERIMENT_ONLY,2025
2025-12-02,20:00,20,17.80955327801121,2.1904467219887884,ridge_challenger,EXPERIMENT_ONLY,2025
2025-12-03,20:00,15,17.456249425703998,2.456249425703998,ridge_challenger,EXPERIMENT_ONLY,2025
2025-12-04,20:00,17,14.623134210666652,2.3768657893333476,ridge_challenger,EXPERIMENT_ONLY,2025
2025-12-05,20:00,21,17.2986770818393,3.701322918160699,ridge_challenger,EXPERIMENT_ONLY,2025
2025-12-06,20:00,22,21.31858725120021,0.6814127487997901,ridge_challenger,EXPERIMENT_ONLY,2025
2025-12-07,20:00,21,21.91882095757666,0.9188209575766599,ridge_challenger,EXPERIMENT_ONLY,2025
2025-12-08,20:00,22,21.188725334891842,0.8112746651081579,ridge_challenger,EXPERIMENT_ONLY,2025
2025-12-09,20:00,23,22.465386785797815,0.5346132142021851,ridge_challenger,EXPERIMENT_ONLY,2025
2025-12-10,20:00,23,22.209602396018738,0.7903976039812619,ridge_challenger,EXPERIMENT_ONLY,2025
2025-12-11,20:00,19,20.54875049789341,1.5487504978934084,ridge_challenger,EXPERIMENT_ONLY,2025
2025-12-12,20:00,18,17.712898743772346,0.28710125622765403,ridge_challenger,EXPERIMENT_ONLY,2025
2025-12-13,20:00,18,18.52530673925465,0.5253067392546491,ridge_challenger,EXPERIMENT_ONLY,2025
2025-12-14,20:00,23,18.79851242442935,4.201487575570649,ridge_challenger,EXPERIMENT_ONLY,2025
2025-12-15,20:00,21,22.28472717084446,1.2847271708444588,ridge_challenger,EXPERIMENT_ONLY,2025
2025-12-16,20:00,20,21.319188807681666,1.319188807681666,ridge_challenger,EXPERIMENT_ONLY,2025
2025-12-17,20:00,16,17.951501416682625,1.9515014166826248,ridge_challenger,EXPERIMENT_ONLY,2025
2025-12-18,20:00,19,16.14803967733348,2.851960322666521,ridge_challenger,EXPERIMENT_ONLY,2025
2025-12-19,20:00,20,19.719840367455518,0.28015963254448195,ridge_challenger,EXPERIMENT_ONLY,2025
2025-12-20,20:00,19,16.274231894355996,2.725768105644004,ridge_challenger,EXPERIMENT_ONLY,2025
2025-12-21,20:00,16,15.892063578574113,0.10793642142588666,ridge_challenger,EXPERIMENT_ONLY,2025
2025-12-22,20:00,20,17.135430007787487,2.8645699922125125,ridge_challenger,EXPERIMENT_ONLY,2025
2025-12-23,20:00,23,19.803477763056332,3.196522236943668,ridge_challenger,EXPERIMENT_ONLY,2025
2025-12-24,20:00,22,21.80780743644745,0.192192563552549,ridge_challenger,EXPERIMENT_ONLY,2025
2025-12-25,20:00,20,20.987219500673,0.9872195006729996,ridge_challenger,EXPERIMENT_ONLY,2025
2025-12-26,20:00,19,19.786198184285837,0.786198184285837,ridge_challenger,EXPERIMENT_ONLY,2025
2025-12-27,20:00,20,19.713380826445132,0.2866191735548682,ridge_challenger,EXPERIMENT_ONLY,2025
2025-12-28,20:00,19,19.89700411001514,0.8970041100151391,ridge_challenger,EXPERIMENT_ONLY,2025
2025-12-29,20:00,19,19.631956694168803,0.6319566941688031,ridge_challenger,EXPERIMENT_ONLY,2025
2025-12-30,20:00,17,16.87527089295534,0.12472910704466145,ridge_challenger,EXPERIMENT_ONLY,2025
2025-12-31,20:00,16,16.056554166614443,0.056554166614443346,ridge_challenger,EXPERIMENT_ONLY,2025
2025-01-01,21:00,15,14.73774730129475,0.26225269870525025,ridge_challenger,EXPERIMENT_ONLY,2025
2025-01-02,21:00,19,14.857230097879878,4.142769902120122,ridge_challenger,EXPERIMENT_ONLY,2025
2025-01-03,21:00,21,18.267270365470193,2.7327296345298073,ridge_challenger,EXPERIMENT_ONLY,2025
2025-01-04,21:00,17,16.89645008016416,0.10354991983583872,ridge_challenger,EXPERIMENT_ONLY,2025
2025-01-05,21:00,14,16.150449458538343,2.1504494585383434,ridge_challenger,EXPERIMENT_ONLY,2025
2025-01-06,21:00,15,14.815832313664066,0.18416768633593428,ridge_challenger,EXPERIMENT_ONLY,2025
2025-01-07,21:00,21,14.825876343792807,6.174123656207193,ridge_challenger,EXPERIMENT_ONLY,2025
2025-01-08,21:00,17,16.69047493591054,0.3095250640894598,ridge_challenger,EXPERIMENT_ONLY,2025
2025-01-09,21:00,18,17.279078926344642,0.720921073655358,ridge_challenger,EXPERIMENT_ONLY,2025
2025-01-10,21:00,17,17.552717916831654,0.5527179168316536,ridge_challenger,EXPERIMENT_ONLY,2025
2025-01-11,21:00,18,16.437824939724525,1.5621750602754751,ridge_challenger,EXPERIMENT_ONLY,2025
2025-01-12,21:00,16,15.693080858450777,0.30691914154922273,ridge_challenger,EXPERIMENT_ONLY,2025
2025-01-13,21:00,17,16.171603626771674,0.8283963732283262,ridge_challenger,EXPERIMENT_ONLY,2025
2025-01-14,21:00,17,16.6940335597786,0.3059664402214004,ridge_challenger,EXPERIMENT_ONLY,2025
2025-01-15,21:00,17,15.040797788304523,1.9592022116954766,ridge_challenger,EXPERIMENT_ONLY,2025
2025-01-16,21:00,17,17.127396138666242,0.1273961386662421,ridge_challenger,EXPERIMENT_ONLY,2025
2025-01-17,21:00,20,19.671622246706583,0.3283777532934167,ridge_challenger,EXPERIMENT_ONLY,2025
2025-01-18,21:00,19,19.22555655794393,0.22555655794392848,ridge_challenger,EXPERIMENT_ONLY,2025
2025-01-19,21:00,19,18.88002613802883,0.11997386197117166,ridge_challenger,EXPERIMENT_ONLY,2025
2025-01-20,21:00,18,17.06826648655841,0.9317335134415892,ridge_challenger,EXPERIMENT_ONLY,2025
2025-01-21,21:00,21,19.908901147722247,1.091098852277753,ridge_challenger,EXPERIMENT_ONLY,2025
2025-01-22,21:00,23,20.23808842383486,2.76191157616514,ridge_challenger,EXPERIMENT_ONLY,2025
2025-01-23,21:00,24,22.824550895030306,1.1754491049696938,ridge_challenger,EXPERIMENT_ONLY,2025
2025-01-24,21:00,19,20.65352313802095,1.653523138020951,ridge_challenger,EXPERIMENT_ONLY,2025
2025-01-25,21:00,26,20.673163829181807,5.3268361708181935,ridge_challenger,EXPERIMENT_ONLY,2025
2025-01-26,21:00,25,22.562042837389498,2.437957162610502,ridge_challenger,EXPERIMENT_ONLY,2025
2025-01-27,21:00,17,19.703940429900467,2.7039404299004666,ridge_challenger,EXPERIMENT_ONLY,2025
2025-01-28,21:00,21,17.37768713538431,3.62231286461569,ridge_challenger,EXPERIMENT_ONLY,2025
2025-01-29,21:00,20,20.071676058597898,0.07167605859789816,ridge_challenger,EXPERIMENT_ONLY,2025
2025-01-30,21:00,19,17.763071253979685,1.2369287460203147,ridge_challenger,EXPERIMENT_ONLY,2025
2025-01-31,21:00,22,20.77858958140891,1.2214104185910912,ridge_challenger,EXPERIMENT_ONLY,2025
2025-02-01,21:00,22,22.726836025303548,0.7268360253035482,ridge_challenger,EXPERIMENT_ONLY,2025
2025-02-02,21:00,19,18.706601373440428,0.29339862655957205,ridge_challenger,EXPERIMENT_ONLY,2025
2025-02-03,21:00,23,20.859464595305617,2.1405354046943827,ridge_challenger,EXPERIMENT_ONLY,2025
2025-02-04,21:00,20,21.81066795591293,1.8106679559129297,ridge_challenger,EXPERIMENT_ONLY,2025
2025-02-05,21:00,19,18.90565400565344,0.09434599434656121,ridge_challenger,EXPERIMENT_ONLY,2025
2025-02-06,21:00,21,20.5610837346448,0.4389162653551999,ridge_challenger,EXPERIMENT_ONLY,2025
2025-02-07,21:00,19,19.884181126472587,0.884181126472587,ridge_challenger,EXPERIMENT_ONLY,2025
2025-02-08,21:00,25,21.125484536721167,3.874515463278833,ridge_challenger,EXPERIMENT_ONLY,2025
2025-02-09,21:00,24,23.826225342574283,0.1737746574257173,ridge_challenger,EXPERIMENT_ONLY,2025
2025-02-10,21:00,19,21.44844541125443,2.448445411254429,ridge_challenger,EXPERIMENT_ONLY,2025
2025-02-11,21:00,19,17.979288011231407,1.0207119887685927,ridge_challenger,EXPERIMENT_ONLY,2025
2025-02-12,21:00,20,18.971877029400403,1.028122970599597,ridge_challenger,EXPERIMENT_ONLY,2025
2025-02-13,21:00,20,19.49148921609072,0.50851078390928,ridge_challenger,EXPERIMENT_ONLY,2025
2025-02-14,21:00,22,21.345730620465794,0.654269379534206,ridge_challenger,EXPERIMENT_ONLY,2025
2025-02-15,21:00,25,22.63925414796773,2.36074585203227,ridge_challenger,EXPERIMENT_ONLY,2025
2025-02-16,21:00,24,23.24642287439522,0.7535771256047816,ridge_challenger,EXPERIMENT_ONLY,2025
2025-02-17,21:00,24,23.63929304611632,0.36070695388367824,ridge_challenger,EXPERIMENT_ONLY,2025
2025-02-18,21:00,23,21.130703108152613,1.8692968918473873,ridge_challenger,EXPERIMENT_ONLY,2025
2025-02-19,21:00,23,21.265159188560805,1.734840811439195,ridge_challenger,EXPERIMENT_ONLY,2025
2025-02-20,21:00,24,23.402013172186113,0.5979868278138873,ridge_challenger,EXPERIMENT_ONLY,2025
2025-02-21,21:00,22,22.924897650902132,0.9248976509021318,ridge_challenger,EXPERIMENT_ONLY,2025
2025-02-22,21:00,24,20.88635866078223,3.1136413392177715,ridge_challenger,EXPERIMENT_ONLY,2025
2025-02-23,21:00,21,22.616188157264382,1.6161881572643821,ridge_challenger,EXPERIMENT_ONLY,2025
2025-02-24,21:00,23,20.697864559356635,2.302135440643365,ridge_challenger,EXPERIMENT_ONLY,2025
2025-02-25,21:00,23,22.793234938505318,0.2067650614946821,ridge_challenger,EXPERIMENT_ONLY,2025
2025-02-26,21:00,19,21.45085773370476,2.4508577337047583,ridge_challenger,EXPERIMENT_ONLY,2025
2025-02-27,21:00,21,20.140745155240403,0.8592548447595973,ridge_challenger,EXPERIMENT_ONLY,2025
2025-02-28,21:00,21,21.550314176087145,0.5503141760871451,ridge_challenger,EXPERIMENT_ONLY,2025
2025-03-01,21:00,24,21.747291969600322,2.2527080303996776,ridge_challenger,EXPERIMENT_ONLY,2025
2025-03-02,21:00,26,23.252311959016783,2.747688040983217,ridge_challenger,EXPERIMENT_ONLY,2025
2025-03-03,21:00,25,24.675457896945957,0.32454210305404274,ridge_challenger,EXPERIMENT_ONLY,2025
2025-03-04,21:00,21,21.945253235419557,0.9452532354195569,ridge_challenger,EXPERIMENT_ONLY,2025
2025-03-05,21:00,16,16.449307985203177,0.44930798520317694,ridge_challenger,EXPERIMENT_ONLY,2025
2025-03-06,21:00,17,15.355180348489,1.6448196515109998,ridge_challenger,EXPERIMENT_ONLY,2025
2025-03-07,21:00,20,16.839717167325325,3.1602828326746746,ridge_challenger,EXPERIMENT_ONLY,2025
2025-03-08,21:00,17,19.26072135500105,2.260721355001049,ridge_challenger,EXPERIMENT_ONLY,2025
2025-03-09,21:00,19,17.82459514108746,1.1754048589125397,ridge_challenger,EXPERIMENT_ONLY,2025
2025-03-10,21:00,22,17.00673816906657,4.993261830933431,ridge_challenger,EXPERIMENT_ONLY,2025
2025-03-11,21:00,22,21.314061966911318,0.6859380330886822,ridge_challenger,EXPERIMENT_ONLY,2025
2025-03-12,21:00,18,20.194913601025792,2.1949136010257924,ridge_challenger,EXPERIMENT_ONLY,2025
2025-03-13,21:00,17,15.134761140480775,1.8652388595192253,ridge_challenger,EXPERIMENT_ONLY,2025
2025-03-14,21:00,21,18.3450955046449,2.654904495355101,ridge_challenger,EXPERIMENT_ONLY,2025
2025-03-15,21:00,22,21.303865106666862,0.6961348933331379,ridge_challenger,EXPERIMENT_ONLY,2025
2025-03-16,21:00,23,22.198555674446204,0.8014443255537955,ridge_challenger,EXPERIMENT_ONLY,2025
2025-03-17,21:00,22,22.279374111074496,0.27937411107449606,ridge_challenger,EXPERIMENT_ONLY,2025
2025-03-18,21:00,22,22.432597422156448,0.4325974221564479,ridge_challenger,EXPERIMENT_ONLY,2025
2025-03-19,21:00,16,15.849190815730704,0.15080918426929557,ridge_challenger,EXPERIMENT_ONLY,2025
2025-03-20,21:00,16,15.188716106665005,0.8112838933349948,ridge_challenger,EXPERIMENT_ONLY,2025
2025-03-21,21:00,18,16.381899158836347,1.6181008411636526,ridge_challenger,EXPERIMENT_ONLY,2025
2025-03-22,21:00,21,18.91390625146345,2.0860937485365483,ridge_challenger,EXPERIMENT_ONLY,2025
2025-03-23,21:00,22,20.9513251290916,1.0486748709083997,ridge_challenger,EXPERIMENT_ONLY,2025
2025-03-24,21:00,19,18.178555886581073,0.8214441134189272,ridge_challenger,EXPERIMENT_ONLY,2025
2025-03-25,21:00,20,20.63938638280512,0.639386382805121,ridge_challenger,EXPERIMENT_ONLY,2025
2025-03-26,21:00,18,19.290682021478855,1.2906820214788546,ridge_challenger,EXPERIMENT_ONLY,2025
2025-03-27,21:00,22,19.560952096962247,2.4390479030377534,ridge_challenger,EXPERIMENT_ONLY,2025
2025-03-28,21:00,18,18.393567726110845,0.39356772611084523,ridge_challenger,EXPERIMENT_ONLY,2025
2025-03-29,21:00,19,19.169332605542092,0.16933260554209184,ridge_challenger,EXPERIMENT_ONLY,2025
2025-03-30,21:00,21,19.789662351087735,1.2103376489122653,ridge_challenger,EXPERIMENT_ONLY,2025
2025-03-31,21:00,18,17.99808631206161,0.0019136879383907512,ridge_challenger,EXPERIMENT_ONLY,2025
2025-04-01,21:00,19,19.552635973554416,0.5526359735544162,ridge_challenger,EXPERIMENT_ONLY,2025
2025-04-02,21:00,19,19.732173956175654,0.7321739561756537,ridge_challenger,EXPERIMENT_ONLY,2025
2025-04-03,21:00,21,19.10150514494609,1.8984948550539116,ridge_challenger,EXPERIMENT_ONLY,2025
2025-04-04,21:00,20,20.21839265559707,0.21839265559707144,ridge_challenger,EXPERIMENT_ONLY,2025
2025-04-05,21:00,18,17.55907352512355,0.44092647487644854,ridge_challenger,EXPERIMENT_ONLY,2025
2025-04-06,21:00,20,19.349643752154932,0.6503562478450675,ridge_challenger,EXPERIMENT_ONLY,2025
2025-04-07,21:00,20,19.321184019123177,0.6788159808768235,ridge_challenger,EXPERIMENT_ONLY,2025
2025-04-08,21:00,19,18.82688195644919,0.1731180435508115,ridge_challenger,EXPERIMENT_ONLY,2025
2025-04-09,21:00,17,16.162251128809924,0.837748871190076,ridge_challenger,EXPERIMENT_ONLY,2025
2025-04-10,21:00,20,17.571366948585876,2.428633051414124,ridge_challenger,EXPERIMENT_ONLY,2025
2025-04-11,21:00,19,20.119659884552696,1.1196598845526964,ridge_challenger,EXPERIMENT_ONLY,2025
2025-04-12,21:00,20,19.338228160813134,0.6617718391868657,ridge_challenger,EXPERIMENT_ONLY,2025
2025-04-13,21:00,18,18.814882497723765,0.8148824977237652,ridge_challenger,EXPERIMENT_ONLY,2025
2025-04-14,21:00,20,19.13994752113335,0.860052478866649,ridge_challenger,EXPERIMENT_ONLY,2025
2025-04-15,21:00,16,18.74926333475032,2.749263334750321,ridge_challenger,EXPERIMENT_ONLY,2025
2025-04-16,21:00,16,16.24912584737985,0.249125847379851,ridge_challenger,EXPERIMENT_ONLY,2025
2025-04-17,21:00,19,17.96033223187644,1.0396677681235609,ridge_challenger,EXPERIMENT_ONLY,2025
2025-04-18,21:00,20,19.43733977675038,0.562660223249619,ridge_challenger,EXPERIMENT_ONLY,2025
2025-04-19,21:00,25,20.364254459612614,4.635745540387386,ridge_challenger,EXPERIMENT_ONLY,2025
2025-04-20,21:00,21,22.918623025035526,1.9186230250355258,ridge_challenger,EXPERIMENT_ONLY,2025
2025-04-21,21:00,18,18.77614215246475,0.7761421524647503,ridge_challenger,EXPERIMENT_ONLY,2025
2025-04-22,21:00,16,17.958598900916517,1.9585989009165168,ridge_challenger,EXPERIMENT_ONLY,2025
2025-04-23,21:00,15,15.544183237012625,0.5441832370126249,ridge_challenger,EXPERIMENT_ONLY,2025
2025-04-24,21:00,15,15.5822451464913,0.5822451464912994,ridge_challenger,EXPERIMENT_ONLY,2025
2025-04-25,21:00,18,15.158464933226957,2.8415350667730426,ridge_challenger,EXPERIMENT_ONLY,2025
2025-04-26,21:00,19,18.298626941466456,0.7013730585335445,ridge_challenger,EXPERIMENT_ONLY,2025
2025-04-27,21:00,20,20.23575881779673,0.2357588177967287,ridge_challenger,EXPERIMENT_ONLY,2025
2025-04-28,21:00,20,19.898390278599077,0.10160972140092284,ridge_challenger,EXPERIMENT_ONLY,2025
2025-04-29,21:00,16,18.95054325487016,2.9505432548701584,ridge_challenger,EXPERIMENT_ONLY,2025
2025-04-30,21:00,16,17.309374410950706,1.3093744109507064,ridge_challenger,EXPERIMENT_ONLY,2025
2025-05-01,21:00,14,15.636663200310927,1.6366632003109274,ridge_challenger,EXPERIMENT_ONLY,2025
2025-05-02,21:00,13,13.395172389226959,0.39517238922695874,ridge_challenger,EXPERIMENT_ONLY,2025
2025-05-03,21:00,14,13.627057892076202,0.372942107923798,ridge_challenger,EXPERIMENT_ONLY,2025
2025-05-04,21:00,14,12.733556007448234,1.2664439925517659,ridge_challenger,EXPERIMENT_ONLY,2025
2025-05-05,21:00,15,13.850991495325763,1.1490085046742369,ridge_challenger,EXPERIMENT_ONLY,2025
2025-05-06,21:00,15,14.655654378661257,0.3443456213387428,ridge_challenger,EXPERIMENT_ONLY,2025
2025-05-07,21:00,18,17.035247746110368,0.9647522538896318,ridge_challenger,EXPERIMENT_ONLY,2025
2025-05-08,21:00,18,19.07579642023221,1.0757964202322086,ridge_challenger,EXPERIMENT_ONLY,2025
2025-05-09,21:00,18,18.918009050313525,0.9180090503135254,ridge_challenger,EXPERIMENT_ONLY,2025
2025-05-10,21:00,16,14.955093660221827,1.0449063397781728,ridge_challenger,EXPERIMENT_ONLY,2025
2025-05-11,21:00,15,15.554805064155385,0.554805064155385,ridge_challenger,EXPERIMENT_ONLY,2025
2025-05-12,21:00,17,16.095230246053447,0.9047697539465531,ridge_challenger,EXPERIMENT_ONLY,2025
2025-05-13,21:00,17,18.17156448695892,1.1715644869589212,ridge_challenger,EXPERIMENT_ONLY,2025
2025-05-14,21:00,15,15.53032791535377,0.5303279153537694,ridge_challenger,EXPERIMENT_ONLY,2025
2025-05-15,21:00,16,16.227380385801332,0.22738038580133235,ridge_challenger,EXPERIMENT_ONLY,2025
2025-05-16,21:00,19,17.49356477194506,1.50643522805494,ridge_challenger,EXPERIMENT_ONLY,2025
2025-05-17,21:00,18,19.628357131567423,1.628357131567423,ridge_challenger,EXPERIMENT_ONLY,2025
2025-05-18,21:00,18,18.309070211803057,0.30907021180305705,ridge_challenger,EXPERIMENT_ONLY,2025
2025-05-19,21:00,12,15.634189980225749,3.6341899802257487,ridge_challenger,EXPERIMENT_ONLY,2025
2025-05-20,21:00,15,12.901479202523563,2.0985207974764375,ridge_challenger,EXPERIMENT_ONLY,2025
2025-05-21,21:00,15,15.503464785152609,0.5034647851526088,ridge_challenger,EXPERIMENT_ONLY,2025
2025-05-22,21:00,16,15.841144398072618,0.15885560192738168,ridge_challenger,EXPERIMENT_ONLY,2025
2025-05-23,21:00,15,16.046150924423635,1.0461509244236353,ridge_challenger,EXPERIMENT_ONLY,2025
2025-05-24,21:00,16,15.117197371787901,0.8828026282120991,ridge_challenger,EXPERIMENT_ONLY,2025
2025-05-25,21:00,17,16.84246018588289,0.15753981411711138,ridge_challenger,EXPERIMENT_ONLY,2025
2025-05-26,21:00,17,17.400918147750865,0.40091814775086476,ridge_challenger,EXPERIMENT_ONLY,2025
2025-05-27,21:00,17,17.28779238670134,0.2877923867013408,ridge_challenger,EXPERIMENT_ONLY,2025
2025-05-28,21:00,17,18.130328035334937,1.1303280353349372,ridge_challenger,EXPERIMENT_ONLY,2025
2025-05-29,21:00,16,16.876452249061682,0.876452249061682,ridge_challenger,EXPERIMENT_ONLY,2025
2025-05-30,21:00,18,14.823080192579548,3.176919807420452,ridge_challenger,EXPERIMENT_ONLY,2025
2025-05-31,21:00,18,17.33482673990232,0.6651732600976814,ridge_challenger,EXPERIMENT_ONLY,2025
2025-06-01,21:00,15,17.04584703684989,2.0458470368498887,ridge_challenger,EXPERIMENT_ONLY,2025
2025-06-02,21:00,17,14.851596066546422,2.1484039334535776,ridge_challenger,EXPERIMENT_ONLY,2025
2025-06-03,21:00,16,17.69012638534543,1.6901263853454296,ridge_challenger,EXPERIMENT_ONLY,2025
2025-06-04,21:00,18,16.106988760365542,1.8930112396344576,ridge_challenger,EXPERIMENT_ONLY,2025
2025-06-05,21:00,18,15.351103505817512,2.6488964941824875,ridge_challenger,EXPERIMENT_ONLY,2025
2025-06-06,21:00,12,16.184711249936658,4.184711249936658,ridge_challenger,EXPERIMENT_ONLY,2025
2025-06-07,21:00,11,11.942933359746227,0.9429333597462275,ridge_challenger,EXPERIMENT_ONLY,2025
2025-06-08,21:00,11,13.404717086919769,2.404717086919769,ridge_challenger,EXPERIMENT_ONLY,2025
2025-06-09,21:00,11,11.145934401823263,0.14593440182326312,ridge_challenger,EXPERIMENT_ONLY,2025
2025-06-10,21:00,11,11.603166994635304,0.6031669946353038,ridge_challenger,EXPERIMENT_ONLY,2025
2025-06-11,21:00,16,13.109829673390943,2.8901703266090575,ridge_challenger,EXPERIMENT_ONLY,2025
2025-06-12,21:00,15,14.67615688538043,0.3238431146195708,ridge_challenger,EXPERIMENT_ONLY,2025
2025-06-13,21:00,13,14.636569135762203,1.636569135762203,ridge_challenger,EXPERIMENT_ONLY,2025
2025-06-14,21:00,11,13.72926277296213,2.72926277296213,ridge_challenger,EXPERIMENT_ONLY,2025
2025-06-15,21:00,12,11.185254082490513,0.8147459175094873,ridge_challenger,EXPERIMENT_ONLY,2025
2025-06-16,21:00,12,11.745539311942139,0.25446068805786126,ridge_challenger,EXPERIMENT_ONLY,2025
2025-06-17,21:00,12,13.316957604413298,1.3169576044132985,ridge_challenger,EXPERIMENT_ONLY,2025
2025-06-18,21:00,13,12.575311059536565,0.42468894046343486,ridge_challenger,EXPERIMENT_ONLY,2025
2025-06-19,21:00,15,13.788916536589042,1.211083463410958,ridge_challenger,EXPERIMENT_ONLY,2025
2025-06-20,21:00,15,16.77201371536805,1.7720137153680504,ridge_challenger,EXPERIMENT_ONLY,2025
2025-06-21,21:00,12,14.048353488155898,2.0483534881558985,ridge_challenger,EXPERIMENT_ONLY,2025
2025-06-22,21:00,13,11.008505900545298,1.9914940994547017,ridge_challenger,EXPERIMENT_ONLY,2025
2025-06-23,21:00,13,12.092264475689747,0.9077355243102527,ridge_challenger,EXPERIMENT_ONLY,2025
2025-06-24,21:00,14,13.491244252966284,0.5087557470337156,ridge_challenger,EXPERIMENT_ONLY,2025
2025-06-25,21:00,15,15.469718627029154,0.46971862702915423,ridge_challenger,EXPERIMENT_ONLY,2025
2025-06-26,21:00,17,15.286828211088732,1.7131717889112679,ridge_challenger,EXPERIMENT_ONLY,2025
2025-06-27,21:00,17,17.533991870539964,0.533991870539964,ridge_challenger,EXPERIMENT_ONLY,2025
2025-06-28,21:00,13,16.732053938091028,3.7320539380910276,ridge_challenger,EXPERIMENT_ONLY,2025
2025-06-29,21:00,13,12.73056027917676,0.2694397208232395,ridge_challenger,EXPERIMENT_ONLY,2025
2025-06-30,21:00,16,14.748232854509546,1.2517671454904544,ridge_challenger,EXPERIMENT_ONLY,2025
2025-07-01,21:00,12,14.306911286290555,2.306911286290555,ridge_challenger,EXPERIMENT_ONLY,2025
2025-07-02,21:00,13,13.055573643175348,0.05557364317534841,ridge_challenger,EXPERIMENT_ONLY,2025
2025-07-03,21:00,12,15.558768471038249,3.558768471038249,ridge_challenger,EXPERIMENT_ONLY,2025
2025-07-04,21:00,13,13.70689539935665,0.7068953993566502,ridge_challenger,EXPERIMENT_ONLY,2025
2025-07-05,21:00,12,13.502488957170545,1.502488957170545,ridge_challenger,EXPERIMENT_ONLY,2025
2025-07-06,21:00,10,12.940081728006273,2.940081728006273,ridge_challenger,EXPERIMENT_ONLY,2025
2025-07-07,21:00,10,10.449506094327306,0.44950609432730637,ridge_challenger,EXPERIMENT_ONLY,2025
2025-07-08,21:00,13,10.907312466906511,2.092687533093489,ridge_challenger,EXPERIMENT_ONLY,2025
2025-07-09,21:00,12,13.3745561537693,1.3745561537692996,ridge_challenger,EXPERIMENT_ONLY,2025
2025-07-10,21:00,16,13.867923736385896,2.1320762636141044,ridge_challenger,EXPERIMENT_ONLY,2025
2025-07-11,21:00,16,16.25440951240729,0.25440951240728893,ridge_challenger,EXPERIMENT_ONLY,2025
2025-07-12,21:00,15,16.208912009465383,1.208912009465383,ridge_challenger,EXPERIMENT_ONLY,2025
2025-07-13,21:00,15,15.662143565230483,0.6621435652304832,ridge_challenger,EXPERIMENT_ONLY,2025
2025-07-14,21:00,14,14.80974008010716,0.8097400801071597,ridge_challenger,EXPERIMENT_ONLY,2025
2025-07-15,21:00,15,15.856153001866241,0.8561530018662413,ridge_challenger,EXPERIMENT_ONLY,2025
2025-07-16,21:00,14,13.967357650120176,0.03264234987982384,ridge_challenger,EXPERIMENT_ONLY,2025
2025-07-17,21:00,13,13.838301126318461,0.838301126318461,ridge_challenger,EXPERIMENT_ONLY,2025
2025-07-18,21:00,12,13.642222807504904,1.6422228075049041,ridge_challenger,EXPERIMENT_ONLY,2025
2025-07-19,21:00,13,13.555401372328394,0.5554013723283937,ridge_challenger,EXPERIMENT_ONLY,2025
2025-07-20,21:00,12,12.290471469488654,0.2904714694886543,ridge_challenger,EXPERIMENT_ONLY,2025
2025-07-21,21:00,12,11.80149341587823,0.1985065841217697,ridge_challenger,EXPERIMENT_ONLY,2025
2025-07-22,21:00,12,12.240028100041012,0.2400281000410125,ridge_challenger,EXPERIMENT_ONLY,2025
2025-07-23,21:00,12,13.425244645948318,1.4252446459483181,ridge_challenger,EXPERIMENT_ONLY,2025
2025-07-24,21:00,14,12.078034068131394,1.9219659318686055,ridge_challenger,EXPERIMENT_ONLY,2025
2025-07-25,21:00,14,14.496431914864944,0.4964319148649441,ridge_challenger,EXPERIMENT_ONLY,2025
2025-07-26,21:00,15,13.023585758053663,1.9764142419463369,ridge_challenger,EXPERIMENT_ONLY,2025
2025-07-27,21:00,15,15.336744957495013,0.33674495749501254,ridge_challenger,EXPERIMENT_ONLY,2025
2025-07-28,21:00,14,16.172329119007486,2.172329119007486,ridge_challenger,EXPERIMENT_ONLY,2025
2025-07-29,21:00,16,13.807000560169715,2.1929994398302846,ridge_challenger,EXPERIMENT_ONLY,2025
2025-07-30,21:00,15,16.30791313714575,1.30791313714575,ridge_challenger,EXPERIMENT_ONLY,2025
2025-07-31,21:00,12,14.29859338884543,2.298593388845431,ridge_challenger,EXPERIMENT_ONLY,2025
2025-08-01,21:00,11,12.749681803568588,1.7496818035685884,ridge_challenger,EXPERIMENT_ONLY,2025
2025-08-02,21:00,14,11.681626807234355,2.3183731927656446,ridge_challenger,EXPERIMENT_ONLY,2025
2025-08-03,21:00,11,13.003492544669436,2.0034925446694363,ridge_challenger,EXPERIMENT_ONLY,2025
2025-08-04,21:00,11,12.753638412531718,1.7536384125317177,ridge_challenger,EXPERIMENT_ONLY,2025
2025-08-05,21:00,15,12.611705447819899,2.388294552180101,ridge_challenger,EXPERIMENT_ONLY,2025
2025-08-06,21:00,13,13.060616698860132,0.06061669886013199,ridge_challenger,EXPERIMENT_ONLY,2025
2025-08-07,21:00,15,14.10150896732133,0.8984910326786704,ridge_challenger,EXPERIMENT_ONLY,2025
2025-08-08,21:00,14,15.138690129244761,1.138690129244761,ridge_challenger,EXPERIMENT_ONLY,2025
2025-08-09,21:00,9,12.3626748303006,3.3626748303006,ridge_challenger,EXPERIMENT_ONLY,2025
2025-08-10,21:00,9,9.671205045053602,0.6712050450536022,ridge_challenger,EXPERIMENT_ONLY,2025
2025-08-11,21:00,10,10.13849384394709,0.1384938439470904,ridge_challenger,EXPERIMENT_ONLY,2025
2025-08-12,21:00,11,11.145274802546018,0.14527480254601777,ridge_challenger,EXPERIMENT_ONLY,2025
2025-08-13,21:00,11,12.433229555347298,1.4332295553472978,ridge_challenger,EXPERIMENT_ONLY,2025
2025-08-14,21:00,12,11.701154038903615,0.2988459610963847,ridge_challenger,EXPERIMENT_ONLY,2025
2025-08-15,21:00,15,12.532712087755861,2.4672879122441387,ridge_challenger,EXPERIMENT_ONLY,2025
2025-08-16,21:00,13,15.19505456414738,2.19505456414738,ridge_challenger,EXPERIMENT_ONLY,2025
2025-08-17,21:00,14,14.43665950177002,0.4366595017700199,ridge_challenger,EXPERIMENT_ONLY,2025
2025-08-18,21:00,14,13.722796577755751,0.27720342224424854,ridge_challenger,EXPERIMENT_ONLY,2025
2025-08-19,21:00,12,12.777419988473538,0.7774199884735378,ridge_challenger,EXPERIMENT_ONLY,2025
2025-08-20,21:00,11,10.963281653705309,0.03671834629469117,ridge_challenger,EXPERIMENT_ONLY,2025
2025-08-21,21:00,11,11.407327072356543,0.40732707235654253,ridge_challenger,EXPERIMENT_ONLY,2025
2025-08-22,21:00,12,11.233247141442087,0.7667528585579131,ridge_challenger,EXPERIMENT_ONLY,2025
2025-08-23,21:00,12,11.421822902395535,0.5781770976044651,ridge_challenger,EXPERIMENT_ONLY,2025
2025-08-24,21:00,15,12.350559552963844,2.649440447036156,ridge_challenger,EXPERIMENT_ONLY,2025
2025-08-25,21:00,13,14.247131344233438,1.2471313442334377,ridge_challenger,EXPERIMENT_ONLY,2025
2025-08-26,21:00,14,13.437786755470793,0.5622132445292074,ridge_challenger,EXPERIMENT_ONLY,2025
2025-08-27,21:00,16,14.182435756407578,1.8175642435924217,ridge_challenger,EXPERIMENT_ONLY,2025
2025-08-28,21:00,15,15.980426377558311,0.9804263775583113,ridge_challenger,EXPERIMENT_ONLY,2025
2025-08-29,21:00,16,16.02559010492313,0.025590104923129076,ridge_challenger,EXPERIMENT_ONLY,2025
2025-08-30,21:00,16,15.859576832653298,0.14042316734670202,ridge_challenger,EXPERIMENT_ONLY,2025
2025-08-31,21:00,14,15.946067234292121,1.946067234292121,ridge_challenger,EXPERIMENT_ONLY,2025
2025-09-01,21:00,16,13.408892308854314,2.5911076911456856,ridge_challenger,EXPERIMENT_ONLY,2025
2025-09-02,21:00,16,14.467501219797724,1.5324987802022765,ridge_challenger,EXPERIMENT_ONLY,2025
2025-09-03,21:00,14,14.353464611929692,0.3534646119296916,ridge_challenger,EXPERIMENT_ONLY,2025
2025-09-04,21:00,16,15.651909644543075,0.34809035545692524,ridge_challenger,EXPERIMENT_ONLY,2025
2025-09-05,21:00,16,17.820634210464416,1.8206342104644158,ridge_challenger,EXPERIMENT_ONLY,2025
2025-09-06,21:00,13,16.998484584873022,3.9984845848730224,ridge_challenger,EXPERIMENT_ONLY,2025
2025-09-07,21:00,14,12.516035656783705,1.4839643432162948,ridge_challenger,EXPERIMENT_ONLY,2025
2025-09-08,21:00,13,12.634123706915327,0.36587629308467307,ridge_challenger,EXPERIMENT_ONLY,2025
2025-09-09,21:00,14,13.898555602886754,0.10144439711324615,ridge_challenger,EXPERIMENT_ONLY,2025
2025-09-10,21:00,16,14.513651975753039,1.4863480242469613,ridge_challenger,EXPERIMENT_ONLY,2025
2025-09-11,21:00,14,14.40859078395813,0.40859078395813064,ridge_challenger,EXPERIMENT_ONLY,2025
2025-09-12,21:00,13,14.569534508305281,1.5695345083052814,ridge_challenger,EXPERIMENT_ONLY,2025
2025-09-13,21:00,17,13.334824125623381,3.6651758743766187,ridge_challenger,EXPERIMENT_ONLY,2025
2025-09-14,21:00,13,15.060902755379324,2.060902755379324,ridge_challenger,EXPERIMENT_ONLY,2025
2025-09-15,21:00,17,13.024761877568796,3.975238122431204,ridge_challenger,EXPERIMENT_ONLY,2025
2025-09-16,21:00,20,17.299501773632763,2.7004982263672375,ridge_challenger,EXPERIMENT_ONLY,2025
2025-09-17,21:00,16,19.600872723541723,3.6008727235417233,ridge_challenger,EXPERIMENT_ONLY,2025
2025-09-18,21:00,17,17.10206620572482,0.10206620572482095,ridge_challenger,EXPERIMENT_ONLY,2025
2025-09-19,21:00,11,13.643871443270154,2.6438714432701538,ridge_challenger,EXPERIMENT_ONLY,2025
2025-09-20,21:00,14,11.971710824291034,2.0282891757089665,ridge_challenger,EXPERIMENT_ONLY,2025
2025-09-21,21:00,16,15.05937275896386,0.9406272410361396,ridge_challenger,EXPERIMENT_ONLY,2025
2025-09-22,21:00,15,16.576932361444094,1.5769323614440935,ridge_challenger,EXPERIMENT_ONLY,2025
2025-09-23,21:00,15,16.69344458652796,1.69344458652796,ridge_challenger,EXPERIMENT_ONLY,2025
2025-09-24,21:00,15,16.893428246575244,1.893428246575244,ridge_challenger,EXPERIMENT_ONLY,2025
2025-09-25,21:00,16,16.403563529624417,0.4035635296244173,ridge_challenger,EXPERIMENT_ONLY,2025
2025-09-26,21:00,15,15.043620827164338,0.04362082716433768,ridge_challenger,EXPERIMENT_ONLY,2025
2025-09-27,21:00,16,14.978167351358238,1.0218326486417624,ridge_challenger,EXPERIMENT_ONLY,2025
2025-09-28,21:00,18,17.527704414958176,0.4722955850418238,ridge_challenger,EXPERIMENT_ONLY,2025
2025-09-29,21:00,19,17.960767493251097,1.0392325067489026,ridge_challenger,EXPERIMENT_ONLY,2025
2025-09-30,21:00,15,17.240840493053366,2.2408404930533656,ridge_challenger,EXPERIMENT_ONLY,2025
2025-10-01,21:00,15,15.18780675131588,0.18780675131588076,ridge_challenger,EXPERIMENT_ONLY,2025
2025-10-02,21:00,13,14.837460533616666,1.8374605336166656,ridge_challenger,EXPERIMENT_ONLY,2025
2025-10-03,21:00,14,13.565490375870096,0.43450962412990357,ridge_challenger,EXPERIMENT_ONLY,2025
2025-10-04,21:00,17,16.17402928018589,0.8259707198141086,ridge_challenger,EXPERIMENT_ONLY,2025
2025-10-05,21:00,14,14.624496223706254,0.6244962237062541,ridge_challenger,EXPERIMENT_ONLY,2025
2025-10-06,21:00,15,12.905757480666042,2.0942425193339584,ridge_challenger,EXPERIMENT_ONLY,2025
2025-10-07,21:00,16,14.996308878977652,1.0036911210223476,ridge_challenger,EXPERIMENT_ONLY,2025
2025-10-08,21:00,17,16.212924182833387,0.7870758171666132,ridge_challenger,EXPERIMENT_ONLY,2025
2025-10-09,21:00,17,17.381828227684633,0.38182822768463254,ridge_challenger,EXPERIMENT_ONLY,2025
2025-10-10,21:00,18,17.665378097861065,0.3346219021389345,ridge_challenger,EXPERIMENT_ONLY,2025
2025-10-11,21:00,17,18.030350928851863,1.0303509288518633,ridge_challenger,EXPERIMENT_ONLY,2025
2025-10-12,21:00,18,17.103807787286833,0.8961922127131672,ridge_challenger,EXPERIMENT_ONLY,2025
2025-10-13,21:00,17,18.599847873360044,1.5998478733600443,ridge_challenger,EXPERIMENT_ONLY,2025
2025-10-14,21:00,16,12.569081442876758,3.430918557123242,ridge_challenger,EXPERIMENT_ONLY,2025
2025-10-15,21:00,16,15.26092733021262,0.7390726697873795,ridge_challenger,EXPERIMENT_ONLY,2025
2025-10-16,21:00,18,16.97832187501338,1.0216781249866216,ridge_challenger,EXPERIMENT_ONLY,2025
2025-10-17,21:00,16,17.80181679768678,1.8018167976867794,ridge_challenger,EXPERIMENT_ONLY,2025
2025-10-18,21:00,16,16.705617637493066,0.7056176374930665,ridge_challenger,EXPERIMENT_ONLY,2025
2025-10-19,21:00,18,16.99939681533701,1.0006031846629888,ridge_challenger,EXPERIMENT_ONLY,2025
2025-10-20,21:00,17,17.055207114917078,0.05520711491707786,ridge_challenger,EXPERIMENT_ONLY,2025
2025-10-21,21:00,18,18.54949185261979,0.5494918526197914,ridge_challenger,EXPERIMENT_ONLY,2025
2025-10-22,21:00,15,17.41447040582214,2.41447040582214,ridge_challenger,EXPERIMENT_ONLY,2025
2025-10-23,21:00,19,17.384094069332193,1.6159059306678074,ridge_challenger,EXPERIMENT_ONLY,2025
2025-10-24,21:00,17,18.766312908739827,1.7663129087398275,ridge_challenger,EXPERIMENT_ONLY,2025
2025-10-25,21:00,17,17.118905971607642,0.11890597160764216,ridge_challenger,EXPERIMENT_ONLY,2025
2025-10-26,21:00,17,16.286362934863327,0.7136370651366732,ridge_challenger,EXPERIMENT_ONLY,2025
2025-10-27,21:00,17,17.344563260809004,0.3445632608090037,ridge_challenger,EXPERIMENT_ONLY,2025
2025-10-28,21:00,16,15.221240371606914,0.778759628393086,ridge_challenger,EXPERIMENT_ONLY,2025
2025-10-29,21:00,15,15.281382562888608,0.2813825628886075,ridge_challenger,EXPERIMENT_ONLY,2025
2025-10-30,21:00,17,16.162646151344806,0.8373538486551944,ridge_challenger,EXPERIMENT_ONLY,2025
2025-10-31,21:00,19,17.756918210864175,1.2430817891358252,ridge_challenger,EXPERIMENT_ONLY,2025
2025-11-01,21:00,17,17.688048954279036,0.6880489542790365,ridge_challenger,EXPERIMENT_ONLY,2025
2025-11-02,21:00,16,17.50389561556381,1.5038956155638097,ridge_challenger,EXPERIMENT_ONLY,2025
2025-11-03,21:00,17,17.180665652448234,0.18066565244823352,ridge_challenger,EXPERIMENT_ONLY,2025
2025-11-04,21:00,17,17.08681421799649,0.08681421799649058,ridge_challenger,EXPERIMENT_ONLY,2025
2025-11-05,21:00,19,18.040766875041864,0.9592331249581356,ridge_challenger,EXPERIMENT_ONLY,2025
2025-11-06,21:00,18,19.836912847194686,1.8369128471946858,ridge_challenger,EXPERIMENT_ONLY,2025
2025-11-07,21:00,19,17.701282469696366,1.2987175303036338,ridge_challenger,EXPERIMENT_ONLY,2025
2025-11-08,21:00,19,19.341180362217592,0.3411803622175924,ridge_challenger,EXPERIMENT_ONLY,2025
2025-11-09,21:00,19,18.965389999760863,0.034610000239137406,ridge_challenger,EXPERIMENT_ONLY,2025
2025-11-10,21:00,19,19.336381090479257,0.33638109047925724,ridge_challenger,EXPERIMENT_ONLY,2025
2025-11-11,21:00,17,17.307137516583733,0.3071375165837331,ridge_challenger,EXPERIMENT_ONLY,2025
2025-11-12,21:00,19,16.587182992434673,2.4128170075653266,ridge_challenger,EXPERIMENT_ONLY,2025
2025-11-13,21:00,18,16.689342866021125,1.310657133978875,ridge_challenger,EXPERIMENT_ONLY,2025
2025-11-14,21:00,19,18.877490661179092,0.1225093388209082,ridge_challenger,EXPERIMENT_ONLY,2025
2025-11-15,21:00,19,16.556485846168616,2.4435141538313836,ridge_challenger,EXPERIMENT_ONLY,2025
2025-11-16,21:00,19,19.897574334369764,0.8975743343697644,ridge_challenger,EXPERIMENT_ONLY,2025
2025-11-17,21:00,21,19.88461539325971,1.1153846067402888,ridge_challenger,EXPERIMENT_ONLY,2025
2025-11-18,21:00,23,20.871046515099557,2.1289534849004426,ridge_challenger,EXPERIMENT_ONLY,2025
2025-11-19,21:00,22,22.125439085315282,0.12543908531528203,ridge_challenger,EXPERIMENT_ONLY,2025
2025-11-20,21:00,20,22.009654373358327,2.0096543733583268,ridge_challenger,EXPERIMENT_ONLY,2025
2025-11-21,21:00,20,20.03711437227509,0.03711437227509151,ridge_challenger,EXPERIMENT_ONLY,2025
2025-11-22,21:00,17,17.712949170223993,0.7129491702239932,ridge_challenger,EXPERIMENT_ONLY,2025
2025-11-23,21:00,20,19.087916928897005,0.9120830711029946,ridge_challenger,EXPERIMENT_ONLY,2025
2025-11-24,21:00,18,15.340163672123474,2.6598363278765262,ridge_challenger,EXPERIMENT_ONLY,2025
2025-11-25,21:00,22,19.957184501067847,2.0428154989321534,ridge_challenger,EXPERIMENT_ONLY,2025
2025-11-26,21:00,21,21.697656466423982,0.6976564664239824,ridge_challenger,EXPERIMENT_ONLY,2025
2025-11-27,21:00,21,21.221994297404216,0.2219942974042155,ridge_challenger,EXPERIMENT_ONLY,2025
2025-11-28,21:00,21,19.538977776835402,1.4610222231645977,ridge_challenger,EXPERIMENT_ONLY,2025
2025-11-29,21:00,21,19.94615652062381,1.0538434793761908,ridge_challenger,EXPERIMENT_ONLY,2025
2025-11-30,21:00,21,21.00585192297013,0.005851922970130374,ridge_challenger,EXPERIMENT_ONLY,2025
2025-12-01,21:00,19,20.97087158202051,1.9708715820205107,ridge_challenger,EXPERIMENT_ONLY,2025
2025-12-02,21:00,20,17.320667876562467,2.6793321234375327,ridge_challenger,EXPERIMENT_ONLY,2025
2025-12-03,21:00,15,16.980401656101588,1.9804016561015878,ridge_challenger,EXPERIMENT_ONLY,2025
2025-12-04,21:00,17,14.87749034463298,2.12250965536702,ridge_challenger,EXPERIMENT_ONLY,2025
2025-12-05,21:00,21,19.4703197305455,1.5296802694544986,ridge_challenger,EXPERIMENT_ONLY,2025
2025-12-06,21:00,22,21.311232048820113,0.6887679511798872,ridge_challenger,EXPERIMENT_ONLY,2025
2025-12-07,21:00,21,21.159855462389526,0.15985546238952608,ridge_challenger,EXPERIMENT_ONLY,2025
2025-12-08,21:00,22,20.501149676971036,1.4988503230289645,ridge_challenger,EXPERIMENT_ONLY,2025
2025-12-09,21:00,23,23.405962503452535,0.4059625034525354,ridge_challenger,EXPERIMENT_ONLY,2025
2025-12-10,21:00,23,23.163029100531624,0.16302910053162378,ridge_challenger,EXPERIMENT_ONLY,2025
2025-12-11,21:00,19,20.280740646203505,1.2807406462035047,ridge_challenger,EXPERIMENT_ONLY,2025
2025-12-12,21:00,18,17.43869383004897,0.5613061699510311,ridge_challenger,EXPERIMENT_ONLY,2025
2025-12-13,21:00,18,19.436742156761625,1.4367421567616248,ridge_challenger,EXPERIMENT_ONLY,2025
2025-12-14,21:00,23,21.03782696573465,1.9621730342653514,ridge_challenger,EXPERIMENT_ONLY,2025
2025-12-15,21:00,21,22.01071454500777,1.0107145450077688,ridge_challenger,EXPERIMENT_ONLY,2025
2025-12-16,21:00,20,21.219498218601974,1.2194982186019736,ridge_challenger,EXPERIMENT_ONLY,2025
2025-12-17,21:00,16,15.955680732858703,0.0443192671412973,ridge_challenger,EXPERIMENT_ONLY,2025
2025-12-18,21:00,19,17.030143235266916,1.969856764733084,ridge_challenger,EXPERIMENT_ONLY,2025
2025-12-19,21:00,20,19.729726457900217,0.27027354209978327,ridge_challenger,EXPERIMENT_ONLY,2025
2025-12-20,21:00,19,15.709106224208181,3.290893775791819,ridge_challenger,EXPERIMENT_ONLY,2025
2025-12-21,21:00,16,17.373357094964295,1.3733570949642946,ridge_challenger,EXPERIMENT_ONLY,2025
2025-12-22,21:00,20,18.81440884399541,1.185591156004591,ridge_challenger,EXPERIMENT_ONLY,2025
2025-12-23,21:00,23,20.37958906706471,2.6204109329352896,ridge_challenger,EXPERIMENT_ONLY,2025
2025-12-24,21:00,22,22.225560626658257,0.2255606266582575,ridge_challenger,EXPERIMENT_ONLY,2025
2025-12-25,21:00,20,21.1997526412892,1.1997526412892014,ridge_challenger,EXPERIMENT_ONLY,2025
2025-12-26,21:00,19,18.569486558176372,0.43051344182362783,ridge_challenger,EXPERIMENT_ONLY,2025
2025-12-27,21:00,20,19.28792679159074,0.7120732084092616,ridge_challenger,EXPERIMENT_ONLY,2025
2025-12-28,21:00,19,20.770157390436328,1.770157390436328,ridge_challenger,EXPERIMENT_ONLY,2025
2025-12-29,21:00,19,20.29164241182756,1.29164241182756,ridge_challenger,EXPERIMENT_ONLY,2025
2025-12-30,21:00,17,16.305255316762164,0.6947446832378361,ridge_challenger,EXPERIMENT_ONLY,2025
2025-12-31,21:00,16,15.76886071717676,0.23113928282323926,ridge_challenger,EXPERIMENT_ONLY,2025
2025-01-01,22:00,15,15.343057250664934,0.3430572506649341,ridge_challenger,EXPERIMENT_ONLY,2025
2025-01-02,22:00,19,15.580510661947244,3.419489338052756,ridge_challenger,EXPERIMENT_ONLY,2025
2025-01-03,22:00,21,18.78085069538041,2.2191493046195916,ridge_challenger,EXPERIMENT_ONLY,2025
2025-01-04,22:00,17,17.098042281236413,0.09804228123641323,ridge_challenger,EXPERIMENT_ONLY,2025
2025-01-05,22:00,14,16.477471247339523,2.4774712473395226,ridge_challenger,EXPERIMENT_ONLY,2025
2025-01-06,22:00,15,15.368230432792805,0.36823043279280476,ridge_challenger,EXPERIMENT_ONLY,2025
2025-01-07,22:00,21,15.55269035801577,5.44730964198423,ridge_challenger,EXPERIMENT_ONLY,2025
2025-01-08,22:00,17,16.95542730216274,0.04457269783726048,ridge_challenger,EXPERIMENT_ONLY,2025
2025-01-09,22:00,18,17.652972499104745,0.3470275008952548,ridge_challenger,EXPERIMENT_ONLY,2025
2025-01-10,22:00,17,17.931794286014757,0.9317942860147568,ridge_challenger,EXPERIMENT_ONLY,2025
2025-01-11,22:00,18,16.762339002592146,1.237660997407854,ridge_challenger,EXPERIMENT_ONLY,2025
2025-01-12,22:00,16,16.166693094805243,0.1666930948052432,ridge_challenger,EXPERIMENT_ONLY,2025
2025-01-13,22:00,17,16.58350654287272,0.4164934571272809,ridge_challenger,EXPERIMENT_ONLY,2025
2025-01-14,22:00,17,16.98731178544558,0.012688214554419375,ridge_challenger,EXPERIMENT_ONLY,2025
2025-01-15,22:00,17,15.608581247723887,1.3914187522761132,ridge_challenger,EXPERIMENT_ONLY,2025
2025-01-16,22:00,17,17.531177655882267,0.5311776558822672,ridge_challenger,EXPERIMENT_ONLY,2025
2025-01-17,22:00,20,19.683032106881658,0.31696789311834195,ridge_challenger,EXPERIMENT_ONLY,2025
2025-01-18,22:00,19,19.313182469562186,0.3131824695621859,ridge_challenger,EXPERIMENT_ONLY,2025
2025-01-19,22:00,19,17.85388523674381,1.1461147632561897,ridge_challenger,EXPERIMENT_ONLY,2025
2025-01-20,22:00,18,17.57149150993808,0.42850849006191893,ridge_challenger,EXPERIMENT_ONLY,2025
2025-01-21,22:00,21,19.87108978073449,1.12891021926551,ridge_challenger,EXPERIMENT_ONLY,2025
2025-01-22,22:00,23,19.06739938844434,3.93260061155566,ridge_challenger,EXPERIMENT_ONLY,2025
2025-01-23,22:00,24,22.81679487030674,1.1832051296932597,ridge_challenger,EXPERIMENT_ONLY,2025
2025-01-24,22:00,19,20.546846337084286,1.5468463370842862,ridge_challenger,EXPERIMENT_ONLY,2025
2025-01-25,22:00,26,20.788345092650577,5.211654907349423,ridge_challenger,EXPERIMENT_ONLY,2025
2025-01-26,22:00,25,22.1952890081613,2.8047109918387,ridge_challenger,EXPERIMENT_ONLY,2025
2025-01-27,22:00,17,19.160600052006174,2.160600052006174,ridge_challenger,EXPERIMENT_ONLY,2025
2025-01-28,22:00,21,17.277421326991426,3.7225786730085737,ridge_challenger,EXPERIMENT_ONLY,2025
2025-01-29,22:00,20,20.319306461122032,0.3193064611220322,ridge_challenger,EXPERIMENT_ONLY,2025
2025-01-30,22:00,19,18.36534761442791,0.6346523855720889,ridge_challenger,EXPERIMENT_ONLY,2025
2025-01-31,22:00,22,20.904033446912724,1.0959665530872762,ridge_challenger,EXPERIMENT_ONLY,2025
2025-02-01,22:00,22,22.648612956993496,0.648612956993496,ridge_challenger,EXPERIMENT_ONLY,2025
2025-02-02,22:00,19,19.065096722374815,0.06509672237481468,ridge_challenger,EXPERIMENT_ONLY,2025
2025-02-03,22:00,23,20.803748746259167,2.196251253740833,ridge_challenger,EXPERIMENT_ONLY,2025
2025-02-04,22:00,20,21.39464867185313,1.3946486718531297,ridge_challenger,EXPERIMENT_ONLY,2025
2025-02-05,22:00,19,19.127050215689707,0.12705021568970665,ridge_challenger,EXPERIMENT_ONLY,2025
2025-02-06,22:00,21,20.603184104776645,0.39681589522335514,ridge_challenger,EXPERIMENT_ONLY,2025
2025-02-07,22:00,19,20.08000312530532,1.0800031253053213,ridge_challenger,EXPERIMENT_ONLY,2025
2025-02-08,22:00,25,21.248947833578015,3.751052166421985,ridge_challenger,EXPERIMENT_ONLY,2025
2025-02-09,22:00,24,23.859366348041682,0.14063365195831778,ridge_challenger,EXPERIMENT_ONLY,2025
2025-02-10,22:00,19,21.34091051076588,2.3409105107658803,ridge_challenger,EXPERIMENT_ONLY,2025
2025-02-11,22:00,19,18.677299780867003,0.3227002191329973,ridge_challenger,EXPERIMENT_ONLY,2025
2025-02-12,22:00,20,19.39456618015202,0.6054338198479812,ridge_challenger,EXPERIMENT_ONLY,2025
2025-02-13,22:00,20,19.63665723556089,0.3633427644391105,ridge_challenger,EXPERIMENT_ONLY,2025
2025-02-14,22:00,22,21.071142287931867,0.9288577120681332,ridge_challenger,EXPERIMENT_ONLY,2025
2025-02-15,22:00,25,22.730392255148136,2.2696077448518643,ridge_challenger,EXPERIMENT_ONLY,2025
2025-02-16,22:00,24,23.16125201501163,0.8387479849883697,ridge_challenger,EXPERIMENT_ONLY,2025
2025-02-17,22:00,24,23.437345809082434,0.5626541909175664,ridge_challenger,EXPERIMENT_ONLY,2025
2025-02-18,22:00,23,21.15588439879734,1.8441156012026596,ridge_challenger,EXPERIMENT_ONLY,2025
2025-02-19,22:00,23,21.75403398322434,1.245966016775661,ridge_challenger,EXPERIMENT_ONLY,2025
2025-02-20,22:00,24,23.674396408076717,0.3256035919232829,ridge_challenger,EXPERIMENT_ONLY,2025
2025-02-21,22:00,22,23.13216250920663,1.1321625092066299,ridge_challenger,EXPERIMENT_ONLY,2025
2025-02-22,22:00,24,20.346428930704924,3.653571069295076,ridge_challenger,EXPERIMENT_ONLY,2025
2025-02-23,22:00,21,22.294847800845968,1.294847800845968,ridge_challenger,EXPERIMENT_ONLY,2025
2025-02-24,22:00,23,20.492510665059132,2.5074893349408676,ridge_challenger,EXPERIMENT_ONLY,2025
2025-02-25,22:00,23,23.013470882750113,0.013470882750112878,ridge_challenger,EXPERIMENT_ONLY,2025
2025-02-26,22:00,19,21.903253153399152,2.9032531533991524,ridge_challenger,EXPERIMENT_ONLY,2025
2025-02-27,22:00,21,20.047998174095223,0.9520018259047767,ridge_challenger,EXPERIMENT_ONLY,2025
2025-02-28,22:00,21,21.370188552655954,0.37018855265595363,ridge_challenger,EXPERIMENT_ONLY,2025
2025-03-01,22:00,24,21.635149661402924,2.3648503385970763,ridge_challenger,EXPERIMENT_ONLY,2025
2025-03-02,22:00,26,23.096922381259624,2.903077618740376,ridge_challenger,EXPERIMENT_ONLY,2025
2025-03-03,22:00,25,24.691716892028573,0.3082831079714268,ridge_challenger,EXPERIMENT_ONLY,2025
2025-03-04,22:00,21,20.913355683469252,0.086644316530748,ridge_challenger,EXPERIMENT_ONLY,2025
2025-03-05,22:00,16,16.72231367190312,0.7223136719031196,ridge_challenger,EXPERIMENT_ONLY,2025
2025-03-06,22:00,17,15.84180414602551,1.1581958539744903,ridge_challenger,EXPERIMENT_ONLY,2025
2025-03-07,22:00,20,16.45821755722793,3.541782442772071,ridge_challenger,EXPERIMENT_ONLY,2025
2025-03-08,22:00,17,18.95313424487581,1.953134244875809,ridge_challenger,EXPERIMENT_ONLY,2025
2025-03-09,22:00,19,18.21277468445741,0.7872253155425888,ridge_challenger,EXPERIMENT_ONLY,2025
2025-03-10,22:00,22,17.009868265411505,4.990131734588495,ridge_challenger,EXPERIMENT_ONLY,2025
2025-03-11,22:00,22,21.0103038678073,0.9896961321927016,ridge_challenger,EXPERIMENT_ONLY,2025
2025-03-12,22:00,18,19.110003009563073,1.1100030095630729,ridge_challenger,EXPERIMENT_ONLY,2025
2025-03-13,22:00,17,15.478537666848059,1.5214623331519412,ridge_challenger,EXPERIMENT_ONLY,2025
2025-03-14,22:00,21,18.245242836840323,2.7547571631596774,ridge_challenger,EXPERIMENT_ONLY,2025
2025-03-15,22:00,22,21.597364289999344,0.4026357100006557,ridge_challenger,EXPERIMENT_ONLY,2025
2025-03-16,22:00,23,22.306277603554157,0.6937223964458425,ridge_challenger,EXPERIMENT_ONLY,2025
2025-03-17,22:00,22,22.420807285265333,0.42080728526533306,ridge_challenger,EXPERIMENT_ONLY,2025
2025-03-18,22:00,22,22.48600516438186,0.4860051643818615,ridge_challenger,EXPERIMENT_ONLY,2025
2025-03-19,22:00,16,15.724304832590608,0.27569516740939193,ridge_challenger,EXPERIMENT_ONLY,2025
2025-03-20,22:00,16,15.88414543464014,0.11585456535986083,ridge_challenger,EXPERIMENT_ONLY,2025
2025-03-21,22:00,18,16.703164408902126,1.2968355910978744,ridge_challenger,EXPERIMENT_ONLY,2025
2025-03-22,22:00,21,18.78540961409172,2.2145903859082807,ridge_challenger,EXPERIMENT_ONLY,2025
2025-03-23,22:00,22,21.192546129548223,0.8074538704517771,ridge_challenger,EXPERIMENT_ONLY,2025
2025-03-24,22:00,19,18.551750556162737,0.4482494438372626,ridge_challenger,EXPERIMENT_ONLY,2025
2025-03-25,22:00,20,20.45937593239462,0.4593759323946216,ridge_challenger,EXPERIMENT_ONLY,2025
2025-03-26,22:00,18,19.398283879137594,1.398283879137594,ridge_challenger,EXPERIMENT_ONLY,2025
2025-03-27,22:00,22,19.776419898694385,2.2235801013056147,ridge_challenger,EXPERIMENT_ONLY,2025
2025-03-28,22:00,18,18.18379592304505,0.1837959230450501,ridge_challenger,EXPERIMENT_ONLY,2025
2025-03-29,22:00,19,18.878708441149602,0.12129155885039822,ridge_challenger,EXPERIMENT_ONLY,2025
2025-03-30,22:00,21,19.664871898715703,1.3351281012842975,ridge_challenger,EXPERIMENT_ONLY,2025
2025-03-31,22:00,18,18.28958589191134,0.2895858919113401,ridge_challenger,EXPERIMENT_ONLY,2025
2025-04-01,22:00,19,19.754371299845648,0.7543712998456478,ridge_challenger,EXPERIMENT_ONLY,2025
2025-04-02,22:00,19,19.656292538074972,0.6562925380749718,ridge_challenger,EXPERIMENT_ONLY,2025
2025-04-03,22:00,21,19.38409162803762,1.6159083719623801,ridge_challenger,EXPERIMENT_ONLY,2025
2025-04-04,22:00,20,20.183505576302913,0.1835055763029132,ridge_challenger,EXPERIMENT_ONLY,2025
2025-04-05,22:00,18,18.192984863920575,0.19298486392057512,ridge_challenger,EXPERIMENT_ONLY,2025
2025-04-06,22:00,20,18.563378829215388,1.436621170784612,ridge_challenger,EXPERIMENT_ONLY,2025
2025-04-07,22:00,20,20.026721481518038,0.026721481518038104,ridge_challenger,EXPERIMENT_ONLY,2025
2025-04-08,22:00,19,17.34625828288907,1.653741717110929,ridge_challenger,EXPERIMENT_ONLY,2025
2025-04-09,22:00,17,16.23699780010205,0.7630021998979508,ridge_challenger,EXPERIMENT_ONLY,2025
2025-04-10,22:00,20,18.549549991523264,1.4504500084767358,ridge_challenger,EXPERIMENT_ONLY,2025
2025-04-11,22:00,19,20.455643431119302,1.4556434311193023,ridge_challenger,EXPERIMENT_ONLY,2025
2025-04-12,22:00,20,19.976903312124065,0.023096687875934663,ridge_challenger,EXPERIMENT_ONLY,2025
2025-04-13,22:00,18,18.367870795662867,0.36787079566286707,ridge_challenger,EXPERIMENT_ONLY,2025
2025-04-14,22:00,20,19.694170668933225,0.305829331066775,ridge_challenger,EXPERIMENT_ONLY,2025
2025-04-15,22:00,16,18.187115184279357,2.1871151842793566,ridge_challenger,EXPERIMENT_ONLY,2025
2025-04-16,22:00,16,16.34182316803942,0.3418231680394186,ridge_challenger,EXPERIMENT_ONLY,2025
2025-04-17,22:00,19,18.778523201144658,0.22147679885534188,ridge_challenger,EXPERIMENT_ONLY,2025
2025-04-18,22:00,20,19.532080065536707,0.4679199344632927,ridge_challenger,EXPERIMENT_ONLY,2025
2025-04-19,22:00,25,20.975710117712566,4.024289882287434,ridge_challenger,EXPERIMENT_ONLY,2025
2025-04-20,22:00,21,22.733029132402727,1.7330291324027272,ridge_challenger,EXPERIMENT_ONLY,2025
2025-04-21,22:00,18,18.252670886147474,0.2526708861474738,ridge_challenger,EXPERIMENT_ONLY,2025
2025-04-22,22:00,16,17.927674542309266,1.9276745423092656,ridge_challenger,EXPERIMENT_ONLY,2025
2025-04-23,22:00,15,13.251885444073393,1.7481145559266071,ridge_challenger,EXPERIMENT_ONLY,2025
2025-04-24,22:00,15,15.528129322561025,0.5281293225610248,ridge_challenger,EXPERIMENT_ONLY,2025
2025-04-25,22:00,18,15.931625867231908,2.068374132768092,ridge_challenger,EXPERIMENT_ONLY,2025
2025-04-26,22:00,19,18.655327859198323,0.3446721408016771,ridge_challenger,EXPERIMENT_ONLY,2025
2025-04-27,22:00,20,20.11426832650917,0.11426832650916907,ridge_challenger,EXPERIMENT_ONLY,2025
2025-04-28,22:00,20,20.82197501488151,0.8219750148815095,ridge_challenger,EXPERIMENT_ONLY,2025
2025-04-29,22:00,16,18.072352765231255,2.072352765231255,ridge_challenger,EXPERIMENT_ONLY,2025
2025-04-30,22:00,16,15.977234976009164,0.022765023990835687,ridge_challenger,EXPERIMENT_ONLY,2025
2025-05-01,22:00,14,15.241111681314187,1.2411116813141874,ridge_challenger,EXPERIMENT_ONLY,2025
2025-05-02,22:00,13,13.632188645109135,0.6321886451091352,ridge_challenger,EXPERIMENT_ONLY,2025
2025-05-03,22:00,14,12.967075977413975,1.032924022586025,ridge_challenger,EXPERIMENT_ONLY,2025
2025-05-04,22:00,14,13.577424470103738,0.4225755298962621,ridge_challenger,EXPERIMENT_ONLY,2025
2025-05-05,22:00,15,14.405510657337803,0.5944893426621967,ridge_challenger,EXPERIMENT_ONLY,2025
2025-05-06,22:00,15,14.51871965590587,0.4812803440941291,ridge_challenger,EXPERIMENT_ONLY,2025
2025-05-07,22:00,18,17.677037053880166,0.32296294611983356,ridge_challenger,EXPERIMENT_ONLY,2025
2025-05-08,22:00,18,18.539047482125923,0.5390474821259232,ridge_challenger,EXPERIMENT_ONLY,2025
2025-05-09,22:00,18,18.44995055210725,0.44995055210725,ridge_challenger,EXPERIMENT_ONLY,2025
2025-05-10,22:00,16,14.430950388198845,1.5690496118011552,ridge_challenger,EXPERIMENT_ONLY,2025
2025-05-11,22:00,15,17.795070814121342,2.795070814121342,ridge_challenger,EXPERIMENT_ONLY,2025
2025-05-12,22:00,17,15.965583330029729,1.0344166699702715,ridge_challenger,EXPERIMENT_ONLY,2025
2025-05-13,22:00,17,18.090518789269545,1.0905187892695452,ridge_challenger,EXPERIMENT_ONLY,2025
2025-05-14,22:00,15,16.131429010096976,1.1314290100969764,ridge_challenger,EXPERIMENT_ONLY,2025
2025-05-15,22:00,16,16.032006403158547,0.032006403158547414,ridge_challenger,EXPERIMENT_ONLY,2025
2025-05-16,22:00,19,17.960873380783465,1.0391266192165354,ridge_challenger,EXPERIMENT_ONLY,2025
2025-05-17,22:00,18,19.073717541991567,1.0737175419915665,ridge_challenger,EXPERIMENT_ONLY,2025
2025-05-18,22:00,18,17.766355783119973,0.2336442168800268,ridge_challenger,EXPERIMENT_ONLY,2025
2025-05-19,22:00,12,14.870837002694577,2.870837002694577,ridge_challenger,EXPERIMENT_ONLY,2025
2025-05-20,22:00,15,12.982311918355464,2.017688081644536,ridge_challenger,EXPERIMENT_ONLY,2025
2025-05-21,22:00,15,15.107542130939851,0.10754213093985143,ridge_challenger,EXPERIMENT_ONLY,2025
2025-05-22,22:00,16,15.39728414271084,0.6027158572891604,ridge_challenger,EXPERIMENT_ONLY,2025
2025-05-23,22:00,15,15.347975802161526,0.34797580216152646,ridge_challenger,EXPERIMENT_ONLY,2025
2025-05-24,22:00,16,15.04848118590855,0.9515188140914503,ridge_challenger,EXPERIMENT_ONLY,2025
2025-05-25,22:00,17,15.892515934931644,1.1074840650683555,ridge_challenger,EXPERIMENT_ONLY,2025
2025-05-26,22:00,17,16.598486419532453,0.40151358046754737,ridge_challenger,EXPERIMENT_ONLY,2025
2025-05-27,22:00,17,16.478599463396865,0.5214005366031351,ridge_challenger,EXPERIMENT_ONLY,2025
2025-05-28,22:00,17,18.47308629071622,1.4730862907162212,ridge_challenger,EXPERIMENT_ONLY,2025
2025-05-29,22:00,16,16.49527400492618,0.49527400492618057,ridge_challenger,EXPERIMENT_ONLY,2025
2025-05-30,22:00,18,16.7754829390359,1.2245170609641,ridge_challenger,EXPERIMENT_ONLY,2025
2025-05-31,22:00,18,17.606042767582714,0.39395723241728575,ridge_challenger,EXPERIMENT_ONLY,2025
2025-06-01,22:00,15,16.20338944082267,1.2033894408226686,ridge_challenger,EXPERIMENT_ONLY,2025
2025-06-02,22:00,17,14.64433239840802,2.35566760159198,ridge_challenger,EXPERIMENT_ONLY,2025
2025-06-03,22:00,16,17.554194492461857,1.554194492461857,ridge_challenger,EXPERIMENT_ONLY,2025
2025-06-04,22:00,18,14.968866775383745,3.031133224616255,ridge_challenger,EXPERIMENT_ONLY,2025
2025-06-05,22:00,18,11.738473944487911,6.261526055512089,ridge_challenger,EXPERIMENT_ONLY,2025
2025-06-06,22:00,12,14.841175839970113,2.841175839970113,ridge_challenger,EXPERIMENT_ONLY,2025
2025-06-07,22:00,11,11.632690807194374,0.6326908071943738,ridge_challenger,EXPERIMENT_ONLY,2025
2025-06-08,22:00,11,12.549330144533343,1.549330144533343,ridge_challenger,EXPERIMENT_ONLY,2025
2025-06-09,22:00,11,10.672715894513514,0.3272841054864859,ridge_challenger,EXPERIMENT_ONLY,2025
2025-06-10,22:00,11,11.894460760014544,0.8944607600145442,ridge_challenger,EXPERIMENT_ONLY,2025
2025-06-11,22:00,16,14.022940642725946,1.9770593572740545,ridge_challenger,EXPERIMENT_ONLY,2025
2025-06-12,22:00,15,14.24242427054438,0.7575757294556205,ridge_challenger,EXPERIMENT_ONLY,2025
2025-06-13,22:00,13,13.710909464694497,0.7109094646944971,ridge_challenger,EXPERIMENT_ONLY,2025
2025-06-14,22:00,11,13.19376124444399,2.1937612444439907,ridge_challenger,EXPERIMENT_ONLY,2025
2025-06-15,22:00,12,11.057422605998868,0.9425773940011322,ridge_challenger,EXPERIMENT_ONLY,2025
2025-06-16,22:00,12,11.963196663130818,0.036803336869182246,ridge_challenger,EXPERIMENT_ONLY,2025
2025-06-17,22:00,12,11.547340026495933,0.4526599735040673,ridge_challenger,EXPERIMENT_ONLY,2025
2025-06-18,22:00,13,12.52913172928115,0.4708682707188494,ridge_challenger,EXPERIMENT_ONLY,2025
2025-06-19,22:00,15,14.01296448021878,0.9870355197812195,ridge_challenger,EXPERIMENT_ONLY,2025
2025-06-20,22:00,15,16.181637447701117,1.1816374477011173,ridge_challenger,EXPERIMENT_ONLY,2025
2025-06-21,22:00,12,13.021191767651306,1.021191767651306,ridge_challenger,EXPERIMENT_ONLY,2025
2025-06-22,22:00,13,9.402674424455855,3.5973255755441453,ridge_challenger,EXPERIMENT_ONLY,2025
2025-06-23,22:00,13,11.756585593658677,1.2434144063413228,ridge_challenger,EXPERIMENT_ONLY,2025
2025-06-24,22:00,14,14.118458383199016,0.11845838319901603,ridge_challenger,EXPERIMENT_ONLY,2025
2025-06-25,22:00,15,14.756866995762218,0.24313300423778195,ridge_challenger,EXPERIMENT_ONLY,2025
2025-06-26,22:00,17,15.726436488004468,1.2735635119955315,ridge_challenger,EXPERIMENT_ONLY,2025
2025-06-27,22:00,17,16.403658034015024,0.5963419659849762,ridge_challenger,EXPERIMENT_ONLY,2025
2025-06-28,22:00,13,16.677205453401818,3.677205453401818,ridge_challenger,EXPERIMENT_ONLY,2025
2025-06-29,22:00,13,13.903972377266538,0.9039723772665376,ridge_challenger,EXPERIMENT_ONLY,2025
2025-06-30,22:00,16,14.201088616909253,1.798911383090747,ridge_challenger,EXPERIMENT_ONLY,2025
2025-07-01,22:00,12,14.061373092778467,2.0613730927784673,ridge_challenger,EXPERIMENT_ONLY,2025
2025-07-02,22:00,13,13.620820189545956,0.620820189545956,ridge_challenger,EXPERIMENT_ONLY,2025
2025-07-03,22:00,12,14.04482128279433,2.044821282794331,ridge_challenger,EXPERIMENT_ONLY,2025
2025-07-04,22:00,13,13.795013810380114,0.7950138103801141,ridge_challenger,EXPERIMENT_ONLY,2025
2025-07-05,22:00,12,13.243022442086824,1.2430224420868239,ridge_challenger,EXPERIMENT_ONLY,2025
2025-07-06,22:00,10,12.35033641572895,2.3503364157289504,ridge_challenger,EXPERIMENT_ONLY,2025
2025-07-07,22:00,10,10.73374685024661,0.7337468502466091,ridge_challenger,EXPERIMENT_ONLY,2025
2025-07-08,22:00,13,11.46984541543888,1.5301545845611209,ridge_challenger,EXPERIMENT_ONLY,2025
2025-07-09,22:00,12,12.633972672732732,0.6339726727327317,ridge_challenger,EXPERIMENT_ONLY,2025
2025-07-10,22:00,16,14.176649679277876,1.823350320722124,ridge_challenger,EXPERIMENT_ONLY,2025
2025-07-11,22:00,16,15.664279055904922,0.3357209440950779,ridge_challenger,EXPERIMENT_ONLY,2025
2025-07-12,22:00,15,15.590990674105962,0.5909906741059618,ridge_challenger,EXPERIMENT_ONLY,2025
2025-07-13,22:00,15,14.548938949309337,0.4510610506906634,ridge_challenger,EXPERIMENT_ONLY,2025
2025-07-14,22:00,14,14.854358983625078,0.8543589836250778,ridge_challenger,EXPERIMENT_ONLY,2025
2025-07-15,22:00,15,15.593472182237544,0.5934721822375444,ridge_challenger,EXPERIMENT_ONLY,2025
2025-07-16,22:00,14,13.167275490873543,0.8327245091264572,ridge_challenger,EXPERIMENT_ONLY,2025
2025-07-17,22:00,13,15.158653517511699,2.1586535175116985,ridge_challenger,EXPERIMENT_ONLY,2025
2025-07-18,22:00,12,13.260647149336748,1.260647149336748,ridge_challenger,EXPERIMENT_ONLY,2025
2025-07-19,22:00,13,13.322804864316776,0.322804864316776,ridge_challenger,EXPERIMENT_ONLY,2025
2025-07-20,22:00,12,12.492691964571357,0.4926919645713568,ridge_challenger,EXPERIMENT_ONLY,2025
2025-07-21,22:00,12,11.544540793700003,0.4554592062999969,ridge_challenger,EXPERIMENT_ONLY,2025
2025-07-22,22:00,12,12.243171513463928,0.24317151346392762,ridge_challenger,EXPERIMENT_ONLY,2025
2025-07-23,22:00,12,13.397450611964368,1.3974506119643682,ridge_challenger,EXPERIMENT_ONLY,2025
2025-07-24,22:00,14,12.07507515500175,1.92492484499825,ridge_challenger,EXPERIMENT_ONLY,2025
2025-07-25,22:00,14,14.082718332406996,0.082718332406996,ridge_challenger,EXPERIMENT_ONLY,2025
2025-07-26,22:00,15,13.516583279416773,1.483416720583227,ridge_challenger,EXPERIMENT_ONLY,2025
2025-07-27,22:00,15,14.86441843462568,0.13558156537431998,ridge_challenger,EXPERIMENT_ONLY,2025
2025-07-28,22:00,14,15.922636450007845,1.922636450007845,ridge_challenger,EXPERIMENT_ONLY,2025
2025-07-29,22:00,16,15.292950530702713,0.7070494692972868,ridge_challenger,EXPERIMENT_ONLY,2025
2025-07-30,22:00,15,14.888843583077488,0.11115641692251188,ridge_challenger,EXPERIMENT_ONLY,2025
2025-07-31,22:00,12,13.682780787134327,1.6827807871343268,ridge_challenger,EXPERIMENT_ONLY,2025
2025-08-01,22:00,11,12.99409826773254,1.9940982677325394,ridge_challenger,EXPERIMENT_ONLY,2025
2025-08-02,22:00,14,12.69772087982611,1.3022791201738908,ridge_challenger,EXPERIMENT_ONLY,2025
2025-08-03,22:00,11,12.776998076335204,1.7769980763352038,ridge_challenger,EXPERIMENT_ONLY,2025
2025-08-04,22:00,11,13.184289275028279,2.184289275028279,ridge_challenger,EXPERIMENT_ONLY,2025
2025-08-05,22:00,15,12.41628470002251,2.5837152999774897,ridge_challenger,EXPERIMENT_ONLY,2025
2025-08-06,22:00,13,13.188770852102236,0.18877085210223576,ridge_challenger,EXPERIMENT_ONLY,2025
2025-08-07,22:00,15,14.300110523740113,0.6998894762598873,ridge_challenger,EXPERIMENT_ONLY,2025
2025-08-08,22:00,14,13.922595906732338,0.07740409326766162,ridge_challenger,EXPERIMENT_ONLY,2025
2025-08-09,22:00,9,11.83658592180473,2.83658592180473,ridge_challenger,EXPERIMENT_ONLY,2025
2025-08-10,22:00,9,10.114725108018673,1.114725108018673,ridge_challenger,EXPERIMENT_ONLY,2025
2025-08-11,22:00,10,10.147712519062129,0.14771251906212868,ridge_challenger,EXPERIMENT_ONLY,2025
2025-08-12,22:00,11,10.887940529844824,0.11205947015517559,ridge_challenger,EXPERIMENT_ONLY,2025
2025-08-13,22:00,11,12.188441093332404,1.188441093332404,ridge_challenger,EXPERIMENT_ONLY,2025
2025-08-14,22:00,12,13.134130135517534,1.134130135517534,ridge_challenger,EXPERIMENT_ONLY,2025
2025-08-15,22:00,15,13.142774624278562,1.8572253757214376,ridge_challenger,EXPERIMENT_ONLY,2025
2025-08-16,22:00,13,15.072730861534954,2.0727308615349536,ridge_challenger,EXPERIMENT_ONLY,2025
2025-08-17,22:00,14,14.172750743637417,0.17275074363741716,ridge_challenger,EXPERIMENT_ONLY,2025
2025-08-18,22:00,14,16.110438288507016,2.110438288507016,ridge_challenger,EXPERIMENT_ONLY,2025
2025-08-19,22:00,12,12.360233550078123,0.36023355007812263,ridge_challenger,EXPERIMENT_ONLY,2025
2025-08-20,22:00,11,12.15455615548238,1.1545561554823802,ridge_challenger,EXPERIMENT_ONLY,2025
2025-08-21,22:00,11,10.74234679690833,0.25765320309166917,ridge_challenger,EXPERIMENT_ONLY,2025
2025-08-22,22:00,12,12.021015325521422,0.0210153255214216,ridge_challenger,EXPERIMENT_ONLY,2025
2025-08-23,22:00,12,12.42298787216656,0.4229878721665603,ridge_challenger,EXPERIMENT_ONLY,2025
2025-08-24,22:00,15,12.408101960519518,2.5918980394804816,ridge_challenger,EXPERIMENT_ONLY,2025
2025-08-25,22:00,13,14.208766943055211,1.2087669430552115,ridge_challenger,EXPERIMENT_ONLY,2025
2025-08-26,22:00,14,14.189524366196647,0.1895243661966468,ridge_challenger,EXPERIMENT_ONLY,2025
2025-08-27,22:00,16,15.43798960904635,0.5620103909536507,ridge_challenger,EXPERIMENT_ONLY,2025
2025-08-28,22:00,15,14.943954310188586,0.056045689811414334,ridge_challenger,EXPERIMENT_ONLY,2025
2025-08-29,22:00,16,16.14899321854119,0.14899321854118952,ridge_challenger,EXPERIMENT_ONLY,2025
2025-08-30,22:00,16,16.132160044457514,0.13216004445751395,ridge_challenger,EXPERIMENT_ONLY,2025
2025-08-31,22:00,14,13.586590272094291,0.41340972790570873,ridge_challenger,EXPERIMENT_ONLY,2025
2025-09-01,22:00,16,15.211450179018833,0.7885498209811672,ridge_challenger,EXPERIMENT_ONLY,2025
2025-09-02,22:00,16,16.743437098155493,0.7434370981554927,ridge_challenger,EXPERIMENT_ONLY,2025
2025-09-03,22:00,14,13.169382636622085,0.8306173633779146,ridge_challenger,EXPERIMENT_ONLY,2025
2025-09-04,22:00,16,15.979016955717254,0.020983044282745666,ridge_challenger,EXPERIMENT_ONLY,2025
2025-09-05,22:00,16,17.2049865279598,1.2049865279598002,ridge_challenger,EXPERIMENT_ONLY,2025
2025-09-06,22:00,13,16.00638284633064,3.0063828463306415,ridge_challenger,EXPERIMENT_ONLY,2025
2025-09-07,22:00,14,13.553196357475153,0.4468036425248467,ridge_challenger,EXPERIMENT_ONLY,2025
2025-09-08,22:00,13,12.80158568693295,0.19841431306704926,ridge_challenger,EXPERIMENT_ONLY,2025
2025-09-09,22:00,14,14.581826886029548,0.5818268860295479,ridge_challenger,EXPERIMENT_ONLY,2025
2025-09-10,22:00,16,14.6428520886484,1.3571479113515998,ridge_challenger,EXPERIMENT_ONLY,2025
2025-09-11,22:00,14,15.859586210453987,1.8595862104539869,ridge_challenger,EXPERIMENT_ONLY,2025
2025-09-12,22:00,13,13.877790010734726,0.8777900107347261,ridge_challenger,EXPERIMENT_ONLY,2025
2025-09-13,22:00,17,13.967971749609973,3.0320282503900273,ridge_challenger,EXPERIMENT_ONLY,2025
2025-09-14,22:00,13,15.247417480126742,2.2474174801267424,ridge_challenger,EXPERIMENT_ONLY,2025
2025-09-15,22:00,17,14.069228157684943,2.930771842315057,ridge_challenger,EXPERIMENT_ONLY,2025
2025-09-16,22:00,20,19.16276721167275,0.837232788327249,ridge_challenger,EXPERIMENT_ONLY,2025
2025-09-17,22:00,16,18.664133944751896,2.664133944751896,ridge_challenger,EXPERIMENT_ONLY,2025
2025-09-18,22:00,17,17.12183667860315,0.12183667860314884,ridge_challenger,EXPERIMENT_ONLY,2025
2025-09-19,22:00,11,12.772692171660886,1.7726921716608857,ridge_challenger,EXPERIMENT_ONLY,2025
2025-09-20,22:00,14,14.484826870138953,0.48482687013895287,ridge_challenger,EXPERIMENT_ONLY,2025
2025-09-21,22:00,16,15.573478315406033,0.42652168459396655,ridge_challenger,EXPERIMENT_ONLY,2025
2025-09-22,22:00,15,15.995970564042516,0.9959705640425156,ridge_challenger,EXPERIMENT_ONLY,2025
2025-09-23,22:00,15,16.351875605871864,1.3518756058718644,ridge_challenger,EXPERIMENT_ONLY,2025
2025-09-24,22:00,15,17.061701477997254,2.0617014779972536,ridge_challenger,EXPERIMENT_ONLY,2025
2025-09-25,22:00,16,16.32687605121479,0.32687605121478924,ridge_challenger,EXPERIMENT_ONLY,2025
2025-09-26,22:00,15,14.635462566609238,0.36453743339076183,ridge_challenger,EXPERIMENT_ONLY,2025
2025-09-27,22:00,16,15.257244629681683,0.7427553703183172,ridge_challenger,EXPERIMENT_ONLY,2025
2025-09-28,22:00,18,17.766942696526748,0.23305730347325238,ridge_challenger,EXPERIMENT_ONLY,2025
2025-09-29,22:00,19,18.197788048011997,0.8022119519880029,ridge_challenger,EXPERIMENT_ONLY,2025
2025-09-30,22:00,15,16.752331324431672,1.7523313244316725,ridge_challenger,EXPERIMENT_ONLY,2025
2025-10-01,22:00,15,15.421444651072571,0.4214446510725711,ridge_challenger,EXPERIMENT_ONLY,2025
2025-10-02,22:00,13,14.2802414020894,1.2802414020894002,ridge_challenger,EXPERIMENT_ONLY,2025
2025-10-03,22:00,14,13.835384494289407,0.1646155057105929,ridge_challenger,EXPERIMENT_ONLY,2025
2025-10-04,22:00,17,16.327633360907452,0.672366639092548,ridge_challenger,EXPERIMENT_ONLY,2025
2025-10-05,22:00,14,15.134552317195126,1.1345523171951264,ridge_challenger,EXPERIMENT_ONLY,2025
2025-10-06,22:00,15,13.547248326408713,1.4527516735912869,ridge_challenger,EXPERIMENT_ONLY,2025
2025-10-07,22:00,16,15.883060393245342,0.11693960675465753,ridge_challenger,EXPERIMENT_ONLY,2025
2025-10-08,22:00,17,16.218847886541074,0.7811521134589263,ridge_challenger,EXPERIMENT_ONLY,2025
2025-10-09,22:00,17,17.54689857992395,0.5468985799239512,ridge_challenger,EXPERIMENT_ONLY,2025
2025-10-10,22:00,18,18.15224449103467,0.15224449103466853,ridge_challenger,EXPERIMENT_ONLY,2025
2025-10-11,22:00,17,18.48789784506441,1.4878978450644098,ridge_challenger,EXPERIMENT_ONLY,2025
2025-10-12,22:00,18,17.609146687394844,0.3908533126051559,ridge_challenger,EXPERIMENT_ONLY,2025
2025-10-13,22:00,17,18.67554589444802,1.675545894448021,ridge_challenger,EXPERIMENT_ONLY,2025
2025-10-14,22:00,16,12.843868733220795,3.156131266779205,ridge_challenger,EXPERIMENT_ONLY,2025
2025-10-15,22:00,16,15.364398644407087,0.6356013555929128,ridge_challenger,EXPERIMENT_ONLY,2025
2025-10-16,22:00,18,17.10336996265366,0.8966300373463412,ridge_challenger,EXPERIMENT_ONLY,2025
2025-10-17,22:00,16,17.403475459053638,1.403475459053638,ridge_challenger,EXPERIMENT_ONLY,2025
2025-10-18,22:00,16,17.15067125986816,1.1506712598681617,ridge_challenger,EXPERIMENT_ONLY,2025
2025-10-19,22:00,18,17.759028993434885,0.24097100656511472,ridge_challenger,EXPERIMENT_ONLY,2025
2025-10-20,22:00,17,17.074912356141777,0.07491235614177683,ridge_challenger,EXPERIMENT_ONLY,2025
2025-10-21,22:00,18,18.643755893461293,0.643755893461293,ridge_challenger,EXPERIMENT_ONLY,2025
2025-10-22,22:00,15,17.68619797124193,2.6861979712419313,ridge_challenger,EXPERIMENT_ONLY,2025
2025-10-23,22:00,19,18.09417853977386,0.9058214602261394,ridge_challenger,EXPERIMENT_ONLY,2025
2025-10-24,22:00,17,19.215871827893732,2.215871827893732,ridge_challenger,EXPERIMENT_ONLY,2025
2025-10-25,22:00,17,17.47224571904211,0.4722457190421103,ridge_challenger,EXPERIMENT_ONLY,2025
2025-10-26,22:00,17,16.39897581511544,0.6010241848845617,ridge_challenger,EXPERIMENT_ONLY,2025
2025-10-27,22:00,17,17.40464108084241,0.4046410808424099,ridge_challenger,EXPERIMENT_ONLY,2025
2025-10-28,22:00,16,15.374248283175884,0.6257517168241158,ridge_challenger,EXPERIMENT_ONLY,2025
2025-10-29,22:00,15,15.121732786292114,0.12173278629211381,ridge_challenger,EXPERIMENT_ONLY,2025
2025-10-30,22:00,17,16.738610906796357,0.26138909320364334,ridge_challenger,EXPERIMENT_ONLY,2025
2025-10-31,22:00,19,18.11730163745504,0.8826983625449607,ridge_challenger,EXPERIMENT_ONLY,2025
2025-11-01,22:00,17,17.888215848737847,0.8882158487378469,ridge_challenger,EXPERIMENT_ONLY,2025
2025-11-02,22:00,16,17.581159819052857,1.581159819052857,ridge_challenger,EXPERIMENT_ONLY,2025
2025-11-03,22:00,17,17.34551803681869,0.34551803681868876,ridge_challenger,EXPERIMENT_ONLY,2025
2025-11-04,22:00,17,17.385726472841274,0.3857264728412737,ridge_challenger,EXPERIMENT_ONLY,2025
2025-11-05,22:00,19,18.244037854260384,0.7559621457396162,ridge_challenger,EXPERIMENT_ONLY,2025
2025-11-06,22:00,18,20.106108124647818,2.106108124647818,ridge_challenger,EXPERIMENT_ONLY,2025
2025-11-07,22:00,19,16.632414908070253,2.3675850919297474,ridge_challenger,EXPERIMENT_ONLY,2025
2025-11-08,22:00,19,19.51886504897546,0.51886504897546,ridge_challenger,EXPERIMENT_ONLY,2025
2025-11-09,22:00,19,19.01881882411117,0.01881882411117175,ridge_challenger,EXPERIMENT_ONLY,2025
2025-11-10,22:00,19,19.484079678782738,0.48407967878273794,ridge_challenger,EXPERIMENT_ONLY,2025
2025-11-11,22:00,17,17.69255965402692,0.692559654026919,ridge_challenger,EXPERIMENT_ONLY,2025
2025-11-12,22:00,19,16.566638774701808,2.433361225298192,ridge_challenger,EXPERIMENT_ONLY,2025
2025-11-13,22:00,18,17.051895013801822,0.9481049861981781,ridge_challenger,EXPERIMENT_ONLY,2025
2025-11-14,22:00,19,19.37334508399858,0.37334508399857924,ridge_challenger,EXPERIMENT_ONLY,2025
2025-11-15,22:00,19,16.439852001872254,2.5601479981277464,ridge_challenger,EXPERIMENT_ONLY,2025
2025-11-16,22:00,19,19.709410533378904,0.7094105333789038,ridge_challenger,EXPERIMENT_ONLY,2025
2025-11-17,22:00,21,19.669383510625075,1.3306164893749255,ridge_challenger,EXPERIMENT_ONLY,2025
2025-11-18,22:00,23,20.91616461197423,2.0838353880257685,ridge_challenger,EXPERIMENT_ONLY,2025
2025-11-19,22:00,22,22.292583556017746,0.2925835560177461,ridge_challenger,EXPERIMENT_ONLY,2025
2025-11-20,22:00,20,21.993123794995938,1.9931237949959382,ridge_challenger,EXPERIMENT_ONLY,2025
2025-11-21,22:00,20,20.26416652371716,0.26416652371716154,ridge_challenger,EXPERIMENT_ONLY,2025
2025-11-22,22:00,17,17.865102371255006,0.8651023712550057,ridge_challenger,EXPERIMENT_ONLY,2025
2025-11-23,22:00,20,19.202878858648532,0.797121141351468,ridge_challenger,EXPERIMENT_ONLY,2025
2025-11-24,22:00,18,15.479046558867303,2.520953441132697,ridge_challenger,EXPERIMENT_ONLY,2025
2025-11-25,22:00,22,19.899248000607553,2.100751999392447,ridge_challenger,EXPERIMENT_ONLY,2025
2025-11-26,22:00,21,21.97494740459259,0.9749474045925908,ridge_challenger,EXPERIMENT_ONLY,2025
2025-11-27,22:00,21,21.361726734555123,0.3617267345551234,ridge_challenger,EXPERIMENT_ONLY,2025
2025-11-28,22:00,21,19.797120770648352,1.2028792293516481,ridge_challenger,EXPERIMENT_ONLY,2025
2025-11-29,22:00,21,19.88434648396538,1.1156535160346195,ridge_challenger,EXPERIMENT_ONLY,2025
2025-11-30,22:00,21,20.672547759732176,0.3274522402678244,ridge_challenger,EXPERIMENT_ONLY,2025
2025-12-01,22:00,19,21.21493680326232,2.2149368032623187,ridge_challenger,EXPERIMENT_ONLY,2025
2025-12-02,22:00,20,17.804373514948526,2.1956264850514735,ridge_challenger,EXPERIMENT_ONLY,2025
2025-12-03,22:00,15,16.71741256250364,1.7174125625036396,ridge_challenger,EXPERIMENT_ONLY,2025
2025-12-04,22:00,17,15.683321468626684,1.3166785313733165,ridge_challenger,EXPERIMENT_ONLY,2025
2025-12-05,22:00,21,19.62616405152858,1.3738359484714202,ridge_challenger,EXPERIMENT_ONLY,2025
2025-12-06,22:00,22,21.450234992782022,0.549765007217978,ridge_challenger,EXPERIMENT_ONLY,2025
2025-12-07,22:00,21,21.0852176784279,0.08521767842789885,ridge_challenger,EXPERIMENT_ONLY,2025
2025-12-08,22:00,22,20.631322197862048,1.3686778021379524,ridge_challenger,EXPERIMENT_ONLY,2025
2025-12-09,22:00,23,23.65022777188564,0.6502277718856391,ridge_challenger,EXPERIMENT_ONLY,2025
2025-12-10,22:00,23,23.3406556429982,0.3406556429982004,ridge_challenger,EXPERIMENT_ONLY,2025
2025-12-11,22:00,19,20.19135166845244,1.191351668452441,ridge_challenger,EXPERIMENT_ONLY,2025
2025-12-12,22:00,18,17.85856359112815,0.14143640887185072,ridge_challenger,EXPERIMENT_ONLY,2025
2025-12-13,22:00,18,19.491798391136033,1.491798391136033,ridge_challenger,EXPERIMENT_ONLY,2025
2025-12-14,22:00,23,21.274318640280843,1.7256813597191574,ridge_challenger,EXPERIMENT_ONLY,2025
2025-12-15,22:00,21,21.954483604362537,0.9544836043625367,ridge_challenger,EXPERIMENT_ONLY,2025
2025-12-16,22:00,20,19.643799311815314,0.35620068818468553,ridge_challenger,EXPERIMENT_ONLY,2025
2025-12-17,22:00,16,16.48098719960119,0.4809871996011914,ridge_challenger,EXPERIMENT_ONLY,2025
2025-12-18,22:00,19,17.54324495921435,1.4567550407856515,ridge_challenger,EXPERIMENT_ONLY,2025
2025-12-19,22:00,20,20.022561418112417,0.022561418112417186,ridge_challenger,EXPERIMENT_ONLY,2025
2025-12-20,22:00,19,16.83594129653132,2.1640587034686796,ridge_challenger,EXPERIMENT_ONLY,2025
2025-12-21,22:00,16,17.511052820290438,1.5110528202904376,ridge_challenger,EXPERIMENT_ONLY,2025
2025-12-22,22:00,20,18.996269975933416,1.0037300240665843,ridge_challenger,EXPERIMENT_ONLY,2025
2025-12-23,22:00,23,20.523464538277185,2.476535461722815,ridge_challenger,EXPERIMENT_ONLY,2025
2025-12-24,22:00,22,22.44282657797038,0.4428265779703793,ridge_challenger,EXPERIMENT_ONLY,2025
2025-12-25,22:00,20,21.358976629145346,1.3589766291453458,ridge_challenger,EXPERIMENT_ONLY,2025
2025-12-26,22:00,19,19.042593903456158,0.04259390345615799,ridge_challenger,EXPERIMENT_ONLY,2025
2025-12-27,22:00,20,19.5814538960705,0.41854610392950065,ridge_challenger,EXPERIMENT_ONLY,2025
2025-12-28,22:00,19,20.129989021273236,1.1299890212732357,ridge_challenger,EXPERIMENT_ONLY,2025
2025-12-29,22:00,19,20.400708229895603,1.4007082298956028,ridge_challenger,EXPERIMENT_ONLY,2025
2025-12-30,22:00,17,16.785123024418965,0.2148769755810349,ridge_challenger,EXPERIMENT_ONLY,2025
2025-12-31,22:00,16,16.304660235298552,0.30466023529855235,ridge_challenger,EXPERIMENT_ONLY,2025
2025-01-01,23:00,15,15.333155083490215,0.3331550834902153,ridge_challenger,EXPERIMENT_ONLY,2025
2025-01-02,23:00,19,15.547817828277363,3.4521821717226366,ridge_challenger,EXPERIMENT_ONLY,2025
2025-01-03,23:00,21,18.81057358335501,2.1894264166449915,ridge_challenger,EXPERIMENT_ONLY,2025
2025-01-04,23:00,17,17.098492967928568,0.09849296792856777,ridge_challenger,EXPERIMENT_ONLY,2025
2025-01-05,23:00,14,16.51300659760224,2.5130065976022387,ridge_challenger,EXPERIMENT_ONLY,2025
2025-01-06,23:00,15,14.545684591976228,0.45431540802377235,ridge_challenger,EXPERIMENT_ONLY,2025
2025-01-07,23:00,21,15.526225767658165,5.473774232341835,ridge_challenger,EXPERIMENT_ONLY,2025
2025-01-08,23:00,17,16.431339335937807,0.5686606640621932,ridge_challenger,EXPERIMENT_ONLY,2025
2025-01-09,23:00,18,17.687294989138273,0.31270501086172686,ridge_challenger,EXPERIMENT_ONLY,2025
2025-01-10,23:00,17,17.970505393981774,0.9705053939817745,ridge_challenger,EXPERIMENT_ONLY,2025
2025-01-11,23:00,18,16.785173706402674,1.2148262935973264,ridge_challenger,EXPERIMENT_ONLY,2025
2025-01-12,23:00,16,16.187448725284288,0.18744872528428758,ridge_challenger,EXPERIMENT_ONLY,2025
2025-01-13,23:00,17,16.614152777806606,0.3858472221933944,ridge_challenger,EXPERIMENT_ONLY,2025
2025-01-14,23:00,17,16.99899501098231,0.0010049890176908605,ridge_challenger,EXPERIMENT_ONLY,2025
2025-01-15,23:00,17,15.618786574410386,1.381213425589614,ridge_challenger,EXPERIMENT_ONLY,2025
2025-01-16,23:00,17,17.545939168806402,0.5459391688064024,ridge_challenger,EXPERIMENT_ONLY,2025
2025-01-17,23:00,20,19.660328558637275,0.3396714413627251,ridge_challenger,EXPERIMENT_ONLY,2025
2025-01-18,23:00,19,19.30691817304017,0.3069181730401702,ridge_challenger,EXPERIMENT_ONLY,2025
2025-01-19,23:00,19,17.864158158932185,1.1358418410678155,ridge_challenger,EXPERIMENT_ONLY,2025
2025-01-20,23:00,18,17.551885116633827,0.44811488336617344,ridge_challenger,EXPERIMENT_ONLY,2025
2025-01-21,23:00,21,19.867610252960443,1.1323897470395572,ridge_challenger,EXPERIMENT_ONLY,2025
2025-01-22,23:00,23,19.056444204555017,3.9435557954449827,ridge_challenger,EXPERIMENT_ONLY,2025
2025-01-23,23:00,24,22.841072122592635,1.1589278774073648,ridge_challenger,EXPERIMENT_ONLY,2025
2025-01-24,23:00,19,20.546825423826935,1.5468254238269346,ridge_challenger,EXPERIMENT_ONLY,2025
2025-01-25,23:00,26,20.78411333345093,5.215886666549071,ridge_challenger,EXPERIMENT_ONLY,2025
2025-01-26,23:00,25,22.217252152670213,2.7827478473297873,ridge_challenger,EXPERIMENT_ONLY,2025
2025-01-27,23:00,17,18.59928107019858,1.599281070198579,ridge_challenger,EXPERIMENT_ONLY,2025
2025-01-28,23:00,21,17.260251549498356,3.7397484505016436,ridge_challenger,EXPERIMENT_ONLY,2025
2025-01-29,23:00,20,20.413054134952066,0.4130541349520662,ridge_challenger,EXPERIMENT_ONLY,2025
2025-01-30,23:00,19,18.352263306498493,0.647736693501507,ridge_challenger,EXPERIMENT_ONLY,2025
2025-01-31,23:00,22,20.8825380036074,1.1174619963925991,ridge_challenger,EXPERIMENT_ONLY,2025
2025-02-01,23:00,22,22.64260555874085,0.6426055587408506,ridge_challenger,EXPERIMENT_ONLY,2025
2025-02-02,23:00,19,19.0362339511558,0.036233951155800526,ridge_challenger,EXPERIMENT_ONLY,2025
2025-02-03,23:00,23,20.770794947162123,2.2292050528378766,ridge_challenger,EXPERIMENT_ONLY,2025
2025-02-04,23:00,20,21.39585759796145,1.3958575979614487,ridge_challenger,EXPERIMENT_ONLY,2025
2025-02-05,23:00,19,19.14257528936171,0.1425752893617087,ridge_challenger,EXPERIMENT_ONLY,2025
2025-02-06,23:00,21,20.599643796523722,0.400356203476278,ridge_challenger,EXPERIMENT_ONLY,2025
2025-02-07,23:00,19,20.070332307205785,1.0703323072057849,ridge_challenger,EXPERIMENT_ONLY,2025
2025-02-08,23:00,25,21.227072171075523,3.7729278289244768,ridge_challenger,EXPERIMENT_ONLY,2025
2025-02-09,23:00,24,23.891907748373107,0.10809225162689273,ridge_challenger,EXPERIMENT_ONLY,2025
2025-02-10,23:00,19,21.333752507365986,2.333752507365986,ridge_challenger,EXPERIMENT_ONLY,2025
2025-02-11,23:00,19,18.640266334620797,0.3597336653792027,ridge_challenger,EXPERIMENT_ONLY,2025
2025-02-12,23:00,20,19.406595338560816,0.5934046614391839,ridge_challenger,EXPERIMENT_ONLY,2025
2025-02-13,23:00,20,19.63087630755137,0.3691236924486283,ridge_challenger,EXPERIMENT_ONLY,2025
2025-02-14,23:00,22,21.077720978536796,0.9222790214632042,ridge_challenger,EXPERIMENT_ONLY,2025
2025-02-15,23:00,25,22.760502931131363,2.239497068868637,ridge_challenger,EXPERIMENT_ONLY,2025
2025-02-16,23:00,24,23.190244526135146,0.809755473864854,ridge_challenger,EXPERIMENT_ONLY,2025
2025-02-17,23:00,24,23.446968893484534,0.5530311065154656,ridge_challenger,EXPERIMENT_ONLY,2025
2025-02-18,23:00,23,21.15994138993214,1.8400586100678602,ridge_challenger,EXPERIMENT_ONLY,2025
2025-02-19,23:00,23,21.76627358404745,1.2337264159525496,ridge_challenger,EXPERIMENT_ONLY,2025
2025-02-20,23:00,24,23.70783131979538,0.2921686802046217,ridge_challenger,EXPERIMENT_ONLY,2025
2025-02-21,23:00,22,23.208171420869537,1.2081714208695367,ridge_challenger,EXPERIMENT_ONLY,2025
2025-02-22,23:00,24,20.330760411239325,3.669239588760675,ridge_challenger,EXPERIMENT_ONLY,2025
2025-02-23,23:00,21,22.315006816280768,1.3150068162807678,ridge_challenger,EXPERIMENT_ONLY,2025
2025-02-24,23:00,23,20.49176193297687,2.508238067023129,ridge_challenger,EXPERIMENT_ONLY,2025
2025-02-25,23:00,23,23.05048969794161,0.050489697941610956,ridge_challenger,EXPERIMENT_ONLY,2025
2025-02-26,23:00,19,21.93772159561567,2.9377215956156704,ridge_challenger,EXPERIMENT_ONLY,2025
2025-02-27,23:00,21,20.037856973739483,0.9621430262605166,ridge_challenger,EXPERIMENT_ONLY,2025
2025-02-28,23:00,21,21.359298411373214,0.3592984113732136,ridge_challenger,EXPERIMENT_ONLY,2025
2025-03-01,23:00,24,21.650649154968594,2.349350845031406,ridge_challenger,EXPERIMENT_ONLY,2025
2025-03-02,23:00,26,23.149182224002438,2.8508177759975624,ridge_challenger,EXPERIMENT_ONLY,2025
2025-03-03,23:00,25,24.6973594008461,0.30264059915390007,ridge_challenger,EXPERIMENT_ONLY,2025
2025-03-04,23:00,21,20.863321148448424,0.13667885155157578,ridge_challenger,EXPERIMENT_ONLY,2025
2025-03-05,23:00,16,16.72731028151531,0.7273102815153116,ridge_challenger,EXPERIMENT_ONLY,2025
2025-03-06,23:00,17,15.937932925063034,1.0620670749369658,ridge_challenger,EXPERIMENT_ONLY,2025
2025-03-07,23:00,20,16.47166130572343,3.52833869427657,ridge_challenger,EXPERIMENT_ONLY,2025
2025-03-08,23:00,17,18.957422000040143,1.9574220000401432,ridge_challenger,EXPERIMENT_ONLY,2025
2025-03-09,23:00,19,18.2197193040209,0.7802806959791013,ridge_challenger,EXPERIMENT_ONLY,2025
2025-03-10,23:00,22,17.005234481075263,4.994765518924737,ridge_challenger,EXPERIMENT_ONLY,2025
2025-03-11,23:00,22,21.02014978613581,0.9798502138641894,ridge_challenger,EXPERIMENT_ONLY,2025
2025-03-12,23:00,18,18.40236396051553,0.4023639605155296,ridge_challenger,EXPERIMENT_ONLY,2025
2025-03-13,23:00,17,15.478106593092065,1.5218934069079353,ridge_challenger,EXPERIMENT_ONLY,2025
2025-03-14,23:00,21,18.223439615528104,2.776560384471896,ridge_challenger,EXPERIMENT_ONLY,2025
2025-03-15,23:00,22,21.650318487319602,0.34968151268039804,ridge_challenger,EXPERIMENT_ONLY,2025
2025-03-16,23:00,23,22.324555814382716,0.6754441856172839,ridge_challenger,EXPERIMENT_ONLY,2025
2025-03-17,23:00,22,22.4589729953258,0.4589729953258015,ridge_challenger,EXPERIMENT_ONLY,2025
2025-03-18,23:00,22,22.521473209945515,0.5214732099455155,ridge_challenger,EXPERIMENT_ONLY,2025
2025-03-19,23:00,16,15.745271952678095,0.2547280473219047,ridge_challenger,EXPERIMENT_ONLY,2025
2025-03-20,23:00,16,15.876633440435942,0.12336655956405806,ridge_challenger,EXPERIMENT_ONLY,2025
2025-03-21,23:00,18,16.711939015966625,1.2880609840333754,ridge_challenger,EXPERIMENT_ONLY,2025
2025-03-22,23:00,21,18.77082613456714,2.229173865432859,ridge_challenger,EXPERIMENT_ONLY,2025
2025-03-23,23:00,22,21.231927380070257,0.7680726199297432,ridge_challenger,EXPERIMENT_ONLY,2025
2025-03-24,23:00,19,18.552692022861613,0.44730797713838655,ridge_challenger,EXPERIMENT_ONLY,2025
2025-03-25,23:00,20,20.409642950369317,0.4096429503693173,ridge_challenger,EXPERIMENT_ONLY,2025
2025-03-26,23:00,18,19.381595071359907,1.3815950713599072,ridge_challenger,EXPERIMENT_ONLY,2025
2025-03-27,23:00,22,19.777132451714397,2.2228675482856026,ridge_challenger,EXPERIMENT_ONLY,2025
2025-03-28,23:00,18,18.180151742654825,0.18015174265482514,ridge_challenger,EXPERIMENT_ONLY,2025
2025-03-29,23:00,19,18.863505760249108,0.13649423975089192,ridge_challenger,EXPERIMENT_ONLY,2025
2025-03-30,23:00,21,19.698011978798334,1.301988021201666,ridge_challenger,EXPERIMENT_ONLY,2025
2025-03-31,23:00,18,18.259092210710612,0.2590922107106124,ridge_challenger,EXPERIMENT_ONLY,2025
2025-04-01,23:00,19,19.784655502555,0.784655502555001,ridge_challenger,EXPERIMENT_ONLY,2025
2025-04-02,23:00,19,19.650459134697233,0.6504591346972326,ridge_challenger,EXPERIMENT_ONLY,2025
2025-04-03,23:00,21,19.33809147459369,1.6619085254063108,ridge_challenger,EXPERIMENT_ONLY,2025
2025-04-04,23:00,20,20.174917371230002,0.17491737123000206,ridge_challenger,EXPERIMENT_ONLY,2025
2025-04-05,23:00,18,18.192199768639526,0.19219976863952581,ridge_challenger,EXPERIMENT_ONLY,2025
2025-04-06,23:00,20,18.594682865367805,1.4053171346321953,ridge_challenger,EXPERIMENT_ONLY,2025
2025-04-07,23:00,20,20.004315100914944,0.004315100914944026,ridge_challenger,EXPERIMENT_ONLY,2025
2025-04-08,23:00,19,17.372593327118004,1.627406672881996,ridge_challenger,EXPERIMENT_ONLY,2025
2025-04-09,23:00,17,16.27515135261373,0.7248486473862705,ridge_challenger,EXPERIMENT_ONLY,2025
2025-04-10,23:00,20,18.557756568397448,1.4422434316025523,ridge_challenger,EXPERIMENT_ONLY,2025
2025-04-11,23:00,19,20.48973261722133,1.4897326172213283,ridge_challenger,EXPERIMENT_ONLY,2025
2025-04-12,23:00,20,20.05638664960955,0.05638664960954998,ridge_challenger,EXPERIMENT_ONLY,2025
2025-04-13,23:00,18,18.382486432045155,0.3824864320451553,ridge_challenger,EXPERIMENT_ONLY,2025
2025-04-14,23:00,20,19.723749409183483,0.2762505908165167,ridge_challenger,EXPERIMENT_ONLY,2025
2025-04-15,23:00,16,18.222417596673065,2.222417596673065,ridge_challenger,EXPERIMENT_ONLY,2025
2025-04-16,23:00,16,16.404194932913544,0.40419493291354414,ridge_challenger,EXPERIMENT_ONLY,2025
2025-04-17,23:00,19,18.818199504436972,0.1818004955630279,ridge_challenger,EXPERIMENT_ONLY,2025
2025-04-18,23:00,20,18.66270232151039,1.337297678489609,ridge_challenger,EXPERIMENT_ONLY,2025
2025-04-19,23:00,25,20.93070540576878,4.06929459423122,ridge_challenger,EXPERIMENT_ONLY,2025
2025-04-20,23:00,21,22.727358021971252,1.727358021971252,ridge_challenger,EXPERIMENT_ONLY,2025
2025-04-21,23:00,18,18.225585083800173,0.22558508380017273,ridge_challenger,EXPERIMENT_ONLY,2025
2025-04-22,23:00,16,17.937631749780387,1.9376317497803868,ridge_challenger,EXPERIMENT_ONLY,2025
2025-04-23,23:00,15,13.255663850026156,1.7443361499738437,ridge_challenger,EXPERIMENT_ONLY,2025
2025-04-24,23:00,15,15.581144539674545,0.5811445396745452,ridge_challenger,EXPERIMENT_ONLY,2025
2025-04-25,23:00,18,15.905725442255749,2.094274557744251,ridge_challenger,EXPERIMENT_ONLY,2025
2025-04-26,23:00,19,18.726943827179173,0.2730561728208265,ridge_challenger,EXPERIMENT_ONLY,2025
2025-04-27,23:00,20,20.141478259243453,0.1414782592434527,ridge_challenger,EXPERIMENT_ONLY,2025
2025-04-28,23:00,20,20.818139161344913,0.8181391613449129,ridge_challenger,EXPERIMENT_ONLY,2025
2025-04-29,23:00,16,18.071679021118644,2.071679021118644,ridge_challenger,EXPERIMENT_ONLY,2025
2025-04-30,23:00,16,15.93949009576173,0.06050990423826974,ridge_challenger,EXPERIMENT_ONLY,2025
2025-05-01,23:00,14,15.223415980470028,1.223415980470028,ridge_challenger,EXPERIMENT_ONLY,2025
2025-05-02,23:00,13,13.609099453693128,0.609099453693128,ridge_challenger,EXPERIMENT_ONLY,2025
2025-05-03,23:00,14,12.990796288770774,1.009203711229226,ridge_challenger,EXPERIMENT_ONLY,2025
2025-05-04,23:00,14,12.730751383243765,1.2692486167562347,ridge_challenger,EXPERIMENT_ONLY,2025
2025-05-05,23:00,15,14.416151444671694,0.5838485553283057,ridge_challenger,EXPERIMENT_ONLY,2025
2025-05-06,23:00,15,14.51040645933795,0.4895935406620495,ridge_challenger,EXPERIMENT_ONLY,2025
2025-05-07,23:00,18,17.796881919345942,0.20311808065405756,ridge_challenger,EXPERIMENT_ONLY,2025
2025-05-08,23:00,18,18.600426955149864,0.6004269551498638,ridge_challenger,EXPERIMENT_ONLY,2025
2025-05-09,23:00,18,18.42994633859315,0.429946338593151,ridge_challenger,EXPERIMENT_ONLY,2025
2025-05-10,23:00,16,14.430015346007822,1.5699846539921776,ridge_challenger,EXPERIMENT_ONLY,2025
2025-05-11,23:00,15,17.775989570453717,2.775989570453717,ridge_challenger,EXPERIMENT_ONLY,2025
2025-05-12,23:00,17,15.974060411845983,1.0259395881540172,ridge_challenger,EXPERIMENT_ONLY,2025
2025-05-13,23:00,17,18.121955592616416,1.1219555926164162,ridge_challenger,EXPERIMENT_ONLY,2025
2025-05-14,23:00,15,16.163286383663632,1.1632863836636318,ridge_challenger,EXPERIMENT_ONLY,2025
2025-05-15,23:00,16,16.168184973973695,0.1681849739736947,ridge_challenger,EXPERIMENT_ONLY,2025
2025-05-16,23:00,19,17.980434257986524,1.0195657420134765,ridge_challenger,EXPERIMENT_ONLY,2025
2025-05-17,23:00,18,19.11777258777795,1.1177725877779494,ridge_challenger,EXPERIMENT_ONLY,2025
2025-05-18,23:00,18,17.780101659774285,0.21989834022571486,ridge_challenger,EXPERIMENT_ONLY,2025
2025-05-19,23:00,12,14.858165890107214,2.8581658901072142,ridge_challenger,EXPERIMENT_ONLY,2025
2025-05-20,23:00,15,12.974506447584842,2.025493552415158,ridge_challenger,EXPERIMENT_ONLY,2025
2025-05-21,23:00,15,15.154492922558383,0.15449292255838287,ridge_challenger,EXPERIMENT_ONLY,2025
2025-05-22,23:00,16,15.414009010311098,0.5859909896889022,ridge_challenger,EXPERIMENT_ONLY,2025
2025-05-23,23:00,15,15.345113253665742,0.3451132536657422,ridge_challenger,EXPERIMENT_ONLY,2025
2025-05-24,23:00,16,15.02687130753755,0.9731286924624492,ridge_challenger,EXPERIMENT_ONLY,2025
2025-05-25,23:00,17,15.940760637406264,1.0592393625937362,ridge_challenger,EXPERIMENT_ONLY,2025
2025-05-26,23:00,17,16.65883734476844,0.3411626552315603,ridge_challenger,EXPERIMENT_ONLY,2025
2025-05-27,23:00,17,16.45774584925939,0.5422541507406109,ridge_challenger,EXPERIMENT_ONLY,2025
2025-05-28,23:00,17,18.48102931943553,1.4810293194355317,ridge_challenger,EXPERIMENT_ONLY,2025
2025-05-29,23:00,16,16.526660676038947,0.5266606760389472,ridge_challenger,EXPERIMENT_ONLY,2025
2025-05-30,23:00,18,16.772245882961013,1.2277541170389874,ridge_challenger,EXPERIMENT_ONLY,2025
2025-05-31,23:00,18,17.769104510678257,0.23089548932174253,ridge_challenger,EXPERIMENT_ONLY,2025
2025-06-01,23:00,15,16.36677514909884,1.3667751490988387,ridge_challenger,EXPERIMENT_ONLY,2025
2025-06-02,23:00,17,14.633857560125772,2.3661424398742277,ridge_challenger,EXPERIMENT_ONLY,2025
2025-06-03,23:00,16,17.60397157703342,1.6039715770334197,ridge_challenger,EXPERIMENT_ONLY,2025
2025-06-04,23:00,18,14.987197357101724,3.0128026428982757,ridge_challenger,EXPERIMENT_ONLY,2025
2025-06-05,23:00,18,12.6261648335307,5.3738351664693,ridge_challenger,EXPERIMENT_ONLY,2025
2025-06-06,23:00,12,14.902577426849714,2.9025774268497138,ridge_challenger,EXPERIMENT_ONLY,2025
2025-06-07,23:00,11,11.645759785194416,0.6457597851944161,ridge_challenger,EXPERIMENT_ONLY,2025
2025-06-08,23:00,11,12.633796416939106,1.6337964169391057,ridge_challenger,EXPERIMENT_ONLY,2025
2025-06-09,23:00,11,10.703130411257098,0.2968695887429025,ridge_challenger,EXPERIMENT_ONLY,2025
2025-06-10,23:00,11,11.864892418682404,0.8648924186824036,ridge_challenger,EXPERIMENT_ONLY,2025
2025-06-11,23:00,16,13.993070559721435,2.006929440278565,ridge_challenger,EXPERIMENT_ONLY,2025
2025-06-12,23:00,15,14.232685132370788,0.7673148676292119,ridge_challenger,EXPERIMENT_ONLY,2025
2025-06-13,23:00,13,13.686851515427323,0.6868515154273229,ridge_challenger,EXPERIMENT_ONLY,2025
2025-06-14,23:00,11,13.23626059940722,2.2362605994072204,ridge_challenger,EXPERIMENT_ONLY,2025
2025-06-15,23:00,12,11.044191914028978,0.9558080859710216,ridge_challenger,EXPERIMENT_ONLY,2025
2025-06-16,23:00,12,11.983470891838511,0.016529108161488892,ridge_challenger,EXPERIMENT_ONLY,2025
2025-06-17,23:00,12,11.566352502641651,0.43364749735834884,ridge_challenger,EXPERIMENT_ONLY,2025
2025-06-18,23:00,13,12.517420904846494,0.48257909515350583,ridge_challenger,EXPERIMENT_ONLY,2025
2025-06-19,23:00,15,14.015268029560483,0.9847319704395172,ridge_challenger,EXPERIMENT_ONLY,2025
2025-06-20,23:00,15,16.259806879929886,1.2598068799298865,ridge_challenger,EXPERIMENT_ONLY,2025
2025-06-21,23:00,12,13.049718322654412,1.049718322654412,ridge_challenger,EXPERIMENT_ONLY,2025
2025-06-22,23:00,13,9.415800709525326,3.5841992904746736,ridge_challenger,EXPERIMENT_ONLY,2025
2025-06-23,23:00,13,11.781117170355014,1.2188828296449863,ridge_challenger,EXPERIMENT_ONLY,2025
2025-06-24,23:00,14,14.106894417966457,0.1068944179664566,ridge_challenger,EXPERIMENT_ONLY,2025
2025-06-25,23:00,15,14.796628508467654,0.20337149153234613,ridge_challenger,EXPERIMENT_ONLY,2025
2025-06-26,23:00,17,15.782007384323805,1.217992615676195,ridge_challenger,EXPERIMENT_ONLY,2025
2025-06-27,23:00,17,16.423866205374548,0.5761337946254521,ridge_challenger,EXPERIMENT_ONLY,2025
2025-06-28,23:00,13,16.66538415031685,3.66538415031685,ridge_challenger,EXPERIMENT_ONLY,2025
2025-06-29,23:00,13,13.907217805211896,0.9072178052118964,ridge_challenger,EXPERIMENT_ONLY,2025
2025-06-30,23:00,16,14.24663486437582,1.7533651356241808,ridge_challenger,EXPERIMENT_ONLY,2025
2025-07-01,23:00,12,14.052013201460188,2.0520132014601877,ridge_challenger,EXPERIMENT_ONLY,2025
2025-07-02,23:00,13,13.613595733689245,0.6135957336892446,ridge_challenger,EXPERIMENT_ONLY,2025
2025-07-03,23:00,12,14.041542064542956,2.0415420645429556,ridge_challenger,EXPERIMENT_ONLY,2025
2025-07-04,23:00,13,13.771046889463104,0.7710468894631042,ridge_challenger,EXPERIMENT_ONLY,2025
2025-07-05,23:00,12,13.210769925388721,1.2107699253887212,ridge_challenger,EXPERIMENT_ONLY,2025
2025-07-06,23:00,10,12.374643327047425,2.3746433270474245,ridge_challenger,EXPERIMENT_ONLY,2025
2025-07-07,23:00,10,10.749295297862918,0.7492952978629184,ridge_challenger,EXPERIMENT_ONLY,2025
2025-07-08,23:00,13,11.453854187862795,1.5461458121372047,ridge_challenger,EXPERIMENT_ONLY,2025
2025-07-09,23:00,12,12.639232214574301,0.6392322145743012,ridge_challenger,EXPERIMENT_ONLY,2025
2025-07-10,23:00,16,14.18096253467383,1.8190374653261703,ridge_challenger,EXPERIMENT_ONLY,2025
2025-07-11,23:00,16,15.645571754155796,0.35442824584420407,ridge_challenger,EXPERIMENT_ONLY,2025
2025-07-12,23:00,15,15.59004377186816,0.5900437718681601,ridge_challenger,EXPERIMENT_ONLY,2025
2025-07-13,23:00,15,14.56362982221144,0.43637017778855913,ridge_challenger,EXPERIMENT_ONLY,2025
2025-07-14,23:00,14,14.85100654192747,0.8510065419274699,ridge_challenger,EXPERIMENT_ONLY,2025
2025-07-15,23:00,15,15.61362838811458,0.6136283881145808,ridge_challenger,EXPERIMENT_ONLY,2025
2025-07-16,23:00,14,13.186210766949925,0.8137892330500751,ridge_challenger,EXPERIMENT_ONLY,2025
2025-07-17,23:00,13,15.127768873958532,2.127768873958532,ridge_challenger,EXPERIMENT_ONLY,2025
2025-07-18,23:00,12,13.31783658811933,1.3178365881193308,ridge_challenger,EXPERIMENT_ONLY,2025
2025-07-19,23:00,13,13.35310193978979,0.35310193978978965,ridge_challenger,EXPERIMENT_ONLY,2025
2025-07-20,23:00,12,12.500182563382799,0.5001825633827988,ridge_challenger,EXPERIMENT_ONLY,2025
2025-07-21,23:00,12,11.57744925261739,0.4225507473826102,ridge_challenger,EXPERIMENT_ONLY,2025
2025-07-22,23:00,12,12.268827126743043,0.26882712674304265,ridge_challenger,EXPERIMENT_ONLY,2025
2025-07-23,23:00,12,13.42148719332696,1.4214871933269606,ridge_challenger,EXPERIMENT_ONLY,2025
2025-07-24,23:00,14,12.062564994799095,1.9374350052009053,ridge_challenger,EXPERIMENT_ONLY,2025
2025-07-25,23:00,14,14.103686677295046,0.10368667729504644,ridge_challenger,EXPERIMENT_ONLY,2025
2025-07-26,23:00,15,13.541412118813358,1.4585878811866415,ridge_challenger,EXPERIMENT_ONLY,2025
2025-07-27,23:00,15,14.889321830145342,0.11067816985465839,ridge_challenger,EXPERIMENT_ONLY,2025
2025-07-28,23:00,14,15.94256060529096,1.9425606052909608,ridge_challenger,EXPERIMENT_ONLY,2025
2025-07-29,23:00,16,16.180479595315383,0.18047959531538282,ridge_challenger,EXPERIMENT_ONLY,2025
2025-07-30,23:00,15,14.877525468588342,0.1224745314116582,ridge_challenger,EXPERIMENT_ONLY,2025
2025-07-31,23:00,12,13.118064498152126,1.1180644981521262,ridge_challenger,EXPERIMENT_ONLY,2025
2025-08-01,23:00,11,12.30740867564275,1.3074086756427494,ridge_challenger,EXPERIMENT_ONLY,2025
2025-08-02,23:00,14,12.716025960612312,1.2839740393876884,ridge_challenger,EXPERIMENT_ONLY,2025
2025-08-03,23:00,11,12.8223711654422,1.8223711654422008,ridge_challenger,EXPERIMENT_ONLY,2025
2025-08-04,23:00,11,13.237378450026792,2.2373784500267924,ridge_challenger,EXPERIMENT_ONLY,2025
2025-08-05,23:00,15,12.458791179744008,2.541208820255992,ridge_challenger,EXPERIMENT_ONLY,2025
2025-08-06,23:00,13,13.192766036475444,0.19276603647544377,ridge_challenger,EXPERIMENT_ONLY,2025
2025-08-07,23:00,15,14.361329025213774,0.6386709747862263,ridge_challenger,EXPERIMENT_ONLY,2025
2025-08-08,23:00,14,14.012229797406363,0.012229797406362763,ridge_challenger,EXPERIMENT_ONLY,2025
2025-08-09,23:00,9,11.845540557680962,2.8455405576809625,ridge_challenger,EXPERIMENT_ONLY,2025
2025-08-10,23:00,9,10.113577481432854,1.1135774814328538,ridge_challenger,EXPERIMENT_ONLY,2025
2025-08-11,23:00,10,10.15112227869982,0.15112227869981965,ridge_challenger,EXPERIMENT_ONLY,2025
2025-08-12,23:00,11,10.873127083648237,0.126872916351763,ridge_challenger,EXPERIMENT_ONLY,2025
2025-08-13,23:00,11,12.231409635260501,1.2314096352605013,ridge_challenger,EXPERIMENT_ONLY,2025
2025-08-14,23:00,12,12.356952105078872,0.35695210507887154,ridge_challenger,EXPERIMENT_ONLY,2025
2025-08-15,23:00,15,13.120099420612469,1.879900579387531,ridge_challenger,EXPERIMENT_ONLY,2025
2025-08-16,23:00,13,15.06503448942109,2.0650344894210892,ridge_challenger,EXPERIMENT_ONLY,2025
2025-08-17,23:00,14,14.19560227424622,0.19560227424621957,ridge_challenger,EXPERIMENT_ONLY,2025
2025-08-18,23:00,14,16.034880734271646,2.0348807342716455,ridge_challenger,EXPERIMENT_ONLY,2025
2025-08-19,23:00,12,12.367507225121805,0.36750722512180545,ridge_challenger,EXPERIMENT_ONLY,2025
2025-08-20,23:00,11,12.163497958411973,1.1634979584119733,ridge_challenger,EXPERIMENT_ONLY,2025
2025-08-21,23:00,11,10.763952979084664,0.23604702091533625,ridge_challenger,EXPERIMENT_ONLY,2025
2025-08-22,23:00,12,12.059456425472158,0.0594564254721579,ridge_challenger,EXPERIMENT_ONLY,2025
2025-08-23,23:00,12,12.379756636047539,0.3797566360475386,ridge_challenger,EXPERIMENT_ONLY,2025
2025-08-24,23:00,15,12.404633997511587,2.5953660024884133,ridge_challenger,EXPERIMENT_ONLY,2025
2025-08-25,23:00,13,14.204089254862211,1.204089254862211,ridge_challenger,EXPERIMENT_ONLY,2025
2025-08-26,23:00,14,14.154864237080174,0.15486423708017405,ridge_challenger,EXPERIMENT_ONLY,2025
2025-08-27,23:00,16,15.405348630020141,0.594651369979859,ridge_challenger,EXPERIMENT_ONLY,2025
2025-08-28,23:00,15,14.248004135382786,0.7519958646172142,ridge_challenger,EXPERIMENT_ONLY,2025
2025-08-29,23:00,16,16.201716781778437,0.20171678177843688,ridge_challenger,EXPERIMENT_ONLY,2025
2025-08-30,23:00,16,16.237732795125535,0.23773279512553458,ridge_challenger,EXPERIMENT_ONLY,2025
2025-08-31,23:00,14,13.09405572668697,0.9059442733130307,ridge_challenger,EXPERIMENT_ONLY,2025
2025-09-01,23:00,16,15.160945359573454,0.8390546404265464,ridge_challenger,EXPERIMENT_ONLY,2025
2025-09-02,23:00,16,16.800711085107544,0.8007110851075439,ridge_challenger,EXPERIMENT_ONLY,2025
2025-09-03,23:00,14,13.256760475240927,0.7432395247590726,ridge_challenger,EXPERIMENT_ONLY,2025
2025-09-04,23:00,16,16.09185393102083,0.09185393102082884,ridge_challenger,EXPERIMENT_ONLY,2025
2025-09-05,23:00,16,17.234329418656646,1.234329418656646,ridge_challenger,EXPERIMENT_ONLY,2025
2025-09-06,23:00,13,16.04587071000066,3.04587071000066,ridge_challenger,EXPERIMENT_ONLY,2025
2025-09-07,23:00,14,13.647573531679738,0.35242646832026203,ridge_challenger,EXPERIMENT_ONLY,2025
2025-09-08,23:00,13,12.824204453957021,0.17579554604297876,ridge_challenger,EXPERIMENT_ONLY,2025
2025-09-09,23:00,14,14.604078838822499,0.6040788388224989,ridge_challenger,EXPERIMENT_ONLY,2025
2025-09-10,23:00,16,14.648141181127805,1.351858818872195,ridge_challenger,EXPERIMENT_ONLY,2025
2025-09-11,23:00,14,15.840532443662996,1.8405324436629957,ridge_challenger,EXPERIMENT_ONLY,2025
2025-09-12,23:00,13,13.912261753685907,0.9122617536859075,ridge_challenger,EXPERIMENT_ONLY,2025
2025-09-13,23:00,17,13.979727251607839,3.020272748392161,ridge_challenger,EXPERIMENT_ONLY,2025
2025-09-14,23:00,13,15.284276357430711,2.284276357430711,ridge_challenger,EXPERIMENT_ONLY,2025
2025-09-15,23:00,17,14.075552872986883,2.924447127013117,ridge_challenger,EXPERIMENT_ONLY,2025
2025-09-16,23:00,20,19.20295802050919,0.7970419794908103,ridge_challenger,EXPERIMENT_ONLY,2025
2025-09-17,23:00,16,18.712660950425533,2.7126609504255335,ridge_challenger,EXPERIMENT_ONLY,2025
2025-09-18,23:00,17,17.12860554627463,0.12860554627463117,ridge_challenger,EXPERIMENT_ONLY,2025
2025-09-19,23:00,11,12.79304454783638,1.7930445478363808,ridge_challenger,EXPERIMENT_ONLY,2025
2025-09-20,23:00,14,14.500170605910208,0.500170605910208,ridge_challenger,EXPERIMENT_ONLY,2025
2025-09-21,23:00,16,15.701390654037882,0.2986093459621184,ridge_challenger,EXPERIMENT_ONLY,2025
2025-09-22,23:00,15,16.00574248195198,1.0057424819519802,ridge_challenger,EXPERIMENT_ONLY,2025
2025-09-23,23:00,15,16.34452107454183,1.3445210745418308,ridge_challenger,EXPERIMENT_ONLY,2025
2025-09-24,23:00,15,17.077488707675336,2.077488707675336,ridge_challenger,EXPERIMENT_ONLY,2025
2025-09-25,23:00,16,16.3690642972601,0.36906429726009904,ridge_challenger,EXPERIMENT_ONLY,2025
2025-09-26,23:00,15,14.760426935306121,0.23957306469387873,ridge_challenger,EXPERIMENT_ONLY,2025
2025-09-27,23:00,16,15.310847401673636,0.6891525983263644,ridge_challenger,EXPERIMENT_ONLY,2025
2025-09-28,23:00,18,17.793329694918082,0.20667030508191786,ridge_challenger,EXPERIMENT_ONLY,2025
2025-09-29,23:00,19,18.245791935807702,0.7542080641922979,ridge_challenger,EXPERIMENT_ONLY,2025
2025-09-30,23:00,15,16.718736024594637,1.7187360245946373,ridge_challenger,EXPERIMENT_ONLY,2025
2025-10-01,23:00,15,13.729007936643866,1.2709920633561342,ridge_challenger,EXPERIMENT_ONLY,2025
2025-10-02,23:00,13,13.530185473756191,0.5301854737561911,ridge_challenger,EXPERIMENT_ONLY,2025
2025-10-03,23:00,14,14.663773509557892,0.6637735095578918,ridge_challenger,EXPERIMENT_ONLY,2025
2025-10-04,23:00,17,16.29182466130008,0.7081753386999203,ridge_challenger,EXPERIMENT_ONLY,2025
2025-10-05,23:00,14,15.133666328828816,1.1336663288288165,ridge_challenger,EXPERIMENT_ONLY,2025
2025-10-06,23:00,15,13.516874182108294,1.4831258178917057,ridge_challenger,EXPERIMENT_ONLY,2025
2025-10-07,23:00,16,15.893855488465947,0.10614451153405291,ridge_challenger,EXPERIMENT_ONLY,2025
2025-10-08,23:00,17,16.245454644843623,0.7545453551563774,ridge_challenger,EXPERIMENT_ONLY,2025
2025-10-09,23:00,17,17.596338652606075,0.5963386526060752,ridge_challenger,EXPERIMENT_ONLY,2025
2025-10-10,23:00,18,18.133771395903235,0.13377139590323495,ridge_challenger,EXPERIMENT_ONLY,2025
2025-10-11,23:00,17,18.489926276955792,1.4899262769557922,ridge_challenger,EXPERIMENT_ONLY,2025
2025-10-12,23:00,18,17.637828219297305,0.3621717807026954,ridge_challenger,EXPERIMENT_ONLY,2025
2025-10-13,23:00,17,18.721234064661076,1.7212340646610755,ridge_challenger,EXPERIMENT_ONLY,2025
2025-10-14,23:00,16,12.858831094077548,3.141168905922452,ridge_challenger,EXPERIMENT_ONLY,2025
2025-10-15,23:00,16,15.32782649941601,0.6721735005839893,ridge_challenger,EXPERIMENT_ONLY,2025
2025-10-16,23:00,18,17.17227130639614,0.8277286936038593,ridge_challenger,EXPERIMENT_ONLY,2025
2025-10-17,23:00,16,17.415498914425676,1.415498914425676,ridge_challenger,EXPERIMENT_ONLY,2025
2025-10-18,23:00,16,17.24478850025358,1.2447885002535806,ridge_challenger,EXPERIMENT_ONLY,2025
2025-10-19,23:00,18,17.763108023256912,0.23689197674308815,ridge_challenger,EXPERIMENT_ONLY,2025
2025-10-20,23:00,17,17.163359621572308,0.1633596215723081,ridge_challenger,EXPERIMENT_ONLY,2025
2025-10-21,23:00,18,18.70195409472563,0.7019540947256289,ridge_challenger,EXPERIMENT_ONLY,2025
2025-10-22,23:00,15,17.786412515168777,2.7864125151687773,ridge_challenger,EXPERIMENT_ONLY,2025
2025-10-23,23:00,19,18.128759662278384,0.8712403377216162,ridge_challenger,EXPERIMENT_ONLY,2025
2025-10-24,23:00,17,19.313596964188612,2.313596964188612,ridge_challenger,EXPERIMENT_ONLY,2025
2025-10-25,23:00,17,17.586457642686206,0.5864576426862058,ridge_challenger,EXPERIMENT_ONLY,2025
2025-10-26,23:00,17,16.51216173151915,0.48783826848085,ridge_challenger,EXPERIMENT_ONLY,2025
2025-10-27,23:00,17,17.5059335074312,0.5059335074312017,ridge_challenger,EXPERIMENT_ONLY,2025
2025-10-28,23:00,16,15.407334811087651,0.5926651889123491,ridge_challenger,EXPERIMENT_ONLY,2025
2025-10-29,23:00,15,14.43502539667544,0.5649746033245595,ridge_challenger,EXPERIMENT_ONLY,2025
2025-10-30,23:00,17,16.83595908021468,0.16404091978532165,ridge_challenger,EXPERIMENT_ONLY,2025
2025-10-31,23:00,19,18.183776911211215,0.8162230887887851,ridge_challenger,EXPERIMENT_ONLY,2025
2025-11-01,23:00,17,17.92252750951861,0.9225275095186092,ridge_challenger,EXPERIMENT_ONLY,2025
2025-11-02,23:00,16,17.61312272432137,1.6131227243213715,ridge_challenger,EXPERIMENT_ONLY,2025
2025-11-03,23:00,17,17.383921114135653,0.3839211141356529,ridge_challenger,EXPERIMENT_ONLY,2025
2025-11-04,23:00,17,17.465830256102528,0.46583025610252804,ridge_challenger,EXPERIMENT_ONLY,2025
2025-11-05,23:00,19,18.27150446202061,0.7284955379793914,ridge_challenger,EXPERIMENT_ONLY,2025
2025-11-06,23:00,18,20.141248324893187,2.141248324893187,ridge_challenger,EXPERIMENT_ONLY,2025
2025-11-07,23:00,19,16.62274908197765,2.3772509180223516,ridge_challenger,EXPERIMENT_ONLY,2025
2025-11-08,23:00,19,19.54223253321993,0.5422325332199307,ridge_challenger,EXPERIMENT_ONLY,2025
2025-11-09,23:00,19,19.05811318416909,0.05811318416909117,ridge_challenger,EXPERIMENT_ONLY,2025
2025-11-10,23:00,19,19.520243827177065,0.5202438271770653,ridge_challenger,EXPERIMENT_ONLY,2025
2025-11-11,23:00,17,17.73902707021944,0.7390270702194393,ridge_challenger,EXPERIMENT_ONLY,2025
2025-11-12,23:00,19,16.582449416375205,2.417550583624795,ridge_challenger,EXPERIMENT_ONLY,2025
2025-11-13,23:00,18,16.919865362067256,1.0801346379327441,ridge_challenger,EXPERIMENT_ONLY,2025
2025-11-14,23:00,19,19.344468509047914,0.34446850904791404,ridge_challenger,EXPERIMENT_ONLY,2025
2025-11-15,23:00,19,16.51024808682751,2.4897519131724906,ridge_challenger,EXPERIMENT_ONLY,2025
2025-11-16,23:00,19,19.715053532565005,0.7150535325650047,ridge_challenger,EXPERIMENT_ONLY,2025
2025-11-17,23:00,21,19.695481509707918,1.3045184902920823,ridge_challenger,EXPERIMENT_ONLY,2025
2025-11-18,23:00,23,20.965909588587195,2.034090411412805,ridge_challenger,EXPERIMENT_ONLY,2025
2025-11-19,23:00,22,22.237498440301582,0.2374984403015823,ridge_challenger,EXPERIMENT_ONLY,2025
2025-11-20,23:00,20,22.00026350511878,2.000263505118781,ridge_challenger,EXPERIMENT_ONLY,2025
2025-11-21,23:00,20,20.30669317680172,0.30669317680171915,ridge_challenger,EXPERIMENT_ONLY,2025
2025-11-22,23:00,17,17.89928830338355,0.8992883033835497,ridge_challenger,EXPERIMENT_ONLY,2025
2025-11-23,23:00,20,19.186484691176506,0.8135153088234937,ridge_challenger,EXPERIMENT_ONLY,2025
2025-11-24,23:00,18,15.487831179293892,2.5121688207061084,ridge_challenger,EXPERIMENT_ONLY,2025
2025-11-25,23:00,22,19.886406732811082,2.113593267188918,ridge_challenger,EXPERIMENT_ONLY,2025
2025-11-26,23:00,21,22.039840510587172,1.0398405105871724,ridge_challenger,EXPERIMENT_ONLY,2025
2025-11-27,23:00,21,21.34461972960088,0.34461972960087905,ridge_challenger,EXPERIMENT_ONLY,2025
2025-11-28,23:00,21,19.767989093056872,1.2320109069431275,ridge_challenger,EXPERIMENT_ONLY,2025
2025-11-29,23:00,21,19.8713529532275,1.1286470467724996,ridge_challenger,EXPERIMENT_ONLY,2025
2025-11-30,23:00,21,20.68639873635346,0.3136012636465395,ridge_challenger,EXPERIMENT_ONLY,2025
2025-12-01,23:00,19,21.22476573276755,2.224765732767551,ridge_challenger,EXPERIMENT_ONLY,2025
2025-12-02,23:00,20,17.819383058670898,2.1806169413291023,ridge_challenger,EXPERIMENT_ONLY,2025
2025-12-03,23:00,15,16.698056967666666,1.6980569676666661,ridge_challenger,EXPERIMENT_ONLY,2025
2025-12-04,23:00,17,15.672995910525703,1.327004089474297,ridge_challenger,EXPERIMENT_ONLY,2025
2025-12-05,23:00,21,19.616106958303465,1.3838930416965347,ridge_challenger,EXPERIMENT_ONLY,2025
2025-12-06,23:00,22,21.47156244435147,0.5284375556485301,ridge_challenger,EXPERIMENT_ONLY,2025
2025-12-07,23:00,21,21.109436242039497,0.10943624203949653,ridge_challenger,EXPERIMENT_ONLY,2025
2025-12-08,23:00,22,20.6745762471188,1.3254237528811998,ridge_challenger,EXPERIMENT_ONLY,2025
2025-12-09,23:00,23,23.64934359186131,0.6493435918613102,ridge_challenger,EXPERIMENT_ONLY,2025
2025-12-10,23:00,23,23.369283071195014,0.3692830711950137,ridge_challenger,EXPERIMENT_ONLY,2025
2025-12-11,23:00,19,20.187581239509196,1.1875812395091963,ridge_challenger,EXPERIMENT_ONLY,2025
2025-12-12,23:00,18,17.891865553886056,0.10813444611394374,ridge_challenger,EXPERIMENT_ONLY,2025
2025-12-13,23:00,18,19.50893179559595,1.5089317955959487,ridge_challenger,EXPERIMENT_ONLY,2025
2025-12-14,23:00,23,21.26153457182874,1.73846542817126,ridge_challenger,EXPERIMENT_ONLY,2025
2025-12-15,23:00,21,21.996859820960697,0.9968598209606974,ridge_challenger,EXPERIMENT_ONLY,2025
2025-12-16,23:00,20,19.192967573481894,0.8070324265181057,ridge_challenger,EXPERIMENT_ONLY,2025
2025-12-17,23:00,16,16.005467716710548,0.005467716710548132,ridge_challenger,EXPERIMENT_ONLY,2025
2025-12-18,23:00,19,17.543037939310157,1.4569620606898432,ridge_challenger,EXPERIMENT_ONLY,2025
2025-12-19,23:00,20,20.066365500981966,0.06636550098196636,ridge_challenger,EXPERIMENT_ONLY,2025
2025-12-20,23:00,19,16.855392147399886,2.1446078526001138,ridge_challenger,EXPERIMENT_ONLY,2025
2025-12-21,23:00,16,17.54319836034262,1.5431983603426183,ridge_challenger,EXPERIMENT_ONLY,2025
2025-12-22,23:00,20,18.990993276167625,1.0090067238323748,ridge_challenger,EXPERIMENT_ONLY,2025
2025-12-23,23:00,23,20.486867358925217,2.513132641074783,ridge_challenger,EXPERIMENT_ONLY,2025
2025-12-24,23:00,22,22.500438008205588,0.5004380082055881,ridge_challenger,EXPERIMENT_ONLY,2025
2025-12-25,23:00,20,21.480703836076476,1.4807038360764757,ridge_challenger,EXPERIMENT_ONLY,2025
2025-12-26,23:00,19,19.09906184648675,0.09906184648675165,ridge_challenger,EXPERIMENT_ONLY,2025
2025-12-27,23:00,20,19.689400797020863,0.31059920297913735,ridge_challenger,EXPERIMENT_ONLY,2025
2025-12-28,23:00,19,20.123042456486395,1.1230424564863952,ridge_challenger,EXPERIMENT_ONLY,2025
2025-12-29,23:00,19,20.43046048849754,1.4304604884975411,ridge_challenger,EXPERIMENT_ONLY,2025
2025-12-30,23:00,17,16.797711021408578,0.20228897859142236,ridge_challenger,EXPERIMENT_ONLY,2025
2025-12-31,23:00,16,16.27744373969048,0.2774437396904794,ridge_challenger,EXPERIMENT_ONLY,2025
