candidate_version,candidate_id,thesis_id,candidate_name,stratum_type,stratum_value,k,cluster_id,n_rows,candidate_regime_family,proposed_regime_label,physical_signature,interpretability_score,promotion_readiness,bic_approx,delta_bic_vs_k5,silhouette_mean,eta2_tmax_anomaly,eta2_remaining_warming,smallest_cluster_rows,annual_match_pct,annual_best_k_distribution,annual_mismatch_years,wind_dir_deg_mean,wind_speed_mean,qnh_hpa_mean,relh_mean,dewpoint_depression_mean,precip_pre_cp_sum_mean,cloud_cover_score_mean,temp_slope_pre_cp_mean,tmax_anomaly_mean,remaining_warming_mean,dominant_current_regime,source_sweep_line,source_physical_line,source_profile_line,caveat,production_status,next_gate_action
v1,RDC-V1-MONTH-1-C00,WCT-REGIME-016,Wellington k=6 month/season regime design candidate,month,1,6,0,162,southerly_disrupted_candidate,month_1_k6_c0_southerly_disrupted_candidate,southerly_flow;moist_cloudy_or_rain,0.5,design_evidence_only,31076.079618004653,1575.8619515722858,0.18144139925831013,0.2697166315537575,0.060432722240916364,162,81.25,k=5:3; k=6:13,2013;2020;2023,202.77518350534456,7.359122003006018,1026.0837790050468,91.41239165901652,1.4413577785653808,0.0,2.911289242546409,0.028206397399200382,-0.02028584601198544,3.1666666666666665,southerly_disrupted,"reports/onda2e/regime_cluster_sweep_by_month_season.csv:stratum_type=month,stratum_value=1,k=6","reports/onda2e/regime_cluster_physical_interpretation.csv:stratum_type=month,stratum_value=1,k=6,cluster_id=0","reports/onda2e/regime_cluster_profiles.csv:stratum_type=month,stratum_value=1,k=6,cluster_id=0",Annual stability is below 85%; run k=5 sensitivity before final design.,NOT_PRODUCTION,Use only inside regime-design review; run Onda 4 robustness and final physical interpretation before any production classifier change.
v1,RDC-V1-MONTH-1-C01,WCT-REGIME-016,Wellington k=6 month/season regime design candidate,month,1,6,1,263,southerly_disrupted_candidate,month_1_k6_c1_southerly_disrupted_candidate,southerly_flow;windy;moist_cloudy_or_rain,0.6,design_evidence_only,31076.079618004653,1575.8619515722858,0.18144139925831013,0.2697166315537575,0.060432722240916364,162,81.25,k=5:3; k=6:13,2013;2020;2023,181.3436277881383,13.698875013224947,1007.8470464807916,86.7654540669148,2.2553904358344377,0.0,2.1273377104439106,-0.1287148224454215,-2.1548443588974946,1.6349809885931559,southerly_disrupted,"reports/onda2e/regime_cluster_sweep_by_month_season.csv:stratum_type=month,stratum_value=1,k=6","reports/onda2e/regime_cluster_physical_interpretation.csv:stratum_type=month,stratum_value=1,k=6,cluster_id=1","reports/onda2e/regime_cluster_profiles.csv:stratum_type=month,stratum_value=1,k=6,cluster_id=1",Annual stability is below 85%; run k=5 sensitivity before final design.,NOT_PRODUCTION,Use only inside regime-design review; run Onda 4 robustness and final physical interpretation before any production classifier change.
v1,RDC-V1-MONTH-1-C02,WCT-REGIME-016,Wellington k=6 month/season regime design candidate,month,1,6,2,400,nw_or_foehn_candidate,month_1_k6_c2_nw_or_foehn_candidate,northerly_nw_flow;windy,0.4,design_evidence_only,31076.079618004653,1575.8619515722858,0.18144139925831013,0.2697166315537575,0.060432722240916364,162,81.25,k=5:3; k=6:13,2013;2020;2023,4.244413811946266,17.91406854125883,1011.5407946449873,82.18044475298146,3.129945712015864,0.0,2.909359434179623,0.15472855151179116,1.1677697095435702,2.405,southerly_disrupted,"reports/onda2e/regime_cluster_sweep_by_month_season.csv:stratum_type=month,stratum_value=1,k=6","reports/onda2e/regime_cluster_physical_interpretation.csv:stratum_type=month,stratum_value=1,k=6,cluster_id=2","reports/onda2e/regime_cluster_profiles.csv:stratum_type=month,stratum_value=1,k=6,cluster_id=2",Annual stability is below 85%; run k=5 sensitivity before final design.,NOT_PRODUCTION,Use only inside regime-design review; run Onda 4 robustness and final physical interpretation before any production classifier change.
v1,RDC-V1-MONTH-1-C03,WCT-REGIME-016,Wellington k=6 month/season regime design candidate,month,1,6,3,307,nw_or_foehn_candidate,month_1_k6_c3_nw_or_foehn_candidate,northerly_nw_flow,0.3,design_evidence_only,31076.079618004653,1575.8619515722858,0.18144139925831013,0.2697166315537575,0.060432722240916364,162,81.25,k=5:3; k=6:13,2013;2020;2023,16.59280502205264,9.294823564878412,1013.1846054572188,79.83390760908215,3.580174835338912,0.0,1.8221372365179778,0.30934620436856153,1.5987876248530164,2.726384364820847,southerly_disrupted,"reports/onda2e/regime_cluster_sweep_by_month_season.csv:stratum_type=month,stratum_value=1,k=6","reports/onda2e/regime_cluster_physical_interpretation.csv:stratum_type=month,stratum_value=1,k=6,cluster_id=3","reports/onda2e/regime_cluster_profiles.csv:stratum_type=month,stratum_value=1,k=6,cluster_id=3",Annual stability is below 85%; run k=5 sensitivity before final design.,NOT_PRODUCTION,Use only inside regime-design review; run Onda 4 robustness and final physical interpretation before any production classifier change.
v1,RDC-V1-MONTH-1-C04,WCT-REGIME-016,Wellington k=6 month/season regime design candidate,month,1,6,4,204,nw_or_foehn_candidate,month_1_k6_c4_nw_or_foehn_candidate,northerly_nw_flow;windy,0.4,design_evidence_only,31076.079618004653,1575.8619515722858,0.18144139925831013,0.2697166315537575,0.060432722240916364,162,81.25,k=5:3; k=6:13,2013;2020;2023,350.9733871638171,17.939214038005264,1007.9123691246572,70.89018492220347,5.442952378909612,0.0,1.6285774090549248,0.11644786471237904,-0.33727931006427303,2.215686274509804,southerly_disrupted,"reports/onda2e/regime_cluster_sweep_by_month_season.csv:stratum_type=month,stratum_value=1,k=6","reports/onda2e/regime_cluster_physical_interpretation.csv:stratum_type=month,stratum_value=1,k=6,cluster_id=4","reports/onda2e/regime_cluster_profiles.csv:stratum_type=month,stratum_value=1,k=6,cluster_id=4",Annual stability is below 85%; run k=5 sensitivity before final design.,NOT_PRODUCTION,Use only inside regime-design review; run Onda 4 robustness and final physical interpretation before any production classifier change.
v1,RDC-V1-MONTH-1-C05,WCT-REGIME-016,Wellington k=6 month/season regime design candidate,month,1,6,5,287,southerly_disrupted_candidate,month_1_k6_c5_southerly_disrupted_candidate,southerly_flow,0.35,design_evidence_only,31076.079618004653,1575.8619515722858,0.18144139925831013,0.2697166315537575,0.060432722240916364,162,81.25,k=5:3; k=6:13,2013;2020;2023,154.60514481561617,9.774812754995683,1017.5314868198162,74.711083316751,4.5128272666164655,0.0,2.463306023515894,0.12197095546237456,-1.9054968409790782,2.710801393728223,southerly_disrupted,"reports/onda2e/regime_cluster_sweep_by_month_season.csv:stratum_type=month,stratum_value=1,k=6","reports/onda2e/regime_cluster_physical_interpretation.csv:stratum_type=month,stratum_value=1,k=6,cluster_id=5","reports/onda2e/regime_cluster_profiles.csv:stratum_type=month,stratum_value=1,k=6,cluster_id=5",Annual stability is below 85%; run k=5 sensitivity before final design.,NOT_PRODUCTION,Use only inside regime-design review; run Onda 4 robustness and final physical interpretation before any production classifier change.
v1,RDC-V1-MONTH-10-C00,WCT-REGIME-016,Wellington k=6 month/season regime design candidate,month,10,6,0,159,nw_or_foehn_candidate,month_10_k6_c0_nw_or_foehn_candidate,northerly_nw_flow;windy,0.4,design_evidence_only,29932.238889490127,880.373058163259,0.16366649745968112,0.33752034546117227,0.09651366856246726,159,100.0,k=6:14,"",341.79895939554785,14.496432389924397,1003.578633524023,67.12084237146287,6.101406277741972,0.0,1.516995149511302,0.07560445092068994,-0.24510680980264615,1.7861635220125787,southerly_disrupted,"reports/onda2e/regime_cluster_sweep_by_month_season.csv:stratum_type=month,stratum_value=10,k=6","reports/onda2e/regime_cluster_physical_interpretation.csv:stratum_type=month,stratum_value=10,k=6,cluster_id=0","reports/onda2e/regime_cluster_profiles.csv:stratum_type=month,stratum_value=10,k=6,cluster_id=0",Design evidence only; requires Onda 4 robustness before production.,NOT_PRODUCTION,Use only inside regime-design review; run Onda 4 robustness and final physical interpretation before any production classifier change.
v1,RDC-V1-MONTH-10-C01,WCT-REGIME-016,Wellington k=6 month/season regime design candidate,month,10,6,1,331,nw_or_foehn_candidate,month_10_k6_c1_nw_or_foehn_candidate,northerly_nw_flow;windy,0.4,design_evidence_only,29932.238889490127,880.373058163259,0.16366649745968112,0.33752034546117227,0.09651366856246726,159,100.0,k=6:14,"",6.772642830851418,15.961294616689994,1014.7186961712733,76.62528309998561,4.073584696277787,0.0,1.9205044771402666,0.21294764440638492,0.8493658193561828,1.9365558912386707,southerly_disrupted,"reports/onda2e/regime_cluster_sweep_by_month_season.csv:stratum_type=month,stratum_value=10,k=6","reports/onda2e/regime_cluster_physical_interpretation.csv:stratum_type=month,stratum_value=10,k=6,cluster_id=1","reports/onda2e/regime_cluster_profiles.csv:stratum_type=month,stratum_value=10,k=6,cluster_id=1",Design evidence only; requires Onda 4 robustness before production.,NOT_PRODUCTION,Use only inside regime-design review; run Onda 4 robustness and final physical interpretation before any production classifier change.
v1,RDC-V1-MONTH-10-C02,WCT-REGIME-016,Wellington k=6 month/season regime design candidate,month,10,6,2,333,nw_or_foehn_candidate,month_10_k6_c2_nw_or_foehn_candidate,northerly_nw_flow;windy,0.4,design_evidence_only,29932.238889490127,880.373058163259,0.16366649745968112,0.33752034546117227,0.09651366856246726,159,100.0,k=6:14,"",355.04753964424185,18.62755555162732,1011.2721988612537,83.10837771149657,2.8762027189484907,0.0,2.9764794189172754,0.09294901501120373,1.0124715232473853,1.6216216216216217,southerly_disrupted,"reports/onda2e/regime_cluster_sweep_by_month_season.csv:stratum_type=month,stratum_value=10,k=6","reports/onda2e/regime_cluster_physical_interpretation.csv:stratum_type=month,stratum_value=10,k=6,cluster_id=2","reports/onda2e/regime_cluster_profiles.csv:stratum_type=month,stratum_value=10,k=6,cluster_id=2",Design evidence only; requires Onda 4 robustness before production.,NOT_PRODUCTION,Use only inside regime-design review; run Onda 4 robustness and final physical interpretation before any production classifier change.
v1,RDC-V1-MONTH-10-C03,WCT-REGIME-016,Wellington k=6 month/season regime design candidate,month,10,6,3,215,southerly_disrupted_candidate,month_10_k6_c3_southerly_disrupted_candidate,southerly_flow;windy;moist_cloudy_or_rain,0.6,design_evidence_only,29932.238889490127,880.373058163259,0.16366649745968112,0.33752034546117227,0.09651366856246726,159,100.0,k=6:14,"",193.29941971799764,13.682359759899665,1005.8992428728395,86.53313870807793,2.228010797460769,0.0,2.394937902819671,-0.1341905923137708,-1.6726042502004819,1.0651162790697675,southerly_disrupted,"reports/onda2e/regime_cluster_sweep_by_month_season.csv:stratum_type=month,stratum_value=10,k=6","reports/onda2e/regime_cluster_physical_interpretation.csv:stratum_type=month,stratum_value=10,k=6,cluster_id=3","reports/onda2e/regime_cluster_profiles.csv:stratum_type=month,stratum_value=10,k=6,cluster_id=3",Design evidence only; requires Onda 4 robustness before production.,NOT_PRODUCTION,Use only inside regime-design review; run Onda 4 robustness and final physical interpretation before any production classifier change.
v1,RDC-V1-MONTH-10-C04,WCT-REGIME-016,Wellington k=6 month/season regime design candidate,month,10,6,4,393,nw_or_foehn_candidate,month_10_k6_c4_nw_or_foehn_candidate,northerly_nw_flow,0.3,design_evidence_only,29932.238889490127,880.373058163259,0.16366649745968112,0.33752034546117227,0.09651366856246726,159,100.0,k=6:14,"",23.946221404608053,7.440823210939626,1016.3773970435345,83.36299169973658,2.7797887183050953,0.0,2.3498901142639093,0.2511937754113558,0.4263128454856538,2.5114503816793894,southerly_disrupted,"reports/onda2e/regime_cluster_sweep_by_month_season.csv:stratum_type=month,stratum_value=10,k=6","reports/onda2e/regime_cluster_physical_interpretation.csv:stratum_type=month,stratum_value=10,k=6,cluster_id=4","reports/onda2e/regime_cluster_profiles.csv:stratum_type=month,stratum_value=10,k=6,cluster_id=4",Design evidence only; requires Onda 4 robustness before production.,NOT_PRODUCTION,Use only inside regime-design review; run Onda 4 robustness and final physical interpretation before any production classifier change.
v1,RDC-V1-MONTH-10-C05,WCT-REGIME-016,Wellington k=6 month/season regime design candidate,month,10,6,5,164,southerly_disrupted_candidate,month_10_k6_c5_southerly_disrupted_candidate,southerly_flow;windy,0.44999999999999996,design_evidence_only,29932.238889490127,880.373058163259,0.16366649745968112,0.33752034546117227,0.09651366856246726,159,100.0,k=6:14,"",162.8608587583552,14.011011354837573,1020.4312684858828,71.29691340451554,5.050432130538838,0.0,2.0014207938247996,0.047324768643845334,-2.3837783851976453,1.853658536585366,southerly_disrupted,"reports/onda2e/regime_cluster_sweep_by_month_season.csv:stratum_type=month,stratum_value=10,k=6","reports/onda2e/regime_cluster_physical_interpretation.csv:stratum_type=month,stratum_value=10,k=6,cluster_id=5","reports/onda2e/regime_cluster_profiles.csv:stratum_type=month,stratum_value=10,k=6,cluster_id=5",Design evidence only; requires Onda 4 robustness before production.,NOT_PRODUCTION,Use only inside regime-design review; run Onda 4 robustness and final physical interpretation before any production classifier change.
v1,RDC-V1-MONTH-11-C00,WCT-REGIME-016,Wellington k=6 month/season regime design candidate,month,11,6,0,146,nw_or_foehn_candidate,month_11_k6_c0_nw_or_foehn_candidate,northerly_nw_flow;windy,0.4,design_evidence_only,29781.494043732946,814.6829741913571,0.18575927578632162,0.31346350669712736,0.05924096248073291,146,85.71428571428571,k=5:2; k=6:12,2014;2020,333.2991557917466,15.823248244825903,1002.8759169155576,68.17376544054227,5.930452128133708,0.0,1.8439449812244002,0.05980785280251737,-0.6003810215004975,1.821917808219178,southerly_disrupted,"reports/onda2e/regime_cluster_sweep_by_month_season.csv:stratum_type=month,stratum_value=11,k=6","reports/onda2e/regime_cluster_physical_interpretation.csv:stratum_type=month,stratum_value=11,k=6,cluster_id=0","reports/onda2e/regime_cluster_profiles.csv:stratum_type=month,stratum_value=11,k=6,cluster_id=0",Design evidence only; requires Onda 4 robustness before production.,NOT_PRODUCTION,Use only inside regime-design review; run Onda 4 robustness and final physical interpretation before any production classifier change.
v1,RDC-V1-MONTH-11-C01,WCT-REGIME-016,Wellington k=6 month/season regime design candidate,month,11,6,1,385,nw_or_foehn_candidate,month_11_k6_c1_nw_or_foehn_candidate,northerly_nw_flow;windy,0.4,design_evidence_only,29781.494043732946,814.6829741913571,0.18575927578632162,0.31346350669712736,0.05924096248073291,146,85.71428571428571,k=5:2; k=6:12,2014;2020,356.22092804894817,18.252241434903116,1008.6269525124318,83.62135353661058,2.809880737778888,0.0,2.960015104679106,0.10708303548234986,0.8480089446976876,1.787012987012987,southerly_disrupted,"reports/onda2e/regime_cluster_sweep_by_month_season.csv:stratum_type=month,stratum_value=11,k=6","reports/onda2e/regime_cluster_physical_interpretation.csv:stratum_type=month,stratum_value=11,k=6,cluster_id=1","reports/onda2e/regime_cluster_profiles.csv:stratum_type=month,stratum_value=11,k=6,cluster_id=1",Design evidence only; requires Onda 4 robustness before production.,NOT_PRODUCTION,Use only inside regime-design review; run Onda 4 robustness and final physical interpretation before any production classifier change.
v1,RDC-V1-MONTH-11-C02,WCT-REGIME-016,Wellington k=6 month/season regime design candidate,month,11,6,2,236,southerly_disrupted_candidate,month_11_k6_c2_southerly_disrupted_candidate,southerly_flow;windy;moist_cloudy_or_rain,0.6,design_evidence_only,29781.494043732946,814.6829741913571,0.18575927578632162,0.31346350669712736,0.05924096248073291,146,85.71428571428571,k=5:2; k=6:12,2014;2020,184.12399481918663,12.033532030627,1014.4134476799375,90.23175139951582,1.613090262571439,0.0,2.607006230731722,-0.0665761368125671,-1.1561623077786487,1.61864406779661,southerly_disrupted,"reports/onda2e/regime_cluster_sweep_by_month_season.csv:stratum_type=month,stratum_value=11,k=6","reports/onda2e/regime_cluster_physical_interpretation.csv:stratum_type=month,stratum_value=11,k=6,cluster_id=2","reports/onda2e/regime_cluster_profiles.csv:stratum_type=month,stratum_value=11,k=6,cluster_id=2",Design evidence only; requires Onda 4 robustness before production.,NOT_PRODUCTION,Use only inside regime-design review; run Onda 4 robustness and final physical interpretation before any production classifier change.
v1,RDC-V1-MONTH-11-C03,WCT-REGIME-016,Wellington k=6 month/season regime design candidate,month,11,6,3,274,nw_or_foehn_candidate,month_11_k6_c3_nw_or_foehn_candidate,northerly_nw_flow;windy,0.4,design_evidence_only,29781.494043732946,814.6829741913571,0.18575927578632162,0.31346350669712736,0.05924096248073291,146,85.71428571428571,k=5:2; k=6:12,2014;2020,9.32274914208181,14.558850586920535,1013.3526101220791,75.08511748725633,4.441600378677556,0.0,1.6808492261838317,0.29909270140990524,1.199738966500702,1.8613138686131387,southerly_disrupted,"reports/onda2e/regime_cluster_sweep_by_month_season.csv:stratum_type=month,stratum_value=11,k=6","reports/onda2e/regime_cluster_physical_interpretation.csv:stratum_type=month,stratum_value=11,k=6,cluster_id=3","reports/onda2e/regime_cluster_profiles.csv:stratum_type=month,stratum_value=11,k=6,cluster_id=3",Design evidence only; requires Onda 4 robustness before production.,NOT_PRODUCTION,Use only inside regime-design review; run Onda 4 robustness and final physical interpretation before any production classifier change.
v1,RDC-V1-MONTH-11-C04,WCT-REGIME-016,Wellington k=6 month/season regime design candidate,month,11,6,4,301,nw_or_foehn_candidate,month_11_k6_c4_nw_or_foehn_candidate,northerly_nw_flow,0.3,design_evidence_only,29781.494043732946,814.6829741913571,0.18575927578632162,0.31346350669712736,0.05924096248073291,146,85.71428571428571,k=5:2; k=6:12,2014;2020,24.70016507319569,7.331203244349635,1015.4461260813534,82.44760607732607,2.9939945480547845,0.0,2.3048891300507153,0.2440547207896274,1.0653450969175609,2.707641196013289,southerly_disrupted,"reports/onda2e/regime_cluster_sweep_by_month_season.csv:stratum_type=month,stratum_value=11,k=6","reports/onda2e/regime_cluster_physical_interpretation.csv:stratum_type=month,stratum_value=11,k=6,cluster_id=4","reports/onda2e/regime_cluster_profiles.csv:stratum_type=month,stratum_value=11,k=6,cluster_id=4",Design evidence only; requires Onda 4 robustness before production.,NOT_PRODUCTION,Use only inside regime-design review; run Onda 4 robustness and final physical interpretation before any production classifier change.
v1,RDC-V1-MONTH-11-C05,WCT-REGIME-016,Wellington k=6 month/season regime design candidate,month,11,6,5,238,southerly_disrupted_candidate,month_11_k6_c5_southerly_disrupted_candidate,southerly_flow;windy,0.44999999999999996,design_evidence_only,29781.494043732946,814.6829741913571,0.18575927578632162,0.31346350669712736,0.05924096248073291,146,85.71428571428571,k=5:2; k=6:12,2014;2020,164.81006798739543,14.7814329416046,1021.0609861900216,71.8081375767473,4.997403645086202,0.0,2.137913114096155,0.09336439103760219,-2.425176693193836,2.042016806722689,southerly_disrupted,"reports/onda2e/regime_cluster_sweep_by_month_season.csv:stratum_type=month,stratum_value=11,k=6","reports/onda2e/regime_cluster_physical_interpretation.csv:stratum_type=month,stratum_value=11,k=6,cluster_id=5","reports/onda2e/regime_cluster_profiles.csv:stratum_type=month,stratum_value=11,k=6,cluster_id=5",Design evidence only; requires Onda 4 robustness before production.,NOT_PRODUCTION,Use only inside regime-design review; run Onda 4 robustness and final physical interpretation before any production classifier change.
v1,RDC-V1-MONTH-12-C00,WCT-REGIME-016,Wellington k=6 month/season regime design candidate,month,12,6,0,187,southerly_disrupted_candidate,month_12_k6_c0_southerly_disrupted_candidate,southerly_flow;moist_cloudy_or_rain,0.5,design_evidence_only,33077.4355575132,934.7903673644687,0.16656472389647786,0.21738499705409844,0.08110421534340226,187,93.33333333333333,k=5:1; k=6:14,2012,193.07891914417172,8.2536111978387,1017.724507743291,88.65744223307462,1.9103584436073713,0.0,2.797642310386593,0.04949331625147891,-0.20659572845987043,2.770053475935829,southerly_disrupted,"reports/onda2e/regime_cluster_sweep_by_month_season.csv:stratum_type=month,stratum_value=12,k=6","reports/onda2e/regime_cluster_physical_interpretation.csv:stratum_type=month,stratum_value=12,k=6,cluster_id=0","reports/onda2e/regime_cluster_profiles.csv:stratum_type=month,stratum_value=12,k=6,cluster_id=0",Design evidence only; requires Onda 4 robustness before production.,NOT_PRODUCTION,Use only inside regime-design review; run Onda 4 robustness and final physical interpretation before any production classifier change.
v1,RDC-V1-MONTH-12-C01,WCT-REGIME-016,Wellington k=6 month/season regime design candidate,month,12,6,1,461,nw_or_foehn_candidate,month_12_k6_c1_nw_or_foehn_candidate,northerly_nw_flow;windy,0.4,design_evidence_only,33077.4355575132,934.7903673644687,0.16656472389647786,0.21738499705409844,0.08110421534340226,187,93.33333333333333,k=5:1; k=6:14,2012,358.70184742839075,18.70127173380969,1010.3687403239057,81.7487102238298,3.1984956114023353,0.0,2.846673206474543,0.13445515300418506,0.9803844471639188,2.0260303687635575,southerly_disrupted,"reports/onda2e/regime_cluster_sweep_by_month_season.csv:stratum_type=month,stratum_value=12,k=6","reports/onda2e/regime_cluster_physical_interpretation.csv:stratum_type=month,stratum_value=12,k=6,cluster_id=1","reports/onda2e/regime_cluster_profiles.csv:stratum_type=month,stratum_value=12,k=6,cluster_id=1",Design evidence only; requires Onda 4 robustness before production.,NOT_PRODUCTION,Use only inside regime-design review; run Onda 4 robustness and final physical interpretation before any production classifier change.
v1,RDC-V1-MONTH-12-C02,WCT-REGIME-016,Wellington k=6 month/season regime design candidate,month,12,6,2,208,mixed_or_transition,month_12_k6_c2_mixed_or_transition,westerly_component;windy,0.25,design_evidence_only,33077.4355575132,934.7903673644687,0.16656472389647786,0.21738499705409844,0.08110421534340226,187,93.33333333333333,k=5:1; k=6:14,2012,232.6951768361534,15.846426550105758,1009.7760828421566,69.84576782810295,5.5572231349727055,0.0,1.647925324997967,0.12514900434644846,-1.299535876547077,2.048076923076923,southerly_disrupted,"reports/onda2e/regime_cluster_sweep_by_month_season.csv:stratum_type=month,stratum_value=12,k=6","reports/onda2e/regime_cluster_physical_interpretation.csv:stratum_type=month,stratum_value=12,k=6,cluster_id=2","reports/onda2e/regime_cluster_profiles.csv:stratum_type=month,stratum_value=12,k=6,cluster_id=2",Mixed/transition cluster needs final physical interpretation before Onda 4.,NOT_PRODUCTION,Use only inside regime-design review; run Onda 4 robustness and final physical interpretation before any production classifier change.
v1,RDC-V1-MONTH-12-C03,WCT-REGIME-016,Wellington k=6 month/season regime design candidate,month,12,6,3,210,southerly_disrupted_candidate,month_12_k6_c3_southerly_disrupted_candidate,southerly_flow;windy;moist_cloudy_or_rain,0.6,design_evidence_only,33077.4355575132,934.7903673644687,0.16656472389647786,0.21738499705409844,0.08110421534340226,187,93.33333333333333,k=5:1; k=6:14,2012,182.12337674910137,17.018795128162235,1007.6043169527917,87.80544392437389,2.0559583310938043,0.0,2.3097222259104506,-0.16277855397835192,-2.455717195228395,1.061904761904762,southerly_disrupted,"reports/onda2e/regime_cluster_sweep_by_month_season.csv:stratum_type=month,stratum_value=12,k=6","reports/onda2e/regime_cluster_physical_interpretation.csv:stratum_type=month,stratum_value=12,k=6,cluster_id=3","reports/onda2e/regime_cluster_profiles.csv:stratum_type=month,stratum_value=12,k=6,cluster_id=3",Design evidence only; requires Onda 4 robustness before production.,NOT_PRODUCTION,Use only inside regime-design review; run Onda 4 robustness and final physical interpretation before any production classifier change.
v1,RDC-V1-MONTH-12-C04,WCT-REGIME-016,Wellington k=6 month/season regime design candidate,month,12,6,4,236,nw_or_foehn_candidate,month_12_k6_c4_nw_or_foehn_candidate,northerly_nw_flow;moist_cloudy_or_rain,0.44999999999999996,design_evidence_only,33077.4355575132,934.7903673644687,0.16656472389647786,0.21738499705409844,0.08110421534340226,187,93.33333333333333,k=5:1; k=6:14,2012,12.34775185389179,9.110342377957886,1009.491378070632,87.74115986412521,2.083327926563208,0.0,2.1897534508488192,0.1375231999977896,0.9073578653042927,2.3940677966101696,southerly_disrupted,"reports/onda2e/regime_cluster_sweep_by_month_season.csv:stratum_type=month,stratum_value=12,k=6","reports/onda2e/regime_cluster_physical_interpretation.csv:stratum_type=month,stratum_value=12,k=6,cluster_id=4","reports/onda2e/regime_cluster_profiles.csv:stratum_type=month,stratum_value=12,k=6,cluster_id=4",Design evidence only; requires Onda 4 robustness before production.,NOT_PRODUCTION,Use only inside regime-design review; run Onda 4 robustness and final physical interpretation before any production classifier change.
v1,RDC-V1-MONTH-12-C05,WCT-REGIME-016,Wellington k=6 month/season regime design candidate,month,12,6,5,403,nw_or_foehn_candidate,month_12_k6_c5_nw_or_foehn_candidate,northerly_nw_flow,0.3,design_evidence_only,33077.4355575132,934.7903673644687,0.16656472389647786,0.21738499705409844,0.08110421534340226,187,93.33333333333333,k=5:1; k=6:14,2012,31.64038494204017,9.813175545819304,1015.7562442871715,76.55349235395273,4.169821829253807,0.0,2.0992301805890334,0.29725119849805587,0.47264154280776144,2.325062034739454,southerly_disrupted,"reports/onda2e/regime_cluster_sweep_by_month_season.csv:stratum_type=month,stratum_value=12,k=6","reports/onda2e/regime_cluster_physical_interpretation.csv:stratum_type=month,stratum_value=12,k=6,cluster_id=5","reports/onda2e/regime_cluster_profiles.csv:stratum_type=month,stratum_value=12,k=6,cluster_id=5",Design evidence only; requires Onda 4 robustness before production.,NOT_PRODUCTION,Use only inside regime-design review; run Onda 4 robustness and final physical interpretation before any production classifier change.
v1,RDC-V1-MONTH-2-C00,WCT-REGIME-016,Wellington k=6 month/season regime design candidate,month,2,6,0,212,southerly_disrupted_candidate,month_2_k6_c0_southerly_disrupted_candidate,southerly_flow;windy;moist_cloudy_or_rain,0.6,design_evidence_only,28276.303649233017,1762.8734015439695,0.17861753323136376,0.3654231074108822,0.09738927186606246,147,87.5,k=4:1; k=5:1; k=6:14,2011;2013,194.98090469667943,15.344968692915103,1011.5613497142326,91.15526852616196,1.4872152139896695,0.0,2.734743263612558,-0.13454337660516213,-2.5070754716981143,1.2358490566037736,southerly_disrupted,"reports/onda2e/regime_cluster_sweep_by_month_season.csv:stratum_type=month,stratum_value=2,k=6","reports/onda2e/regime_cluster_physical_interpretation.csv:stratum_type=month,stratum_value=2,k=6,cluster_id=0","reports/onda2e/regime_cluster_profiles.csv:stratum_type=month,stratum_value=2,k=6,cluster_id=0",Design evidence only; requires Onda 4 robustness before production.,NOT_PRODUCTION,Use only inside regime-design review; run Onda 4 robustness and final physical interpretation before any production classifier change.
v1,RDC-V1-MONTH-2-C01,WCT-REGIME-016,Wellington k=6 month/season regime design candidate,month,2,6,1,147,nw_or_foehn_candidate,month_2_k6_c1_nw_or_foehn_candidate,northerly_nw_flow;windy,0.4,design_evidence_only,28276.303649233017,1762.8734015439695,0.17861753323136376,0.3654231074108822,0.09738927186606246,147,87.5,k=4:1; k=5:1; k=6:14,2011;2013,348.3138286574309,16.376948021531504,1005.2950203418919,70.8677353832515,5.471038012644232,0.0,1.7950070185285325,0.05744680848885002,0.6898825567963024,1.9251700680272108,southerly_disrupted,"reports/onda2e/regime_cluster_sweep_by_month_season.csv:stratum_type=month,stratum_value=2,k=6","reports/onda2e/regime_cluster_physical_interpretation.csv:stratum_type=month,stratum_value=2,k=6,cluster_id=1","reports/onda2e/regime_cluster_profiles.csv:stratum_type=month,stratum_value=2,k=6,cluster_id=1",Design evidence only; requires Onda 4 robustness before production.,NOT_PRODUCTION,Use only inside regime-design review; run Onda 4 robustness and final physical interpretation before any production classifier change.
v1,RDC-V1-MONTH-2-C02,WCT-REGIME-016,Wellington k=6 month/season regime design candidate,month,2,6,2,261,maritime_cloudy_candidate,month_2_k6_c2_maritime_cloudy_candidate,easterly_component;moist_cloudy_or_rain,0.3,design_evidence_only,28276.303649233017,1762.8734015439695,0.17861753323136376,0.3654231074108822,0.09738927186606246,147,87.5,k=4:1; k=5:1; k=6:14,2011;2013,82.5493821293242,7.305269486784032,1018.6818277456664,85.94048192701945,2.39576805323601,0.0,2.1648443803466715,0.048668161343866825,-0.6271867996819211,2.942528735632184,southerly_disrupted,"reports/onda2e/regime_cluster_sweep_by_month_season.csv:stratum_type=month,stratum_value=2,k=6","reports/onda2e/regime_cluster_physical_interpretation.csv:stratum_type=month,stratum_value=2,k=6,cluster_id=2","reports/onda2e/regime_cluster_profiles.csv:stratum_type=month,stratum_value=2,k=6,cluster_id=2",Design evidence only; requires Onda 4 robustness before production.,NOT_PRODUCTION,Use only inside regime-design review; run Onda 4 robustness and final physical interpretation before any production classifier change.
v1,RDC-V1-MONTH-2-C03,WCT-REGIME-016,Wellington k=6 month/season regime design candidate,month,2,6,3,310,nw_or_foehn_candidate,month_2_k6_c3_nw_or_foehn_candidate,northerly_nw_flow;windy,0.4,design_evidence_only,28276.303649233017,1762.8734015439695,0.17861753323136376,0.3654231074108822,0.09738927186606246,147,87.5,k=4:1; k=5:1; k=6:14,2011;2013,18.607606870983894,10.098820443766384,1016.1709941057143,78.55231983960604,3.8088785456290304,0.0,1.597496545896995,0.25121565619387376,1.0842209373097982,2.8419354838709676,southerly_disrupted,"reports/onda2e/regime_cluster_sweep_by_month_season.csv:stratum_type=month,stratum_value=2,k=6","reports/onda2e/regime_cluster_physical_interpretation.csv:stratum_type=month,stratum_value=2,k=6,cluster_id=3","reports/onda2e/regime_cluster_profiles.csv:stratum_type=month,stratum_value=2,k=6,cluster_id=3",Design evidence only; requires Onda 4 robustness before production.,NOT_PRODUCTION,Use only inside regime-design review; run Onda 4 robustness and final physical interpretation before any production classifier change.
v1,RDC-V1-MONTH-2-C04,WCT-REGIME-016,Wellington k=6 month/season regime design candidate,month,2,6,4,381,nw_or_foehn_candidate,month_2_k6_c4_nw_or_foehn_candidate,northerly_nw_flow;windy,0.4,design_evidence_only,28276.303649233017,1762.8734015439695,0.17861753323136376,0.3654231074108822,0.09738927186606246,147,87.5,k=4:1; k=5:1; k=6:14,2011;2013,4.959686700601224,16.877746988199576,1013.2426276529651,81.42177410499987,3.2828869643045815,0.0,2.7688583448524144,0.1281636022124457,1.4460023275392453,2.4960629921259843,southerly_disrupted,"reports/onda2e/regime_cluster_sweep_by_month_season.csv:stratum_type=month,stratum_value=2,k=6","reports/onda2e/regime_cluster_physical_interpretation.csv:stratum_type=month,stratum_value=2,k=6,cluster_id=4","reports/onda2e/regime_cluster_profiles.csv:stratum_type=month,stratum_value=2,k=6,cluster_id=4",Design evidence only; requires Onda 4 robustness before production.,NOT_PRODUCTION,Use only inside regime-design review; run Onda 4 robustness and final physical interpretation before any production classifier change.
v1,RDC-V1-MONTH-2-C05,WCT-REGIME-016,Wellington k=6 month/season regime design candidate,month,2,6,5,203,southerly_disrupted_candidate,month_2_k6_c5_southerly_disrupted_candidate,southerly_flow;windy,0.44999999999999996,design_evidence_only,28276.303649233017,1762.8734015439695,0.17861753323136376,0.3654231074108822,0.09738927186606246,147,87.5,k=4:1; k=5:1; k=6:14,2011;2013,158.27560953527248,12.57817104339737,1020.6995247049944,70.97975004386323,5.280795803444844,0.0,2.0364195513096406,0.10331466766506651,-2.4684566409517625,2.5467980295566504,southerly_disrupted,"reports/onda2e/regime_cluster_sweep_by_month_season.csv:stratum_type=month,stratum_value=2,k=6","reports/onda2e/regime_cluster_physical_interpretation.csv:stratum_type=month,stratum_value=2,k=6,cluster_id=5","reports/onda2e/regime_cluster_profiles.csv:stratum_type=month,stratum_value=2,k=6,cluster_id=5",Design evidence only; requires Onda 4 robustness before production.,NOT_PRODUCTION,Use only inside regime-design review; run Onda 4 robustness and final physical interpretation before any production classifier change.
v1,RDC-V1-MONTH-3-C00,WCT-REGIME-016,Wellington k=6 month/season regime design candidate,month,3,6,0,235,southerly_disrupted_candidate,month_3_k6_c0_southerly_disrupted_candidate,southerly_flow;windy;moist_cloudy_or_rain,0.6,design_evidence_only,33640.44505187179,357.7632383138189,0.1655214781514074,0.2887237493323689,0.10190985972740522,176,93.33333333333333,k=5:1; k=6:14,2015,203.14539914204065,11.693186443869669,1013.4614204256595,89.78946459061811,1.7147576967299993,0.0,3.0453510641352923,-0.1119041094591781,-0.6821322351864559,1.578723404255319,southerly_disrupted,"reports/onda2e/regime_cluster_sweep_by_month_season.csv:stratum_type=month,stratum_value=3,k=6","reports/onda2e/regime_cluster_physical_interpretation.csv:stratum_type=month,stratum_value=3,k=6,cluster_id=0","reports/onda2e/regime_cluster_profiles.csv:stratum_type=month,stratum_value=3,k=6,cluster_id=0",Design evidence only; requires Onda 4 robustness before production.,NOT_PRODUCTION,Use only inside regime-design review; run Onda 4 robustness and final physical interpretation before any production classifier change.
v1,RDC-V1-MONTH-3-C01,WCT-REGIME-016,Wellington k=6 month/season regime design candidate,month,3,6,1,344,nw_or_foehn_candidate,month_3_k6_c1_nw_or_foehn_candidate,northerly_nw_flow;moist_cloudy_or_rain,0.44999999999999996,design_evidence_only,33640.44505187179,357.7632383138189,0.1655214781514074,0.2887237493323689,0.10190985972740522,176,93.33333333333333,k=5:1; k=6:14,2015,21.582111930906024,7.461877329332014,1017.5541751080566,85.07310779167886,2.5327046768865613,0.0,1.7626944110945615,0.018523711984319832,0.27317454363591015,3.177325581395349,southerly_disrupted,"reports/onda2e/regime_cluster_sweep_by_month_season.csv:stratum_type=month,stratum_value=3,k=6","reports/onda2e/regime_cluster_physical_interpretation.csv:stratum_type=month,stratum_value=3,k=6,cluster_id=1","reports/onda2e/regime_cluster_profiles.csv:stratum_type=month,stratum_value=3,k=6,cluster_id=1",Design evidence only; requires Onda 4 robustness before production.,NOT_PRODUCTION,Use only inside regime-design review; run Onda 4 robustness and final physical interpretation before any production classifier change.
v1,RDC-V1-MONTH-3-C02,WCT-REGIME-016,Wellington k=6 month/season regime design candidate,month,3,6,2,183,southerly_disrupted_candidate,month_3_k6_c2_southerly_disrupted_candidate,southerly_flow;windy;moist_cloudy_or_rain,0.6,design_evidence_only,33640.44505187179,357.7632383138189,0.1655214781514074,0.2887237493323689,0.10190985972740522,176,93.33333333333333,k=5:1; k=6:14,2015,174.29168161528307,15.102605894741885,1024.6121851846224,85.97940713501097,2.3647042969037355,0.0,2.1542528162750694,0.024767675204212122,-2.0778071567072076,1.9726775956284153,southerly_disrupted,"reports/onda2e/regime_cluster_sweep_by_month_season.csv:stratum_type=month,stratum_value=3,k=6","reports/onda2e/regime_cluster_physical_interpretation.csv:stratum_type=month,stratum_value=3,k=6,cluster_id=2","reports/onda2e/regime_cluster_profiles.csv:stratum_type=month,stratum_value=3,k=6,cluster_id=2",Design evidence only; requires Onda 4 robustness before production.,NOT_PRODUCTION,Use only inside regime-design review; run Onda 4 robustness and final physical interpretation before any production classifier change.
v1,RDC-V1-MONTH-3-C03,WCT-REGIME-016,Wellington k=6 month/season regime design candidate,month,3,6,3,308,nw_or_foehn_candidate,month_3_k6_c3_nw_or_foehn_candidate,northerly_nw_flow;windy,0.4,design_evidence_only,33640.44505187179,357.7632383138189,0.1655214781514074,0.2887237493323689,0.10190985972740522,176,93.33333333333333,k=5:1; k=6:14,2015,336.1105372764572,19.94392043678173,1011.3149821002553,74.47589069493955,4.608878886955807,0.0,1.9499399057946378,0.021523277298261003,-0.8126378997346726,1.775974025974026,southerly_disrupted,"reports/onda2e/regime_cluster_sweep_by_month_season.csv:stratum_type=month,stratum_value=3,k=6","reports/onda2e/regime_cluster_physical_interpretation.csv:stratum_type=month,stratum_value=3,k=6,cluster_id=3","reports/onda2e/regime_cluster_profiles.csv:stratum_type=month,stratum_value=3,k=6,cluster_id=3",Design evidence only; requires Onda 4 robustness before production.,NOT_PRODUCTION,Use only inside regime-design review; run Onda 4 robustness and final physical interpretation before any production classifier change.
v1,RDC-V1-MONTH-3-C04,WCT-REGIME-016,Wellington k=6 month/season regime design candidate,month,3,6,4,481,nw_or_foehn_candidate,month_3_k6_c4_nw_or_foehn_candidate,northerly_nw_flow;windy,0.4,design_evidence_only,33640.44505187179,357.7632383138189,0.1655214781514074,0.2887237493323689,0.10190985972740522,176,93.33333333333333,k=5:1; k=6:14,2015,15.693361899392052,12.088450737076187,1017.3321793671186,80.80441986972949,3.3603375386631233,0.0,2.4494669966861844,0.24083001981669463,1.8600272729305,2.5613305613305615,southerly_disrupted,"reports/onda2e/regime_cluster_sweep_by_month_season.csv:stratum_type=month,stratum_value=3,k=6","reports/onda2e/regime_cluster_physical_interpretation.csv:stratum_type=month,stratum_value=3,k=6,cluster_id=4","reports/onda2e/regime_cluster_profiles.csv:stratum_type=month,stratum_value=3,k=6,cluster_id=4",Design evidence only; requires Onda 4 robustness before production.,NOT_PRODUCTION,Use only inside regime-design review; run Onda 4 robustness and final physical interpretation before any production classifier change.
v1,RDC-V1-MONTH-3-C05,WCT-REGIME-016,Wellington k=6 month/season regime design candidate,month,3,6,5,176,southerly_disrupted_candidate,month_3_k6_c5_southerly_disrupted_candidate,southerly_flow;windy,0.44999999999999996,design_evidence_only,33640.44505187179,357.7632383138189,0.1655214781514074,0.2887237493323689,0.10190985972740522,176,93.33333333333333,k=5:1; k=6:14,2015,152.18396396676116,10.885351017282336,1024.4402408176313,68.78617540222331,5.743026156684565,0.0,2.7195734286131907,0.07250150880652202,-1.884066471163244,2.4261363636363638,southerly_disrupted,"reports/onda2e/regime_cluster_sweep_by_month_season.csv:stratum_type=month,stratum_value=3,k=6","reports/onda2e/regime_cluster_physical_interpretation.csv:stratum_type=month,stratum_value=3,k=6,cluster_id=5","reports/onda2e/regime_cluster_profiles.csv:stratum_type=month,stratum_value=3,k=6,cluster_id=5",Design evidence only; requires Onda 4 robustness before production.,NOT_PRODUCTION,Use only inside regime-design review; run Onda 4 robustness and final physical interpretation before any production classifier change.
v1,RDC-V1-MONTH-4-C00,WCT-REGIME-016,Wellington k=6 month/season regime design candidate,month,4,6,0,172,nw_or_foehn_candidate,month_4_k6_c0_nw_or_foehn_candidate,northerly_nw_flow;windy,0.4,design_evidence_only,31327.308202622768,876.0879723832841,0.1631407980765345,0.35963788579244665,0.22799854879898576,172,87.5,k=2:1; k=5:1; k=6:14,2011;2022,346.0988603728974,15.89002158210007,1010.5756042724548,69.19873927501763,5.714811633779657,0.0,1.5891008232823247,0.021928553143003425,0.1386087672360551,1.5465116279069768,southerly_disrupted,"reports/onda2e/regime_cluster_sweep_by_month_season.csv:stratum_type=month,stratum_value=4,k=6","reports/onda2e/regime_cluster_physical_interpretation.csv:stratum_type=month,stratum_value=4,k=6,cluster_id=0","reports/onda2e/regime_cluster_profiles.csv:stratum_type=month,stratum_value=4,k=6,cluster_id=0",Design evidence only; requires Onda 4 robustness before production.,NOT_PRODUCTION,Use only inside regime-design review; run Onda 4 robustness and final physical interpretation before any production classifier change.
v1,RDC-V1-MONTH-4-C01,WCT-REGIME-016,Wellington k=6 month/season regime design candidate,month,4,6,1,351,nw_or_foehn_candidate,month_4_k6_c1_nw_or_foehn_candidate,northerly_nw_flow;windy,0.4,design_evidence_only,31327.308202622768,876.0879723832841,0.1631407980765345,0.35963788579244665,0.22799854879898576,172,87.5,k=2:1; k=5:1; k=6:14,2011;2022,0.09556339766620112,17.021136709270127,1011.7803832400826,81.3772157396244,3.241811817745241,0.0,2.2528228178477314,0.05889729627446682,1.492978342535862,1.5071225071225072,southerly_disrupted,"reports/onda2e/regime_cluster_sweep_by_month_season.csv:stratum_type=month,stratum_value=4,k=6","reports/onda2e/regime_cluster_physical_interpretation.csv:stratum_type=month,stratum_value=4,k=6,cluster_id=1","reports/onda2e/regime_cluster_profiles.csv:stratum_type=month,stratum_value=4,k=6,cluster_id=1",Design evidence only; requires Onda 4 robustness before production.,NOT_PRODUCTION,Use only inside regime-design review; run Onda 4 robustness and final physical interpretation before any production classifier change.
v1,RDC-V1-MONTH-4-C02,WCT-REGIME-016,Wellington k=6 month/season regime design candidate,month,4,6,2,218,southerly_disrupted_candidate,month_4_k6_c2_southerly_disrupted_candidate,southerly_flow;windy,0.44999999999999996,design_evidence_only,31327.308202622768,876.0879723832841,0.1631407980765345,0.35963788579244665,0.22799854879898576,172,87.5,k=2:1; k=5:1; k=6:14,2011;2022,178.63191090026777,18.24023108467324,1016.178486232363,79.50833895249299,3.5281497487042546,0.0,1.8401868199330202,-0.055597173441728806,-2.7416984655354426,0.908256880733945,southerly_disrupted,"reports/onda2e/regime_cluster_sweep_by_month_season.csv:stratum_type=month,stratum_value=4,k=6","reports/onda2e/regime_cluster_physical_interpretation.csv:stratum_type=month,stratum_value=4,k=6,cluster_id=2","reports/onda2e/regime_cluster_profiles.csv:stratum_type=month,stratum_value=4,k=6,cluster_id=2",Design evidence only; requires Onda 4 robustness before production.,NOT_PRODUCTION,Use only inside regime-design review; run Onda 4 robustness and final physical interpretation before any production classifier change.
v1,RDC-V1-MONTH-4-C03,WCT-REGIME-016,Wellington k=6 month/season regime design candidate,month,4,6,3,246,southerly_disrupted_candidate,month_4_k6_c3_southerly_disrupted_candidate,southerly_flow;windy;moist_cloudy_or_rain,0.6,design_evidence_only,31327.308202622768,876.0879723832841,0.1631407980765345,0.35963788579244665,0.22799854879898576,172,87.5,k=2:1; k=5:1; k=6:14,2011;2022,186.85907388661042,10.83822731428212,1023.3215709224912,91.74751184865995,1.3516548574753853,0.0,2.7801484207953666,-0.05124136469322113,-1.0133103100942555,1.3739837398373984,southerly_disrupted,"reports/onda2e/regime_cluster_sweep_by_month_season.csv:stratum_type=month,stratum_value=4,k=6","reports/onda2e/regime_cluster_physical_interpretation.csv:stratum_type=month,stratum_value=4,k=6,cluster_id=3","reports/onda2e/regime_cluster_profiles.csv:stratum_type=month,stratum_value=4,k=6,cluster_id=3",Design evidence only; requires Onda 4 robustness before production.,NOT_PRODUCTION,Use only inside regime-design review; run Onda 4 robustness and final physical interpretation before any production classifier change.
v1,RDC-V1-MONTH-4-C04,WCT-REGIME-016,Wellington k=6 month/season regime design candidate,month,4,6,4,396,nw_or_foehn_candidate,month_4_k6_c4_nw_or_foehn_candidate,northerly_nw_flow;moist_cloudy_or_rain,0.44999999999999996,design_evidence_only,31327.308202622768,876.0879723832841,0.1631407980765345,0.35963788579244665,0.22799854879898576,172,87.5,k=2:1; k=5:1; k=6:14,2011;2022,21.205504351881263,7.1625219545723935,1018.5191064956684,86.99734907954884,2.1577439249937256,0.0,1.966864209926296,0.18536579178312843,0.7756771252346457,3.0353535353535355,southerly_disrupted,"reports/onda2e/regime_cluster_sweep_by_month_season.csv:stratum_type=month,stratum_value=4,k=6","reports/onda2e/regime_cluster_physical_interpretation.csv:stratum_type=month,stratum_value=4,k=6,cluster_id=4","reports/onda2e/regime_cluster_profiles.csv:stratum_type=month,stratum_value=4,k=6,cluster_id=4",Design evidence only; requires Onda 4 robustness before production.,NOT_PRODUCTION,Use only inside regime-design review; run Onda 4 robustness and final physical interpretation before any production classifier change.
v1,RDC-V1-MONTH-4-C05,WCT-REGIME-016,Wellington k=6 month/season regime design candidate,month,4,6,5,225,mixed_or_transition,month_4_k6_c5_mixed_or_transition,easterly_component,0.15,design_evidence_only,31327.308202622768,876.0879723832841,0.1631407980765345,0.35963788579244665,0.22799854879898576,172,87.5,k=2:1; k=5:1; k=6:14,2011;2022,72.1697707303138,8.220939393939394,1020.4368602921663,75.11500256453424,4.395517396184064,0.0,2.086390578996358,0.08866391613468384,-0.37038348082596045,2.311111111111111,southerly_disrupted,"reports/onda2e/regime_cluster_sweep_by_month_season.csv:stratum_type=month,stratum_value=4,k=6","reports/onda2e/regime_cluster_physical_interpretation.csv:stratum_type=month,stratum_value=4,k=6,cluster_id=5","reports/onda2e/regime_cluster_profiles.csv:stratum_type=month,stratum_value=4,k=6,cluster_id=5",Mixed/transition cluster needs final physical interpretation before Onda 4.,NOT_PRODUCTION,Use only inside regime-design review; run Onda 4 robustness and final physical interpretation before any production classifier change.
v1,RDC-V1-MONTH-5-C00,WCT-REGIME-016,Wellington k=6 month/season regime design candidate,month,5,6,0,204,nw_or_foehn_candidate,month_5_k6_c0_nw_or_foehn_candidate,northerly_nw_flow;windy,0.4,design_evidence_only,32431.914924901914,755.9228598591981,0.14559914619906944,0.35849903597232424,0.2377883176804931,204,100.0,k=6:15,"",337.57933242160914,16.46661446496973,1009.7799454059082,66.66982418154457,6.137153477614005,0.0,1.7739971183896472,-0.04944057178850477,-0.5752890899949711,1.3431372549019607,southerly_disrupted,"reports/onda2e/regime_cluster_sweep_by_month_season.csv:stratum_type=month,stratum_value=5,k=6","reports/onda2e/regime_cluster_physical_interpretation.csv:stratum_type=month,stratum_value=5,k=6,cluster_id=0","reports/onda2e/regime_cluster_profiles.csv:stratum_type=month,stratum_value=5,k=6,cluster_id=0",Design evidence only; requires Onda 4 robustness before production.,NOT_PRODUCTION,Use only inside regime-design review; run Onda 4 robustness and final physical interpretation before any production classifier change.
v1,RDC-V1-MONTH-5-C01,WCT-REGIME-016,Wellington k=6 month/season regime design candidate,month,5,6,1,307,nw_or_foehn_candidate,month_5_k6_c1_nw_or_foehn_candidate,northerly_nw_flow;windy,0.4,design_evidence_only,32431.914924901914,755.9228598591981,0.14559914619906944,0.35849903597232424,0.2377883176804931,204,100.0,k=6:15,"",354.0238883449242,17.327065215645785,1011.9644486183272,83.29935188002567,2.860602277044351,0.0,2.66457369005107,-0.006995000015945752,1.917829004148223,1.1237785016286646,southerly_disrupted,"reports/onda2e/regime_cluster_sweep_by_month_season.csv:stratum_type=month,stratum_value=5,k=6","reports/onda2e/regime_cluster_physical_interpretation.csv:stratum_type=month,stratum_value=5,k=6,cluster_id=1","reports/onda2e/regime_cluster_profiles.csv:stratum_type=month,stratum_value=5,k=6,cluster_id=1",Design evidence only; requires Onda 4 robustness before production.,NOT_PRODUCTION,Use only inside regime-design review; run Onda 4 robustness and final physical interpretation before any production classifier change.
v1,RDC-V1-MONTH-5-C02,WCT-REGIME-016,Wellington k=6 month/season regime design candidate,month,5,6,2,269,southerly_disrupted_candidate,month_5_k6_c2_southerly_disrupted_candidate,southerly_flow;windy,0.44999999999999996,design_evidence_only,32431.914924901914,755.9228598591981,0.14559914619906944,0.35849903597232424,0.2377883176804931,204,100.0,k=6:15,"",181.67864280051575,19.640638200406062,1015.9555963625436,78.98015691095881,3.591549673936423,0.0,1.9564123000153422,-0.05098956171308991,-2.606249801417087,0.8327137546468402,southerly_disrupted,"reports/onda2e/regime_cluster_sweep_by_month_season.csv:stratum_type=month,stratum_value=5,k=6","reports/onda2e/regime_cluster_physical_interpretation.csv:stratum_type=month,stratum_value=5,k=6,cluster_id=2","reports/onda2e/regime_cluster_profiles.csv:stratum_type=month,stratum_value=5,k=6,cluster_id=2",Design evidence only; requires Onda 4 robustness before production.,NOT_PRODUCTION,Use only inside regime-design review; run Onda 4 robustness and final physical interpretation before any production classifier change.
v1,RDC-V1-MONTH-5-C03,WCT-REGIME-016,Wellington k=6 month/season regime design candidate,month,5,6,3,221,mixed_or_transition,month_5_k6_c3_mixed_or_transition,easterly_component,0.15,design_evidence_only,32431.914924901914,755.9228598591981,0.14559914619906944,0.35849903597232424,0.2377883176804931,204,100.0,k=6:15,"",76.85809815714258,7.414020783138431,1023.046902382888,84.62522797137505,2.553724951519069,0.0,1.980111283395854,-0.19778955640365214,-0.5930115635997979,2.3755656108597285,southerly_disrupted,"reports/onda2e/regime_cluster_sweep_by_month_season.csv:stratum_type=month,stratum_value=5,k=6","reports/onda2e/regime_cluster_physical_interpretation.csv:stratum_type=month,stratum_value=5,k=6,cluster_id=3","reports/onda2e/regime_cluster_profiles.csv:stratum_type=month,stratum_value=5,k=6,cluster_id=3",Mixed/transition cluster needs final physical interpretation before Onda 4.,NOT_PRODUCTION,Use only inside regime-design review; run Onda 4 robustness and final physical interpretation before any production classifier change.
v1,RDC-V1-MONTH-5-C04,WCT-REGIME-016,Wellington k=6 month/season regime design candidate,month,5,6,4,334,nw_or_foehn_candidate,month_5_k6_c4_nw_or_foehn_candidate,northerly_nw_flow;windy,0.4,design_evidence_only,32431.914924901914,755.9228598591981,0.14559914619906944,0.35849903597232424,0.2377883176804931,204,100.0,k=6:15,"",17.489702472316015,12.049498253971198,1017.8774439336634,78.1907020873683,3.753713240828329,0.0,1.8993277438739844,0.19991689921057193,0.6083729975945551,2.032934131736527,southerly_disrupted,"reports/onda2e/regime_cluster_sweep_by_month_season.csv:stratum_type=month,stratum_value=5,k=6","reports/onda2e/regime_cluster_physical_interpretation.csv:stratum_type=month,stratum_value=5,k=6,cluster_id=4","reports/onda2e/regime_cluster_profiles.csv:stratum_type=month,stratum_value=5,k=6,cluster_id=4",Design evidence only; requires Onda 4 robustness before production.,NOT_PRODUCTION,Use only inside regime-design review; run Onda 4 robustness and final physical interpretation before any production classifier change.
v1,RDC-V1-MONTH-5-C05,WCT-REGIME-016,Wellington k=6 month/season regime design candidate,month,5,6,5,360,nw_or_foehn_candidate,month_5_k6_c5_nw_or_foehn_candidate,northerly_nw_flow;moist_cloudy_or_rain,0.44999999999999996,design_evidence_only,32431.914924901914,755.9228598591981,0.14559914619906944,0.35849903597232424,0.2377883176804931,204,100.0,k=6:15,"",24.35030545364618,6.110306398848066,1017.2206779847652,89.96056657054366,1.6124187810646144,0.0,2.11346842285729,0.17818957865516355,0.18141025641025707,3.025,southerly_disrupted,"reports/onda2e/regime_cluster_sweep_by_month_season.csv:stratum_type=month,stratum_value=5,k=6","reports/onda2e/regime_cluster_physical_interpretation.csv:stratum_type=month,stratum_value=5,k=6,cluster_id=5","reports/onda2e/regime_cluster_profiles.csv:stratum_type=month,stratum_value=5,k=6,cluster_id=5",Design evidence only; requires Onda 4 robustness before production.,NOT_PRODUCTION,Use only inside regime-design review; run Onda 4 robustness and final physical interpretation before any production classifier change.
v1,RDC-V1-MONTH-6-C00,WCT-REGIME-016,Wellington k=6 month/season regime design candidate,month,6,6,0,204,nw_or_foehn_candidate,month_6_k6_c0_nw_or_foehn_candidate,northerly_nw_flow;windy,0.4,design_evidence_only,29711.029963951598,878.4530413742141,0.1570226518835894,0.2689525272577646,0.25136245034455257,204,66.66666666666666,k=5:5; k=6:10,2014;2015;2019;2024;2026,320.7676702373788,16.222397380669438,1009.5202377859663,67.50900076720497,5.888087810881928,0.0,1.5404289266518372,-0.027036581746561716,-0.3979427836708447,1.2205882352941178,southerly_disrupted,"reports/onda2e/regime_cluster_sweep_by_month_season.csv:stratum_type=month,stratum_value=6,k=6","reports/onda2e/regime_cluster_physical_interpretation.csv:stratum_type=month,stratum_value=6,k=6,cluster_id=0","reports/onda2e/regime_cluster_profiles.csv:stratum_type=month,stratum_value=6,k=6,cluster_id=0",Annual stability is below 85%; run k=5 sensitivity before final design.,NOT_PRODUCTION,Use only inside regime-design review; run Onda 4 robustness and final physical interpretation before any production classifier change.
v1,RDC-V1-MONTH-6-C01,WCT-REGIME-016,Wellington k=6 month/season regime design candidate,month,6,6,1,224,southerly_disrupted_candidate,month_6_k6_c1_southerly_disrupted_candidate,southerly_flow;windy;moist_cloudy_or_rain,0.6,design_evidence_only,29711.029963951598,878.4530413742141,0.1570226518835894,0.2689525272577646,0.25136245034455257,204,66.66666666666666,k=5:5; k=6:10,2014;2015;2019;2024;2026,184.65621855325188,19.38036584201065,1011.9849330467463,89.23362315961572,1.7436482333164522,0.0,2.181453996724134,-0.04874861356675529,-1.565134660421543,0.6339285714285714,southerly_disrupted,"reports/onda2e/regime_cluster_sweep_by_month_season.csv:stratum_type=month,stratum_value=6,k=6","reports/onda2e/regime_cluster_physical_interpretation.csv:stratum_type=month,stratum_value=6,k=6,cluster_id=1","reports/onda2e/regime_cluster_profiles.csv:stratum_type=month,stratum_value=6,k=6,cluster_id=1",Annual stability is below 85%; run k=5 sensitivity before final design.,NOT_PRODUCTION,Use only inside regime-design review; run Onda 4 robustness and final physical interpretation before any production classifier change.
v1,RDC-V1-MONTH-6-C02,WCT-REGIME-016,Wellington k=6 month/season regime design candidate,month,6,6,2,283,nw_or_foehn_candidate,month_6_k6_c2_nw_or_foehn_candidate,northerly_nw_flow;moist_cloudy_or_rain,0.44999999999999996,design_evidence_only,29711.029963951598,878.4530413742141,0.1570226518835894,0.2689525272577646,0.25136245034455257,204,66.66666666666666,k=5:5; k=6:10,2014;2015;2019;2024;2026,21.75212123222772,7.0112637972835,1013.5479236443306,87.85453117079419,1.9647357009203215,0.0,1.8428925601699893,0.29556652583590576,0.39558593523721325,2.5159010600706715,southerly_disrupted,"reports/onda2e/regime_cluster_sweep_by_month_season.csv:stratum_type=month,stratum_value=6,k=6","reports/onda2e/regime_cluster_physical_interpretation.csv:stratum_type=month,stratum_value=6,k=6,cluster_id=2","reports/onda2e/regime_cluster_profiles.csv:stratum_type=month,stratum_value=6,k=6,cluster_id=2",Annual stability is below 85%; run k=5 sensitivity before final design.,NOT_PRODUCTION,Use only inside regime-design review; run Onda 4 robustness and final physical interpretation before any production classifier change.
v1,RDC-V1-MONTH-6-C03,WCT-REGIME-016,Wellington k=6 month/season regime design candidate,month,6,6,3,328,nw_or_foehn_candidate,month_6_k6_c3_nw_or_foehn_candidate,northerly_nw_flow;windy,0.4,design_evidence_only,29711.029963951598,878.4530413742141,0.1570226518835894,0.2689525272577646,0.25136245034455257,204,66.66666666666666,k=5:5; k=6:10,2014;2015;2019;2024;2026,4.553034246216913,14.771390392653629,1012.9472198842094,81.58433007370029,3.1260501357239967,0.0,2.4382467402052037,0.061577738568225016,1.634996001599361,1.2865853658536586,southerly_disrupted,"reports/onda2e/regime_cluster_sweep_by_month_season.csv:stratum_type=month,stratum_value=6,k=6","reports/onda2e/regime_cluster_physical_interpretation.csv:stratum_type=month,stratum_value=6,k=6,cluster_id=3","reports/onda2e/regime_cluster_profiles.csv:stratum_type=month,stratum_value=6,k=6,cluster_id=3",Annual stability is below 85%; run k=5 sensitivity before final design.,NOT_PRODUCTION,Use only inside regime-design review; run Onda 4 robustness and final physical interpretation before any production classifier change.
v1,RDC-V1-MONTH-6-C04,WCT-REGIME-016,Wellington k=6 month/season regime design candidate,month,6,6,4,239,nw_or_foehn_candidate,month_6_k6_c4_nw_or_foehn_candidate,northerly_nw_flow;moist_cloudy_or_rain,0.44999999999999996,design_evidence_only,29711.029963951598,878.4530413742141,0.1570226518835894,0.2689525272577646,0.25136245034455257,204,66.66666666666666,k=5:5; k=6:10,2014;2015;2019;2024;2026,33.3282901900239,5.224453742445375,1019.5962212876685,90.05615617915966,1.5806289886310805,0.0,2.3099044488722846,-0.13340890786322604,-0.11358803758831125,3.0376569037656904,southerly_disrupted,"reports/onda2e/regime_cluster_sweep_by_month_season.csv:stratum_type=month,stratum_value=6,k=6","reports/onda2e/regime_cluster_physical_interpretation.csv:stratum_type=month,stratum_value=6,k=6,cluster_id=4","reports/onda2e/regime_cluster_profiles.csv:stratum_type=month,stratum_value=6,k=6,cluster_id=4",Annual stability is below 85%; run k=5 sensitivity before final design.,NOT_PRODUCTION,Use only inside regime-design review; run Onda 4 robustness and final physical interpretation before any production classifier change.
v1,RDC-V1-MONTH-6-C05,WCT-REGIME-016,Wellington k=6 month/season regime design candidate,month,6,6,5,280,southerly_disrupted_candidate,month_6_k6_c5_southerly_disrupted_candidate,southerly_flow;windy,0.44999999999999996,design_evidence_only,29711.029963951598,878.4530413742141,0.1570226518835894,0.2689525272577646,0.25136245034455257,204,66.66666666666666,k=5:5; k=6:10,2014;2015;2019;2024;2026,149.8555759263589,11.86400414043976,1020.7992740398408,76.49096266067416,4.029407712201554,0.0,1.8996024339836537,-0.038189547748924135,-0.8990632318501164,1.0892857142857142,southerly_disrupted,"reports/onda2e/regime_cluster_sweep_by_month_season.csv:stratum_type=month,stratum_value=6,k=6","reports/onda2e/regime_cluster_physical_interpretation.csv:stratum_type=month,stratum_value=6,k=6,cluster_id=5","reports/onda2e/regime_cluster_profiles.csv:stratum_type=month,stratum_value=6,k=6,cluster_id=5",Annual stability is below 85%; run k=5 sensitivity before final design.,NOT_PRODUCTION,Use only inside regime-design review; run Onda 4 robustness and final physical interpretation before any production classifier change.
v1,RDC-V1-MONTH-7-C00,WCT-REGIME-016,Wellington k=6 month/season regime design candidate,month,7,6,0,172,southerly_disrupted_candidate,month_7_k6_c0_southerly_disrupted_candidate,southerly_flow;windy;moist_cloudy_or_rain;pre_cp_cooling,0.75,design_evidence_only,29267.638740015194,643.7131076139885,0.18053495477930057,0.43842825665392704,0.2542387010187085,146,92.85714285714286,k=5:1; k=6:13,2023,167.4555929653841,12.33754539226923,1020.9920380787645,85.22821485967198,2.4036800812236856,0.0,1.6719074331571184,-0.23031635648518062,-0.8645148356054534,1.25,southerly_disrupted,"reports/onda2e/regime_cluster_sweep_by_month_season.csv:stratum_type=month,stratum_value=7,k=6","reports/onda2e/regime_cluster_physical_interpretation.csv:stratum_type=month,stratum_value=7,k=6,cluster_id=0","reports/onda2e/regime_cluster_profiles.csv:stratum_type=month,stratum_value=7,k=6,cluster_id=0",Design evidence only; requires Onda 4 robustness before production.,NOT_PRODUCTION,Use only inside regime-design review; run Onda 4 robustness and final physical interpretation before any production classifier change.
v1,RDC-V1-MONTH-7-C01,WCT-REGIME-016,Wellington k=6 month/season regime design candidate,month,7,6,1,302,nw_or_foehn_candidate,month_7_k6_c1_nw_or_foehn_candidate,northerly_nw_flow;windy,0.4,design_evidence_only,29267.638740015194,643.7131076139885,0.18053495477930057,0.43842825665392704,0.2542387010187085,146,92.85714285714286,k=5:1; k=6:13,2023,354.11142544253283,15.594440390299267,1005.9703836244706,75.1792268075691,4.338469717274845,0.0,1.8485292887122535,0.01954270216418611,1.2436401004795616,1.2649006622516556,southerly_disrupted,"reports/onda2e/regime_cluster_sweep_by_month_season.csv:stratum_type=month,stratum_value=7,k=6","reports/onda2e/regime_cluster_physical_interpretation.csv:stratum_type=month,stratum_value=7,k=6,cluster_id=1","reports/onda2e/regime_cluster_profiles.csv:stratum_type=month,stratum_value=7,k=6,cluster_id=1",Design evidence only; requires Onda 4 robustness before production.,NOT_PRODUCTION,Use only inside regime-design review; run Onda 4 robustness and final physical interpretation before any production classifier change.
v1,RDC-V1-MONTH-7-C02,WCT-REGIME-016,Wellington k=6 month/season regime design candidate,month,7,6,2,225,southerly_disrupted_candidate,month_7_k6_c2_southerly_disrupted_candidate,southerly_flow;windy,0.44999999999999996,design_evidence_only,29267.638740015194,643.7131076139885,0.18053495477930057,0.43842825665392704,0.2542387010187085,146,92.85714285714286,k=5:1; k=6:13,2023,190.51492929161049,22.801919814600414,1012.1473366250196,76.69533261250828,3.971237887232211,0.0,1.893159908031425,-0.005896224136678213,-2.405057471264366,0.7955555555555556,southerly_disrupted,"reports/onda2e/regime_cluster_sweep_by_month_season.csv:stratum_type=month,stratum_value=7,k=6","reports/onda2e/regime_cluster_physical_interpretation.csv:stratum_type=month,stratum_value=7,k=6,cluster_id=2","reports/onda2e/regime_cluster_profiles.csv:stratum_type=month,stratum_value=7,k=6,cluster_id=2",Design evidence only; requires Onda 4 robustness before production.,NOT_PRODUCTION,Use only inside regime-design review; run Onda 4 robustness and final physical interpretation before any production classifier change.
v1,RDC-V1-MONTH-7-C03,WCT-REGIME-016,Wellington k=6 month/season regime design candidate,month,7,6,3,392,nw_or_foehn_candidate,month_7_k6_c3_nw_or_foehn_candidate,northerly_nw_flow;moist_cloudy_or_rain,0.44999999999999996,design_evidence_only,29267.638740015194,643.7131076139885,0.18053495477930057,0.43842825665392704,0.2542387010187085,146,92.85714285714286,k=5:1; k=6:13,2023,24.5982315148308,8.255766050296856,1020.4471318864918,85.8754589897733,2.280247548865753,0.0,1.7320323504640653,0.21986868682310015,0.4793983110485577,3.0408163265306123,southerly_disrupted,"reports/onda2e/regime_cluster_sweep_by_month_season.csv:stratum_type=month,stratum_value=7,k=6","reports/onda2e/regime_cluster_physical_interpretation.csv:stratum_type=month,stratum_value=7,k=6,cluster_id=3","reports/onda2e/regime_cluster_profiles.csv:stratum_type=month,stratum_value=7,k=6,cluster_id=3",Design evidence only; requires Onda 4 robustness before production.,NOT_PRODUCTION,Use only inside regime-design review; run Onda 4 robustness and final physical interpretation before any production classifier change.
v1,RDC-V1-MONTH-7-C04,WCT-REGIME-016,Wellington k=6 month/season regime design candidate,month,7,6,4,298,nw_or_foehn_candidate,month_7_k6_c4_nw_or_foehn_candidate,northerly_nw_flow;moist_cloudy_or_rain,0.44999999999999996,design_evidence_only,29267.638740015194,643.7131076139885,0.18053495477930057,0.43842825665392704,0.2542387010187085,146,92.85714285714286,k=5:1; k=6:13,2023,19.2342209211623,8.823922063774043,1008.6444162606623,90.05356268658818,1.597186827055196,0.0,2.602075959426693,-0.049542491144398584,0.6858597546864155,2.063758389261745,southerly_disrupted,"reports/onda2e/regime_cluster_sweep_by_month_season.csv:stratum_type=month,stratum_value=7,k=6","reports/onda2e/regime_cluster_physical_interpretation.csv:stratum_type=month,stratum_value=7,k=6,cluster_id=4","reports/onda2e/regime_cluster_profiles.csv:stratum_type=month,stratum_value=7,k=6,cluster_id=4",Design evidence only; requires Onda 4 robustness before production.,NOT_PRODUCTION,Use only inside regime-design review; run Onda 4 robustness and final physical interpretation before any production classifier change.
v1,RDC-V1-MONTH-7-C05,WCT-REGIME-016,Wellington k=6 month/season regime design candidate,month,7,6,5,146,southerly_disrupted_candidate,month_7_k6_c5_southerly_disrupted_candidate,southerly_flow;windy,0.44999999999999996,design_evidence_only,29267.638740015194,643.7131076139885,0.18053495477930057,0.43842825665392704,0.2542387010187085,146,92.85714285714286,k=5:1; k=6:13,2023,136.2444394662347,11.966244843854422,1022.1092574268371,71.41367821132638,4.983893266553155,0.0,2.3017078803655315,0.040380909633740546,-1.081861124232404,1.2191780821917808,southerly_disrupted,"reports/onda2e/regime_cluster_sweep_by_month_season.csv:stratum_type=month,stratum_value=7,k=6","reports/onda2e/regime_cluster_physical_interpretation.csv:stratum_type=month,stratum_value=7,k=6,cluster_id=5","reports/onda2e/regime_cluster_profiles.csv:stratum_type=month,stratum_value=7,k=6,cluster_id=5",Design evidence only; requires Onda 4 robustness before production.,NOT_PRODUCTION,Use only inside regime-design review; run Onda 4 robustness and final physical interpretation before any production classifier change.
v1,RDC-V1-MONTH-8-C00,WCT-REGIME-016,Wellington k=6 month/season regime design candidate,month,8,6,0,127,mixed_or_transition,month_8_k6_c0_mixed_or_transition,easterly_component;windy,0.25,design_evidence_only,30475.810369465245,1131.9441532798664,0.18730188450621854,0.3978197147707658,0.21713039113769453,127,85.71428571428571,k=5:2; k=6:12,2024;2025,131.90858928085643,10.240369527672675,1021.5423698606266,68.76097409272704,5.519737873674879,0.0,2.417565755389067,-0.015822432025718133,-1.1471113863576035,1.937007874015748,southerly_disrupted,"reports/onda2e/regime_cluster_sweep_by_month_season.csv:stratum_type=month,stratum_value=8,k=6","reports/onda2e/regime_cluster_physical_interpretation.csv:stratum_type=month,stratum_value=8,k=6,cluster_id=0","reports/onda2e/regime_cluster_profiles.csv:stratum_type=month,stratum_value=8,k=6,cluster_id=0",Mixed/transition cluster needs final physical interpretation before Onda 4.,NOT_PRODUCTION,Use only inside regime-design review; run Onda 4 robustness and final physical interpretation before any production classifier change.
v1,RDC-V1-MONTH-8-C01,WCT-REGIME-016,Wellington k=6 month/season regime design candidate,month,8,6,1,243,nw_or_foehn_candidate,month_8_k6_c1_nw_or_foehn_candidate,northerly_nw_flow;windy;moist_cloudy_or_rain,0.55,design_evidence_only,30475.810369465245,1131.9441532798664,0.18730188450621854,0.3978197147707658,0.21713039113769453,127,85.71428571428571,k=5:2; k=6:12,2024;2025,350.35648199845923,17.528694322101998,1009.2649795019051,86.36491633601693,2.2463854005821666,0.0,2.8266701629566167,-0.00551882004697049,0.8149442826097,1.1193415637860082,southerly_disrupted,"reports/onda2e/regime_cluster_sweep_by_month_season.csv:stratum_type=month,stratum_value=8,k=6","reports/onda2e/regime_cluster_physical_interpretation.csv:stratum_type=month,stratum_value=8,k=6,cluster_id=1","reports/onda2e/regime_cluster_profiles.csv:stratum_type=month,stratum_value=8,k=6,cluster_id=1",Design evidence only; requires Onda 4 robustness before production.,NOT_PRODUCTION,Use only inside regime-design review; run Onda 4 robustness and final physical interpretation before any production classifier change.
v1,RDC-V1-MONTH-8-C02,WCT-REGIME-016,Wellington k=6 month/season regime design candidate,month,8,6,2,337,nw_or_foehn_candidate,month_8_k6_c2_nw_or_foehn_candidate,northerly_nw_flow;windy,0.4,design_evidence_only,30475.810369465245,1131.9441532798664,0.18730188450621854,0.3978197147707658,0.21713039113769453,127,85.71428571428571,k=5:2; k=6:12,2024;2025,357.20302084231105,14.242648936247985,1011.2573041831879,76.2820819932244,4.095882961182545,0.0,1.8491320718215738,0.04938836169563594,1.0431500683492811,1.6943620178041543,southerly_disrupted,"reports/onda2e/regime_cluster_sweep_by_month_season.csv:stratum_type=month,stratum_value=8,k=6","reports/onda2e/regime_cluster_physical_interpretation.csv:stratum_type=month,stratum_value=8,k=6,cluster_id=2","reports/onda2e/regime_cluster_profiles.csv:stratum_type=month,stratum_value=8,k=6,cluster_id=2",Design evidence only; requires Onda 4 robustness before production.,NOT_PRODUCTION,Use only inside regime-design review; run Onda 4 robustness and final physical interpretation before any production classifier change.
v1,RDC-V1-MONTH-8-C03,WCT-REGIME-016,Wellington k=6 month/season regime design candidate,month,8,6,3,253,southerly_disrupted_candidate,month_8_k6_c3_southerly_disrupted_candidate,southerly_flow;windy,0.44999999999999996,design_evidence_only,30475.810369465245,1131.9441532798664,0.18730188450621854,0.3978197147707658,0.21713039113769453,127,85.71428571428571,k=5:2; k=6:12,2024;2025,184.46342365058217,20.89382660924071,1015.4875439342062,77.34519813334812,3.8210487313143977,0.0,1.8425942635459391,-0.023522093810827153,-2.652760136785537,0.8695652173913043,southerly_disrupted,"reports/onda2e/regime_cluster_sweep_by_month_season.csv:stratum_type=month,stratum_value=8,k=6","reports/onda2e/regime_cluster_physical_interpretation.csv:stratum_type=month,stratum_value=8,k=6,cluster_id=3","reports/onda2e/regime_cluster_profiles.csv:stratum_type=month,stratum_value=8,k=6,cluster_id=3",Design evidence only; requires Onda 4 robustness before production.,NOT_PRODUCTION,Use only inside regime-design review; run Onda 4 robustness and final physical interpretation before any production classifier change.
v1,RDC-V1-MONTH-8-C04,WCT-REGIME-016,Wellington k=6 month/season regime design candidate,month,8,6,4,284,nw_or_foehn_candidate,month_8_k6_c4_nw_or_foehn_candidate,northerly_nw_flow;moist_cloudy_or_rain,0.44999999999999996,design_evidence_only,30475.810369465245,1131.9441532798664,0.18730188450621854,0.3978197147707658,0.21713039113769453,127,85.71428571428571,k=5:2; k=6:12,2024;2025,24.486122824558986,7.6945668269160885,1039.7840774688234,85.47857735649127,2.350766356590933,0.0,2.1621767555115508,0.3325791030492682,0.3946985282481405,2.5985915492957745,southerly_disrupted,"reports/onda2e/regime_cluster_sweep_by_month_season.csv:stratum_type=month,stratum_value=8,k=6","reports/onda2e/regime_cluster_physical_interpretation.csv:stratum_type=month,stratum_value=8,k=6,cluster_id=4","reports/onda2e/regime_cluster_profiles.csv:stratum_type=month,stratum_value=8,k=6,cluster_id=4",Design evidence only; requires Onda 4 robustness before production.,NOT_PRODUCTION,Use only inside regime-design review; run Onda 4 robustness and final physical interpretation before any production classifier change.
v1,RDC-V1-MONTH-8-C05,WCT-REGIME-016,Wellington k=6 month/season regime design candidate,month,8,6,5,332,nw_or_foehn_candidate,month_8_k6_c5_nw_or_foehn_candidate,northerly_nw_flow;moist_cloudy_or_rain,0.44999999999999996,design_evidence_only,30475.810369465245,1131.9441532798664,0.18730188450621854,0.3978197147707658,0.21713039113769453,127,85.71428571428571,k=5:2; k=6:12,2024;2025,30.835742256005307,6.004523250965095,1013.4288917367658,88.61036826962703,1.8191419571994893,0.0,1.8433914938033191,-0.05489791283977788,0.12238391769324478,2.858433734939759,southerly_disrupted,"reports/onda2e/regime_cluster_sweep_by_month_season.csv:stratum_type=month,stratum_value=8,k=6","reports/onda2e/regime_cluster_physical_interpretation.csv:stratum_type=month,stratum_value=8,k=6,cluster_id=5","reports/onda2e/regime_cluster_profiles.csv:stratum_type=month,stratum_value=8,k=6,cluster_id=5",Design evidence only; requires Onda 4 robustness before production.,NOT_PRODUCTION,Use only inside regime-design review; run Onda 4 robustness and final physical interpretation before any production classifier change.
v1,RDC-V1-MONTH-9-C00,WCT-REGIME-016,Wellington k=6 month/season regime design candidate,month,9,6,0,271,nw_or_foehn_candidate,month_9_k6_c0_nw_or_foehn_candidate,northerly_nw_flow;windy,0.4,design_evidence_only,29044.340877424245,960.3743086649301,0.1894887280827646,0.3879031871678599,0.14485444748388812,139,85.71428571428571,k=5:2; k=6:12,2019;2022,347.6329385505217,14.683473306723537,1006.593896222521,67.7048862740412,5.899447832447245,0.0,1.4615433972632117,0.04179122917318053,0.2846576465764663,1.7712177121771218,southerly_disrupted,"reports/onda2e/regime_cluster_sweep_by_month_season.csv:stratum_type=month,stratum_value=9,k=6","reports/onda2e/regime_cluster_physical_interpretation.csv:stratum_type=month,stratum_value=9,k=6,cluster_id=0","reports/onda2e/regime_cluster_profiles.csv:stratum_type=month,stratum_value=9,k=6,cluster_id=0",Design evidence only; requires Onda 4 robustness before production.,NOT_PRODUCTION,Use only inside regime-design review; run Onda 4 robustness and final physical interpretation before any production classifier change.
v1,RDC-V1-MONTH-9-C01,WCT-REGIME-016,Wellington k=6 month/season regime design candidate,month,9,6,1,341,nw_or_foehn_candidate,month_9_k6_c1_nw_or_foehn_candidate,northerly_nw_flow;windy,0.4,design_evidence_only,29044.340877424245,960.3743086649301,0.1894887280827646,0.3879031871678599,0.14485444748388812,139,85.71428571428571,k=5:2; k=6:12,2019;2022,354.59261058952274,19.06492807824838,1012.1894506062554,81.01634367164317,3.236371641502017,0.0,2.7254458675421747,0.0745252641159701,1.4343043336591734,1.4457478005865103,southerly_disrupted,"reports/onda2e/regime_cluster_sweep_by_month_season.csv:stratum_type=month,stratum_value=9,k=6","reports/onda2e/regime_cluster_physical_interpretation.csv:stratum_type=month,stratum_value=9,k=6,cluster_id=1","reports/onda2e/regime_cluster_profiles.csv:stratum_type=month,stratum_value=9,k=6,cluster_id=1",Design evidence only; requires Onda 4 robustness before production.,NOT_PRODUCTION,Use only inside regime-design review; run Onda 4 robustness and final physical interpretation before any production classifier change.
v1,RDC-V1-MONTH-9-C02,WCT-REGIME-016,Wellington k=6 month/season regime design candidate,month,9,6,2,245,southerly_disrupted_candidate,month_9_k6_c2_southerly_disrupted_candidate,southerly_flow;windy,0.44999999999999996,design_evidence_only,29044.340877424245,960.3743086649301,0.1894887280827646,0.3879031871678599,0.14485444748388812,139,85.71428571428571,k=5:2; k=6:12,2019;2022,177.39689695652777,20.241990250768445,1013.251499244607,84.59778597974444,2.539486206246173,0.0,2.3050840319828443,-0.05166499448700201,-2.441451247165535,1.0081632653061225,southerly_disrupted,"reports/onda2e/regime_cluster_sweep_by_month_season.csv:stratum_type=month,stratum_value=9,k=6","reports/onda2e/regime_cluster_physical_interpretation.csv:stratum_type=month,stratum_value=9,k=6,cluster_id=2","reports/onda2e/regime_cluster_profiles.csv:stratum_type=month,stratum_value=9,k=6,cluster_id=2",Design evidence only; requires Onda 4 robustness before production.,NOT_PRODUCTION,Use only inside regime-design review; run Onda 4 robustness and final physical interpretation before any production classifier change.
v1,RDC-V1-MONTH-9-C03,WCT-REGIME-016,Wellington k=6 month/season regime design candidate,month,9,6,3,218,nw_or_foehn_candidate,month_9_k6_c3_nw_or_foehn_candidate,northerly_nw_flow;moist_cloudy_or_rain,0.44999999999999996,design_evidence_only,29044.340877424245,960.3743086649301,0.1894887280827646,0.3879031871678599,0.14485444748388812,139,85.71428571428571,k=5:2; k=6:12,2019;2022,11.273433654607764,8.365290568509387,1005.3244123243775,86.25233649610779,2.2677756378602445,0.0,2.1905570686205573,-0.062023594291016025,0.14130479102956253,2.0825688073394497,southerly_disrupted,"reports/onda2e/regime_cluster_sweep_by_month_season.csv:stratum_type=month,stratum_value=9,k=6","reports/onda2e/regime_cluster_physical_interpretation.csv:stratum_type=month,stratum_value=9,k=6,cluster_id=3","reports/onda2e/regime_cluster_profiles.csv:stratum_type=month,stratum_value=9,k=6,cluster_id=3",Design evidence only; requires Onda 4 robustness before production.,NOT_PRODUCTION,Use only inside regime-design review; run Onda 4 robustness and final physical interpretation before any production classifier change.
v1,RDC-V1-MONTH-9-C04,WCT-REGIME-016,Wellington k=6 month/season regime design candidate,month,9,6,4,330,nw_or_foehn_candidate,month_9_k6_c4_nw_or_foehn_candidate,northerly_nw_flow,0.3,design_evidence_only,29044.340877424245,960.3743086649301,0.1894887280827646,0.3879031871678599,0.14485444748388812,139,85.71428571428571,k=5:2; k=6:12,2019;2022,25.708581116014454,8.159537422527853,1019.5415233122002,82.13402257337253,2.95776334031752,0.0,2.0465625199195423,0.30770932957701025,0.536161616161617,2.812121212121212,southerly_disrupted,"reports/onda2e/regime_cluster_sweep_by_month_season.csv:stratum_type=month,stratum_value=9,k=6","reports/onda2e/regime_cluster_physical_interpretation.csv:stratum_type=month,stratum_value=9,k=6,cluster_id=4","reports/onda2e/regime_cluster_profiles.csv:stratum_type=month,stratum_value=9,k=6,cluster_id=4",Design evidence only; requires Onda 4 robustness before production.,NOT_PRODUCTION,Use only inside regime-design review; run Onda 4 robustness and final physical interpretation before any production classifier change.
v1,RDC-V1-MONTH-9-C05,WCT-REGIME-016,Wellington k=6 month/season regime design candidate,month,9,6,5,139,southerly_disrupted_candidate,month_9_k6_c5_southerly_disrupted_candidate,southerly_flow;windy,0.44999999999999996,design_evidence_only,29044.340877424245,960.3743086649301,0.1894887280827646,0.3879031871678599,0.14485444748388812,139,85.71428571428571,k=5:2; k=6:12,2019;2022,156.80141759012977,12.577917665867304,1020.4709797104473,69.50687911249948,5.3687835377630915,0.0,2.158945519237131,0.02759533426659438,-1.8549000799360504,2.0863309352517985,southerly_disrupted,"reports/onda2e/regime_cluster_sweep_by_month_season.csv:stratum_type=month,stratum_value=9,k=6","reports/onda2e/regime_cluster_physical_interpretation.csv:stratum_type=month,stratum_value=9,k=6,cluster_id=5","reports/onda2e/regime_cluster_profiles.csv:stratum_type=month,stratum_value=9,k=6,cluster_id=5",Design evidence only; requires Onda 4 robustness before production.,NOT_PRODUCTION,Use only inside regime-design review; run Onda 4 robustness and final physical interpretation before any production classifier change.
v1,RDC-V1-SEASON-DJF-C00,WCT-REGIME-016,Wellington k=6 month/season regime design candidate,season,DJF,6,0,801,southerly_disrupted_candidate,season_djf_k6_c0_southerly_disrupted_candidate,southerly_flow;windy;moist_cloudy_or_rain,0.6,design_evidence_only,93048.29052283712,2575.9296347847703,0.16531681210447652,0.27857743376602623,0.052256945447226304,487,94.11764705882352,k=5:1; k=6:16,2026,194.24931366815238,13.264800589821009,1011.5483108913571,90.09240352359704,1.6656688513625697,0.0,2.6270048018718897,-0.10092471525260159,-1.837280960443764,1.7365792759051186,southerly_disrupted,"reports/onda2e/regime_cluster_sweep_by_month_season.csv:stratum_type=season,stratum_value=DJF,k=6","reports/onda2e/regime_cluster_physical_interpretation.csv:stratum_type=season,stratum_value=DJF,k=6,cluster_id=0","reports/onda2e/regime_cluster_profiles.csv:stratum_type=season,stratum_value=DJF,k=6,cluster_id=0",Design evidence only; requires Onda 4 robustness before production.,NOT_PRODUCTION,Use only inside regime-design review; run Onda 4 robustness and final physical interpretation before any production classifier change.
v1,RDC-V1-SEASON-DJF-C01,WCT-REGIME-016,Wellington k=6 month/season regime design candidate,season,DJF,6,1,487,nw_or_foehn_candidate,season_djf_k6_c1_nw_or_foehn_candidate,northerly_nw_flow;windy,0.4,design_evidence_only,93048.29052283712,2575.9296347847703,0.16531681210447652,0.27857743376602623,0.052256945447226304,487,94.11764705882352,k=5:1; k=6:16,2026,345.5581469978503,17.35354496268437,1007.1499609671195,70.28283295840612,5.553915130873637,0.0,1.6819914803933709,0.09232296755445223,-0.3413457831557848,2.034907597535934,southerly_disrupted,"reports/onda2e/regime_cluster_sweep_by_month_season.csv:stratum_type=season,stratum_value=DJF,k=6","reports/onda2e/regime_cluster_physical_interpretation.csv:stratum_type=season,stratum_value=DJF,k=6,cluster_id=1","reports/onda2e/regime_cluster_profiles.csv:stratum_type=season,stratum_value=DJF,k=6,cluster_id=1",Design evidence only; requires Onda 4 robustness before production.,NOT_PRODUCTION,Use only inside regime-design review; run Onda 4 robustness and final physical interpretation before any production classifier change.
v1,RDC-V1-SEASON-DJF-C02,WCT-REGIME-016,Wellington k=6 month/season regime design candidate,season,DJF,6,2,918,nw_or_foehn_candidate,season_djf_k6_c2_nw_or_foehn_candidate,northerly_nw_flow;windy,0.4,design_evidence_only,93048.29052283712,2575.9296347847703,0.16531681210447652,0.27857743376602623,0.052256945447226304,487,94.11764705882352,k=5:1; k=6:16,2026,16.32530885680801,10.848550133267123,1015.0203745553471,77.53065449795093,4.016195017817601,0.0,1.8574452533957688,0.314275915846521,1.4273799255580097,2.4923747276688455,southerly_disrupted,"reports/onda2e/regime_cluster_sweep_by_month_season.csv:stratum_type=season,stratum_value=DJF,k=6","reports/onda2e/regime_cluster_physical_interpretation.csv:stratum_type=season,stratum_value=DJF,k=6,cluster_id=2","reports/onda2e/regime_cluster_profiles.csv:stratum_type=season,stratum_value=DJF,k=6,cluster_id=2",Design evidence only; requires Onda 4 robustness before production.,NOT_PRODUCTION,Use only inside regime-design review; run Onda 4 robustness and final physical interpretation before any production classifier change.
v1,RDC-V1-SEASON-DJF-C03,WCT-REGIME-016,Wellington k=6 month/season regime design candidate,season,DJF,6,3,1183,nw_or_foehn_candidate,season_djf_k6_c3_nw_or_foehn_candidate,northerly_nw_flow;windy,0.4,design_evidence_only,93048.29052283712,2575.9296347847703,0.16531681210447652,0.27857743376602623,0.052256945447226304,487,94.11764705882352,k=5:1; k=6:16,2026,1.6040714345282232,18.18738700834086,1011.0494319311863,82.40060326080432,3.0852868828273152,0.0,2.8659043162821463,0.13166216579187343,1.1107531296699862,2.205409974640744,southerly_disrupted,"reports/onda2e/regime_cluster_sweep_by_month_season.csv:stratum_type=season,stratum_value=DJF,k=6","reports/onda2e/regime_cluster_physical_interpretation.csv:stratum_type=season,stratum_value=DJF,k=6,cluster_id=3","reports/onda2e/regime_cluster_profiles.csv:stratum_type=season,stratum_value=DJF,k=6,cluster_id=3",Design evidence only; requires Onda 4 robustness before production.,NOT_PRODUCTION,Use only inside regime-design review; run Onda 4 robustness and final physical interpretation before any production classifier change.
v1,RDC-V1-SEASON-DJF-C04,WCT-REGIME-016,Wellington k=6 month/season regime design candidate,season,DJF,6,4,833,nw_or_foehn_candidate,season_djf_k6_c4_nw_or_foehn_candidate,northerly_nw_flow;moist_cloudy_or_rain,0.44999999999999996,design_evidence_only,93048.29052283712,2575.9296347847703,0.16531681210447652,0.27857743376602623,0.052256945447226304,487,94.11764705882352,k=5:1; k=6:16,2026,33.17975889160948,7.186712626593548,1014.9700935450487,85.65195354330352,2.452118597345289,0.0,2.17625590793306,0.0773484588146753,0.12677999075593174,3.012004801920768,southerly_disrupted,"reports/onda2e/regime_cluster_sweep_by_month_season.csv:stratum_type=season,stratum_value=DJF,k=6","reports/onda2e/regime_cluster_physical_interpretation.csv:stratum_type=season,stratum_value=DJF,k=6,cluster_id=4","reports/onda2e/regime_cluster_profiles.csv:stratum_type=season,stratum_value=DJF,k=6,cluster_id=4",Design evidence only; requires Onda 4 robustness before production.,NOT_PRODUCTION,Use only inside regime-design review; run Onda 4 robustness and final physical interpretation before any production classifier change.
v1,RDC-V1-SEASON-DJF-C05,WCT-REGIME-016,Wellington k=6 month/season regime design candidate,season,DJF,6,5,620,southerly_disrupted_candidate,season_djf_k6_c5_southerly_disrupted_candidate,southerly_flow;windy,0.44999999999999996,design_evidence_only,93048.29052283712,2575.9296347847703,0.16531681210447652,0.27857743376602623,0.052256945447226304,487,94.11764705882352,k=5:1; k=6:16,2026,160.66252331508107,12.197968478494907,1019.7045469627126,73.00802697571645,4.846503156215949,0.0,2.1936146292554457,0.11155468329248391,-2.412478803416917,2.337096774193548,southerly_disrupted,"reports/onda2e/regime_cluster_sweep_by_month_season.csv:stratum_type=season,stratum_value=DJF,k=6","reports/onda2e/regime_cluster_physical_interpretation.csv:stratum_type=season,stratum_value=DJF,k=6,cluster_id=5","reports/onda2e/regime_cluster_profiles.csv:stratum_type=season,stratum_value=DJF,k=6,cluster_id=5",Design evidence only; requires Onda 4 robustness before production.,NOT_PRODUCTION,Use only inside regime-design review; run Onda 4 robustness and final physical interpretation before any production classifier change.
v1,RDC-V1-SEASON-JJA-C00,WCT-REGIME-016,Wellington k=6 month/season regime design candidate,season,JJA,6,0,534,nw_or_foehn_candidate,season_jja_k6_c0_nw_or_foehn_candidate,northerly_nw_flow;windy,0.4,design_evidence_only,90793.88184857626,2277.3099746345542,0.1676350124236513,0.37167678900843604,0.25949965036981204,480,80.0,k=5:3; k=6:12,2015;2023;2026,347.4959659698821,14.650997264591073,1008.6931877528755,69.49547756648192,5.478036466021516,0.0,1.6812535660093666,0.03335592341469484,0.6617727960729219,1.4400749063670413,southerly_disrupted,"reports/onda2e/regime_cluster_sweep_by_month_season.csv:stratum_type=season,stratum_value=JJA,k=6","reports/onda2e/regime_cluster_physical_interpretation.csv:stratum_type=season,stratum_value=JJA,k=6,cluster_id=0","reports/onda2e/regime_cluster_profiles.csv:stratum_type=season,stratum_value=JJA,k=6,cluster_id=0",Annual stability is below 85%; run k=5 sensitivity before final design.,NOT_PRODUCTION,Use only inside regime-design review; run Onda 4 robustness and final physical interpretation before any production classifier change.
v1,RDC-V1-SEASON-JJA-C01,WCT-REGIME-016,Wellington k=6 month/season regime design candidate,season,JJA,6,1,557,southerly_disrupted_candidate,season_jja_k6_c1_southerly_disrupted_candidate,southerly_flow;windy;moist_cloudy_or_rain,0.6,design_evidence_only,90793.88184857626,2277.3099746345542,0.1676350124236513,0.37167678900843604,0.25949965036981204,480,80.0,k=5:3; k=6:12,2015;2023;2026,184.08098894097725,13.434750235874542,1011.4737185572633,90.24882005057535,1.5665775116722391,0.0,2.5860710888325236,-0.09714936612934726,-0.421320028954564,1.0107719928186714,southerly_disrupted,"reports/onda2e/regime_cluster_sweep_by_month_season.csv:stratum_type=season,stratum_value=JJA,k=6","reports/onda2e/regime_cluster_physical_interpretation.csv:stratum_type=season,stratum_value=JJA,k=6,cluster_id=1","reports/onda2e/regime_cluster_profiles.csv:stratum_type=season,stratum_value=JJA,k=6,cluster_id=1",Annual stability is below 85%; run k=5 sensitivity before final design.,NOT_PRODUCTION,Use only inside regime-design review; run Onda 4 robustness and final physical interpretation before any production classifier change.
v1,RDC-V1-SEASON-JJA-C02,WCT-REGIME-016,Wellington k=6 month/season regime design candidate,season,JJA,6,2,691,southerly_disrupted_candidate,season_jja_k6_c2_southerly_disrupted_candidate,southerly_flow;windy,0.44999999999999996,design_evidence_only,90793.88184857626,2277.3099746345542,0.1676350124236513,0.37167678900843604,0.25949965036981204,480,80.0,k=5:3; k=6:12,2015;2023;2026,185.65406376631424,21.364721439653113,1016.382454065406,77.34190094479435,3.8356209215911923,0.0,1.7765371836083619,-0.04411509009704293,-2.4361609137370923,0.7916063675832128,southerly_disrupted,"reports/onda2e/regime_cluster_sweep_by_month_season.csv:stratum_type=season,stratum_value=JJA,k=6","reports/onda2e/regime_cluster_physical_interpretation.csv:stratum_type=season,stratum_value=JJA,k=6,cluster_id=2","reports/onda2e/regime_cluster_profiles.csv:stratum_type=season,stratum_value=JJA,k=6,cluster_id=2",Annual stability is below 85%; run k=5 sensitivity before final design.,NOT_PRODUCTION,Use only inside regime-design review; run Onda 4 robustness and final physical interpretation before any production classifier change.
v1,RDC-V1-SEASON-JJA-C03,WCT-REGIME-016,Wellington k=6 month/season regime design candidate,season,JJA,6,3,1054,nw_or_foehn_candidate,season_jja_k6_c3_nw_or_foehn_candidate,northerly_nw_flow;windy,0.4,design_evidence_only,90793.88184857626,2277.3099746345542,0.1676350124236513,0.37167678900843604,0.25949965036981204,480,80.0,k=5:3; k=6:12,2015;2023;2026,4.971925854319689,14.795348212792705,1012.443377973442,81.18718287789147,3.166071225228108,0.0,2.2695509721150287,0.090918729032835,1.3497825690722591,1.5303605313092978,southerly_disrupted,"reports/onda2e/regime_cluster_sweep_by_month_season.csv:stratum_type=season,stratum_value=JJA,k=6","reports/onda2e/regime_cluster_physical_interpretation.csv:stratum_type=season,stratum_value=JJA,k=6,cluster_id=3","reports/onda2e/regime_cluster_profiles.csv:stratum_type=season,stratum_value=JJA,k=6,cluster_id=3",Annual stability is below 85%; run k=5 sensitivity before final design.,NOT_PRODUCTION,Use only inside regime-design review; run Onda 4 robustness and final physical interpretation before any production classifier change.
v1,RDC-V1-SEASON-JJA-C04,WCT-REGIME-016,Wellington k=6 month/season regime design candidate,season,JJA,6,4,1353,nw_or_foehn_candidate,season_jja_k6_c4_nw_or_foehn_candidate,northerly_nw_flow;moist_cloudy_or_rain,0.44999999999999996,design_evidence_only,90793.88184857626,2277.3099746345542,0.1676350124236513,0.37167678900843604,0.25949965036981204,480,80.0,k=5:3; k=6:12,2015;2023;2026,25.23027012089842,6.094643872800513,1021.0551745336579,88.91783335682572,1.7602016026165492,0.0,1.936195722166098,0.12226293046220765,0.19333480372776424,3.016260162601626,southerly_disrupted,"reports/onda2e/regime_cluster_sweep_by_month_season.csv:stratum_type=season,stratum_value=JJA,k=6","reports/onda2e/regime_cluster_physical_interpretation.csv:stratum_type=season,stratum_value=JJA,k=6,cluster_id=4","reports/onda2e/regime_cluster_profiles.csv:stratum_type=season,stratum_value=JJA,k=6,cluster_id=4",Annual stability is below 85%; run k=5 sensitivity before final design.,NOT_PRODUCTION,Use only inside regime-design review; run Onda 4 robustness and final physical interpretation before any production classifier change.
v1,RDC-V1-SEASON-JJA-C05,WCT-REGIME-016,Wellington k=6 month/season regime design candidate,season,JJA,6,5,480,mixed_or_transition,season_jja_k6_c5_mixed_or_transition,easterly_component,0.15,design_evidence_only,90793.88184857626,2277.3099746345542,0.1676350124236513,0.37167678900843604,0.25949965036981204,480,80.0,k=5:3; k=6:12,2015;2023;2026,131.86460463105985,9.45774991552565,1020.1688093912077,74.7055038783881,4.359147328965682,0.0,2.0876127872081334,-0.04955546129440489,-0.7842341840223744,1.5416666666666667,southerly_disrupted,"reports/onda2e/regime_cluster_sweep_by_month_season.csv:stratum_type=season,stratum_value=JJA,k=6","reports/onda2e/regime_cluster_physical_interpretation.csv:stratum_type=season,stratum_value=JJA,k=6,cluster_id=5","reports/onda2e/regime_cluster_profiles.csv:stratum_type=season,stratum_value=JJA,k=6,cluster_id=5",Annual stability is below 85%; run k=5 sensitivity before final design.,NOT_PRODUCTION,Use only inside regime-design review; run Onda 4 robustness and final physical interpretation before any production classifier change.
v1,RDC-V1-SEASON-MAM-C00,WCT-REGIME-016,Wellington k=6 month/season regime design candidate,season,MAM,6,0,676,mixed_or_transition,season_mam_k6_c0_mixed_or_transition,westerly_component;windy,0.25,design_evidence_only,97396.21576530271,3020.370618819754,0.1619887427434003,0.3465269581392327,0.18375424605853713,614,93.75,k=2:1; k=6:15,2011,249.70968054257952,18.843437000533303,1011.3685373223634,70.09122377319964,5.445904146415792,0.0,1.6785579272603925,-0.03525843860053759,-1.6059311062373525,1.3002958579881656,southerly_disrupted,"reports/onda2e/regime_cluster_sweep_by_month_season.csv:stratum_type=season,stratum_value=MAM,k=6","reports/onda2e/regime_cluster_physical_interpretation.csv:stratum_type=season,stratum_value=MAM,k=6,cluster_id=0","reports/onda2e/regime_cluster_profiles.csv:stratum_type=season,stratum_value=MAM,k=6,cluster_id=0",Mixed/transition cluster needs final physical interpretation before Onda 4.,NOT_PRODUCTION,Use only inside regime-design review; run Onda 4 robustness and final physical interpretation before any production classifier change.
v1,RDC-V1-SEASON-MAM-C01,WCT-REGIME-016,Wellington k=6 month/season regime design candidate,season,MAM,6,1,1051,nw_or_foehn_candidate,season_mam_k6_c1_nw_or_foehn_candidate,northerly_nw_flow;windy,0.4,design_evidence_only,97396.21576530271,3020.370618819754,0.1619887427434003,0.3465269581392327,0.18375424605853713,614,93.75,k=2:1; k=6:15,2011,359.826362917663,17.327581354808334,1012.4310713885448,81.06832727937655,3.3027056579755913,0.0,2.450044235307511,0.04494605104754054,1.7357633633634388,1.7002854424357754,southerly_disrupted,"reports/onda2e/regime_cluster_sweep_by_month_season.csv:stratum_type=season,stratum_value=MAM,k=6","reports/onda2e/regime_cluster_physical_interpretation.csv:stratum_type=season,stratum_value=MAM,k=6,cluster_id=1","reports/onda2e/regime_cluster_profiles.csv:stratum_type=season,stratum_value=MAM,k=6,cluster_id=1",Design evidence only; requires Onda 4 robustness before production.,NOT_PRODUCTION,Use only inside regime-design review; run Onda 4 robustness and final physical interpretation before any production classifier change.
v1,RDC-V1-SEASON-MAM-C02,WCT-REGIME-016,Wellington k=6 month/season regime design candidate,season,MAM,6,2,745,southerly_disrupted_candidate,season_mam_k6_c2_southerly_disrupted_candidate,southerly_flow;windy;moist_cloudy_or_rain,0.6,design_evidence_only,97396.21576530271,3020.370618819754,0.1619887427434003,0.3465269581392327,0.18375424605853713,614,93.75,k=2:1; k=6:15,2011,186.5798276046553,14.059723052481335,1019.2735906324699,89.2149211181764,1.7836257586799766,0.0,2.60361442698373,-0.06692879923618052,-1.7226815065006686,1.1892617449664429,southerly_disrupted,"reports/onda2e/regime_cluster_sweep_by_month_season.csv:stratum_type=season,stratum_value=MAM,k=6","reports/onda2e/regime_cluster_physical_interpretation.csv:stratum_type=season,stratum_value=MAM,k=6,cluster_id=2","reports/onda2e/regime_cluster_profiles.csv:stratum_type=season,stratum_value=MAM,k=6,cluster_id=2",Design evidence only; requires Onda 4 robustness before production.,NOT_PRODUCTION,Use only inside regime-design review; run Onda 4 robustness and final physical interpretation before any production classifier change.
v1,RDC-V1-SEASON-MAM-C03,WCT-REGIME-016,Wellington k=6 month/season regime design candidate,season,MAM,6,3,1030,nw_or_foehn_candidate,season_mam_k6_c3_nw_or_foehn_candidate,northerly_nw_flow,0.3,design_evidence_only,97396.21576530271,3020.370618819754,0.1619887427434003,0.3465269581392327,0.18375424605853713,614,93.75,k=2:1; k=6:15,2011,20.289747057030187,9.780677194331409,1018.6043327408275,81.63913445281483,3.1493571030568996,0.0,1.98377502270129,0.3031965708656984,1.0378177200698535,2.5097087378640777,southerly_disrupted,"reports/onda2e/regime_cluster_sweep_by_month_season.csv:stratum_type=season,stratum_value=MAM,k=6","reports/onda2e/regime_cluster_physical_interpretation.csv:stratum_type=season,stratum_value=MAM,k=6,cluster_id=3","reports/onda2e/regime_cluster_profiles.csv:stratum_type=season,stratum_value=MAM,k=6,cluster_id=3",Design evidence only; requires Onda 4 robustness before production.,NOT_PRODUCTION,Use only inside regime-design review; run Onda 4 robustness and final physical interpretation before any production classifier change.
v1,RDC-V1-SEASON-MAM-C04,WCT-REGIME-016,Wellington k=6 month/season regime design candidate,season,MAM,6,4,614,southerly_disrupted_candidate,season_mam_k6_c4_southerly_disrupted_candidate,southerly_flow;windy,0.44999999999999996,design_evidence_only,97396.21576530271,3020.370618819754,0.1619887427434003,0.3465269581392327,0.18375424605853713,614,93.75,k=2:1; k=6:15,2011,153.84472081295075,10.980411163760058,1022.9868188410203,74.16564656757964,4.595092248557715,0.0,2.293514939310383,0.03283490810979594,-1.7041888945944663,1.8615635179153094,southerly_disrupted,"reports/onda2e/regime_cluster_sweep_by_month_season.csv:stratum_type=season,stratum_value=MAM,k=6","reports/onda2e/regime_cluster_physical_interpretation.csv:stratum_type=season,stratum_value=MAM,k=6,cluster_id=4","reports/onda2e/regime_cluster_profiles.csv:stratum_type=season,stratum_value=MAM,k=6,cluster_id=4",Design evidence only; requires Onda 4 robustness before production.,NOT_PRODUCTION,Use only inside regime-design review; run Onda 4 robustness and final physical interpretation before any production classifier change.
v1,RDC-V1-SEASON-MAM-C05,WCT-REGIME-016,Wellington k=6 month/season regime design candidate,season,MAM,6,5,914,nw_or_foehn_candidate,season_mam_k6_c5_nw_or_foehn_candidate,northerly_nw_flow;moist_cloudy_or_rain,0.44999999999999996,design_evidence_only,97396.21576530271,3020.370618819754,0.1619887427434003,0.3465269581392327,0.18375424605853713,614,93.75,k=2:1; k=6:15,2011,24.840424280837745,6.096782198374813,1017.3062513362371,88.27041541150777,1.934145602401737,0.0,1.9794906681453635,-0.03482066392175028,0.241665430293777,3.2166301969365425,southerly_disrupted,"reports/onda2e/regime_cluster_sweep_by_month_season.csv:stratum_type=season,stratum_value=MAM,k=6","reports/onda2e/regime_cluster_physical_interpretation.csv:stratum_type=season,stratum_value=MAM,k=6,cluster_id=5","reports/onda2e/regime_cluster_profiles.csv:stratum_type=season,stratum_value=MAM,k=6,cluster_id=5",Design evidence only; requires Onda 4 robustness before production.,NOT_PRODUCTION,Use only inside regime-design review; run Onda 4 robustness and final physical interpretation before any production classifier change.
v1,RDC-V1-SEASON-SON-C00,WCT-REGIME-016,Wellington k=6 month/season regime design candidate,season,SON,6,0,457,nw_or_foehn_candidate,season_son_k6_c0_nw_or_foehn_candidate,northerly_nw_flow;windy,0.4,design_evidence_only,89005.19229732985,2520.8956861871266,0.16604369256148085,0.35086846895931834,0.09984009584442877,457,85.71428571428571,k=5:2; k=6:12,2012;2025,337.68128218097627,13.962882642456448,1002.4919054020063,66.76810657255386,6.1781233435497676,0.0,1.5731719360759837,0.03756961963958879,-0.15015394212603295,1.8161925601750548,southerly_disrupted,"reports/onda2e/regime_cluster_sweep_by_month_season.csv:stratum_type=season,stratum_value=SON,k=6","reports/onda2e/regime_cluster_physical_interpretation.csv:stratum_type=season,stratum_value=SON,k=6,cluster_id=0","reports/onda2e/regime_cluster_profiles.csv:stratum_type=season,stratum_value=SON,k=6,cluster_id=0",Design evidence only; requires Onda 4 robustness before production.,NOT_PRODUCTION,Use only inside regime-design review; run Onda 4 robustness and final physical interpretation before any production classifier change.
v1,RDC-V1-SEASON-SON-C01,WCT-REGIME-016,Wellington k=6 month/season regime design candidate,season,SON,6,1,729,southerly_disrupted_candidate,season_son_k6_c1_southerly_disrupted_candidate,southerly_flow;windy;moist_cloudy_or_rain,0.6,design_evidence_only,89005.19229732985,2520.8956861871266,0.16604369256148085,0.35086846895931834,0.09984009584442877,457,85.71428571428571,k=5:2; k=6:12,2012;2025,183.28875455453792,14.285732302739056,1009.3267578375779,87.70884521342586,2.024181809269688,0.0,2.4173487159726927,-0.09670466888204486,-1.5813284861701027,1.271604938271605,southerly_disrupted,"reports/onda2e/regime_cluster_sweep_by_month_season.csv:stratum_type=season,stratum_value=SON,k=6","reports/onda2e/regime_cluster_physical_interpretation.csv:stratum_type=season,stratum_value=SON,k=6,cluster_id=1","reports/onda2e/regime_cluster_profiles.csv:stratum_type=season,stratum_value=SON,k=6,cluster_id=1",Design evidence only; requires Onda 4 robustness before production.,NOT_PRODUCTION,Use only inside regime-design review; run Onda 4 robustness and final physical interpretation before any production classifier change.
v1,RDC-V1-SEASON-SON-C02,WCT-REGIME-016,Wellington k=6 month/season regime design candidate,season,SON,6,2,1023,nw_or_foehn_candidate,season_son_k6_c2_nw_or_foehn_candidate,northerly_nw_flow;windy,0.4,design_evidence_only,89005.19229732985,2520.8956861871266,0.16604369256148085,0.35086846895931834,0.09984009584442877,457,85.71428571428571,k=5:2; k=6:12,2012;2025,354.973266882039,18.67249704077208,1010.1814858223438,83.00846729340148,2.898442862799742,0.0,2.920769922028202,0.08064361353655908,1.0907529778728835,1.629521016617791,southerly_disrupted,"reports/onda2e/regime_cluster_sweep_by_month_season.csv:stratum_type=season,stratum_value=SON,k=6","reports/onda2e/regime_cluster_physical_interpretation.csv:stratum_type=season,stratum_value=SON,k=6,cluster_id=2","reports/onda2e/regime_cluster_profiles.csv:stratum_type=season,stratum_value=SON,k=6,cluster_id=2",Design evidence only; requires Onda 4 robustness before production.,NOT_PRODUCTION,Use only inside regime-design review; run Onda 4 robustness and final physical interpretation before any production classifier change.
v1,RDC-V1-SEASON-SON-C03,WCT-REGIME-016,Wellington k=6 month/season regime design candidate,season,SON,6,3,1056,nw_or_foehn_candidate,season_son_k6_c3_nw_or_foehn_candidate,northerly_nw_flow,0.3,design_evidence_only,89005.19229732985,2520.8956861871266,0.16604369256148085,0.35086846895931834,0.09984009584442877,457,85.71428571428571,k=5:2; k=6:12,2012;2025,25.37368887706182,7.0706764863395986,1016.2715797800697,83.58910936931966,2.739557456750917,0.0,2.2947749458266444,0.23417219701301814,0.6159613625022399,2.7206439393939394,southerly_disrupted,"reports/onda2e/regime_cluster_sweep_by_month_season.csv:stratum_type=season,stratum_value=SON,k=6","reports/onda2e/regime_cluster_physical_interpretation.csv:stratum_type=season,stratum_value=SON,k=6,cluster_id=3","reports/onda2e/regime_cluster_profiles.csv:stratum_type=season,stratum_value=SON,k=6,cluster_id=3",Design evidence only; requires Onda 4 robustness before production.,NOT_PRODUCTION,Use only inside regime-design review; run Onda 4 robustness and final physical interpretation before any production classifier change.
v1,RDC-V1-SEASON-SON-C04,WCT-REGIME-016,Wellington k=6 month/season regime design candidate,season,SON,6,4,857,nw_or_foehn_candidate,season_son_k6_c4_nw_or_foehn_candidate,northerly_nw_flow;windy,0.4,design_evidence_only,89005.19229732985,2520.8956861871266,0.16604369256148085,0.35086846895931834,0.09984009584442877,457,85.71428571428571,k=5:2; k=6:12,2012;2025,7.450091310275912,15.324108400510244,1014.2819632249865,75.4084449316297,4.320018510924095,0.0,1.7956313393694856,0.24730591609649177,1.0104908667971357,1.894982497082847,southerly_disrupted,"reports/onda2e/regime_cluster_sweep_by_month_season.csv:stratum_type=season,stratum_value=SON,k=6","reports/onda2e/regime_cluster_physical_interpretation.csv:stratum_type=season,stratum_value=SON,k=6,cluster_id=4","reports/onda2e/regime_cluster_profiles.csv:stratum_type=season,stratum_value=SON,k=6,cluster_id=4",Design evidence only; requires Onda 4 robustness before production.,NOT_PRODUCTION,Use only inside regime-design review; run Onda 4 robustness and final physical interpretation before any production classifier change.
v1,RDC-V1-SEASON-SON-C05,WCT-REGIME-016,Wellington k=6 month/season regime design candidate,season,SON,6,5,597,southerly_disrupted_candidate,season_son_k6_c5_southerly_disrupted_candidate,southerly_flow;windy,0.44999999999999996,design_evidence_only,89005.19229732985,2520.8956861871266,0.16604369256148085,0.35086846895931834,0.09984009584442877,457,85.71428571428571,k=5:2; k=6:12,2012;2025,164.67051819929677,15.164887228659433,1021.0755819014562,71.51774802921514,5.014701414330322,0.0,2.066766819306971,0.05110560028985444,-2.4428725812122876,1.847571189279732,southerly_disrupted,"reports/onda2e/regime_cluster_sweep_by_month_season.csv:stratum_type=season,stratum_value=SON,k=6","reports/onda2e/regime_cluster_physical_interpretation.csv:stratum_type=season,stratum_value=SON,k=6,cluster_id=5","reports/onda2e/regime_cluster_profiles.csv:stratum_type=season,stratum_value=SON,k=6,cluster_id=5",Design evidence only; requires Onda 4 robustness before production.,NOT_PRODUCTION,Use only inside regime-design review; run Onda 4 robustness and final physical interpretation before any production classifier change.
