date_local,month,cp,n_pre_cp_obs,n_sectors_observed,dominant_sector,dominant_share,southerly_obs_count,direction_churn_flag
2009-04-23,4,20:00,1,1,SE,1.0,1,false
2009-04-23,4,21:00,1,1,SE,1.0,1,false
2009-04-23,4,22:00,1,1,SE,1.0,1,false
2009-04-23,4,23:00,1,1,SE,1.0,1,false
2009-11-20,11,20:00,1,1,N,1.0,0,false
2009-11-20,11,21:00,1,1,N,1.0,0,false
2009-11-20,11,22:00,1,1,N,1.0,0,false
2009-11-20,11,23:00,1,1,N,1.0,0,false
2010-01-19,1,20:00,1,1,SW,1.0,1,false
2010-01-19,1,21:00,1,1,SW,1.0,1,false
2010-01-19,1,22:00,1,1,SW,1.0,1,false
2010-01-19,1,23:00,1,1,SW,1.0,1,false
2010-05-18,5,20:00,1,1,S,1.0,1,false
2010-05-18,5,21:00,1,1,S,1.0,1,false
2010-05-18,5,22:00,1,1,S,1.0,1,false
2010-05-18,5,23:00,1,1,S,1.0,1,false
2010-08-20,8,20:00,1,1,S,1.0,1,false
2010-08-20,8,21:00,1,1,S,1.0,1,false
2010-08-20,8,22:00,1,1,S,1.0,1,false
2010-08-20,8,23:00,1,1,S,1.0,1,false
2010-08-30,8,20:00,1,1,S,1.0,1,false
2010-08-30,8,21:00,1,1,S,1.0,1,false
2010-08-30,8,22:00,1,1,S,1.0,1,false
2010-08-30,8,23:00,1,1,S,1.0,1,false
2010-11-08,11,20:00,0,0,,0.0,0,false
2010-11-08,11,21:00,0,0,,0.0,0,false
2010-11-08,11,22:00,0,0,,0.0,0,false
2010-11-08,11,23:00,0,0,,0.0,0,false
2010-11-09,11,20:00,1,1,NE,1.0,0,false
2010-11-09,11,21:00,1,1,NE,1.0,0,false
2010-11-09,11,22:00,1,1,NE,1.0,0,false
2010-11-09,11,23:00,1,1,NE,1.0,0,false
2010-12-01,12,20:00,0,0,,0.0,0,false
2010-12-01,12,21:00,0,0,,0.0,0,false
2010-12-01,12,22:00,0,0,,0.0,0,false
2010-12-01,12,23:00,0,0,,0.0,0,false
2010-12-02,12,20:00,8,3,S,0.5,7,true
2010-12-02,12,21:00,9,3,S,0.5555555555555556,8,true
2010-12-02,12,22:00,10,3,S,0.5,9,true
2010-12-02,12,23:00,11,3,S,0.5454545454545454,10,true
2010-12-03,12,20:00,9,5,SE,0.3333333333333333,4,true
2010-12-03,12,21:00,10,6,SE,0.3,4,true
2010-12-03,12,22:00,11,6,SE,0.2727272727272727,5,true
2010-12-03,12,23:00,12,6,S,0.25,6,true
2010-12-04,12,20:00,8,5,N,0.375,3,true
2010-12-04,12,21:00,9,6,N,0.3333333333333333,4,true
2010-12-04,12,22:00,10,6,N,0.3,5,true
2010-12-04,12,23:00,11,6,S,0.36363636363636365,6,true
2010-12-05,12,20:00,8,1,N,1.0,0,false
2010-12-05,12,21:00,9,1,N,1.0,0,false
2010-12-05,12,22:00,10,1,N,1.0,0,false
2010-12-05,12,23:00,11,1,N,1.0,0,false
2010-12-06,12,20:00,7,1,N,1.0,0,false
2010-12-06,12,21:00,7,1,N,1.0,0,false
2010-12-06,12,22:00,7,1,N,1.0,0,false
2010-12-06,12,23:00,7,1,N,1.0,0,false
2010-12-07,12,20:00,9,2,S,0.8888888888888888,9,true
2010-12-07,12,21:00,10,2,S,0.9,10,true
2010-12-07,12,22:00,11,2,S,0.9090909090909091,11,true
2010-12-07,12,23:00,12,2,S,0.9166666666666666,12,true
2010-12-08,12,20:00,7,2,SE,0.5714285714285714,7,true
2010-12-08,12,21:00,8,2,S,0.5,8,true
2010-12-08,12,22:00,9,2,S,0.5555555555555556,9,true
2010-12-08,12,23:00,10,2,S,0.6,10,true
2010-12-09,12,20:00,5,1,S,1.0,5,false
2010-12-09,12,21:00,5,1,S,1.0,5,false
2010-12-09,12,22:00,6,1,S,1.0,6,false
2010-12-09,12,23:00,7,1,S,1.0,7,false
2010-12-10,12,20:00,7,2,N,0.8571428571428571,0,true
2010-12-10,12,21:00,8,2,N,0.875,0,true
2010-12-10,12,22:00,9,2,N,0.8888888888888888,0,true
2010-12-10,12,23:00,10,2,N,0.9,0,true
2010-12-11,12,20:00,9,2,N,0.7777777777777778,0,true
2010-12-11,12,21:00,10,2,N,0.8,0,true
2010-12-11,12,22:00,11,2,N,0.8181818181818182,0,true
2010-12-11,12,23:00,12,2,N,0.8333333333333334,0,true
2010-12-12,12,20:00,7,3,N,0.5714285714285714,0,true
2010-12-12,12,21:00,8,4,N,0.5,1,true
2010-12-12,12,22:00,9,4,N,0.4444444444444444,2,true
2010-12-12,12,23:00,10,4,N,0.4,3,true
2010-12-13,12,20:00,9,2,N,0.8888888888888888,0,true
2010-12-13,12,21:00,10,2,N,0.9,0,true
2010-12-13,12,22:00,11,2,N,0.9090909090909091,0,true
2010-12-13,12,23:00,12,2,N,0.9166666666666666,0,true
2010-12-14,12,20:00,9,1,N,1.0,0,false
2010-12-14,12,21:00,10,1,N,1.0,0,false
2010-12-14,12,22:00,11,1,N,1.0,0,false
2010-12-14,12,23:00,12,1,N,1.0,0,false
2010-12-15,12,20:00,9,2,S,0.8888888888888888,9,true
2010-12-15,12,21:00,10,2,S,0.9,10,true
2010-12-15,12,22:00,11,2,S,0.8181818181818182,11,true
2010-12-15,12,23:00,12,2,S,0.8333333333333334,12,true
2010-12-16,12,20:00,9,2,N,0.6666666666666666,0,true
2010-12-16,12,21:00,10,3,N,0.6,1,true
2010-12-16,12,22:00,11,4,N,0.5454545454545454,2,true
2010-12-16,12,23:00,12,4,N,0.5,3,true
2010-12-17,12,20:00,9,2,N,0.8888888888888888,0,true
2010-12-17,12,21:00,10,2,N,0.9,0,true
2010-12-17,12,22:00,11,2,N,0.9090909090909091,0,true
2010-12-17,12,23:00,12,2,N,0.9166666666666666,0,true
2010-12-18,12,20:00,9,1,N,1.0,0,false
2010-12-18,12,21:00,10,1,N,1.0,0,false
2010-12-18,12,22:00,11,1,N,1.0,0,false
2010-12-18,12,23:00,12,1,N,1.0,0,false
2010-12-19,12,20:00,6,2,N,0.8333333333333334,0,true
2010-12-19,12,21:00,7,2,N,0.8571428571428571,0,true
2010-12-19,12,22:00,8,2,N,0.875,0,true
2010-12-19,12,23:00,9,2,N,0.8888888888888888,0,true
2010-12-20,12,20:00,8,2,N,0.875,0,true
2010-12-20,12,21:00,9,2,N,0.8888888888888888,0,true
2010-12-20,12,22:00,10,2,N,0.9,0,true
2010-12-20,12,23:00,11,2,N,0.9090909090909091,0,true
2010-12-21,12,20:00,6,1,N,1.0,0,false
2010-12-21,12,21:00,7,1,N,1.0,0,false
2010-12-21,12,22:00,8,1,N,1.0,0,false
2010-12-21,12,23:00,10,1,N,1.0,0,false
2010-12-22,12,20:00,9,1,N,1.0,0,false
2010-12-22,12,21:00,10,1,N,1.0,0,false
2010-12-22,12,22:00,11,1,N,1.0,0,false
2010-12-22,12,23:00,12,1,N,1.0,0,false
2010-12-23,12,20:00,9,3,N,0.4444444444444444,0,true
2010-12-23,12,21:00,10,3,N,0.5,0,true
2010-12-23,12,22:00,11,3,N,0.5454545454545454,0,true
2010-12-23,12,23:00,12,3,N,0.5833333333333334,0,true
2010-12-24,12,20:00,9,1,N,1.0,0,false
2010-12-24,12,21:00,10,1,N,1.0,0,false
2010-12-24,12,22:00,11,1,N,1.0,0,false
2010-12-24,12,23:00,12,2,N,0.9166666666666666,0,true
2010-12-25,12,20:00,7,2,N,0.5714285714285714,0,true
2010-12-25,12,21:00,8,3,N,0.5,0,true
2010-12-25,12,22:00,9,3,N,0.4444444444444444,0,true
2010-12-25,12,23:00,10,3,N,0.5,0,true
2010-12-26,12,20:00,8,1,N,1.0,0,false
2010-12-26,12,21:00,9,1,N,1.0,0,false
2010-12-26,12,22:00,10,1,N,1.0,0,false
2010-12-26,12,23:00,11,1,N,1.0,0,false
2010-12-27,12,20:00,9,1,N,1.0,0,false
2010-12-27,12,21:00,10,1,N,1.0,0,false
2010-12-27,12,22:00,11,1,N,1.0,0,false
2010-12-27,12,23:00,12,1,N,1.0,0,false
2010-12-28,12,20:00,9,1,N,1.0,0,false
2010-12-28,12,21:00,10,1,N,1.0,0,false
2010-12-28,12,22:00,11,1,N,1.0,0,false
2010-12-28,12,23:00,12,1,N,1.0,0,false
2010-12-29,12,20:00,9,5,N,0.5555555555555556,3,true
2010-12-29,12,21:00,10,5,N,0.6,3,true
2010-12-29,12,22:00,11,5,N,0.6363636363636364,3,true
2010-12-29,12,23:00,12,5,N,0.6666666666666666,3,true
2010-12-30,12,20:00,9,2,NE,0.5555555555555556,0,true
2010-12-30,12,21:00,10,2,N,0.5,0,true
2010-12-30,12,22:00,11,2,N,0.5454545454545454,0,true
2010-12-30,12,23:00,12,2,N,0.5833333333333334,0,true
2010-12-31,12,20:00,9,2,N,0.8888888888888888,0,true
2010-12-31,12,21:00,10,2,N,0.9,0,true
2010-12-31,12,22:00,11,2,N,0.9090909090909091,0,true
2010-12-31,12,23:00,12,2,N,0.9166666666666666,0,true
2011-01-01,1,20:00,9,1,S,1.0,9,false
2011-01-01,1,21:00,10,1,S,1.0,10,false
2011-01-01,1,22:00,11,1,S,1.0,11,false
2011-01-01,1,23:00,12,1,S,1.0,12,false
2011-01-10,1,20:00,0,0,,0.0,0,false
2011-01-10,1,21:00,0,0,,0.0,0,false
2011-01-10,1,22:00,0,0,,0.0,0,false
2011-01-10,1,23:00,0,0,,0.0,0,false
2011-01-11,1,20:00,8,2,S,0.75,8,true
2011-01-11,1,21:00,9,2,S,0.6666666666666666,9,true
2011-01-11,1,22:00,10,2,S,0.7,10,true
2011-01-11,1,23:00,11,2,S,0.7272727272727273,11,true
2011-01-19,1,20:00,0,0,,0.0,0,false
2011-01-19,1,21:00,0,0,,0.0,0,false
2011-01-19,1,22:00,0,0,,0.0,0,false
2011-01-19,1,23:00,0,0,,0.0,0,false
2011-01-20,1,20:00,8,4,S,0.625,6,true
2011-01-20,1,21:00,9,4,S,0.6666666666666666,7,true
2011-01-20,1,22:00,10,4,S,0.7,8,true
2011-01-20,1,23:00,11,4,S,0.7272727272727273,9,true
2011-01-21,1,20:00,9,1,SE,1.0,9,false
2011-01-21,1,21:00,10,1,SE,1.0,10,false
2011-01-21,1,22:00,11,1,SE,1.0,11,false
2011-01-21,1,23:00,12,1,SE,1.0,12,false
2011-01-22,1,20:00,9,2,S,0.7777777777777778,9,true
2011-01-22,1,21:00,10,2,S,0.7,10,true
2011-01-22,1,22:00,11,2,S,0.7272727272727273,11,true
2011-01-22,1,23:00,12,2,S,0.75,12,true
2011-01-23,1,20:00,9,2,SE,0.7777777777777778,9,true
2011-01-23,1,21:00,10,2,SE,0.8,10,true
2011-01-23,1,22:00,11,2,SE,0.7272727272727273,11,true
2011-01-23,1,23:00,12,2,SE,0.75,12,true
2011-01-24,1,20:00,8,1,S,1.0,8,false
2011-01-24,1,21:00,9,1,S,1.0,9,false
2011-01-24,1,22:00,10,1,S,1.0,10,false
2011-01-24,1,23:00,11,1,S,1.0,11,false
2011-01-25,1,20:00,8,2,N,0.625,0,true
2011-01-25,1,21:00,9,2,N,0.6666666666666666,0,true
2011-01-25,1,22:00,10,2,N,0.7,0,true
2011-01-25,1,23:00,11,2,N,0.7272727272727273,0,true
2011-01-26,1,20:00,8,1,N,1.0,0,false
2011-01-26,1,21:00,9,1,N,1.0,0,false
2011-01-26,1,22:00,9,1,N,1.0,0,false
2011-01-26,1,23:00,10,1,N,1.0,0,false
2011-01-27,1,20:00,8,1,N,1.0,0,false
2011-01-27,1,21:00,9,1,N,1.0,0,false
2011-01-27,1,22:00,10,1,N,1.0,0,false
2011-01-27,1,23:00,11,1,N,1.0,0,false
2011-01-28,1,20:00,9,3,NE,0.4444444444444444,3,true
2011-01-28,1,21:00,10,3,NE,0.4,3,true
2011-01-28,1,22:00,11,3,N,0.36363636363636365,3,true
2011-01-28,1,23:00,11,3,N,0.36363636363636365,3,true
2011-01-29,1,20:00,9,1,N,1.0,0,false
2011-01-29,1,21:00,10,1,N,1.0,0,false
2011-01-29,1,22:00,11,1,N,1.0,0,false
2011-01-29,1,23:00,12,1,N,1.0,0,false
2011-01-30,1,20:00,9,4,N,0.4444444444444444,4,true
2011-01-30,1,21:00,10,4,N,0.5,4,true
2011-01-30,1,22:00,11,4,N,0.5454545454545454,4,true
2011-01-30,1,23:00,12,4,N,0.5833333333333334,4,true
2011-01-31,1,20:00,6,1,N,1.0,0,false
2011-01-31,1,21:00,7,1,N,1.0,0,false
2011-01-31,1,22:00,8,1,N,1.0,0,false
2011-01-31,1,23:00,9,2,N,0.8888888888888888,0,true
2011-02-01,2,20:00,9,4,N,0.6666666666666666,2,true
2011-02-01,2,21:00,10,4,N,0.7,2,true
2011-02-01,2,22:00,11,4,N,0.7272727272727273,2,true
2011-02-01,2,23:00,12,4,N,0.75,2,true
2011-04-24,4,20:00,2,1,N,1.0,0,false
2011-04-24,4,21:00,2,1,N,1.0,0,false
2011-04-24,4,22:00,2,1,N,1.0,0,false
2011-04-24,4,23:00,2,1,N,1.0,0,false
2011-05-21,5,20:00,0,0,,0.0,0,false
2011-05-21,5,21:00,0,0,,0.0,0,false
2011-05-21,5,22:00,0,0,,0.0,0,false
2011-05-21,5,23:00,0,0,,0.0,0,false
2011-05-22,5,20:00,0,0,,0.0,0,false
2011-05-22,5,21:00,0,0,,0.0,0,false
2011-05-22,5,22:00,0,0,,0.0,0,false
2011-05-22,5,23:00,0,0,,0.0,0,false
2011-06-04,6,20:00,0,0,,0.0,0,false
2011-06-04,6,21:00,0,0,,0.0,0,false
2011-06-04,6,22:00,0,0,,0.0,0,false
2011-06-04,6,23:00,0,0,,0.0,0,false
2011-06-05,6,20:00,0,0,,0.0,0,false
2011-06-05,6,21:00,0,0,,0.0,0,false
2011-06-05,6,22:00,0,0,,0.0,0,false
2011-06-05,6,23:00,0,0,,0.0,0,false
2011-06-06,6,20:00,0,0,,0.0,0,false
2011-06-06,6,21:00,0,0,,0.0,0,false
2011-06-06,6,22:00,0,0,,0.0,0,false
2011-06-06,6,23:00,0,0,,0.0,0,false
2011-06-07,6,20:00,1,1,N,1.0,0,false
2011-06-07,6,21:00,1,1,N,1.0,0,false
2011-06-07,6,22:00,1,1,N,1.0,0,false
2011-06-07,6,23:00,1,1,N,1.0,0,false
2011-07-03,7,20:00,0,0,,0.0,0,false
2011-07-03,7,21:00,0,0,,0.0,0,false
2011-07-03,7,22:00,0,0,,0.0,0,false
2011-07-03,7,23:00,0,0,,0.0,0,false
2011-07-10,7,20:00,0,0,,0.0,0,false
2011-07-10,7,21:00,0,0,,0.0,0,false
2011-07-10,7,22:00,0,0,,0.0,0,false
2011-07-10,7,23:00,0,0,,0.0,0,false
2011-08-23,8,20:00,2,1,N,1.0,0,false
2011-08-23,8,21:00,3,1,N,1.0,0,false
2011-08-23,8,22:00,4,1,N,1.0,0,false
2011-08-23,8,23:00,5,1,N,1.0,0,false
2011-08-24,8,20:00,8,1,N,1.0,0,false
2011-08-24,8,21:00,9,1,N,1.0,0,false
2011-08-24,8,22:00,10,1,N,1.0,0,false
2011-08-24,8,23:00,11,1,N,1.0,0,false
2011-08-25,8,20:00,7,1,N,1.0,0,false
2011-08-25,8,21:00,8,1,N,1.0,0,false
2011-08-25,8,22:00,9,1,N,1.0,0,false
2011-08-25,8,23:00,10,1,N,1.0,0,false
2011-08-26,8,20:00,5,2,N,0.6,0,true
2011-08-26,8,21:00,6,2,N,0.6666666666666666,0,true
2011-08-26,8,22:00,7,2,N,0.7142857142857143,0,true
2011-08-26,8,23:00,8,2,N,0.75,0,true
2011-08-27,8,20:00,8,2,N,0.75,0,true
2011-08-27,8,21:00,9,2,N,0.7777777777777778,0,true
2011-08-27,8,22:00,10,2,N,0.8,0,true
2011-08-27,8,23:00,11,2,N,0.8181818181818182,0,true
2011-08-28,8,20:00,8,2,N,0.875,0,true
2011-08-28,8,21:00,9,2,N,0.8888888888888888,0,true
2011-08-28,8,22:00,10,2,N,0.9,0,true
2011-08-28,8,23:00,11,2,N,0.9090909090909091,0,true
2011-08-29,8,20:00,8,2,N,0.5,0,true
2011-08-29,8,21:00,9,2,N,0.5555555555555556,0,true
2011-08-29,8,22:00,10,2,N,0.6,0,true
2011-08-29,8,23:00,11,2,N,0.6363636363636364,0,true
2011-08-30,8,20:00,6,2,N,0.6666666666666666,0,true
2011-08-30,8,21:00,7,2,N,0.7142857142857143,0,true
2011-08-30,8,22:00,8,2,N,0.75,0,true
2011-08-30,8,23:00,9,2,N,0.7777777777777778,0,true
2011-08-31,8,20:00,8,3,S,0.625,6,true
2011-08-31,8,21:00,9,3,S,0.6666666666666666,7,true
2011-08-31,8,22:00,10,3,S,0.7,8,true
2011-08-31,8,23:00,11,3,S,0.7272727272727273,9,true
2011-09-01,9,20:00,8,2,N,0.875,0,true
2011-09-01,9,21:00,9,2,N,0.8888888888888888,0,true
2011-09-01,9,22:00,11,4,N,0.7272727272727273,1,true
2011-09-01,9,23:00,12,4,N,0.6666666666666666,2,true
2011-09-02,9,20:00,9,4,S,0.6666666666666666,7,true
2011-09-02,9,21:00,10,4,S,0.7,8,true
2011-09-02,9,22:00,11,4,S,0.7272727272727273,9,true
2011-09-02,9,23:00,12,4,S,0.75,10,true
2011-09-03,9,20:00,8,2,N,0.75,0,true
2011-09-03,9,21:00,9,2,N,0.7777777777777778,0,true
2011-09-03,9,22:00,10,2,N,0.8,0,true
2011-09-03,9,23:00,11,2,N,0.8181818181818182,0,true
2011-09-04,9,20:00,7,2,NE,0.5714285714285714,0,true
2011-09-04,9,21:00,8,2,N,0.5,0,true
2011-09-04,9,22:00,9,2,NE,0.5555555555555556,0,true
2011-09-04,9,23:00,10,3,NE,0.5,1,true
2011-09-05,9,20:00,8,2,NE,0.75,0,true
2011-09-05,9,21:00,9,2,NE,0.6666666666666666,0,true
2011-09-05,9,22:00,10,2,NE,0.6,0,true
2011-09-05,9,23:00,11,2,NE,0.5454545454545454,0,true
2011-09-06,9,20:00,7,1,N,1.0,0,false
2011-09-06,9,21:00,8,1,N,1.0,0,false
2011-09-06,9,22:00,9,1,N,1.0,0,false
2011-09-06,9,23:00,10,1,N,1.0,0,false
2011-09-07,9,20:00,6,2,NE,0.6666666666666666,0,true
2011-09-07,9,21:00,7,2,NE,0.5714285714285714,0,true
2011-09-07,9,22:00,8,2,N,0.5,0,true
2011-09-07,9,23:00,9,2,N,0.5555555555555556,0,true
2011-09-08,9,20:00,7,1,N,1.0,0,false
2011-09-08,9,21:00,8,1,N,1.0,0,false
2011-09-08,9,22:00,9,1,N,1.0,0,false
2011-09-08,9,23:00,10,1,N,1.0,0,false
2011-09-09,9,20:00,7,1,N,1.0,0,false
2011-09-09,9,21:00,8,1,N,1.0,0,false
2011-09-09,9,22:00,9,1,N,1.0,0,false
2011-09-09,9,23:00,10,1,N,1.0,0,false
2011-09-10,9,20:00,7,1,N,1.0,0,false
2011-09-10,9,21:00,8,1,N,1.0,0,false
2011-09-10,9,22:00,9,1,N,1.0,0,false
2011-09-10,9,23:00,10,1,N,1.0,0,false
2011-09-11,9,20:00,8,1,N,1.0,0,false
2011-09-11,9,21:00,9,1,N,1.0,0,false
2011-09-11,9,22:00,10,1,N,1.0,0,false
2011-09-11,9,23:00,11,1,N,1.0,0,false
2011-09-12,9,20:00,8,1,N,1.0,0,false
2011-09-12,9,21:00,10,1,N,1.0,0,false
2011-09-12,9,22:00,12,1,N,1.0,0,false
2011-09-12,9,23:00,13,1,N,1.0,0,false
2011-09-13,9,20:00,8,2,S,0.875,8,true
2011-09-13,9,21:00,9,3,S,0.7777777777777778,9,true
2011-09-13,9,22:00,10,3,S,0.7,10,true
2011-09-13,9,23:00,11,4,S,0.6363636363636364,10,true
2011-09-14,9,20:00,7,3,S,0.5714285714285714,5,true
2011-09-14,9,21:00,8,3,S,0.625,6,true
2011-09-14,9,22:00,9,3,S,0.5555555555555556,7,true
2011-09-14,9,23:00,10,3,S,0.6,8,true
2011-09-15,9,20:00,8,3,N,0.75,0,true
2011-09-15,9,21:00,9,3,N,0.7777777777777778,0,true
2011-09-15,9,22:00,10,3,N,0.8,0,true
2011-09-15,9,23:00,11,3,N,0.8181818181818182,0,true
2011-09-16,9,20:00,8,3,N,0.5,0,true
2011-09-16,9,21:00,9,3,N,0.5555555555555556,0,true
2011-09-16,9,22:00,10,3,N,0.5,0,true
2011-09-16,9,23:00,11,3,N,0.5454545454545454,0,true
2011-09-17,9,20:00,6,4,E,0.3333333333333333,0,true
2011-09-17,9,21:00,7,4,E,0.42857142857142855,0,true
2011-09-17,9,22:00,8,5,E,0.375,1,true
2011-09-17,9,23:00,9,6,E,0.3333333333333333,2,true
2011-09-18,9,20:00,9,3,N,0.6666666666666666,0,true
2011-09-18,9,21:00,10,3,N,0.7,0,true
2011-09-18,9,22:00,11,3,N,0.7272727272727273,0,true
2011-09-18,9,23:00,12,4,N,0.6666666666666666,0,true
2011-09-19,9,20:00,9,1,N,1.0,0,false
2011-09-19,9,21:00,10,1,N,1.0,0,false
2011-09-19,9,22:00,11,2,N,0.9090909090909091,0,true
2011-09-19,9,23:00,12,2,N,0.9166666666666666,0,true
2011-09-20,9,20:00,9,1,S,1.0,9,false
2011-09-20,9,21:00,10,1,S,1.0,10,false
2011-09-20,9,22:00,11,1,S,1.0,11,false
2011-09-20,9,23:00,12,1,S,1.0,12,false
2011-09-21,9,20:00,8,1,S,1.0,8,false
2011-09-21,9,21:00,9,1,S,1.0,9,false
2011-09-21,9,22:00,10,1,S,1.0,10,false
2011-09-21,9,23:00,11,1,S,1.0,11,false
2011-09-22,9,20:00,8,2,N,0.625,0,true
2011-09-22,9,21:00,9,2,N,0.5555555555555556,0,true
2011-09-22,9,22:00,10,2,N,0.6,0,true
2011-09-22,9,23:00,11,2,N,0.6363636363636364,0,true
2011-09-23,9,20:00,8,3,NE,0.5,0,true
2011-09-23,9,21:00,9,4,NE,0.4444444444444444,1,true
2011-09-23,9,22:00,10,5,NE,0.4,2,true
2011-09-23,9,23:00,11,5,NE,0.36363636363636365,3,true
2011-09-24,9,20:00,7,1,N,1.0,0,false
2011-09-24,9,21:00,8,1,N,1.0,0,false
2011-09-24,9,22:00,9,1,N,1.0,0,false
2011-09-24,9,23:00,10,1,N,1.0,0,false
2011-09-25,9,20:00,8,5,N,0.375,4,true
2011-09-25,9,21:00,9,5,N,0.3333333333333333,5,true
2011-09-25,9,22:00,10,5,S,0.4,6,true
2011-09-25,9,23:00,11,5,S,0.36363636363636365,7,true
2011-09-26,9,20:00,9,3,S,0.7777777777777778,7,true
2011-09-26,9,21:00,10,4,S,0.7,7,true
2011-09-26,9,22:00,11,4,S,0.6363636363636364,7,true
2011-09-26,9,23:00,12,4,S,0.5833333333333334,7,true
2011-09-27,9,20:00,9,2,N,0.6666666666666666,0,true
2011-09-27,9,21:00,10,2,N,0.7,0,true
2011-09-27,9,22:00,11,2,N,0.7272727272727273,0,true
2011-09-27,9,23:00,12,2,N,0.75,0,true
2011-09-28,9,20:00,9,2,N,0.8888888888888888,0,true
2011-09-28,9,21:00,10,2,N,0.9,0,true
2011-09-28,9,22:00,11,2,N,0.9090909090909091,0,true
2011-09-28,9,23:00,12,2,N,0.9166666666666666,0,true
2011-09-29,9,20:00,9,1,N,1.0,0,false
2011-09-29,9,21:00,10,1,N,1.0,0,false
2011-09-29,9,22:00,11,1,N,1.0,0,false
2011-09-29,9,23:00,12,2,N,0.9166666666666666,1,true
2011-09-30,9,20:00,9,2,NE,0.8888888888888888,1,true
2011-09-30,9,21:00,10,3,NE,0.8,1,true
2011-09-30,9,22:00,11,3,NE,0.7272727272727273,1,true
2011-09-30,9,23:00,12,3,NE,0.6666666666666666,1,true
2011-10-01,10,20:00,9,2,N,0.5555555555555556,0,true
2011-10-01,10,21:00,10,2,N,0.5,0,true
2011-10-01,10,22:00,11,2,N,0.5454545454545454,0,true
2011-10-01,10,23:00,12,2,N,0.5833333333333334,0,true
2011-10-02,10,20:00,9,1,N,1.0,0,false
2011-10-02,10,21:00,10,1,N,1.0,0,false
2011-10-02,10,22:00,11,1,N,1.0,0,false
2011-10-02,10,23:00,12,1,N,1.0,0,false
2011-10-03,10,20:00,7,1,N,1.0,0,false
2011-10-03,10,21:00,8,1,N,1.0,0,false
2011-10-03,10,22:00,9,1,N,1.0,0,false
2011-10-03,10,23:00,10,1,N,1.0,0,false
2011-10-04,10,20:00,5,1,S,1.0,5,false
2011-10-04,10,21:00,6,1,S,1.0,6,false
2011-10-04,10,22:00,7,1,S,1.0,7,false
2011-10-04,10,23:00,8,1,S,1.0,8,false
2011-10-05,10,20:00,11,1,S,1.0,11,false
2011-10-05,10,21:00,12,1,S,1.0,12,false
2011-10-05,10,22:00,13,1,S,1.0,13,false
2011-10-05,10,23:00,14,1,S,1.0,14,false
2011-10-06,10,20:00,8,1,S,1.0,8,false
2011-10-06,10,21:00,9,1,S,1.0,9,false
2011-10-06,10,22:00,10,1,S,1.0,10,false
2011-10-06,10,23:00,11,1,S,1.0,11,false
2011-10-07,10,20:00,9,2,SE,0.7777777777777778,9,true
2011-10-07,10,21:00,10,2,SE,0.7,10,true
2011-10-07,10,22:00,11,3,SE,0.6363636363636364,11,true
2011-10-07,10,23:00,12,3,SE,0.5833333333333334,12,true
2011-10-08,10,20:00,9,2,N,0.8888888888888888,0,true
2011-10-08,10,21:00,10,3,N,0.8,1,true
2011-10-08,10,22:00,11,3,N,0.7272727272727273,2,true
2011-10-08,10,23:00,12,3,N,0.6666666666666666,3,true
2011-10-09,10,20:00,9,2,S,0.7777777777777778,9,true
2011-10-09,10,21:00,10,2,S,0.7,10,true
2011-10-09,10,22:00,11,2,S,0.6363636363636364,11,true
2011-10-09,10,23:00,12,2,S,0.6666666666666666,12,true
2011-10-10,10,20:00,9,2,NE,0.8888888888888888,0,true
2011-10-10,10,21:00,10,2,NE,0.8,0,true
2011-10-10,10,22:00,11,2,NE,0.7272727272727273,0,true
2011-10-10,10,23:00,12,3,NE,0.6666666666666666,0,true
2011-10-11,10,20:00,8,2,N,0.875,0,true
2011-10-11,10,21:00,9,2,N,0.8888888888888888,0,true
2011-10-11,10,22:00,10,2,N,0.9,0,true
2011-10-11,10,23:00,11,2,N,0.9090909090909091,0,true
2011-10-12,10,20:00,8,1,N,1.0,0,false
2011-10-12,10,21:00,9,1,N,1.0,0,false
2011-10-12,10,22:00,10,1,N,1.0,0,false
2011-10-12,10,23:00,11,1,N,1.0,0,false
2011-10-13,10,20:00,7,1,N,1.0,0,false
2011-10-13,10,21:00,7,1,N,1.0,0,false
2011-10-13,10,22:00,8,1,N,1.0,0,false
2011-10-13,10,23:00,9,1,N,1.0,0,false
2011-10-14,10,20:00,9,2,N,0.8888888888888888,0,true
2011-10-14,10,21:00,10,2,N,0.9,0,true
2011-10-14,10,22:00,11,2,N,0.9090909090909091,0,true
2011-10-14,10,23:00,12,3,N,0.8333333333333334,0,true
2011-10-15,10,20:00,8,4,S,0.375,5,true
2011-10-15,10,21:00,9,4,S,0.3333333333333333,6,true
2011-10-15,10,22:00,10,4,S,0.4,7,true
2011-10-15,10,23:00,11,4,S,0.45454545454545453,8,true
2011-10-16,10,20:00,8,6,NE,0.25,4,true
2011-10-16,10,21:00,9,6,SW,0.3333333333333333,5,true
2011-10-16,10,22:00,10,6,SW,0.4,6,true
2011-10-16,10,23:00,11,6,SW,0.45454545454545453,7,true
2011-10-17,10,20:00,8,2,N,0.875,0,true
2011-10-17,10,21:00,9,2,N,0.8888888888888888,0,true
2011-10-17,10,22:00,10,2,N,0.9,0,true
2011-10-17,10,23:00,11,2,N,0.9090909090909091,0,true
2011-10-18,10,20:00,10,1,N,1.0,0,false
2011-10-18,10,21:00,11,1,N,1.0,0,false
2011-10-18,10,22:00,12,1,N,1.0,0,false
2011-10-18,10,23:00,13,1,N,1.0,0,false
2011-10-19,10,20:00,7,4,N,0.2857142857142857,3,true
2011-10-19,10,21:00,8,4,NE,0.375,3,true
2011-10-19,10,22:00,9,5,NE,0.3333333333333333,3,true
2011-10-19,10,23:00,10,6,NE,0.3,4,true
2011-10-20,10,20:00,9,2,S,0.8888888888888888,9,true
2011-10-20,10,21:00,10,2,S,0.9,10,true
2011-10-20,10,22:00,11,2,S,0.9090909090909091,11,true
2011-10-20,10,23:00,12,2,S,0.9166666666666666,12,true
2011-10-22,10,20:00,4,1,S,1.0,4,false
2011-10-22,10,21:00,5,1,S,1.0,5,false
2011-10-22,10,22:00,6,1,S,1.0,6,false
2011-10-22,10,23:00,7,2,S,0.8571428571428571,7,true
2011-10-23,10,20:00,9,2,N,0.6666666666666666,0,true
2011-10-23,10,21:00,11,2,N,0.7272727272727273,0,true
2011-10-23,10,22:00,12,2,N,0.75,0,true
2011-10-23,10,23:00,13,2,N,0.6923076923076923,0,true
2011-10-24,10,20:00,9,1,N,1.0,0,false
2011-10-24,10,21:00,10,1,N,1.0,0,false
2011-10-24,10,22:00,11,1,N,1.0,0,false
2011-10-24,10,23:00,12,1,N,1.0,0,false
2011-10-25,10,20:00,8,1,N,1.0,0,false
2011-10-25,10,21:00,9,1,N,1.0,0,false
2011-10-25,10,22:00,10,1,N,1.0,0,false
2011-10-25,10,23:00,11,1,N,1.0,0,false
2011-10-26,10,20:00,9,2,N,0.5555555555555556,0,true
2011-10-26,10,21:00,10,2,N,0.6,0,true
2011-10-26,10,22:00,11,2,N,0.6363636363636364,0,true
2011-10-26,10,23:00,12,2,N,0.6666666666666666,0,true
2011-10-27,10,20:00,9,2,SE,0.6666666666666666,9,true
2011-10-27,10,21:00,10,2,SE,0.7,10,true
2011-10-27,10,22:00,11,2,SE,0.7272727272727273,11,true
2011-10-27,10,23:00,12,2,SE,0.75,12,true
2011-10-28,10,20:00,10,3,N,0.5,0,true
2011-10-28,10,21:00,11,3,N,0.45454545454545453,0,true
2011-10-28,10,22:00,12,3,N,0.5,0,true
2011-10-28,10,23:00,13,4,N,0.46153846153846156,0,true
2011-10-29,10,20:00,9,1,N,1.0,0,false
2011-10-29,10,21:00,11,1,N,1.0,0,false
2011-10-29,10,22:00,12,1,N,1.0,0,false
2011-10-29,10,23:00,14,1,N,1.0,0,false
2011-10-30,10,20:00,8,1,N,1.0,0,false
2011-10-30,10,21:00,9,1,N,1.0,0,false
2011-10-30,10,22:00,10,1,N,1.0,0,false
2011-10-30,10,23:00,11,1,N,1.0,0,false
2011-10-31,10,20:00,9,2,N,0.8888888888888888,0,true
2011-10-31,10,21:00,10,2,N,0.9,0,true
2011-10-31,10,22:00,11,2,N,0.9090909090909091,0,true
2011-10-31,10,23:00,12,2,N,0.9166666666666666,0,true
2011-11-01,11,20:00,8,2,N,0.75,0,true
2011-11-01,11,21:00,9,2,N,0.7777777777777778,0,true
2011-11-01,11,22:00,9,2,N,0.7777777777777778,0,true
2011-11-01,11,23:00,10,2,N,0.8,0,true
2011-11-02,11,20:00,8,2,N,0.625,0,true
2011-11-02,11,21:00,9,2,N,0.6666666666666666,0,true
2011-11-02,11,22:00,10,2,N,0.7,0,true
2011-11-02,11,23:00,11,2,N,0.7272727272727273,0,true
2011-11-03,11,20:00,9,2,N,0.5555555555555556,0,true
2011-11-03,11,21:00,10,2,N,0.6,0,true
2011-11-03,11,22:00,11,2,N,0.6363636363636364,0,true
2011-11-03,11,23:00,12,2,N,0.6666666666666666,0,true
2011-11-04,11,20:00,9,3,N,0.7777777777777778,0,true
2011-11-04,11,21:00,10,3,N,0.7,0,true
2011-11-04,11,22:00,11,3,N,0.6363636363636364,0,true
2011-11-04,11,23:00,12,3,N,0.6666666666666666,0,true
2011-11-05,11,20:00,7,2,NW,0.7142857142857143,0,true
2011-11-05,11,21:00,8,2,NW,0.75,0,true
2011-11-05,11,22:00,9,2,NW,0.6666666666666666,0,true
2011-11-05,11,23:00,10,2,NW,0.6,0,true
2011-11-06,11,20:00,8,2,N,0.75,0,true
2011-11-06,11,21:00,9,2,N,0.7777777777777778,0,true
2011-11-06,11,22:00,10,2,N,0.8,0,true
2011-11-06,11,23:00,12,2,N,0.8333333333333334,0,true
2011-11-07,11,20:00,9,1,N,1.0,0,false
2011-11-07,11,21:00,10,2,N,0.9,0,true
2011-11-07,11,22:00,11,2,N,0.9090909090909091,0,true
2011-11-07,11,23:00,12,3,N,0.8333333333333334,1,true
2011-11-08,11,20:00,8,1,N,1.0,0,false
2011-11-08,11,21:00,9,1,N,1.0,0,false
2011-11-08,11,22:00,10,1,N,1.0,0,false
2011-11-08,11,23:00,11,1,N,1.0,0,false
2011-11-09,11,20:00,10,4,SW,0.5,6,true
2011-11-09,11,21:00,11,4,SW,0.5454545454545454,7,true
2011-11-09,11,22:00,12,4,SW,0.5,7,true
2011-11-09,11,23:00,13,4,SW,0.5384615384615384,8,true
2011-11-10,11,20:00,9,2,SE,0.7777777777777778,9,true
2011-11-10,11,21:00,10,2,SE,0.7,10,true
2011-11-10,11,22:00,11,2,SE,0.6363636363636364,11,true
2011-11-10,11,23:00,12,2,SE,0.5833333333333334,12,true
2011-11-11,11,20:00,0,0,,0.0,0,false
2011-11-11,11,21:00,0,0,,0.0,0,false
2011-11-11,11,22:00,0,0,,0.0,0,false
2011-11-11,11,23:00,0,0,,0.0,0,false
2011-11-12,11,20:00,7,2,N,0.8571428571428571,0,true
2011-11-12,11,21:00,8,3,N,0.75,0,true
2011-11-12,11,22:00,9,4,N,0.6666666666666666,0,true
2011-11-12,11,23:00,10,5,N,0.6,1,true
2011-11-13,11,20:00,9,2,SW,0.5555555555555556,9,true
2011-11-13,11,21:00,10,2,S,0.5,10,true
2011-11-13,11,22:00,11,2,S,0.5454545454545454,11,true
2011-11-13,11,23:00,12,2,S,0.5833333333333334,12,true
2011-11-14,11,20:00,10,2,S,0.5,10,true
2011-11-14,11,21:00,11,2,S,0.5454545454545454,11,true
2011-11-14,11,22:00,12,2,S,0.5833333333333334,12,true
2011-11-14,11,23:00,13,2,S,0.6153846153846154,13,true
2011-11-15,11,20:00,9,3,N,0.6666666666666666,0,true
2011-11-15,11,21:00,10,3,N,0.7,0,true
2011-11-15,11,22:00,11,3,N,0.7272727272727273,0,true
2011-11-15,11,23:00,12,3,N,0.75,0,true
2011-11-16,11,20:00,9,4,N,0.4444444444444444,1,true
2011-11-16,11,21:00,10,5,N,0.4,2,true
2011-11-16,11,22:00,11,5,N,0.36363636363636365,3,true
2011-11-16,11,23:00,12,5,N,0.3333333333333333,4,true
2011-11-17,11,20:00,9,2,N,0.7777777777777778,0,true
2011-11-17,11,21:00,10,2,N,0.8,0,true
2011-11-17,11,22:00,11,2,N,0.8181818181818182,0,true
2011-11-17,11,23:00,12,2,N,0.75,0,true
2011-11-18,11,20:00,5,3,N,0.6,1,true
2011-11-18,11,21:00,6,3,N,0.5,1,true
2011-11-18,11,22:00,7,3,N,0.42857142857142855,1,true
2011-11-18,11,23:00,8,3,N,0.5,1,true
2011-11-19,11,20:00,11,2,S,0.9090909090909091,11,true
2011-11-19,11,21:00,12,2,S,0.9166666666666666,12,true
2011-11-19,11,22:00,13,2,S,0.9230769230769231,13,true
2011-11-19,11,23:00,14,2,S,0.9285714285714286,14,true
2011-11-20,11,20:00,9,2,N,0.7777777777777778,0,true
2011-11-20,11,21:00,10,2,N,0.8,0,true
2011-11-20,11,22:00,11,2,N,0.8181818181818182,0,true
2011-11-20,11,23:00,12,2,N,0.8333333333333334,0,true
2011-11-21,11,20:00,8,2,N,0.875,0,true
2011-11-21,11,21:00,9,2,N,0.8888888888888888,0,true
2011-11-21,11,22:00,10,2,N,0.8,0,true
2011-11-21,11,23:00,11,2,N,0.8181818181818182,0,true
2011-11-22,11,20:00,9,5,NE,0.3333333333333333,4,true
2011-11-22,11,21:00,10,6,NE,0.3,4,true
2011-11-22,11,22:00,11,6,NE,0.2727272727272727,4,true
2011-11-22,11,23:00,12,6,N,0.25,4,true
2011-11-23,11,20:00,9,2,N,0.8888888888888888,0,true
2011-11-23,11,21:00,10,2,N,0.9,0,true
2011-11-23,11,22:00,11,2,N,0.9090909090909091,0,true
2011-11-23,11,23:00,13,2,N,0.9230769230769231,0,true
2011-11-24,11,20:00,7,5,N,0.2857142857142857,2,true
2011-11-24,11,21:00,9,5,S,0.3333333333333333,4,true
2011-11-24,11,22:00,10,5,S,0.4,5,true
2011-11-24,11,23:00,11,5,S,0.45454545454545453,6,true
2011-11-25,11,20:00,9,2,N,0.8888888888888888,0,true
2011-11-25,11,21:00,10,2,N,0.9,0,true
2011-11-25,11,22:00,11,2,N,0.9090909090909091,0,true
2011-11-25,11,23:00,12,2,N,0.9166666666666666,0,true
2011-11-26,11,20:00,9,4,N,0.4444444444444444,4,true
2011-11-26,11,21:00,10,4,N,0.4,5,true
2011-11-26,11,22:00,11,4,N,0.36363636363636365,6,true
2011-11-26,11,23:00,12,4,N,0.3333333333333333,7,true
2011-11-27,11,20:00,8,3,NE,0.75,0,true
2011-11-27,11,21:00,9,3,NE,0.6666666666666666,0,true
2011-11-27,11,22:00,10,3,NE,0.6,0,true
2011-11-27,11,23:00,11,3,NE,0.5454545454545454,0,true
2011-11-28,11,20:00,9,2,N,0.8888888888888888,0,true
2011-11-28,11,21:00,10,2,N,0.9,0,true
2011-11-28,11,22:00,11,2,N,0.9090909090909091,0,true
2011-11-28,11,23:00,13,2,N,0.9230769230769231,0,true
2011-11-29,11,20:00,10,2,S,0.9,10,true
2011-11-29,11,21:00,11,2,S,0.9090909090909091,11,true
2011-11-29,11,22:00,12,2,S,0.9166666666666666,12,true
2011-11-29,11,23:00,13,2,S,0.8461538461538461,13,true
2011-11-30,11,20:00,7,5,E,0.2857142857142857,3,true
2011-11-30,11,21:00,8,6,E,0.25,4,true
2011-11-30,11,22:00,9,6,E,0.2222222222222222,5,true
2011-11-30,11,23:00,10,6,S,0.3,6,true
2011-12-01,12,20:00,8,2,N,0.875,0,true
2011-12-01,12,21:00,9,2,N,0.8888888888888888,0,true
2011-12-01,12,22:00,10,2,N,0.9,0,true
2011-12-01,12,23:00,11,2,N,0.9090909090909091,0,true
2011-12-02,12,20:00,8,2,N,0.75,0,true
2011-12-02,12,21:00,9,2,N,0.7777777777777778,0,true
2011-12-02,12,22:00,10,2,N,0.8,0,true
2011-12-02,12,23:00,11,2,N,0.8181818181818182,0,true
2011-12-03,12,20:00,9,2,N,0.8888888888888888,0,true
2011-12-03,12,21:00,10,2,N,0.9,0,true
2011-12-03,12,22:00,11,2,N,0.9090909090909091,0,true
2011-12-03,12,23:00,12,2,N,0.9166666666666666,0,true
2011-12-04,12,20:00,9,1,N,1.0,0,false
2011-12-04,12,21:00,10,1,N,1.0,0,false
2011-12-04,12,22:00,11,1,N,1.0,0,false
2011-12-04,12,23:00,12,1,N,1.0,0,false
2011-12-05,12,20:00,8,3,N,0.75,2,true
2011-12-05,12,21:00,9,3,N,0.7777777777777778,2,true
2011-12-05,12,22:00,11,3,N,0.6363636363636364,4,true
2011-12-05,12,23:00,14,3,N,0.5,7,true
2011-12-06,12,20:00,8,2,S,0.75,8,true
2011-12-06,12,21:00,9,2,S,0.6666666666666666,9,true
2011-12-06,12,22:00,10,2,S,0.6,10,true
2011-12-06,12,23:00,11,2,S,0.6363636363636364,11,true
2011-12-07,12,20:00,9,3,N,0.6666666666666666,0,true
2011-12-07,12,21:00,10,4,N,0.6,1,true
2011-12-07,12,22:00,11,5,N,0.5454545454545454,2,true
2011-12-07,12,23:00,12,5,N,0.5,3,true
2011-12-08,12,20:00,9,4,S,0.5555555555555556,6,true
2011-12-08,12,21:00,10,4,S,0.5,6,true
2011-12-08,12,22:00,11,4,S,0.45454545454545453,6,true
2011-12-08,12,23:00,12,4,N,0.4166666666666667,6,true
2011-12-09,12,20:00,9,4,S,0.6666666666666666,7,true
2011-12-09,12,21:00,10,5,S,0.6,8,true
2011-12-09,12,22:00,11,5,S,0.5454545454545454,9,true
2011-12-09,12,23:00,12,5,S,0.5833333333333334,10,true
2011-12-10,12,20:00,9,2,N,0.5555555555555556,0,true
2011-12-10,12,21:00,10,3,N,0.5,1,true
2011-12-10,12,22:00,11,3,N,0.45454545454545453,2,true
2011-12-10,12,23:00,12,3,N,0.4166666666666667,3,true
2011-12-11,12,20:00,9,2,N,0.5555555555555556,0,true
2011-12-11,12,21:00,10,2,N,0.6,0,true
2011-12-11,12,22:00,10,2,N,0.6,0,true
2011-12-11,12,23:00,11,3,N,0.5454545454545454,1,true
2011-12-12,12,20:00,7,1,N,1.0,0,false
2011-12-12,12,21:00,8,1,N,1.0,0,false
2011-12-12,12,22:00,9,1,N,1.0,0,false
2011-12-12,12,23:00,10,1,N,1.0,0,false
2011-12-13,12,20:00,10,1,N,1.0,0,false
2011-12-13,12,21:00,11,1,N,1.0,0,false
2011-12-13,12,22:00,12,1,N,1.0,0,false
2011-12-13,12,23:00,13,1,N,1.0,0,false
2011-12-14,12,20:00,9,1,N,1.0,0,false
2011-12-14,12,21:00,10,1,N,1.0,0,false
2011-12-14,12,22:00,11,1,N,1.0,0,false
2011-12-14,12,23:00,12,1,N,1.0,0,false
2011-12-15,12,20:00,9,1,N,1.0,0,false
2011-12-15,12,21:00,10,1,N,1.0,0,false
2011-12-15,12,22:00,11,1,N,1.0,0,false
2011-12-15,12,23:00,12,1,N,1.0,0,false
2011-12-16,12,20:00,13,4,N,0.5384615384615384,5,true
2011-12-16,12,21:00,15,4,N,0.4666666666666667,7,true
2011-12-16,12,22:00,16,4,N,0.4375,8,true
2011-12-16,12,23:00,17,4,N,0.4117647058823529,9,true
2011-12-17,12,20:00,10,1,S,1.0,10,false
2011-12-17,12,21:00,11,1,S,1.0,11,false
2011-12-17,12,22:00,12,1,S,1.0,12,false
2011-12-17,12,23:00,13,1,S,1.0,13,false
2011-12-18,12,20:00,9,2,S,0.6666666666666666,9,true
2011-12-18,12,21:00,10,2,S,0.6,10,true
2011-12-18,12,22:00,11,2,S,0.6363636363636364,11,true
2011-12-18,12,23:00,12,2,S,0.5833333333333334,12,true
2011-12-19,12,20:00,9,2,S,0.6666666666666666,9,true
2011-12-19,12,21:00,10,2,S,0.6,10,true
2011-12-19,12,22:00,11,2,S,0.6363636363636364,11,true
2011-12-19,12,23:00,12,2,S,0.6666666666666666,12,true
2011-12-20,12,20:00,9,2,S,0.8888888888888888,9,true
2011-12-20,12,21:00,10,2,S,0.9,10,true
2011-12-20,12,22:00,11,2,S,0.9090909090909091,11,true
2011-12-20,12,23:00,12,2,S,0.9166666666666666,12,true
2011-12-21,12,20:00,9,2,S,0.8888888888888888,9,true
2011-12-21,12,21:00,10,2,S,0.9,10,true
2011-12-21,12,22:00,11,2,S,0.9090909090909091,11,true
2011-12-21,12,23:00,12,2,S,0.9166666666666666,12,true
2011-12-22,12,20:00,9,3,N,0.6666666666666666,1,true
2011-12-22,12,21:00,10,4,N,0.6,1,true
2011-12-22,12,22:00,11,4,N,0.5454545454545454,2,true
2011-12-22,12,23:00,12,4,N,0.5,3,true
2011-12-23,12,20:00,9,3,N,0.3333333333333333,3,true
2011-12-23,12,21:00,10,3,SW,0.4,4,true
2011-12-23,12,22:00,11,3,SW,0.45454545454545453,5,true
2011-12-23,12,23:00,12,3,SW,0.5,6,true
2011-12-24,12,20:00,9,4,N,0.5555555555555556,0,true
2011-12-24,12,21:00,10,5,N,0.5,0,true
2011-12-24,12,22:00,11,6,N,0.45454545454545453,1,true
2011-12-24,12,23:00,12,6,N,0.4166666666666667,2,true
2011-12-25,12,20:00,9,2,N,0.4444444444444444,0,true
2011-12-25,12,21:00,10,2,N,0.5,0,true
2011-12-25,12,22:00,11,3,N,0.45454545454545453,1,true
2011-12-25,12,23:00,12,3,N,0.4166666666666667,2,true
2011-12-26,12,20:00,9,2,N,0.6666666666666666,0,true
2011-12-26,12,21:00,10,2,N,0.7,0,true
2011-12-26,12,22:00,11,2,N,0.7272727272727273,0,true
2011-12-26,12,23:00,12,2,N,0.75,0,true
2011-12-27,12,20:00,9,2,N,0.5555555555555556,0,true
2011-12-27,12,21:00,10,2,N,0.6,0,true
2011-12-27,12,22:00,11,2,N,0.6363636363636364,0,true
2011-12-27,12,23:00,12,2,N,0.6666666666666666,0,true
2011-12-28,12,20:00,9,1,N,1.0,0,false
2011-12-28,12,21:00,10,1,N,1.0,0,false
2011-12-28,12,22:00,11,1,N,1.0,0,false
2011-12-28,12,23:00,12,1,N,1.0,0,false
2011-12-29,12,20:00,9,2,N,0.7777777777777778,0,true
2011-12-29,12,21:00,10,2,N,0.8,0,true
2011-12-29,12,22:00,11,2,N,0.8181818181818182,0,true
2011-12-29,12,23:00,12,2,N,0.8333333333333334,0,true
2011-12-30,12,20:00,10,1,N,1.0,0,false
2011-12-30,12,21:00,11,2,N,0.9090909090909091,1,true
2011-12-30,12,22:00,12,2,N,0.8333333333333334,2,true
2011-12-30,12,23:00,13,2,N,0.7692307692307693,3,true
2011-12-31,12,20:00,8,1,S,1.0,8,false
2011-12-31,12,21:00,9,1,S,1.0,9,false
2011-12-31,12,22:00,9,1,S,1.0,9,false
2011-12-31,12,23:00,10,1,S,1.0,10,false
2012-01-01,1,20:00,8,1,S,1.0,8,false
2012-01-01,1,21:00,9,1,S,1.0,9,false
2012-01-01,1,22:00,10,1,S,1.0,10,false
2012-01-01,1,23:00,11,1,S,1.0,11,false
2012-01-02,1,20:00,7,1,S,1.0,7,false
2012-01-02,1,21:00,8,1,S,1.0,8,false
2012-01-02,1,22:00,9,1,S,1.0,9,false
2012-01-02,1,23:00,10,1,S,1.0,10,false
2012-01-03,1,20:00,9,2,S,0.7777777777777778,9,true
2012-01-03,1,21:00,10,2,S,0.7,10,true
2012-01-03,1,22:00,11,2,S,0.6363636363636364,11,true
2012-01-03,1,23:00,12,2,S,0.6666666666666666,12,true
2012-01-04,1,20:00,9,2,N,0.8888888888888888,0,true
2012-01-04,1,21:00,10,2,N,0.9,0,true
2012-01-04,1,22:00,11,2,N,0.9090909090909091,0,true
2012-01-04,1,23:00,12,2,N,0.9166666666666666,0,true
2012-01-05,1,20:00,9,1,N,1.0,0,false
2012-01-05,1,21:00,10,1,N,1.0,0,false
2012-01-05,1,22:00,11,1,N,1.0,0,false
2012-01-05,1,23:00,12,1,N,1.0,0,false
2012-01-06,1,20:00,9,1,N,1.0,0,false
2012-01-06,1,21:00,10,1,N,1.0,0,false
2012-01-06,1,22:00,11,1,N,1.0,0,false
2012-01-06,1,23:00,12,1,N,1.0,0,false
2012-01-07,1,20:00,9,2,N,0.7777777777777778,0,true
2012-01-07,1,21:00,10,2,N,0.8,0,true
2012-01-07,1,22:00,11,2,N,0.8181818181818182,0,true
2012-01-07,1,23:00,12,2,N,0.8333333333333334,0,true
2012-01-08,1,20:00,9,2,S,0.8888888888888888,9,true
2012-01-08,1,21:00,10,2,S,0.9,10,true
2012-01-08,1,22:00,11,2,S,0.9090909090909091,11,true
2012-01-08,1,23:00,12,2,S,0.9166666666666666,12,true
2012-01-09,1,20:00,9,2,S,0.5555555555555556,9,true
2012-01-09,1,21:00,10,2,S,0.6,10,true
2012-01-09,1,22:00,11,2,S,0.6363636363636364,11,true
2012-01-09,1,23:00,12,2,S,0.6666666666666666,12,true
2012-01-10,1,20:00,9,2,N,0.7777777777777778,0,true
2012-01-10,1,21:00,10,2,N,0.8,0,true
2012-01-10,1,22:00,11,2,N,0.8181818181818182,0,true
2012-01-10,1,23:00,12,2,N,0.8333333333333334,0,true
2012-01-11,1,20:00,9,1,N,1.0,0,false
2012-01-11,1,21:00,10,1,N,1.0,0,false
2012-01-11,1,22:00,11,1,N,1.0,0,false
2012-01-11,1,23:00,12,1,N,1.0,0,false
2012-01-12,1,20:00,9,2,N,0.7777777777777778,0,true
2012-01-12,1,21:00,10,2,N,0.8,0,true
2012-01-12,1,22:00,11,2,N,0.8181818181818182,0,true
2012-01-12,1,23:00,14,2,N,0.8571428571428571,0,true
2012-01-13,1,20:00,9,1,N,1.0,0,false
2012-01-13,1,21:00,10,1,N,1.0,0,false
2012-01-13,1,22:00,11,1,N,1.0,0,false
2012-01-13,1,23:00,12,1,N,1.0,0,false
2012-01-14,1,20:00,9,2,N,0.5555555555555556,0,true
2012-01-14,1,21:00,10,2,N,0.5,0,true
2012-01-14,1,22:00,11,2,N,0.5454545454545454,0,true
2012-01-14,1,23:00,12,2,N,0.5,0,true
2012-01-15,1,20:00,9,2,N,0.7777777777777778,0,true
2012-01-15,1,21:00,10,2,N,0.8,0,true
2012-01-15,1,22:00,11,2,N,0.8181818181818182,0,true
2012-01-15,1,23:00,12,2,N,0.8333333333333334,0,true
2012-01-16,1,20:00,9,4,NW,0.4444444444444444,1,true
2012-01-16,1,21:00,10,5,NW,0.4,2,true
2012-01-16,1,22:00,11,5,NW,0.36363636363636365,3,true
2012-01-16,1,23:00,12,6,NW,0.3333333333333333,4,true
2012-01-17,1,20:00,9,2,NE,0.6666666666666666,0,true
2012-01-17,1,21:00,10,2,NE,0.6,0,true
2012-01-17,1,22:00,11,3,NE,0.5454545454545454,1,true
2012-01-17,1,23:00,12,4,NE,0.5,2,true
2012-01-18,1,20:00,9,2,NE,0.7777777777777778,0,true
2012-01-18,1,21:00,10,2,NE,0.7,0,true
2012-01-18,1,22:00,11,2,NE,0.6363636363636364,0,true
2012-01-18,1,23:00,12,2,NE,0.5833333333333334,0,true
2012-01-19,1,20:00,9,1,N,1.0,0,false
2012-01-19,1,21:00,10,1,N,1.0,0,false
2012-01-19,1,22:00,11,1,N,1.0,0,false
2012-01-19,1,23:00,12,1,N,1.0,0,false
2012-01-20,1,20:00,9,1,N,1.0,0,false
2012-01-20,1,21:00,10,1,N,1.0,0,false
2012-01-20,1,22:00,12,1,N,1.0,0,false
2012-01-20,1,23:00,13,1,N,1.0,0,false
2012-01-21,1,20:00,9,2,N,0.8888888888888888,0,true
2012-01-21,1,21:00,10,3,N,0.8,1,true
2012-01-21,1,22:00,11,4,N,0.7272727272727273,2,true
2012-01-21,1,23:00,12,4,N,0.6666666666666666,3,true
2012-01-22,1,20:00,9,2,N,0.8888888888888888,0,true
2012-01-22,1,21:00,10,2,N,0.9,0,true
2012-01-22,1,22:00,11,2,N,0.9090909090909091,0,true
2012-01-22,1,23:00,12,3,N,0.8333333333333334,0,true
2012-01-23,1,20:00,9,2,S,0.8888888888888888,9,true
2012-01-23,1,21:00,10,2,S,0.9,10,true
2012-01-23,1,22:00,11,2,S,0.9090909090909091,11,true
2012-01-23,1,23:00,12,2,S,0.9166666666666666,12,true
2012-01-24,1,20:00,9,5,NE,0.5555555555555556,1,true
2012-01-24,1,21:00,10,5,NE,0.6,1,true
2012-01-24,1,22:00,11,6,NE,0.5454545454545454,2,true
2012-01-24,1,23:00,12,6,NE,0.5,3,true
2012-01-25,1,20:00,9,4,NE,0.5555555555555556,3,true
2012-01-25,1,21:00,10,4,NE,0.5,3,true
2012-01-25,1,22:00,11,5,NE,0.45454545454545453,3,true
2012-01-25,1,23:00,12,5,NE,0.4166666666666667,3,true
2012-01-26,1,20:00,9,1,N,1.0,0,false
2012-01-26,1,21:00,10,1,N,1.0,0,false
2012-01-26,1,22:00,11,1,N,1.0,0,false
2012-01-26,1,23:00,12,1,N,1.0,0,false
2012-01-27,1,20:00,9,3,N,0.3333333333333333,3,true
2012-01-27,1,21:00,10,3,S,0.4,4,true
2012-01-27,1,22:00,11,3,S,0.45454545454545453,5,true
2012-01-27,1,23:00,12,3,S,0.5,6,true
2012-01-28,1,20:00,9,2,NE,0.6666666666666666,0,true
2012-01-28,1,21:00,10,2,NE,0.6,0,true
2012-01-28,1,22:00,11,2,NE,0.5454545454545454,0,true
2012-01-28,1,23:00,12,2,N,0.5,0,true
2012-01-29,1,20:00,9,2,N,0.7777777777777778,0,true
2012-01-29,1,21:00,10,2,N,0.8,0,true
2012-01-29,1,22:00,11,2,N,0.8181818181818182,0,true
2012-01-29,1,23:00,12,2,N,0.75,0,true
2012-01-30,1,20:00,9,7,SE,0.3333333333333333,4,true
2012-01-30,1,21:00,10,8,SE,0.3,5,true
2012-01-30,1,22:00,11,8,SE,0.2727272727272727,5,true
2012-01-30,1,23:00,12,8,SE,0.25,5,true
2012-01-31,1,20:00,9,1,N,1.0,0,false
2012-01-31,1,21:00,10,1,N,1.0,0,false
2012-01-31,1,22:00,11,1,N,1.0,0,false
2012-01-31,1,23:00,12,1,N,1.0,0,false
2012-02-01,2,20:00,9,1,N,1.0,0,false
2012-02-01,2,21:00,10,1,N,1.0,0,false
2012-02-01,2,22:00,11,1,N,1.0,0,false
2012-02-01,2,23:00,12,1,N,1.0,0,false
2012-02-02,2,20:00,9,2,S,0.7777777777777778,9,true
2012-02-02,2,21:00,10,2,S,0.8,10,true
2012-02-02,2,22:00,11,2,S,0.7272727272727273,11,true
2012-02-02,2,23:00,12,2,S,0.75,12,true
2012-02-03,2,20:00,9,2,SE,0.8888888888888888,8,true
2012-02-03,2,21:00,10,3,SE,0.8,8,true
2012-02-03,2,22:00,11,4,SE,0.7272727272727273,9,true
2012-02-03,2,23:00,12,5,SE,0.6666666666666666,9,true
2012-02-04,2,20:00,10,2,N,0.7,0,true
2012-02-04,2,21:00,12,2,N,0.75,0,true
2012-02-04,2,22:00,13,2,N,0.7692307692307693,0,true
2012-02-04,2,23:00,14,2,N,0.7857142857142857,0,true
2012-02-05,2,20:00,9,2,N,0.6666666666666666,0,true
2012-02-05,2,21:00,10,2,N,0.7,0,true
2012-02-05,2,22:00,11,2,N,0.6363636363636364,0,true
2012-02-05,2,23:00,12,2,N,0.6666666666666666,0,true
2012-02-06,2,20:00,9,5,N,0.4444444444444444,1,true
2012-02-06,2,21:00,10,5,N,0.4,1,true
2012-02-06,2,22:00,11,5,N,0.36363636363636365,1,true
2012-02-06,2,23:00,12,5,N,0.3333333333333333,1,true
2012-02-07,2,20:00,9,2,SE,0.7777777777777778,9,true
2012-02-07,2,21:00,10,2,SE,0.7,10,true
2012-02-07,2,22:00,11,2,SE,0.6363636363636364,11,true
2012-02-07,2,23:00,13,2,SE,0.5384615384615384,13,true
2012-02-08,2,20:00,9,2,SE,0.7777777777777778,9,true
2012-02-08,2,21:00,10,2,SE,0.8,10,true
2012-02-08,2,22:00,11,2,SE,0.7272727272727273,11,true
2012-02-08,2,23:00,12,2,SE,0.6666666666666666,12,true
2012-02-09,2,20:00,10,3,N,0.6,0,true
2012-02-09,2,21:00,11,3,N,0.6363636363636364,0,true
2012-02-09,2,22:00,12,3,N,0.6666666666666666,0,true
2012-02-09,2,23:00,13,3,N,0.6923076923076923,0,true
2012-02-10,2,20:00,9,2,N,0.7777777777777778,0,true
2012-02-10,2,21:00,10,3,N,0.7,1,true
2012-02-10,2,22:00,11,4,N,0.6363636363636364,2,true
2012-02-10,2,23:00,12,4,N,0.5833333333333334,3,true
2012-02-11,2,20:00,9,2,S,0.8888888888888888,9,true
2012-02-11,2,21:00,10,2,S,0.9,10,true
2012-02-11,2,22:00,11,2,S,0.9090909090909091,11,true
2012-02-11,2,23:00,12,2,S,0.8333333333333334,12,true
2012-02-12,2,20:00,9,1,SE,1.0,9,false
2012-02-12,2,21:00,10,1,SE,1.0,10,false
2012-02-12,2,22:00,11,2,SE,0.9090909090909091,11,true
2012-02-12,2,23:00,12,2,SE,0.8333333333333334,12,true
2012-02-13,2,20:00,9,2,NE,0.6666666666666666,0,true
2012-02-13,2,21:00,10,2,NE,0.6,0,true
2012-02-13,2,22:00,11,3,NE,0.5454545454545454,1,true
2012-02-13,2,23:00,12,3,NE,0.5,2,true
2012-02-14,2,20:00,9,3,N,0.6666666666666666,0,true
2012-02-14,2,21:00,10,4,N,0.6,0,true
2012-02-14,2,22:00,12,5,N,0.5,2,true
2012-02-14,2,23:00,13,5,N,0.46153846153846156,3,true
2012-02-15,2,20:00,9,3,SW,0.4444444444444444,4,true
2012-02-15,2,21:00,11,3,SW,0.5454545454545454,6,true
2012-02-15,2,22:00,12,3,SW,0.5833333333333334,7,true
2012-02-15,2,23:00,13,3,SW,0.6153846153846154,8,true
2012-02-16,2,20:00,9,2,S,0.8888888888888888,9,true
2012-02-16,2,21:00,10,2,S,0.9,10,true
2012-02-16,2,22:00,11,2,S,0.9090909090909091,11,true
2012-02-16,2,23:00,12,2,S,0.9166666666666666,12,true
2012-02-17,2,20:00,9,2,NE,0.7777777777777778,0,true
2012-02-17,2,21:00,10,3,NE,0.7,0,true
2012-02-17,2,22:00,11,3,NE,0.6363636363636364,0,true
2012-02-17,2,23:00,12,3,NE,0.5833333333333334,0,true
2012-02-18,2,20:00,9,1,N,1.0,0,false
2012-02-18,2,21:00,10,1,N,1.0,0,false
2012-02-18,2,22:00,11,1,N,1.0,0,false
2012-02-18,2,23:00,12,1,N,1.0,0,false
2012-02-19,2,20:00,9,4,N,0.3333333333333333,5,true
2012-02-19,2,21:00,10,4,N,0.3,6,true
2012-02-19,2,22:00,11,4,S,0.36363636363636365,7,true
2012-02-19,2,23:00,12,5,S,0.3333333333333333,8,true
2012-02-20,2,20:00,9,5,S,0.4444444444444444,7,true
2012-02-20,2,21:00,10,5,S,0.4,8,true
2012-02-20,2,22:00,11,5,S,0.36363636363636365,9,true
2012-02-20,2,23:00,12,5,S,0.3333333333333333,10,true
2012-02-21,2,20:00,9,1,N,1.0,0,false
2012-02-21,2,21:00,10,1,N,1.0,0,false
2012-02-21,2,22:00,11,1,N,1.0,0,false
2012-02-21,2,23:00,12,1,N,1.0,0,false
2012-02-22,2,20:00,9,2,N,0.8888888888888888,0,true
2012-02-22,2,21:00,10,2,N,0.9,0,true
2012-02-22,2,22:00,11,2,N,0.9090909090909091,0,true
2012-02-22,2,23:00,12,2,N,0.9166666666666666,0,true
2012-02-23,2,20:00,11,2,N,0.8181818181818182,0,true
2012-02-23,2,21:00,12,2,N,0.8333333333333334,0,true
2012-02-23,2,22:00,13,2,N,0.8461538461538461,0,true
2012-02-23,2,23:00,14,2,N,0.8571428571428571,0,true
2012-02-24,2,20:00,9,1,N,1.0,0,false
2012-02-24,2,21:00,10,1,N,1.0,0,false
2012-02-24,2,22:00,11,1,N,1.0,0,false
2012-02-24,2,23:00,12,1,N,1.0,0,false
2012-02-25,2,20:00,9,3,S,0.7777777777777778,9,true
2012-02-25,2,21:00,10,4,S,0.7,9,true
2012-02-25,2,22:00,11,4,S,0.6363636363636364,9,true
2012-02-25,2,23:00,12,4,S,0.5833333333333334,10,true
2012-02-26,2,20:00,9,2,NE,0.8888888888888888,0,true
2012-02-26,2,21:00,10,2,NE,0.9,0,true
2012-02-26,2,22:00,11,3,NE,0.8181818181818182,0,true
2012-02-26,2,23:00,12,4,NE,0.75,1,true
2012-02-27,2,20:00,9,5,SE,0.4444444444444444,5,true
2012-02-27,2,21:00,10,5,SE,0.5,6,true
2012-02-27,2,22:00,11,5,SE,0.5454545454545454,7,true
2012-02-27,2,23:00,12,5,SE,0.5,8,true
2012-02-28,2,20:00,9,1,S,1.0,9,false
2012-02-28,2,21:00,10,1,S,1.0,10,false
2012-02-28,2,22:00,11,1,S,1.0,11,false
2012-02-28,2,23:00,12,1,S,1.0,12,false
2012-02-29,2,20:00,9,3,N,0.4444444444444444,0,true
2012-02-29,2,21:00,10,3,NE,0.5,0,true
2012-02-29,2,22:00,11,3,N,0.45454545454545453,0,true
2012-02-29,2,23:00,12,3,N,0.5,0,true
2012-03-01,3,20:00,9,2,N,0.8888888888888888,1,true
2012-03-01,3,21:00,10,2,N,0.8,2,true
2012-03-01,3,22:00,12,2,N,0.6666666666666666,4,true
2012-03-01,3,23:00,13,2,N,0.6153846153846154,5,true
2012-03-02,3,20:00,9,2,SW,0.8888888888888888,9,true
2012-03-02,3,21:00,10,3,SW,0.8,9,true
2012-03-02,3,22:00,11,3,SW,0.7272727272727273,9,true
2012-03-02,3,23:00,12,3,SW,0.6666666666666666,9,true
2012-03-03,3,20:00,9,3,S,0.4444444444444444,8,true
2012-03-03,3,21:00,10,3,S,0.5,9,true
2012-03-03,3,22:00,11,3,S,0.5454545454545454,10,true
2012-03-03,3,23:00,12,3,S,0.5833333333333334,11,true
2012-03-04,3,20:00,9,1,S,1.0,9,false
2012-03-04,3,21:00,10,1,S,1.0,10,false
2012-03-04,3,22:00,11,1,S,1.0,11,false
2012-03-04,3,23:00,12,1,S,1.0,12,false
2012-03-05,3,20:00,9,3,S,0.5555555555555556,5,true
2012-03-05,3,21:00,10,3,S,0.5,5,true
2012-03-05,3,22:00,11,3,S,0.45454545454545453,5,true
2012-03-05,3,23:00,12,3,S,0.4166666666666667,5,true
2012-03-06,3,20:00,9,2,N,0.5555555555555556,0,true
2012-03-06,3,21:00,10,2,N,0.6,0,true
2012-03-06,3,22:00,11,2,N,0.6363636363636364,0,true
2012-03-06,3,23:00,12,2,N,0.6666666666666666,0,true
2012-03-07,3,20:00,9,2,N,0.7777777777777778,0,true
2012-03-07,3,21:00,10,2,N,0.8,0,true
2012-03-07,3,22:00,11,2,N,0.8181818181818182,0,true
2012-03-07,3,23:00,12,2,N,0.8333333333333334,0,true
2012-03-08,3,20:00,9,1,S,1.0,9,false
2012-03-08,3,21:00,10,2,S,0.9,10,true
2012-03-08,3,22:00,11,2,S,0.9090909090909091,11,true
2012-03-08,3,23:00,12,2,S,0.9166666666666666,12,true
2012-03-09,3,20:00,9,2,SE,0.6666666666666666,9,true
2012-03-09,3,21:00,10,2,SE,0.7,10,true
2012-03-09,3,22:00,11,2,SE,0.7272727272727273,11,true
2012-03-09,3,23:00,12,2,SE,0.75,12,true
2012-03-10,3,20:00,9,4,NE,0.5555555555555556,1,true
2012-03-10,3,21:00,10,4,NE,0.6,1,true
2012-03-10,3,22:00,11,5,NE,0.5454545454545454,1,true
2012-03-10,3,23:00,12,5,NE,0.5,1,true
2012-03-11,3,20:00,9,1,N,1.0,0,false
2012-03-11,3,21:00,10,1,N,1.0,0,false
2012-03-11,3,22:00,12,1,N,1.0,0,false
2012-03-11,3,23:00,13,1,N,1.0,0,false
2012-03-12,3,20:00,14,3,S,0.6428571428571429,11,true
2012-03-12,3,21:00,15,3,S,0.6666666666666666,12,true
2012-03-12,3,22:00,16,3,S,0.6875,13,true
2012-03-12,3,23:00,17,3,S,0.7058823529411765,14,true
2012-03-13,3,20:00,9,4,S,0.4444444444444444,5,true
2012-03-13,3,21:00,10,4,S,0.4,6,true
2012-03-13,3,22:00,12,4,S,0.5,8,true
2012-03-13,3,23:00,13,4,S,0.5384615384615384,9,true
2012-03-14,3,20:00,9,4,NE,0.5555555555555556,0,true
2012-03-14,3,21:00,10,4,NE,0.5,0,true
2012-03-14,3,22:00,11,4,NE,0.45454545454545453,0,true
2012-03-14,3,23:00,12,4,NE,0.4166666666666667,0,true
2012-03-15,3,20:00,9,1,N,1.0,0,false
2012-03-15,3,21:00,10,1,N,1.0,0,false
2012-03-15,3,22:00,11,1,N,1.0,0,false
2012-03-15,3,23:00,12,1,N,1.0,0,false
2012-03-16,3,20:00,9,1,S,1.0,9,false
2012-03-16,3,21:00,10,1,S,1.0,10,false
2012-03-16,3,22:00,11,1,S,1.0,11,false
2012-03-16,3,23:00,12,1,S,1.0,12,false
2012-03-17,3,20:00,9,2,N,0.6666666666666666,0,true
2012-03-17,3,21:00,10,2,N,0.7,0,true
2012-03-17,3,22:00,11,2,N,0.7272727272727273,0,true
2012-03-17,3,23:00,12,2,N,0.75,0,true
2012-03-18,3,20:00,9,1,N,1.0,0,false
2012-03-18,3,21:00,10,1,N,1.0,0,false
2012-03-18,3,22:00,11,1,N,1.0,0,false
2012-03-18,3,23:00,12,1,N,1.0,0,false
2012-03-19,3,20:00,9,5,N,0.3333333333333333,2,true
2012-03-19,3,21:00,10,5,N,0.3,3,true
2012-03-19,3,22:00,11,5,N,0.2727272727272727,4,true
2012-03-19,3,23:00,12,5,S,0.3333333333333333,5,true
2012-03-20,3,20:00,9,1,S,1.0,9,false
2012-03-20,3,21:00,10,1,S,1.0,10,false
2012-03-20,3,22:00,11,1,S,1.0,11,false
2012-03-20,3,23:00,12,1,S,1.0,12,false
2012-03-21,3,20:00,9,1,S,1.0,9,false
2012-03-21,3,21:00,10,2,S,0.9,10,true
2012-03-21,3,22:00,11,2,S,0.9090909090909091,11,true
2012-03-21,3,23:00,12,2,S,0.9166666666666666,12,true
2012-03-22,3,20:00,9,5,N,0.3333333333333333,2,true
2012-03-22,3,21:00,10,5,N,0.4,2,true
2012-03-22,3,22:00,11,5,N,0.45454545454545453,2,true
2012-03-22,3,23:00,12,5,N,0.5,2,true
2012-03-23,3,20:00,9,2,N,0.8888888888888888,0,true
2012-03-23,3,21:00,10,2,N,0.8,0,true
2012-03-23,3,22:00,11,2,N,0.8181818181818182,0,true
2012-03-23,3,23:00,12,2,N,0.8333333333333334,0,true
2012-03-24,3,20:00,10,1,N,1.0,0,false
2012-03-24,3,21:00,11,1,N,1.0,0,false
2012-03-24,3,22:00,12,1,N,1.0,0,false
2012-03-24,3,23:00,13,1,N,1.0,0,false
2012-03-25,3,20:00,9,2,N,0.8888888888888888,0,true
2012-03-25,3,21:00,10,2,N,0.9,0,true
2012-03-25,3,22:00,11,3,N,0.8181818181818182,0,true
2012-03-25,3,23:00,12,3,N,0.75,0,true
2012-03-26,3,20:00,9,4,NW,0.4444444444444444,3,true
2012-03-26,3,21:00,10,5,NW,0.4,4,true
2012-03-26,3,22:00,11,5,NW,0.36363636363636365,5,true
2012-03-26,3,23:00,12,5,S,0.4166666666666667,6,true
2012-03-27,3,20:00,9,2,N,0.7777777777777778,0,true
2012-03-27,3,21:00,10,2,N,0.8,0,true
2012-03-27,3,22:00,11,2,N,0.8181818181818182,0,true
2012-03-27,3,23:00,12,2,N,0.8333333333333334,0,true
2012-03-28,3,20:00,9,1,N,1.0,0,false
2012-03-28,3,21:00,10,2,N,0.9,0,true
2012-03-28,3,22:00,12,4,N,0.75,2,true
2012-03-28,3,23:00,13,4,N,0.6923076923076923,3,true
2012-03-29,3,20:00,9,2,SE,0.7777777777777778,9,true
2012-03-29,3,21:00,10,2,SE,0.8,10,true
2012-03-29,3,22:00,11,2,SE,0.7272727272727273,11,true
2012-03-29,3,23:00,12,2,SE,0.6666666666666666,12,true
2012-03-30,3,20:00,9,5,N,0.3333333333333333,2,true
2012-03-30,3,21:00,10,5,N,0.3,2,true
2012-03-30,3,22:00,11,6,N,0.2727272727272727,2,true
2012-03-30,3,23:00,12,6,N,0.25,3,true
2012-03-31,3,20:00,9,5,NE,0.5555555555555556,1,true
2012-03-31,3,21:00,10,5,NE,0.5,1,true
2012-03-31,3,22:00,11,6,NE,0.45454545454545453,2,true
2012-03-31,3,23:00,12,6,NE,0.4166666666666667,3,true
2012-04-01,4,20:00,9,5,SW,0.3333333333333333,7,true
2012-04-01,4,21:00,10,5,S,0.3,8,true
2012-04-01,4,22:00,11,5,S,0.36363636363636365,9,true
2012-04-01,4,23:00,12,5,S,0.4166666666666667,10,true
2012-04-02,4,20:00,8,4,NE,0.625,0,true
2012-04-02,4,21:00,9,5,NE,0.5555555555555556,0,true
2012-04-02,4,22:00,10,6,NE,0.5,1,true
2012-04-02,4,23:00,11,6,NE,0.45454545454545453,2,true
2012-04-03,4,20:00,8,6,S,0.375,5,true
2012-04-03,4,21:00,9,6,S,0.3333333333333333,6,true
2012-04-03,4,22:00,10,6,S,0.4,7,true
2012-04-03,4,23:00,11,6,S,0.45454545454545453,8,true
2012-04-04,4,20:00,7,1,S,1.0,7,false
2012-04-04,4,21:00,9,1,S,1.0,9,false
2012-04-04,4,22:00,10,1,S,1.0,10,false
2012-04-04,4,23:00,11,1,S,1.0,11,false
2012-04-05,4,20:00,8,1,S,1.0,8,false
2012-04-05,4,21:00,9,1,S,1.0,9,false
2012-04-05,4,22:00,10,1,S,1.0,10,false
2012-04-05,4,23:00,11,1,S,1.0,11,false
2012-04-06,4,20:00,8,2,S,0.5,8,true
2012-04-06,4,21:00,9,2,SW,0.5555555555555556,9,true
2012-04-06,4,22:00,10,2,SW,0.6,10,true
2012-04-06,4,23:00,11,2,SW,0.6363636363636364,11,true
2012-04-07,4,20:00,8,3,E,0.375,3,true
2012-04-07,4,21:00,9,3,E,0.3333333333333333,3,true
2012-04-07,4,22:00,10,4,E,0.3,4,true
2012-04-07,4,23:00,11,5,E,0.2727272727272727,4,true
2012-04-08,4,20:00,8,2,N,0.5,0,true
2012-04-08,4,21:00,9,2,NE,0.5555555555555556,0,true
2012-04-08,4,22:00,10,2,N,0.5,0,true
2012-04-08,4,23:00,11,2,NE,0.5454545454545454,0,true
2012-04-09,4,20:00,8,2,N,0.875,0,true
2012-04-09,4,21:00,9,2,N,0.8888888888888888,0,true
2012-04-09,4,22:00,10,2,N,0.9,0,true
2012-04-09,4,23:00,11,2,N,0.9090909090909091,0,true
2012-04-10,4,20:00,8,1,N,1.0,0,false
2012-04-10,4,21:00,9,1,N,1.0,0,false
2012-04-10,4,22:00,10,1,N,1.0,0,false
2012-04-10,4,23:00,11,1,N,1.0,0,false
2012-04-11,4,20:00,8,1,N,1.0,0,false
2012-04-11,4,21:00,9,2,N,0.8888888888888888,1,true
2012-04-11,4,22:00,10,2,N,0.8,2,true
2012-04-11,4,23:00,11,2,N,0.7272727272727273,3,true
2012-04-12,4,20:00,10,2,S,0.9,10,true
2012-04-12,4,21:00,11,2,S,0.9090909090909091,11,true
2012-04-12,4,22:00,12,2,S,0.9166666666666666,12,true
2012-04-12,4,23:00,13,2,S,0.9230769230769231,13,true
2012-04-13,4,20:00,8,3,N,0.5,2,true
2012-04-13,4,21:00,9,3,N,0.4444444444444444,2,true
2012-04-13,4,22:00,10,3,N,0.4,2,true
2012-04-13,4,23:00,11,3,NE,0.45454545454545453,2,true
2012-04-14,4,20:00,8,4,S,0.375,6,true
2012-04-14,4,21:00,9,4,S,0.4444444444444444,7,true
2012-04-14,4,22:00,10,4,S,0.4,8,true
2012-04-14,4,23:00,11,4,S,0.45454545454545453,9,true
2012-04-15,4,20:00,8,3,NE,0.5,1,true
2012-04-15,4,21:00,9,3,N,0.4444444444444444,1,true
2012-04-15,4,22:00,10,3,N,0.5,1,true
2012-04-15,4,23:00,11,3,N,0.5454545454545454,1,true
2012-04-16,4,20:00,8,1,N,1.0,0,false
2012-04-16,4,21:00,9,1,N,1.0,0,false
2012-04-16,4,22:00,10,1,N,1.0,0,false
2012-04-16,4,23:00,11,1,N,1.0,0,false
2012-04-17,4,20:00,8,2,N,0.875,0,true
2012-04-17,4,21:00,9,2,N,0.8888888888888888,0,true
2012-04-17,4,22:00,10,2,N,0.9,0,true
2012-04-17,4,23:00,11,2,N,0.8181818181818182,0,true
2012-04-18,4,20:00,8,1,S,1.0,8,false
2012-04-18,4,21:00,9,1,S,1.0,9,false
2012-04-18,4,22:00,10,1,S,1.0,10,false
2012-04-18,4,23:00,11,1,S,1.0,11,false
2012-04-19,4,20:00,8,1,S,1.0,8,false
2012-04-19,4,21:00,9,1,S,1.0,9,false
2012-04-19,4,22:00,10,1,S,1.0,10,false
2012-04-19,4,23:00,11,1,S,1.0,11,false
2012-04-20,4,20:00,8,3,N,0.5,4,true
2012-04-20,4,21:00,9,3,N,0.5555555555555556,4,true
2012-04-20,4,22:00,10,3,N,0.6,4,true
2012-04-20,4,23:00,11,3,N,0.6363636363636364,4,true
2012-04-21,4,20:00,8,2,N,0.625,0,true
2012-04-21,4,21:00,9,2,N,0.5555555555555556,0,true
2012-04-21,4,22:00,10,2,N,0.6,0,true
2012-04-21,4,23:00,11,2,N,0.6363636363636364,0,true
2012-04-22,4,20:00,8,3,NE,0.75,1,true
2012-04-22,4,21:00,9,4,NE,0.6666666666666666,1,true
2012-04-22,4,22:00,10,4,NE,0.7,1,true
2012-04-22,4,23:00,11,5,NE,0.6363636363636364,1,true
2012-04-23,4,20:00,8,2,N,0.75,0,true
2012-04-23,4,21:00,9,2,N,0.7777777777777778,0,true
2012-04-23,4,22:00,10,2,N,0.8,0,true
2012-04-23,4,23:00,11,2,N,0.8181818181818182,0,true
2012-04-24,4,20:00,8,1,N,1.0,0,false
2012-04-24,4,21:00,9,1,N,1.0,0,false
2012-04-24,4,22:00,10,1,N,1.0,0,false
2012-04-24,4,23:00,11,1,N,1.0,0,false
2012-04-25,4,20:00,8,1,N,1.0,0,false
2012-04-25,4,21:00,9,1,N,1.0,0,false
2012-04-25,4,22:00,10,1,N,1.0,0,false
2012-04-25,4,23:00,11,1,N,1.0,0,false
2012-04-26,4,20:00,8,2,N,0.625,0,true
2012-04-26,4,21:00,9,2,N,0.5555555555555556,0,true
2012-04-26,4,22:00,10,2,N,0.6,0,true
2012-04-26,4,23:00,11,2,N,0.6363636363636364,0,true
2012-04-27,4,20:00,8,1,N,1.0,0,false
2012-04-27,4,21:00,9,1,N,1.0,0,false
2012-04-27,4,22:00,10,1,N,1.0,0,false
2012-04-27,4,23:00,11,1,N,1.0,0,false
2012-04-28,4,20:00,8,3,NW,0.5,0,true
2012-04-28,4,21:00,9,4,NW,0.4444444444444444,1,true
2012-04-28,4,22:00,10,4,NW,0.4,2,true
2012-04-28,4,23:00,11,4,NW,0.36363636363636365,3,true
2012-04-29,4,20:00,8,2,N,0.75,0,true
2012-04-29,4,21:00,9,2,N,0.7777777777777778,0,true
2012-04-29,4,22:00,10,2,N,0.8,0,true
2012-04-29,4,23:00,11,2,N,0.8181818181818182,0,true
2012-04-30,4,20:00,8,3,NW,0.625,0,true
2012-04-30,4,21:00,9,3,NW,0.6666666666666666,0,true
2012-04-30,4,22:00,10,3,NW,0.7,0,true
2012-04-30,4,23:00,11,3,NW,0.7272727272727273,0,true
2012-05-01,5,20:00,8,1,S,1.0,8,false
2012-05-01,5,21:00,9,1,S,1.0,9,false
2012-05-01,5,22:00,10,1,S,1.0,10,false
2012-05-01,5,23:00,11,1,S,1.0,11,false
2012-05-02,5,20:00,8,2,S,0.875,8,true
2012-05-02,5,21:00,11,2,S,0.9090909090909091,11,true
2012-05-02,5,22:00,13,2,S,0.9230769230769231,13,true
2012-05-02,5,23:00,14,2,S,0.9285714285714286,14,true
2012-05-03,5,20:00,8,4,NE,0.375,2,true
2012-05-03,5,21:00,9,4,NE,0.4444444444444444,2,true
2012-05-03,5,22:00,10,4,NE,0.5,2,true
2012-05-03,5,23:00,11,4,NE,0.45454545454545453,2,true
2012-05-04,5,20:00,8,2,S,0.625,8,true
2012-05-04,5,21:00,9,2,S,0.6666666666666666,9,true
2012-05-04,5,22:00,10,2,S,0.7,10,true
2012-05-04,5,23:00,11,2,S,0.7272727272727273,11,true
2012-05-05,5,20:00,8,3,SW,0.5,8,true
2012-05-05,5,21:00,9,3,SE,0.4444444444444444,9,true
2012-05-05,5,22:00,10,3,SE,0.5,10,true
2012-05-05,5,23:00,11,3,SE,0.5454545454545454,11,true
2012-05-06,5,20:00,8,3,E,0.625,0,true
2012-05-06,5,21:00,9,3,E,0.5555555555555556,0,true
2012-05-06,5,22:00,10,3,E,0.5,0,true
2012-05-06,5,23:00,11,3,E,0.45454545454545453,0,true
2012-05-07,5,20:00,8,3,N,0.5,0,true
2012-05-07,5,21:00,9,3,N,0.5555555555555556,0,true
2012-05-07,5,22:00,10,3,N,0.6,0,true
2012-05-07,5,23:00,11,3,N,0.5454545454545454,0,true
2012-05-08,5,20:00,8,1,N,1.0,0,false
2012-05-08,5,21:00,9,1,N,1.0,0,false
2012-05-08,5,22:00,10,1,N,1.0,0,false
2012-05-08,5,23:00,11,1,N,1.0,0,false
2012-05-09,5,20:00,8,5,S,0.375,4,true
2012-05-09,5,21:00,9,5,S,0.4444444444444444,5,true
2012-05-09,5,22:00,10,5,S,0.5,6,true
2012-05-09,5,23:00,11,5,S,0.5454545454545454,7,true
2012-05-10,5,20:00,8,1,S,1.0,8,false
2012-05-10,5,21:00,9,1,S,1.0,9,false
2012-05-10,5,22:00,10,1,S,1.0,10,false
2012-05-10,5,23:00,11,1,S,1.0,11,false
2012-05-11,5,20:00,8,1,S,1.0,8,false
2012-05-11,5,21:00,9,1,S,1.0,9,false
2012-05-11,5,22:00,10,1,S,1.0,10,false
2012-05-11,5,23:00,11,1,S,1.0,11,false
2012-05-12,5,20:00,8,2,NE,0.625,0,true
2012-05-12,5,21:00,9,2,NE,0.5555555555555556,0,true
2012-05-12,5,22:00,10,2,N,0.5,0,true
2012-05-12,5,23:00,11,2,N,0.5454545454545454,0,true
2012-05-13,5,20:00,8,1,N,1.0,0,false
2012-05-13,5,21:00,9,2,N,0.8888888888888888,0,true
2012-05-13,5,22:00,10,2,N,0.9,0,true
2012-05-13,5,23:00,12,2,N,0.9166666666666666,0,true
2012-05-14,5,20:00,8,1,N,1.0,0,false
2012-05-14,5,21:00,9,1,N,1.0,0,false
2012-05-14,5,22:00,10,1,N,1.0,0,false
2012-05-14,5,23:00,11,1,N,1.0,0,false
2012-05-15,5,20:00,8,1,N,1.0,0,false
2012-05-15,5,21:00,9,1,N,1.0,0,false
2012-05-15,5,22:00,10,1,N,1.0,0,false
2012-05-15,5,23:00,11,2,N,0.9090909090909091,0,true
2012-05-16,5,20:00,8,6,N,0.25,3,true
2012-05-16,5,21:00,9,6,S,0.3333333333333333,4,true
2012-05-16,5,22:00,10,6,S,0.4,5,true
2012-05-16,5,23:00,11,6,S,0.45454545454545453,6,true
2012-05-17,5,20:00,8,5,N,0.25,1,true
2012-05-17,5,21:00,9,5,NE,0.3333333333333333,1,true
2012-05-17,5,22:00,10,5,N,0.3,1,true
2012-05-17,5,23:00,11,5,NE,0.36363636363636365,1,true
2012-05-18,5,20:00,9,6,N,0.4444444444444444,2,true
2012-05-18,5,21:00,10,7,N,0.4,3,true
2012-05-18,5,22:00,11,7,N,0.36363636363636365,4,true
2012-05-18,5,23:00,12,7,N,0.3333333333333333,5,true
2012-05-19,5,20:00,8,2,S,0.625,8,true
2012-05-19,5,21:00,9,2,S,0.6666666666666666,9,true
2012-05-19,5,22:00,10,2,S,0.6,10,true
2012-05-19,5,23:00,11,2,S,0.5454545454545454,11,true
2012-05-20,5,20:00,8,2,S,0.875,8,true
2012-05-20,5,21:00,9,2,S,0.8888888888888888,9,true
2012-05-20,5,22:00,10,2,S,0.9,10,true
2012-05-20,5,23:00,11,2,S,0.8181818181818182,11,true
2012-05-21,5,20:00,8,2,NE,0.875,0,true
2012-05-21,5,21:00,9,2,NE,0.8888888888888888,0,true
2012-05-21,5,22:00,10,2,NE,0.9,0,true
2012-05-21,5,23:00,11,2,NE,0.8181818181818182,0,true
2012-05-22,5,20:00,8,2,N,0.75,0,true
2012-05-22,5,21:00,9,2,N,0.7777777777777778,0,true
2012-05-22,5,22:00,10,2,N,0.7,0,true
2012-05-22,5,23:00,11,2,N,0.7272727272727273,0,true
2012-05-23,5,20:00,8,1,N,1.0,0,false
2012-05-23,5,21:00,9,2,N,0.8888888888888888,0,true
2012-05-23,5,22:00,10,2,N,0.9,0,true
2012-05-23,5,23:00,11,2,N,0.9090909090909091,0,true
2012-05-24,5,20:00,8,2,N,0.875,0,true
2012-05-24,5,21:00,9,2,N,0.8888888888888888,0,true
2012-05-24,5,22:00,10,2,N,0.8,0,true
2012-05-24,5,23:00,11,2,N,0.8181818181818182,0,true
2012-05-25,5,20:00,8,1,N,1.0,0,false
2012-05-25,5,21:00,9,2,N,0.8888888888888888,0,true
2012-05-25,5,22:00,10,2,N,0.8,0,true
2012-05-25,5,23:00,11,2,N,0.8181818181818182,0,true
2012-05-26,5,20:00,8,2,NE,0.75,0,true
2012-05-26,5,21:00,9,2,NE,0.6666666666666666,0,true
2012-05-26,5,22:00,10,2,NE,0.6,0,true
2012-05-26,5,23:00,11,2,NE,0.5454545454545454,0,true
2012-05-27,5,20:00,8,1,N,1.0,0,false
2012-05-27,5,21:00,9,1,N,1.0,0,false
2012-05-27,5,22:00,10,1,N,1.0,0,false
2012-05-27,5,23:00,11,1,N,1.0,0,false
2012-05-28,5,20:00,8,2,N,0.5,0,true
2012-05-28,5,21:00,9,2,N,0.5555555555555556,0,true
2012-05-28,5,22:00,10,2,N,0.6,0,true
2012-05-28,5,23:00,11,2,N,0.6363636363636364,0,true
2012-05-29,5,20:00,8,2,S,0.75,8,true
2012-05-29,5,21:00,13,2,S,0.7692307692307693,13,true
2012-05-29,5,22:00,16,2,S,0.75,16,true
2012-05-29,5,23:00,17,2,S,0.7058823529411765,17,true
2012-05-30,5,20:00,8,2,N,0.5,0,true
2012-05-30,5,21:00,9,2,NE,0.5555555555555556,0,true
2012-05-30,5,22:00,10,2,NE,0.6,0,true
2012-05-30,5,23:00,11,2,NE,0.5454545454545454,0,true
2012-05-31,5,20:00,8,4,N,0.375,5,true
2012-05-31,5,21:00,9,4,N,0.3333333333333333,6,true
2012-05-31,5,22:00,10,4,N,0.3,7,true
2012-05-31,5,23:00,11,4,S,0.36363636363636365,8,true
2012-06-01,6,20:00,8,2,S,0.875,8,true
2012-06-01,6,21:00,9,2,S,0.8888888888888888,9,true
2012-06-01,6,22:00,10,3,S,0.8,9,true
2012-06-01,6,23:00,11,4,S,0.7272727272727273,9,true
2012-06-02,6,20:00,11,2,N,0.8181818181818182,0,true
2012-06-02,6,21:00,13,2,N,0.8461538461538461,0,true
2012-06-02,6,22:00,14,2,N,0.8571428571428571,0,true
2012-06-02,6,23:00,15,2,N,0.8666666666666667,0,true
2012-06-03,6,20:00,8,1,N,1.0,0,false
2012-06-03,6,21:00,9,1,N,1.0,0,false
2012-06-03,6,22:00,10,1,N,1.0,0,false
2012-06-03,6,23:00,11,1,N,1.0,0,false
2012-06-04,6,20:00,8,4,N,0.375,4,true
2012-06-04,6,21:00,9,5,N,0.3333333333333333,4,true
2012-06-04,6,22:00,10,5,N,0.4,4,true
2012-06-04,6,23:00,11,5,N,0.45454545454545453,4,true
2012-06-05,6,20:00,8,1,N,1.0,0,false
2012-06-05,6,21:00,9,1,N,1.0,0,false
2012-06-05,6,22:00,10,1,N,1.0,0,false
2012-06-05,6,23:00,11,1,N,1.0,0,false
2012-06-06,6,20:00,9,3,S,0.4444444444444444,4,true
2012-06-06,6,21:00,10,3,S,0.5,5,true
2012-06-06,6,22:00,11,3,S,0.5454545454545454,6,true
2012-06-06,6,23:00,12,3,S,0.5833333333333334,7,true
2012-06-07,6,20:00,6,1,S,1.0,6,false
2012-06-07,6,21:00,6,1,S,1.0,6,false
2012-06-07,6,22:00,7,1,S,1.0,7,false
2012-06-07,6,23:00,7,1,S,1.0,7,false
2012-06-08,6,20:00,8,2,N,0.75,0,true
2012-06-08,6,21:00,9,2,N,0.7777777777777778,0,true
2012-06-08,6,22:00,10,2,N,0.8,0,true
2012-06-08,6,23:00,11,2,N,0.8181818181818182,0,true
2012-06-09,6,20:00,8,3,N,0.75,0,true
2012-06-09,6,21:00,9,3,N,0.7777777777777778,0,true
2012-06-09,6,22:00,10,3,N,0.8,0,true
2012-06-09,6,23:00,11,3,N,0.7272727272727273,0,true
2012-06-10,6,20:00,8,3,NE,0.5,1,true
2012-06-10,6,21:00,9,3,N,0.4444444444444444,1,true
2012-06-10,6,22:00,10,3,N,0.5,1,true
2012-06-10,6,23:00,11,3,N,0.5454545454545454,1,true
2012-06-11,6,20:00,8,2,N,0.75,0,true
2012-06-11,6,21:00,9,3,N,0.6666666666666666,0,true
2012-06-11,6,22:00,10,3,N,0.6,0,true
2012-06-11,6,23:00,11,3,N,0.6363636363636364,0,true
2012-06-12,6,20:00,8,2,S,0.875,8,true
2012-06-12,6,21:00,9,2,S,0.8888888888888888,9,true
2012-06-12,6,22:00,10,2,S,0.9,10,true
2012-06-12,6,23:00,11,2,S,0.9090909090909091,11,true
2012-06-13,6,20:00,8,5,NE,0.375,2,true
2012-06-13,6,21:00,9,5,NE,0.4444444444444444,2,true
2012-06-13,6,22:00,10,5,NE,0.5,2,true
2012-06-13,6,23:00,11,5,NE,0.5454545454545454,2,true
2012-06-14,6,20:00,8,2,S,0.875,8,true
2012-06-14,6,21:00,9,2,S,0.8888888888888888,9,true
2012-06-14,6,22:00,10,2,S,0.9,10,true
2012-06-14,6,23:00,11,2,S,0.9090909090909091,11,true
2012-06-15,6,20:00,8,1,S,1.0,8,false
2012-06-15,6,21:00,9,1,S,1.0,9,false
2012-06-15,6,22:00,10,1,S,1.0,10,false
2012-06-15,6,23:00,11,1,S,1.0,11,false
2012-06-16,6,20:00,8,2,S,0.875,8,true
2012-06-16,6,21:00,9,2,S,0.8888888888888888,9,true
2012-06-16,6,22:00,10,2,S,0.9,10,true
2012-06-16,6,23:00,11,2,S,0.9090909090909091,11,true
2012-06-17,6,20:00,8,4,S,0.5,6,true
2012-06-17,6,21:00,9,4,S,0.4444444444444444,6,true
2012-06-17,6,22:00,10,4,S,0.4,6,true
2012-06-17,6,23:00,11,4,S,0.36363636363636365,6,true
2012-06-18,6,20:00,8,1,N,1.0,0,false
2012-06-18,6,21:00,9,1,N,1.0,0,false
2012-06-18,6,22:00,10,1,N,1.0,0,false
2012-06-18,6,23:00,11,1,N,1.0,0,false
2012-06-19,6,20:00,9,2,N,0.8888888888888888,0,true
2012-06-19,6,21:00,10,2,N,0.9,0,true
2012-06-19,6,22:00,11,2,N,0.9090909090909091,0,true
2012-06-19,6,23:00,12,2,N,0.9166666666666666,0,true
2012-06-20,6,20:00,8,3,S,0.625,6,true
2012-06-20,6,21:00,9,3,S,0.6666666666666666,7,true
2012-06-20,6,22:00,10,3,S,0.7,8,true
2012-06-20,6,23:00,11,3,S,0.7272727272727273,9,true
2012-06-21,6,20:00,9,2,SE,0.5555555555555556,9,true
2012-06-21,6,21:00,10,2,S,0.5,10,true
2012-06-21,6,22:00,11,2,S,0.5454545454545454,11,true
2012-06-21,6,23:00,12,2,S,0.5833333333333334,12,true
2012-06-22,6,20:00,8,2,N,0.5,0,true
2012-06-22,6,21:00,9,2,NE,0.5555555555555556,0,true
2012-06-22,6,22:00,10,2,N,0.5,0,true
2012-06-22,6,23:00,11,2,N,0.5454545454545454,0,true
2012-06-23,6,20:00,8,1,N,1.0,0,false
2012-06-23,6,21:00,9,1,N,1.0,0,false
2012-06-23,6,22:00,10,1,N,1.0,0,false
2012-06-23,6,23:00,11,1,N,1.0,0,false
2012-06-24,6,20:00,9,4,NW,0.4444444444444444,3,true
2012-06-24,6,21:00,10,4,NW,0.4,4,true
2012-06-24,6,22:00,11,4,NW,0.36363636363636365,5,true
2012-06-24,6,23:00,12,4,S,0.4166666666666667,6,true
2012-06-25,6,20:00,8,1,N,1.0,0,false
2012-06-25,6,21:00,9,2,N,0.8888888888888888,0,true
2012-06-25,6,22:00,10,2,N,0.8,0,true
2012-06-25,6,23:00,11,3,N,0.7272727272727273,0,true
2012-06-26,6,20:00,9,1,N,1.0,0,false
2012-06-26,6,21:00,10,1,N,1.0,0,false
2012-06-26,6,22:00,11,1,N,1.0,0,false
2012-06-26,6,23:00,12,2,N,0.9166666666666666,1,true
2012-06-27,6,20:00,8,3,W,0.75,0,true
2012-06-27,6,21:00,9,3,W,0.7777777777777778,0,true
2012-06-27,6,22:00,10,3,W,0.8,0,true
2012-06-27,6,23:00,11,3,W,0.8181818181818182,0,true
2012-06-28,6,20:00,8,3,N,0.5,0,true
2012-06-28,6,21:00,9,3,N,0.5555555555555556,0,true
2012-06-28,6,22:00,10,3,N,0.6,0,true
2012-06-28,6,23:00,11,4,N,0.5454545454545454,0,true
2012-06-29,6,20:00,8,2,S,0.875,8,true
2012-06-29,6,21:00,9,2,S,0.7777777777777778,9,true
2012-06-29,6,22:00,10,2,S,0.7,10,true
2012-06-29,6,23:00,11,2,S,0.7272727272727273,11,true
2012-06-30,6,20:00,9,2,S,0.8888888888888888,9,true
2012-06-30,6,21:00,10,2,S,0.9,10,true
2012-06-30,6,22:00,11,2,S,0.9090909090909091,11,true
2012-06-30,6,23:00,12,2,S,0.9166666666666666,12,true
2012-07-01,7,20:00,8,4,S,0.375,5,true
2012-07-01,7,21:00,9,4,NE,0.3333333333333333,5,true
2012-07-01,7,22:00,10,4,NE,0.4,5,true
2012-07-01,7,23:00,11,4,NE,0.45454545454545453,5,true
2012-07-02,7,20:00,8,3,E,0.625,2,true
2012-07-02,7,21:00,9,3,E,0.6666666666666666,2,true
2012-07-02,7,22:00,10,3,E,0.6,3,true
2012-07-02,7,23:00,11,3,E,0.5454545454545454,4,true
2012-07-03,7,20:00,8,3,SE,0.625,5,true
2012-07-03,7,21:00,9,3,SE,0.6666666666666666,6,true
2012-07-03,7,22:00,10,3,SE,0.7,7,true
2012-07-03,7,23:00,11,3,SE,0.7272727272727273,8,true
2012-07-04,7,20:00,8,1,SE,1.0,8,false
2012-07-04,7,21:00,9,2,SE,0.8888888888888888,8,true
2012-07-04,7,22:00,10,2,SE,0.8,8,true
2012-07-04,7,23:00,11,2,SE,0.8181818181818182,9,true
2012-07-05,7,20:00,8,3,S,0.75,8,true
2012-07-05,7,21:00,9,3,S,0.6666666666666666,9,true
2012-07-05,7,22:00,10,3,S,0.7,10,true
2012-07-05,7,23:00,11,3,S,0.7272727272727273,11,true
2012-07-06,7,20:00,8,1,S,1.0,8,false
2012-07-06,7,21:00,10,1,S,1.0,10,false
2012-07-06,7,22:00,11,1,S,1.0,11,false
2012-07-06,7,23:00,12,1,S,1.0,12,false
2012-07-07,7,20:00,8,2,S,0.5,8,true
2012-07-07,7,21:00,9,2,SE,0.5555555555555556,9,true
2012-07-07,7,22:00,10,2,SE,0.6,10,true
2012-07-07,7,23:00,10,2,SE,0.6,10,true
2012-07-08,7,20:00,8,2,NE,0.875,0,true
2012-07-08,7,21:00,9,2,NE,0.8888888888888888,0,true
2012-07-08,7,22:00,10,2,NE,0.9,0,true
2012-07-08,7,23:00,11,2,NE,0.8181818181818182,0,true
2012-07-09,7,20:00,8,2,S,0.75,8,true
2012-07-09,7,21:00,9,2,S,0.6666666666666666,9,true
2012-07-09,7,22:00,10,2,S,0.6,10,true
2012-07-09,7,23:00,11,2,S,0.5454545454545454,11,true
2012-07-10,7,20:00,8,2,N,0.75,0,true
2012-07-10,7,21:00,9,2,N,0.7777777777777778,0,true
2012-07-10,7,22:00,10,2,N,0.8,0,true
2012-07-10,7,23:00,11,2,N,0.8181818181818182,0,true
2012-07-11,7,20:00,8,2,N,0.75,0,true
2012-07-11,7,21:00,9,2,N,0.6666666666666666,0,true
2012-07-11,7,22:00,10,2,N,0.7,0,true
2012-07-11,7,23:00,11,3,N,0.6363636363636364,0,true
2012-07-12,7,20:00,8,2,N,0.625,0,true
2012-07-12,7,21:00,9,2,N,0.6666666666666666,0,true
2012-07-12,7,22:00,10,2,N,0.7,0,true
2012-07-12,7,23:00,11,2,N,0.7272727272727273,0,true
2012-07-13,7,20:00,8,1,N,1.0,0,false
2012-07-13,7,21:00,9,1,N,1.0,0,false
2012-07-13,7,22:00,11,1,N,1.0,0,false
2012-07-13,7,23:00,12,1,N,1.0,0,false
2012-07-14,7,20:00,9,1,N,1.0,0,false
2012-07-14,7,21:00,10,1,N,1.0,0,false
2012-07-14,7,22:00,11,1,N,1.0,0,false
2012-07-14,7,23:00,12,1,N,1.0,0,false
2012-07-16,7,20:00,0,0,,0.0,0,false
2012-07-16,7,21:00,0,0,,0.0,0,false
2012-07-16,7,22:00,0,0,,0.0,0,false
2012-07-16,7,23:00,0,0,,0.0,0,false
2012-07-17,7,20:00,9,4,S,0.6666666666666666,6,true
2012-07-17,7,21:00,10,4,S,0.7,7,true
2012-07-17,7,22:00,11,4,S,0.7272727272727273,8,true
2012-07-17,7,23:00,12,4,S,0.75,9,true
2012-07-18,7,20:00,8,2,N,0.625,0,true
2012-07-18,7,21:00,9,2,N,0.6666666666666666,0,true
2012-07-18,7,22:00,10,2,N,0.7,0,true
2012-07-18,7,23:00,11,2,N,0.7272727272727273,0,true
2012-07-19,7,20:00,8,1,N,1.0,0,false
2012-07-19,7,21:00,9,2,N,0.8888888888888888,0,true
2012-07-19,7,22:00,10,2,N,0.9,0,true
2012-07-19,7,23:00,11,2,N,0.9090909090909091,0,true
2012-07-20,7,20:00,8,2,NE,0.875,0,true
2012-07-20,7,21:00,9,2,NE,0.7777777777777778,0,true
2012-07-20,7,22:00,10,2,NE,0.7,0,true
2012-07-20,7,23:00,11,2,NE,0.6363636363636364,0,true
2012-07-21,7,20:00,8,2,N,0.625,0,true
2012-07-21,7,21:00,9,2,N,0.5555555555555556,0,true
2012-07-21,7,22:00,10,2,N,0.5,0,true
2012-07-21,7,23:00,11,2,N,0.5454545454545454,0,true
2012-07-22,7,20:00,8,1,S,1.0,8,false
2012-07-22,7,21:00,9,1,S,1.0,9,false
2012-07-22,7,22:00,10,1,S,1.0,10,false
2012-07-22,7,23:00,11,1,S,1.0,11,false
2012-07-23,7,20:00,9,1,S,1.0,9,false
2012-07-23,7,21:00,11,1,S,1.0,11,false
2012-07-23,7,22:00,12,1,S,1.0,12,false
2012-07-23,7,23:00,13,1,S,1.0,13,false
2012-07-24,7,20:00,8,1,S,1.0,8,false
2012-07-24,7,21:00,9,2,S,0.8888888888888888,9,true
2012-07-24,7,22:00,10,3,S,0.8,9,true
2012-07-24,7,23:00,11,4,S,0.7272727272727273,9,true
2012-07-25,7,20:00,8,1,S,1.0,8,false
2012-07-25,7,21:00,10,1,S,1.0,10,false
2012-07-25,7,22:00,11,1,S,1.0,11,false
2012-07-25,7,23:00,12,1,S,1.0,12,false
2012-07-26,7,20:00,8,2,S,0.5,8,true
2012-07-26,7,21:00,9,2,S,0.5555555555555556,9,true
2012-07-26,7,22:00,10,2,S,0.5,10,true
2012-07-26,7,23:00,11,2,SE,0.5454545454545454,11,true
2012-07-27,7,20:00,8,2,NE,0.875,0,true
2012-07-27,7,21:00,9,2,NE,0.8888888888888888,0,true
2012-07-27,7,22:00,10,2,NE,0.9,0,true
2012-07-27,7,23:00,11,2,NE,0.8181818181818182,0,true
2012-07-28,7,20:00,8,2,N,0.625,0,true
2012-07-28,7,21:00,9,2,N,0.6666666666666666,0,true
2012-07-28,7,22:00,10,2,N,0.7,0,true
2012-07-28,7,23:00,11,2,N,0.7272727272727273,0,true
2012-07-29,7,20:00,8,2,N,0.625,0,true
2012-07-29,7,21:00,9,2,N,0.6666666666666666,0,true
2012-07-29,7,22:00,10,2,N,0.7,0,true
2012-07-29,7,23:00,11,2,N,0.7272727272727273,0,true
2012-07-30,7,20:00,8,5,NE,0.375,2,true
2012-07-30,7,21:00,9,5,NE,0.3333333333333333,2,true
2012-07-30,7,22:00,10,5,NE,0.4,2,true
2012-07-30,7,23:00,11,5,NE,0.45454545454545453,2,true
2012-07-31,7,20:00,8,2,N,0.875,0,true
2012-07-31,7,21:00,9,2,N,0.7777777777777778,0,true
2012-07-31,7,22:00,10,2,N,0.8,0,true
2012-07-31,7,23:00,11,2,N,0.8181818181818182,0,true
2012-08-01,8,20:00,8,2,SE,0.75,6,true
2012-08-01,8,21:00,9,2,SE,0.7777777777777778,7,true
2012-08-01,8,22:00,10,3,SE,0.7,8,true
2012-08-01,8,23:00,11,3,SE,0.6363636363636364,8,true
2012-08-02,8,20:00,8,3,E,0.625,3,true
2012-08-02,8,21:00,9,3,E,0.6666666666666666,3,true
2012-08-02,8,22:00,10,3,E,0.6,4,true
2012-08-02,8,23:00,11,3,E,0.6363636363636364,4,true
2012-08-03,8,20:00,7,3,E,0.5714285714285714,2,true
2012-08-03,8,21:00,8,4,E,0.5,3,true
2012-08-03,8,22:00,9,5,E,0.4444444444444444,4,true
2012-08-03,8,23:00,10,6,E,0.4,4,true
2012-08-04,8,20:00,8,4,N,0.375,1,true
2012-08-04,8,21:00,9,4,NE,0.4444444444444444,1,true
2012-08-04,8,22:00,10,4,N,0.4,1,true
2012-08-04,8,23:00,11,4,NE,0.45454545454545453,1,true
2012-08-05,8,20:00,8,4,NE,0.625,0,true
2012-08-05,8,21:00,9,4,NE,0.5555555555555556,0,true
2012-08-05,8,22:00,10,4,NE,0.6,0,true
2012-08-05,8,23:00,11,4,NE,0.6363636363636364,0,true
2012-08-06,8,20:00,8,3,N,0.625,0,true
2012-08-06,8,21:00,9,3,N,0.6666666666666666,0,true
2012-08-06,8,22:00,10,3,N,0.7,0,true
2012-08-06,8,23:00,11,3,N,0.6363636363636364,0,true
2012-08-07,8,20:00,8,2,N,0.75,0,true
2012-08-07,8,21:00,9,2,N,0.7777777777777778,0,true
2012-08-07,8,22:00,10,2,N,0.8,0,true
2012-08-07,8,23:00,11,2,N,0.8181818181818182,0,true
2012-08-08,8,20:00,8,2,N,0.875,0,true
2012-08-08,8,21:00,9,2,N,0.7777777777777778,0,true
2012-08-08,8,22:00,10,2,N,0.8,0,true
2012-08-08,8,23:00,11,2,N,0.7272727272727273,0,true
2012-08-09,8,20:00,10,5,NE,0.3,2,true
2012-08-09,8,21:00,12,6,NE,0.25,4,true
2012-08-09,8,22:00,13,6,NE,0.23076923076923078,5,true
2012-08-09,8,23:00,13,6,NE,0.23076923076923078,5,true
2012-08-10,8,20:00,8,3,NE,0.5,3,true
2012-08-10,8,21:00,9,3,NE,0.5555555555555556,3,true
2012-08-10,8,22:00,10,3,NE,0.6,3,true
2012-08-10,8,23:00,11,3,NE,0.5454545454545454,3,true
2012-08-11,8,20:00,8,2,N,0.625,0,true
2012-08-11,8,21:00,9,2,N,0.5555555555555556,0,true
2012-08-11,8,22:00,10,2,N,0.6,0,true
2012-08-11,8,23:00,11,2,N,0.6363636363636364,0,true
2012-08-12,8,20:00,8,3,NE,0.625,0,true
2012-08-12,8,21:00,9,4,NE,0.5555555555555556,1,true
2012-08-12,8,22:00,10,4,NE,0.5,1,true
2012-08-12,8,23:00,11,4,NE,0.5454545454545454,1,true
2012-08-13,8,20:00,8,2,N,0.625,0,true
2012-08-13,8,21:00,9,3,N,0.5555555555555556,1,true
2012-08-13,8,22:00,10,4,N,0.5,2,true
2012-08-13,8,23:00,11,4,N,0.45454545454545453,3,true
2012-08-14,8,20:00,8,3,N,0.5,1,true
2012-08-14,8,21:00,9,3,N,0.4444444444444444,1,true
2012-08-14,8,22:00,10,3,N,0.5,1,true
2012-08-14,8,23:00,11,3,N,0.45454545454545453,2,true
2012-08-15,8,20:00,0,0,,0.0,0,false
2012-08-15,8,21:00,0,0,,0.0,0,false
2012-08-15,8,22:00,0,0,,0.0,0,false
2012-08-15,8,23:00,0,0,,0.0,0,false
2012-08-16,8,20:00,9,3,N,0.6666666666666666,0,true
2012-08-16,8,21:00,10,3,N,0.7,0,true
2012-08-16,8,22:00,11,3,N,0.7272727272727273,0,true
2012-08-16,8,23:00,13,3,N,0.6153846153846154,0,true
2012-08-17,8,20:00,8,1,SW,1.0,8,false
2012-08-17,8,21:00,9,2,SW,0.8888888888888888,8,true
2012-08-17,8,22:00,10,3,SW,0.8,8,true
2012-08-17,8,23:00,11,3,SW,0.7272727272727273,8,true
2012-08-18,8,20:00,8,3,NE,0.5,0,true
2012-08-18,8,21:00,9,3,NE,0.5555555555555556,0,true
2012-08-18,8,22:00,10,3,NE,0.6,0,true
2012-08-18,8,23:00,11,3,NE,0.6363636363636364,0,true
2012-08-19,8,20:00,8,3,N,0.75,0,true
2012-08-19,8,21:00,9,3,N,0.6666666666666666,0,true
2012-08-19,8,22:00,10,3,N,0.7,0,true
2012-08-19,8,23:00,11,3,N,0.7272727272727273,0,true
2012-08-20,8,20:00,8,2,N,0.875,0,true
2012-08-20,8,21:00,9,2,N,0.8888888888888888,0,true
2012-08-20,8,22:00,10,2,N,0.9,0,true
2012-08-20,8,23:00,11,2,N,0.9090909090909091,0,true
2012-08-21,8,20:00,9,6,SW,0.3333333333333333,4,true
2012-08-21,8,21:00,9,6,SW,0.3333333333333333,4,true
2012-08-21,8,22:00,9,6,SW,0.3333333333333333,4,true
2012-08-21,8,23:00,9,6,SW,0.3333333333333333,4,true
2012-08-22,8,20:00,8,1,S,1.0,8,false
2012-08-22,8,21:00,9,1,S,1.0,9,false
2012-08-22,8,22:00,10,1,S,1.0,10,false
2012-08-22,8,23:00,11,1,S,1.0,11,false
2012-08-23,8,20:00,8,4,NE,0.5,1,true
2012-08-23,8,21:00,9,4,NE,0.5555555555555556,1,true
2012-08-23,8,22:00,10,4,NE,0.5,1,true
2012-08-23,8,23:00,11,5,NE,0.45454545454545453,2,true
2012-08-24,8,20:00,8,2,N,0.875,0,true
2012-08-24,8,21:00,9,2,N,0.7777777777777778,0,true
2012-08-24,8,22:00,10,2,N,0.8,0,true
2012-08-24,8,23:00,11,2,N,0.8181818181818182,0,true
2012-08-25,8,20:00,8,1,N,1.0,0,false
2012-08-25,8,21:00,9,1,N,1.0,0,false
2012-08-25,8,22:00,10,1,N,1.0,0,false
2012-08-25,8,23:00,11,1,N,1.0,0,false
2012-08-26,8,20:00,8,1,N,1.0,0,false
2012-08-26,8,21:00,9,1,N,1.0,0,false
2012-08-26,8,22:00,10,1,N,1.0,0,false
2012-08-26,8,23:00,11,1,N,1.0,0,false
2012-08-27,8,20:00,7,1,N,1.0,0,false
2012-08-27,8,21:00,8,1,N,1.0,0,false
2012-08-27,8,22:00,10,1,N,1.0,0,false
2012-08-27,8,23:00,11,1,N,1.0,0,false
2012-08-28,8,20:00,9,4,S,0.6666666666666666,8,true
2012-08-28,8,21:00,10,4,S,0.6,9,true
2012-08-28,8,22:00,11,5,S,0.5454545454545454,9,true
2012-08-28,8,23:00,12,5,S,0.5833333333333334,10,true
2012-08-29,8,20:00,8,2,N,0.875,0,true
2012-08-29,8,21:00,9,2,N,0.8888888888888888,0,true
2012-08-29,8,22:00,10,2,N,0.8,0,true
2012-08-29,8,23:00,11,2,N,0.8181818181818182,0,true
2012-08-30,8,20:00,8,3,NE,0.75,0,true
2012-08-30,8,21:00,9,3,NE,0.7777777777777778,0,true
2012-08-30,8,22:00,10,4,NE,0.7,0,true
2012-08-30,8,23:00,11,4,NE,0.6363636363636364,0,true
2012-08-31,8,20:00,8,4,NE,0.625,0,true
2012-08-31,8,21:00,9,4,NE,0.6666666666666666,0,true
2012-08-31,8,22:00,10,4,NE,0.6,0,true
2012-08-31,8,23:00,11,4,NE,0.6363636363636364,0,true
2012-09-01,9,20:00,8,3,N,0.625,0,true
2012-09-01,9,21:00,9,3,N,0.5555555555555556,0,true
2012-09-01,9,22:00,10,3,N,0.6,0,true
2012-09-01,9,23:00,11,3,N,0.6363636363636364,0,true
2012-09-02,9,20:00,8,1,N,1.0,0,false
2012-09-02,9,21:00,9,1,N,1.0,0,false
2012-09-02,9,22:00,10,1,N,1.0,0,false
2012-09-02,9,23:00,11,1,N,1.0,0,false
2012-09-03,9,20:00,8,1,N,1.0,0,false
2012-09-03,9,21:00,9,1,N,1.0,0,false
2012-09-03,9,22:00,10,1,N,1.0,0,false
2012-09-03,9,23:00,11,2,N,0.9090909090909091,0,true
2012-09-04,9,20:00,8,6,NW,0.25,3,true
2012-09-04,9,21:00,9,6,NW,0.2222222222222222,4,true
2012-09-04,9,22:00,10,6,N,0.2,4,true
2012-09-04,9,23:00,11,6,N,0.2727272727272727,4,true
2012-09-05,9,20:00,8,6,N,0.25,1,true
2012-09-05,9,21:00,9,6,N,0.2222222222222222,1,true
2012-09-05,9,22:00,10,6,NE,0.3,1,true
2012-09-05,9,23:00,11,6,N,0.2727272727272727,1,true
2012-09-06,9,20:00,8,1,N,1.0,0,false
2012-09-06,9,21:00,9,1,N,1.0,0,false
2012-09-06,9,22:00,10,1,N,1.0,0,false
2012-09-06,9,23:00,11,1,N,1.0,0,false
2012-09-07,9,20:00,7,2,N,0.7142857142857143,0,true
2012-09-07,9,21:00,8,2,N,0.625,0,true
2012-09-07,9,22:00,9,2,N,0.6666666666666666,0,true
2012-09-07,9,23:00,10,2,N,0.7,0,true
2012-09-08,9,20:00,10,2,N,0.9,0,true
2012-09-08,9,21:00,11,2,N,0.9090909090909091,0,true
2012-09-08,9,22:00,12,2,N,0.9166666666666666,0,true
2012-09-08,9,23:00,14,2,N,0.9285714285714286,0,true
2012-09-09,9,20:00,8,2,NW,0.875,0,true
2012-09-09,9,21:00,8,2,NW,0.875,0,true
2012-09-09,9,22:00,9,2,NW,0.7777777777777778,0,true
2012-09-09,9,23:00,10,2,NW,0.8,0,true
2012-09-10,9,20:00,8,2,N,0.75,0,true
2012-09-10,9,21:00,9,2,N,0.7777777777777778,0,true
2012-09-10,9,22:00,10,2,N,0.8,0,true
2012-09-10,9,23:00,11,2,N,0.8181818181818182,0,true
2012-09-11,9,20:00,8,3,W,0.625,0,true
2012-09-11,9,21:00,9,3,W,0.6666666666666666,0,true
2012-09-11,9,22:00,10,3,W,0.7,0,true
2012-09-11,9,23:00,11,3,W,0.7272727272727273,0,true
2012-09-12,9,20:00,8,2,S,0.875,8,true
2012-09-12,9,21:00,9,2,S,0.8888888888888888,9,true
2012-09-12,9,22:00,10,2,S,0.9,10,true
2012-09-12,9,23:00,11,2,S,0.8181818181818182,11,true
2012-09-13,9,20:00,8,4,NE,0.5,1,true
2012-09-13,9,21:00,9,4,NE,0.4444444444444444,1,true
2012-09-13,9,22:00,10,4,N,0.4,1,true
2012-09-13,9,23:00,11,4,N,0.45454545454545453,1,true
2012-09-14,9,20:00,8,1,N,1.0,0,false
2012-09-14,9,21:00,9,1,N,1.0,0,false
2012-09-14,9,22:00,10,1,N,1.0,0,false
2012-09-14,9,23:00,11,1,N,1.0,0,false
2012-09-15,9,20:00,8,2,N,0.875,0,true
2012-09-15,9,21:00,9,2,N,0.8888888888888888,0,true
2012-09-15,9,22:00,10,2,N,0.9,0,true
2012-09-15,9,23:00,11,2,N,0.9090909090909091,0,true
2012-09-16,9,20:00,8,2,N,0.5,0,true
2012-09-16,9,21:00,9,2,NE,0.5555555555555556,0,true
2012-09-16,9,22:00,10,2,N,0.5,0,true
2012-09-16,9,23:00,11,2,NE,0.5454545454545454,0,true
2012-09-17,9,20:00,10,1,N,1.0,0,false
2012-09-17,9,21:00,12,2,N,0.9166666666666666,1,true
2012-09-17,9,22:00,13,2,N,0.8461538461538461,2,true
2012-09-17,9,23:00,14,3,N,0.7857142857142857,2,true
2012-09-18,9,20:00,8,1,S,1.0,8,false
2012-09-18,9,21:00,9,1,S,1.0,9,false
2012-09-18,9,22:00,10,1,S,1.0,10,false
2012-09-18,9,23:00,11,1,S,1.0,11,false
2012-09-19,9,20:00,8,2,NE,0.875,0,true
2012-09-19,9,21:00,9,2,NE,0.7777777777777778,0,true
2012-09-19,9,22:00,10,2,NE,0.7,0,true
2012-09-19,9,23:00,11,2,NE,0.6363636363636364,0,true
2012-09-20,9,20:00,8,2,S,0.875,8,true
2012-09-20,9,21:00,9,2,S,0.7777777777777778,9,true
2012-09-20,9,22:00,10,2,S,0.8,10,true
2012-09-20,9,23:00,11,2,S,0.8181818181818182,11,true
2012-09-21,9,20:00,8,2,SE,0.875,8,true
2012-09-21,9,21:00,9,2,SE,0.8888888888888888,9,true
2012-09-21,9,22:00,10,3,SE,0.8,9,true
2012-09-21,9,23:00,11,3,SE,0.7272727272727273,9,true
2012-09-22,9,20:00,8,2,NE,0.875,0,true
2012-09-22,9,21:00,9,2,NE,0.8888888888888888,0,true
2012-09-22,9,22:00,10,2,NE,0.8,0,true
2012-09-22,9,23:00,11,3,NE,0.7272727272727273,0,true
2012-09-23,9,20:00,8,2,NE,0.875,0,true
2012-09-23,9,21:00,9,2,NE,0.7777777777777778,0,true
2012-09-23,9,22:00,10,2,NE,0.7,0,true
2012-09-23,9,23:00,11,3,NE,0.6363636363636364,1,true
2012-09-24,9,20:00,8,3,NE,0.5,0,true
2012-09-24,9,21:00,9,3,NE,0.5555555555555556,0,true
2012-09-24,9,22:00,10,4,NE,0.5,0,true
2012-09-24,9,23:00,11,5,NE,0.45454545454545453,1,true
2012-09-25,9,20:00,8,2,N,0.875,0,true
2012-09-25,9,21:00,9,2,N,0.8888888888888888,0,true
2012-09-25,9,22:00,10,2,N,0.9,0,true
2012-09-25,9,23:00,11,2,N,0.9090909090909091,0,true
2012-09-26,9,20:00,8,1,N,1.0,0,false
2012-09-26,9,21:00,9,1,N,1.0,0,false
2012-09-26,9,22:00,10,1,N,1.0,0,false
2012-09-26,9,23:00,11,1,N,1.0,0,false
2012-09-27,9,20:00,8,1,N,1.0,0,false
2012-09-27,9,21:00,9,2,N,0.8888888888888888,0,true
2012-09-27,9,22:00,10,2,N,0.8,0,true
2012-09-27,9,23:00,11,3,N,0.7272727272727273,1,true
2012-09-28,9,20:00,8,2,S,0.625,8,true
2012-09-28,9,21:00,9,2,S,0.6666666666666666,9,true
2012-09-28,9,22:00,10,2,S,0.7,10,true
2012-09-28,9,23:00,11,2,S,0.6363636363636364,11,true
2012-09-29,9,20:00,9,2,S,0.6666666666666666,9,true
2012-09-29,9,21:00,10,2,S,0.6,10,true
2012-09-29,9,22:00,11,2,S,0.5454545454545454,11,true
2012-09-29,9,23:00,12,2,S,0.5833333333333334,12,true
2012-09-30,9,20:00,8,1,N,1.0,0,false
2012-09-30,9,21:00,9,1,N,1.0,0,false
2012-09-30,9,22:00,10,1,N,1.0,0,false
2012-09-30,9,23:00,11,1,N,1.0,0,false
2012-10-01,10,20:00,9,1,N,1.0,0,false
2012-10-01,10,21:00,10,1,N,1.0,0,false
2012-10-01,10,22:00,11,1,N,1.0,0,false
2012-10-01,10,23:00,12,2,N,0.9166666666666666,0,true
2012-10-02,10,20:00,9,3,N,0.4444444444444444,5,true
2012-10-02,10,21:00,10,3,S,0.5,6,true
2012-10-02,10,22:00,11,3,S,0.5454545454545454,7,true
2012-10-02,10,23:00,12,3,S,0.5833333333333334,8,true
2012-10-03,10,20:00,9,2,N,0.7777777777777778,0,true
2012-10-03,10,21:00,10,2,N,0.8,0,true
2012-10-03,10,22:00,11,2,N,0.8181818181818182,0,true
2012-10-03,10,23:00,12,2,N,0.8333333333333334,0,true
2012-10-04,10,20:00,9,2,N,0.5555555555555556,0,true
2012-10-04,10,21:00,10,2,N,0.6,0,true
2012-10-04,10,22:00,11,2,N,0.6363636363636364,0,true
2012-10-04,10,23:00,12,3,N,0.5833333333333334,0,true
2012-10-05,10,20:00,9,2,N,0.8888888888888888,0,true
2012-10-05,10,21:00,10,2,N,0.9,0,true
2012-10-05,10,22:00,11,2,N,0.9090909090909091,0,true
2012-10-05,10,23:00,12,2,N,0.9166666666666666,0,true
2012-10-06,10,20:00,9,2,N,0.6666666666666666,0,true
2012-10-06,10,21:00,10,2,N,0.7,0,true
2012-10-06,10,22:00,11,2,N,0.6363636363636364,0,true
2012-10-06,10,23:00,12,2,N,0.6666666666666666,0,true
2012-10-07,10,20:00,10,4,S,0.4,4,true
2012-10-07,10,21:00,11,4,S,0.45454545454545453,5,true
2012-10-07,10,22:00,12,4,S,0.5,6,true
2012-10-07,10,23:00,13,4,S,0.5384615384615384,7,true
2012-10-08,10,20:00,9,1,N,1.0,0,false
2012-10-08,10,21:00,10,1,N,1.0,0,false
2012-10-08,10,22:00,11,1,N,1.0,0,false
2012-10-08,10,23:00,12,1,N,1.0,0,false
2012-10-09,10,20:00,9,2,N,0.8888888888888888,0,true
2012-10-09,10,21:00,10,2,N,0.9,0,true
2012-10-09,10,22:00,11,2,N,0.9090909090909091,0,true
2012-10-09,10,23:00,12,2,N,0.9166666666666666,0,true
2012-10-10,10,20:00,8,2,N,0.5,0,true
2012-10-10,10,21:00,9,2,N,0.5555555555555556,0,true
2012-10-10,10,22:00,10,2,N,0.6,0,true
2012-10-10,10,23:00,11,2,N,0.6363636363636364,0,true
2012-10-11,10,20:00,9,3,NW,0.5555555555555556,0,true
2012-10-11,10,21:00,10,3,NW,0.5,0,true
2012-10-11,10,22:00,11,3,N,0.45454545454545453,0,true
2012-10-11,10,23:00,12,3,N,0.5,0,true
2012-10-12,10,20:00,9,2,N,0.7777777777777778,0,true
2012-10-12,10,21:00,10,2,N,0.8,0,true
2012-10-12,10,22:00,11,2,N,0.8181818181818182,0,true
2012-10-12,10,23:00,12,2,N,0.8333333333333334,0,true
2012-10-13,10,20:00,9,1,N,1.0,0,false
2012-10-13,10,21:00,10,1,N,1.0,0,false
2012-10-13,10,22:00,11,1,N,1.0,0,false
2012-10-13,10,23:00,13,1,N,1.0,0,false
2012-10-14,10,20:00,9,1,S,1.0,9,false
2012-10-14,10,21:00,10,1,S,1.0,10,false
2012-10-14,10,22:00,11,1,S,1.0,11,false
2012-10-14,10,23:00,12,1,S,1.0,12,false
2012-10-15,10,20:00,9,2,N,0.6666666666666666,0,true
2012-10-15,10,21:00,10,2,N,0.6,0,true
2012-10-15,10,22:00,11,3,N,0.5454545454545454,0,true
2012-10-15,10,23:00,12,4,N,0.5,1,true
2012-10-16,10,20:00,9,3,N,0.5555555555555556,0,true
2012-10-16,10,21:00,10,3,N,0.6,0,true
2012-10-16,10,22:00,11,3,N,0.6363636363636364,0,true
2012-10-16,10,23:00,12,3,N,0.6666666666666666,0,true
2012-10-17,10,20:00,10,2,N,0.9,0,true
2012-10-17,10,21:00,11,2,N,0.9090909090909091,0,true
2012-10-17,10,22:00,12,2,N,0.9166666666666666,0,true
2012-10-17,10,23:00,13,2,N,0.9230769230769231,0,true
2012-10-18,10,20:00,9,2,N,0.5555555555555556,0,true
2012-10-18,10,21:00,10,2,N,0.5,0,true
2012-10-18,10,22:00,11,2,NW,0.5454545454545454,0,true
2012-10-18,10,23:00,12,2,NW,0.5833333333333334,0,true
2012-10-19,10,20:00,12,3,S,0.6666666666666666,10,true
2012-10-19,10,21:00,13,3,S,0.6923076923076923,11,true
2012-10-19,10,22:00,14,3,S,0.7142857142857143,12,true
2012-10-19,10,23:00,15,3,S,0.7333333333333333,13,true
2012-10-20,10,20:00,9,2,N,0.7777777777777778,0,true
2012-10-20,10,21:00,10,2,N,0.8,0,true
2012-10-20,10,22:00,11,2,N,0.8181818181818182,0,true
2012-10-20,10,23:00,12,3,N,0.75,0,true
2012-10-21,10,20:00,10,1,N,1.0,0,false
2012-10-21,10,21:00,11,1,N,1.0,0,false
2012-10-21,10,22:00,12,2,N,0.9166666666666666,0,true
2012-10-21,10,23:00,13,2,N,0.8461538461538461,0,true
2012-10-22,10,20:00,9,2,NW,0.5555555555555556,0,true
2012-10-22,10,21:00,10,2,NW,0.6,0,true
2012-10-22,10,22:00,11,2,NW,0.6363636363636364,0,true
2012-10-22,10,23:00,12,2,NW,0.6666666666666666,0,true
2012-10-23,10,20:00,9,3,NE,0.4444444444444444,5,true
2012-10-23,10,21:00,10,4,NE,0.4,5,true
2012-10-23,10,22:00,11,4,S,0.45454545454545453,6,true
2012-10-23,10,23:00,12,4,S,0.5,7,true
2012-10-24,10,20:00,9,3,NE,0.6666666666666666,2,true
2012-10-24,10,21:00,10,3,NE,0.6,2,true
2012-10-24,10,22:00,11,3,NE,0.5454545454545454,2,true
2012-10-24,10,23:00,12,3,NE,0.5,2,true
2012-10-25,10,20:00,9,2,N,0.8888888888888888,0,true
2012-10-25,10,21:00,10,2,N,0.9,0,true
2012-10-25,10,22:00,11,2,N,0.9090909090909091,0,true
2012-10-25,10,23:00,12,2,N,0.8333333333333334,0,true
2012-10-26,10,20:00,9,3,N,0.5555555555555556,3,true
2012-10-26,10,21:00,10,3,N,0.6,3,true
2012-10-26,10,22:00,11,3,N,0.6363636363636364,3,true
2012-10-26,10,23:00,12,3,N,0.6666666666666666,3,true
2012-10-27,10,20:00,9,2,N,0.8888888888888888,0,true
2012-10-27,10,21:00,11,2,N,0.9090909090909091,0,true
2012-10-27,10,22:00,12,2,N,0.9166666666666666,0,true
2012-10-27,10,23:00,13,2,N,0.9230769230769231,0,true
2012-10-28,10,20:00,9,2,N,0.8888888888888888,0,true
2012-10-28,10,21:00,10,2,N,0.9,0,true
2012-10-28,10,22:00,11,2,N,0.9090909090909091,0,true
2012-10-28,10,23:00,12,2,N,0.8333333333333334,0,true
2012-10-29,10,20:00,10,7,S,0.3,5,true
2012-10-29,10,21:00,12,7,S,0.4166666666666667,7,true
2012-10-29,10,22:00,14,7,S,0.5,9,true
2012-10-29,10,23:00,15,7,S,0.4666666666666667,10,true
2012-10-30,10,20:00,9,3,N,0.5555555555555556,1,true
2012-10-30,10,21:00,10,3,N,0.6,1,true
2012-10-30,10,22:00,11,3,N,0.6363636363636364,1,true
2012-10-30,10,23:00,12,3,N,0.6666666666666666,1,true
2012-10-31,10,20:00,9,1,N,1.0,0,false
2012-10-31,10,21:00,10,1,N,1.0,0,false
2012-10-31,10,22:00,11,1,N,1.0,0,false
2012-10-31,10,23:00,12,1,N,1.0,0,false
2012-11-01,11,20:00,10,4,S,0.7,8,true
2012-11-01,11,21:00,11,4,S,0.6363636363636364,8,true
2012-11-01,11,22:00,12,4,S,0.5833333333333334,8,true
2012-11-01,11,23:00,13,4,S,0.5384615384615384,8,true
2012-11-02,11,20:00,8,1,N,1.0,0,false
2012-11-02,11,21:00,9,1,N,1.0,0,false
2012-11-02,11,22:00,10,1,N,1.0,0,false
2012-11-02,11,23:00,11,1,N,1.0,0,false
2012-11-03,11,20:00,10,1,N,1.0,0,false
2012-11-03,11,21:00,11,1,N,1.0,0,false
2012-11-03,11,22:00,12,1,N,1.0,0,false
2012-11-03,11,23:00,12,1,N,1.0,0,false
2012-11-04,11,20:00,9,1,S,1.0,9,false
2012-11-04,11,21:00,10,1,S,1.0,10,false
2012-11-04,11,22:00,11,1,S,1.0,11,false
2012-11-04,11,23:00,12,1,S,1.0,12,false
2012-11-05,11,20:00,9,2,NE,0.7777777777777778,0,true
2012-11-05,11,21:00,10,2,NE,0.7,0,true
2012-11-05,11,22:00,11,2,NE,0.6363636363636364,0,true
2012-11-05,11,23:00,12,3,NE,0.5833333333333334,1,true
2012-11-06,11,20:00,9,1,S,1.0,9,false
2012-11-06,11,21:00,10,1,S,1.0,10,false
2012-11-06,11,22:00,11,1,S,1.0,11,false
2012-11-06,11,23:00,12,1,S,1.0,12,false
2012-11-07,11,20:00,9,1,S,1.0,9,false
2012-11-07,11,21:00,10,1,S,1.0,10,false
2012-11-07,11,22:00,11,1,S,1.0,11,false
2012-11-07,11,23:00,12,1,S,1.0,12,false
2012-11-08,11,20:00,9,4,S,0.5555555555555556,7,true
2012-11-08,11,21:00,10,4,S,0.6,8,true
2012-11-08,11,22:00,11,4,S,0.6363636363636364,9,true
2012-11-08,11,23:00,12,4,S,0.6666666666666666,10,true
2012-11-09,11,20:00,8,2,NE,0.5,0,true
2012-11-09,11,21:00,9,2,N,0.4444444444444444,0,true
2012-11-09,11,22:00,10,2,N,0.5,0,true
2012-11-09,11,23:00,11,2,N,0.5454545454545454,0,true
2012-11-10,11,20:00,9,2,N,0.7777777777777778,0,true
2012-11-10,11,21:00,10,2,N,0.8,0,true
2012-11-10,11,22:00,11,2,N,0.8181818181818182,0,true
2012-11-10,11,23:00,12,2,N,0.8333333333333334,0,true
2012-11-11,11,20:00,9,1,N,1.0,0,false
2012-11-11,11,21:00,10,1,N,1.0,0,false
2012-11-11,11,22:00,11,1,N,1.0,0,false
2012-11-11,11,23:00,12,1,N,1.0,0,false
2012-11-12,11,20:00,9,3,S,0.5555555555555556,7,true
2012-11-12,11,21:00,10,3,S,0.6,8,true
2012-11-12,11,22:00,11,3,S,0.6363636363636364,9,true
2012-11-12,11,23:00,12,3,S,0.6666666666666666,10,true
2012-11-13,11,20:00,9,2,S,0.5555555555555556,9,true
2012-11-13,11,21:00,10,2,S,0.6,10,true
2012-11-13,11,22:00,11,2,S,0.6363636363636364,11,true
2012-11-13,11,23:00,12,2,S,0.6666666666666666,12,true
2012-11-14,11,20:00,9,5,NE,0.3333333333333333,3,true
2012-11-14,11,21:00,10,5,NE,0.3,3,true
2012-11-14,11,22:00,11,6,NE,0.2727272727272727,4,true
2012-11-14,11,23:00,12,6,NE,0.25,5,true
2012-11-15,11,20:00,9,2,N,0.7777777777777778,0,true
2012-11-15,11,21:00,10,2,N,0.8,0,true
2012-11-15,11,22:00,11,2,N,0.8181818181818182,0,true
2012-11-15,11,23:00,12,2,N,0.8333333333333334,0,true
2012-11-16,11,20:00,10,5,S,0.4,7,true
2012-11-16,11,21:00,11,5,S,0.45454545454545453,8,true
2012-11-16,11,22:00,12,5,S,0.4166666666666667,9,true
2012-11-16,11,23:00,13,5,S,0.38461538461538464,10,true
2012-11-17,11,20:00,9,1,N,1.0,0,false
2012-11-17,11,21:00,10,1,N,1.0,0,false
2012-11-17,11,22:00,11,1,N,1.0,0,false
2012-11-17,11,23:00,12,1,N,1.0,0,false
2012-11-18,11,20:00,9,2,NW,0.7777777777777778,0,true
2012-11-18,11,21:00,10,3,NW,0.7,1,true
2012-11-18,11,22:00,11,4,NW,0.6363636363636364,2,true
2012-11-18,11,23:00,12,4,NW,0.5833333333333334,3,true
2012-11-19,11,20:00,9,2,NE,0.5555555555555556,0,true
2012-11-19,11,21:00,10,2,N,0.5,0,true
2012-11-19,11,22:00,11,2,NE,0.5454545454545454,0,true
2012-11-19,11,23:00,12,2,N,0.5,0,true
2012-11-20,11,20:00,9,2,N,0.6666666666666666,0,true
2012-11-20,11,21:00,10,2,N,0.7,0,true
2012-11-20,11,22:00,11,2,N,0.7272727272727273,0,true
2012-11-20,11,23:00,12,2,N,0.75,0,true
2012-11-21,11,20:00,9,3,N,0.4444444444444444,0,true
2012-11-21,11,21:00,10,3,N,0.5,0,true
2012-11-21,11,22:00,11,3,N,0.5454545454545454,0,true
2012-11-21,11,23:00,12,3,N,0.5833333333333334,0,true
2012-11-22,11,20:00,9,5,N,0.3333333333333333,1,true
2012-11-22,11,21:00,10,6,N,0.3,2,true
2012-11-22,11,22:00,11,6,N,0.2727272727272727,3,true
2012-11-22,11,23:00,12,6,N,0.25,4,true
2012-11-23,11,20:00,9,1,N,1.0,0,false
2012-11-23,11,21:00,10,1,N,1.0,0,false
2012-11-23,11,22:00,11,1,N,1.0,0,false
2012-11-23,11,23:00,12,1,N,1.0,0,false
2012-11-24,11,20:00,7,2,N,0.8571428571428571,0,true
2012-11-24,11,21:00,8,2,N,0.75,0,true
2012-11-24,11,22:00,9,2,N,0.7777777777777778,0,true
2012-11-24,11,23:00,10,2,N,0.8,0,true
2012-11-25,11,20:00,9,2,N,0.5555555555555556,0,true
2012-11-25,11,21:00,10,2,N,0.6,0,true
2012-11-25,11,22:00,11,2,N,0.6363636363636364,0,true
2012-11-25,11,23:00,12,2,N,0.6666666666666666,0,true
2012-11-26,11,20:00,9,2,N,0.6666666666666666,0,true
2012-11-26,11,21:00,10,2,N,0.7,0,true
2012-11-26,11,22:00,11,2,N,0.7272727272727273,0,true
2012-11-26,11,23:00,12,2,N,0.75,0,true
2012-11-27,11,20:00,9,4,S,0.3333333333333333,6,true
2012-11-27,11,21:00,10,4,SW,0.4,7,true
2012-11-27,11,22:00,11,4,SW,0.36363636363636365,7,true
2012-11-27,11,23:00,12,4,N,0.3333333333333333,7,true
2012-11-28,11,20:00,9,1,N,1.0,0,false
2012-11-28,11,21:00,10,2,N,0.9,1,true
2012-11-28,11,22:00,11,2,N,0.8181818181818182,2,true
2012-11-28,11,23:00,12,3,N,0.75,3,true
2012-11-29,11,20:00,9,5,NE,0.3333333333333333,2,true
2012-11-29,11,21:00,10,5,NE,0.4,2,true
2012-11-29,11,22:00,11,5,NE,0.45454545454545453,2,true
2012-11-29,11,23:00,12,5,NE,0.4166666666666667,2,true
2012-11-30,11,20:00,10,2,S,0.8,10,true
2012-11-30,11,21:00,11,2,S,0.8181818181818182,11,true
2012-11-30,11,22:00,12,2,S,0.8333333333333334,12,true
2012-11-30,11,23:00,13,2,S,0.8461538461538461,13,true
2012-12-01,12,20:00,9,4,S,0.5555555555555556,6,true
2012-12-01,12,21:00,10,4,S,0.5,6,true
2012-12-01,12,22:00,11,4,S,0.45454545454545453,6,true
2012-12-01,12,23:00,12,4,S,0.4166666666666667,6,true
2012-12-02,12,20:00,10,1,N,1.0,0,false
2012-12-02,12,21:00,12,1,N,1.0,0,false
2012-12-02,12,22:00,13,1,N,1.0,0,false
2012-12-02,12,23:00,14,1,N,1.0,0,false
2012-12-03,12,20:00,9,2,N,0.6666666666666666,0,true
2012-12-03,12,21:00,10,2,N,0.7,0,true
2012-12-03,12,22:00,11,2,N,0.7272727272727273,0,true
2012-12-03,12,23:00,12,2,N,0.75,0,true
2012-12-04,12,20:00,9,1,N,1.0,0,false
2012-12-04,12,21:00,10,1,N,1.0,0,false
2012-12-04,12,22:00,11,1,N,1.0,0,false
2012-12-04,12,23:00,12,1,N,1.0,0,false
2012-12-05,12,20:00,11,1,N,1.0,0,false
2012-12-05,12,21:00,11,1,N,1.0,0,false
2012-12-05,12,22:00,12,1,N,1.0,0,false
2012-12-05,12,23:00,13,1,N,1.0,0,false
2012-12-06,12,20:00,9,2,N,0.5555555555555556,0,true
2012-12-06,12,21:00,10,2,N,0.6,0,true
2012-12-06,12,22:00,11,2,N,0.6363636363636364,0,true
2012-12-06,12,23:00,12,2,N,0.6666666666666666,0,true
2012-12-07,12,20:00,9,1,N,1.0,0,false
2012-12-07,12,21:00,10,1,N,1.0,0,false
2012-12-07,12,22:00,11,1,N,1.0,0,false
2012-12-07,12,23:00,12,2,N,0.9166666666666666,0,true
2012-12-08,12,20:00,9,2,SW,0.7777777777777778,9,true
2012-12-08,12,21:00,10,2,SW,0.7,10,true
2012-12-08,12,22:00,11,2,SW,0.6363636363636364,11,true
2012-12-08,12,23:00,12,2,SW,0.5833333333333334,12,true
2012-12-09,12,20:00,9,2,N,0.6666666666666666,0,true
2012-12-09,12,21:00,10,2,N,0.7,0,true
2012-12-09,12,22:00,11,2,N,0.7272727272727273,0,true
2012-12-09,12,23:00,12,2,N,0.75,0,true
2012-12-10,12,20:00,9,2,N,0.8888888888888888,0,true
2012-12-10,12,21:00,10,2,N,0.9,0,true
2012-12-10,12,22:00,11,2,N,0.9090909090909091,0,true
2012-12-10,12,23:00,12,2,N,0.9166666666666666,0,true
2012-12-11,12,20:00,10,3,N,0.5,5,true
2012-12-11,12,21:00,11,3,N,0.45454545454545453,6,true
2012-12-11,12,22:00,12,3,S,0.5,7,true
2012-12-11,12,23:00,13,3,S,0.5384615384615384,8,true
2012-12-12,12,20:00,9,3,NE,0.4444444444444444,3,true
2012-12-12,12,21:00,10,3,NE,0.4,4,true
2012-12-12,12,22:00,11,3,S,0.45454545454545453,5,true
2012-12-12,12,23:00,12,3,S,0.5,6,true
2012-12-13,12,20:00,9,5,N,0.4444444444444444,1,true
2012-12-13,12,21:00,10,5,N,0.5,1,true
2012-12-13,12,22:00,11,5,N,0.5454545454545454,1,true
2012-12-13,12,23:00,12,5,N,0.5833333333333334,1,true
2012-12-19,12,20:00,2,1,NW,1.0,0,false
2012-12-19,12,21:00,2,1,NW,1.0,0,false
2012-12-19,12,22:00,2,1,NW,1.0,0,false
2012-12-19,12,23:00,2,1,NW,1.0,0,false
2012-12-20,12,20:00,0,0,,0.0,0,false
2012-12-20,12,21:00,0,0,,0.0,0,false
2012-12-20,12,22:00,0,0,,0.0,0,false
2012-12-20,12,23:00,0,0,,0.0,0,false
2012-12-21,12,20:00,9,1,N,1.0,0,false
2012-12-21,12,21:00,10,1,N,1.0,0,false
2012-12-21,12,22:00,11,1,N,1.0,0,false
2012-12-21,12,23:00,12,1,N,1.0,0,false
2012-12-22,12,20:00,8,2,S,0.875,7,true
2012-12-22,12,21:00,10,2,S,0.9,9,true
2012-12-22,12,22:00,11,2,S,0.9090909090909091,10,true
2012-12-22,12,23:00,12,2,S,0.9166666666666666,11,true
2012-12-23,12,20:00,12,2,SW,0.5833333333333334,12,true
2012-12-23,12,21:00,13,2,SW,0.5384615384615384,13,true
2012-12-23,12,22:00,14,2,S,0.5,14,true
2012-12-23,12,23:00,15,2,S,0.5333333333333333,15,true
2012-12-24,12,20:00,14,2,SW,0.5714285714285714,14,true
2012-12-24,12,21:00,16,3,SW,0.5,16,true
2012-12-24,12,22:00,17,3,S,0.47058823529411764,17,true
2012-12-24,12,23:00,18,3,S,0.5,18,true
2012-12-25,12,20:00,9,3,S,0.6666666666666666,8,true
2012-12-25,12,21:00,10,3,S,0.7,9,true
2012-12-25,12,22:00,11,3,S,0.7272727272727273,10,true
2012-12-25,12,23:00,12,3,S,0.75,11,true
2012-12-26,12,20:00,9,1,N,1.0,0,false
2012-12-26,12,21:00,10,1,N,1.0,0,false
2012-12-26,12,22:00,11,1,N,1.0,0,false
2012-12-26,12,23:00,12,1,N,1.0,0,false
2012-12-27,12,20:00,9,1,S,1.0,9,false
2012-12-27,12,21:00,10,1,S,1.0,10,false
2012-12-27,12,22:00,12,1,S,1.0,12,false
2012-12-27,12,23:00,13,1,S,1.0,13,false
2012-12-28,12,20:00,9,3,SW,0.4444444444444444,6,true
2012-12-28,12,21:00,10,3,SW,0.4,7,true
2012-12-28,12,22:00,11,3,SW,0.45454545454545453,8,true
2012-12-28,12,23:00,12,3,SW,0.5,9,true
2012-12-29,12,20:00,13,1,N,1.0,0,false
2012-12-29,12,21:00,14,1,N,1.0,0,false
2012-12-29,12,22:00,15,1,N,1.0,0,false
2012-12-29,12,23:00,16,1,N,1.0,0,false
2012-12-30,12,20:00,9,2,N,0.8888888888888888,0,true
2012-12-30,12,21:00,10,2,N,0.9,0,true
2012-12-30,12,22:00,11,2,N,0.9090909090909091,0,true
2012-12-30,12,23:00,12,2,N,0.9166666666666666,0,true
2012-12-31,12,20:00,9,2,NW,0.6666666666666666,0,true
2012-12-31,12,21:00,10,2,NW,0.7,0,true
2012-12-31,12,22:00,11,2,NW,0.7272727272727273,0,true
2012-12-31,12,23:00,12,2,NW,0.75,0,true
2013-01-01,1,20:00,0,0,,0.0,0,false
2013-01-01,1,21:00,0,0,,0.0,0,false
2013-01-01,1,22:00,0,0,,0.0,0,false
2013-01-01,1,23:00,0,0,,0.0,0,false
2013-01-02,1,20:00,9,1,N,1.0,0,false
2013-01-02,1,21:00,10,1,N,1.0,0,false
2013-01-02,1,22:00,11,1,N,1.0,0,false
2013-01-02,1,23:00,12,1,N,1.0,0,false
2013-01-03,1,20:00,9,2,N,0.6666666666666666,0,true
2013-01-03,1,21:00,10,2,N,0.6,0,true
2013-01-03,1,22:00,11,2,N,0.5454545454545454,0,true
2013-01-03,1,23:00,12,2,N,0.5,0,true
2013-01-04,1,20:00,9,4,N,0.4444444444444444,0,true
2013-01-04,1,21:00,10,5,N,0.4,1,true
2013-01-04,1,22:00,11,6,N,0.36363636363636365,1,true
2013-01-04,1,23:00,12,6,N,0.3333333333333333,2,true
2013-01-05,1,20:00,9,3,NE,0.7777777777777778,1,true
2013-01-05,1,21:00,10,3,NE,0.8,1,true
2013-01-05,1,22:00,11,3,NE,0.8181818181818182,1,true
2013-01-05,1,23:00,12,3,NE,0.75,1,true
2013-01-06,1,20:00,9,2,N,0.7777777777777778,0,true
2013-01-06,1,21:00,10,2,N,0.8,0,true
2013-01-06,1,22:00,10,2,N,0.8,0,true
2013-01-06,1,23:00,10,2,N,0.8,0,true
2013-01-07,1,20:00,12,3,S,0.75,11,true
2013-01-07,1,21:00,13,4,S,0.6923076923076923,11,true
2013-01-07,1,22:00,14,4,S,0.6428571428571429,11,true
2013-01-07,1,23:00,15,4,S,0.6,11,true
2013-01-08,1,20:00,9,3,NW,0.4444444444444444,2,true
2013-01-08,1,21:00,10,3,NW,0.5,2,true
2013-01-08,1,22:00,11,3,NW,0.5454545454545454,2,true
2013-01-08,1,23:00,12,3,NW,0.5833333333333334,2,true
2013-01-09,1,20:00,9,2,N,0.8888888888888888,0,true
2013-01-09,1,21:00,10,2,N,0.9,0,true
2013-01-09,1,22:00,11,2,N,0.9090909090909091,0,true
2013-01-09,1,23:00,12,2,N,0.9166666666666666,0,true
2013-01-10,1,20:00,9,1,N,1.0,0,false
2013-01-10,1,21:00,10,1,N,1.0,0,false
2013-01-10,1,22:00,11,1,N,1.0,0,false
2013-01-10,1,23:00,12,1,N,1.0,0,false
2013-01-11,1,20:00,9,1,N,1.0,0,false
2013-01-11,1,21:00,10,2,N,0.9,0,true
2013-01-11,1,22:00,11,2,N,0.9090909090909091,0,true
2013-01-11,1,23:00,12,2,N,0.9166666666666666,0,true
2013-01-12,1,20:00,9,2,N,0.8888888888888888,0,true
2013-01-12,1,21:00,10,2,N,0.9,0,true
2013-01-12,1,22:00,11,2,N,0.9090909090909091,0,true
2013-01-12,1,23:00,12,2,N,0.9166666666666666,0,true
2013-01-13,1,20:00,11,1,N,1.0,0,false
2013-01-13,1,21:00,12,1,N,1.0,0,false
2013-01-13,1,22:00,13,1,N,1.0,0,false
2013-01-13,1,23:00,14,1,N,1.0,0,false
2013-01-14,1,20:00,9,2,N,0.7777777777777778,0,true
2013-01-14,1,21:00,10,2,N,0.8,0,true
2013-01-14,1,22:00,11,2,N,0.8181818181818182,0,true
2013-01-14,1,23:00,12,2,N,0.8333333333333334,0,true
2013-01-15,1,20:00,11,4,S,0.45454545454545453,5,true
2013-01-15,1,21:00,13,4,N,0.38461538461538464,5,true
2013-01-15,1,22:00,15,5,S,0.4,6,true
2013-01-15,1,23:00,16,5,S,0.4375,7,true
2013-01-16,1,20:00,9,2,SW,0.5555555555555556,9,true
2013-01-16,1,21:00,10,2,S,0.5,10,true
2013-01-16,1,22:00,11,2,S,0.5454545454545454,11,true
2013-01-16,1,23:00,12,2,S,0.5,12,true
2013-01-17,1,20:00,9,2,N,0.8888888888888888,0,true
2013-01-17,1,21:00,10,2,N,0.9,0,true
2013-01-17,1,22:00,11,2,N,0.9090909090909091,0,true
2013-01-17,1,23:00,12,2,N,0.8333333333333334,0,true
2013-01-18,1,20:00,7,3,S,0.42857142857142855,7,true
2013-01-18,1,21:00,8,3,SW,0.5,8,true
2013-01-18,1,22:00,9,3,S,0.4444444444444444,9,true
2013-01-18,1,23:00,10,3,S,0.5,10,true
2013-01-19,1,20:00,9,2,NE,0.7777777777777778,0,true
2013-01-19,1,21:00,10,2,NE,0.7,0,true
2013-01-19,1,22:00,11,2,NE,0.6363636363636364,0,true
2013-01-19,1,23:00,12,2,NE,0.5833333333333334,0,true
2013-01-20,1,20:00,10,3,S,0.5,6,true
2013-01-20,1,21:00,11,3,S,0.45454545454545453,7,true
2013-01-20,1,22:00,12,3,S,0.4166666666666667,8,true
2013-01-20,1,23:00,13,3,S,0.38461538461538464,9,true
2013-01-21,1,20:00,9,6,N,0.4444444444444444,2,true
2013-01-21,1,21:00,11,7,N,0.36363636363636365,4,true
2013-01-21,1,22:00,12,7,N,0.3333333333333333,5,true
2013-01-21,1,23:00,13,7,N,0.3076923076923077,6,true
2013-01-22,1,20:00,9,2,NE,0.7777777777777778,0,true
2013-01-22,1,21:00,10,2,NE,0.7,0,true
2013-01-22,1,22:00,11,2,NE,0.6363636363636364,0,true
2013-01-22,1,23:00,12,2,NE,0.5833333333333334,0,true
2013-01-23,1,20:00,9,2,N,0.8888888888888888,0,true
2013-01-23,1,21:00,10,2,N,0.9,0,true
2013-01-23,1,22:00,11,2,N,0.9090909090909091,0,true
2013-01-23,1,23:00,12,2,N,0.9166666666666666,0,true
2013-01-24,1,20:00,9,2,N,0.8888888888888888,0,true
2013-01-24,1,21:00,10,2,N,0.9,0,true
2013-01-24,1,22:00,12,3,N,0.8333333333333334,1,true
2013-01-24,1,23:00,13,4,N,0.7692307692307693,2,true
2013-01-25,1,20:00,9,2,SE,0.8888888888888888,9,true
2013-01-25,1,21:00,10,2,SE,0.8,10,true
2013-01-25,1,22:00,11,2,SE,0.7272727272727273,11,true
2013-01-25,1,23:00,12,2,SE,0.6666666666666666,12,true
2013-01-26,1,20:00,9,3,NE,0.5555555555555556,0,true
2013-01-26,1,21:00,10,4,NE,0.5,0,true
2013-01-26,1,22:00,11,4,NE,0.45454545454545453,0,true
2013-01-26,1,23:00,12,5,NE,0.4166666666666667,1,true
2013-01-27,1,20:00,9,2,N,0.6666666666666666,0,true
2013-01-27,1,21:00,10,2,N,0.6,0,true
2013-01-27,1,22:00,11,2,N,0.6363636363636364,0,true
2013-01-27,1,23:00,12,2,N,0.6666666666666666,0,true
2013-01-28,1,20:00,9,3,NE,0.7777777777777778,0,true
2013-01-28,1,21:00,10,4,NE,0.7,1,true
2013-01-28,1,22:00,11,4,NE,0.6363636363636364,2,true
2013-01-28,1,23:00,12,4,NE,0.5833333333333334,3,true
2013-01-29,1,20:00,9,4,NE,0.6666666666666666,1,true
2013-01-29,1,21:00,10,4,NE,0.6,1,true
2013-01-29,1,22:00,11,4,NE,0.5454545454545454,2,true
2013-01-29,1,23:00,12,4,NE,0.5,3,true
2013-01-30,1,20:00,7,2,NE,0.5714285714285714,0,true
2013-01-30,1,21:00,8,2,NE,0.5,0,true
2013-01-30,1,22:00,9,2,N,0.4444444444444444,0,true
2013-01-30,1,23:00,10,2,N,0.5,0,true
2013-01-31,1,20:00,9,2,N,0.8888888888888888,0,true
2013-01-31,1,21:00,10,2,N,0.9,0,true
2013-01-31,1,22:00,11,2,N,0.9090909090909091,0,true
2013-01-31,1,23:00,12,2,N,0.9166666666666666,0,true
2013-02-01,2,20:00,9,2,N,0.7777777777777778,0,true
2013-02-01,2,21:00,10,2,N,0.8,0,true
2013-02-01,2,22:00,11,2,N,0.8181818181818182,0,true
2013-02-01,2,23:00,12,2,N,0.8333333333333334,0,true
2013-02-02,2,20:00,9,2,NE,0.7777777777777778,0,true
2013-02-02,2,21:00,10,2,NE,0.7,0,true
2013-02-02,2,22:00,11,2,NE,0.6363636363636364,0,true
2013-02-02,2,23:00,12,2,NE,0.5833333333333334,0,true
2013-02-03,2,20:00,9,2,N,0.8888888888888888,0,true
2013-02-03,2,21:00,10,2,N,0.9,0,true
2013-02-03,2,22:00,11,2,N,0.9090909090909091,0,true
2013-02-03,2,23:00,12,2,N,0.9166666666666666,0,true
2013-02-04,2,20:00,9,2,N,0.7777777777777778,0,true
2013-02-04,2,21:00,11,2,N,0.8181818181818182,0,true
2013-02-04,2,22:00,13,2,N,0.8461538461538461,0,true
2013-02-04,2,23:00,14,2,N,0.7857142857142857,0,true
2013-02-05,2,20:00,9,1,S,1.0,9,false
2013-02-05,2,21:00,10,1,S,1.0,10,false
2013-02-05,2,22:00,11,1,S,1.0,11,false
2013-02-05,2,23:00,12,1,S,1.0,12,false
2013-02-06,2,20:00,9,1,S,1.0,9,false
2013-02-06,2,21:00,10,1,S,1.0,10,false
2013-02-06,2,22:00,11,1,S,1.0,11,false
2013-02-06,2,23:00,12,1,S,1.0,12,false
2013-02-07,2,20:00,7,1,S,1.0,7,false
2013-02-07,2,21:00,7,1,S,1.0,7,false
2013-02-07,2,22:00,7,1,S,1.0,7,false
2013-02-07,2,23:00,7,1,S,1.0,7,false
2013-02-08,2,20:00,5,1,NE,1.0,0,false
2013-02-08,2,21:00,6,2,NE,0.8333333333333334,0,true
2013-02-08,2,22:00,7,2,NE,0.7142857142857143,0,true
2013-02-08,2,23:00,8,2,NE,0.625,0,true
2013-02-09,2,20:00,9,1,N,1.0,0,false
2013-02-09,2,21:00,10,1,N,1.0,0,false
2013-02-09,2,22:00,11,1,N,1.0,0,false
2013-02-09,2,23:00,12,1,N,1.0,0,false
2013-02-10,2,20:00,9,2,N,0.5555555555555556,0,true
2013-02-10,2,21:00,10,2,N,0.5,0,true
2013-02-10,2,22:00,11,2,N,0.5454545454545454,0,true
2013-02-10,2,23:00,12,2,N,0.5833333333333334,0,true
2013-02-11,2,20:00,9,1,N,1.0,0,false
2013-02-11,2,21:00,10,1,N,1.0,0,false
2013-02-11,2,22:00,11,1,N,1.0,0,false
2013-02-11,2,23:00,12,1,N,1.0,0,false
2013-02-12,2,20:00,10,4,N,0.4,3,true
2013-02-12,2,21:00,11,4,N,0.36363636363636365,4,true
2013-02-12,2,22:00,12,4,N,0.3333333333333333,5,true
2013-02-12,2,23:00,13,4,N,0.38461538461538464,5,true
2013-02-13,2,20:00,9,1,N,1.0,0,false
2013-02-13,2,21:00,10,2,N,0.9,0,true
2013-02-13,2,22:00,11,2,N,0.9090909090909091,0,true
2013-02-13,2,23:00,12,2,N,0.9166666666666666,0,true
2013-02-14,2,20:00,9,2,N,0.6666666666666666,0,true
2013-02-14,2,21:00,10,3,N,0.6,1,true
2013-02-14,2,22:00,11,4,N,0.5454545454545454,2,true
2013-02-14,2,23:00,12,4,N,0.5,3,true
2013-02-15,2,20:00,9,2,N,0.6666666666666666,0,true
2013-02-15,2,21:00,10,2,N,0.7,0,true
2013-02-15,2,22:00,11,3,N,0.6363636363636364,1,true
2013-02-15,2,23:00,12,4,N,0.5833333333333334,2,true
2013-02-16,2,20:00,9,3,NE,0.7777777777777778,0,true
2013-02-16,2,21:00,10,3,NE,0.7,0,true
2013-02-16,2,22:00,11,3,NE,0.6363636363636364,0,true
2013-02-16,2,23:00,12,3,NE,0.5833333333333334,0,true
2013-02-17,2,20:00,9,4,N,0.5555555555555556,1,true
2013-02-17,2,21:00,10,5,N,0.5,2,true
2013-02-17,2,22:00,11,5,N,0.45454545454545453,3,true
2013-02-17,2,23:00,12,5,N,0.4166666666666667,4,true
2013-02-18,2,20:00,9,2,S,0.7777777777777778,9,true
2013-02-18,2,21:00,10,2,S,0.7,10,true
2013-02-18,2,22:00,11,2,S,0.6363636363636364,11,true
2013-02-18,2,23:00,12,2,S,0.5833333333333334,12,true
2013-02-19,2,20:00,9,3,NE,0.5555555555555556,0,true
2013-02-19,2,21:00,10,3,NE,0.5,0,true
2013-02-19,2,22:00,11,3,N,0.45454545454545453,0,true
2013-02-19,2,23:00,12,4,N,0.4166666666666667,1,true
2013-02-20,2,20:00,9,2,N,0.8888888888888888,0,true
2013-02-20,2,21:00,10,2,N,0.9,0,true
2013-02-20,2,22:00,11,2,N,0.9090909090909091,0,true
2013-02-20,2,23:00,12,2,N,0.9166666666666666,0,true
2013-02-21,2,20:00,9,2,N,0.7777777777777778,0,true
2013-02-21,2,21:00,10,2,N,0.7,0,true
2013-02-21,2,22:00,11,2,N,0.7272727272727273,0,true
2013-02-21,2,23:00,12,2,N,0.75,0,true
2013-02-22,2,20:00,9,1,S,1.0,9,false
2013-02-22,2,21:00,10,1,S,1.0,10,false
2013-02-22,2,22:00,11,1,S,1.0,11,false
2013-02-22,2,23:00,12,2,S,0.9166666666666666,12,true
2013-02-23,2,20:00,9,1,S,1.0,9,false
2013-02-23,2,21:00,10,1,S,1.0,10,false
2013-02-23,2,22:00,11,1,S,1.0,11,false
2013-02-23,2,23:00,12,1,S,1.0,12,false
2013-02-24,2,20:00,9,1,S,1.0,9,false
2013-02-24,2,21:00,10,1,S,1.0,10,false
2013-02-24,2,22:00,11,1,S,1.0,11,false
2013-02-24,2,23:00,12,1,S,1.0,12,false
2013-02-25,2,20:00,9,2,S,0.8888888888888888,9,true
2013-02-25,2,21:00,10,2,S,0.9,10,true
2013-02-25,2,22:00,11,2,S,0.9090909090909091,11,true
2013-02-25,2,23:00,12,2,S,0.9166666666666666,12,true
2013-02-26,2,20:00,9,4,N,0.5555555555555556,0,true
2013-02-26,2,21:00,10,4,N,0.6,0,true
2013-02-26,2,22:00,11,4,N,0.6363636363636364,0,true
2013-02-26,2,23:00,12,4,N,0.6666666666666666,0,true
2013-02-27,2,20:00,9,2,N,0.6666666666666666,0,true
2013-02-27,2,21:00,10,2,N,0.6,0,true
2013-02-27,2,22:00,11,2,N,0.5454545454545454,0,true
2013-02-27,2,23:00,12,2,N,0.5,0,true
2013-02-28,2,20:00,9,2,NE,0.6666666666666666,0,true
2013-02-28,2,21:00,10,2,NE,0.6,0,true
2013-02-28,2,22:00,11,2,NE,0.5454545454545454,0,true
2013-02-28,2,23:00,12,2,N,0.5,0,true
2013-03-01,3,20:00,9,2,NE,0.7777777777777778,0,true
2013-03-01,3,21:00,10,2,NE,0.8,0,true
2013-03-01,3,22:00,10,2,NE,0.8,0,true
2013-03-01,3,23:00,11,3,NE,0.7272727272727273,0,true
2013-03-02,3,20:00,9,1,S,1.0,9,false
2013-03-02,3,21:00,10,1,S,1.0,10,false
2013-03-02,3,22:00,11,2,S,0.9090909090909091,11,true
2013-03-02,3,23:00,12,2,S,0.8333333333333334,12,true
2013-03-03,3,20:00,9,4,N,0.5555555555555556,2,true
2013-03-03,3,21:00,10,4,N,0.5,3,true
2013-03-03,3,22:00,11,4,N,0.45454545454545453,4,true
2013-03-03,3,23:00,12,5,N,0.4166666666666667,5,true
2013-03-04,3,20:00,9,3,N,0.7777777777777778,1,true
2013-03-04,3,21:00,10,3,N,0.8,1,true
2013-03-04,3,22:00,11,3,N,0.8181818181818182,1,true
2013-03-04,3,23:00,13,4,N,0.7692307692307693,1,true
2013-03-05,3,20:00,9,2,S,0.6666666666666666,9,true
2013-03-05,3,21:00,10,2,S,0.7,10,true
2013-03-05,3,22:00,11,2,S,0.7272727272727273,11,true
2013-03-05,3,23:00,12,2,S,0.75,12,true
2013-03-06,3,20:00,9,2,N,0.6666666666666666,0,true
2013-03-06,3,21:00,10,2,N,0.7,0,true
2013-03-06,3,22:00,11,2,N,0.7272727272727273,0,true
2013-03-06,3,23:00,12,2,N,0.75,0,true
2013-03-07,3,20:00,9,1,S,0.8888888888888888,8,false
2013-03-07,3,21:00,10,2,S,0.8,9,true
2013-03-07,3,22:00,11,2,S,0.8181818181818182,10,true
2013-03-07,3,23:00,12,2,S,0.8333333333333334,11,true
2013-03-08,3,20:00,9,2,N,0.5555555555555556,0,true
2013-03-08,3,21:00,10,2,N,0.6,0,true
2013-03-08,3,22:00,11,2,N,0.6363636363636364,0,true
2013-03-08,3,23:00,12,2,N,0.6666666666666666,0,true
2013-03-09,3,20:00,9,2,S,0.7777777777777778,9,true
2013-03-09,3,21:00,10,2,S,0.8,10,true
2013-03-09,3,22:00,11,2,S,0.8181818181818182,11,true
2013-03-09,3,23:00,12,2,S,0.8333333333333334,12,true
2013-03-10,3,20:00,9,3,N,0.7777777777777778,0,true
2013-03-10,3,21:00,10,3,N,0.8,0,true
2013-03-10,3,22:00,11,3,N,0.8181818181818182,0,true
2013-03-10,3,23:00,12,4,N,0.75,1,true
2013-03-11,3,20:00,9,4,N,0.4444444444444444,2,true
2013-03-11,3,21:00,10,5,N,0.4,3,true
2013-03-11,3,22:00,11,5,N,0.36363636363636365,4,true
2013-03-11,3,23:00,12,5,N,0.3333333333333333,5,true
2013-03-12,3,20:00,9,2,S,0.7777777777777778,9,true
2013-03-12,3,21:00,10,2,S,0.8,10,true
2013-03-12,3,22:00,11,2,S,0.7272727272727273,11,true
2013-03-12,3,23:00,12,2,S,0.75,12,true
2013-03-13,3,20:00,9,2,NE,0.5555555555555556,0,true
2013-03-13,3,21:00,10,2,N,0.5,0,true
2013-03-13,3,22:00,11,2,N,0.5454545454545454,0,true
2013-03-13,3,23:00,12,3,N,0.5,1,true
2013-03-14,3,20:00,9,2,NE,0.6666666666666666,0,true
2013-03-14,3,21:00,10,2,NE,0.6,0,true
2013-03-14,3,22:00,11,2,NE,0.5454545454545454,0,true
2013-03-14,3,23:00,12,2,N,0.5,0,true
2013-03-15,3,20:00,9,1,N,1.0,0,false
2013-03-15,3,21:00,10,1,N,1.0,0,false
2013-03-15,3,22:00,11,1,N,1.0,0,false
2013-03-15,3,23:00,12,1,N,1.0,0,false
2013-03-16,3,20:00,9,2,N,0.7777777777777778,0,true
2013-03-16,3,21:00,10,2,N,0.8,0,true
2013-03-16,3,22:00,11,2,N,0.8181818181818182,0,true
2013-03-16,3,23:00,12,2,N,0.8333333333333334,0,true
2013-03-17,3,20:00,9,2,N,0.7777777777777778,0,true
2013-03-17,3,21:00,10,2,N,0.8,0,true
2013-03-17,3,22:00,11,2,N,0.8181818181818182,0,true
2013-03-17,3,23:00,12,2,N,0.8333333333333334,0,true
2013-03-18,3,20:00,12,4,S,0.5,7,true
2013-03-18,3,21:00,13,4,S,0.46153846153846156,8,true
2013-03-18,3,22:00,14,4,S,0.42857142857142855,9,true
2013-03-18,3,23:00,16,4,S,0.5,11,true
2013-03-19,3,20:00,9,2,SE,0.6666666666666666,9,true
2013-03-19,3,21:00,10,2,SE,0.6,10,true
2013-03-19,3,22:00,11,2,SE,0.5454545454545454,11,true
2013-03-19,3,23:00,12,2,S,0.5,12,true
2013-03-20,3,20:00,9,1,S,1.0,9,false
2013-03-20,3,21:00,10,1,S,1.0,10,false
2013-03-20,3,22:00,11,1,S,1.0,11,false
2013-03-20,3,23:00,12,1,S,1.0,12,false
2013-03-21,3,20:00,9,3,N,0.4444444444444444,0,true
2013-03-21,3,21:00,10,3,NE,0.5,0,true
2013-03-21,3,22:00,11,3,N,0.45454545454545453,0,true
2013-03-21,3,23:00,12,4,N,0.4166666666666667,1,true
2013-03-22,3,20:00,9,3,NE,0.7777777777777778,0,true
2013-03-22,3,21:00,10,3,NE,0.7,0,true
2013-03-22,3,22:00,11,3,NE,0.6363636363636364,0,true
2013-03-22,3,23:00,12,3,NE,0.5833333333333334,0,true
2013-03-23,3,20:00,9,2,N,0.6666666666666666,0,true
2013-03-23,3,21:00,10,2,N,0.6,0,true
2013-03-23,3,22:00,11,2,N,0.6363636363636364,0,true
2013-03-23,3,23:00,12,2,N,0.6666666666666666,0,true
2013-03-24,3,20:00,9,2,N,0.8888888888888888,0,true
2013-03-24,3,21:00,10,2,N,0.9,0,true
2013-03-24,3,22:00,11,2,N,0.9090909090909091,0,true
2013-03-24,3,23:00,12,2,N,0.9166666666666666,0,true
2013-03-25,3,20:00,9,1,N,1.0,0,false
2013-03-25,3,21:00,10,1,N,1.0,0,false
2013-03-25,3,22:00,11,1,N,1.0,0,false
2013-03-25,3,23:00,12,1,N,1.0,0,false
2013-03-26,3,20:00,9,2,N,0.8888888888888888,0,true
2013-03-26,3,21:00,10,3,N,0.8,1,true
2013-03-26,3,22:00,11,3,N,0.7272727272727273,2,true
2013-03-26,3,23:00,12,4,N,0.6666666666666666,3,true
2013-03-27,3,20:00,9,2,N,0.8888888888888888,0,true
2013-03-27,3,21:00,10,2,N,0.9,0,true
2013-03-27,3,22:00,11,2,N,0.9090909090909091,0,true
2013-03-27,3,23:00,12,2,N,0.9166666666666666,0,true
2013-03-28,3,20:00,9,2,NE,0.6666666666666666,0,true
2013-03-28,3,21:00,10,2,NE,0.6,0,true
2013-03-28,3,22:00,11,2,NE,0.6363636363636364,0,true
2013-03-28,3,23:00,12,2,NE,0.5833333333333334,0,true
2013-03-29,3,20:00,9,2,N,0.8888888888888888,0,true
2013-03-29,3,21:00,10,2,N,0.9,0,true
2013-03-29,3,22:00,11,2,N,0.9090909090909091,0,true
2013-03-29,3,23:00,12,2,N,0.9166666666666666,0,true
2013-03-30,3,20:00,9,2,N,0.8888888888888888,0,true
2013-03-30,3,21:00,10,2,N,0.9,0,true
2013-03-30,3,22:00,11,2,N,0.9090909090909091,0,true
2013-03-30,3,23:00,12,2,N,0.9166666666666666,0,true
2013-03-31,3,20:00,9,2,N,0.6666666666666666,0,true
2013-03-31,3,21:00,10,2,N,0.7,0,true
2013-03-31,3,22:00,12,2,N,0.75,0,true
2013-03-31,3,23:00,13,2,N,0.7692307692307693,0,true
2013-04-01,4,20:00,9,1,N,1.0,0,false
2013-04-01,4,21:00,10,1,N,1.0,0,false
2013-04-01,4,22:00,11,1,N,1.0,0,false
2013-04-01,4,23:00,12,1,N,1.0,0,false
2013-04-02,4,20:00,9,2,NE,0.5555555555555556,0,true
2013-04-02,4,21:00,10,2,NE,0.6,0,true
2013-04-02,4,22:00,11,2,NE,0.5454545454545454,0,true
2013-04-02,4,23:00,12,2,N,0.5,0,true
2013-04-03,4,20:00,9,1,N,1.0,0,false
2013-04-03,4,21:00,10,1,N,1.0,0,false
2013-04-03,4,22:00,11,1,N,1.0,0,false
2013-04-03,4,23:00,12,1,N,1.0,0,false
2013-04-04,4,20:00,9,2,S,0.8888888888888888,9,true
2013-04-04,4,21:00,10,2,S,0.9,10,true
2013-04-04,4,22:00,11,2,S,0.9090909090909091,11,true
2013-04-04,4,23:00,12,3,S,0.8333333333333334,12,true
2013-04-05,4,20:00,9,4,SE,0.4444444444444444,4,true
2013-04-05,4,21:00,10,4,SE,0.4,4,true
2013-04-05,4,22:00,11,4,NE,0.36363636363636365,4,true
2013-04-05,4,23:00,12,5,NE,0.3333333333333333,4,true
2013-04-06,4,20:00,9,3,SE,0.6666666666666666,8,true
2013-04-06,4,21:00,10,3,SE,0.6,9,true
2013-04-06,4,22:00,11,3,SE,0.5454545454545454,10,true
2013-04-06,4,23:00,12,3,SE,0.5,11,true
2013-04-07,4,20:00,11,2,S,0.9090909090909091,11,true
2013-04-07,4,21:00,12,2,S,0.9166666666666666,12,true
2013-04-07,4,22:00,13,2,S,0.9230769230769231,13,true
2013-04-07,4,23:00,14,2,S,0.9285714285714286,14,true
2013-04-08,4,20:00,8,3,NE,0.625,2,true
2013-04-08,4,21:00,9,3,NE,0.5555555555555556,2,true
2013-04-08,4,22:00,10,3,NE,0.6,2,true
2013-04-08,4,23:00,11,3,NE,0.6363636363636364,2,true
2013-04-09,4,20:00,8,2,N,0.875,0,true
2013-04-09,4,21:00,9,2,N,0.8888888888888888,0,true
2013-04-09,4,22:00,10,2,N,0.9,0,true
2013-04-09,4,23:00,11,3,N,0.8181818181818182,1,true
2013-04-10,4,20:00,8,2,S,0.875,8,true
2013-04-10,4,21:00,9,2,S,0.8888888888888888,9,true
2013-04-10,4,22:00,10,2,S,0.8,10,true
2013-04-10,4,23:00,11,2,S,0.7272727272727273,11,true
2013-04-11,4,20:00,8,2,NE,0.625,0,true
2013-04-11,4,21:00,9,2,NE,0.5555555555555556,0,true
2013-04-11,4,22:00,10,2,N,0.5,0,true
2013-04-11,4,23:00,11,2,N,0.5454545454545454,0,true
2013-04-12,4,20:00,8,1,N,1.0,0,false
2013-04-12,4,21:00,9,1,N,1.0,0,false
2013-04-12,4,22:00,10,1,N,1.0,0,false
2013-04-12,4,23:00,11,1,N,1.0,0,false
2013-04-13,4,20:00,10,2,N,0.5,0,true
2013-04-13,4,21:00,11,2,NE,0.5454545454545454,0,true
2013-04-13,4,22:00,12,2,N,0.5,0,true
2013-04-13,4,23:00,13,2,N,0.5384615384615384,0,true
2013-04-14,4,20:00,8,1,N,1.0,0,false
2013-04-14,4,21:00,9,1,N,1.0,0,false
2013-04-14,4,22:00,10,1,N,1.0,0,false
2013-04-14,4,23:00,11,1,N,1.0,0,false
2013-04-15,4,20:00,8,2,NE,0.875,0,true
2013-04-15,4,21:00,9,2,NE,0.8888888888888888,0,true
2013-04-15,4,22:00,10,2,NE,0.8,0,true
2013-04-15,4,23:00,11,2,NE,0.7272727272727273,0,true
2013-04-16,4,20:00,8,2,NE,0.625,0,true
2013-04-16,4,21:00,9,2,NE,0.5555555555555556,0,true
2013-04-16,4,22:00,10,2,NE,0.6,0,true
2013-04-16,4,23:00,11,2,NE,0.5454545454545454,0,true
2013-04-17,4,20:00,9,1,S,1.0,9,false
2013-04-17,4,21:00,10,1,S,1.0,10,false
2013-04-17,4,22:00,11,1,S,1.0,11,false
2013-04-17,4,23:00,12,1,S,1.0,12,false
2013-04-18,4,20:00,9,1,S,1.0,9,false
2013-04-18,4,21:00,11,1,S,1.0,11,false
2013-04-18,4,22:00,12,1,S,1.0,12,false
2013-04-18,4,23:00,13,1,S,1.0,13,false
2013-04-19,4,20:00,8,2,S,0.75,8,true
2013-04-19,4,21:00,9,2,S,0.6666666666666666,9,true
2013-04-19,4,22:00,10,2,S,0.6,10,true
2013-04-19,4,23:00,11,2,S,0.6363636363636364,11,true
2013-04-20,4,20:00,8,3,SE,0.5,7,true
2013-04-20,4,21:00,9,3,SE,0.4444444444444444,7,true
2013-04-20,4,22:00,10,3,SE,0.4,7,true
2013-04-20,4,23:00,11,3,SE,0.45454545454545453,8,true
2013-04-21,4,20:00,8,3,N,0.75,0,true
2013-04-21,4,21:00,10,3,N,0.7,0,true
2013-04-21,4,22:00,11,3,N,0.7272727272727273,0,true
2013-04-21,4,23:00,12,3,N,0.75,0,true
2013-04-22,4,20:00,8,2,N,0.875,0,true
2013-04-22,4,21:00,9,2,N,0.8888888888888888,0,true
2013-04-22,4,22:00,10,2,N,0.9,0,true
2013-04-22,4,23:00,11,2,N,0.9090909090909091,0,true
2013-04-23,4,20:00,8,2,N,0.875,0,true
2013-04-23,4,21:00,9,2,N,0.7777777777777778,0,true
2013-04-23,4,22:00,10,2,N,0.8,0,true
2013-04-23,4,23:00,11,2,N,0.8181818181818182,0,true
2013-04-24,4,20:00,8,2,N,0.75,0,true
2013-04-24,4,21:00,9,2,N,0.6666666666666666,0,true
2013-04-24,4,22:00,10,2,N,0.7,0,true
2013-04-24,4,23:00,11,2,N,0.6363636363636364,0,true
2013-04-25,4,20:00,9,2,N,0.6666666666666666,0,true
2013-04-25,4,21:00,10,2,N,0.7,0,true
2013-04-25,4,22:00,11,2,N,0.6363636363636364,0,true
2013-04-25,4,23:00,12,2,N,0.5833333333333334,0,true
2013-04-26,4,20:00,8,1,N,1.0,0,false
2013-04-26,4,21:00,9,2,N,0.8888888888888888,0,true
2013-04-26,4,22:00,10,2,N,0.8,0,true
2013-04-26,4,23:00,11,2,N,0.7272727272727273,0,true
2013-04-27,4,20:00,8,2,N,0.875,0,true
2013-04-27,4,21:00,9,2,N,0.8888888888888888,0,true
2013-04-27,4,22:00,10,2,N,0.9,0,true
2013-04-27,4,23:00,11,2,N,0.9090909090909091,0,true
2013-04-28,4,20:00,8,2,NE,0.625,0,true
2013-04-28,4,21:00,9,2,NE,0.5555555555555556,0,true
2013-04-28,4,22:00,10,2,N,0.5,0,true
2013-04-28,4,23:00,11,2,N,0.5454545454545454,0,true
2013-04-29,4,20:00,8,1,N,1.0,0,false
2013-04-29,4,21:00,9,1,N,1.0,0,false
2013-04-29,4,22:00,10,1,N,1.0,0,false
2013-04-29,4,23:00,11,1,N,1.0,0,false
2013-04-30,4,20:00,8,2,N,0.875,0,true
2013-04-30,4,21:00,9,2,N,0.8888888888888888,0,true
2013-04-30,4,22:00,10,2,N,0.9,0,true
2013-04-30,4,23:00,11,2,N,0.8181818181818182,0,true
2013-05-01,5,20:00,8,2,SE,0.625,8,true
2013-05-01,5,21:00,9,2,SE,0.6666666666666666,9,true
2013-05-01,5,22:00,10,3,SE,0.6,9,true
2013-05-01,5,23:00,11,3,SE,0.5454545454545454,10,true
2013-05-02,5,20:00,8,2,N,0.625,0,true
2013-05-02,5,21:00,9,2,N,0.5555555555555556,0,true
2013-05-02,5,22:00,10,2,N,0.6,0,true
2013-05-02,5,23:00,11,2,N,0.6363636363636364,0,true
2013-05-03,5,20:00,9,3,S,0.7777777777777778,7,true
2013-05-03,5,21:00,10,3,S,0.8,8,true
2013-05-03,5,22:00,11,3,S,0.8181818181818182,9,true
2013-05-03,5,23:00,12,3,S,0.8333333333333334,10,true
2013-05-04,5,20:00,8,3,E,0.375,0,true
2013-05-04,5,21:00,9,3,E,0.3333333333333333,0,true
2013-05-04,5,22:00,10,3,NE,0.4,0,true
2013-05-04,5,23:00,11,3,N,0.36363636363636365,0,true
2013-05-05,5,20:00,8,2,N,0.875,0,true
2013-05-05,5,21:00,9,2,N,0.8888888888888888,0,true
2013-05-05,5,22:00,10,2,N,0.9,0,true
2013-05-05,5,23:00,10,2,N,0.9,0,true
2013-05-06,5,20:00,10,6,E,0.3,2,true
2013-05-06,5,21:00,12,6,E,0.25,4,true
2013-05-06,5,22:00,15,6,S,0.4,7,true
2013-05-06,5,23:00,16,7,S,0.375,8,true
2013-05-07,5,20:00,8,1,S,1.0,8,false
2013-05-07,5,21:00,9,1,S,1.0,9,false
2013-05-07,5,22:00,10,1,S,1.0,10,false
2013-05-07,5,23:00,11,2,S,0.9090909090909091,11,true
2013-05-08,5,20:00,8,3,NE,0.75,0,true
2013-05-08,5,21:00,9,3,NE,0.7777777777777778,0,true
2013-05-08,5,22:00,10,3,NE,0.7,0,true
2013-05-08,5,23:00,11,3,NE,0.6363636363636364,0,true
2013-05-09,5,20:00,8,2,N,0.625,0,true
2013-05-09,5,21:00,9,2,N,0.6666666666666666,0,true
2013-05-09,5,22:00,10,2,N,0.7,0,true
2013-05-09,5,23:00,11,2,N,0.7272727272727273,0,true
2013-05-10,5,20:00,9,3,N,0.4444444444444444,2,true
2013-05-10,5,21:00,11,4,N,0.36363636363636365,4,true
2013-05-10,5,22:00,12,4,N,0.3333333333333333,5,true
2013-05-10,5,23:00,13,4,N,0.3076923076923077,6,true
2013-05-11,5,20:00,8,1,S,1.0,8,false
2013-05-11,5,21:00,9,1,S,1.0,9,false
2013-05-11,5,22:00,10,1,S,1.0,10,false
2013-05-11,5,23:00,11,1,S,1.0,11,false
2013-05-12,5,20:00,8,5,NE,0.375,2,true
2013-05-12,5,21:00,9,5,NE,0.4444444444444444,2,true
2013-05-12,5,22:00,10,5,NE,0.5,2,true
2013-05-12,5,23:00,11,5,NE,0.5454545454545454,2,true
2013-05-13,5,20:00,8,2,N,0.75,0,true
2013-05-13,5,21:00,9,2,N,0.7777777777777778,0,true
2013-05-13,5,22:00,10,2,N,0.7,0,true
2013-05-13,5,23:00,11,2,N,0.7272727272727273,0,true
2013-05-14,5,20:00,8,2,N,0.875,0,true
2013-05-14,5,21:00,9,2,N,0.8888888888888888,0,true
2013-05-14,5,22:00,10,2,N,0.9,0,true
2013-05-14,5,23:00,11,2,N,0.9090909090909091,0,true
2013-05-15,5,20:00,8,2,NE,0.625,0,true
2013-05-15,5,21:00,9,2,NE,0.5555555555555556,0,true
2013-05-15,5,22:00,10,2,N,0.5,0,true
2013-05-15,5,23:00,11,2,N,0.5454545454545454,0,true
2013-05-16,5,20:00,8,2,NE,0.75,0,true
2013-05-16,5,21:00,9,2,NE,0.7777777777777778,0,true
2013-05-16,5,22:00,10,2,NE,0.8,0,true
2013-05-16,5,23:00,11,2,NE,0.7272727272727273,0,true
2013-05-17,5,20:00,8,2,N,0.625,0,true
2013-05-17,5,21:00,9,2,N,0.5555555555555556,0,true
2013-05-17,5,22:00,10,2,N,0.6,0,true
2013-05-17,5,23:00,11,2,N,0.6363636363636364,0,true
2013-05-18,5,20:00,9,3,N,0.4444444444444444,4,true
2013-05-18,5,21:00,10,3,S,0.5,5,true
2013-05-18,5,22:00,12,3,S,0.5833333333333334,7,true
2013-05-18,5,23:00,13,3,S,0.6153846153846154,8,true
2013-05-19,5,20:00,13,3,N,0.6153846153846154,0,true
2013-05-19,5,21:00,14,3,N,0.6428571428571429,0,true
2013-05-19,5,22:00,15,3,N,0.6666666666666666,0,true
2013-05-19,5,23:00,16,4,N,0.625,1,true
2013-05-20,5,20:00,8,5,NE,0.375,3,true
2013-05-20,5,21:00,9,5,NE,0.4444444444444444,3,true
2013-05-20,5,22:00,10,5,NE,0.4,3,true
2013-05-20,5,23:00,11,5,NE,0.36363636363636365,3,true
2013-05-21,5,20:00,8,4,N,0.5,0,true
2013-05-21,5,21:00,9,5,N,0.4444444444444444,0,true
2013-05-21,5,22:00,10,5,N,0.4,0,true
2013-05-21,5,23:00,11,5,N,0.45454545454545453,0,true
2013-05-22,5,20:00,5,2,N,0.8,0,true
2013-05-22,5,21:00,6,2,N,0.8333333333333334,0,true
2013-05-22,5,22:00,7,2,N,0.8571428571428571,0,true
2013-05-22,5,23:00,8,2,N,0.75,0,true
2013-05-23,5,20:00,10,5,S,0.4,8,true
2013-05-23,5,21:00,11,5,S,0.45454545454545453,9,true
2013-05-23,5,22:00,12,5,S,0.5,10,true
2013-05-23,5,23:00,13,5,S,0.5384615384615384,11,true
2013-05-24,5,20:00,8,1,S,1.0,8,false
2013-05-24,5,21:00,9,1,S,1.0,9,false
2013-05-24,5,22:00,10,1,S,1.0,10,false
2013-05-24,5,23:00,11,1,S,1.0,11,false
2013-05-25,5,20:00,8,2,N,0.625,0,true
2013-05-25,5,21:00,9,2,N,0.6666666666666666,0,true
2013-05-25,5,22:00,10,2,N,0.7,0,true
2013-05-25,5,23:00,11,2,N,0.7272727272727273,0,true
2013-05-26,5,20:00,8,2,N,0.875,0,true
2013-05-26,5,21:00,9,2,N,0.8888888888888888,0,true
2013-05-26,5,22:00,10,2,N,0.9,0,true
2013-05-26,5,23:00,11,2,N,0.9090909090909091,0,true
2013-05-27,5,20:00,8,3,N,0.5,0,true
2013-05-27,5,21:00,9,3,N,0.4444444444444444,0,true
2013-05-27,5,22:00,10,3,N,0.4,0,true
2013-05-27,5,23:00,11,3,NW,0.45454545454545453,0,true
2013-05-28,5,20:00,10,3,S,0.8,10,true
2013-05-28,5,21:00,11,3,S,0.8181818181818182,11,true
2013-05-28,5,22:00,12,3,S,0.8333333333333334,12,true
2013-05-28,5,23:00,13,3,S,0.8461538461538461,13,true
2013-05-29,5,20:00,9,2,SW,0.5555555555555556,9,true
2013-05-29,5,21:00,10,2,S,0.5,10,true
2013-05-29,5,22:00,11,2,SW,0.5454545454545454,11,true
2013-05-29,5,23:00,12,2,SW,0.5833333333333334,12,true
2013-05-30,5,20:00,6,2,N,0.5,0,true
2013-05-30,5,21:00,7,2,NE,0.5714285714285714,0,true
2013-05-30,5,22:00,8,2,N,0.5,0,true
2013-05-30,5,23:00,9,2,N,0.5555555555555556,0,true
2013-05-31,5,20:00,8,2,NE,0.625,0,true
2013-05-31,5,21:00,9,2,NE,0.6666666666666666,0,true
2013-05-31,5,22:00,10,2,NE,0.7,0,true
2013-05-31,5,23:00,11,2,NE,0.6363636363636364,0,true
2013-06-01,6,20:00,8,2,NE,0.875,0,true
2013-06-01,6,21:00,9,2,NE,0.7777777777777778,0,true
2013-06-01,6,22:00,10,2,NE,0.7,0,true
2013-06-01,6,23:00,11,2,NE,0.6363636363636364,0,true
2013-06-02,6,20:00,8,1,N,1.0,0,false
2013-06-02,6,21:00,9,1,N,1.0,0,false
2013-06-02,6,22:00,10,1,N,1.0,0,false
2013-06-02,6,23:00,11,1,N,1.0,0,false
2013-06-03,6,20:00,8,1,N,1.0,0,false
2013-06-03,6,21:00,9,1,N,1.0,0,false
2013-06-03,6,22:00,10,1,N,1.0,0,false
2013-06-03,6,23:00,11,1,N,1.0,0,false
2013-06-04,6,20:00,12,3,NE,0.5833333333333334,0,true
2013-06-04,6,21:00,13,3,NE,0.5384615384615384,0,true
2013-06-04,6,22:00,14,3,NE,0.5,0,true
2013-06-04,6,23:00,15,3,N,0.4666666666666667,0,true
2013-06-05,6,20:00,8,1,S,1.0,8,false
2013-06-05,6,21:00,9,1,S,1.0,9,false
2013-06-05,6,22:00,10,1,S,1.0,10,false
2013-06-05,6,23:00,11,1,S,1.0,11,false
2013-06-06,6,20:00,6,2,S,0.6666666666666666,6,true
2013-06-06,6,21:00,7,2,S,0.7142857142857143,7,true
2013-06-06,6,22:00,8,2,S,0.75,8,true
2013-06-06,6,23:00,9,2,S,0.6666666666666666,9,true
2013-06-07,6,20:00,8,3,NE,0.75,1,true
2013-06-07,6,21:00,9,3,NE,0.7777777777777778,1,true
2013-06-07,6,22:00,10,3,NE,0.8,1,true
2013-06-07,6,23:00,11,3,NE,0.7272727272727273,1,true
2013-06-08,6,20:00,8,3,N,0.5,0,true
2013-06-08,6,21:00,9,3,N,0.4444444444444444,0,true
2013-06-08,6,22:00,10,3,N,0.5,0,true
2013-06-08,6,23:00,11,3,N,0.5454545454545454,0,true
2013-06-09,6,20:00,8,2,NE,0.625,0,true
2013-06-09,6,21:00,9,2,NE,0.5555555555555556,0,true
2013-06-09,6,22:00,10,2,N,0.5,0,true
2013-06-09,6,23:00,11,3,N,0.45454545454545453,0,true
2013-06-10,6,20:00,8,3,S,0.5,8,true
2013-06-10,6,21:00,9,3,S,0.5555555555555556,9,true
2013-06-10,6,22:00,10,3,S,0.6,10,true
2013-06-10,6,23:00,11,3,S,0.6363636363636364,11,true
2013-06-11,6,20:00,8,2,S,0.5,8,true
2013-06-11,6,21:00,9,2,S,0.5555555555555556,9,true
2013-06-11,6,22:00,10,2,S,0.6,10,true
2013-06-11,6,23:00,11,2,S,0.6363636363636364,11,true
2013-06-12,6,20:00,7,1,S,1.0,7,false
2013-06-12,6,21:00,8,1,S,1.0,8,false
2013-06-12,6,22:00,9,1,S,1.0,9,false
2013-06-12,6,23:00,10,1,S,1.0,10,false
2013-06-13,6,20:00,8,3,N,0.5,0,true
2013-06-13,6,21:00,9,3,N,0.5555555555555556,0,true
2013-06-13,6,22:00,10,3,N,0.5,0,true
2013-06-13,6,23:00,11,3,N,0.45454545454545453,0,true
2013-06-14,6,20:00,8,1,S,1.0,8,false
2013-06-14,6,21:00,9,1,S,1.0,9,false
2013-06-14,6,22:00,10,1,S,1.0,10,false
2013-06-14,6,23:00,11,1,S,1.0,11,false
2013-06-15,6,20:00,8,1,NE,1.0,0,false
2013-06-15,6,21:00,9,2,NE,0.8888888888888888,0,true
2013-06-15,6,22:00,10,2,NE,0.9,0,true
2013-06-15,6,23:00,11,2,NE,0.9090909090909091,0,true
2013-06-16,6,20:00,8,3,N,0.75,0,true
2013-06-16,6,21:00,9,3,N,0.7777777777777778,0,true
2013-06-16,6,22:00,10,3,N,0.7,0,true
2013-06-16,6,23:00,11,4,N,0.6363636363636364,0,true
2013-06-17,6,20:00,9,3,N,0.6666666666666666,0,true
2013-06-17,6,21:00,10,3,N,0.7,0,true
2013-06-17,6,22:00,11,3,N,0.7272727272727273,0,true
2013-06-17,6,23:00,12,3,N,0.75,0,true
2013-06-18,6,20:00,7,3,N,0.42857142857142855,0,true
2013-06-18,6,21:00,10,5,N,0.3,2,true
2013-06-18,6,22:00,11,5,N,0.36363636363636365,2,true
2013-06-18,6,23:00,12,5,N,0.3333333333333333,2,true
2013-06-19,6,20:00,9,3,N,0.5555555555555556,0,true
2013-06-19,6,21:00,10,4,N,0.5,1,true
2013-06-19,6,22:00,11,5,N,0.45454545454545453,2,true
2013-06-19,6,23:00,12,5,N,0.4166666666666667,3,true
2013-06-20,6,20:00,8,2,S,0.75,8,true
2013-06-20,6,21:00,9,2,S,0.6666666666666666,9,true
2013-06-20,6,22:00,10,2,S,0.6,10,true
2013-06-20,6,23:00,11,2,S,0.5454545454545454,11,true
2013-06-21,6,20:00,8,2,S,0.75,8,true
2013-06-21,6,21:00,9,2,S,0.6666666666666666,9,true
2013-06-21,6,22:00,10,2,S,0.7,10,true
2013-06-21,6,23:00,11,2,S,0.7272727272727273,11,true
2013-06-22,6,20:00,7,2,SW,0.7142857142857143,7,true
2013-06-22,6,21:00,8,2,SW,0.75,8,true
2013-06-22,6,22:00,9,2,SW,0.7777777777777778,9,true
2013-06-22,6,23:00,10,2,SW,0.8,10,true
2013-06-23,6,20:00,6,1,S,1.0,6,false
2013-06-23,6,21:00,7,1,S,1.0,7,false
2013-06-23,6,22:00,8,1,S,1.0,8,false
2013-06-23,6,23:00,9,1,S,1.0,9,false
2013-06-24,6,20:00,8,1,N,1.0,0,false
2013-06-24,6,21:00,9,1,N,1.0,0,false
2013-06-24,6,22:00,10,1,N,1.0,0,false
2013-06-24,6,23:00,11,1,N,1.0,0,false
2013-06-25,6,20:00,8,2,NE,0.75,0,true
2013-06-25,6,21:00,9,2,NE,0.7777777777777778,0,true
2013-06-25,6,22:00,10,2,NE,0.7,0,true
2013-06-25,6,23:00,11,2,NE,0.6363636363636364,0,true
2013-06-26,6,20:00,8,2,NE,0.75,0,true
2013-06-26,6,21:00,9,2,NE,0.7777777777777778,0,true
2013-06-26,6,22:00,10,2,NE,0.7,0,true
2013-06-26,6,23:00,11,2,NE,0.6363636363636364,0,true
2013-06-27,6,20:00,9,4,SE,0.5555555555555556,7,true
2013-06-27,6,21:00,10,4,SE,0.5,8,true
2013-06-27,6,22:00,11,4,SE,0.45454545454545453,9,true
2013-06-27,6,23:00,12,4,S,0.4166666666666667,10,true
2013-06-28,6,20:00,9,1,S,1.0,9,false
2013-06-28,6,21:00,10,1,S,1.0,10,false
2013-06-28,6,22:00,11,1,S,1.0,11,false
2013-06-28,6,23:00,12,1,S,1.0,12,false
2013-06-29,6,20:00,8,3,NE,0.625,0,true
2013-06-29,6,21:00,9,3,NE,0.6666666666666666,0,true
2013-06-29,6,22:00,10,3,NE,0.7,0,true
2013-06-29,6,23:00,11,3,NE,0.6363636363636364,0,true
2013-06-30,6,20:00,8,2,N,0.875,0,true
2013-06-30,6,21:00,9,2,N,0.7777777777777778,0,true
2013-06-30,6,22:00,10,2,N,0.8,0,true
2013-06-30,6,23:00,11,2,N,0.8181818181818182,0,true
2013-07-01,7,20:00,8,2,N,0.75,0,true
2013-07-01,7,21:00,9,2,N,0.7777777777777778,0,true
2013-07-01,7,22:00,10,2,N,0.8,0,true
2013-07-01,7,23:00,11,3,N,0.7272727272727273,0,true
2013-07-02,7,20:00,8,1,N,1.0,0,false
2013-07-02,7,21:00,9,1,N,1.0,0,false
2013-07-02,7,22:00,10,1,N,1.0,0,false
2013-07-02,7,23:00,11,1,N,1.0,0,false
2013-07-03,7,20:00,9,1,N,1.0,0,false
2013-07-03,7,21:00,10,1,N,1.0,0,false
2013-07-03,7,22:00,11,1,N,1.0,0,false
2013-07-03,7,23:00,12,1,N,1.0,0,false
2013-07-04,7,20:00,8,5,N,0.375,2,true
2013-07-04,7,21:00,9,6,N,0.3333333333333333,2,true
2013-07-04,7,22:00,10,6,N,0.4,2,true
2013-07-04,7,23:00,11,6,N,0.36363636363636365,2,true
2013-07-05,7,20:00,8,2,N,0.625,0,true
2013-07-05,7,21:00,9,2,N,0.6666666666666666,0,true
2013-07-05,7,22:00,10,2,N,0.7,0,true
2013-07-05,7,23:00,11,2,N,0.7272727272727273,0,true
2013-07-06,7,20:00,8,1,N,1.0,0,false
2013-07-06,7,21:00,9,1,N,1.0,0,false
2013-07-06,7,22:00,10,1,N,1.0,0,false
2013-07-06,7,23:00,11,1,N,1.0,0,false
2013-07-07,7,20:00,8,1,N,1.0,0,false
2013-07-07,7,21:00,9,1,N,1.0,0,false
2013-07-07,7,22:00,10,1,N,1.0,0,false
2013-07-07,7,23:00,11,1,N,1.0,0,false
2013-07-08,7,20:00,8,3,N,0.5,0,true
2013-07-08,7,21:00,9,3,N,0.4444444444444444,0,true
2013-07-08,7,22:00,10,3,N,0.4,0,true
2013-07-08,7,23:00,11,3,N,0.36363636363636365,0,true
2013-07-09,7,20:00,8,4,N,0.375,1,true
2013-07-09,7,21:00,9,4,NE,0.4444444444444444,1,true
2013-07-09,7,22:00,10,4,N,0.4,1,true
2013-07-09,7,23:00,11,4,NE,0.45454545454545453,1,true
2013-07-10,7,20:00,9,5,N,0.3333333333333333,4,true
2013-07-10,7,21:00,10,5,S,0.4,5,true
2013-07-10,7,22:00,11,5,S,0.45454545454545453,6,true
2013-07-10,7,23:00,12,5,S,0.5,7,true
2013-07-11,7,20:00,10,2,S,0.8,10,true
2013-07-11,7,21:00,11,2,S,0.8181818181818182,11,true
2013-07-11,7,22:00,12,2,S,0.8333333333333334,12,true
2013-07-11,7,23:00,13,2,S,0.8461538461538461,13,true
2013-07-12,7,20:00,9,1,SE,1.0,9,false
2013-07-12,7,21:00,10,2,SE,0.9,10,true
2013-07-12,7,22:00,11,2,SE,0.8181818181818182,11,true
2013-07-12,7,23:00,13,2,SE,0.6923076923076923,13,true
2013-07-13,7,20:00,11,4,SW,0.6363636363636364,9,true
2013-07-13,7,21:00,12,4,SW,0.5833333333333334,10,true
2013-07-13,7,22:00,13,4,SW,0.5384615384615384,11,true
2013-07-13,7,23:00,14,4,SW,0.5,12,true
2013-07-14,7,20:00,10,2,SW,0.9,10,true
2013-07-14,7,21:00,11,2,SW,0.8181818181818182,11,true
2013-07-14,7,22:00,12,2,SW,0.75,12,true
2013-07-14,7,23:00,13,2,SW,0.6923076923076923,13,true
2013-07-15,7,20:00,9,1,S,1.0,9,false
2013-07-15,7,21:00,10,1,S,1.0,10,false
2013-07-15,7,22:00,11,1,S,1.0,11,false
2013-07-15,7,23:00,12,1,S,1.0,12,false
2013-07-16,7,20:00,8,1,S,1.0,8,false
2013-07-16,7,21:00,9,2,S,0.8888888888888888,9,true
2013-07-16,7,22:00,10,3,S,0.8,9,true
2013-07-16,7,23:00,11,3,S,0.7272727272727273,10,true
2013-07-17,7,20:00,8,2,N,0.625,0,true
2013-07-17,7,21:00,9,2,N,0.6666666666666666,0,true
2013-07-17,7,22:00,10,2,N,0.7,0,true
2013-07-17,7,23:00,11,2,N,0.6363636363636364,0,true
2013-07-18,7,20:00,8,2,N,0.5,0,true
2013-07-18,7,21:00,9,2,NE,0.5555555555555556,0,true
2013-07-18,7,22:00,10,2,NE,0.6,0,true
2013-07-18,7,23:00,11,2,NE,0.5454545454545454,0,true
2013-07-19,7,20:00,8,2,N,0.625,0,true
2013-07-19,7,21:00,9,2,N,0.5555555555555556,0,true
2013-07-19,7,22:00,10,2,N,0.5,0,true
2013-07-19,7,23:00,11,2,N,0.5454545454545454,0,true
2013-07-20,7,20:00,12,4,N,0.5833333333333334,3,true
2013-07-20,7,21:00,13,4,N,0.6153846153846154,3,true
2013-07-20,7,22:00,15,4,N,0.6666666666666666,3,true
2013-07-20,7,23:00,16,4,N,0.6875,3,true
2013-07-21,7,20:00,8,1,N,1.0,0,false
2013-07-21,7,21:00,9,1,N,1.0,0,false
2013-07-21,7,22:00,10,1,N,1.0,0,false
2013-07-21,7,23:00,11,1,N,1.0,0,false
2013-07-22,7,20:00,8,1,N,1.0,0,false
2013-07-22,7,21:00,9,1,N,1.0,0,false
2013-07-22,7,22:00,10,1,N,1.0,0,false
2013-07-22,7,23:00,11,1,N,1.0,0,false
2013-07-23,7,20:00,8,1,N,1.0,0,false
2013-07-23,7,21:00,9,1,N,1.0,0,false
2013-07-23,7,22:00,10,1,N,1.0,0,false
2013-07-23,7,23:00,11,1,N,1.0,0,false
2013-07-24,7,20:00,8,2,NE,0.625,0,true
2013-07-24,7,21:00,9,2,NE,0.5555555555555556,0,true
2013-07-24,7,22:00,10,2,N,0.5,0,true
2013-07-24,7,23:00,11,2,N,0.5454545454545454,0,true
2013-07-25,7,20:00,8,2,N,0.875,0,true
2013-07-25,7,21:00,9,3,N,0.7777777777777778,0,true
2013-07-25,7,22:00,10,3,N,0.8,0,true
2013-07-25,7,23:00,11,3,N,0.8181818181818182,0,true
2013-07-26,7,20:00,8,2,N,0.75,0,true
2013-07-26,7,21:00,9,2,N,0.7777777777777778,0,true
2013-07-26,7,22:00,10,2,N,0.8,0,true
2013-07-26,7,23:00,11,2,N,0.7272727272727273,0,true
2013-07-27,7,20:00,8,2,N,0.625,0,true
2013-07-27,7,21:00,9,2,N,0.6666666666666666,0,true
2013-07-27,7,22:00,10,2,N,0.7,0,true
2013-07-27,7,23:00,11,2,N,0.7272727272727273,0,true
2013-07-28,7,20:00,8,2,N,0.625,0,true
2013-07-28,7,21:00,9,2,N,0.6666666666666666,0,true
2013-07-28,7,22:00,10,2,N,0.7,0,true
2013-07-28,7,23:00,11,2,N,0.7272727272727273,0,true
2013-07-29,7,20:00,8,2,N,0.75,0,true
2013-07-29,7,21:00,9,2,N,0.7777777777777778,0,true
2013-07-29,7,22:00,10,2,N,0.8,0,true
2013-07-29,7,23:00,11,2,N,0.8181818181818182,0,true
2013-07-30,7,20:00,8,2,NE,0.75,0,true
2013-07-30,7,21:00,9,2,NE,0.7777777777777778,0,true
2013-07-30,7,22:00,10,2,NE,0.7,0,true
2013-07-30,7,23:00,11,2,NE,0.6363636363636364,0,true
2013-07-31,7,20:00,8,2,N,0.625,0,true
2013-07-31,7,21:00,9,2,N,0.6666666666666666,0,true
2013-07-31,7,22:00,10,2,N,0.7,0,true
2013-07-31,7,23:00,11,2,N,0.7272727272727273,0,true
2013-08-01,8,20:00,8,2,N,0.5,0,true
2013-08-01,8,21:00,9,2,N,0.5555555555555556,0,true
2013-08-01,8,22:00,10,2,N,0.5,0,true
2013-08-01,8,23:00,11,2,N,0.5454545454545454,0,true
2013-08-02,8,20:00,8,2,SE,0.75,8,true
2013-08-02,8,21:00,9,2,SE,0.7777777777777778,9,true
2013-08-02,8,22:00,10,2,SE,0.7,10,true
2013-08-02,8,23:00,11,2,SE,0.6363636363636364,11,true
2013-08-03,8,20:00,8,2,SE,0.625,8,true
2013-08-03,8,21:00,9,2,SE,0.6666666666666666,9,true
2013-08-03,8,22:00,10,2,SE,0.7,10,true
2013-08-03,8,23:00,11,2,SE,0.6363636363636364,11,true
2013-08-04,8,20:00,8,2,NE,0.625,0,true
2013-08-04,8,21:00,9,2,NE,0.5555555555555556,0,true
2013-08-04,8,22:00,10,2,NE,0.6,0,true
2013-08-04,8,23:00,11,3,NE,0.5454545454545454,1,true
2013-08-05,8,20:00,8,2,N,0.625,0,true
2013-08-05,8,21:00,9,2,N,0.6666666666666666,0,true
2013-08-05,8,22:00,10,2,N,0.6,0,true
2013-08-05,8,23:00,11,2,N,0.5454545454545454,0,true
2013-08-06,8,20:00,8,1,N,1.0,0,false
2013-08-06,8,21:00,9,1,N,1.0,0,false
2013-08-06,8,22:00,10,1,N,1.0,0,false
2013-08-06,8,23:00,11,1,N,1.0,0,false
2013-08-07,8,20:00,8,3,N,0.75,0,true
2013-08-07,8,21:00,9,3,N,0.7777777777777778,0,true
2013-08-07,8,22:00,10,3,N,0.8,0,true
2013-08-07,8,23:00,11,3,N,0.8181818181818182,0,true
2013-08-08,8,20:00,9,1,N,1.0,0,false
2013-08-08,8,21:00,11,1,N,1.0,0,false
2013-08-08,8,22:00,12,1,N,1.0,0,false
2013-08-08,8,23:00,13,1,N,1.0,0,false
2013-08-09,8,20:00,8,2,N,0.875,0,true
2013-08-09,8,21:00,9,2,N,0.8888888888888888,0,true
2013-08-09,8,22:00,10,2,N,0.9,0,true
2013-08-09,8,23:00,11,2,N,0.9090909090909091,0,true
2013-08-10,8,20:00,8,4,S,0.375,3,true
2013-08-10,8,21:00,9,4,S,0.4444444444444444,4,true
2013-08-10,8,22:00,10,4,S,0.5,5,true
2013-08-10,8,23:00,11,4,S,0.5454545454545454,6,true
2013-08-11,8,20:00,6,3,N,0.5,2,true
2013-08-11,8,21:00,7,3,N,0.42857142857142855,3,true
2013-08-11,8,22:00,8,4,N,0.375,3,true
2013-08-11,8,23:00,9,4,S,0.4444444444444444,4,true
2013-08-12,8,20:00,8,1,SW,1.0,8,false
2013-08-12,8,21:00,10,2,SW,0.8,10,true
2013-08-12,8,22:00,11,2,SW,0.7272727272727273,11,true
2013-08-12,8,23:00,12,2,SW,0.6666666666666666,12,true
2013-08-13,8,20:00,8,4,S,0.5,6,true
2013-08-13,8,21:00,9,4,S,0.4444444444444444,6,true
2013-08-13,8,22:00,10,4,NE,0.4,6,true
2013-08-13,8,23:00,11,5,NE,0.36363636363636365,6,true
2013-08-14,8,20:00,8,2,NW,0.75,0,true
2013-08-14,8,21:00,9,2,NW,0.7777777777777778,0,true
2013-08-14,8,22:00,10,3,NW,0.7,0,true
2013-08-14,8,23:00,11,4,NW,0.6363636363636364,0,true
2013-08-15,8,20:00,7,1,N,1.0,0,false
2013-08-15,8,21:00,8,1,N,1.0,0,false
2013-08-15,8,22:00,9,1,N,1.0,0,false
2013-08-15,8,23:00,10,1,N,1.0,0,false
2013-08-16,8,20:00,8,1,N,1.0,0,false
2013-08-16,8,21:00,9,1,N,1.0,0,false
2013-08-16,8,22:00,10,1,N,1.0,0,false
2013-08-16,8,23:00,11,1,N,1.0,0,false
2013-08-17,8,20:00,9,5,SE,0.4444444444444444,5,true
2013-08-17,8,21:00,10,5,SE,0.4,6,true
2013-08-17,8,22:00,11,5,SE,0.36363636363636365,6,true
2013-08-17,8,23:00,12,5,E,0.3333333333333333,6,true
2013-08-18,8,20:00,8,3,N,0.375,0,true
2013-08-18,8,21:00,9,3,E,0.3333333333333333,0,true
2013-08-18,8,22:00,10,4,E,0.3,1,true
2013-08-18,8,23:00,11,4,E,0.2727272727272727,2,true
2013-08-19,8,20:00,8,2,E,0.875,0,true
2013-08-19,8,21:00,9,3,E,0.7777777777777778,0,true
2013-08-19,8,22:00,10,3,E,0.7,0,true
2013-08-19,8,23:00,11,3,E,0.6363636363636364,0,true
2013-08-20,8,20:00,8,3,N,0.5,0,true
2013-08-20,8,21:00,9,3,N,0.5555555555555556,0,true
2013-08-20,8,22:00,10,3,N,0.6,0,true
2013-08-20,8,23:00,11,3,N,0.6363636363636364,0,true
2013-08-21,8,20:00,8,1,N,1.0,0,false
2013-08-21,8,21:00,9,1,N,1.0,0,false
2013-08-21,8,22:00,10,2,N,0.9,0,true
2013-08-21,8,23:00,11,2,N,0.9090909090909091,0,true
2013-08-22,8,20:00,8,1,N,1.0,0,false
2013-08-22,8,21:00,9,1,N,1.0,0,false
2013-08-22,8,22:00,10,1,N,1.0,0,false
2013-08-22,8,23:00,11,1,N,1.0,0,false
2013-08-23,8,20:00,8,2,N,0.625,0,true
2013-08-23,8,21:00,9,2,N,0.6666666666666666,0,true
2013-08-23,8,22:00,10,2,N,0.7,0,true
2013-08-23,8,23:00,11,2,N,0.7272727272727273,0,true
2013-08-24,8,20:00,8,2,N,0.875,0,true
2013-08-24,8,21:00,9,2,N,0.8888888888888888,0,true
2013-08-24,8,22:00,10,2,N,0.9,0,true
2013-08-24,8,23:00,11,2,N,0.9090909090909091,0,true
2013-08-25,8,20:00,8,2,N,0.75,0,true
2013-08-25,8,21:00,9,2,N,0.7777777777777778,0,true
2013-08-25,8,22:00,10,3,N,0.7,1,true
2013-08-25,8,23:00,11,3,N,0.7272727272727273,1,true
2013-08-26,8,20:00,8,1,N,1.0,0,false
2013-08-26,8,21:00,9,1,N,1.0,0,false
2013-08-26,8,22:00,10,1,N,1.0,0,false
2013-08-26,8,23:00,11,1,N,1.0,0,false
2013-08-27,8,20:00,9,3,N,0.5555555555555556,2,true
2013-08-27,8,21:00,10,3,N,0.6,2,true
2013-08-27,8,22:00,11,3,N,0.5454545454545454,2,true
2013-08-27,8,23:00,12,3,N,0.5833333333333334,2,true
2013-08-28,8,20:00,8,1,N,1.0,0,false
2013-08-28,8,21:00,9,1,N,1.0,0,false
2013-08-28,8,22:00,10,2,N,0.9,0,true
2013-08-28,8,23:00,11,2,N,0.8181818181818182,0,true
2013-08-29,8,20:00,8,3,S,0.625,5,true
2013-08-29,8,21:00,9,3,S,0.6666666666666666,6,true
2013-08-29,8,22:00,10,3,S,0.7,7,true
2013-08-29,8,23:00,11,3,S,0.7272727272727273,8,true
2013-08-30,8,20:00,9,1,S,1.0,9,false
2013-08-30,8,21:00,11,1,S,1.0,11,false
2013-08-30,8,22:00,12,1,S,1.0,12,false
2013-08-30,8,23:00,13,1,S,1.0,13,false
2013-08-31,8,20:00,8,1,SE,1.0,8,false
2013-08-31,8,21:00,9,2,SE,0.8888888888888888,8,true
2013-08-31,8,22:00,10,2,SE,0.9,9,true
2013-08-31,8,23:00,11,2,SE,0.9090909090909091,10,true
2013-09-01,9,20:00,8,1,SE,1.0,8,false
2013-09-01,9,21:00,9,1,SE,1.0,9,false
2013-09-01,9,22:00,10,2,SE,0.9,10,true
2013-09-01,9,23:00,11,2,SE,0.9090909090909091,11,true
2013-09-02,9,20:00,8,2,SE,0.875,8,true
2013-09-02,9,21:00,9,2,SE,0.7777777777777778,9,true
2013-09-02,9,22:00,10,2,SE,0.8,10,true
2013-09-02,9,23:00,11,2,SE,0.7272727272727273,11,true
2013-09-03,9,20:00,8,2,NE,0.625,0,true
2013-09-03,9,21:00,9,2,NE,0.6666666666666666,0,true
2013-09-03,9,22:00,10,2,NE,0.7,0,true
2013-09-03,9,23:00,11,2,NE,0.7272727272727273,0,true
2013-09-04,9,20:00,8,2,N,0.875,0,true
2013-09-04,9,21:00,9,2,N,0.8888888888888888,0,true
2013-09-04,9,22:00,10,2,N,0.9,0,true
2013-09-04,9,23:00,11,2,N,0.9090909090909091,0,true
2013-09-05,9,20:00,6,1,S,1.0,6,false
2013-09-05,9,21:00,7,1,S,1.0,7,false
2013-09-05,9,22:00,8,1,S,1.0,8,false
2013-09-05,9,23:00,9,1,S,1.0,9,false
2013-09-06,9,20:00,8,4,S,0.625,6,true
2013-09-06,9,21:00,9,4,S,0.5555555555555556,6,true
2013-09-06,9,22:00,10,4,S,0.5,6,true
2013-09-06,9,23:00,11,4,S,0.45454545454545453,6,true
2013-09-07,9,20:00,8,1,N,1.0,0,false
2013-09-07,9,21:00,9,2,N,0.8888888888888888,0,true
2013-09-07,9,22:00,10,2,N,0.9,0,true
2013-09-07,9,23:00,11,2,N,0.9090909090909091,0,true
2013-09-08,9,20:00,8,1,N,1.0,0,false
2013-09-08,9,21:00,9,1,N,1.0,0,false
2013-09-08,9,22:00,10,1,N,1.0,0,false
2013-09-08,9,23:00,11,1,N,1.0,0,false
2013-09-09,9,20:00,8,2,N,0.875,0,true
2013-09-09,9,21:00,9,2,N,0.8888888888888888,0,true
2013-09-09,9,22:00,10,2,N,0.8,0,true
2013-09-09,9,23:00,11,2,N,0.7272727272727273,0,true
2013-09-10,9,20:00,8,2,N,0.875,0,true
2013-09-10,9,21:00,9,2,N,0.8888888888888888,0,true
2013-09-10,9,22:00,10,2,N,0.9,0,true
2013-09-10,9,23:00,11,2,N,0.9090909090909091,0,true
2013-09-11,9,20:00,8,2,N,0.625,0,true
2013-09-11,9,21:00,8,2,N,0.625,0,true
2013-09-11,9,22:00,8,2,N,0.625,0,true
2013-09-11,9,23:00,8,2,N,0.625,0,true
2013-09-12,9,20:00,8,2,N,0.5,0,true
2013-09-12,9,21:00,9,2,N,0.5555555555555556,0,true
2013-09-12,9,22:00,10,2,N,0.6,0,true
2013-09-12,9,23:00,11,2,N,0.6363636363636364,0,true
2013-09-13,9,20:00,8,1,N,1.0,0,false
2013-09-13,9,21:00,9,1,N,1.0,0,false
2013-09-13,9,22:00,10,1,N,1.0,0,false
2013-09-13,9,23:00,11,2,N,0.9090909090909091,0,true
2013-09-14,9,20:00,8,4,N,0.375,0,true
2013-09-14,9,21:00,9,4,N,0.3333333333333333,0,true
2013-09-14,9,22:00,10,4,N,0.4,0,true
2013-09-14,9,23:00,11,4,N,0.45454545454545453,0,true
2013-09-15,9,20:00,8,4,S,0.5,5,true
2013-09-15,9,21:00,9,4,S,0.5555555555555556,6,true
2013-09-15,9,22:00,10,4,S,0.6,7,true
2013-09-15,9,23:00,11,4,S,0.6363636363636364,8,true
2013-09-16,9,20:00,8,2,N,0.75,0,true
2013-09-16,9,21:00,9,2,N,0.7777777777777778,0,true
2013-09-16,9,22:00,10,2,N,0.8,0,true
2013-09-16,9,23:00,11,3,N,0.7272727272727273,0,true
2013-09-17,9,20:00,8,2,unknown,0.5,3,true
2013-09-17,9,21:00,9,2,SE,0.4444444444444444,4,true
2013-09-17,9,22:00,10,2,SE,0.5,5,true
2013-09-17,9,23:00,11,2,SE,0.5454545454545454,6,true
2013-09-18,9,20:00,8,2,S,0.75,8,true
2013-09-18,9,21:00,9,3,S,0.6666666666666666,8,true
2013-09-18,9,22:00,10,4,S,0.6,8,true
2013-09-18,9,23:00,11,4,S,0.5454545454545454,8,true
2013-09-19,9,20:00,8,2,N,0.625,0,true
2013-09-19,9,21:00,9,2,N,0.6666666666666666,0,true
2013-09-19,9,22:00,10,2,N,0.7,0,true
2013-09-19,9,23:00,10,2,N,0.7,0,true
2013-09-20,9,20:00,8,1,N,1.0,0,false
2013-09-20,9,21:00,9,1,N,1.0,0,false
2013-09-20,9,22:00,9,1,N,1.0,0,false
2013-09-20,9,23:00,10,1,N,1.0,0,false
2013-09-21,9,20:00,9,1,N,1.0,0,false
2013-09-21,9,21:00,10,1,N,1.0,0,false
2013-09-21,9,22:00,11,1,N,1.0,0,false
2013-09-21,9,23:00,12,1,N,1.0,0,false
2013-09-22,9,20:00,9,1,N,1.0,0,false
2013-09-22,9,21:00,10,1,N,1.0,0,false
2013-09-22,9,22:00,12,1,N,1.0,0,false
2013-09-22,9,23:00,13,1,N,1.0,0,false
2013-09-23,9,20:00,8,2,N,0.875,0,true
2013-09-23,9,21:00,9,2,N,0.8888888888888888,0,true
2013-09-23,9,22:00,10,2,N,0.9,0,true
2013-09-23,9,23:00,11,2,N,0.9090909090909091,0,true
2013-09-24,9,20:00,9,4,S,0.5555555555555556,8,true
2013-09-24,9,21:00,10,4,S,0.5,9,true
2013-09-24,9,22:00,11,4,S,0.45454545454545453,10,true
2013-09-24,9,23:00,12,4,S,0.4166666666666667,11,true
2013-09-25,9,20:00,9,2,S,0.5555555555555556,9,true
2013-09-25,9,21:00,10,2,S,0.5,10,true
2013-09-25,9,22:00,11,2,SE,0.5454545454545454,11,true
2013-09-25,9,23:00,12,2,SE,0.5833333333333334,12,true
2013-09-26,9,20:00,7,1,S,1.0,7,false
2013-09-26,9,21:00,8,1,S,1.0,8,false
2013-09-26,9,22:00,9,1,S,1.0,9,false
2013-09-26,9,23:00,10,1,S,1.0,10,false
2013-09-27,9,20:00,8,3,S,0.5,5,true
2013-09-27,9,21:00,9,4,S,0.4444444444444444,5,true
2013-09-27,9,22:00,10,4,N,0.4,5,true
2013-09-27,9,23:00,11,4,N,0.45454545454545453,5,true
2013-09-28,9,20:00,8,2,N,0.5,0,true
2013-09-28,9,21:00,9,2,N,0.5555555555555556,0,true
2013-09-28,9,22:00,10,2,N,0.6,0,true
2013-09-28,9,23:00,11,2,N,0.6363636363636364,0,true
2013-09-29,9,20:00,8,4,S,0.625,5,true
2013-09-29,9,21:00,9,4,S,0.6666666666666666,6,true
2013-09-29,9,22:00,10,4,S,0.7,7,true
2013-09-29,9,23:00,11,4,S,0.7272727272727273,8,true
2013-09-30,9,20:00,9,4,N,0.5555555555555556,3,true
2013-09-30,9,21:00,10,4,N,0.5,4,true
2013-09-30,9,22:00,12,5,N,0.4166666666666667,6,true
2013-09-30,9,23:00,13,5,N,0.38461538461538464,7,true
2013-10-01,10,20:00,9,3,S,0.4444444444444444,4,true
2013-10-01,10,21:00,10,3,S,0.4,4,true
2013-10-01,10,22:00,11,3,N,0.36363636363636365,4,true
2013-10-01,10,23:00,12,3,N,0.4166666666666667,4,true
2013-10-02,10,20:00,9,1,N,1.0,0,false
2013-10-02,10,21:00,10,1,N,1.0,0,false
2013-10-02,10,22:00,11,1,N,1.0,0,false
2013-10-02,10,23:00,12,1,N,1.0,0,false
2013-10-03,10,20:00,18,2,N,0.9444444444444444,0,true
2013-10-03,10,21:00,20,2,N,0.9,0,true
2013-10-03,10,22:00,21,2,N,0.9047619047619048,0,true
2013-10-03,10,23:00,22,2,N,0.9090909090909091,0,true
2013-10-04,10,20:00,11,1,N,1.0,0,false
2013-10-04,10,21:00,12,1,N,1.0,0,false
2013-10-04,10,22:00,13,1,N,1.0,0,false
2013-10-04,10,23:00,14,1,N,1.0,0,false
2013-10-05,10,20:00,10,2,N,0.8,0,true
2013-10-05,10,21:00,11,2,N,0.8181818181818182,0,true
2013-10-05,10,22:00,12,2,N,0.8333333333333334,0,true
2013-10-05,10,23:00,13,2,N,0.8461538461538461,0,true
2013-10-06,10,20:00,9,1,N,1.0,0,false
2013-10-06,10,21:00,10,1,N,1.0,0,false
2013-10-06,10,22:00,11,1,N,1.0,0,false
2013-10-06,10,23:00,12,1,N,1.0,0,false
2013-10-07,10,20:00,9,1,N,1.0,0,false
2013-10-07,10,21:00,10,1,N,1.0,0,false
2013-10-07,10,22:00,11,1,N,1.0,0,false
2013-10-07,10,23:00,12,2,N,0.9166666666666666,0,true
2013-10-08,10,20:00,18,4,S,0.5,15,true
2013-10-08,10,21:00,20,4,S,0.55,17,true
2013-10-08,10,22:00,22,4,S,0.5909090909090909,19,true
2013-10-08,10,23:00,24,4,S,0.5833333333333334,21,true
2013-10-09,10,20:00,18,2,S,0.7222222222222222,18,true
2013-10-09,10,21:00,20,2,S,0.75,20,true
2013-10-09,10,22:00,22,2,S,0.7727272727272727,22,true
2013-10-09,10,23:00,24,2,S,0.7916666666666666,24,true
2013-10-10,10,20:00,18,5,S,0.6111111111111112,12,true
2013-10-10,10,21:00,20,5,S,0.55,12,true
2013-10-10,10,22:00,22,5,S,0.5,12,true
2013-10-10,10,23:00,24,5,S,0.4583333333333333,12,true
2013-10-11,10,20:00,18,5,S,0.4444444444444444,10,true
2013-10-11,10,21:00,20,5,S,0.5,12,true
2013-10-11,10,22:00,22,5,S,0.5,14,true
2013-10-11,10,23:00,24,5,S,0.5416666666666666,16,true
2013-10-12,10,20:00,18,5,S,0.5,11,true
2013-10-12,10,21:00,20,5,S,0.45,11,true
2013-10-12,10,22:00,22,6,S,0.4090909090909091,11,true
2013-10-12,10,23:00,24,6,S,0.4166666666666667,12,true
2013-10-13,10,20:00,18,3,NE,0.5555555555555556,0,true
2013-10-13,10,21:00,20,3,NE,0.5,0,true
2013-10-13,10,22:00,22,3,N,0.5,0,true
2013-10-13,10,23:00,24,3,N,0.5416666666666666,0,true
2013-10-14,10,20:00,18,2,N,0.9444444444444444,0,true
2013-10-14,10,21:00,20,2,N,0.95,0,true
2013-10-14,10,22:00,22,2,N,0.9545454545454546,0,true
2013-10-14,10,23:00,24,2,N,0.9583333333333334,0,true
2013-10-15,10,20:00,18,4,N,0.5,1,true
2013-10-15,10,21:00,20,5,N,0.45,1,true
2013-10-15,10,22:00,22,6,N,0.45454545454545453,1,true
2013-10-15,10,23:00,24,6,N,0.4166666666666667,1,true
2013-10-16,10,20:00,18,6,S,0.2777777777777778,6,true
2013-10-16,10,21:00,20,6,S,0.25,6,true
2013-10-16,10,22:00,22,6,N,0.22727272727272727,6,true
2013-10-16,10,23:00,24,6,N,0.25,6,true
2013-10-17,10,20:00,18,2,N,0.8888888888888888,0,true
2013-10-17,10,21:00,20,2,N,0.9,0,true
2013-10-17,10,22:00,22,2,N,0.9090909090909091,0,true
2013-10-17,10,23:00,24,2,N,0.9166666666666666,0,true
2013-10-18,10,20:00,18,2,N,0.9444444444444444,0,true
2013-10-18,10,21:00,20,2,N,0.95,0,true
2013-10-18,10,22:00,22,2,N,0.9545454545454546,0,true
2013-10-18,10,23:00,24,2,N,0.9583333333333334,0,true
2013-10-19,10,20:00,18,6,N,0.2777777777777778,8,true
2013-10-19,10,21:00,20,6,N,0.35,8,true
2013-10-19,10,22:00,22,6,N,0.4090909090909091,8,true
2013-10-19,10,23:00,24,6,N,0.4583333333333333,8,true
2013-10-20,10,20:00,18,2,N,0.6111111111111112,0,true
2013-10-20,10,21:00,20,2,N,0.65,0,true
2013-10-20,10,22:00,22,2,N,0.6818181818181818,0,true
2013-10-20,10,23:00,24,2,N,0.7083333333333334,0,true
2013-10-21,10,20:00,18,1,N,1.0,0,false
2013-10-21,10,21:00,20,1,N,1.0,0,false
2013-10-21,10,22:00,22,1,N,1.0,0,false
2013-10-21,10,23:00,24,1,N,1.0,0,false
2013-10-22,10,20:00,18,2,N,0.8888888888888888,0,true
2013-10-22,10,21:00,20,2,N,0.8,0,true
2013-10-22,10,22:00,22,2,N,0.8181818181818182,0,true
2013-10-22,10,23:00,24,2,N,0.8333333333333334,0,true
2013-10-23,10,20:00,18,5,N,0.3333333333333333,6,true
2013-10-23,10,21:00,20,5,N,0.3,8,true
2013-10-23,10,22:00,22,5,N,0.2727272727272727,10,true
2013-10-23,10,23:00,24,5,N,0.25,12,true
2013-10-24,10,20:00,18,1,N,1.0,0,false
2013-10-24,10,21:00,20,1,N,1.0,0,false
2013-10-24,10,22:00,22,1,N,1.0,0,false
2013-10-24,10,23:00,24,1,N,1.0,0,false
2013-10-25,10,20:00,18,2,N,0.6111111111111112,0,true
2013-10-25,10,21:00,19,2,N,0.631578947368421,0,true
2013-10-25,10,22:00,21,2,N,0.6666666666666666,0,true
2013-10-25,10,23:00,23,2,N,0.6956521739130435,0,true
2013-10-26,10,20:00,18,2,N,0.8333333333333334,0,true
2013-10-26,10,21:00,20,2,N,0.8,0,true
2013-10-26,10,22:00,22,2,N,0.7272727272727273,0,true
2013-10-26,10,23:00,24,2,N,0.7083333333333334,0,true
2013-10-27,10,20:00,18,2,N,0.6666666666666666,0,true
2013-10-27,10,21:00,20,2,N,0.6,0,true
2013-10-27,10,22:00,22,2,N,0.5454545454545454,0,true
2013-10-27,10,23:00,24,2,N,0.5,0,true
2013-10-28,10,20:00,18,2,NW,0.5555555555555556,0,true
2013-10-28,10,21:00,20,4,NW,0.5,1,true
2013-10-28,10,22:00,22,5,NW,0.45454545454545453,3,true
2013-10-28,10,23:00,24,5,NW,0.4166666666666667,5,true
2013-10-29,10,20:00,18,2,N,0.6111111111111112,0,true
2013-10-29,10,21:00,20,2,N,0.6,0,true
2013-10-29,10,22:00,22,2,N,0.6363636363636364,0,true
2013-10-29,10,23:00,24,2,N,0.6666666666666666,0,true
2013-10-30,10,20:00,16,1,N,1.0,0,false
2013-10-30,10,21:00,18,1,N,1.0,0,false
2013-10-30,10,22:00,20,1,N,1.0,0,false
2013-10-30,10,23:00,22,1,N,1.0,0,false
2013-10-31,10,20:00,18,1,N,1.0,0,false
2013-10-31,10,21:00,20,2,N,0.95,0,true
2013-10-31,10,22:00,22,2,N,0.8636363636363636,0,true
2013-10-31,10,23:00,24,2,N,0.8333333333333334,0,true
2013-11-01,11,20:00,18,3,S,0.7222222222222222,13,true
2013-11-01,11,21:00,20,3,S,0.75,15,true
2013-11-01,11,22:00,22,3,S,0.7727272727272727,17,true
2013-11-01,11,23:00,24,3,S,0.7916666666666666,19,true
2013-11-02,11,20:00,18,2,NE,0.6111111111111112,0,true
2013-11-02,11,21:00,20,2,NE,0.6,0,true
2013-11-02,11,22:00,22,2,NE,0.5909090909090909,0,true
2013-11-02,11,23:00,24,2,NE,0.5416666666666666,0,true
2013-11-03,11,20:00,18,2,N,0.6666666666666666,0,true
2013-11-03,11,21:00,20,2,N,0.65,0,true
2013-11-03,11,22:00,22,2,N,0.6818181818181818,0,true
2013-11-03,11,23:00,24,2,N,0.7083333333333334,0,true
2013-11-04,11,20:00,18,2,N,0.9444444444444444,0,true
2013-11-04,11,21:00,20,2,N,0.95,0,true
2013-11-04,11,22:00,22,2,N,0.9545454545454546,0,true
2013-11-04,11,23:00,24,2,N,0.9583333333333334,0,true
2013-11-05,11,20:00,17,2,N,0.8235294117647058,0,true
2013-11-05,11,21:00,19,2,N,0.8421052631578947,0,true
2013-11-05,11,22:00,21,2,N,0.8571428571428571,0,true
2013-11-05,11,23:00,23,2,N,0.8695652173913043,0,true
2013-11-06,11,20:00,17,4,S,0.8235294117647058,15,true
2013-11-06,11,21:00,19,4,S,0.8421052631578947,17,true
2013-11-06,11,22:00,21,4,S,0.8571428571428571,19,true
2013-11-06,11,23:00,23,4,S,0.8695652173913043,21,true
2013-11-07,11,20:00,18,2,S,0.9444444444444444,18,true
2013-11-07,11,21:00,20,2,S,0.95,20,true
2013-11-07,11,22:00,22,2,S,0.9545454545454546,22,true
2013-11-07,11,23:00,24,2,S,0.9583333333333334,24,true
2013-11-08,11,20:00,18,2,S,0.6666666666666666,18,true
2013-11-08,11,21:00,20,3,S,0.6,19,true
2013-11-08,11,22:00,22,3,S,0.5454545454545454,21,true
2013-11-08,11,23:00,24,3,S,0.5,23,true
2013-11-09,11,20:00,18,2,S,0.8333333333333334,18,true
2013-11-09,11,21:00,20,2,S,0.85,20,true
2013-11-09,11,22:00,22,2,S,0.8636363636363636,22,true
2013-11-09,11,23:00,24,2,S,0.875,24,true
2013-11-10,11,20:00,18,3,NE,0.8888888888888888,0,true
2013-11-10,11,21:00,20,3,NE,0.9,0,true
2013-11-10,11,22:00,22,3,NE,0.8181818181818182,0,true
2013-11-10,11,23:00,24,3,NE,0.75,0,true
2013-11-11,11,20:00,18,5,NE,0.5,7,true
2013-11-11,11,21:00,20,5,NE,0.45,9,true
2013-11-11,11,22:00,22,5,NE,0.4090909090909091,11,true
2013-11-11,11,23:00,24,5,S,0.4166666666666667,13,true
2013-11-12,11,20:00,18,2,S,0.8333333333333334,18,true
2013-11-12,11,21:00,20,2,S,0.85,20,true
2013-11-12,11,22:00,22,2,S,0.8636363636363636,22,true
2013-11-12,11,23:00,24,2,S,0.875,24,true
2013-11-13,11,20:00,18,2,S,0.8333333333333334,18,true
2013-11-13,11,21:00,20,2,S,0.75,20,true
2013-11-13,11,22:00,22,2,S,0.6818181818181818,22,true
2013-11-13,11,23:00,24,2,S,0.625,24,true
2013-11-14,11,20:00,18,3,SE,0.8333333333333334,16,true
2013-11-14,11,21:00,20,3,SE,0.75,18,true
2013-11-14,11,22:00,22,3,SE,0.6818181818181818,20,true
2013-11-14,11,23:00,24,3,SE,0.625,22,true
2013-11-15,11,20:00,18,2,N,0.5555555555555556,0,true
2013-11-15,11,21:00,19,2,N,0.5789473684210527,0,true
2013-11-15,11,22:00,21,2,N,0.6190476190476191,0,true
2013-11-15,11,23:00,23,2,N,0.6521739130434783,0,true
2013-11-16,11,20:00,18,1,N,1.0,0,false
2013-11-16,11,21:00,20,2,N,0.95,0,true
2013-11-16,11,22:00,22,2,N,0.9545454545454546,0,true
2013-11-16,11,23:00,24,2,N,0.9583333333333334,0,true
2013-11-17,11,20:00,18,4,N,0.5555555555555556,7,true
2013-11-17,11,21:00,20,4,N,0.5,9,true
2013-11-17,11,22:00,22,4,N,0.45454545454545453,11,true
2013-11-17,11,23:00,24,4,N,0.4166666666666667,13,true
2013-11-18,11,20:00,17,1,N,1.0,0,false
2013-11-18,11,21:00,19,1,N,1.0,0,false
2013-11-18,11,22:00,21,1,N,1.0,0,false
2013-11-18,11,23:00,23,1,N,1.0,0,false
2013-11-19,11,20:00,18,4,SW,0.5555555555555556,16,true
2013-11-19,11,21:00,20,4,SW,0.5,18,true
2013-11-19,11,22:00,22,5,SW,0.45454545454545453,20,true
2013-11-19,11,23:00,24,5,S,0.4166666666666667,22,true
2013-11-20,11,20:00,18,6,N,0.5555555555555556,2,true
2013-11-20,11,21:00,20,6,N,0.6,2,true
2013-11-20,11,22:00,22,7,N,0.5454545454545454,4,true
2013-11-20,11,23:00,24,7,N,0.5416666666666666,4,true
2013-11-21,11,20:00,18,1,N,1.0,0,false
2013-11-21,11,21:00,20,1,N,1.0,0,false
2013-11-21,11,22:00,22,1,N,1.0,0,false
2013-11-21,11,23:00,24,1,N,1.0,0,false
2013-11-22,11,20:00,18,3,S,0.7222222222222222,18,true
2013-11-22,11,21:00,20,3,S,0.75,20,true
2013-11-22,11,22:00,22,3,S,0.7727272727272727,22,true
2013-11-22,11,23:00,24,3,S,0.7916666666666666,24,true
2013-11-23,11,20:00,18,5,N,0.3888888888888889,3,true
2013-11-23,11,21:00,20,5,N,0.35,5,true
2013-11-23,11,22:00,22,5,N,0.3181818181818182,7,true
2013-11-23,11,23:00,24,6,S,0.3333333333333333,9,true
2013-11-24,11,20:00,18,2,N,0.9444444444444444,0,true
2013-11-24,11,21:00,20,2,N,0.95,0,true
2013-11-24,11,22:00,22,2,N,0.9545454545454546,0,true
2013-11-24,11,23:00,24,2,N,0.9583333333333334,0,true
2013-11-25,11,20:00,18,1,N,1.0,0,false
2013-11-25,11,21:00,20,1,N,1.0,0,false
2013-11-25,11,22:00,22,1,N,1.0,0,false
2013-11-25,11,23:00,24,1,N,1.0,0,false
2013-11-26,11,20:00,18,4,S,0.4444444444444444,9,true
2013-11-26,11,21:00,20,4,S,0.5,11,true
2013-11-26,11,22:00,22,4,S,0.5454545454545454,13,true
2013-11-26,11,23:00,24,4,S,0.5833333333333334,15,true
2013-11-27,11,20:00,18,1,S,1.0,18,false
2013-11-27,11,21:00,20,2,S,0.95,20,true
2013-11-27,11,22:00,20,2,S,0.95,20,true
2013-11-27,11,23:00,21,2,S,0.9523809523809523,21,true
2013-11-28,11,20:00,18,2,S,0.6111111111111112,18,true
2013-11-28,11,21:00,20,2,S,0.6,20,true
2013-11-28,11,22:00,22,2,S,0.6363636363636364,22,true
2013-11-28,11,23:00,24,2,S,0.625,24,true
2013-11-29,11,20:00,18,6,S,0.5,12,true
2013-11-29,11,21:00,20,6,S,0.45,12,true
2013-11-29,11,22:00,22,6,S,0.4090909090909091,12,true
2013-11-29,11,23:00,24,6,N,0.375,12,true
2013-11-30,11,20:00,18,1,N,1.0,0,false
2013-11-30,11,21:00,20,1,N,1.0,0,false
2013-11-30,11,22:00,22,1,N,1.0,0,false
2013-11-30,11,23:00,24,1,N,1.0,0,false
2013-12-01,12,20:00,18,3,N,0.5555555555555556,0,true
2013-12-01,12,21:00,20,3,N,0.6,0,true
2013-12-01,12,22:00,22,3,N,0.6363636363636364,0,true
2013-12-01,12,23:00,24,3,N,0.6666666666666666,0,true
2013-12-02,12,20:00,18,5,N,0.4444444444444444,2,true
2013-12-02,12,21:00,20,5,N,0.45,2,true
2013-12-02,12,22:00,22,5,N,0.5,2,true
2013-12-02,12,23:00,24,5,N,0.5416666666666666,2,true
2013-12-03,12,20:00,18,2,NE,0.5555555555555556,0,true
2013-12-03,12,21:00,20,2,N,0.5,0,true
2013-12-03,12,22:00,22,2,N,0.5454545454545454,0,true
2013-12-03,12,23:00,24,2,N,0.5833333333333334,0,true
2013-12-04,12,20:00,18,1,N,1.0,0,false
2013-12-04,12,21:00,20,1,N,1.0,0,false
2013-12-04,12,22:00,22,1,N,1.0,0,false
2013-12-04,12,23:00,24,1,N,1.0,0,false
2013-12-05,12,20:00,17,2,N,0.9411764705882353,0,true
2013-12-05,12,21:00,19,2,N,0.9473684210526315,0,true
2013-12-05,12,22:00,21,2,N,0.9523809523809523,0,true
2013-12-05,12,23:00,23,2,N,0.9565217391304348,0,true
2013-12-06,12,20:00,15,2,N,0.8,0,true
2013-12-06,12,21:00,17,2,N,0.8235294117647058,0,true
2013-12-06,12,22:00,19,2,N,0.8421052631578947,0,true
2013-12-06,12,23:00,21,2,N,0.8571428571428571,0,true
2013-12-07,12,20:00,18,1,N,1.0,0,false
2013-12-07,12,21:00,20,1,N,1.0,0,false
2013-12-07,12,22:00,22,1,N,1.0,0,false
2013-12-07,12,23:00,24,1,N,1.0,0,false
2013-12-08,12,20:00,18,2,N,0.9444444444444444,0,true
2013-12-08,12,21:00,20,2,N,0.95,0,true
2013-12-08,12,22:00,22,2,N,0.9545454545454546,0,true
2013-12-08,12,23:00,24,2,N,0.9583333333333334,0,true
2013-12-09,12,20:00,18,2,N,0.7777777777777778,0,true
2013-12-09,12,21:00,20,2,N,0.8,0,true
2013-12-09,12,22:00,22,3,N,0.7727272727272727,0,true
2013-12-09,12,23:00,24,3,N,0.75,0,true
2013-12-10,12,20:00,18,2,N,0.8333333333333334,0,true
2013-12-10,12,21:00,20,2,N,0.85,0,true
2013-12-10,12,22:00,22,2,N,0.8636363636363636,0,true
2013-12-10,12,23:00,24,2,N,0.875,0,true
2013-12-11,12,20:00,18,1,N,1.0,0,false
2013-12-11,12,21:00,20,1,N,1.0,0,false
2013-12-11,12,22:00,22,1,N,1.0,0,false
2013-12-11,12,23:00,24,1,N,1.0,0,false
2013-12-12,12,20:00,18,1,N,1.0,0,false
2013-12-12,12,21:00,20,1,N,1.0,0,false
2013-12-12,12,22:00,22,1,N,1.0,0,false
2013-12-12,12,23:00,24,1,N,1.0,0,false
2013-12-13,12,20:00,18,2,N,0.9444444444444444,0,true
2013-12-13,12,21:00,20,2,N,0.95,0,true
2013-12-13,12,22:00,22,2,N,0.9545454545454546,0,true
2013-12-13,12,23:00,24,2,N,0.9583333333333334,0,true
2013-12-14,12,20:00,18,1,N,1.0,0,false
2013-12-14,12,21:00,20,1,N,1.0,0,false
2013-12-14,12,22:00,22,1,N,1.0,0,false
2013-12-14,12,23:00,24,1,N,1.0,0,false
2013-12-15,12,20:00,18,2,N,0.9444444444444444,0,true
2013-12-15,12,21:00,20,2,N,0.95,0,true
2013-12-15,12,22:00,22,2,N,0.9545454545454546,0,true
2013-12-15,12,23:00,24,2,N,0.9583333333333334,0,true
2013-12-16,12,20:00,18,1,N,1.0,0,false
2013-12-16,12,21:00,20,1,N,1.0,0,false
2013-12-16,12,22:00,22,1,N,1.0,0,false
2013-12-16,12,23:00,24,1,N,1.0,0,false
2013-12-17,12,20:00,18,2,N,0.9444444444444444,0,true
2013-12-17,12,21:00,20,3,N,0.9,0,true
2013-12-17,12,22:00,22,4,N,0.8181818181818182,2,true
2013-12-17,12,23:00,24,4,N,0.75,4,true
2013-12-18,12,20:00,18,6,N,0.3333333333333333,7,true
2013-12-18,12,21:00,20,6,N,0.4,7,true
2013-12-18,12,22:00,22,6,N,0.45454545454545453,7,true
2013-12-18,12,23:00,24,6,N,0.5,7,true
2013-12-19,12,20:00,18,4,S,0.5555555555555556,12,true
2013-12-19,12,21:00,20,4,S,0.6,14,true
2013-12-19,12,22:00,22,4,S,0.6363636363636364,16,true
2013-12-19,12,23:00,24,4,S,0.6666666666666666,18,true
2013-12-20,12,20:00,18,5,S,0.6666666666666666,14,true
2013-12-20,12,21:00,20,5,S,0.6,14,true
2013-12-20,12,22:00,22,5,S,0.5454545454545454,14,true
2013-12-20,12,23:00,24,6,S,0.5,14,true
2013-12-21,12,20:00,18,1,N,1.0,0,false
2013-12-21,12,21:00,20,1,N,1.0,0,false
2013-12-21,12,22:00,22,1,N,1.0,0,false
2013-12-21,12,23:00,24,1,N,1.0,0,false
2013-12-22,12,20:00,18,3,S,0.7777777777777778,15,true
2013-12-22,12,21:00,20,3,S,0.8,17,true
2013-12-22,12,22:00,22,3,S,0.8181818181818182,19,true
2013-12-22,12,23:00,24,3,S,0.8333333333333334,21,true
2013-12-23,12,20:00,18,6,NE,0.3333333333333333,4,true
2013-12-23,12,21:00,20,6,NE,0.35,4,true
2013-12-23,12,22:00,22,6,N,0.36363636363636365,4,true
2013-12-23,12,23:00,24,6,N,0.4166666666666667,4,true
2013-12-24,12,20:00,18,1,N,1.0,0,false
2013-12-24,12,21:00,20,1,N,1.0,0,false
2013-12-24,12,22:00,22,1,N,1.0,0,false
2013-12-24,12,23:00,24,1,N,1.0,0,false
2013-12-25,12,20:00,18,2,N,0.8333333333333334,0,true
2013-12-25,12,21:00,20,2,N,0.85,0,true
2013-12-25,12,22:00,22,2,N,0.8636363636363636,0,true
2013-12-25,12,23:00,24,2,N,0.875,0,true
2013-12-26,12,20:00,18,2,S,0.8888888888888888,18,true
2013-12-26,12,21:00,20,2,S,0.9,20,true
2013-12-26,12,22:00,22,2,S,0.9090909090909091,22,true
2013-12-26,12,23:00,24,2,S,0.9166666666666666,24,true
2013-12-27,12,20:00,18,1,S,1.0,18,false
2013-12-27,12,21:00,20,1,S,1.0,20,false
2013-12-27,12,22:00,22,2,S,0.9090909090909091,22,true
2013-12-27,12,23:00,24,2,S,0.875,24,true
2013-12-28,12,20:00,18,1,S,1.0,18,false
2013-12-28,12,21:00,20,1,S,1.0,20,false
2013-12-28,12,22:00,22,1,S,1.0,22,false
2013-12-28,12,23:00,24,2,S,0.9166666666666666,24,true
2013-12-29,12,20:00,18,6,S,0.5,13,true
2013-12-29,12,21:00,20,6,S,0.55,15,true
2013-12-29,12,22:00,22,6,S,0.5454545454545454,17,true
2013-12-29,12,23:00,24,6,S,0.5833333333333334,19,true
2013-12-30,12,20:00,16,3,N,0.8125,0,true
2013-12-30,12,21:00,18,3,N,0.8333333333333334,0,true
2013-12-30,12,22:00,20,3,N,0.85,0,true
2013-12-30,12,23:00,22,3,N,0.8636363636363636,0,true
2013-12-31,12,20:00,18,2,NW,0.6111111111111112,0,true
2013-12-31,12,21:00,20,2,NW,0.65,0,true
2013-12-31,12,22:00,22,2,NW,0.6818181818181818,0,true
2013-12-31,12,23:00,24,2,NW,0.7083333333333334,0,true
2014-01-01,1,20:00,16,1,N,1.0,0,false
2014-01-01,1,21:00,18,1,N,1.0,0,false
2014-01-01,1,22:00,20,1,N,1.0,0,false
2014-01-01,1,23:00,22,1,N,1.0,0,false
2014-01-02,1,20:00,18,2,N,0.8333333333333334,0,true
2014-01-02,1,21:00,20,2,N,0.8,0,true
2014-01-02,1,22:00,22,2,N,0.8181818181818182,0,true
2014-01-02,1,23:00,24,2,N,0.8333333333333334,0,true
2014-01-03,1,20:00,18,2,N,0.9444444444444444,0,true
2014-01-03,1,21:00,20,2,N,0.95,0,true
2014-01-03,1,22:00,22,2,N,0.9545454545454546,0,true
2014-01-03,1,23:00,24,2,N,0.9583333333333334,0,true
2014-01-04,1,20:00,18,1,N,1.0,0,false
2014-01-04,1,21:00,20,1,N,1.0,0,false
2014-01-04,1,22:00,22,1,N,1.0,0,false
2014-01-04,1,23:00,24,1,N,1.0,0,false
2014-01-05,1,20:00,18,3,N,0.7222222222222222,0,true
2014-01-05,1,21:00,20,3,N,0.75,0,true
2014-01-05,1,22:00,22,3,N,0.7727272727272727,0,true
2014-01-05,1,23:00,24,3,N,0.7916666666666666,0,true
2014-01-06,1,20:00,18,2,N,0.8333333333333334,0,true
2014-01-06,1,21:00,20,2,N,0.85,0,true
2014-01-06,1,22:00,22,2,N,0.8636363636363636,0,true
2014-01-06,1,23:00,24,2,N,0.875,0,true
2014-01-07,1,20:00,18,1,N,1.0,0,false
2014-01-07,1,21:00,20,1,N,1.0,0,false
2014-01-07,1,22:00,22,1,N,1.0,0,false
2014-01-07,1,23:00,24,1,N,1.0,0,false
2014-01-08,1,20:00,18,2,N,0.7222222222222222,0,true
2014-01-08,1,21:00,20,2,N,0.75,0,true
2014-01-08,1,22:00,22,2,N,0.7272727272727273,0,true
2014-01-08,1,23:00,24,2,N,0.7083333333333334,0,true
2014-01-09,1,20:00,18,1,S,1.0,18,false
2014-01-09,1,21:00,20,1,S,1.0,20,false
2014-01-09,1,22:00,22,1,S,1.0,22,false
2014-01-09,1,23:00,24,1,S,1.0,24,false
2014-01-10,1,20:00,18,3,S,0.3888888888888889,7,true
2014-01-10,1,21:00,20,3,NE,0.35,7,true
2014-01-10,1,22:00,22,3,N,0.36363636363636365,7,true
2014-01-10,1,23:00,24,3,N,0.4166666666666667,7,true
2014-01-11,1,20:00,18,2,N,0.9444444444444444,0,true
2014-01-11,1,21:00,20,2,N,0.9,0,true
2014-01-11,1,22:00,22,2,N,0.9090909090909091,0,true
2014-01-11,1,23:00,24,3,N,0.875,0,true
2014-01-12,1,20:00,18,1,N,1.0,0,false
2014-01-12,1,21:00,20,1,N,1.0,0,false
2014-01-12,1,22:00,22,1,N,1.0,0,false
2014-01-12,1,23:00,24,1,N,1.0,0,false
2014-01-13,1,20:00,4,2,N,0.75,0,true
2014-01-13,1,21:00,6,2,N,0.6666666666666666,0,true
2014-01-13,1,22:00,8,2,N,0.625,0,true
2014-01-13,1,23:00,10,2,N,0.5,0,true
2014-01-14,1,20:00,18,6,N,0.3888888888888889,2,true
2014-01-14,1,21:00,20,6,N,0.4,3,true
2014-01-14,1,22:00,22,6,N,0.36363636363636365,5,true
2014-01-14,1,23:00,24,6,N,0.3333333333333333,7,true
2014-01-15,1,20:00,18,6,SE,0.5555555555555556,15,true
2014-01-15,1,21:00,20,6,SE,0.5,15,true
2014-01-15,1,22:00,22,6,SE,0.45454545454545453,15,true
2014-01-15,1,23:00,24,6,SE,0.4166666666666667,15,true
2014-01-16,1,20:00,18,1,N,1.0,0,false
2014-01-16,1,21:00,20,1,N,1.0,0,false
2014-01-16,1,22:00,22,1,N,1.0,0,false
2014-01-16,1,23:00,24,1,N,1.0,0,false
2014-01-17,1,20:00,18,3,S,0.6111111111111112,17,true
2014-01-17,1,21:00,20,5,S,0.55,17,true
2014-01-17,1,22:00,22,6,S,0.5,17,true
2014-01-17,1,23:00,24,6,S,0.5416666666666666,19,true
2014-01-18,1,20:00,18,1,S,1.0,18,false
2014-01-18,1,21:00,20,1,S,1.0,20,false
2014-01-18,1,22:00,22,1,S,1.0,22,false
2014-01-18,1,23:00,24,1,S,1.0,24,false
2014-01-19,1,20:00,18,1,N,1.0,0,false
2014-01-19,1,21:00,20,1,N,1.0,0,false
2014-01-19,1,22:00,22,1,N,1.0,0,false
2014-01-19,1,23:00,24,1,N,1.0,0,false
2014-01-20,1,20:00,18,1,N,1.0,0,false
2014-01-20,1,21:00,20,1,N,1.0,0,false
2014-01-20,1,22:00,22,1,N,1.0,0,false
2014-01-20,1,23:00,24,1,N,1.0,0,false
2014-01-21,1,20:00,18,3,S,0.7222222222222222,18,true
2014-01-21,1,21:00,20,3,S,0.75,20,true
2014-01-21,1,22:00,22,3,S,0.6818181818181818,22,true
2014-01-21,1,23:00,24,3,S,0.7083333333333334,24,true
2014-01-22,1,20:00,18,5,N,0.3888888888888889,6,true
2014-01-22,1,21:00,20,5,N,0.45,6,true
2014-01-22,1,22:00,22,5,N,0.5,6,true
2014-01-22,1,23:00,24,5,N,0.5416666666666666,6,true
2014-01-23,1,20:00,18,3,N,0.8333333333333334,0,true
2014-01-23,1,21:00,20,3,N,0.85,0,true
2014-01-23,1,22:00,22,3,N,0.8636363636363636,0,true
2014-01-23,1,23:00,24,3,N,0.875,0,true
2014-01-24,1,20:00,18,2,N,0.8888888888888888,0,true
2014-01-24,1,21:00,20,3,N,0.85,1,true
2014-01-24,1,22:00,22,4,N,0.7727272727272727,3,true
2014-01-24,1,23:00,24,4,N,0.7083333333333334,5,true
2014-01-25,1,20:00,18,2,N,0.5555555555555556,0,true
2014-01-25,1,21:00,20,2,N,0.6,0,true
2014-01-25,1,22:00,22,2,N,0.6363636363636364,0,true
2014-01-25,1,23:00,24,2,N,0.6666666666666666,0,true
2014-01-26,1,20:00,18,2,N,0.7222222222222222,0,true
2014-01-26,1,21:00,20,2,N,0.75,0,true
2014-01-26,1,22:00,22,2,N,0.7727272727272727,0,true
2014-01-26,1,23:00,24,2,N,0.7916666666666666,0,true
2014-01-27,1,20:00,18,2,S,0.9444444444444444,17,true
2014-01-27,1,21:00,20,2,S,0.95,19,true
2014-01-27,1,22:00,22,2,S,0.9545454545454546,21,true
2014-01-27,1,23:00,24,2,S,0.9583333333333334,23,true
2014-01-28,1,20:00,18,1,S,1.0,18,false
2014-01-28,1,21:00,20,1,S,1.0,20,false
2014-01-28,1,22:00,22,1,S,1.0,22,false
2014-01-28,1,23:00,24,1,S,1.0,24,false
2014-01-29,1,20:00,18,4,NE,0.5,6,true
2014-01-29,1,21:00,20,4,NE,0.45,6,true
2014-01-29,1,22:00,22,5,NE,0.4090909090909091,7,true
2014-01-29,1,23:00,24,5,NE,0.4166666666666667,7,true
2014-01-30,1,20:00,18,1,N,1.0,0,false
2014-01-30,1,21:00,20,1,N,1.0,0,false
2014-01-30,1,22:00,22,1,N,1.0,0,false
2014-01-30,1,23:00,24,1,N,1.0,0,false
2014-01-31,1,20:00,18,1,S,1.0,18,false
2014-01-31,1,21:00,20,2,S,0.95,19,true
2014-01-31,1,22:00,22,3,S,0.9090909090909091,21,true
2014-01-31,1,23:00,24,3,S,0.9166666666666666,23,true
2014-02-01,2,20:00,18,3,S,0.5555555555555556,15,true
2014-02-01,2,21:00,20,3,S,0.55,17,true
2014-02-01,2,22:00,22,3,S,0.5909090909090909,19,true
2014-02-01,2,23:00,24,3,S,0.5833333333333334,21,true
2014-02-02,2,20:00,18,2,S,0.7777777777777778,18,true
2014-02-02,2,21:00,20,2,S,0.75,20,true
2014-02-02,2,22:00,22,2,S,0.7727272727272727,22,true
2014-02-02,2,23:00,24,2,S,0.7916666666666666,24,true
2014-02-03,2,20:00,17,5,S,0.4117647058823529,8,true
2014-02-03,2,21:00,19,5,NE,0.42105263157894735,8,true
2014-02-03,2,22:00,21,5,NE,0.42857142857142855,8,true
2014-02-03,2,23:00,23,5,NE,0.391304347826087,10,true
2014-02-04,2,20:00,18,2,N,0.8888888888888888,0,true
2014-02-04,2,21:00,20,2,N,0.9,0,true
2014-02-04,2,22:00,22,2,N,0.9090909090909091,0,true
2014-02-04,2,23:00,24,2,N,0.9166666666666666,0,true
2014-02-05,2,20:00,18,1,N,1.0,0,false
2014-02-05,2,21:00,20,2,N,0.9,0,true
2014-02-05,2,22:00,22,2,N,0.8636363636363636,0,true
2014-02-05,2,23:00,24,3,N,0.7916666666666666,2,true
2014-02-06,2,20:00,18,2,S,0.9444444444444444,18,true
2014-02-06,2,21:00,20,2,S,0.9,20,true
2014-02-06,2,22:00,22,2,S,0.9090909090909091,22,true
2014-02-06,2,23:00,24,2,S,0.875,24,true
2014-02-07,2,20:00,18,4,SE,0.5555555555555556,11,true
2014-02-07,2,21:00,20,4,SE,0.5,11,true
2014-02-07,2,22:00,22,4,SE,0.45454545454545453,11,true
2014-02-07,2,23:00,24,4,SE,0.4166666666666667,11,true
2014-02-08,2,20:00,18,4,SW,0.7777777777777778,16,true
2014-02-08,2,21:00,20,4,SW,0.8,18,true
2014-02-08,2,22:00,22,4,SW,0.7727272727272727,20,true
2014-02-08,2,23:00,24,4,SW,0.7083333333333334,22,true
2014-02-09,2,20:00,18,2,S,0.9444444444444444,18,true
2014-02-09,2,21:00,20,2,S,0.95,20,true
2014-02-09,2,22:00,22,2,S,0.9545454545454546,22,true
2014-02-09,2,23:00,24,2,S,0.9583333333333334,24,true
2014-02-10,2,20:00,18,1,S,1.0,18,false
2014-02-10,2,21:00,20,1,S,1.0,20,false
2014-02-10,2,22:00,22,1,S,1.0,22,false
2014-02-10,2,23:00,24,1,S,1.0,24,false
2014-02-11,2,20:00,18,4,N,0.3888888888888889,9,true
2014-02-11,2,21:00,20,4,N,0.45,9,true
2014-02-11,2,22:00,22,4,N,0.5,9,true
2014-02-11,2,23:00,24,4,N,0.5416666666666666,9,true
2014-02-12,2,20:00,18,1,N,1.0,0,false
2014-02-12,2,21:00,20,1,N,1.0,0,false
2014-02-12,2,22:00,22,1,N,1.0,0,false
2014-02-12,2,23:00,24,1,N,1.0,0,false
2014-02-13,2,20:00,18,7,N,0.3888888888888889,3,true
2014-02-13,2,21:00,20,7,N,0.45,3,true
2014-02-13,2,22:00,22,7,N,0.45454545454545453,3,true
2014-02-13,2,23:00,24,7,N,0.4583333333333333,3,true
2014-02-14,2,20:00,18,2,N,0.6666666666666666,0,true
2014-02-14,2,21:00,20,2,N,0.7,0,true
2014-02-14,2,22:00,22,2,N,0.6818181818181818,0,true
2014-02-14,2,23:00,24,3,N,0.625,2,true
2014-02-15,2,20:00,18,2,N,0.6666666666666666,0,true
2014-02-15,2,21:00,20,2,N,0.7,0,true
2014-02-15,2,22:00,22,2,N,0.7272727272727273,0,true
2014-02-15,2,23:00,24,2,N,0.75,0,true
2014-02-16,2,20:00,18,2,N,0.9444444444444444,0,true
2014-02-16,2,21:00,20,2,N,0.9,0,true
2014-02-16,2,22:00,22,2,N,0.8636363636363636,0,true
2014-02-16,2,23:00,24,2,N,0.875,0,true
2014-02-17,2,20:00,18,1,N,1.0,0,false
2014-02-17,2,21:00,20,1,N,1.0,0,false
2014-02-17,2,22:00,22,1,N,1.0,0,false
2014-02-17,2,23:00,24,1,N,1.0,0,false
2014-02-18,2,20:00,18,1,N,1.0,0,false
2014-02-18,2,21:00,20,1,N,1.0,0,false
2014-02-18,2,22:00,22,1,N,1.0,0,false
2014-02-18,2,23:00,24,1,N,1.0,0,false
2014-02-19,2,20:00,18,3,N,0.7777777777777778,0,true
2014-02-19,2,21:00,20,4,N,0.75,1,true
2014-02-19,2,22:00,22,4,N,0.6818181818181818,3,true
2014-02-19,2,23:00,24,4,N,0.625,5,true
2014-02-20,2,20:00,18,5,SW,0.5555555555555556,11,true
2014-02-20,2,21:00,20,5,SW,0.5,11,true
2014-02-20,2,22:00,22,6,SW,0.45454545454545453,12,true
2014-02-20,2,23:00,24,6,SW,0.4166666666666667,14,true
2014-02-21,2,20:00,0,0,,0.0,0,false
2014-02-21,2,21:00,0,0,,0.0,0,false
2014-02-21,2,22:00,0,0,,0.0,0,false
2014-02-21,2,23:00,0,0,,0.0,0,false
2014-02-22,2,20:00,18,1,N,1.0,0,false
2014-02-22,2,21:00,20,1,N,1.0,0,false
2014-02-22,2,22:00,22,1,N,1.0,0,false
2014-02-22,2,23:00,24,1,N,1.0,0,false
2014-02-23,2,20:00,18,1,N,1.0,0,false
2014-02-23,2,21:00,20,1,N,1.0,0,false
2014-02-23,2,22:00,22,2,N,0.9090909090909091,0,true
2014-02-23,2,23:00,24,2,N,0.875,0,true
2014-02-24,2,20:00,18,7,S,0.3888888888888889,12,true
2014-02-24,2,21:00,20,7,S,0.35,12,true
2014-02-24,2,22:00,22,7,S,0.3181818181818182,12,true
2014-02-24,2,23:00,24,7,N,0.2916666666666667,12,true
2014-02-25,2,20:00,18,4,N,0.7222222222222222,0,true
2014-02-25,2,21:00,20,5,N,0.65,2,true
2014-02-25,2,22:00,22,5,N,0.5909090909090909,4,true
2014-02-25,2,23:00,24,5,N,0.5416666666666666,6,true
2014-02-26,2,20:00,18,6,NE,0.5,2,true
2014-02-26,2,21:00,20,6,NE,0.5,3,true
2014-02-26,2,22:00,20,6,NE,0.5,3,true
2014-02-26,2,23:00,20,6,NE,0.5,3,true
2014-02-28,2,20:00,0,0,,0.0,0,false
2014-02-28,2,21:00,0,0,,0.0,0,false
2014-02-28,2,22:00,1,1,N,1.0,0,false
2014-02-28,2,23:00,3,1,N,1.0,0,false
2014-03-01,3,20:00,18,1,S,1.0,18,false
2014-03-01,3,21:00,20,1,S,1.0,20,false
2014-03-01,3,22:00,22,1,S,1.0,22,false
2014-03-01,3,23:00,24,1,S,1.0,24,false
2014-03-02,3,20:00,18,4,N,0.5,0,true
2014-03-02,3,21:00,20,4,N,0.45,0,true
2014-03-02,3,22:00,22,4,N,0.45454545454545453,0,true
2014-03-02,3,23:00,24,4,N,0.5,0,true
2014-03-03,3,20:00,18,2,N,0.6666666666666666,0,true
2014-03-03,3,21:00,20,3,N,0.6,0,true
2014-03-03,3,22:00,22,3,N,0.5454545454545454,0,true
2014-03-03,3,23:00,24,4,N,0.5,1,true
2014-03-04,3,20:00,18,4,N,0.3888888888888889,0,true
2014-03-04,3,21:00,20,4,N,0.45,0,true
2014-03-04,3,22:00,22,4,N,0.4090909090909091,0,true
2014-03-04,3,23:00,24,5,N,0.375,1,true
2014-03-05,3,20:00,18,2,SW,0.6111111111111112,18,true
2014-03-05,3,21:00,20,2,SW,0.55,20,true
2014-03-05,3,22:00,22,2,SW,0.5909090909090909,22,true
2014-03-05,3,23:00,24,2,SW,0.5833333333333334,24,true
2014-03-06,3,20:00,18,1,S,1.0,18,false
2014-03-06,3,21:00,20,1,S,1.0,20,false
2014-03-06,3,22:00,22,1,S,1.0,22,false
2014-03-06,3,23:00,24,1,S,1.0,24,false
2014-03-07,3,20:00,18,2,NE,0.6111111111111112,0,true
2014-03-07,3,21:00,20,2,NE,0.55,0,true
2014-03-07,3,22:00,22,2,NE,0.5454545454545454,0,true
2014-03-07,3,23:00,24,2,N,0.5,0,true
2014-03-08,3,20:00,18,1,N,1.0,0,false
2014-03-08,3,21:00,20,1,N,1.0,0,false
2014-03-08,3,22:00,22,1,N,1.0,0,false
2014-03-08,3,23:00,24,1,N,1.0,0,false
2014-03-09,3,20:00,18,4,NE,0.7222222222222222,1,true
2014-03-09,3,21:00,20,4,NE,0.7,1,true
2014-03-09,3,22:00,22,5,NE,0.6363636363636364,3,true
2014-03-09,3,23:00,24,5,NE,0.5833333333333334,5,true
2014-03-10,3,20:00,18,2,S,0.9444444444444444,18,true
2014-03-10,3,21:00,20,2,S,0.95,20,true
2014-03-10,3,22:00,22,2,S,0.9545454545454546,22,true
2014-03-10,3,23:00,24,2,S,0.9583333333333334,24,true
2014-03-11,3,20:00,18,3,N,0.6111111111111112,0,true
2014-03-11,3,21:00,20,3,N,0.6,0,true
2014-03-11,3,22:00,22,3,N,0.6363636363636364,0,true
2014-03-11,3,23:00,24,3,N,0.5833333333333334,0,true
2014-03-12,3,20:00,18,2,SW,0.7777777777777778,18,true
2014-03-12,3,21:00,20,2,SW,0.8,20,true
2014-03-12,3,22:00,22,2,SW,0.7272727272727273,22,true
2014-03-12,3,23:00,24,2,SW,0.6666666666666666,24,true
2014-03-13,3,20:00,18,1,N,1.0,0,false
2014-03-13,3,21:00,20,1,N,1.0,0,false
2014-03-13,3,22:00,22,1,N,1.0,0,false
2014-03-13,3,23:00,24,1,N,1.0,0,false
2014-03-14,3,20:00,18,2,N,0.8888888888888888,0,true
2014-03-14,3,21:00,20,2,N,0.8,0,true
2014-03-14,3,22:00,22,2,N,0.8181818181818182,0,true
2014-03-14,3,23:00,24,4,N,0.75,2,true
2014-03-15,3,20:00,18,2,S,0.8888888888888888,18,true
2014-03-15,3,21:00,20,2,S,0.9,20,true
2014-03-15,3,22:00,22,2,S,0.9090909090909091,22,true
2014-03-15,3,23:00,24,2,S,0.9166666666666666,24,true
2014-03-16,3,20:00,18,4,NE,0.6666666666666666,0,true
2014-03-16,3,21:00,20,4,NE,0.7,0,true
2014-03-16,3,22:00,22,4,NE,0.7272727272727273,0,true
2014-03-16,3,23:00,24,4,NE,0.75,0,true
2014-03-17,3,20:00,18,2,N,0.6111111111111112,0,true
2014-03-17,3,21:00,20,2,N,0.65,0,true
2014-03-17,3,22:00,22,2,N,0.6818181818181818,0,true
2014-03-17,3,23:00,24,2,N,0.7083333333333334,0,true
2014-03-18,3,20:00,18,1,N,1.0,0,false
2014-03-18,3,21:00,20,2,N,0.95,0,true
2014-03-18,3,22:00,22,2,N,0.9545454545454546,0,true
2014-03-18,3,23:00,24,2,N,0.9583333333333334,0,true
2014-03-19,3,20:00,18,2,N,0.8888888888888888,0,true
2014-03-19,3,21:00,20,2,N,0.9,0,true
2014-03-19,3,22:00,22,2,N,0.9090909090909091,0,true
2014-03-19,3,23:00,24,2,N,0.9166666666666666,0,true
2014-03-20,3,20:00,18,1,N,1.0,0,false
2014-03-20,3,21:00,20,1,N,1.0,0,false
2014-03-20,3,22:00,22,1,N,1.0,0,false
2014-03-20,3,23:00,24,1,N,1.0,0,false
2014-03-21,3,20:00,18,2,S,0.9444444444444444,18,true
2014-03-21,3,21:00,20,2,S,0.9,20,true
2014-03-21,3,22:00,22,2,S,0.8636363636363636,22,true
2014-03-21,3,23:00,24,2,S,0.875,24,true
2014-03-22,3,20:00,18,3,SE,0.7777777777777778,17,true
2014-03-22,3,21:00,20,3,SE,0.8,19,true
2014-03-22,3,22:00,22,3,SE,0.8181818181818182,21,true
2014-03-22,3,23:00,24,3,SE,0.8333333333333334,23,true
2014-03-23,3,20:00,18,7,SE,0.3333333333333333,9,true
2014-03-23,3,21:00,20,7,SE,0.3,10,true
2014-03-23,3,22:00,22,7,SE,0.2727272727272727,12,true
2014-03-23,3,23:00,24,7,S,0.25,14,true
2014-03-24,3,20:00,18,1,N,1.0,0,false
2014-03-24,3,21:00,20,1,N,1.0,0,false
2014-03-24,3,22:00,22,1,N,1.0,0,false
2014-03-24,3,23:00,24,1,N,1.0,0,false
2014-03-25,3,20:00,18,1,N,1.0,0,false
2014-03-25,3,21:00,20,1,N,1.0,0,false
2014-03-25,3,22:00,22,1,N,1.0,0,false
2014-03-25,3,23:00,24,1,N,1.0,0,false
2014-03-26,3,20:00,18,1,S,1.0,18,false
2014-03-26,3,21:00,20,1,S,1.0,20,false
2014-03-26,3,22:00,22,1,S,1.0,22,false
2014-03-26,3,23:00,24,1,S,1.0,24,false
2014-03-27,3,20:00,18,3,NE,0.7777777777777778,1,true
2014-03-27,3,21:00,20,3,NE,0.7,3,true
2014-03-27,3,22:00,22,4,NE,0.6363636363636364,5,true
2014-03-27,3,23:00,24,4,NE,0.5833333333333334,7,true
2014-03-28,3,20:00,18,2,N,0.7777777777777778,0,true
2014-03-28,3,21:00,20,2,N,0.75,0,true
2014-03-28,3,22:00,22,2,N,0.7272727272727273,0,true
2014-03-28,3,23:00,24,2,N,0.7083333333333334,0,true
2014-03-29,3,20:00,18,1,N,1.0,0,false
2014-03-29,3,21:00,20,1,N,1.0,0,false
2014-03-29,3,22:00,22,1,N,1.0,0,false
2014-03-29,3,23:00,24,1,N,1.0,0,false
2014-03-30,3,20:00,18,1,N,1.0,0,false
2014-03-30,3,21:00,20,1,N,1.0,0,false
2014-03-30,3,22:00,22,1,N,1.0,0,false
2014-03-30,3,23:00,24,1,N,1.0,0,false
2014-03-31,3,20:00,18,1,N,1.0,0,false
2014-03-31,3,21:00,20,1,N,1.0,0,false
2014-03-31,3,22:00,22,1,N,1.0,0,false
2014-03-31,3,23:00,24,1,N,1.0,0,false
2014-04-01,4,20:00,18,3,N,0.5,0,true
2014-04-01,4,21:00,20,3,N,0.55,0,true
2014-04-01,4,22:00,22,3,N,0.5,0,true
2014-04-01,4,23:00,24,3,N,0.5416666666666666,0,true
2014-04-02,4,20:00,18,2,N,0.5,0,true
2014-04-02,4,21:00,20,2,N,0.5,0,true
2014-04-02,4,22:00,22,2,N,0.5454545454545454,0,true
2014-04-02,4,23:00,24,2,N,0.5833333333333334,0,true
2014-04-03,4,20:00,18,2,N,0.5,0,true
2014-04-03,4,21:00,20,2,N,0.55,0,true
2014-04-03,4,22:00,22,2,N,0.5909090909090909,0,true
2014-04-03,4,23:00,24,2,N,0.625,0,true
2014-04-04,4,20:00,18,4,N,0.6666666666666666,1,true
2014-04-04,4,21:00,20,4,N,0.65,1,true
2014-04-04,4,22:00,22,4,N,0.5909090909090909,1,true
2014-04-04,4,23:00,24,4,N,0.625,1,true
2014-04-05,4,20:00,18,2,N,0.7222222222222222,0,true
2014-04-05,4,21:00,20,2,N,0.75,0,true
2014-04-05,4,22:00,22,2,N,0.7727272727272727,0,true
2014-04-05,4,23:00,24,4,N,0.7083333333333334,1,true
2014-04-06,4,20:00,18,5,S,0.6111111111111112,13,true
2014-04-06,4,21:00,20,5,S,0.65,15,true
2014-04-06,4,22:00,22,5,S,0.6818181818181818,17,true
2014-04-06,4,23:00,24,5,S,0.7083333333333334,19,true
2014-04-07,4,20:00,16,2,S,0.875,16,true
2014-04-07,4,21:00,18,2,S,0.8888888888888888,18,true
2014-04-07,4,22:00,20,2,S,0.9,20,true
2014-04-07,4,23:00,22,2,S,0.9090909090909091,22,true
2014-04-08,4,20:00,16,1,S,1.0,16,false
2014-04-08,4,21:00,18,1,S,1.0,18,false
2014-04-08,4,22:00,20,1,S,1.0,20,false
2014-04-08,4,23:00,22,1,S,1.0,22,false
2014-04-09,4,20:00,16,1,S,1.0,16,false
2014-04-09,4,21:00,18,1,S,1.0,18,false
2014-04-09,4,22:00,20,1,S,1.0,20,false
2014-04-09,4,23:00,22,1,S,1.0,22,false
2014-04-10,4,20:00,16,1,S,1.0,16,false
2014-04-10,4,21:00,18,1,S,1.0,18,false
2014-04-10,4,22:00,20,1,S,1.0,20,false
2014-04-10,4,23:00,22,1,S,1.0,22,false
2014-04-11,4,20:00,16,2,S,0.5,16,true
2014-04-11,4,21:00,18,2,SW,0.5555555555555556,18,true
2014-04-11,4,22:00,20,2,SW,0.6,20,true
2014-04-11,4,23:00,22,2,SW,0.6363636363636364,22,true
2014-04-12,4,20:00,16,3,N,0.75,0,true
2014-04-12,4,21:00,18,4,N,0.6666666666666666,2,true
2014-04-12,4,22:00,20,4,N,0.6,4,true
2014-04-12,4,23:00,22,5,N,0.5454545454545454,6,true
2014-04-13,4,20:00,16,2,S,0.9375,16,true
2014-04-13,4,21:00,18,2,S,0.9444444444444444,18,true
2014-04-13,4,22:00,20,2,S,0.95,20,true
2014-04-13,4,23:00,22,2,S,0.9545454545454546,22,true
2014-04-14,4,20:00,16,2,SE,0.6875,16,true
2014-04-14,4,21:00,18,2,SE,0.7222222222222222,18,true
2014-04-14,4,22:00,20,4,SE,0.65,19,true
2014-04-14,4,23:00,22,5,SE,0.5909090909090909,20,true
2014-04-15,4,20:00,16,4,N,0.6875,3,true
2014-04-15,4,21:00,18,4,N,0.6666666666666666,3,true
2014-04-15,4,22:00,20,4,N,0.7,3,true
2014-04-15,4,23:00,22,4,N,0.7272727272727273,3,true
2014-04-16,4,20:00,16,2,N,0.9375,0,true
2014-04-16,4,21:00,18,2,N,0.9444444444444444,0,true
2014-04-16,4,22:00,20,2,N,0.95,0,true
2014-04-16,4,23:00,22,2,N,0.9545454545454546,0,true
2014-04-17,4,20:00,16,1,S,1.0,16,false
2014-04-17,4,21:00,18,1,S,1.0,18,false
2014-04-17,4,22:00,20,1,S,1.0,20,false
2014-04-17,4,23:00,22,1,S,1.0,22,false
2014-04-18,4,20:00,16,1,NE,1.0,0,false
2014-04-18,4,21:00,18,1,NE,1.0,0,false
2014-04-18,4,22:00,20,1,NE,1.0,0,false
2014-04-18,4,23:00,22,1,NE,1.0,0,false
2014-04-19,4,20:00,16,2,N,0.75,0,true
2014-04-19,4,21:00,18,2,N,0.7777777777777778,0,true
2014-04-19,4,22:00,20,2,N,0.8,0,true
2014-04-19,4,23:00,22,2,N,0.8181818181818182,0,true
2014-04-20,4,20:00,16,2,N,0.9375,0,true
2014-04-20,4,21:00,18,2,N,0.9444444444444444,0,true
2014-04-20,4,22:00,20,2,N,0.95,0,true
2014-04-20,4,23:00,22,2,N,0.9545454545454546,0,true
2014-04-21,4,20:00,16,3,N,0.4375,0,true
2014-04-21,4,21:00,18,3,N,0.4444444444444444,0,true
2014-04-21,4,22:00,20,3,N,0.45,0,true
2014-04-21,4,23:00,22,3,N,0.5,0,true
2014-04-22,4,20:00,16,7,SE,0.25,6,true
2014-04-22,4,21:00,18,8,SE,0.2222222222222222,7,true
2014-04-22,4,22:00,20,8,NE,0.2,8,true
2014-04-22,4,23:00,22,8,NE,0.18181818181818182,9,true
2014-04-23,4,20:00,16,2,N,0.625,0,true
2014-04-23,4,21:00,18,2,N,0.6666666666666666,0,true
2014-04-23,4,22:00,20,2,N,0.7,0,true
2014-04-23,4,23:00,22,2,N,0.7272727272727273,0,true
2014-04-24,4,20:00,16,2,N,0.75,0,true
2014-04-24,4,21:00,18,2,N,0.7777777777777778,0,true
2014-04-24,4,22:00,20,2,N,0.8,0,true
2014-04-24,4,23:00,22,2,N,0.8181818181818182,0,true
2014-04-25,4,20:00,16,2,N,0.875,0,true
2014-04-25,4,21:00,18,2,N,0.8333333333333334,0,true
2014-04-25,4,22:00,20,2,N,0.85,0,true
2014-04-25,4,23:00,22,2,N,0.8636363636363636,0,true
2014-04-26,4,20:00,16,4,S,0.5625,11,true
2014-04-26,4,21:00,18,4,S,0.5,11,true
2014-04-26,4,22:00,20,4,S,0.45,11,true
2014-04-26,4,23:00,22,5,S,0.4090909090909091,12,true
2014-04-27,4,20:00,16,1,N,1.0,0,false
2014-04-27,4,21:00,18,2,N,0.8888888888888888,0,true
2014-04-27,4,22:00,20,2,N,0.9,0,true
2014-04-27,4,23:00,22,2,N,0.9090909090909091,0,true
2014-04-28,4,20:00,16,1,N,1.0,0,false
2014-04-28,4,21:00,18,1,N,1.0,0,false
2014-04-28,4,22:00,20,2,N,0.95,0,true
2014-04-28,4,23:00,22,2,N,0.8636363636363636,0,true
2014-04-29,4,20:00,16,2,S,0.9375,16,true
2014-04-29,4,21:00,18,2,S,0.8333333333333334,18,true
2014-04-29,4,22:00,20,2,S,0.8,20,true
2014-04-29,4,23:00,22,2,S,0.7727272727272727,22,true
2014-04-30,4,20:00,16,2,S,0.9375,16,true
2014-04-30,4,21:00,18,2,S,0.9444444444444444,18,true
2014-04-30,4,22:00,20,2,S,0.95,20,true
2014-04-30,4,23:00,22,2,S,0.9545454545454546,22,true
2014-05-01,5,20:00,16,2,SW,0.5625,16,true
2014-05-01,5,21:00,18,2,S,0.5,18,true
2014-05-01,5,22:00,20,2,S,0.5,20,true
2014-05-01,5,23:00,22,2,S,0.5,22,true
2014-05-02,5,20:00,16,3,NE,0.5625,0,true
2014-05-02,5,21:00,18,3,NE,0.5,0,true
2014-05-02,5,22:00,20,3,N,0.45,0,true
2014-05-02,5,23:00,22,3,N,0.45454545454545453,0,true
2014-05-03,5,20:00,16,2,N,0.9375,0,true
2014-05-03,5,21:00,18,2,N,0.9444444444444444,0,true
2014-05-03,5,22:00,20,2,N,0.95,0,true
2014-05-03,5,23:00,22,2,N,0.9545454545454546,0,true
2014-05-04,5,20:00,16,2,N,0.5,0,true
2014-05-04,5,21:00,18,2,N,0.5555555555555556,0,true
2014-05-04,5,22:00,20,2,N,0.6,0,true
2014-05-04,5,23:00,22,2,N,0.6363636363636364,0,true
2014-05-05,5,20:00,16,1,N,1.0,0,false
2014-05-05,5,21:00,18,1,N,1.0,0,false
2014-05-05,5,22:00,20,1,N,1.0,0,false
2014-05-05,5,23:00,22,1,N,1.0,0,false
2014-05-06,5,20:00,16,2,N,0.75,0,true
2014-05-06,5,21:00,18,2,N,0.7777777777777778,0,true
2014-05-06,5,22:00,20,2,N,0.8,0,true
2014-05-06,5,23:00,22,2,N,0.8181818181818182,0,true
2014-05-07,5,20:00,16,2,N,0.625,0,true
2014-05-07,5,21:00,18,2,N,0.6666666666666666,0,true
2014-05-07,5,22:00,20,2,N,0.7,0,true
2014-05-07,5,23:00,22,2,N,0.7272727272727273,0,true
2014-05-08,5,20:00,16,2,N,0.9375,0,true
2014-05-08,5,21:00,18,2,N,0.9444444444444444,0,true
2014-05-08,5,22:00,20,3,N,0.9,0,true
2014-05-08,5,23:00,22,3,N,0.8181818181818182,0,true
2014-05-09,5,20:00,16,4,S,0.375,6,true
2014-05-09,5,21:00,18,4,S,0.4444444444444444,8,true
2014-05-09,5,22:00,20,4,S,0.5,10,true
2014-05-09,5,23:00,22,4,S,0.5454545454545454,12,true
2014-05-10,5,20:00,16,4,N,0.625,2,true
2014-05-10,5,21:00,18,4,N,0.5555555555555556,4,true
2014-05-10,5,22:00,20,5,N,0.5,6,true
2014-05-10,5,23:00,22,5,N,0.45454545454545453,8,true
2014-05-11,5,20:00,16,2,NE,0.875,0,true
2014-05-11,5,21:00,18,2,NE,0.8333333333333334,0,true
2014-05-11,5,22:00,20,2,NE,0.75,0,true
2014-05-11,5,23:00,22,2,NE,0.7272727272727273,0,true
2014-05-12,5,20:00,16,2,N,0.5,0,true
2014-05-12,5,21:00,18,2,N,0.5555555555555556,0,true
2014-05-12,5,22:00,19,2,N,0.5789473684210527,0,true
2014-05-12,5,23:00,21,2,N,0.6190476190476191,0,true
2014-05-13,5,20:00,16,2,N,0.9375,0,true
2014-05-13,5,21:00,18,2,N,0.9444444444444444,0,true
2014-05-13,5,22:00,20,2,N,0.95,0,true
2014-05-13,5,23:00,22,2,N,0.9545454545454546,0,true
2014-05-14,5,20:00,16,6,N,0.4375,5,true
2014-05-14,5,21:00,18,6,N,0.3888888888888889,7,true
2014-05-14,5,22:00,20,6,N,0.35,9,true
2014-05-14,5,23:00,22,6,N,0.3181818181818182,11,true
2014-05-15,5,20:00,16,1,S,1.0,16,false
2014-05-15,5,21:00,18,1,S,1.0,18,false
2014-05-15,5,22:00,20,1,S,1.0,20,false
2014-05-15,5,23:00,22,1,S,1.0,22,false
2014-05-16,5,20:00,16,2,S,0.9375,16,true
2014-05-16,5,21:00,18,2,S,0.8888888888888888,18,true
2014-05-16,5,22:00,20,2,S,0.85,20,true
2014-05-16,5,23:00,22,3,S,0.8181818181818182,22,true
2014-05-17,5,20:00,16,2,N,0.625,0,true
2014-05-17,5,21:00,18,2,N,0.6111111111111112,0,true
2014-05-17,5,22:00,20,2,N,0.55,0,true
2014-05-17,5,23:00,22,2,N,0.5454545454545454,0,true
2014-05-18,5,20:00,16,2,N,0.625,0,true
2014-05-18,5,21:00,18,2,N,0.6666666666666666,0,true
2014-05-18,5,22:00,20,2,N,0.7,0,true
2014-05-18,5,23:00,22,2,N,0.7272727272727273,0,true
2014-05-19,5,20:00,16,5,N,0.625,2,true
2014-05-19,5,21:00,18,5,N,0.5555555555555556,2,true
2014-05-19,5,22:00,20,5,N,0.6,2,true
2014-05-19,5,23:00,22,5,N,0.6363636363636364,2,true
2014-05-20,5,20:00,16,2,N,0.9375,0,true
2014-05-20,5,21:00,18,2,N,0.9444444444444444,0,true
2014-05-20,5,22:00,20,2,N,0.95,0,true
2014-05-20,5,23:00,22,2,N,0.9545454545454546,0,true
2014-05-21,5,20:00,16,2,N,0.9375,0,true
2014-05-21,5,21:00,18,2,N,0.9444444444444444,0,true
2014-05-21,5,22:00,20,2,N,0.95,0,true
2014-05-21,5,23:00,22,2,N,0.9545454545454546,0,true
2014-05-22,5,20:00,16,5,S,0.5,11,true
2014-05-22,5,21:00,18,5,S,0.4444444444444444,11,true
2014-05-22,5,22:00,20,5,S,0.4,11,true
2014-05-22,5,23:00,22,5,S,0.36363636363636365,11,true
2014-05-23,5,20:00,16,1,N,1.0,0,false
2014-05-23,5,21:00,17,1,N,1.0,0,false
2014-05-23,5,22:00,19,1,N,1.0,0,false
2014-05-23,5,23:00,21,2,N,0.9047619047619048,0,true
2014-05-24,5,20:00,16,2,N,0.9375,0,true
2014-05-24,5,21:00,18,2,N,0.8888888888888888,0,true
2014-05-24,5,22:00,20,2,N,0.85,0,true
2014-05-24,5,23:00,22,2,N,0.7727272727272727,0,true
2014-05-25,5,20:00,16,7,NW,0.4375,3,true
2014-05-25,5,21:00,18,7,NW,0.3888888888888889,3,true
2014-05-25,5,22:00,20,7,NW,0.35,3,true
2014-05-25,5,23:00,22,7,NW,0.36363636363636365,3,true
2014-05-26,5,20:00,16,3,W,0.6875,1,true
2014-05-26,5,21:00,18,3,W,0.6666666666666666,2,true
2014-05-26,5,22:00,20,3,W,0.6,4,true
2014-05-26,5,23:00,22,3,W,0.5454545454545454,6,true
2014-05-27,5,20:00,16,4,S,0.6875,13,true
2014-05-27,5,21:00,18,4,S,0.6111111111111112,13,true
2014-05-27,5,22:00,20,4,S,0.55,13,true
2014-05-27,5,23:00,22,4,S,0.5,13,true
2014-05-28,5,20:00,16,1,N,1.0,0,false
2014-05-28,5,21:00,18,1,N,1.0,0,false
2014-05-28,5,22:00,20,1,N,1.0,0,false
2014-05-28,5,23:00,22,1,N,1.0,0,false
2014-05-29,5,20:00,16,1,N,1.0,0,false
2014-05-29,5,21:00,18,1,N,1.0,0,false
2014-05-29,5,22:00,20,1,N,1.0,0,false
2014-05-29,5,23:00,22,1,N,1.0,0,false
2014-05-30,5,20:00,16,2,S,0.9375,16,true
2014-05-30,5,21:00,18,2,S,0.9444444444444444,18,true
2014-05-30,5,22:00,20,2,S,0.85,20,true
2014-05-30,5,23:00,22,2,S,0.8181818181818182,22,true
2014-05-31,5,20:00,16,3,NE,0.8125,0,true
2014-05-31,5,21:00,18,3,NE,0.8333333333333334,0,true
2014-05-31,5,22:00,20,3,NE,0.85,0,true
2014-05-31,5,23:00,22,3,NE,0.8181818181818182,0,true
2014-06-01,6,20:00,16,3,NE,0.875,0,true
2014-06-01,6,21:00,18,3,NE,0.8888888888888888,0,true
2014-06-01,6,22:00,20,3,NE,0.85,0,true
2014-06-01,6,23:00,22,4,NE,0.8181818181818182,1,true
2014-06-02,6,20:00,16,4,NE,0.6875,1,true
2014-06-02,6,21:00,18,5,NE,0.6111111111111112,3,true
2014-06-02,6,22:00,20,5,NE,0.55,5,true
2014-06-02,6,23:00,22,6,NE,0.5,7,true
2014-06-03,6,20:00,16,3,NE,0.5625,0,true
2014-06-03,6,21:00,18,4,NE,0.5555555555555556,1,true
2014-06-03,6,22:00,20,5,NE,0.5,3,true
2014-06-03,6,23:00,22,5,NE,0.45454545454545453,5,true
2014-06-04,6,20:00,16,4,NE,0.5625,4,true
2014-06-04,6,21:00,18,4,NE,0.6111111111111112,4,true
2014-06-04,6,22:00,20,4,NE,0.6,4,true
2014-06-04,6,23:00,22,4,NE,0.5454545454545454,4,true
2014-06-05,6,20:00,16,2,N,0.875,0,true
2014-06-05,6,21:00,18,2,N,0.8888888888888888,0,true
2014-06-05,6,22:00,20,2,N,0.9,0,true
2014-06-05,6,23:00,22,2,N,0.9090909090909091,0,true
2014-06-06,6,20:00,16,1,N,1.0,0,false
2014-06-06,6,21:00,18,1,N,1.0,0,false
2014-06-06,6,22:00,20,1,N,1.0,0,false
2014-06-06,6,23:00,22,1,N,1.0,0,false
2014-06-07,6,20:00,16,1,N,1.0,0,false
2014-06-07,6,21:00,18,1,N,1.0,0,false
2014-06-07,6,22:00,20,1,N,1.0,0,false
2014-06-07,6,23:00,22,1,N,1.0,0,false
2014-06-08,6,20:00,16,2,N,0.9375,0,true
2014-06-08,6,21:00,18,2,N,0.8333333333333334,0,true
2014-06-08,6,22:00,20,2,N,0.85,0,true
2014-06-08,6,23:00,22,2,N,0.8636363636363636,0,true
2014-06-09,6,20:00,16,5,S,0.5625,12,true
2014-06-09,6,21:00,18,5,S,0.5,12,true
2014-06-09,6,22:00,20,5,S,0.45,12,true
2014-06-09,6,23:00,22,5,S,0.4090909090909091,12,true
2014-06-10,6,20:00,16,7,N,0.375,4,true
2014-06-10,6,21:00,18,7,N,0.3333333333333333,6,true
2014-06-10,6,22:00,20,7,N,0.3,8,true
2014-06-10,6,23:00,22,7,N,0.2727272727272727,10,true
2014-06-11,6,20:00,16,3,SE,0.8125,15,true
2014-06-11,6,21:00,18,3,SE,0.8333333333333334,17,true
2014-06-11,6,22:00,20,3,SE,0.8,18,true
2014-06-11,6,23:00,22,3,SE,0.7727272727272727,19,true
2014-06-12,6,20:00,16,3,SE,0.75,14,true
2014-06-12,6,21:00,18,3,SE,0.7777777777777778,16,true
2014-06-12,6,22:00,20,3,SE,0.8,18,true
2014-06-12,6,23:00,22,3,SE,0.8181818181818182,20,true
2014-06-13,6,20:00,16,4,SE,0.5625,12,true
2014-06-13,6,21:00,18,4,SE,0.6111111111111112,14,true
2014-06-13,6,22:00,20,5,SE,0.55,15,true
2014-06-13,6,23:00,22,5,SE,0.5,17,true
2014-06-14,6,20:00,16,3,NE,0.75,0,true
2014-06-14,6,21:00,18,3,NE,0.7777777777777778,0,true
2014-06-14,6,22:00,20,3,NE,0.75,0,true
2014-06-14,6,23:00,22,4,NE,0.6818181818181818,0,true
2014-06-15,6,20:00,16,1,N,1.0,0,false
2014-06-15,6,21:00,18,1,N,1.0,0,false
2014-06-15,6,22:00,20,1,N,1.0,0,false
2014-06-15,6,23:00,22,1,N,1.0,0,false
2014-06-16,6,20:00,16,2,NE,0.625,0,true
2014-06-16,6,21:00,18,2,NE,0.5555555555555556,0,true
2014-06-16,6,22:00,20,2,N,0.5,0,true
2014-06-16,6,23:00,22,2,N,0.5454545454545454,0,true
2014-06-17,6,20:00,16,1,N,1.0,0,false
2014-06-17,6,21:00,18,1,N,1.0,0,false
2014-06-17,6,22:00,20,1,N,1.0,0,false
2014-06-17,6,23:00,22,1,N,1.0,0,false
2014-06-18,6,20:00,16,4,N,0.5,2,true
2014-06-18,6,21:00,18,4,N,0.4444444444444444,4,true
2014-06-18,6,22:00,20,4,N,0.4,6,true
2014-06-18,6,23:00,22,4,N,0.36363636363636365,8,true
2014-06-19,6,20:00,16,1,N,1.0,0,false
2014-06-19,6,21:00,18,1,N,1.0,0,false
2014-06-19,6,22:00,20,2,N,0.95,0,true
2014-06-19,6,23:00,22,4,N,0.8636363636363636,1,true
2014-06-20,6,20:00,16,4,NE,0.5625,1,true
2014-06-20,6,21:00,18,4,NE,0.5555555555555556,1,true
2014-06-20,6,22:00,20,4,NE,0.55,1,true
2014-06-20,6,23:00,22,4,NE,0.5454545454545454,1,true
2014-06-21,6,20:00,16,1,N,1.0,0,false
2014-06-21,6,21:00,18,1,N,1.0,0,false
2014-06-21,6,22:00,20,1,N,1.0,0,false
2014-06-21,6,23:00,22,2,N,0.9090909090909091,0,true
2014-06-22,6,20:00,16,3,S,0.8125,14,true
2014-06-22,6,21:00,18,3,S,0.8333333333333334,16,true
2014-06-22,6,22:00,20,3,S,0.85,18,true
2014-06-22,6,23:00,22,3,S,0.8636363636363636,20,true
2014-06-23,6,20:00,16,5,NE,0.3125,6,true
2014-06-23,6,21:00,18,5,NE,0.3888888888888889,6,true
2014-06-23,6,22:00,20,5,NE,0.45,6,true
2014-06-23,6,23:00,22,5,NE,0.45454545454545453,6,true
2014-06-24,6,20:00,16,2,N,0.8125,0,true
2014-06-24,6,21:00,18,2,N,0.8333333333333334,0,true
2014-06-24,6,22:00,20,2,N,0.85,0,true
2014-06-24,6,23:00,22,2,N,0.8636363636363636,0,true
2014-06-25,6,20:00,16,1,N,1.0,0,false
2014-06-25,6,21:00,18,1,N,1.0,0,false
2014-06-25,6,22:00,20,1,N,1.0,0,false
2014-06-25,6,23:00,22,1,N,1.0,0,false
2014-06-26,6,20:00,16,2,N,0.75,0,true
2014-06-26,6,21:00,18,2,N,0.7777777777777778,0,true
2014-06-26,6,22:00,20,2,N,0.8,0,true
2014-06-26,6,23:00,22,2,N,0.8181818181818182,0,true
2014-06-27,6,20:00,16,2,N,0.9375,0,true
2014-06-27,6,21:00,18,2,N,0.9444444444444444,0,true
2014-06-27,6,22:00,20,3,N,0.9,0,true
2014-06-27,6,23:00,22,3,N,0.8636363636363636,0,true
2014-06-28,6,20:00,16,3,NE,0.6875,0,true
2014-06-28,6,21:00,18,3,NE,0.6666666666666666,0,true
2014-06-28,6,22:00,20,3,NE,0.65,0,true
2014-06-28,6,23:00,22,3,NE,0.6363636363636364,0,true
2014-06-29,6,20:00,16,2,N,0.5,0,true
2014-06-29,6,21:00,18,2,N,0.5,0,true
2014-06-29,6,22:00,20,2,N,0.55,0,true
2014-06-29,6,23:00,22,2,N,0.5909090909090909,0,true
2014-06-30,6,20:00,16,2,N,0.9375,0,true
2014-06-30,6,21:00,18,2,N,0.9444444444444444,0,true
2014-06-30,6,22:00,20,2,N,0.95,0,true
2014-06-30,6,23:00,22,2,N,0.9545454545454546,0,true
2014-07-01,7,20:00,16,2,N,0.875,0,true
2014-07-01,7,21:00,18,2,N,0.8888888888888888,0,true
2014-07-01,7,22:00,20,2,N,0.9,0,true
2014-07-01,7,23:00,22,3,N,0.8636363636363636,0,true
2014-07-02,7,20:00,16,5,NW,0.375,0,true
2014-07-02,7,21:00,18,5,NW,0.4444444444444444,0,true
2014-07-02,7,22:00,20,5,NW,0.5,0,true
2014-07-02,7,23:00,22,5,NW,0.5,0,true
2014-07-03,7,20:00,16,5,SW,0.625,13,true
2014-07-03,7,21:00,18,6,SW,0.5555555555555556,13,true
2014-07-03,7,22:00,20,6,SW,0.5,13,true
2014-07-03,7,23:00,22,6,SW,0.45454545454545453,13,true
2014-07-04,7,20:00,16,2,S,0.75,16,true
2014-07-04,7,21:00,18,2,S,0.6666666666666666,18,true
2014-07-04,7,22:00,20,2,S,0.6,20,true
2014-07-04,7,23:00,22,3,S,0.5454545454545454,20,true
2014-07-05,7,20:00,16,3,N,0.8125,0,true
2014-07-05,7,21:00,18,3,N,0.8333333333333334,0,true
2014-07-05,7,22:00,20,3,N,0.8,0,true
2014-07-05,7,23:00,22,3,N,0.7272727272727273,0,true
2014-07-06,7,20:00,16,1,S,1.0,16,false
2014-07-06,7,21:00,18,1,S,1.0,18,false
2014-07-06,7,22:00,20,1,S,1.0,20,false
2014-07-06,7,23:00,22,1,S,1.0,22,false
2014-07-07,7,20:00,16,2,S,0.75,16,true
2014-07-07,7,21:00,18,2,S,0.7222222222222222,18,true
2014-07-07,7,22:00,20,2,S,0.65,20,true
2014-07-07,7,23:00,22,2,S,0.6363636363636364,22,true
2014-07-08,7,20:00,16,3,NE,0.625,0,true
2014-07-08,7,21:00,18,3,NE,0.6111111111111112,0,true
2014-07-08,7,22:00,20,3,NE,0.65,0,true
2014-07-08,7,23:00,22,4,NE,0.5909090909090909,2,true
2014-07-09,7,20:00,16,3,SE,0.875,15,true
2014-07-09,7,21:00,18,3,SE,0.8888888888888888,17,true
2014-07-09,7,22:00,20,3,SE,0.85,18,true
2014-07-09,7,23:00,22,3,SE,0.8181818181818182,19,true
2014-07-10,7,20:00,14,2,NE,0.6428571428571429,0,true
2014-07-10,7,21:00,16,2,NE,0.6875,0,true
2014-07-10,7,22:00,18,2,NE,0.7222222222222222,0,true
2014-07-10,7,23:00,20,2,NE,0.75,0,true
2014-07-11,7,20:00,16,2,N,0.6875,0,true
2014-07-11,7,21:00,18,2,N,0.7222222222222222,0,true
2014-07-11,7,22:00,20,2,N,0.7,0,true
2014-07-11,7,23:00,22,2,N,0.7272727272727273,0,true
2014-07-12,7,20:00,16,4,N,0.625,1,true
2014-07-12,7,21:00,18,4,N,0.6111111111111112,1,true
2014-07-12,7,22:00,20,4,N,0.65,1,true
2014-07-12,7,23:00,22,4,N,0.6818181818181818,1,true
2014-07-13,7,20:00,16,2,N,0.9375,0,true
2014-07-13,7,21:00,18,2,N,0.9444444444444444,0,true
2014-07-13,7,22:00,20,2,N,0.95,0,true
2014-07-13,7,23:00,22,2,N,0.9545454545454546,0,true
2014-07-14,7,20:00,16,3,S,0.875,14,true
2014-07-14,7,21:00,18,3,S,0.8888888888888888,16,true
2014-07-14,7,22:00,20,3,S,0.9,18,true
2014-07-14,7,23:00,22,3,S,0.9090909090909091,20,true
2014-07-15,7,20:00,16,1,S,1.0,16,false
2014-07-15,7,21:00,18,1,S,1.0,18,false
2014-07-15,7,22:00,20,1,S,1.0,20,false
2014-07-15,7,23:00,22,1,S,1.0,22,false
2014-07-16,7,20:00,16,1,S,1.0,16,false
2014-07-16,7,21:00,18,1,S,1.0,18,false
2014-07-16,7,22:00,20,1,S,1.0,20,false
2014-07-16,7,23:00,22,1,S,1.0,22,false
2014-07-17,7,20:00,16,2,S,0.75,16,true
2014-07-17,7,21:00,18,2,S,0.7777777777777778,18,true
2014-07-17,7,22:00,20,2,S,0.8,20,true
2014-07-17,7,23:00,22,2,S,0.8181818181818182,22,true
2014-07-18,7,20:00,16,1,S,1.0,16,false
2014-07-18,7,21:00,18,1,S,1.0,18,false
2014-07-18,7,22:00,20,1,S,1.0,20,false
2014-07-18,7,23:00,22,1,S,1.0,22,false
2014-07-19,7,20:00,16,2,S,0.9375,16,true
2014-07-19,7,21:00,18,2,S,0.9444444444444444,18,true
2014-07-19,7,22:00,20,2,S,0.95,20,true
2014-07-19,7,23:00,22,2,S,0.9545454545454546,22,true
2014-07-20,7,20:00,16,1,S,1.0,16,false
2014-07-20,7,21:00,18,1,S,1.0,18,false
2014-07-20,7,22:00,20,1,S,1.0,20,false
2014-07-20,7,23:00,22,1,S,1.0,22,false
2014-07-21,7,20:00,16,1,S,1.0,16,false
2014-07-21,7,21:00,18,1,S,1.0,18,false
2014-07-21,7,22:00,20,1,S,1.0,20,false
2014-07-21,7,23:00,22,1,S,1.0,22,false
2014-07-22,7,20:00,16,2,S,0.75,16,true
2014-07-22,7,21:00,18,2,S,0.7777777777777778,18,true
2014-07-22,7,22:00,20,2,S,0.8,20,true
2014-07-22,7,23:00,22,2,S,0.8181818181818182,22,true
2014-07-23,7,20:00,16,2,SW,0.625,16,true
2014-07-23,7,21:00,18,2,SW,0.5555555555555556,18,true
2014-07-23,7,22:00,20,2,S,0.5,20,true
2014-07-23,7,23:00,22,2,S,0.5,22,true
2014-07-24,7,20:00,16,3,NE,0.5,1,true
2014-07-24,7,21:00,18,3,N,0.5,1,true
2014-07-24,7,22:00,20,3,NE,0.5,1,true
2014-07-24,7,23:00,22,3,NE,0.5,1,true
2014-07-25,7,20:00,16,2,N,0.625,0,true
2014-07-25,7,21:00,18,2,N,0.6666666666666666,0,true
2014-07-25,7,22:00,20,2,N,0.7,0,true
2014-07-25,7,23:00,22,2,N,0.7272727272727273,0,true
2014-07-26,7,20:00,16,2,S,0.9375,15,true
2014-07-26,7,21:00,18,3,S,0.8333333333333334,15,true
2014-07-26,7,22:00,20,3,S,0.75,15,true
2014-07-26,7,23:00,22,3,S,0.6818181818181818,15,true
2014-07-27,7,20:00,16,4,SW,0.625,13,true
2014-07-27,7,21:00,18,4,SW,0.6666666666666666,15,true
2014-07-27,7,22:00,20,4,SW,0.6,17,true
2014-07-27,7,23:00,22,4,SW,0.5454545454545454,19,true
2014-07-28,7,20:00,16,5,S,0.75,14,true
2014-07-28,7,21:00,18,5,S,0.6666666666666666,14,true
2014-07-28,7,22:00,20,5,S,0.6,14,true
2014-07-28,7,23:00,22,5,S,0.5454545454545454,14,true
2014-07-29,7,20:00,16,1,N,1.0,0,false
2014-07-29,7,21:00,18,1,N,1.0,0,false
2014-07-29,7,22:00,20,1,N,1.0,0,false
2014-07-29,7,23:00,22,1,N,1.0,0,false
2014-07-30,7,20:00,16,2,N,0.9375,0,true
2014-07-30,7,21:00,18,2,N,0.9444444444444444,0,true
2014-07-30,7,22:00,20,2,N,0.9,0,true
2014-07-30,7,23:00,22,2,N,0.9090909090909091,0,true
2014-07-31,7,20:00,16,2,N,0.875,0,true
2014-07-31,7,21:00,18,2,N,0.8888888888888888,0,true
2014-07-31,7,22:00,20,2,N,0.9,0,true
2014-07-31,7,23:00,22,2,N,0.9090909090909091,0,true
2014-08-01,8,20:00,16,1,N,1.0,0,false
2014-08-01,8,21:00,18,1,N,1.0,0,false
2014-08-01,8,22:00,20,1,N,1.0,0,false
2014-08-01,8,23:00,22,1,N,1.0,0,false
2014-08-02,8,20:00,16,2,N,0.6875,0,true
2014-08-02,8,21:00,18,2,N,0.7222222222222222,0,true
2014-08-02,8,22:00,20,2,N,0.75,0,true
2014-08-02,8,23:00,22,2,N,0.7272727272727273,0,true
2014-08-03,8,20:00,16,2,N,0.5,0,true
2014-08-03,8,21:00,18,3,NW,0.5,1,true
2014-08-03,8,22:00,20,3,NW,0.45,3,true
2014-08-03,8,23:00,22,3,NW,0.4090909090909091,5,true
2014-08-04,8,20:00,16,2,SE,0.9375,16,true
2014-08-04,8,21:00,18,2,SE,0.9444444444444444,18,true
2014-08-04,8,22:00,20,2,SE,0.95,20,true
2014-08-04,8,23:00,22,2,SE,0.9545454545454546,22,true
2014-08-05,8,20:00,16,2,N,0.6875,0,true
2014-08-05,8,21:00,18,2,N,0.7222222222222222,0,true
2014-08-05,8,22:00,20,2,N,0.75,0,true
2014-08-05,8,23:00,22,2,N,0.7727272727272727,0,true
2014-08-06,8,20:00,16,2,N,0.9375,0,true
2014-08-06,8,21:00,18,3,N,0.8888888888888888,1,true
2014-08-06,8,22:00,20,4,N,0.8,3,true
2014-08-06,8,23:00,22,4,N,0.7272727272727273,5,true
2014-08-07,8,20:00,16,1,N,1.0,0,false
2014-08-07,8,21:00,18,1,N,1.0,0,false
2014-08-07,8,22:00,20,1,N,1.0,0,false
2014-08-07,8,23:00,22,1,N,1.0,0,false
2014-08-08,8,20:00,16,4,N,0.5625,0,true
2014-08-08,8,21:00,18,4,N,0.5,0,true
2014-08-08,8,22:00,20,5,N,0.45,1,true
2014-08-08,8,23:00,22,5,N,0.4090909090909091,3,true
2014-08-09,8,20:00,16,2,S,0.75,16,true
2014-08-09,8,21:00,18,2,S,0.7777777777777778,18,true
2014-08-09,8,22:00,20,2,S,0.8,20,true
2014-08-09,8,23:00,22,2,S,0.8181818181818182,22,true
2014-08-10,8,20:00,16,2,N,0.5625,0,true
2014-08-10,8,21:00,18,2,N,0.6111111111111112,0,true
2014-08-10,8,22:00,20,2,N,0.65,0,true
2014-08-10,8,23:00,22,2,N,0.6818181818181818,0,true
2014-08-11,8,20:00,16,1,N,1.0,0,false
2014-08-11,8,21:00,18,1,N,1.0,0,false
2014-08-11,8,22:00,20,1,N,1.0,0,false
2014-08-11,8,23:00,22,1,N,1.0,0,false
2014-08-12,8,20:00,16,2,N,0.625,0,true
2014-08-12,8,21:00,18,2,N,0.6111111111111112,0,true
2014-08-12,8,22:00,20,2,N,0.65,0,true
2014-08-12,8,23:00,22,2,N,0.6818181818181818,0,true
2014-08-13,8,20:00,16,4,S,0.75,15,true
2014-08-13,8,21:00,18,4,S,0.7222222222222222,17,true
2014-08-13,8,22:00,20,6,S,0.65,17,true
2014-08-13,8,23:00,22,6,S,0.5909090909090909,17,true
2014-08-14,8,20:00,16,5,S,0.5625,11,true
2014-08-14,8,21:00,18,5,S,0.5,11,true
2014-08-14,8,22:00,20,5,S,0.45,11,true
2014-08-14,8,23:00,22,5,S,0.4090909090909091,11,true
2014-08-15,8,20:00,16,2,S,0.6875,16,true
2014-08-15,8,21:00,18,2,S,0.7222222222222222,18,true
2014-08-15,8,22:00,20,2,S,0.75,20,true
2014-08-15,8,23:00,22,2,S,0.7727272727272727,22,true
2014-08-16,8,20:00,16,1,S,1.0,16,false
2014-08-16,8,21:00,18,1,S,1.0,18,false
2014-08-16,8,22:00,20,1,S,1.0,20,false
2014-08-16,8,23:00,22,1,S,1.0,22,false
2014-08-17,8,20:00,16,4,S,0.6875,11,true
2014-08-17,8,21:00,18,4,S,0.6111111111111112,11,true
2014-08-17,8,22:00,20,4,S,0.55,11,true
2014-08-17,8,23:00,22,4,S,0.5,11,true
2014-08-18,8,20:00,16,2,N,0.8125,0,true
2014-08-18,8,21:00,18,2,N,0.7777777777777778,0,true
2014-08-18,8,22:00,20,2,N,0.75,0,true
2014-08-18,8,23:00,22,2,N,0.7727272727272727,0,true
2014-08-19,8,20:00,16,2,N,0.75,0,true
2014-08-19,8,21:00,18,2,N,0.7777777777777778,0,true
2014-08-19,8,22:00,20,2,N,0.75,0,true
2014-08-19,8,23:00,22,2,N,0.7272727272727273,0,true
2014-08-20,8,20:00,16,5,N,0.375,5,true
2014-08-20,8,21:00,18,6,N,0.3333333333333333,6,true
2014-08-20,8,22:00,20,7,N,0.3,8,true
2014-08-20,8,23:00,22,7,N,0.2727272727272727,10,true
2014-08-21,8,20:00,16,1,S,1.0,16,false
2014-08-21,8,21:00,18,1,S,1.0,18,false
2014-08-21,8,22:00,20,1,S,1.0,20,false
2014-08-21,8,23:00,22,1,S,1.0,22,false
2014-08-22,8,20:00,16,1,S,1.0,16,false
2014-08-22,8,21:00,18,1,S,1.0,18,false
2014-08-22,8,22:00,20,1,S,1.0,20,false
2014-08-22,8,23:00,22,1,S,1.0,22,false
2014-08-23,8,20:00,16,1,S,1.0,16,false
2014-08-23,8,21:00,18,1,S,1.0,18,false
2014-08-23,8,22:00,20,1,S,1.0,20,false
2014-08-23,8,23:00,22,1,S,1.0,22,false
2014-08-24,8,20:00,16,1,S,1.0,16,false
2014-08-24,8,21:00,18,1,S,1.0,18,false
2014-08-24,8,22:00,20,1,S,1.0,20,false
2014-08-24,8,23:00,22,1,S,1.0,22,false
2014-08-25,8,20:00,16,2,S,0.9375,16,true
2014-08-25,8,21:00,18,2,S,0.9444444444444444,18,true
2014-08-25,8,22:00,20,2,S,0.95,20,true
2014-08-25,8,23:00,22,2,S,0.9545454545454546,22,true
2014-08-26,8,20:00,16,6,SE,0.375,8,true
2014-08-26,8,21:00,18,6,SE,0.3333333333333333,8,true
2014-08-26,8,22:00,20,6,SE,0.3,8,true
2014-08-26,8,23:00,22,6,SE,0.2727272727272727,8,true
2014-08-27,8,20:00,16,5,NE,0.375,8,true
2014-08-27,8,21:00,18,5,SE,0.3888888888888889,10,true
2014-08-27,8,22:00,20,5,SE,0.35,12,true
2014-08-27,8,23:00,22,5,SE,0.3181818181818182,14,true
2014-08-28,8,20:00,16,2,NE,0.75,0,true
2014-08-28,8,21:00,18,2,NE,0.7222222222222222,0,true
2014-08-28,8,22:00,20,2,NE,0.75,0,true
2014-08-28,8,23:00,22,2,NE,0.6818181818181818,0,true
2014-08-29,8,20:00,16,6,NE,0.5,2,true
2014-08-29,8,21:00,18,6,NE,0.5,2,true
2014-08-29,8,22:00,20,6,NE,0.45,2,true
2014-08-29,8,23:00,22,7,NE,0.45454545454545453,3,true
2014-08-30,8,20:00,16,5,E,0.375,9,true
2014-08-30,8,21:00,18,5,E,0.3888888888888889,10,true
2014-08-30,8,22:00,20,5,E,0.4,11,true
2014-08-30,8,23:00,22,5,E,0.36363636363636365,13,true
2014-08-31,8,20:00,16,8,E,0.25,5,true
2014-08-31,8,21:00,18,8,E,0.2222222222222222,6,true
2014-08-31,8,22:00,20,8,E,0.2,8,true
2014-08-31,8,23:00,22,8,NE,0.22727272727272727,8,true
2014-09-01,9,20:00,16,4,NE,0.4375,0,true
2014-09-01,9,21:00,18,4,NE,0.4444444444444444,0,true
2014-09-01,9,22:00,20,4,N,0.45,0,true
2014-09-01,9,23:00,22,5,N,0.45454545454545453,1,true
2014-09-02,9,20:00,16,1,SE,1.0,16,false
2014-09-02,9,21:00,18,1,SE,1.0,18,false
2014-09-02,9,22:00,20,1,SE,1.0,20,false
2014-09-02,9,23:00,22,2,SE,0.9090909090909091,22,true
2014-09-03,9,20:00,16,8,N,0.25,5,true
2014-09-03,9,21:00,18,8,N,0.3333333333333333,5,true
2014-09-03,9,22:00,20,8,N,0.4,5,true
2014-09-03,9,23:00,22,8,N,0.45454545454545453,5,true
2014-09-04,9,20:00,16,4,S,0.5,8,true
2014-09-04,9,21:00,18,4,S,0.5555555555555556,10,true
2014-09-04,9,22:00,20,4,S,0.6,12,true
2014-09-04,9,23:00,22,4,S,0.6363636363636364,14,true
2014-09-05,9,20:00,16,6,N,0.25,5,true
2014-09-05,9,21:00,18,6,N,0.2222222222222222,7,true
2014-09-05,9,22:00,20,6,S,0.25,9,true
2014-09-05,9,23:00,22,6,S,0.3181818181818182,11,true
2014-09-06,9,20:00,16,1,S,1.0,16,false
2014-09-06,9,21:00,18,1,S,1.0,18,false
2014-09-06,9,22:00,20,1,S,1.0,20,false
2014-09-06,9,23:00,22,1,S,1.0,22,false
2014-09-07,9,20:00,16,1,S,1.0,16,false
2014-09-07,9,21:00,18,1,S,1.0,18,false
2014-09-07,9,22:00,20,1,S,1.0,20,false
2014-09-07,9,23:00,22,1,S,1.0,22,false
2014-09-08,9,20:00,16,2,NE,0.625,0,true
2014-09-08,9,21:00,18,2,NE,0.6666666666666666,0,true
2014-09-08,9,22:00,20,2,NE,0.65,0,true
2014-09-08,9,23:00,22,3,NE,0.5909090909090909,1,true
2014-09-09,9,20:00,16,2,S,0.5,16,true
2014-09-09,9,21:00,18,3,SE,0.5,17,true
2014-09-09,9,22:00,20,5,SE,0.45,17,true
2014-09-09,9,23:00,22,5,S,0.45454545454545453,19,true
2014-09-10,9,20:00,16,2,NE,0.75,0,true
2014-09-10,9,21:00,18,2,NE,0.6666666666666666,0,true
2014-09-10,9,22:00,20,2,NE,0.6,0,true
2014-09-10,9,23:00,22,2,NE,0.5454545454545454,0,true
2014-09-11,9,20:00,16,1,N,1.0,0,false
2014-09-11,9,21:00,18,1,N,1.0,0,false
2014-09-11,9,22:00,20,1,N,1.0,0,false
2014-09-11,9,23:00,22,1,N,1.0,0,false
2014-09-12,9,20:00,16,1,N,1.0,0,false
2014-09-12,9,21:00,18,1,N,1.0,0,false
2014-09-12,9,22:00,20,1,N,1.0,0,false
2014-09-12,9,23:00,22,1,N,1.0,0,false
2014-09-13,9,20:00,16,1,N,1.0,0,false
2014-09-13,9,21:00,18,1,N,1.0,0,false
2014-09-13,9,22:00,20,1,N,1.0,0,false
2014-09-13,9,23:00,22,1,N,1.0,0,false
2014-09-14,9,20:00,16,1,S,1.0,16,false
2014-09-14,9,21:00,18,1,S,1.0,18,false
2014-09-14,9,22:00,20,1,S,1.0,20,false
2014-09-14,9,23:00,22,1,S,1.0,22,false
2014-09-15,9,20:00,16,3,N,0.4375,2,true
2014-09-15,9,21:00,18,3,N,0.5,2,true
2014-09-15,9,22:00,20,3,N,0.55,2,true
2014-09-15,9,23:00,22,3,N,0.5909090909090909,2,true
2014-09-16,9,20:00,16,2,N,0.5625,0,true
2014-09-16,9,21:00,18,2,N,0.6111111111111112,0,true
2014-09-16,9,22:00,20,2,N,0.65,0,true
2014-09-16,9,23:00,22,2,N,0.6818181818181818,0,true
2014-09-17,9,20:00,16,2,NW,0.5625,0,true
2014-09-17,9,21:00,18,2,NW,0.5555555555555556,0,true
2014-09-17,9,22:00,20,2,NW,0.55,0,true
2014-09-17,9,23:00,22,4,NW,0.5,2,true
2014-09-18,9,20:00,16,5,N,0.3125,6,true
2014-09-18,9,21:00,18,5,N,0.3333333333333333,6,true
2014-09-18,9,22:00,20,5,N,0.4,6,true
2014-09-18,9,23:00,22,5,N,0.45454545454545453,6,true
2014-09-19,9,20:00,16,2,N,0.9375,0,true
2014-09-19,9,21:00,18,2,N,0.8888888888888888,0,true
2014-09-19,9,22:00,20,2,N,0.9,0,true
2014-09-19,9,23:00,22,2,N,0.9090909090909091,0,true
2014-09-20,9,20:00,16,2,N,0.5,0,true
2014-09-20,9,21:00,18,2,N,0.5555555555555556,0,true
2014-09-20,9,22:00,20,2,N,0.6,0,true
2014-09-20,9,23:00,22,3,N,0.5454545454545454,0,true
2014-09-21,9,20:00,16,3,S,0.8125,13,true
2014-09-21,9,21:00,18,3,S,0.8333333333333334,15,true
2014-09-21,9,22:00,20,3,S,0.85,17,true
2014-09-21,9,23:00,22,3,S,0.8636363636363636,19,true
2014-09-22,9,20:00,16,5,N,0.3125,5,true
2014-09-22,9,21:00,18,5,S,0.3333333333333333,7,true
2014-09-22,9,22:00,20,5,S,0.35,9,true
2014-09-22,9,23:00,22,5,S,0.4090909090909091,11,true
2014-09-23,9,20:00,16,5,S,0.5625,10,true
2014-09-23,9,21:00,18,5,S,0.5,10,true
2014-09-23,9,22:00,20,5,S,0.45,10,true
2014-09-23,9,23:00,22,5,S,0.4090909090909091,10,true
2014-09-24,9,20:00,16,2,N,0.9375,0,true
2014-09-24,9,21:00,18,2,N,0.9444444444444444,0,true
2014-09-24,9,22:00,20,2,N,0.95,0,true
2014-09-24,9,23:00,22,2,N,0.9545454545454546,0,true
2014-09-25,9,20:00,16,1,N,1.0,0,false
2014-09-25,9,21:00,18,2,N,0.9444444444444444,0,true
2014-09-25,9,22:00,20,2,N,0.95,0,true
2014-09-25,9,23:00,22,2,N,0.9545454545454546,0,true
2014-09-26,9,20:00,16,1,N,1.0,0,false
2014-09-26,9,21:00,18,1,N,1.0,0,false
2014-09-26,9,22:00,20,1,N,1.0,0,false
2014-09-26,9,23:00,22,1,N,1.0,0,false
2014-09-27,9,20:00,16,2,N,0.9375,0,true
2014-09-27,9,21:00,18,2,N,0.9444444444444444,0,true
2014-09-27,9,22:00,20,2,N,0.95,0,true
2014-09-27,9,23:00,22,2,N,0.9545454545454546,0,true
2014-09-28,9,20:00,16,3,S,0.5,16,true
2014-09-28,9,21:00,18,3,SE,0.5,18,true
2014-09-28,9,22:00,20,3,SE,0.55,20,true
2014-09-28,9,23:00,22,3,SE,0.5909090909090909,22,true
2014-09-29,9,20:00,18,2,SE,0.8333333333333334,18,true
2014-09-29,9,21:00,20,2,SE,0.85,20,true
2014-09-29,9,22:00,22,3,SE,0.7727272727272727,20,true
2014-09-29,9,23:00,24,4,SE,0.7083333333333334,20,true
2014-09-30,9,20:00,17,2,NE,0.7647058823529411,0,true
2014-09-30,9,21:00,19,2,NE,0.7368421052631579,0,true
2014-09-30,9,22:00,21,2,NE,0.6666666666666666,0,true
2014-09-30,9,23:00,23,4,NE,0.6086956521739131,2,true
2014-10-01,10,20:00,18,3,NE,0.5,0,true
2014-10-01,10,21:00,20,4,NE,0.45,1,true
2014-10-01,10,22:00,22,5,NE,0.4090909090909091,3,true
2014-10-01,10,23:00,24,5,NE,0.375,5,true
2014-10-02,10,20:00,18,2,N,0.6666666666666666,0,true
2014-10-02,10,21:00,20,2,N,0.7,0,true
2014-10-02,10,22:00,22,2,N,0.7272727272727273,0,true
2014-10-02,10,23:00,24,2,N,0.75,0,true
2014-10-03,10,20:00,18,2,N,0.5555555555555556,0,true
2014-10-03,10,21:00,20,2,N,0.55,0,true
2014-10-03,10,22:00,22,2,N,0.5,0,true
2014-10-03,10,23:00,24,3,N,0.4583333333333333,0,true
2014-10-04,10,20:00,18,3,N,0.6666666666666666,0,true
2014-10-04,10,21:00,20,4,N,0.6,0,true
2014-10-04,10,22:00,22,4,N,0.5454545454545454,0,true
2014-10-04,10,23:00,24,4,N,0.5,0,true
2014-10-05,10,20:00,18,2,N,0.8333333333333334,0,true
2014-10-05,10,21:00,20,2,N,0.75,0,true
2014-10-05,10,22:00,22,2,N,0.7727272727272727,0,true
2014-10-05,10,23:00,24,2,N,0.7916666666666666,0,true
2014-10-06,10,20:00,18,2,N,0.7777777777777778,0,true
2014-10-06,10,21:00,20,2,N,0.7,0,true
2014-10-06,10,22:00,22,2,N,0.6363636363636364,0,true
2014-10-06,10,23:00,24,2,N,0.5833333333333334,0,true
2014-10-07,10,20:00,16,4,SW,0.375,8,true
2014-10-07,10,21:00,18,5,NE,0.3333333333333333,8,true
2014-10-07,10,22:00,20,5,NE,0.35,9,true
2014-10-07,10,23:00,22,5,SW,0.36363636363636365,11,true
2014-10-08,10,20:00,18,1,N,1.0,0,false
2014-10-08,10,21:00,20,1,N,1.0,0,false
2014-10-08,10,22:00,22,1,N,1.0,0,false
2014-10-08,10,23:00,24,2,N,0.9583333333333334,0,true
2014-10-09,10,20:00,18,4,N,0.7222222222222222,3,true
2014-10-09,10,21:00,20,4,N,0.7,3,true
2014-10-09,10,22:00,22,4,N,0.7272727272727273,3,true
2014-10-09,10,23:00,24,4,N,0.75,3,true
2014-10-10,10,20:00,18,6,E,0.2777777777777778,2,true
2014-10-10,10,21:00,20,6,NE,0.3,2,true
2014-10-10,10,22:00,22,6,NE,0.2727272727272727,4,true
2014-10-10,10,23:00,24,6,NE,0.25,6,true
2014-10-11,10,20:00,18,2,N,0.7777777777777778,0,true
2014-10-11,10,21:00,20,2,N,0.8,0,true
2014-10-11,10,22:00,22,2,N,0.7727272727272727,0,true
2014-10-11,10,23:00,24,3,N,0.7083333333333334,2,true
2014-10-12,10,20:00,18,2,N,0.6666666666666666,0,true
2014-10-12,10,21:00,20,2,N,0.6,0,true
2014-10-12,10,22:00,22,2,N,0.6363636363636364,0,true
2014-10-12,10,23:00,24,2,N,0.6666666666666666,0,true
2014-10-13,10,20:00,18,2,N,0.7777777777777778,0,true
2014-10-13,10,21:00,20,2,N,0.8,0,true
2014-10-13,10,22:00,22,2,N,0.8181818181818182,0,true
2014-10-13,10,23:00,24,2,N,0.8333333333333334,0,true
2014-10-14,10,20:00,18,1,N,1.0,0,false
2014-10-14,10,21:00,20,1,N,1.0,0,false
2014-10-14,10,22:00,22,1,N,1.0,0,false
2014-10-14,10,23:00,24,1,N,1.0,0,false
2014-10-15,10,20:00,18,2,N,0.8333333333333334,0,true
2014-10-15,10,21:00,20,2,N,0.85,0,true
2014-10-15,10,22:00,22,2,N,0.8636363636363636,0,true
2014-10-15,10,23:00,24,2,N,0.875,0,true
2014-10-16,10,20:00,18,2,N,0.7777777777777778,0,true
2014-10-16,10,21:00,20,2,N,0.8,0,true
2014-10-16,10,22:00,22,2,N,0.8181818181818182,0,true
2014-10-16,10,23:00,24,2,N,0.8333333333333334,0,true
2014-10-17,10,20:00,18,1,N,1.0,0,false
2014-10-17,10,21:00,20,1,N,1.0,0,false
2014-10-17,10,22:00,22,1,N,1.0,0,false
2014-10-17,10,23:00,24,1,N,1.0,0,false
2014-10-18,10,20:00,18,2,N,0.9444444444444444,0,true
2014-10-18,10,21:00,20,2,N,0.95,0,true
2014-10-18,10,22:00,22,2,N,0.9090909090909091,0,true
2014-10-18,10,23:00,24,2,N,0.8333333333333334,0,true
2014-10-19,10,20:00,18,1,S,1.0,18,false
2014-10-19,10,21:00,20,1,S,1.0,20,false
2014-10-19,10,22:00,22,1,S,1.0,22,false
2014-10-19,10,23:00,24,2,S,0.9166666666666666,24,true
2014-10-20,10,20:00,18,2,N,0.6111111111111112,0,true
2014-10-20,10,21:00,20,2,N,0.65,0,true
2014-10-20,10,22:00,22,2,N,0.6818181818181818,0,true
2014-10-20,10,23:00,24,2,N,0.7083333333333334,0,true
2014-10-21,10,20:00,18,2,S,0.7222222222222222,18,true
2014-10-21,10,21:00,20,3,S,0.65,18,true
2014-10-21,10,22:00,22,4,S,0.6363636363636364,20,true
2014-10-21,10,23:00,24,4,S,0.5833333333333334,22,true
2014-10-22,10,20:00,18,5,S,0.4444444444444444,13,true
2014-10-22,10,21:00,20,5,S,0.5,15,true
2014-10-22,10,22:00,22,5,S,0.5454545454545454,17,true
2014-10-22,10,23:00,24,5,S,0.5833333333333334,19,true
2014-10-23,10,20:00,18,2,N,0.6111111111111112,0,true
2014-10-23,10,21:00,20,2,N,0.65,0,true
2014-10-23,10,22:00,22,2,N,0.6818181818181818,0,true
2014-10-23,10,23:00,24,2,N,0.7083333333333334,0,true
2014-10-24,10,20:00,18,3,S,0.5,9,true
2014-10-24,10,21:00,20,3,S,0.55,11,true
2014-10-24,10,22:00,22,3,S,0.5909090909090909,13,true
2014-10-24,10,23:00,24,3,S,0.625,15,true
2014-10-25,10,20:00,18,1,S,1.0,18,false
2014-10-25,10,21:00,20,1,S,1.0,20,false
2014-10-25,10,22:00,22,2,S,0.9545454545454546,22,true
2014-10-25,10,23:00,24,2,S,0.875,24,true
2014-10-26,10,20:00,18,1,N,1.0,0,false
2014-10-26,10,21:00,20,1,N,1.0,0,false
2014-10-26,10,22:00,22,1,N,1.0,0,false
2014-10-26,10,23:00,24,1,N,1.0,0,false
2014-10-27,10,20:00,18,4,N,0.5,4,true
2014-10-27,10,21:00,20,4,N,0.45,6,true
2014-10-27,10,22:00,22,4,N,0.4090909090909091,8,true
2014-10-27,10,23:00,24,4,N,0.375,10,true
2014-10-28,10,20:00,18,5,N,0.3888888888888889,3,true
2014-10-28,10,21:00,20,5,N,0.45,3,true
2014-10-28,10,22:00,22,5,N,0.5,3,true
2014-10-28,10,23:00,24,5,N,0.5416666666666666,3,true
2014-10-29,10,20:00,18,1,N,1.0,0,false
2014-10-29,10,21:00,20,1,N,1.0,0,false
2014-10-29,10,22:00,22,1,N,1.0,0,false
2014-10-29,10,23:00,24,1,N,1.0,0,false
2014-10-30,10,20:00,18,4,NE,0.3888888888888889,0,true
2014-10-30,10,21:00,20,4,NE,0.45,0,true
2014-10-30,10,22:00,22,4,NE,0.4090909090909091,0,true
2014-10-30,10,23:00,24,5,NE,0.375,1,true
2014-10-31,10,20:00,18,3,N,0.7777777777777778,0,true
2014-10-31,10,21:00,20,3,N,0.75,0,true
2014-10-31,10,22:00,22,3,N,0.7727272727272727,0,true
2014-10-31,10,23:00,24,3,N,0.7916666666666666,0,true
2014-11-01,11,20:00,18,2,N,0.5,0,true
2014-11-01,11,21:00,20,2,N,0.55,0,true
2014-11-01,11,22:00,22,2,N,0.5909090909090909,0,true
2014-11-01,11,23:00,24,2,N,0.625,0,true
2014-11-02,11,20:00,18,1,N,1.0,0,false
2014-11-02,11,21:00,20,1,N,1.0,0,false
2014-11-02,11,22:00,22,1,N,1.0,0,false
2014-11-02,11,23:00,24,1,N,1.0,0,false
2014-11-03,11,20:00,18,1,N,1.0,0,false
2014-11-03,11,21:00,20,1,N,1.0,0,false
2014-11-03,11,22:00,22,1,N,1.0,0,false
2014-11-03,11,23:00,24,1,N,1.0,0,false
2014-11-04,11,20:00,18,4,NW,0.6666666666666666,1,true
2014-11-04,11,21:00,20,5,NW,0.6,3,true
2014-11-04,11,22:00,22,6,NW,0.5454545454545454,5,true
2014-11-04,11,23:00,24,6,NW,0.5,7,true
2014-11-05,11,20:00,18,2,S,0.6666666666666666,18,true
2014-11-05,11,21:00,20,2,S,0.7,20,true
2014-11-05,11,22:00,22,3,S,0.6363636363636364,21,true
2014-11-05,11,23:00,24,3,S,0.6666666666666666,23,true
2014-11-06,11,20:00,18,2,S,0.8888888888888888,18,true
2014-11-06,11,21:00,20,2,S,0.9,20,true
2014-11-06,11,22:00,22,2,S,0.9090909090909091,22,true
2014-11-06,11,23:00,24,2,S,0.9166666666666666,24,true
2014-11-07,11,20:00,17,2,S,0.6470588235294118,17,true
2014-11-07,11,21:00,19,2,S,0.6842105263157895,19,true
2014-11-07,11,22:00,21,2,S,0.7142857142857143,21,true
2014-11-07,11,23:00,23,2,S,0.7391304347826086,23,true
2014-11-08,11,20:00,18,5,NE,0.5555555555555556,3,true
2014-11-08,11,21:00,20,5,NE,0.5,3,true
2014-11-08,11,22:00,22,7,NE,0.45454545454545453,4,true
2014-11-08,11,23:00,24,7,NE,0.4166666666666667,6,true
2014-11-09,11,20:00,18,2,N,0.8333333333333334,0,true
2014-11-09,11,21:00,20,2,N,0.85,0,true
2014-11-09,11,22:00,22,2,N,0.8636363636363636,0,true
2014-11-09,11,23:00,24,2,N,0.875,0,true
2014-11-10,11,20:00,18,2,N,0.7777777777777778,0,true
2014-11-10,11,21:00,20,2,N,0.8,0,true
2014-11-10,11,22:00,22,2,N,0.8181818181818182,0,true
2014-11-10,11,23:00,24,2,N,0.8333333333333334,0,true
2014-11-11,11,20:00,18,1,N,1.0,0,false
2014-11-11,11,21:00,20,1,N,1.0,0,false
2014-11-11,11,22:00,22,1,N,1.0,0,false
2014-11-11,11,23:00,24,1,N,1.0,0,false
2014-11-12,11,20:00,18,3,NW,0.7222222222222222,0,true
2014-11-12,11,21:00,20,3,NW,0.75,0,true
2014-11-12,11,22:00,22,3,NW,0.7727272727272727,0,true
2014-11-12,11,23:00,24,3,NW,0.7916666666666666,0,true
2014-11-13,11,20:00,18,5,S,0.5,16,true
2014-11-13,11,21:00,20,5,S,0.45,18,true
2014-11-13,11,22:00,22,6,S,0.4090909090909091,19,true
2014-11-13,11,23:00,24,6,S,0.4166666666666667,21,true
2014-11-14,11,20:00,18,2,SW,0.7222222222222222,18,true
2014-11-14,11,21:00,20,2,SW,0.75,20,true
2014-11-14,11,22:00,22,2,SW,0.7272727272727273,22,true
2014-11-14,11,23:00,24,2,SW,0.7083333333333334,24,true
2014-11-15,11,20:00,18,2,N,0.9444444444444444,0,true
2014-11-15,11,21:00,20,2,N,0.95,0,true
2014-11-15,11,22:00,22,2,N,0.9545454545454546,0,true
2014-11-15,11,23:00,24,2,N,0.9583333333333334,0,true
2014-11-16,11,20:00,18,2,N,0.7222222222222222,0,true
2014-11-16,11,21:00,20,2,N,0.75,0,true
2014-11-16,11,22:00,22,2,N,0.7272727272727273,0,true
2014-11-16,11,23:00,24,2,N,0.6666666666666666,0,true
2014-11-17,11,20:00,18,1,N,1.0,0,false
2014-11-17,11,21:00,20,1,N,1.0,0,false
2014-11-17,11,22:00,22,1,N,1.0,0,false
2014-11-17,11,23:00,24,1,N,1.0,0,false
2014-11-18,11,20:00,18,3,N,0.6666666666666666,0,true
2014-11-18,11,21:00,20,4,N,0.6,0,true
2014-11-18,11,22:00,22,4,N,0.5454545454545454,0,true
2014-11-18,11,23:00,24,4,N,0.5,0,true
2014-11-19,11,20:00,18,1,N,1.0,0,false
2014-11-19,11,21:00,20,1,N,1.0,0,false
2014-11-19,11,22:00,22,2,N,0.9545454545454546,0,true
2014-11-19,11,23:00,24,2,N,0.9166666666666666,0,true
2014-11-20,11,20:00,18,6,S,0.3333333333333333,8,true
2014-11-20,11,21:00,20,6,N,0.3,8,true
2014-11-20,11,22:00,22,6,N,0.36363636363636365,8,true
2014-11-20,11,23:00,24,6,N,0.4166666666666667,8,true
2014-11-21,11,20:00,18,1,N,1.0,0,false
2014-11-21,11,21:00,20,1,N,1.0,0,false
2014-11-21,11,22:00,22,1,N,1.0,0,false
2014-11-21,11,23:00,24,1,N,1.0,0,false
2014-11-22,11,20:00,18,2,N,0.7222222222222222,0,true
2014-11-22,11,21:00,20,2,N,0.75,0,true
2014-11-22,11,22:00,22,2,N,0.7727272727272727,0,true
2014-11-22,11,23:00,24,2,N,0.75,0,true
2014-11-23,11,20:00,18,2,S,0.9444444444444444,18,true
2014-11-23,11,21:00,20,2,S,0.95,20,true
2014-11-23,11,22:00,22,2,S,0.9545454545454546,22,true
2014-11-23,11,23:00,24,2,S,0.9583333333333334,24,true
2014-11-24,11,20:00,18,1,N,1.0,0,false
2014-11-24,11,21:00,20,1,N,1.0,0,false
2014-11-24,11,22:00,22,1,N,1.0,0,false
2014-11-24,11,23:00,24,1,N,1.0,0,false
2014-11-25,11,20:00,18,1,N,1.0,0,false
2014-11-25,11,21:00,20,1,N,1.0,0,false
2014-11-25,11,22:00,22,1,N,1.0,0,false
2014-11-25,11,23:00,24,1,N,1.0,0,false
2014-11-26,11,20:00,18,2,N,0.8333333333333334,0,true
2014-11-26,11,21:00,20,2,N,0.75,0,true
2014-11-26,11,22:00,22,2,N,0.6818181818181818,0,true
2014-11-26,11,23:00,24,2,N,0.7083333333333334,0,true
2014-11-27,11,20:00,18,1,N,1.0,0,false
2014-11-27,11,21:00,20,2,N,0.95,0,true
2014-11-27,11,22:00,22,2,N,0.8636363636363636,0,true
2014-11-27,11,23:00,24,2,N,0.8333333333333334,0,true
2014-11-28,11,20:00,18,2,NW,0.6111111111111112,0,true
2014-11-28,11,21:00,20,2,NW,0.65,0,true
2014-11-28,11,22:00,22,2,NW,0.6363636363636364,0,true
2014-11-28,11,23:00,24,2,NW,0.5833333333333334,0,true
2014-11-29,11,20:00,18,3,N,0.7222222222222222,1,true
2014-11-29,11,21:00,20,4,N,0.7,1,true
2014-11-29,11,22:00,22,4,N,0.6363636363636364,1,true
2014-11-29,11,23:00,24,4,N,0.5833333333333334,1,true
2014-11-30,11,20:00,18,2,N,0.6666666666666666,0,true
2014-11-30,11,21:00,20,2,N,0.6,0,true
2014-11-30,11,22:00,22,2,N,0.6363636363636364,0,true
2014-11-30,11,23:00,24,2,N,0.6666666666666666,0,true
2014-12-01,12,20:00,18,3,SE,0.7777777777777778,16,true
2014-12-01,12,21:00,20,4,SE,0.7,17,true
2014-12-01,12,22:00,22,4,SE,0.6818181818181818,19,true
2014-12-01,12,23:00,24,4,SE,0.625,21,true
2014-12-02,12,20:00,18,2,S,0.9444444444444444,18,true
2014-12-02,12,21:00,20,2,S,0.95,20,true
2014-12-02,12,22:00,22,2,S,0.9545454545454546,22,true
2014-12-02,12,23:00,24,2,S,0.9583333333333334,24,true
2014-12-03,12,20:00,18,3,N,0.8333333333333334,0,true
2014-12-03,12,21:00,20,3,N,0.85,0,true
2014-12-03,12,22:00,22,3,N,0.8636363636363636,0,true
2014-12-03,12,23:00,24,3,N,0.875,0,true
2014-12-04,12,20:00,18,1,N,1.0,0,false
2014-12-04,12,21:00,20,1,N,1.0,0,false
2014-12-04,12,22:00,22,1,N,1.0,0,false
2014-12-04,12,23:00,24,1,N,1.0,0,false
2014-12-05,12,20:00,18,2,S,0.8333333333333334,18,true
2014-12-05,12,21:00,20,2,S,0.85,20,true
2014-12-05,12,22:00,22,2,S,0.8636363636363636,22,true
2014-12-05,12,23:00,24,2,S,0.875,24,true
2014-12-06,12,20:00,18,5,N,0.4444444444444444,5,true
2014-12-06,12,21:00,20,5,N,0.5,5,true
2014-12-06,12,22:00,22,5,N,0.5454545454545454,5,true
2014-12-06,12,23:00,24,5,N,0.5833333333333334,5,true
2014-12-07,12,20:00,18,2,N,0.9444444444444444,0,true
2014-12-07,12,21:00,20,2,N,0.95,0,true
2014-12-07,12,22:00,22,2,N,0.9545454545454546,0,true
2014-12-07,12,23:00,24,2,N,0.9583333333333334,0,true
2014-12-08,12,20:00,18,2,S,0.7777777777777778,18,true
2014-12-08,12,21:00,20,2,S,0.8,20,true
2014-12-08,12,22:00,22,2,S,0.8181818181818182,22,true
2014-12-08,12,23:00,24,2,S,0.8333333333333334,24,true
2014-12-09,12,20:00,18,2,N,0.8888888888888888,0,true
2014-12-09,12,21:00,20,2,N,0.9,0,true
2014-12-09,12,22:00,22,2,N,0.9090909090909091,0,true
2014-12-09,12,23:00,24,2,N,0.9166666666666666,0,true
2014-12-10,12,20:00,18,2,N,0.9444444444444444,0,true
2014-12-10,12,21:00,20,2,N,0.95,0,true
2014-12-10,12,22:00,22,4,N,0.8636363636363636,1,true
2014-12-10,12,23:00,24,4,N,0.7916666666666666,3,true
2014-12-11,12,20:00,18,2,SE,0.7777777777777778,18,true
2014-12-11,12,21:00,20,2,SE,0.7,20,true
2014-12-11,12,22:00,22,3,SE,0.6363636363636364,20,true
2014-12-11,12,23:00,24,3,SE,0.5833333333333334,20,true
2014-12-12,12,20:00,18,2,N,0.8888888888888888,0,true
2014-12-12,12,21:00,20,2,N,0.9,0,true
2014-12-12,12,22:00,22,2,N,0.9090909090909091,0,true
2014-12-12,12,23:00,24,2,N,0.9166666666666666,0,true
2014-12-13,12,20:00,18,5,NE,0.3888888888888889,2,true
2014-12-13,12,21:00,20,5,NE,0.4,2,true
2014-12-13,12,22:00,22,6,NE,0.36363636363636365,3,true
2014-12-13,12,23:00,24,6,NE,0.3333333333333333,5,true
2014-12-14,12,20:00,18,2,SE,0.9444444444444444,18,true
2014-12-14,12,21:00,20,2,SE,0.85,20,true
2014-12-14,12,22:00,22,3,SE,0.8181818181818182,21,true
2014-12-14,12,23:00,24,3,SE,0.7916666666666666,22,true
2014-12-15,12,20:00,18,6,NE,0.4444444444444444,5,true
2014-12-15,12,21:00,20,6,NE,0.4,7,true
2014-12-15,12,22:00,22,7,NE,0.36363636363636365,9,true
2014-12-15,12,23:00,24,7,NE,0.3333333333333333,11,true
2014-12-16,12,20:00,18,2,N,0.7777777777777778,0,true
2014-12-16,12,21:00,20,3,N,0.75,0,true
2014-12-16,12,22:00,22,4,N,0.6818181818181818,2,true
2014-12-16,12,23:00,24,4,N,0.625,4,true
2014-12-17,12,20:00,18,4,N,0.6666666666666666,2,true
2014-12-17,12,21:00,20,4,N,0.7,2,true
2014-12-17,12,22:00,22,4,N,0.7272727272727273,2,true
2014-12-17,12,23:00,24,4,N,0.6666666666666666,4,true
2014-12-18,12,20:00,18,5,N,0.5,4,true
2014-12-18,12,21:00,20,5,N,0.55,4,true
2014-12-18,12,22:00,22,5,N,0.5909090909090909,4,true
2014-12-18,12,23:00,24,5,N,0.625,4,true
2014-12-19,12,20:00,18,1,N,1.0,0,false
2014-12-19,12,21:00,20,1,N,1.0,0,false
2014-12-19,12,22:00,22,1,N,1.0,0,false
2014-12-19,12,23:00,24,1,N,1.0,0,false
2014-12-20,12,20:00,18,1,N,1.0,0,false
2014-12-20,12,21:00,20,1,N,1.0,0,false
2014-12-20,12,22:00,22,1,N,1.0,0,false
2014-12-20,12,23:00,24,1,N,1.0,0,false
2014-12-21,12,20:00,18,1,N,1.0,0,false
2014-12-21,12,21:00,20,1,N,1.0,0,false
2014-12-21,12,22:00,22,1,N,1.0,0,false
2014-12-21,12,23:00,24,1,N,1.0,0,false
2014-12-22,12,20:00,18,3,S,0.6666666666666666,13,true
2014-12-22,12,21:00,20,3,S,0.7,15,true
2014-12-22,12,22:00,22,3,S,0.7272727272727273,17,true
2014-12-22,12,23:00,24,3,S,0.75,19,true
2014-12-23,12,20:00,18,4,N,0.7222222222222222,1,true
2014-12-23,12,21:00,20,4,N,0.65,3,true
2014-12-23,12,22:00,22,5,N,0.5909090909090909,5,true
2014-12-23,12,23:00,24,5,N,0.5416666666666666,7,true
2014-12-24,12,20:00,18,4,N,0.5,2,true
2014-12-24,12,21:00,20,4,N,0.55,2,true
2014-12-24,12,22:00,22,4,N,0.5909090909090909,2,true
2014-12-24,12,23:00,24,4,N,0.625,2,true
2014-12-25,12,20:00,18,1,N,1.0,0,false
2014-12-25,12,21:00,20,1,N,1.0,0,false
2014-12-25,12,22:00,22,1,N,1.0,0,false
2014-12-25,12,23:00,24,1,N,1.0,0,false
2014-12-26,12,20:00,18,2,N,0.8888888888888888,0,true
2014-12-26,12,21:00,20,2,N,0.9,0,true
2014-12-26,12,22:00,22,2,N,0.9090909090909091,0,true
2014-12-26,12,23:00,24,2,N,0.9166666666666666,0,true
2014-12-27,12,20:00,18,1,N,1.0,0,false
2014-12-27,12,21:00,20,1,N,1.0,0,false
2014-12-27,12,22:00,22,1,N,1.0,0,false
2014-12-27,12,23:00,24,1,N,1.0,0,false
2014-12-28,12,20:00,18,1,N,1.0,0,false
2014-12-28,12,21:00,20,1,N,1.0,0,false
2014-12-28,12,22:00,22,1,N,1.0,0,false
2014-12-28,12,23:00,24,1,N,1.0,0,false
2014-12-29,12,20:00,18,2,S,0.9444444444444444,18,true
2014-12-29,12,21:00,20,2,S,0.95,20,true
2014-12-29,12,22:00,22,2,S,0.9545454545454546,22,true
2014-12-29,12,23:00,24,2,S,0.9583333333333334,24,true
2014-12-30,12,20:00,18,4,N,0.7222222222222222,3,true
2014-12-30,12,21:00,20,4,N,0.75,3,true
2014-12-30,12,22:00,22,4,N,0.7727272727272727,3,true
2014-12-30,12,23:00,24,4,N,0.7916666666666666,3,true
2014-12-31,12,20:00,18,1,N,1.0,0,false
2014-12-31,12,21:00,20,1,N,1.0,0,false
2014-12-31,12,22:00,22,1,N,1.0,0,false
2014-12-31,12,23:00,24,1,N,1.0,0,false
2015-01-01,1,20:00,18,4,N,0.6111111111111112,3,true
2015-01-01,1,21:00,20,4,N,0.55,5,true
2015-01-01,1,22:00,22,4,N,0.5,7,true
2015-01-01,1,23:00,24,4,N,0.4583333333333333,9,true
2015-01-02,1,20:00,18,2,N,0.7222222222222222,0,true
2015-01-02,1,21:00,20,2,N,0.75,0,true
2015-01-02,1,22:00,22,2,N,0.7727272727272727,0,true
2015-01-02,1,23:00,24,2,N,0.7916666666666666,0,true
2015-01-03,1,20:00,18,5,N,0.4444444444444444,6,true
2015-01-03,1,21:00,20,5,N,0.4,8,true
2015-01-03,1,22:00,22,5,S,0.4090909090909091,10,true
2015-01-03,1,23:00,24,5,S,0.4583333333333333,12,true
2015-01-04,1,20:00,18,6,N,0.5,2,true
2015-01-04,1,21:00,20,6,N,0.55,2,true
2015-01-04,1,22:00,22,6,N,0.5909090909090909,2,true
2015-01-04,1,23:00,24,6,N,0.625,2,true
2015-01-05,1,20:00,18,1,N,1.0,0,false
2015-01-05,1,21:00,20,1,N,1.0,0,false
2015-01-05,1,22:00,22,1,N,1.0,0,false
2015-01-05,1,23:00,24,1,N,1.0,0,false
2015-01-06,1,20:00,18,1,N,1.0,0,false
2015-01-06,1,21:00,20,1,N,1.0,0,false
2015-01-06,1,22:00,22,1,N,1.0,0,false
2015-01-06,1,23:00,24,1,N,1.0,0,false
2015-01-07,1,20:00,18,2,SW,0.7222222222222222,18,true
2015-01-07,1,21:00,20,2,SW,0.65,20,true
2015-01-07,1,22:00,22,2,SW,0.5909090909090909,22,true
2015-01-07,1,23:00,24,2,SW,0.5416666666666666,24,true
2015-01-08,1,20:00,18,2,SE,0.5555555555555556,18,true
2015-01-08,1,21:00,20,2,S,0.5,20,true
2015-01-08,1,22:00,22,2,S,0.5454545454545454,22,true
2015-01-08,1,23:00,24,2,S,0.5833333333333334,24,true
2015-01-09,1,20:00,18,5,N,0.4444444444444444,4,true
2015-01-09,1,21:00,20,5,N,0.4,4,true
2015-01-09,1,22:00,22,5,N,0.45454545454545453,4,true
2015-01-09,1,23:00,24,5,N,0.5,4,true
2015-01-10,1,20:00,18,1,N,1.0,0,false
2015-01-10,1,21:00,20,1,N,1.0,0,false
2015-01-10,1,22:00,22,1,N,1.0,0,false
2015-01-10,1,23:00,24,1,N,1.0,0,false
2015-01-11,1,20:00,18,1,N,1.0,0,false
2015-01-11,1,21:00,20,1,N,1.0,0,false
2015-01-11,1,22:00,22,1,N,1.0,0,false
2015-01-11,1,23:00,24,1,N,1.0,0,false
2015-01-12,1,20:00,18,2,N,0.9444444444444444,0,true
2015-01-12,1,21:00,20,2,N,0.95,0,true
2015-01-12,1,22:00,22,4,N,0.8636363636363636,1,true
2015-01-12,1,23:00,24,5,N,0.7916666666666666,3,true
2015-01-13,1,20:00,18,4,S,0.4444444444444444,16,true
2015-01-13,1,21:00,20,4,S,0.4,16,true
2015-01-13,1,22:00,22,4,S,0.36363636363636365,16,true
2015-01-13,1,23:00,24,4,S,0.375,17,true
2015-01-14,1,20:00,18,2,N,0.7777777777777778,0,true
2015-01-14,1,21:00,20,2,N,0.75,0,true
2015-01-14,1,22:00,22,3,N,0.7272727272727273,0,true
2015-01-14,1,23:00,24,4,N,0.6666666666666666,2,true
2015-01-15,1,20:00,18,7,W,0.2777777777777778,5,true
2015-01-15,1,21:00,20,7,S,0.25,7,true
2015-01-15,1,22:00,22,7,S,0.3181818181818182,9,true
2015-01-15,1,23:00,24,7,S,0.375,11,true
2015-01-16,1,20:00,18,1,N,1.0,0,false
2015-01-16,1,21:00,20,1,N,1.0,0,false
2015-01-16,1,22:00,22,1,N,1.0,0,false
2015-01-16,1,23:00,24,1,N,1.0,0,false
2015-01-17,1,20:00,15,1,N,1.0,0,false
2015-01-17,1,21:00,17,1,N,1.0,0,false
2015-01-17,1,22:00,19,1,N,1.0,0,false
2015-01-17,1,23:00,21,1,N,1.0,0,false
2015-01-18,1,20:00,18,1,N,1.0,0,false
2015-01-18,1,21:00,20,1,N,1.0,0,false
2015-01-18,1,22:00,22,1,N,1.0,0,false
2015-01-18,1,23:00,24,1,N,1.0,0,false
2015-01-19,1,20:00,18,1,N,1.0,0,false
2015-01-19,1,21:00,20,1,N,1.0,0,false
2015-01-19,1,22:00,22,1,N,1.0,0,false
2015-01-19,1,23:00,24,1,N,1.0,0,false
2015-01-20,1,20:00,18,2,N,0.5,0,true
2015-01-20,1,21:00,20,2,NW,0.55,0,true
2015-01-20,1,22:00,22,2,NW,0.5909090909090909,0,true
2015-01-20,1,23:00,24,2,NW,0.625,0,true
2015-01-21,1,20:00,17,3,NE,0.5882352941176471,0,true
2015-01-21,1,21:00,18,4,NE,0.5555555555555556,1,true
2015-01-21,1,22:00,20,4,NE,0.5,3,true
2015-01-21,1,23:00,22,4,NE,0.45454545454545453,5,true
2015-01-22,1,20:00,18,2,S,0.9444444444444444,18,true
2015-01-22,1,21:00,20,2,S,0.95,20,true
2015-01-22,1,22:00,22,2,S,0.9545454545454546,22,true
2015-01-22,1,23:00,24,2,S,0.9583333333333334,24,true
2015-01-23,1,20:00,18,5,N,0.6111111111111112,0,true
2015-01-23,1,21:00,20,5,N,0.65,0,true
2015-01-23,1,22:00,22,5,N,0.6363636363636364,0,true
2015-01-23,1,23:00,24,5,N,0.6666666666666666,0,true
2015-01-24,1,20:00,18,2,N,0.7222222222222222,0,true
2015-01-24,1,21:00,20,2,N,0.75,0,true
2015-01-24,1,22:00,22,2,N,0.7727272727272727,0,true
2015-01-24,1,23:00,24,2,N,0.7916666666666666,0,true
2015-01-25,1,20:00,18,2,N,0.5555555555555556,0,true
2015-01-25,1,21:00,20,3,N,0.55,0,true
2015-01-25,1,22:00,22,4,N,0.5,2,true
2015-01-25,1,23:00,24,4,N,0.4583333333333333,4,true
2015-01-26,1,20:00,18,3,NE,0.5,1,true
2015-01-26,1,21:00,20,3,N,0.5,1,true
2015-01-26,1,22:00,22,3,N,0.5454545454545454,1,true
2015-01-26,1,23:00,24,3,N,0.5833333333333334,1,true
2015-01-27,1,20:00,18,3,N,0.5555555555555556,0,true
2015-01-27,1,21:00,20,4,N,0.55,1,true
2015-01-27,1,22:00,22,4,N,0.5,3,true
2015-01-27,1,23:00,24,4,N,0.4583333333333333,5,true
2015-01-28,1,20:00,18,6,S,0.4444444444444444,11,true
2015-01-28,1,21:00,20,6,S,0.45,13,true
2015-01-28,1,22:00,22,6,S,0.5,15,true
2015-01-28,1,23:00,24,6,S,0.5416666666666666,17,true
2015-01-29,1,20:00,18,5,S,0.3888888888888889,7,true
2015-01-29,1,21:00,20,5,S,0.45,9,true
2015-01-29,1,22:00,22,6,S,0.45454545454545453,11,true
2015-01-29,1,23:00,24,6,S,0.5,13,true
2015-01-30,1,20:00,18,4,SW,0.4444444444444444,17,true
2015-01-30,1,21:00,20,4,SW,0.4,19,true
2015-01-30,1,22:00,22,4,S,0.4090909090909091,21,true
2015-01-30,1,23:00,24,4,S,0.4583333333333333,23,true
2015-01-31,1,20:00,18,2,S,0.8333333333333334,18,true
2015-01-31,1,21:00,20,2,S,0.85,20,true
2015-01-31,1,22:00,22,2,S,0.8181818181818182,22,true
2015-01-31,1,23:00,24,2,S,0.75,24,true
2015-02-01,2,20:00,18,2,N,0.9444444444444444,0,true
2015-02-01,2,21:00,20,2,N,0.95,0,true
2015-02-01,2,22:00,22,2,N,0.9545454545454546,0,true
2015-02-01,2,23:00,23,2,N,0.9565217391304348,0,true
2015-02-02,2,20:00,14,1,N,1.0,0,false
2015-02-02,2,21:00,16,1,N,1.0,0,false
2015-02-02,2,22:00,18,2,N,0.9444444444444444,0,true
2015-02-02,2,23:00,20,2,N,0.9,0,true
2015-02-03,2,20:00,18,2,N,0.9444444444444444,0,true
2015-02-03,2,21:00,20,2,N,0.9,0,true
2015-02-03,2,22:00,22,2,N,0.8636363636363636,0,true
2015-02-03,2,23:00,24,2,N,0.875,0,true
2015-02-04,2,20:00,18,3,N,0.8888888888888888,0,true
2015-02-04,2,21:00,20,3,N,0.9,0,true
2015-02-04,2,22:00,22,3,N,0.9090909090909091,0,true
2015-02-04,2,23:00,24,3,N,0.9166666666666666,0,true
2015-02-05,2,20:00,18,4,NW,0.6111111111111112,2,true
2015-02-05,2,21:00,20,4,NW,0.65,2,true
2015-02-05,2,22:00,22,4,NW,0.5909090909090909,2,true
2015-02-05,2,23:00,24,4,NW,0.5416666666666666,2,true
2015-02-06,2,20:00,13,3,S,0.5384615384615384,10,true
2015-02-06,2,21:00,15,3,S,0.6,12,true
2015-02-06,2,22:00,17,3,S,0.6470588235294118,14,true
2015-02-06,2,23:00,19,3,S,0.6842105263157895,16,true
2015-02-07,2,20:00,18,1,S,1.0,18,false
2015-02-07,2,21:00,20,1,S,1.0,20,false
2015-02-07,2,22:00,22,1,S,1.0,22,false
2015-02-07,2,23:00,24,1,S,1.0,24,false
2015-02-08,2,20:00,18,2,N,0.9444444444444444,0,true
2015-02-08,2,21:00,20,2,N,0.95,0,true
2015-02-08,2,22:00,22,2,N,0.9545454545454546,0,true
2015-02-08,2,23:00,24,2,N,0.9583333333333334,0,true
2015-02-09,2,20:00,18,1,N,1.0,0,false
2015-02-09,2,21:00,20,1,N,1.0,0,false
2015-02-09,2,22:00,22,1,N,1.0,0,false
2015-02-09,2,23:00,24,1,N,1.0,0,false
2015-02-10,2,20:00,18,2,S,0.9444444444444444,18,true
2015-02-10,2,21:00,20,2,S,0.85,20,true
2015-02-10,2,22:00,22,2,S,0.7727272727272727,22,true
2015-02-10,2,23:00,24,2,S,0.75,24,true
2015-02-11,2,20:00,18,6,S,0.3888888888888889,10,true
2015-02-11,2,21:00,20,6,S,0.4,12,true
2015-02-11,2,22:00,22,6,S,0.36363636363636365,14,true
2015-02-11,2,23:00,24,6,S,0.375,16,true
2015-02-12,2,20:00,18,2,N,0.7777777777777778,0,true
2015-02-12,2,21:00,20,2,N,0.8,0,true
2015-02-12,2,22:00,22,2,N,0.8181818181818182,0,true
2015-02-12,2,23:00,24,2,N,0.8333333333333334,0,true
2015-02-13,2,20:00,18,2,N,0.8888888888888888,0,true
2015-02-13,2,21:00,20,2,N,0.9,0,true
2015-02-13,2,22:00,22,2,N,0.9090909090909091,0,true
2015-02-13,2,23:00,24,2,N,0.9166666666666666,0,true
2015-02-14,2,20:00,18,1,S,1.0,18,false
2015-02-14,2,21:00,20,1,S,1.0,20,false
2015-02-14,2,22:00,22,1,S,1.0,22,false
2015-02-14,2,23:00,24,1,S,1.0,24,false
2015-02-15,2,20:00,18,1,S,1.0,18,false
2015-02-15,2,21:00,20,1,S,1.0,20,false
2015-02-15,2,22:00,22,1,S,1.0,22,false
2015-02-15,2,23:00,24,1,S,1.0,24,false
2015-02-16,2,20:00,18,2,S,0.9444444444444444,18,true
2015-02-16,2,21:00,20,2,S,0.95,20,true
2015-02-16,2,22:00,22,2,S,0.9545454545454546,22,true
2015-02-16,2,23:00,24,2,S,0.9583333333333334,24,true
2015-02-17,2,20:00,18,4,NE,0.7222222222222222,0,true
2015-02-17,2,21:00,20,4,NE,0.7,0,true
2015-02-17,2,22:00,22,4,NE,0.6363636363636364,0,true
2015-02-17,2,23:00,24,5,NE,0.5833333333333334,0,true
2015-02-18,2,20:00,18,2,N,0.8333333333333334,0,true
2015-02-18,2,21:00,20,2,N,0.75,0,true
2015-02-18,2,22:00,22,2,N,0.7727272727272727,0,true
2015-02-18,2,23:00,24,2,N,0.7916666666666666,0,true
2015-02-19,2,20:00,18,2,N,0.7777777777777778,0,true
2015-02-19,2,21:00,20,2,N,0.8,0,true
2015-02-19,2,22:00,22,2,N,0.8181818181818182,0,true
2015-02-19,2,23:00,24,2,N,0.8333333333333334,0,true
2015-02-20,2,20:00,15,4,N,0.3333333333333333,6,true
2015-02-20,2,21:00,15,4,N,0.3333333333333333,6,true
2015-02-20,2,22:00,16,4,S,0.375,7,true
2015-02-20,2,23:00,18,4,S,0.4444444444444444,9,true
2015-02-21,2,20:00,18,2,N,0.9444444444444444,0,true
2015-02-21,2,21:00,20,2,N,0.95,0,true
2015-02-21,2,22:00,22,2,N,0.9545454545454546,0,true
2015-02-21,2,23:00,23,2,N,0.9565217391304348,0,true
2015-02-22,2,20:00,18,1,N,1.0,0,false
2015-02-22,2,21:00,20,2,N,0.95,0,true
2015-02-22,2,22:00,22,2,N,0.9545454545454546,0,true
2015-02-22,2,23:00,24,2,N,0.9583333333333334,0,true
2015-02-23,2,20:00,17,2,S,0.8823529411764706,17,true
2015-02-23,2,21:00,19,2,S,0.8421052631578947,19,true
2015-02-23,2,22:00,21,2,S,0.8571428571428571,21,true
2015-02-23,2,23:00,23,3,S,0.8260869565217391,23,true
2015-02-24,2,20:00,17,5,N,0.5882352941176471,1,true
2015-02-24,2,21:00,19,5,N,0.631578947368421,1,true
2015-02-24,2,22:00,21,6,N,0.6190476190476191,1,true
2015-02-24,2,23:00,23,6,N,0.6521739130434783,1,true
2015-02-25,2,20:00,18,2,N,0.6666666666666666,0,true
2015-02-25,2,21:00,20,2,N,0.7,0,true
2015-02-25,2,22:00,22,2,N,0.7272727272727273,0,true
2015-02-25,2,23:00,24,2,N,0.75,0,true
2015-02-26,2,20:00,18,1,S,1.0,18,false
2015-02-26,2,21:00,20,2,S,0.9,20,true
2015-02-26,2,22:00,22,2,S,0.8181818181818182,22,true
2015-02-26,2,23:00,24,2,S,0.75,24,true
2015-02-27,2,20:00,18,2,N,0.6111111111111112,0,true
2015-02-27,2,21:00,20,2,N,0.65,0,true
2015-02-27,2,22:00,22,2,N,0.6818181818181818,0,true
2015-02-27,2,23:00,24,2,N,0.7083333333333334,0,true
2015-02-28,2,20:00,18,2,N,0.6111111111111112,0,true
2015-02-28,2,21:00,20,2,N,0.6,0,true
2015-02-28,2,22:00,22,2,N,0.6363636363636364,0,true
2015-02-28,2,23:00,24,2,N,0.6666666666666666,0,true
2015-03-01,3,20:00,18,1,N,1.0,0,false
2015-03-01,3,21:00,20,1,N,1.0,0,false
2015-03-01,3,22:00,22,1,N,1.0,0,false
2015-03-01,3,23:00,24,1,N,1.0,0,false
2015-03-02,3,20:00,18,2,N,0.9444444444444444,0,true
2015-03-02,3,21:00,20,2,N,0.95,0,true
2015-03-02,3,22:00,22,2,N,0.9545454545454546,0,true
2015-03-02,3,23:00,24,2,N,0.9583333333333334,0,true
2015-03-03,3,20:00,18,2,N,0.9444444444444444,0,true
2015-03-03,3,21:00,20,2,N,0.95,0,true
2015-03-03,3,22:00,22,2,N,0.9545454545454546,0,true
2015-03-03,3,23:00,24,2,N,0.9583333333333334,0,true
2015-03-04,3,20:00,18,2,N,0.9444444444444444,0,true
2015-03-04,3,21:00,20,2,N,0.95,0,true
2015-03-04,3,22:00,22,2,N,0.9545454545454546,0,true
2015-03-04,3,23:00,24,2,N,0.9583333333333334,0,true
2015-03-05,3,20:00,18,2,N,0.6666666666666666,0,true
2015-03-05,3,21:00,20,2,N,0.7,0,true
2015-03-05,3,22:00,21,2,N,0.7142857142857143,0,true
2015-03-05,3,23:00,23,2,N,0.7391304347826086,0,true
2015-03-06,3,20:00,18,1,N,1.0,0,false
2015-03-06,3,21:00,20,1,N,1.0,0,false
2015-03-06,3,22:00,22,1,N,1.0,0,false
2015-03-06,3,23:00,24,1,N,1.0,0,false
2015-03-07,3,20:00,18,1,N,1.0,0,false
2015-03-07,3,21:00,20,1,N,1.0,0,false
2015-03-07,3,22:00,22,1,N,1.0,0,false
2015-03-07,3,23:00,24,1,N,1.0,0,false
2015-03-08,3,20:00,18,4,NE,0.5,0,true
2015-03-08,3,21:00,20,4,N,0.45,0,true
2015-03-08,3,22:00,22,4,N,0.45454545454545453,0,true
2015-03-08,3,23:00,24,4,N,0.4583333333333333,0,true
2015-03-09,3,20:00,18,7,S,0.2777777777777778,8,true
2015-03-09,3,21:00,20,7,S,0.25,8,true
2015-03-09,3,22:00,22,7,N,0.22727272727272727,8,true
2015-03-09,3,23:00,24,7,N,0.2916666666666667,8,true
2015-03-10,3,20:00,18,2,N,0.8333333333333334,0,true
2015-03-10,3,21:00,20,2,N,0.85,0,true
2015-03-10,3,22:00,22,2,N,0.8181818181818182,0,true
2015-03-10,3,23:00,24,2,N,0.8333333333333334,0,true
2015-03-11,3,20:00,18,3,N,0.7222222222222222,0,true
2015-03-11,3,21:00,20,4,N,0.65,1,true
2015-03-11,3,22:00,22,4,N,0.5909090909090909,3,true
2015-03-11,3,23:00,24,4,N,0.5416666666666666,5,true
2015-03-12,3,20:00,16,2,S,0.9375,16,true
2015-03-12,3,21:00,18,2,S,0.9444444444444444,18,true
2015-03-12,3,22:00,20,2,S,0.95,20,true
2015-03-12,3,23:00,22,2,S,0.9545454545454546,22,true
2015-03-13,3,20:00,18,2,N,0.5,0,true
2015-03-13,3,21:00,20,2,N,0.55,0,true
2015-03-13,3,22:00,22,2,N,0.5909090909090909,0,true
2015-03-13,3,23:00,24,2,N,0.625,0,true
2015-03-14,3,20:00,17,3,S,0.6470588235294118,12,true
2015-03-14,3,21:00,19,3,S,0.6842105263157895,14,true
2015-03-14,3,22:00,20,3,S,0.7,15,true
2015-03-14,3,23:00,22,3,S,0.7272727272727273,17,true
2015-03-15,3,20:00,14,2,SW,0.8571428571428571,12,true
2015-03-15,3,21:00,16,3,SW,0.8125,13,true
2015-03-15,3,22:00,18,3,SW,0.8333333333333334,15,true
2015-03-15,3,23:00,20,4,SW,0.75,17,true
2015-03-16,3,20:00,17,4,SW,0.47058823529411764,14,true
2015-03-16,3,21:00,17,4,SW,0.47058823529411764,14,true
2015-03-16,3,22:00,19,4,SW,0.5263157894736842,16,true
2015-03-16,3,23:00,20,4,SW,0.55,17,true
2015-03-17,3,20:00,4,1,S,1.0,4,false
2015-03-17,3,21:00,6,1,S,1.0,6,false
2015-03-17,3,22:00,8,1,S,1.0,8,false
2015-03-17,3,23:00,10,1,S,1.0,10,false
2015-03-18,3,20:00,18,1,S,1.0,18,false
2015-03-18,3,21:00,20,1,S,1.0,20,false
2015-03-18,3,22:00,22,1,S,1.0,22,false
2015-03-18,3,23:00,24,1,S,1.0,24,false
2015-03-19,3,20:00,18,1,S,1.0,18,false
2015-03-19,3,21:00,18,1,S,1.0,18,false
2015-03-19,3,22:00,20,1,S,1.0,20,false
2015-03-19,3,23:00,22,1,S,1.0,22,false
2015-03-20,3,20:00,18,2,S,0.9444444444444444,18,true
2015-03-20,3,21:00,20,2,S,0.9,20,true
2015-03-20,3,22:00,22,2,S,0.9090909090909091,22,true
2015-03-20,3,23:00,24,2,S,0.9166666666666666,24,true
2015-03-21,3,20:00,18,2,N,0.7222222222222222,0,true
2015-03-21,3,21:00,20,2,N,0.75,0,true
2015-03-21,3,22:00,22,2,N,0.7727272727272727,0,true
2015-03-21,3,23:00,24,2,N,0.7916666666666666,0,true
2015-03-22,3,20:00,18,2,N,0.8333333333333334,0,true
2015-03-22,3,21:00,20,3,N,0.75,0,true
2015-03-22,3,22:00,22,3,N,0.7727272727272727,0,true
2015-03-22,3,23:00,24,3,N,0.7916666666666666,0,true
2015-03-23,3,20:00,18,2,S,0.8888888888888888,18,true
2015-03-23,3,21:00,20,2,S,0.9,20,true
2015-03-23,3,22:00,22,2,S,0.9090909090909091,22,true
2015-03-23,3,23:00,24,2,S,0.9166666666666666,24,true
2015-03-24,3,20:00,18,3,N,0.6666666666666666,2,true
2015-03-24,3,21:00,20,3,N,0.7,2,true
2015-03-24,3,22:00,22,3,N,0.7272727272727273,2,true
2015-03-24,3,23:00,24,3,N,0.75,2,true
2015-03-25,3,20:00,18,1,N,1.0,0,false
2015-03-25,3,21:00,20,1,N,1.0,0,false
2015-03-25,3,22:00,22,1,N,1.0,0,false
2015-03-25,3,23:00,24,1,N,1.0,0,false
2015-03-26,3,20:00,18,2,N,0.9444444444444444,0,true
2015-03-26,3,21:00,20,2,N,0.95,0,true
2015-03-26,3,22:00,22,2,N,0.9545454545454546,0,true
2015-03-26,3,23:00,24,2,N,0.9583333333333334,0,true
2015-03-27,3,20:00,18,1,S,1.0,18,false
2015-03-27,3,21:00,20,1,S,1.0,20,false
2015-03-27,3,22:00,22,1,S,1.0,22,false
2015-03-27,3,23:00,24,1,S,1.0,24,false
2015-03-28,3,20:00,18,4,NE,0.3888888888888889,2,true
2015-03-28,3,21:00,20,4,N,0.4,2,true
2015-03-28,3,22:00,22,4,N,0.45454545454545453,2,true
2015-03-28,3,23:00,24,4,N,0.4583333333333333,2,true
2015-03-29,3,20:00,18,1,N,1.0,0,false
2015-03-29,3,21:00,20,1,N,1.0,0,false
2015-03-29,3,22:00,22,1,N,1.0,0,false
2015-03-29,3,23:00,24,1,N,1.0,0,false
2015-03-30,3,20:00,18,4,N,0.4444444444444444,0,true
2015-03-30,3,21:00,20,4,NE,0.45,0,true
2015-03-30,3,22:00,22,4,NE,0.5,0,true
2015-03-30,3,23:00,24,4,NE,0.4583333333333333,0,true
2015-03-31,3,20:00,18,2,N,0.7222222222222222,0,true
2015-03-31,3,21:00,20,2,N,0.75,0,true
2015-03-31,3,22:00,22,2,N,0.7727272727272727,0,true
2015-03-31,3,23:00,24,2,N,0.7916666666666666,0,true
2015-04-01,4,20:00,18,2,NE,0.5555555555555556,0,true
2015-04-01,4,21:00,20,2,N,0.5,0,true
2015-04-01,4,22:00,22,2,N,0.5,0,true
2015-04-01,4,23:00,24,3,N,0.4583333333333333,2,true
2015-04-02,4,20:00,18,2,N,0.6111111111111112,0,true
2015-04-02,4,21:00,20,2,N,0.65,0,true
2015-04-02,4,22:00,22,2,N,0.6818181818181818,0,true
2015-04-02,4,23:00,24,2,N,0.7083333333333334,0,true
2015-04-03,4,20:00,18,2,N,0.6666666666666666,0,true
2015-04-03,4,21:00,20,2,N,0.7,0,true
2015-04-03,4,22:00,22,2,N,0.7272727272727273,0,true
2015-04-03,4,23:00,24,2,N,0.75,0,true
2015-04-04,4,20:00,18,1,N,1.0,0,false
2015-04-04,4,21:00,20,1,N,1.0,0,false
2015-04-04,4,22:00,22,1,N,1.0,0,false
2015-04-04,4,23:00,24,1,N,1.0,0,false
2015-04-05,4,20:00,18,6,S,0.3333333333333333,11,true
2015-04-05,4,21:00,20,6,S,0.35,13,true
2015-04-05,4,22:00,22,6,S,0.4090909090909091,15,true
2015-04-05,4,23:00,24,6,S,0.4583333333333333,17,true
2015-04-06,4,20:00,16,3,N,0.5625,0,true
2015-04-06,4,21:00,18,3,N,0.5,0,true
2015-04-06,4,22:00,20,3,N,0.55,0,true
2015-04-06,4,23:00,22,3,N,0.5909090909090909,0,true
2015-04-07,4,20:00,16,1,N,1.0,0,false
2015-04-07,4,21:00,18,1,N,1.0,0,false
2015-04-07,4,22:00,20,1,N,1.0,0,false
2015-04-07,4,23:00,22,1,N,1.0,0,false
2015-04-08,4,20:00,16,1,N,1.0,0,false
2015-04-08,4,21:00,17,1,N,1.0,0,false
2015-04-08,4,22:00,18,1,N,1.0,0,false
2015-04-08,4,23:00,20,1,N,1.0,0,false
2015-04-09,4,20:00,15,1,S,1.0,15,false
2015-04-09,4,21:00,17,2,S,0.9411764705882353,17,true
2015-04-09,4,22:00,19,2,S,0.9473684210526315,19,true
2015-04-09,4,23:00,21,2,S,0.8571428571428571,21,true
2015-04-10,4,20:00,12,5,N,0.5833333333333334,2,true
2015-04-10,4,21:00,14,5,N,0.5714285714285714,2,true
2015-04-10,4,22:00,16,5,N,0.625,2,true
2015-04-10,4,23:00,18,5,N,0.6666666666666666,2,true
2015-04-11,4,20:00,16,1,S,1.0,16,false
2015-04-11,4,21:00,18,1,S,1.0,18,false
2015-04-11,4,22:00,20,1,S,1.0,20,false
2015-04-11,4,23:00,22,1,S,1.0,22,false
2015-04-12,4,20:00,16,1,N,1.0,0,false
2015-04-12,4,21:00,18,1,N,1.0,0,false
2015-04-12,4,22:00,20,1,N,1.0,0,false
2015-04-12,4,23:00,22,1,N,1.0,0,false
2015-04-13,4,20:00,16,2,N,0.8125,0,true
2015-04-13,4,21:00,18,2,N,0.7222222222222222,0,true
2015-04-13,4,22:00,20,2,N,0.65,0,true
2015-04-13,4,23:00,22,4,N,0.5909090909090909,1,true
2015-04-14,4,20:00,16,1,S,1.0,16,false
2015-04-14,4,21:00,18,1,S,1.0,18,false
2015-04-14,4,22:00,20,1,S,1.0,20,false
2015-04-14,4,23:00,22,1,S,1.0,22,false
2015-04-15,4,20:00,16,5,NE,0.5,1,true
2015-04-15,4,21:00,18,5,NE,0.4444444444444444,1,true
2015-04-15,4,22:00,20,5,NE,0.45,1,true
2015-04-15,4,23:00,22,6,NE,0.4090909090909091,3,true
2015-04-16,4,20:00,16,1,S,1.0,16,false
2015-04-16,4,21:00,18,1,S,1.0,18,false
2015-04-16,4,22:00,20,1,S,1.0,20,false
2015-04-16,4,23:00,22,1,S,1.0,22,false
2015-04-17,4,20:00,16,2,N,0.75,0,true
2015-04-17,4,21:00,18,2,N,0.7777777777777778,0,true
2015-04-17,4,22:00,20,2,N,0.8,0,true
2015-04-17,4,23:00,22,2,N,0.8181818181818182,0,true
2015-04-18,4,20:00,14,3,S,0.5714285714285714,9,true
2015-04-18,4,21:00,16,4,S,0.5,11,true
2015-04-18,4,22:00,18,4,S,0.5555555555555556,13,true
2015-04-18,4,23:00,20,4,S,0.6,15,true
2015-04-19,4,20:00,15,4,N,0.4666666666666667,5,true
2015-04-19,4,21:00,17,4,N,0.5294117647058824,5,true
2015-04-19,4,22:00,19,4,N,0.5789473684210527,5,true
2015-04-19,4,23:00,21,4,N,0.6190476190476191,5,true
2015-04-20,4,20:00,16,1,N,1.0,0,false
2015-04-20,4,21:00,18,1,N,1.0,0,false
2015-04-20,4,22:00,20,1,N,1.0,0,false
2015-04-20,4,23:00,22,1,N,1.0,0,false
2015-04-21,4,20:00,16,5,NE,0.5,4,true
2015-04-21,4,21:00,18,5,NE,0.4444444444444444,4,true
2015-04-21,4,22:00,20,5,NE,0.4,4,true
2015-04-21,4,23:00,22,5,N,0.36363636363636365,4,true
2015-04-22,4,20:00,15,4,S,0.6,14,true
2015-04-22,4,21:00,17,4,S,0.6470588235294118,16,true
2015-04-22,4,22:00,19,4,S,0.6842105263157895,18,true
2015-04-22,4,23:00,21,4,S,0.7142857142857143,20,true
2015-04-23,4,20:00,16,2,SE,0.6875,16,true
2015-04-23,4,21:00,18,4,SE,0.6111111111111112,16,true
2015-04-23,4,22:00,20,5,SE,0.55,18,true
2015-04-23,4,23:00,22,6,SE,0.5,19,true
2015-04-24,4,20:00,16,2,NE,0.875,0,true
2015-04-24,4,21:00,18,3,NE,0.8333333333333334,0,true
2015-04-24,4,22:00,20,3,NE,0.75,0,true
2015-04-24,4,23:00,22,3,NE,0.6818181818181818,0,true
2015-04-25,4,20:00,16,2,NE,0.5625,0,true
2015-04-25,4,21:00,18,2,N,0.5,0,true
2015-04-25,4,22:00,20,2,N,0.55,0,true
2015-04-25,4,23:00,22,2,N,0.5909090909090909,0,true
2015-04-26,4,20:00,16,1,N,1.0,0,false
2015-04-26,4,21:00,18,1,N,1.0,0,false
2015-04-26,4,22:00,20,1,N,1.0,0,false
2015-04-26,4,23:00,22,1,N,1.0,0,false
2015-04-27,4,20:00,16,2,N,0.8125,0,true
2015-04-27,4,21:00,18,2,N,0.8333333333333334,0,true
2015-04-27,4,22:00,20,2,N,0.85,0,true
2015-04-27,4,23:00,20,2,N,0.85,0,true
2015-04-28,4,20:00,12,3,N,0.6666666666666666,3,true
2015-04-28,4,21:00,14,3,N,0.5714285714285714,5,true
2015-04-28,4,22:00,16,3,N,0.5,7,true
2015-04-28,4,23:00,18,3,S,0.5,9,true
2015-04-29,4,20:00,16,2,N,0.625,0,true
2015-04-29,4,21:00,18,2,N,0.6666666666666666,0,true
2015-04-29,4,22:00,20,3,N,0.65,0,true
2015-04-29,4,23:00,22,3,N,0.5909090909090909,0,true
2015-04-30,4,20:00,14,3,S,0.5,14,true
2015-04-30,4,21:00,16,3,S,0.5625,16,true
2015-04-30,4,22:00,18,3,S,0.6111111111111112,18,true
2015-04-30,4,23:00,20,3,S,0.65,20,true
2015-05-01,5,20:00,16,3,NE,0.5625,0,true
2015-05-01,5,21:00,18,3,NE,0.5,0,true
2015-05-01,5,22:00,20,3,NE,0.55,0,true
2015-05-01,5,23:00,22,3,NE,0.5,0,true
2015-05-02,5,20:00,16,2,NE,0.5625,0,true
2015-05-02,5,21:00,18,2,N,0.5,0,true
2015-05-02,5,22:00,20,2,N,0.55,0,true
2015-05-02,5,23:00,22,2,N,0.5909090909090909,0,true
2015-05-03,5,20:00,16,2,N,0.5625,0,true
2015-05-03,5,21:00,18,2,N,0.6111111111111112,0,true
2015-05-03,5,22:00,20,2,N,0.6,0,true
2015-05-03,5,23:00,22,2,N,0.6363636363636364,0,true
2015-05-04,5,20:00,16,2,NE,0.875,0,true
2015-05-04,5,21:00,18,2,NE,0.7777777777777778,0,true
2015-05-04,5,22:00,20,2,NE,0.7,0,true
2015-05-04,5,23:00,22,2,NE,0.6363636363636364,0,true
2015-05-05,5,20:00,16,2,N,0.875,0,true
2015-05-05,5,21:00,18,2,N,0.8888888888888888,0,true
2015-05-05,5,22:00,20,2,N,0.9,0,true
2015-05-05,5,23:00,22,2,N,0.9090909090909091,0,true
2015-05-06,5,20:00,16,1,N,1.0,0,false
2015-05-06,5,21:00,18,1,N,1.0,0,false
2015-05-06,5,22:00,20,1,N,1.0,0,false
2015-05-06,5,23:00,22,1,N,1.0,0,false
2015-05-07,5,20:00,9,1,N,1.0,0,false
2015-05-07,5,21:00,10,1,N,1.0,0,false
2015-05-07,5,22:00,10,1,N,1.0,0,false
2015-05-07,5,23:00,11,1,N,1.0,0,false
2015-05-08,5,20:00,15,3,N,0.8,0,true
2015-05-08,5,21:00,17,3,N,0.8235294117647058,0,true
2015-05-08,5,22:00,19,3,N,0.8421052631578947,0,true
2015-05-08,5,23:00,21,3,N,0.8571428571428571,0,true
2015-05-09,5,20:00,16,2,N,0.625,0,true
2015-05-09,5,21:00,18,2,N,0.6666666666666666,0,true
2015-05-09,5,22:00,20,2,N,0.6,0,true
2015-05-09,5,23:00,22,2,N,0.5454545454545454,0,true
2015-05-10,5,20:00,16,1,N,1.0,0,false
2015-05-10,5,21:00,18,1,N,1.0,0,false
2015-05-10,5,22:00,20,1,N,1.0,0,false
2015-05-10,5,23:00,22,1,N,1.0,0,false
2015-05-11,5,20:00,16,2,N,0.875,0,true
2015-05-11,5,21:00,17,2,N,0.8823529411764706,0,true
2015-05-11,5,22:00,19,2,N,0.8947368421052632,0,true
2015-05-11,5,23:00,21,2,N,0.9047619047619048,0,true
2015-05-12,5,20:00,16,2,N,0.875,0,true
2015-05-12,5,21:00,18,2,N,0.8888888888888888,0,true
2015-05-12,5,22:00,20,2,N,0.9,0,true
2015-05-12,5,23:00,20,2,N,0.9,0,true
2015-05-13,5,20:00,16,3,N,0.6875,0,true
2015-05-13,5,21:00,18,3,N,0.7222222222222222,0,true
2015-05-13,5,22:00,20,3,N,0.7,0,true
2015-05-13,5,23:00,22,3,N,0.7272727272727273,0,true
2015-05-14,5,20:00,11,1,N,1.0,0,false
2015-05-14,5,21:00,12,1,N,1.0,0,false
2015-05-14,5,22:00,14,1,N,1.0,0,false
2015-05-14,5,23:00,16,1,N,1.0,0,false
2015-05-15,5,20:00,14,6,N,0.2857142857142857,1,true
2015-05-15,5,21:00,16,7,E,0.25,2,true
2015-05-15,5,22:00,18,8,E,0.2222222222222222,4,true
2015-05-15,5,23:00,20,8,E,0.2,6,true
2015-05-16,5,20:00,16,2,S,0.875,16,true
2015-05-16,5,21:00,18,2,S,0.8888888888888888,18,true
2015-05-16,5,22:00,20,2,S,0.9,20,true
2015-05-16,5,23:00,22,2,S,0.9090909090909091,22,true
2015-05-17,5,20:00,16,1,S,1.0,16,false
2015-05-17,5,21:00,18,1,S,1.0,18,false
2015-05-17,5,22:00,20,2,S,0.9,20,true
2015-05-17,5,23:00,22,2,S,0.8636363636363636,22,true
2015-05-18,5,20:00,16,2,N,0.5,0,true
2015-05-18,5,21:00,18,2,N,0.5,0,true
2015-05-18,5,22:00,20,2,N,0.5,0,true
2015-05-18,5,23:00,22,2,NE,0.5454545454545454,0,true
2015-05-19,5,20:00,16,3,S,0.4375,14,true
2015-05-19,5,21:00,18,3,S,0.4444444444444444,16,true
2015-05-19,5,22:00,20,3,S,0.5,18,true
2015-05-19,5,23:00,22,3,S,0.5454545454545454,20,true
2015-05-20,5,20:00,16,2,N,0.625,0,true
2015-05-20,5,21:00,18,2,N,0.6666666666666666,0,true
2015-05-20,5,22:00,20,2,N,0.7,0,true
2015-05-20,5,23:00,22,2,N,0.6363636363636364,0,true
2015-05-21,5,20:00,16,1,N,1.0,0,false
2015-05-21,5,21:00,18,1,N,1.0,0,false
2015-05-21,5,22:00,20,1,N,1.0,0,false
2015-05-21,5,23:00,22,1,N,1.0,0,false
2015-05-22,5,20:00,15,3,S,0.7333333333333333,11,true
2015-05-22,5,21:00,17,3,S,0.7647058823529411,13,true
2015-05-22,5,22:00,19,3,S,0.7894736842105263,15,true
2015-05-22,5,23:00,21,3,S,0.8095238095238095,17,true
2015-05-23,5,20:00,16,2,N,0.5625,0,true
2015-05-23,5,21:00,18,2,N,0.6111111111111112,0,true
2015-05-23,5,22:00,20,2,N,0.55,0,true
2015-05-23,5,23:00,22,2,N,0.5454545454545454,0,true
2015-05-24,5,20:00,16,2,S,0.875,16,true
2015-05-24,5,21:00,18,2,S,0.7777777777777778,18,true
2015-05-24,5,22:00,20,2,S,0.7,20,true
2015-05-24,5,23:00,22,2,S,0.6363636363636364,22,true
2015-05-25,5,20:00,8,3,W,0.625,3,true
2015-05-25,5,21:00,10,3,W,0.5,5,true
2015-05-25,5,22:00,12,3,SW,0.5,7,true
2015-05-25,5,23:00,14,3,SW,0.5714285714285714,9,true
2015-05-26,5,20:00,16,3,NE,0.5625,0,true
2015-05-26,5,21:00,18,3,NE,0.6111111111111112,0,true
2015-05-26,5,22:00,20,3,NE,0.65,0,true
2015-05-26,5,23:00,22,3,NE,0.5909090909090909,0,true
2015-05-27,5,20:00,16,2,S,0.9375,16,true
2015-05-27,5,21:00,18,2,S,0.9444444444444444,18,true
2015-05-27,5,22:00,20,2,S,0.95,20,true
2015-05-27,5,23:00,22,2,S,0.9545454545454546,22,true
2015-05-28,5,20:00,16,3,S,0.5625,9,true
2015-05-28,5,21:00,18,3,S,0.5,9,true
2015-05-28,5,22:00,20,3,S,0.45,9,true
2015-05-28,5,23:00,22,3,S,0.4090909090909091,9,true
2015-05-29,5,20:00,16,2,NE,0.625,0,true
2015-05-29,5,21:00,18,2,NE,0.5555555555555556,0,true
2015-05-29,5,22:00,20,2,N,0.5,0,true
2015-05-29,5,23:00,22,2,N,0.5454545454545454,0,true
2015-05-30,5,20:00,16,2,N,0.875,0,true
2015-05-30,5,21:00,18,2,N,0.8888888888888888,0,true
2015-05-30,5,22:00,20,2,N,0.9,0,true
2015-05-30,5,23:00,22,2,N,0.9090909090909091,0,true
2015-05-31,5,20:00,16,1,N,1.0,0,false
2015-05-31,5,21:00,18,1,N,1.0,0,false
2015-05-31,5,22:00,20,1,N,1.0,0,false
2015-05-31,5,23:00,22,1,N,1.0,0,false
2015-06-01,6,20:00,16,3,NE,0.5625,0,true
2015-06-01,6,21:00,18,3,NE,0.5555555555555556,0,true
2015-06-01,6,22:00,20,4,NE,0.5,0,true
2015-06-01,6,23:00,22,4,NE,0.5,0,true
2015-06-02,6,20:00,16,2,N,0.9375,0,true
2015-06-02,6,21:00,18,2,N,0.9444444444444444,0,true
2015-06-02,6,22:00,20,2,N,0.95,0,true
2015-06-02,6,23:00,22,2,N,0.8636363636363636,0,true
2015-06-03,6,20:00,16,2,N,0.875,0,true
2015-06-03,6,21:00,18,2,N,0.7777777777777778,0,true
2015-06-03,6,22:00,20,2,N,0.7,0,true
2015-06-03,6,23:00,22,2,N,0.7272727272727273,0,true
2015-06-04,6,20:00,12,1,S,1.0,12,false
2015-06-04,6,21:00,14,1,S,1.0,14,false
2015-06-04,6,22:00,16,1,S,1.0,16,false
2015-06-04,6,23:00,18,1,S,1.0,18,false
2015-06-05,6,20:00,16,1,S,1.0,16,false
2015-06-05,6,21:00,18,1,S,1.0,18,false
2015-06-05,6,22:00,20,1,S,1.0,20,false
2015-06-05,6,23:00,22,1,S,1.0,22,false
2015-06-06,6,20:00,16,2,N,0.5625,0,true
2015-06-06,6,21:00,18,2,N,0.6111111111111112,0,true
2015-06-06,6,22:00,20,2,N,0.65,0,true
2015-06-06,6,23:00,22,2,N,0.6818181818181818,0,true
2015-06-07,6,20:00,16,2,N,0.9375,0,true
2015-06-07,6,21:00,18,3,N,0.8888888888888888,0,true
2015-06-07,6,22:00,20,3,N,0.8,0,true
2015-06-07,6,23:00,22,3,N,0.7272727272727273,0,true
2015-06-08,6,20:00,16,2,N,0.625,0,true
2015-06-08,6,21:00,18,2,N,0.6666666666666666,0,true
2015-06-08,6,22:00,20,2,N,0.7,0,true
2015-06-08,6,23:00,22,2,N,0.7272727272727273,0,true
2015-06-09,6,20:00,16,1,N,1.0,0,false
2015-06-09,6,21:00,18,1,N,1.0,0,false
2015-06-09,6,22:00,20,1,N,1.0,0,false
2015-06-09,6,23:00,22,1,N,1.0,0,false
2015-06-10,6,20:00,16,2,N,0.9375,0,true
2015-06-10,6,21:00,18,2,N,0.9444444444444444,0,true
2015-06-10,6,22:00,20,2,N,0.9,0,true
2015-06-10,6,23:00,21,2,N,0.9047619047619048,0,true
2015-06-11,6,20:00,16,2,N,0.75,0,true
2015-06-11,6,21:00,18,3,N,0.6666666666666666,0,true
2015-06-11,6,22:00,20,3,N,0.6,0,true
2015-06-11,6,23:00,22,3,N,0.5454545454545454,0,true
2015-06-12,6,20:00,16,2,N,0.9375,0,true
2015-06-12,6,21:00,18,2,N,0.9444444444444444,0,true
2015-06-12,6,22:00,20,2,N,0.95,0,true
2015-06-12,6,23:00,22,2,N,0.9545454545454546,0,true
2015-06-13,6,20:00,16,5,N,0.5,1,true
2015-06-13,6,21:00,18,5,N,0.4444444444444444,1,true
2015-06-13,6,22:00,20,5,N,0.45,1,true
2015-06-13,6,23:00,22,5,N,0.5,1,true
2015-06-14,6,20:00,16,2,N,0.5,0,true
2015-06-14,6,21:00,18,2,N,0.5,0,true
2015-06-14,6,22:00,20,2,N,0.55,0,true
2015-06-14,6,23:00,22,3,N,0.5,2,true
2015-06-15,6,20:00,8,3,NE,0.5,3,true
2015-06-15,6,21:00,10,3,S,0.5,5,true
2015-06-15,6,22:00,12,3,S,0.5833333333333334,7,true
2015-06-15,6,23:00,13,3,S,0.6153846153846154,8,true
2015-06-16,6,20:00,16,3,S,0.5625,13,true
2015-06-16,6,21:00,18,5,S,0.5,13,true
2015-06-16,6,22:00,20,5,S,0.45,13,true
2015-06-16,6,23:00,22,5,S,0.4090909090909091,13,true
2015-06-17,6,20:00,16,3,NE,0.5,2,true
2015-06-17,6,21:00,18,3,N,0.4444444444444444,2,true
2015-06-17,6,22:00,20,3,N,0.45,2,true
2015-06-17,6,23:00,22,3,N,0.45454545454545453,2,true
2015-06-18,6,20:00,16,2,N,0.625,0,true
2015-06-18,6,21:00,18,2,N,0.6666666666666666,0,true
2015-06-18,6,22:00,20,2,N,0.7,0,true
2015-06-18,6,23:00,22,2,N,0.7272727272727273,0,true
2015-06-19,6,20:00,15,4,N,0.4666666666666667,6,true
2015-06-19,6,21:00,17,4,N,0.5294117647058824,6,true
2015-06-19,6,22:00,19,4,N,0.5789473684210527,6,true
2015-06-19,6,23:00,21,4,N,0.6190476190476191,6,true
2015-06-20,6,20:00,15,1,N,1.0,0,false
2015-06-20,6,21:00,16,2,N,0.9375,1,true
2015-06-20,6,22:00,18,2,N,0.8333333333333334,3,true
2015-06-20,6,23:00,20,3,N,0.75,5,true
2015-06-21,6,20:00,16,4,S,0.375,10,true
2015-06-21,6,21:00,18,4,S,0.3333333333333333,10,true
2015-06-21,6,22:00,20,4,S,0.3,10,true
2015-06-21,6,23:00,22,4,N,0.3181818181818182,10,true
2015-06-22,6,20:00,16,1,S,1.0,16,false
2015-06-22,6,21:00,18,1,S,1.0,18,false
2015-06-22,6,22:00,20,1,S,1.0,20,false
2015-06-22,6,23:00,22,1,S,1.0,22,false
2015-06-23,6,20:00,12,1,S,1.0,12,false
2015-06-23,6,21:00,14,1,S,1.0,14,false
2015-06-23,6,22:00,15,1,S,1.0,15,false
2015-06-23,6,23:00,17,2,S,0.9411764705882353,17,true
2015-06-24,6,20:00,16,2,S,0.875,16,true
2015-06-24,6,21:00,18,2,S,0.8888888888888888,18,true
2015-06-24,6,22:00,20,2,S,0.9,20,true
2015-06-24,6,23:00,22,2,S,0.9090909090909091,22,true
2015-06-25,6,20:00,16,2,S,0.9375,16,true
2015-06-25,6,21:00,18,2,S,0.8888888888888888,18,true
2015-06-25,6,22:00,20,2,S,0.8,20,true
2015-06-25,6,23:00,22,2,S,0.7272727272727273,22,true
2015-06-26,6,20:00,16,2,NE,0.625,0,true
2015-06-26,6,21:00,18,2,NE,0.5555555555555556,0,true
2015-06-26,6,22:00,20,2,N,0.5,0,true
2015-06-26,6,23:00,22,2,N,0.5454545454545454,0,true
2015-06-27,6,20:00,12,2,S,0.9166666666666666,12,true
2015-06-27,6,21:00,14,2,S,0.9285714285714286,14,true
2015-06-27,6,22:00,16,2,S,0.9375,16,true
2015-06-27,6,23:00,18,2,S,0.9444444444444444,18,true
2015-06-28,6,20:00,16,3,N,0.6875,0,true
2015-06-28,6,21:00,18,3,N,0.7222222222222222,0,true
2015-06-28,6,22:00,20,3,N,0.7,0,true
2015-06-28,6,23:00,22,3,N,0.7272727272727273,0,true
2015-06-29,6,20:00,16,2,N,0.9375,0,true
2015-06-29,6,21:00,18,2,N,0.9444444444444444,0,true
2015-06-29,6,22:00,20,2,N,0.95,0,true
2015-06-29,6,23:00,22,2,N,0.9545454545454546,0,true
2015-06-30,6,20:00,16,4,N,0.4375,5,true
2015-06-30,6,21:00,18,4,N,0.5,5,true
2015-06-30,6,22:00,20,4,N,0.55,5,true
2015-06-30,6,23:00,22,4,N,0.5454545454545454,5,true
2015-07-01,7,20:00,16,2,N,0.5,0,true
2015-07-01,7,21:00,18,2,N,0.5555555555555556,0,true
2015-07-01,7,22:00,20,2,N,0.6,0,true
2015-07-01,7,23:00,22,2,N,0.6363636363636364,0,true
2015-07-02,7,20:00,16,3,N,0.625,0,true
2015-07-02,7,21:00,18,3,N,0.5555555555555556,0,true
2015-07-02,7,22:00,20,3,N,0.5,0,true
2015-07-02,7,23:00,22,3,N,0.5454545454545454,0,true
2015-07-03,7,20:00,16,1,N,1.0,0,false
2015-07-03,7,21:00,17,1,N,1.0,0,false
2015-07-03,7,22:00,19,1,N,1.0,0,false
2015-07-03,7,23:00,21,1,N,1.0,0,false
2015-07-04,7,20:00,16,3,SE,0.75,14,true
2015-07-04,7,21:00,18,3,SE,0.7222222222222222,15,true
2015-07-04,7,22:00,20,3,SE,0.7,16,true
2015-07-04,7,23:00,22,4,SE,0.6818181818181818,17,true
2015-07-05,7,20:00,16,2,N,0.625,0,true
2015-07-05,7,21:00,18,2,N,0.6111111111111112,0,true
2015-07-05,7,22:00,20,2,N,0.6,0,true
2015-07-05,7,23:00,22,2,N,0.5909090909090909,0,true
2015-07-06,7,20:00,16,2,N,0.875,0,true
2015-07-06,7,21:00,18,2,N,0.7777777777777778,0,true
2015-07-06,7,22:00,20,2,N,0.7,0,true
2015-07-06,7,23:00,22,2,N,0.6363636363636364,0,true
2015-07-07,7,20:00,16,1,N,1.0,0,false
2015-07-07,7,21:00,18,1,N,1.0,0,false
2015-07-07,7,22:00,20,3,N,0.9,1,true
2015-07-07,7,23:00,22,3,N,0.8181818181818182,1,true
2015-07-08,7,20:00,16,1,S,1.0,16,false
2015-07-08,7,21:00,18,1,S,1.0,18,false
2015-07-08,7,22:00,20,1,S,1.0,20,false
2015-07-08,7,23:00,22,1,S,1.0,22,false
2015-07-09,7,20:00,13,2,S,0.7692307692307693,13,true
2015-07-09,7,21:00,15,2,S,0.8,15,true
2015-07-09,7,22:00,17,2,S,0.8235294117647058,17,true
2015-07-09,7,23:00,19,2,S,0.8421052631578947,19,true
2015-07-10,7,20:00,12,1,S,1.0,12,false
2015-07-10,7,21:00,13,1,S,1.0,13,false
2015-07-10,7,22:00,15,1,S,1.0,15,false
2015-07-10,7,23:00,16,1,S,1.0,16,false
2015-07-11,7,20:00,16,2,S,0.5625,16,true
2015-07-11,7,21:00,18,2,S,0.5555555555555556,18,true
2015-07-11,7,22:00,20,2,S,0.5,20,true
2015-07-11,7,23:00,22,2,SW,0.5454545454545454,22,true
2015-07-12,7,20:00,16,4,SW,0.8125,14,true
2015-07-12,7,21:00,18,5,SW,0.7777777777777778,15,true
2015-07-12,7,22:00,20,5,SW,0.7,15,true
2015-07-12,7,23:00,22,5,SW,0.7272727272727273,17,true
2015-07-13,7,20:00,16,2,NE,0.6875,0,true
2015-07-13,7,21:00,18,2,NE,0.6111111111111112,0,true
2015-07-13,7,22:00,20,2,NE,0.55,0,true
2015-07-13,7,23:00,22,2,NE,0.5454545454545454,0,true
2015-07-14,7,20:00,16,2,N,0.625,0,true
2015-07-14,7,21:00,18,2,N,0.6666666666666666,0,true
2015-07-14,7,22:00,20,2,N,0.6,0,true
2015-07-14,7,23:00,22,2,N,0.5454545454545454,0,true
2015-07-15,7,20:00,16,1,N,1.0,0,false
2015-07-15,7,21:00,17,1,N,1.0,0,false
2015-07-15,7,22:00,19,1,N,1.0,0,false
2015-07-15,7,23:00,21,1,N,1.0,0,false
2015-07-16,7,20:00,14,2,N,0.7857142857142857,0,true
2015-07-16,7,21:00,14,2,N,0.7857142857142857,0,true
2015-07-16,7,22:00,16,2,N,0.8125,0,true
2015-07-16,7,23:00,18,2,N,0.8333333333333334,0,true
2015-07-17,7,20:00,16,6,S,0.3125,6,true
2015-07-17,7,21:00,18,6,N,0.2777777777777778,6,true
2015-07-17,7,22:00,20,6,NE,0.35,6,true
2015-07-17,7,23:00,22,6,N,0.3181818181818182,6,true
2015-07-18,7,20:00,14,1,N,1.0,0,false
2015-07-18,7,21:00,16,1,N,1.0,0,false
2015-07-18,7,22:00,18,1,N,1.0,0,false
2015-07-18,7,23:00,20,1,N,1.0,0,false
2015-07-19,7,20:00,0,0,,0.0,0,false
2015-07-19,7,21:00,1,1,S,1.0,1,false
2015-07-19,7,22:00,3,2,SW,0.6666666666666666,3,true
2015-07-19,7,23:00,5,2,SW,0.8,5,true
2015-07-20,7,20:00,16,4,S,0.375,11,true
2015-07-20,7,21:00,18,4,N,0.3333333333333333,11,true
2015-07-20,7,22:00,20,4,N,0.4,11,true
2015-07-20,7,23:00,22,4,N,0.45454545454545453,11,true
2015-07-21,7,20:00,16,2,S,0.75,16,true
2015-07-21,7,21:00,18,2,S,0.7777777777777778,18,true
2015-07-21,7,22:00,20,2,S,0.8,20,true
2015-07-21,7,23:00,22,2,S,0.8181818181818182,22,true
2015-07-22,7,20:00,16,1,S,1.0,16,false
2015-07-22,7,21:00,18,1,S,1.0,18,false
2015-07-22,7,22:00,20,1,S,1.0,20,false
2015-07-22,7,23:00,22,1,S,1.0,22,false
2015-07-23,7,20:00,16,2,N,0.5625,0,true
2015-07-23,7,21:00,18,2,N,0.5555555555555556,0,true
2015-07-23,7,22:00,20,2,N,0.6,0,true
2015-07-23,7,23:00,22,2,N,0.6363636363636364,0,true
2015-07-24,7,20:00,16,1,N,1.0,0,false
2015-07-24,7,21:00,18,1,N,1.0,0,false
2015-07-24,7,22:00,20,1,N,1.0,0,false
2015-07-24,7,23:00,22,1,N,1.0,0,false
2015-07-25,7,20:00,16,4,NE,0.6875,4,true
2015-07-25,7,21:00,18,4,NE,0.7222222222222222,4,true
2015-07-25,7,22:00,20,4,NE,0.75,4,true
2015-07-25,7,23:00,22,5,NE,0.6818181818181818,4,true
2015-07-26,7,20:00,16,1,N,1.0,0,false
2015-07-26,7,21:00,18,1,N,1.0,0,false
2015-07-26,7,22:00,20,1,N,1.0,0,false
2015-07-26,7,23:00,22,1,N,1.0,0,false
2015-07-27,7,20:00,16,2,N,0.9375,0,true
2015-07-27,7,21:00,18,2,N,0.9444444444444444,0,true
2015-07-27,7,22:00,20,2,N,0.95,0,true
2015-07-27,7,23:00,22,2,N,0.9545454545454546,0,true
2015-07-28,7,20:00,15,1,N,1.0,0,false
2015-07-28,7,21:00,17,2,N,0.9411764705882353,0,true
2015-07-28,7,22:00,19,2,N,0.9473684210526315,0,true
2015-07-28,7,23:00,21,2,N,0.9523809523809523,0,true
2015-07-29,7,20:00,14,2,S,0.9285714285714286,14,true
2015-07-29,7,21:00,16,2,S,0.9375,16,true
2015-07-29,7,22:00,18,2,S,0.9444444444444444,18,true
2015-07-29,7,23:00,20,2,S,0.95,20,true
2015-07-30,7,20:00,15,2,S,0.9333333333333333,15,true
2015-07-30,7,21:00,17,2,S,0.9411764705882353,17,true
2015-07-30,7,22:00,19,2,S,0.9473684210526315,19,true
2015-07-30,7,23:00,21,2,S,0.9523809523809523,21,true
2015-07-31,7,20:00,16,2,NE,0.6875,0,true
2015-07-31,7,21:00,18,2,NE,0.6111111111111112,0,true
2015-07-31,7,22:00,20,2,NE,0.55,0,true
2015-07-31,7,23:00,22,2,N,0.5,0,true
2015-08-01,8,20:00,16,2,N,0.9375,0,true
2015-08-01,8,21:00,18,2,N,0.9444444444444444,0,true
2015-08-01,8,22:00,20,2,N,0.95,0,true
2015-08-01,8,23:00,22,2,N,0.9545454545454546,0,true
2015-08-02,8,20:00,16,1,N,1.0,0,false
2015-08-02,8,21:00,18,1,N,1.0,0,false
2015-08-02,8,22:00,20,1,N,1.0,0,false
2015-08-02,8,23:00,22,1,N,1.0,0,false
2015-08-03,8,20:00,16,1,N,1.0,0,false
2015-08-03,8,21:00,18,1,N,1.0,0,false
2015-08-03,8,22:00,20,1,N,1.0,0,false
2015-08-03,8,23:00,22,1,N,1.0,0,false
2015-08-04,8,20:00,8,2,N,0.875,0,true
2015-08-04,8,21:00,10,2,N,0.9,0,true
2015-08-04,8,22:00,10,2,N,0.9,0,true
2015-08-04,8,23:00,12,2,N,0.9166666666666666,0,true
2015-08-05,8,20:00,16,4,N,0.375,0,true
2015-08-05,8,21:00,18,4,N,0.4444444444444444,0,true
2015-08-05,8,22:00,20,4,N,0.5,0,true
2015-08-05,8,23:00,22,4,N,0.5454545454545454,0,true
2015-08-06,8,20:00,16,4,N,0.375,5,true
2015-08-06,8,21:00,17,4,N,0.35294117647058826,6,true
2015-08-06,8,22:00,17,4,N,0.35294117647058826,6,true
2015-08-06,8,23:00,17,4,N,0.35294117647058826,6,true
2015-08-07,8,20:00,14,2,N,0.8571428571428571,0,true
2015-08-07,8,21:00,16,2,N,0.75,0,true
2015-08-07,8,22:00,18,2,N,0.7777777777777778,0,true
2015-08-07,8,23:00,20,2,N,0.7,0,true
2015-08-08,8,20:00,15,3,NW,0.6666666666666666,0,true
2015-08-08,8,21:00,15,3,NW,0.6666666666666666,0,true
2015-08-08,8,22:00,16,4,NW,0.625,1,true
2015-08-08,8,23:00,18,5,NW,0.5555555555555556,3,true
2015-08-09,8,20:00,16,1,S,1.0,16,false
2015-08-09,8,21:00,18,1,S,1.0,18,false
2015-08-09,8,22:00,20,1,S,1.0,20,false
2015-08-09,8,23:00,22,1,S,1.0,22,false
2015-08-10,8,20:00,15,1,S,1.0,15,false
2015-08-10,8,21:00,17,1,S,1.0,17,false
2015-08-10,8,22:00,19,1,S,1.0,19,false
2015-08-10,8,23:00,21,1,S,1.0,21,false
2015-08-11,8,20:00,8,1,S,1.0,8,false
2015-08-11,8,21:00,8,1,S,1.0,8,false
2015-08-11,8,22:00,10,1,S,1.0,10,false
2015-08-11,8,23:00,12,1,S,1.0,12,false
2015-08-12,8,20:00,16,1,S,1.0,16,false
2015-08-12,8,21:00,18,1,S,1.0,18,false
2015-08-12,8,22:00,20,1,S,1.0,20,false
2015-08-12,8,23:00,22,2,S,0.9545454545454546,22,true
2015-08-13,8,20:00,16,3,N,0.6875,0,true
2015-08-13,8,21:00,18,3,N,0.6666666666666666,0,true
2015-08-13,8,22:00,20,3,N,0.65,0,true
2015-08-13,8,23:00,22,3,N,0.6363636363636364,0,true
2015-08-14,8,20:00,16,2,N,0.875,0,true
2015-08-14,8,21:00,18,2,N,0.8888888888888888,0,true
2015-08-14,8,22:00,20,2,N,0.85,0,true
2015-08-14,8,23:00,22,2,N,0.7727272727272727,0,true
2015-08-15,8,20:00,16,7,NE,0.3125,4,true
2015-08-15,8,21:00,18,8,NE,0.2777777777777778,6,true
2015-08-15,8,22:00,20,8,NE,0.25,8,true
2015-08-15,8,23:00,22,8,NE,0.2727272727272727,8,true
2015-08-16,8,20:00,16,2,S,0.5,16,true
2015-08-16,8,21:00,18,2,SE,0.5555555555555556,18,true
2015-08-16,8,22:00,20,2,SE,0.55,20,true
2015-08-16,8,23:00,22,2,SE,0.5909090909090909,22,true
2015-08-17,8,20:00,16,3,S,0.6875,16,true
2015-08-17,8,21:00,18,4,S,0.6111111111111112,16,true
2015-08-17,8,22:00,20,4,S,0.55,16,true
2015-08-17,8,23:00,22,5,S,0.5,16,true
2015-08-18,8,20:00,16,2,N,0.9375,0,true
2015-08-18,8,21:00,18,2,N,0.9444444444444444,0,true
2015-08-18,8,22:00,20,2,N,0.95,0,true
2015-08-18,8,23:00,22,2,N,0.9545454545454546,0,true
2015-08-19,8,20:00,16,1,N,1.0,0,false
2015-08-19,8,21:00,17,1,N,1.0,0,false
2015-08-19,8,22:00,19,1,N,1.0,0,false
2015-08-19,8,23:00,19,1,N,1.0,0,false
2015-08-20,8,20:00,12,4,N,0.4166666666666667,1,true
2015-08-20,8,21:00,14,4,N,0.35714285714285715,3,true
2015-08-20,8,22:00,16,4,N,0.3125,5,true
2015-08-20,8,23:00,18,4,S,0.3888888888888889,7,true
2015-08-21,8,20:00,16,2,N,0.5625,0,true
2015-08-21,8,21:00,18,2,N,0.6111111111111112,0,true
2015-08-21,8,22:00,20,2,N,0.65,0,true
2015-08-21,8,23:00,22,2,N,0.6818181818181818,0,true
2015-08-22,8,20:00,16,2,NE,0.9375,0,true
2015-08-22,8,21:00,18,2,NE,0.8888888888888888,0,true
2015-08-22,8,22:00,20,2,NE,0.8,0,true
2015-08-22,8,23:00,22,2,NE,0.7272727272727273,0,true
2015-08-23,8,20:00,16,1,N,1.0,0,false
2015-08-23,8,21:00,18,1,N,1.0,0,false
2015-08-23,8,22:00,20,1,N,1.0,0,false
2015-08-23,8,23:00,22,1,N,1.0,0,false
2015-08-24,8,20:00,16,1,N,1.0,0,false
2015-08-24,8,21:00,18,1,N,1.0,0,false
2015-08-24,8,22:00,20,1,N,1.0,0,false
2015-08-24,8,23:00,22,1,N,1.0,0,false
2015-08-25,8,20:00,11,2,N,0.8181818181818182,0,true
2015-08-25,8,21:00,13,2,N,0.8461538461538461,0,true
2015-08-25,8,22:00,15,2,N,0.8666666666666667,0,true
2015-08-25,8,23:00,16,2,N,0.875,0,true
2015-08-26,8,20:00,16,4,N,0.625,4,true
2015-08-26,8,21:00,18,4,N,0.6666666666666666,4,true
2015-08-26,8,22:00,20,4,N,0.65,4,true
2015-08-26,8,23:00,22,4,N,0.5909090909090909,4,true
2015-08-27,8,20:00,16,5,S,0.3125,9,true
2015-08-27,8,21:00,18,5,S,0.2777777777777778,9,true
2015-08-27,8,22:00,20,5,N,0.3,9,true
2015-08-27,8,23:00,22,5,N,0.3181818181818182,9,true
2015-08-28,8,20:00,16,2,NE,0.875,0,true
2015-08-28,8,21:00,18,2,NE,0.8333333333333334,0,true
2015-08-28,8,22:00,20,2,NE,0.85,0,true
2015-08-28,8,23:00,22,2,NE,0.7727272727272727,0,true
2015-08-29,8,20:00,16,1,N,1.0,0,false
2015-08-29,8,21:00,18,1,N,1.0,0,false
2015-08-29,8,22:00,20,1,N,1.0,0,false
2015-08-29,8,23:00,22,1,N,1.0,0,false
2015-08-30,8,20:00,16,1,N,1.0,0,false
2015-08-30,8,21:00,18,1,N,1.0,0,false
2015-08-30,8,22:00,20,1,N,1.0,0,false
2015-08-30,8,23:00,22,1,N,1.0,0,false
2015-08-31,8,20:00,13,2,SE,0.5384615384615384,13,true
2015-08-31,8,21:00,15,2,SE,0.6,15,true
2015-08-31,8,22:00,17,2,SE,0.5882352941176471,17,true
2015-08-31,8,23:00,19,2,SE,0.5263157894736842,19,true
2015-09-01,9,20:00,16,2,SE,0.5625,9,true
2015-09-01,9,21:00,18,2,E,0.5,9,true
2015-09-01,9,22:00,18,2,E,0.5,9,true
2015-09-01,9,23:00,19,3,E,0.47368421052631576,9,true
2015-09-02,9,20:00,16,1,N,1.0,0,false
2015-09-02,9,21:00,18,1,N,1.0,0,false
2015-09-02,9,22:00,20,1,N,1.0,0,false
2015-09-02,9,23:00,22,1,N,1.0,0,false
2015-09-03,9,20:00,11,4,S,0.45454545454545453,6,true
2015-09-03,9,21:00,13,4,S,0.5384615384615384,8,true
2015-09-03,9,22:00,15,4,S,0.6,10,true
2015-09-03,9,23:00,17,4,S,0.6470588235294118,12,true
2015-09-04,9,20:00,16,2,N,0.875,0,true
2015-09-04,9,21:00,18,2,N,0.8888888888888888,0,true
2015-09-04,9,22:00,20,2,N,0.9,0,true
2015-09-04,9,23:00,22,2,N,0.9090909090909091,0,true
2015-09-05,9,20:00,16,5,N,0.375,4,true
2015-09-05,9,21:00,18,5,N,0.4444444444444444,4,true
2015-09-05,9,22:00,20,5,N,0.5,4,true
2015-09-05,9,23:00,22,5,N,0.5454545454545454,4,true
2015-09-06,9,20:00,16,3,S,0.6875,13,true
2015-09-06,9,21:00,18,3,S,0.7222222222222222,15,true
2015-09-06,9,22:00,20,3,S,0.75,17,true
2015-09-06,9,23:00,22,3,S,0.7727272727272727,19,true
2015-09-07,9,20:00,16,1,S,1.0,16,false
2015-09-07,9,21:00,18,1,S,1.0,18,false
2015-09-07,9,22:00,20,1,S,1.0,20,false
2015-09-07,9,23:00,22,1,S,1.0,22,false
2015-09-08,9,20:00,16,4,NE,0.4375,3,true
2015-09-08,9,21:00,18,4,NE,0.4444444444444444,3,true
2015-09-08,9,22:00,20,5,N,0.4,3,true
2015-09-08,9,23:00,22,5,N,0.36363636363636365,5,true
2015-09-09,9,20:00,16,1,N,1.0,0,false
2015-09-09,9,21:00,18,1,N,1.0,0,false
2015-09-09,9,22:00,20,1,N,1.0,0,false
2015-09-09,9,23:00,22,1,N,1.0,0,false
2015-09-10,9,20:00,16,1,N,1.0,0,false
2015-09-10,9,21:00,18,1,N,1.0,0,false
2015-09-10,9,22:00,20,1,N,1.0,0,false
2015-09-10,9,23:00,22,1,N,1.0,0,false
2015-09-11,9,20:00,16,1,S,1.0,16,false
2015-09-11,9,21:00,18,1,S,1.0,18,false
2015-09-11,9,22:00,20,1,S,1.0,20,false
2015-09-11,9,23:00,22,1,S,1.0,22,false
2015-09-12,9,20:00,15,1,S,1.0,15,false
2015-09-12,9,21:00,17,1,S,1.0,17,false
2015-09-12,9,22:00,19,2,S,0.9473684210526315,19,true
2015-09-12,9,23:00,21,2,S,0.9523809523809523,21,true
2015-09-13,9,20:00,16,2,NE,0.5625,0,true
2015-09-13,9,21:00,18,2,N,0.5,0,true
2015-09-13,9,22:00,20,2,N,0.55,0,true
2015-09-13,9,23:00,22,2,N,0.5909090909090909,0,true
2015-09-14,9,20:00,16,1,S,1.0,16,false
2015-09-14,9,21:00,18,2,S,0.9444444444444444,18,true
2015-09-14,9,22:00,20,2,S,0.95,20,true
2015-09-14,9,23:00,22,2,S,0.9545454545454546,22,true
2015-09-15,9,20:00,16,2,N,0.9375,0,true
2015-09-15,9,21:00,18,2,N,0.9444444444444444,0,true
2015-09-15,9,22:00,20,2,N,0.95,0,true
2015-09-15,9,23:00,22,2,N,0.9545454545454546,0,true
2015-09-16,9,20:00,15,1,N,1.0,0,false
2015-09-16,9,21:00,17,1,N,1.0,0,false
2015-09-16,9,22:00,19,2,N,0.8947368421052632,0,true
2015-09-16,9,23:00,21,2,N,0.9047619047619048,0,true
2015-09-17,9,20:00,16,1,N,1.0,0,false
2015-09-17,9,21:00,18,1,N,1.0,0,false
2015-09-17,9,22:00,20,1,N,1.0,0,false
2015-09-17,9,23:00,20,1,N,1.0,0,false
2015-09-18,9,20:00,16,1,N,1.0,0,false
2015-09-18,9,21:00,18,1,N,1.0,0,false
2015-09-18,9,22:00,20,1,N,1.0,0,false
2015-09-18,9,23:00,22,1,N,1.0,0,false
2015-09-19,9,20:00,16,2,S,0.875,14,true
2015-09-19,9,21:00,17,2,S,0.8823529411764706,15,true
2015-09-19,9,22:00,19,2,S,0.8947368421052632,17,true
2015-09-19,9,23:00,21,2,S,0.9047619047619048,19,true
2015-09-20,9,20:00,16,1,S,1.0,16,false
2015-09-20,9,21:00,18,1,S,1.0,18,false
2015-09-20,9,22:00,20,1,S,1.0,20,false
2015-09-20,9,23:00,22,1,S,1.0,22,false
2015-09-21,9,20:00,12,1,S,1.0,12,false
2015-09-21,9,21:00,14,1,S,1.0,14,false
2015-09-21,9,22:00,16,1,S,1.0,16,false
2015-09-21,9,23:00,18,1,S,1.0,18,false
2015-09-22,9,20:00,16,1,S,1.0,16,false
2015-09-22,9,21:00,18,1,S,1.0,18,false
2015-09-22,9,22:00,20,1,S,1.0,20,false
2015-09-22,9,23:00,22,1,S,1.0,22,false
2015-09-23,9,20:00,16,2,SE,0.5625,16,true
2015-09-23,9,21:00,18,2,SE,0.6111111111111112,18,true
2015-09-23,9,22:00,20,2,SE,0.65,20,true
2015-09-23,9,23:00,22,2,SE,0.6818181818181818,22,true
2015-09-24,9,20:00,14,2,SE,0.7142857142857143,14,true
2015-09-24,9,21:00,16,2,SE,0.625,16,true
2015-09-24,9,22:00,17,2,SE,0.5882352941176471,17,true
2015-09-24,9,23:00,18,2,SE,0.5555555555555556,18,true
2015-09-25,9,20:00,16,2,S,0.75,16,true
2015-09-25,9,21:00,18,2,S,0.7222222222222222,18,true
2015-09-25,9,22:00,20,2,S,0.65,20,true
2015-09-25,9,23:00,22,2,S,0.6818181818181818,22,true
2015-09-26,9,20:00,16,2,SE,0.9375,16,true
2015-09-26,9,21:00,18,2,SE,0.9444444444444444,18,true
2015-09-26,9,22:00,20,2,SE,0.95,20,true
2015-09-26,9,23:00,22,2,SE,0.9090909090909091,22,true
2015-09-27,9,20:00,16,3,S,0.625,15,true
2015-09-27,9,21:00,18,3,S,0.6111111111111112,17,true
2015-09-27,9,22:00,20,3,S,0.65,19,true
2015-09-27,9,23:00,22,4,S,0.6363636363636364,21,true
2015-09-28,9,20:00,18,3,N,0.6666666666666666,0,true
2015-09-28,9,21:00,20,3,N,0.6,0,true
2015-09-28,9,22:00,22,3,N,0.6363636363636364,0,true
2015-09-28,9,23:00,24,3,N,0.6666666666666666,0,true
2015-09-29,9,20:00,18,4,NE,0.6111111111111112,1,true
2015-09-29,9,21:00,20,4,NE,0.55,1,true
2015-09-29,9,22:00,22,6,NE,0.5,2,true
2015-09-29,9,23:00,24,7,NE,0.4583333333333333,4,true
2015-09-30,9,20:00,18,2,NE,0.6111111111111112,0,true
2015-09-30,9,21:00,20,2,NE,0.55,0,true
2015-09-30,9,22:00,22,2,N,0.5,0,true
2015-09-30,9,23:00,24,2,N,0.5416666666666666,0,true
2015-10-01,10,20:00,18,2,N,0.9444444444444444,0,true
2015-10-01,10,21:00,19,2,N,0.9473684210526315,0,true
2015-10-01,10,22:00,21,2,N,0.9523809523809523,0,true
2015-10-01,10,23:00,23,2,N,0.9565217391304348,0,true
2015-10-02,10,20:00,18,3,N,0.5,0,true
2015-10-02,10,21:00,20,3,N,0.55,0,true
2015-10-02,10,22:00,22,3,N,0.5909090909090909,0,true
2015-10-02,10,23:00,24,3,N,0.625,0,true
2015-10-03,10,20:00,10,1,S,1.0,10,false
2015-10-03,10,21:00,12,1,S,1.0,12,false
2015-10-03,10,22:00,14,1,S,1.0,14,false
2015-10-03,10,23:00,16,1,S,1.0,16,false
2015-10-04,10,20:00,18,1,N,1.0,0,false
2015-10-04,10,21:00,20,1,N,1.0,0,false
2015-10-04,10,22:00,22,1,N,1.0,0,false
2015-10-04,10,23:00,24,1,N,1.0,0,false
2015-10-05,10,20:00,17,4,W,0.6470588235294118,2,true
2015-10-05,10,21:00,19,4,W,0.5789473684210527,4,true
2015-10-05,10,22:00,21,4,W,0.5238095238095238,6,true
2015-10-05,10,23:00,23,4,W,0.4782608695652174,8,true
2015-10-06,10,20:00,18,1,N,1.0,0,false
2015-10-06,10,21:00,20,1,N,1.0,0,false
2015-10-06,10,22:00,22,1,N,1.0,0,false
2015-10-06,10,23:00,24,1,N,1.0,0,false
2015-10-07,10,20:00,16,1,N,1.0,0,false
2015-10-07,10,21:00,18,1,N,1.0,0,false
2015-10-07,10,22:00,20,1,N,1.0,0,false
2015-10-07,10,23:00,22,1,N,1.0,0,false
2015-10-08,10,20:00,16,3,N,0.6875,5,true
2015-10-08,10,21:00,18,3,N,0.6111111111111112,7,true
2015-10-08,10,22:00,20,3,N,0.55,9,true
2015-10-08,10,23:00,22,3,N,0.5,11,true
2015-10-09,10,20:00,18,3,N,0.5,2,true
2015-10-09,10,21:00,20,3,N,0.45,2,true
2015-10-09,10,22:00,22,3,N,0.45454545454545453,2,true
2015-10-09,10,23:00,24,3,N,0.5,2,true
2015-10-10,10,20:00,18,1,N,1.0,0,false
2015-10-10,10,21:00,20,1,N,1.0,0,false
2015-10-10,10,22:00,22,1,N,1.0,0,false
2015-10-10,10,23:00,24,1,N,1.0,0,false
2015-10-11,10,20:00,18,2,N,0.8888888888888888,0,true
2015-10-11,10,21:00,20,2,N,0.9,0,true
2015-10-11,10,22:00,22,2,N,0.9090909090909091,0,true
2015-10-11,10,23:00,24,2,N,0.9166666666666666,0,true
2015-10-12,10,20:00,18,1,N,1.0,0,false
2015-10-12,10,21:00,20,2,N,0.95,0,true
2015-10-12,10,22:00,22,2,N,0.9545454545454546,0,true
2015-10-12,10,23:00,24,2,N,0.9583333333333334,0,true
2015-10-13,10,20:00,18,2,N,0.6111111111111112,0,true
2015-10-13,10,21:00,20,2,N,0.6,0,true
2015-10-13,10,22:00,22,2,N,0.5454545454545454,0,true
2015-10-13,10,23:00,24,2,N,0.5,0,true
2015-10-14,10,20:00,18,5,SE,0.7222222222222222,14,true
2015-10-14,10,21:00,20,5,SE,0.65,16,true
2015-10-14,10,22:00,22,5,SE,0.5909090909090909,18,true
2015-10-14,10,23:00,24,6,SE,0.5416666666666666,18,true
2015-10-15,10,20:00,18,2,N,0.7777777777777778,0,true
2015-10-15,10,21:00,20,2,N,0.8,0,true
2015-10-15,10,22:00,22,2,N,0.8181818181818182,0,true
2015-10-15,10,23:00,24,2,N,0.8333333333333334,0,true
2015-10-16,10,20:00,18,1,N,1.0,0,false
2015-10-16,10,21:00,20,1,N,1.0,0,false
2015-10-16,10,22:00,22,1,N,1.0,0,false
2015-10-16,10,23:00,24,1,N,1.0,0,false
2015-10-17,10,20:00,18,1,N,1.0,0,false
2015-10-17,10,21:00,20,2,N,0.95,0,true
2015-10-17,10,22:00,22,2,N,0.9545454545454546,0,true
2015-10-17,10,23:00,24,2,N,0.9583333333333334,0,true
2015-10-18,10,20:00,18,2,N,0.9444444444444444,0,true
2015-10-18,10,21:00,20,2,N,0.9,0,true
2015-10-18,10,22:00,22,2,N,0.8181818181818182,0,true
2015-10-18,10,23:00,22,2,N,0.8181818181818182,0,true
2015-10-19,10,20:00,18,4,N,0.6666666666666666,0,true
2015-10-19,10,21:00,20,4,N,0.6,0,true
2015-10-19,10,22:00,22,5,N,0.5454545454545454,1,true
2015-10-19,10,23:00,24,6,N,0.5,3,true
2015-10-20,10,20:00,18,4,S,0.3333333333333333,8,true
2015-10-20,10,21:00,20,4,N,0.35,8,true
2015-10-20,10,22:00,22,4,N,0.4090909090909091,8,true
2015-10-20,10,23:00,24,4,N,0.4583333333333333,8,true
2015-10-21,10,20:00,18,1,N,1.0,0,false
2015-10-21,10,21:00,20,1,N,1.0,0,false
2015-10-21,10,22:00,22,1,N,1.0,0,false
2015-10-21,10,23:00,24,1,N,1.0,0,false
2015-10-22,10,20:00,15,3,NW,0.6,1,true
2015-10-22,10,21:00,16,4,NW,0.5625,2,true
2015-10-22,10,22:00,17,5,NW,0.5294117647058824,3,true
2015-10-22,10,23:00,19,5,NW,0.47368421052631576,5,true
2015-10-23,10,20:00,18,2,N,0.9444444444444444,0,true
2015-10-23,10,21:00,20,2,N,0.95,0,true
2015-10-23,10,22:00,22,2,N,0.9545454545454546,0,true
2015-10-23,10,23:00,24,2,N,0.9583333333333334,0,true
2015-10-24,10,20:00,18,5,SE,0.3888888888888889,11,true
2015-10-24,10,21:00,20,5,SE,0.35,13,true
2015-10-24,10,22:00,22,6,S,0.3181818181818182,15,true
2015-10-24,10,23:00,24,6,S,0.3333333333333333,17,true
2015-10-25,10,20:00,18,2,N,0.8333333333333334,0,true
2015-10-25,10,21:00,20,2,N,0.85,0,true
2015-10-25,10,22:00,22,2,N,0.8636363636363636,0,true
2015-10-25,10,23:00,24,2,N,0.875,0,true
2015-10-26,10,20:00,18,2,NE,0.6666666666666666,0,true
2015-10-26,10,21:00,20,2,NE,0.65,0,true
2015-10-26,10,22:00,22,2,NE,0.5909090909090909,0,true
2015-10-26,10,23:00,24,2,NE,0.5416666666666666,0,true
2015-10-27,10,20:00,18,2,N,0.9444444444444444,0,true
2015-10-27,10,21:00,20,4,N,0.85,2,true
2015-10-27,10,22:00,22,4,N,0.7727272727272727,4,true
2015-10-27,10,23:00,24,4,N,0.7083333333333334,6,true
2015-10-28,10,20:00,18,3,N,0.7777777777777778,2,true
2015-10-28,10,21:00,20,3,N,0.8,2,true
2015-10-28,10,22:00,22,3,N,0.8181818181818182,2,true
2015-10-28,10,23:00,24,3,N,0.8333333333333334,2,true
2015-10-29,10,20:00,16,2,NW,0.625,6,true
2015-10-29,10,21:00,18,2,NW,0.5555555555555556,8,true
2015-10-29,10,22:00,20,2,NW,0.5,10,true
2015-10-29,10,23:00,22,2,S,0.5454545454545454,12,true
2015-10-30,10,20:00,18,1,S,1.0,18,false
2015-10-30,10,21:00,20,2,S,0.95,20,true
2015-10-30,10,22:00,22,2,S,0.9090909090909091,22,true
2015-10-30,10,23:00,24,2,S,0.9166666666666666,24,true
2015-10-31,10,20:00,18,4,NE,0.3888888888888889,5,true
2015-10-31,10,21:00,20,4,NE,0.4,5,true
2015-10-31,10,22:00,22,4,N,0.4090909090909091,5,true
2015-10-31,10,23:00,24,4,N,0.4583333333333333,5,true
2015-11-01,11,20:00,18,3,SE,0.6666666666666666,17,true
2015-11-01,11,21:00,20,3,SE,0.6,19,true
2015-11-01,11,22:00,22,3,SE,0.5454545454545454,21,true
2015-11-01,11,23:00,24,3,SE,0.5,23,true
2015-11-02,11,20:00,18,1,N,1.0,0,false
2015-11-02,11,21:00,20,1,N,1.0,0,false
2015-11-02,11,22:00,22,1,N,1.0,0,false
2015-11-02,11,23:00,24,1,N,1.0,0,false
2015-11-03,11,20:00,18,1,N,1.0,0,false
2015-11-03,11,21:00,20,1,N,1.0,0,false
2015-11-03,11,22:00,22,1,N,1.0,0,false
2015-11-03,11,23:00,24,1,N,1.0,0,false
2015-11-04,11,20:00,5,1,S,1.0,5,false
2015-11-04,11,21:00,7,1,S,1.0,7,false
2015-11-04,11,22:00,9,1,S,1.0,9,false
2015-11-04,11,23:00,11,1,S,1.0,11,false
2015-11-05,11,20:00,18,2,S,0.6666666666666666,18,true
2015-11-05,11,21:00,20,2,S,0.65,20,true
2015-11-05,11,22:00,22,2,S,0.6818181818181818,22,true
2015-11-05,11,23:00,24,2,S,0.6666666666666666,24,true
2015-11-06,11,20:00,18,2,NE,0.5555555555555556,0,true
2015-11-06,11,21:00,20,2,N,0.5,0,true
2015-11-06,11,22:00,22,2,N,0.5454545454545454,0,true
2015-11-06,11,23:00,24,2,N,0.5833333333333334,0,true
2015-11-07,11,20:00,18,2,N,0.8333333333333334,0,true
2015-11-07,11,21:00,20,2,N,0.85,0,true
2015-11-07,11,22:00,22,2,N,0.8636363636363636,0,true
2015-11-07,11,23:00,24,2,N,0.875,0,true
2015-11-08,11,20:00,18,1,N,1.0,0,false
2015-11-08,11,21:00,20,1,N,1.0,0,false
2015-11-08,11,22:00,22,1,N,1.0,0,false
2015-11-08,11,23:00,24,1,N,1.0,0,false
2015-11-09,11,20:00,18,2,N,0.6666666666666666,0,true
2015-11-09,11,21:00,20,2,N,0.7,0,true
2015-11-09,11,22:00,22,2,N,0.7272727272727273,0,true
2015-11-09,11,23:00,24,4,N,0.6666666666666666,2,true
2015-11-10,11,20:00,18,4,N,0.5555555555555556,3,true
2015-11-10,11,21:00,20,4,N,0.6,3,true
2015-11-10,11,22:00,21,4,N,0.6190476190476191,3,true
2015-11-10,11,23:00,23,4,N,0.6521739130434783,3,true
2015-11-11,11,20:00,18,1,N,1.0,0,false
2015-11-11,11,21:00,20,1,N,1.0,0,false
2015-11-11,11,22:00,22,1,N,1.0,0,false
2015-11-11,11,23:00,24,2,N,0.9166666666666666,2,true
2015-11-12,11,20:00,18,2,S,0.8333333333333334,18,true
2015-11-12,11,21:00,20,2,S,0.85,20,true
2015-11-12,11,22:00,22,2,S,0.8636363636363636,22,true
2015-11-12,11,23:00,24,2,S,0.875,24,true
2015-11-13,11,20:00,17,1,S,1.0,17,false
2015-11-13,11,21:00,19,1,S,1.0,19,false
2015-11-13,11,22:00,21,1,S,1.0,21,false
2015-11-13,11,23:00,23,1,S,1.0,23,false
2015-11-14,11,20:00,18,2,N,0.5,0,true
2015-11-14,11,21:00,20,2,N,0.55,0,true
2015-11-14,11,22:00,22,2,N,0.5909090909090909,0,true
2015-11-14,11,23:00,24,2,N,0.625,0,true
2015-11-15,11,20:00,13,2,N,0.6923076923076923,0,true
2015-11-15,11,21:00,14,2,N,0.6428571428571429,0,true
2015-11-15,11,22:00,16,2,N,0.5625,0,true
2015-11-15,11,23:00,17,2,N,0.5294117647058824,0,true
2015-11-16,11,20:00,18,5,E,0.2777777777777778,10,true
2015-11-16,11,21:00,20,6,E,0.25,10,true
2015-11-16,11,22:00,22,6,E,0.22727272727272727,10,true
2015-11-16,11,23:00,24,6,S,0.2916666666666667,12,true
2015-11-17,11,20:00,18,2,N,0.5,0,true
2015-11-17,11,21:00,20,2,N,0.55,0,true
2015-11-17,11,22:00,22,2,N,0.5909090909090909,0,true
2015-11-17,11,23:00,24,2,N,0.625,0,true
2015-11-18,11,20:00,18,2,S,0.5555555555555556,18,true
2015-11-18,11,21:00,20,2,S,0.55,20,true
2015-11-18,11,22:00,22,2,S,0.5454545454545454,22,true
2015-11-18,11,23:00,24,2,S,0.5833333333333334,24,true
2015-11-19,11,20:00,18,5,SE,0.5,13,true
2015-11-19,11,21:00,20,6,SE,0.45,15,true
2015-11-19,11,22:00,22,6,SE,0.4090909090909091,17,true
2015-11-19,11,23:00,24,6,SE,0.375,19,true
2015-11-20,11,20:00,18,1,N,1.0,0,false
2015-11-20,11,21:00,20,1,N,1.0,0,false
2015-11-20,11,22:00,22,1,N,1.0,0,false
2015-11-20,11,23:00,24,1,N,1.0,0,false
2015-11-21,11,20:00,18,2,N,0.6666666666666666,0,true
2015-11-21,11,21:00,20,2,N,0.7,0,true
2015-11-21,11,22:00,22,2,N,0.7272727272727273,0,true
2015-11-21,11,23:00,24,3,N,0.7083333333333334,1,true
2015-11-22,11,20:00,18,1,N,1.0,0,false
2015-11-22,11,21:00,20,1,N,1.0,0,false
2015-11-22,11,22:00,22,1,N,1.0,0,false
2015-11-22,11,23:00,24,1,N,1.0,0,false
2015-11-23,11,20:00,18,2,N,0.6666666666666666,0,true
2015-11-23,11,21:00,20,2,N,0.7,0,true
2015-11-23,11,22:00,22,2,N,0.7272727272727273,0,true
2015-11-23,11,23:00,24,2,N,0.75,0,true
2015-11-24,11,20:00,18,1,N,1.0,0,false
2015-11-24,11,21:00,20,1,N,1.0,0,false
2015-11-24,11,22:00,22,1,N,1.0,0,false
2015-11-24,11,23:00,24,1,N,1.0,0,false
2015-11-25,11,20:00,18,1,N,1.0,0,false
2015-11-25,11,21:00,20,1,N,1.0,0,false
2015-11-25,11,22:00,22,1,N,1.0,0,false
2015-11-25,11,23:00,24,1,N,1.0,0,false
2015-11-26,11,20:00,17,2,N,0.9411764705882353,0,true
2015-11-26,11,21:00,18,2,N,0.9444444444444444,0,true
2015-11-26,11,22:00,18,2,N,0.9444444444444444,0,true
2015-11-26,11,23:00,20,2,N,0.95,0,true
2015-11-27,11,20:00,18,1,N,1.0,0,false
2015-11-27,11,21:00,20,1,N,1.0,0,false
2015-11-27,11,22:00,22,1,N,1.0,0,false
2015-11-27,11,23:00,24,2,N,0.9583333333333334,0,true
2015-11-28,11,20:00,18,3,N,0.8888888888888888,0,true
2015-11-28,11,21:00,20,3,N,0.85,0,true
2015-11-28,11,22:00,22,3,N,0.8636363636363636,0,true
2015-11-28,11,23:00,24,3,N,0.875,0,true
2015-11-29,11,20:00,18,5,N,0.6666666666666666,2,true
2015-11-29,11,21:00,20,5,N,0.6,4,true
2015-11-29,11,22:00,22,6,N,0.5454545454545454,6,true
2015-11-29,11,23:00,24,6,N,0.5,8,true
2015-11-30,11,20:00,18,4,NE,0.5,0,true
2015-11-30,11,21:00,20,5,NE,0.45,2,true
2015-11-30,11,22:00,22,6,NE,0.4090909090909091,4,true
2015-11-30,11,23:00,24,6,NE,0.375,6,true
2015-12-01,12,20:00,18,3,N,0.8333333333333334,0,true
2015-12-01,12,21:00,20,3,N,0.85,0,true
2015-12-01,12,22:00,22,3,N,0.8636363636363636,0,true
2015-12-01,12,23:00,24,3,N,0.875,0,true
2015-12-02,12,20:00,18,1,N,1.0,0,false
2015-12-02,12,21:00,20,1,N,1.0,0,false
2015-12-02,12,22:00,22,1,N,1.0,0,false
2015-12-02,12,23:00,24,1,N,1.0,0,false
2015-12-03,12,20:00,18,1,N,1.0,0,false
2015-12-03,12,21:00,20,1,N,1.0,0,false
2015-12-03,12,22:00,22,1,N,1.0,0,false
2015-12-03,12,23:00,24,1,N,1.0,0,false
2015-12-04,12,20:00,18,5,S,0.4444444444444444,10,true
2015-12-04,12,21:00,20,5,S,0.4,10,true
2015-12-04,12,22:00,22,5,S,0.36363636363636365,10,true
2015-12-04,12,23:00,24,5,N,0.3333333333333333,10,true
2015-12-05,12,20:00,18,1,N,1.0,0,false
2015-12-05,12,21:00,20,1,N,1.0,0,false
2015-12-05,12,22:00,22,1,N,1.0,0,false
2015-12-05,12,23:00,24,1,N,1.0,0,false
2015-12-06,12,20:00,14,2,S,0.9285714285714286,13,true
2015-12-06,12,21:00,15,2,S,0.9333333333333333,14,true
2015-12-06,12,22:00,17,3,S,0.8823529411764706,16,true
2015-12-06,12,23:00,19,3,S,0.8947368421052632,18,true
2015-12-07,12,20:00,18,3,N,0.8333333333333334,0,true
2015-12-07,12,21:00,20,3,N,0.85,0,true
2015-12-07,12,22:00,22,3,N,0.8636363636363636,0,true
2015-12-07,12,23:00,24,3,N,0.875,0,true
2015-12-08,12,20:00,18,5,SE,0.4444444444444444,10,true
2015-12-08,12,21:00,20,5,SE,0.4,10,true
2015-12-08,12,22:00,22,6,SE,0.36363636363636365,12,true
2015-12-08,12,23:00,24,6,SE,0.3333333333333333,14,true
2015-12-09,12,20:00,18,2,S,0.9444444444444444,18,true
2015-12-09,12,21:00,20,2,S,0.95,20,true
2015-12-09,12,22:00,22,2,S,0.9545454545454546,22,true
2015-12-09,12,23:00,24,2,S,0.9583333333333334,24,true
2015-12-10,12,20:00,18,1,N,1.0,0,false
2015-12-10,12,21:00,20,1,N,1.0,0,false
2015-12-10,12,22:00,22,1,N,1.0,0,false
2015-12-10,12,23:00,24,1,N,1.0,0,false
2015-12-11,12,20:00,18,3,N,0.8888888888888888,1,true
2015-12-11,12,21:00,20,4,N,0.8,3,true
2015-12-11,12,22:00,22,4,N,0.7272727272727273,5,true
2015-12-11,12,23:00,24,4,N,0.6666666666666666,7,true
2015-12-12,12,20:00,15,1,N,1.0,0,false
2015-12-12,12,21:00,15,1,N,1.0,0,false
2015-12-12,12,22:00,17,1,N,1.0,0,false
2015-12-12,12,23:00,19,1,N,1.0,0,false
2015-12-13,12,20:00,18,2,N,0.6666666666666666,0,true
2015-12-13,12,21:00,20,2,N,0.65,0,true
2015-12-13,12,22:00,22,2,N,0.5909090909090909,0,true
2015-12-13,12,23:00,24,2,N,0.5416666666666666,0,true
2015-12-14,12,20:00,18,5,N,0.7222222222222222,4,true
2015-12-14,12,21:00,20,5,N,0.75,4,true
2015-12-14,12,22:00,22,5,N,0.7727272727272727,4,true
2015-12-14,12,23:00,24,5,N,0.7916666666666666,4,true
2015-12-15,12,20:00,18,2,N,0.7777777777777778,0,true
2015-12-15,12,21:00,20,2,N,0.8,0,true
2015-12-15,12,22:00,22,2,N,0.8181818181818182,0,true
2015-12-15,12,23:00,24,2,N,0.8333333333333334,0,true
2015-12-16,12,20:00,18,3,S,0.5555555555555556,14,true
2015-12-16,12,21:00,20,3,S,0.6,16,true
2015-12-16,12,22:00,22,3,S,0.6363636363636364,18,true
2015-12-16,12,23:00,24,4,S,0.625,20,true
2015-12-17,12,20:00,18,1,S,1.0,18,false
2015-12-17,12,21:00,20,1,S,1.0,20,false
2015-12-17,12,22:00,22,1,S,1.0,22,false
2015-12-17,12,23:00,24,1,S,1.0,24,false
2015-12-18,12,20:00,18,1,S,1.0,18,false
2015-12-18,12,21:00,20,1,S,1.0,20,false
2015-12-18,12,22:00,22,1,S,1.0,22,false
2015-12-18,12,23:00,24,1,S,1.0,24,false
2015-12-19,12,20:00,18,7,N,0.3888888888888889,2,true
2015-12-19,12,21:00,20,7,N,0.35,4,true
2015-12-19,12,22:00,22,7,N,0.3181818181818182,6,true
2015-12-19,12,23:00,24,7,N,0.2916666666666667,8,true
2015-12-20,12,20:00,18,4,S,0.6111111111111112,12,true
2015-12-20,12,21:00,20,4,S,0.55,12,true
2015-12-20,12,22:00,22,4,S,0.5,12,true
2015-12-20,12,23:00,24,4,S,0.4583333333333333,12,true
2015-12-21,12,20:00,18,1,N,1.0,0,false
2015-12-21,12,21:00,20,1,N,1.0,0,false
2015-12-21,12,22:00,22,1,N,1.0,0,false
2015-12-21,12,23:00,24,1,N,1.0,0,false
2015-12-22,12,20:00,18,2,N,0.8888888888888888,0,true
2015-12-22,12,21:00,20,2,N,0.9,0,true
2015-12-22,12,22:00,22,2,N,0.9090909090909091,0,true
2015-12-22,12,23:00,24,2,N,0.9166666666666666,0,true
2015-12-23,12,20:00,18,2,S,0.6111111111111112,18,true
2015-12-23,12,21:00,20,2,S,0.65,20,true
2015-12-23,12,22:00,22,2,S,0.6818181818181818,22,true
2015-12-23,12,23:00,24,2,S,0.7083333333333334,24,true
2015-12-24,12,20:00,18,2,N,0.6666666666666666,0,true
2015-12-24,12,21:00,20,2,N,0.7,0,true
2015-12-24,12,22:00,22,2,N,0.7272727272727273,0,true
2015-12-24,12,23:00,24,2,N,0.75,0,true
2015-12-25,12,20:00,18,4,N,0.6111111111111112,0,true
2015-12-25,12,21:00,20,5,N,0.55,2,true
2015-12-25,12,22:00,22,5,N,0.5,4,true
2015-12-25,12,23:00,24,5,N,0.4583333333333333,6,true
2015-12-26,12,20:00,18,6,SW,0.5555555555555556,12,true
2015-12-26,12,21:00,20,7,SW,0.5,13,true
2015-12-26,12,22:00,22,7,SW,0.5454545454545454,15,true
2015-12-26,12,23:00,24,7,SW,0.5,15,true
2015-12-27,12,20:00,18,1,S,1.0,18,false
2015-12-27,12,21:00,20,1,S,1.0,20,false
2015-12-27,12,22:00,22,1,S,1.0,22,false
2015-12-27,12,23:00,24,2,S,0.9583333333333334,24,true
2015-12-28,12,20:00,18,5,N,0.5,3,true
2015-12-28,12,21:00,20,5,N,0.55,3,true
2015-12-28,12,22:00,22,5,N,0.5909090909090909,3,true
2015-12-28,12,23:00,24,7,N,0.5416666666666666,5,true
2015-12-29,12,20:00,18,2,S,0.8333333333333334,18,true
2015-12-29,12,21:00,20,2,S,0.85,20,true
2015-12-29,12,22:00,22,2,S,0.8636363636363636,22,true
2015-12-29,12,23:00,24,2,S,0.875,24,true
2015-12-30,12,20:00,18,5,NE,0.3888888888888889,5,true
2015-12-30,12,21:00,20,6,NE,0.35,7,true
2015-12-30,12,22:00,22,6,NE,0.3181818181818182,9,true
2015-12-30,12,23:00,24,6,S,0.375,11,true
2015-12-31,12,20:00,18,2,S,0.9444444444444444,18,true
2015-12-31,12,21:00,20,2,S,0.9,20,true
2015-12-31,12,22:00,22,2,S,0.9090909090909091,22,true
2015-12-31,12,23:00,24,2,S,0.875,24,true
2016-01-01,1,20:00,18,7,N,0.3333333333333333,4,true
2016-01-01,1,21:00,20,7,N,0.4,4,true
2016-01-01,1,22:00,22,7,N,0.36363636363636365,6,true
2016-01-01,1,23:00,24,7,N,0.3333333333333333,8,true
2016-01-02,1,20:00,18,2,N,0.8333333333333334,0,true
2016-01-02,1,21:00,20,2,N,0.85,0,true
2016-01-02,1,22:00,22,2,N,0.8636363636363636,0,true
2016-01-02,1,23:00,24,2,N,0.875,0,true
2016-01-03,1,20:00,18,1,N,1.0,0,false
2016-01-03,1,21:00,20,2,N,0.95,0,true
2016-01-03,1,22:00,22,2,N,0.9545454545454546,0,true
2016-01-03,1,23:00,23,2,N,0.9565217391304348,0,true
2016-01-04,1,20:00,17,1,S,1.0,17,false
2016-01-04,1,21:00,19,1,S,1.0,19,false
2016-01-04,1,22:00,21,1,S,1.0,21,false
2016-01-04,1,23:00,23,1,S,1.0,23,false
2016-01-05,1,20:00,18,3,N,0.5555555555555556,0,true
2016-01-05,1,21:00,20,3,N,0.6,0,true
2016-01-05,1,22:00,22,3,N,0.6363636363636364,0,true
2016-01-05,1,23:00,24,3,N,0.6666666666666666,0,true
2016-01-06,1,20:00,18,2,SE,0.6111111111111112,18,true
2016-01-06,1,21:00,20,2,SE,0.55,20,true
2016-01-06,1,22:00,22,2,S,0.5,22,true
2016-01-06,1,23:00,24,2,S,0.5416666666666666,24,true
2016-01-07,1,20:00,18,1,N,1.0,0,false
2016-01-07,1,21:00,20,1,N,1.0,0,false
2016-01-07,1,22:00,22,1,N,1.0,0,false
2016-01-07,1,23:00,24,1,N,1.0,0,false
2016-01-08,1,20:00,12,2,N,0.9166666666666666,0,true
2016-01-08,1,21:00,12,2,N,0.9166666666666666,0,true
2016-01-08,1,22:00,14,2,N,0.9285714285714286,0,true
2016-01-08,1,23:00,16,2,N,0.9375,0,true
2016-01-09,1,20:00,18,3,N,0.7777777777777778,0,true
2016-01-09,1,21:00,20,3,N,0.8,0,true
2016-01-09,1,22:00,22,3,N,0.8181818181818182,0,true
2016-01-09,1,23:00,24,3,N,0.8333333333333334,0,true
2016-01-10,1,20:00,18,3,N,0.8888888888888888,0,true
2016-01-10,1,21:00,20,3,N,0.9,0,true
2016-01-10,1,22:00,22,3,N,0.9090909090909091,0,true
2016-01-10,1,23:00,24,3,N,0.9166666666666666,0,true
2016-01-11,1,20:00,18,4,SE,0.7222222222222222,15,true
2016-01-11,1,21:00,20,5,SE,0.65,15,true
2016-01-11,1,22:00,22,5,SE,0.5909090909090909,17,true
2016-01-11,1,23:00,24,5,SE,0.5416666666666666,19,true
2016-01-12,1,20:00,18,1,N,1.0,0,false
2016-01-12,1,21:00,20,1,N,1.0,0,false
2016-01-12,1,22:00,22,1,N,1.0,0,false
2016-01-12,1,23:00,24,1,N,1.0,0,false
2016-01-13,1,20:00,18,2,N,0.9444444444444444,0,true
2016-01-13,1,21:00,20,2,N,0.85,0,true
2016-01-13,1,22:00,22,2,N,0.8181818181818182,0,true
2016-01-13,1,23:00,24,3,N,0.75,2,true
2016-01-14,1,20:00,18,4,S,0.6111111111111112,17,true
2016-01-14,1,21:00,20,5,S,0.55,17,true
2016-01-14,1,22:00,22,5,S,0.5,17,true
2016-01-14,1,23:00,24,5,S,0.5416666666666666,19,true
2016-01-15,1,20:00,18,1,N,1.0,0,false
2016-01-15,1,21:00,20,1,N,1.0,0,false
2016-01-15,1,22:00,22,1,N,1.0,0,false
2016-01-15,1,23:00,24,1,N,1.0,0,false
2016-01-16,1,20:00,18,1,N,1.0,0,false
2016-01-16,1,21:00,19,1,N,1.0,0,false
2016-01-16,1,22:00,20,1,N,1.0,0,false
2016-01-16,1,23:00,22,1,N,1.0,0,false
2016-01-17,1,20:00,18,4,N,0.6111111111111112,3,true
2016-01-17,1,21:00,20,4,N,0.65,3,true
2016-01-17,1,22:00,22,4,N,0.6818181818181818,3,true
2016-01-17,1,23:00,24,4,N,0.625,5,true
2016-01-18,1,20:00,18,4,S,0.5,13,true
2016-01-18,1,21:00,20,4,S,0.5,15,true
2016-01-18,1,22:00,22,4,S,0.5454545454545454,17,true
2016-01-18,1,23:00,24,4,S,0.5833333333333334,19,true
2016-01-19,1,20:00,18,4,N,0.8333333333333334,1,true
2016-01-19,1,21:00,20,4,N,0.85,1,true
2016-01-19,1,22:00,22,4,N,0.8636363636363636,1,true
2016-01-19,1,23:00,24,4,N,0.875,1,true
2016-01-20,1,20:00,18,2,N,0.9444444444444444,0,true
2016-01-20,1,21:00,20,2,N,0.95,0,true
2016-01-20,1,22:00,22,2,N,0.9545454545454546,0,true
2016-01-20,1,23:00,24,2,N,0.9583333333333334,0,true
2016-01-21,1,20:00,18,1,N,1.0,0,false
2016-01-21,1,21:00,20,1,N,1.0,0,false
2016-01-21,1,22:00,22,1,N,1.0,0,false
2016-01-21,1,23:00,24,1,N,1.0,0,false
2016-01-22,1,20:00,18,1,N,1.0,0,false
2016-01-22,1,21:00,20,1,N,1.0,0,false
2016-01-22,1,22:00,22,1,N,1.0,0,false
2016-01-22,1,23:00,24,1,N,1.0,0,false
2016-01-23,1,20:00,18,1,N,1.0,0,false
2016-01-23,1,21:00,20,1,N,1.0,0,false
2016-01-23,1,22:00,22,1,N,1.0,0,false
2016-01-23,1,23:00,24,1,N,1.0,0,false
2016-01-24,1,20:00,18,1,N,1.0,0,false
2016-01-24,1,21:00,20,1,N,1.0,0,false
2016-01-24,1,22:00,22,1,N,1.0,0,false
2016-01-24,1,23:00,24,1,N,1.0,0,false
2016-01-25,1,20:00,18,1,N,1.0,0,false
2016-01-25,1,21:00,20,1,N,1.0,0,false
2016-01-25,1,22:00,22,1,N,1.0,0,false
2016-01-25,1,23:00,24,1,N,1.0,0,false
2016-01-26,1,20:00,18,1,N,1.0,0,false
2016-01-26,1,21:00,20,1,N,1.0,0,false
2016-01-26,1,22:00,22,1,N,1.0,0,false
2016-01-26,1,23:00,24,1,N,1.0,0,false
2016-01-27,1,20:00,18,1,S,1.0,18,false
2016-01-27,1,21:00,20,1,S,1.0,20,false
2016-01-27,1,22:00,22,1,S,1.0,22,false
2016-01-27,1,23:00,24,1,S,1.0,24,false
2016-01-28,1,20:00,17,1,S,1.0,17,false
2016-01-28,1,21:00,17,1,S,1.0,17,false
2016-01-28,1,22:00,17,1,S,1.0,17,false
2016-01-28,1,23:00,18,1,S,1.0,18,false
2016-01-29,1,20:00,18,1,S,1.0,18,false
2016-01-29,1,21:00,20,1,S,1.0,20,false
2016-01-29,1,22:00,22,2,S,0.9545454545454546,22,true
2016-01-29,1,23:00,24,2,S,0.9583333333333334,24,true
2016-01-30,1,20:00,18,1,SW,1.0,18,false
2016-01-30,1,21:00,19,1,SW,1.0,19,false
2016-01-30,1,22:00,20,2,SW,0.95,20,true
2016-01-30,1,23:00,22,3,SW,0.8636363636363636,22,true
2016-01-31,1,20:00,18,2,SE,0.7222222222222222,18,true
2016-01-31,1,21:00,20,2,SE,0.65,20,true
2016-01-31,1,22:00,22,2,SE,0.5909090909090909,22,true
2016-01-31,1,23:00,24,2,SE,0.5416666666666666,24,true
2016-02-01,2,20:00,18,4,NE,0.4444444444444444,1,true
2016-02-01,2,21:00,20,4,N,0.45,1,true
2016-02-01,2,22:00,22,4,N,0.5,1,true
2016-02-01,2,23:00,24,4,N,0.5416666666666666,1,true
2016-02-02,2,20:00,18,2,N,0.9444444444444444,0,true
2016-02-02,2,21:00,20,2,N,0.95,0,true
2016-02-02,2,22:00,22,2,N,0.9545454545454546,0,true
2016-02-02,2,23:00,24,2,N,0.9583333333333334,0,true
2016-02-03,2,20:00,18,2,N,0.6666666666666666,0,true
2016-02-03,2,21:00,19,2,N,0.631578947368421,0,true
2016-02-03,2,22:00,19,2,N,0.631578947368421,0,true
2016-02-03,2,23:00,21,4,N,0.5714285714285714,2,true
2016-02-04,2,20:00,18,1,N,1.0,0,false
2016-02-04,2,21:00,20,1,N,1.0,0,false
2016-02-04,2,22:00,22,2,N,0.9090909090909091,0,true
2016-02-04,2,23:00,24,2,N,0.8333333333333334,0,true
2016-02-05,2,20:00,18,2,N,0.9444444444444444,0,true
2016-02-05,2,21:00,20,2,N,0.95,0,true
2016-02-05,2,22:00,22,2,N,0.9545454545454546,0,true
2016-02-05,2,23:00,24,2,N,0.9583333333333334,0,true
2016-02-06,2,20:00,18,1,S,1.0,18,false
2016-02-06,2,21:00,20,1,S,1.0,20,false
2016-02-06,2,22:00,22,1,S,1.0,22,false
2016-02-06,2,23:00,24,1,S,1.0,24,false
2016-02-07,2,20:00,18,2,SE,0.6111111111111112,18,true
2016-02-07,2,21:00,20,2,SE,0.6,20,true
2016-02-07,2,22:00,22,2,SE,0.5454545454545454,22,true
2016-02-07,2,23:00,24,2,S,0.5,24,true
2016-02-08,2,20:00,18,4,S,0.5555555555555556,16,true
2016-02-08,2,21:00,20,4,S,0.55,18,true
2016-02-08,2,22:00,22,4,S,0.5909090909090909,20,true
2016-02-08,2,23:00,24,4,S,0.625,22,true
2016-02-09,2,20:00,18,3,N,0.5,0,true
2016-02-09,2,21:00,20,3,NE,0.5,0,true
2016-02-09,2,22:00,22,3,N,0.5,0,true
2016-02-09,2,23:00,24,3,N,0.5416666666666666,0,true
2016-02-10,2,20:00,13,1,S,1.0,13,false
2016-02-10,2,21:00,15,1,S,1.0,15,false
2016-02-10,2,22:00,17,1,S,1.0,17,false
2016-02-10,2,23:00,19,1,S,1.0,19,false
2016-02-11,2,20:00,18,2,N,0.6666666666666666,0,true
2016-02-11,2,21:00,20,2,N,0.7,0,true
2016-02-11,2,22:00,22,2,N,0.7272727272727273,0,true
2016-02-11,2,23:00,24,2,N,0.75,0,true
2016-02-12,2,20:00,18,1,N,1.0,0,false
2016-02-12,2,21:00,20,1,N,1.0,0,false
2016-02-12,2,22:00,22,1,N,1.0,0,false
2016-02-12,2,23:00,24,1,N,1.0,0,false
2016-02-13,2,20:00,18,2,N,0.5555555555555556,0,true
2016-02-13,2,21:00,20,3,N,0.5,0,true
2016-02-13,2,22:00,22,5,N,0.45454545454545453,2,true
2016-02-13,2,23:00,24,5,N,0.4166666666666667,4,true
2016-02-14,2,20:00,18,2,NE,0.6666666666666666,0,true
2016-02-14,2,21:00,20,2,NE,0.6,0,true
2016-02-14,2,22:00,22,2,NE,0.5454545454545454,0,true
2016-02-14,2,23:00,24,2,N,0.5,0,true
2016-02-15,2,20:00,18,2,N,0.9444444444444444,0,true
2016-02-15,2,21:00,20,2,N,0.95,0,true
2016-02-15,2,22:00,22,2,N,0.9545454545454546,0,true
2016-02-15,2,23:00,24,2,N,0.9583333333333334,0,true
2016-02-16,2,20:00,18,2,N,0.9444444444444444,0,true
2016-02-16,2,21:00,20,2,N,0.95,0,true
2016-02-16,2,22:00,22,2,N,0.9545454545454546,0,true
2016-02-16,2,23:00,24,2,N,0.9583333333333334,0,true
2016-02-17,2,20:00,18,1,N,1.0,0,false
2016-02-17,2,21:00,20,1,N,1.0,0,false
2016-02-17,2,22:00,22,1,N,1.0,0,false
2016-02-17,2,23:00,24,1,N,1.0,0,false
2016-02-18,2,20:00,17,2,N,0.8823529411764706,0,true
2016-02-18,2,21:00,19,2,N,0.8947368421052632,0,true
2016-02-18,2,22:00,21,2,N,0.9047619047619048,0,true
2016-02-18,2,23:00,23,2,N,0.9130434782608695,0,true
2016-02-19,2,20:00,17,2,N,0.9411764705882353,0,true
2016-02-19,2,21:00,19,2,N,0.9473684210526315,0,true
2016-02-19,2,22:00,21,2,N,0.9523809523809523,0,true
2016-02-19,2,23:00,23,2,N,0.9565217391304348,0,true
2016-02-20,2,20:00,18,1,N,1.0,0,false
2016-02-20,2,21:00,20,1,N,1.0,0,false
2016-02-20,2,22:00,22,1,N,1.0,0,false
2016-02-20,2,23:00,24,1,N,1.0,0,false
2016-02-21,2,20:00,18,4,N,0.8333333333333334,1,true
2016-02-21,2,21:00,20,5,N,0.75,3,true
2016-02-21,2,22:00,22,5,N,0.6818181818181818,5,true
2016-02-21,2,23:00,24,5,N,0.625,7,true
2016-02-22,2,20:00,18,3,NE,0.4444444444444444,0,true
2016-02-22,2,21:00,20,4,NE,0.4,2,true
2016-02-22,2,22:00,22,4,NE,0.36363636363636365,4,true
2016-02-22,2,23:00,24,4,NE,0.3333333333333333,6,true
2016-02-23,2,20:00,18,2,N,0.7777777777777778,0,true
2016-02-23,2,21:00,20,2,N,0.8,0,true
2016-02-23,2,22:00,22,2,N,0.8181818181818182,0,true
2016-02-23,2,23:00,24,2,N,0.8333333333333334,0,true
2016-02-24,2,20:00,18,2,NE,0.7222222222222222,0,true
2016-02-24,2,21:00,20,2,NE,0.65,0,true
2016-02-24,2,22:00,22,2,NE,0.5909090909090909,0,true
2016-02-24,2,23:00,24,2,NE,0.5416666666666666,0,true
2016-02-25,2,20:00,18,1,N,1.0,0,false
2016-02-25,2,21:00,20,1,N,1.0,0,false
2016-02-25,2,22:00,22,1,N,1.0,0,false
2016-02-25,2,23:00,24,1,N,1.0,0,false
2016-02-26,2,20:00,18,1,N,1.0,0,false
2016-02-26,2,21:00,20,1,N,1.0,0,false
2016-02-26,2,22:00,22,1,N,1.0,0,false
2016-02-26,2,23:00,24,1,N,1.0,0,false
2016-02-27,2,20:00,18,1,N,1.0,0,false
2016-02-27,2,21:00,20,1,N,1.0,0,false
2016-02-27,2,22:00,22,1,N,1.0,0,false
2016-02-27,2,23:00,24,1,N,1.0,0,false
2016-02-28,2,20:00,18,1,N,1.0,0,false
2016-02-28,2,21:00,20,2,N,0.95,1,true
2016-02-28,2,22:00,22,2,N,0.8636363636363636,3,true
2016-02-28,2,23:00,24,2,N,0.875,3,true
2016-02-29,2,20:00,18,2,N,0.9444444444444444,0,true
2016-02-29,2,21:00,20,2,N,0.95,0,true
2016-02-29,2,22:00,22,2,N,0.9090909090909091,0,true
2016-02-29,2,23:00,24,2,N,0.875,0,true
2016-03-01,3,20:00,18,2,SE,0.8333333333333334,15,true
2016-03-01,3,21:00,20,2,SE,0.85,17,true
2016-03-01,3,22:00,22,2,SE,0.8636363636363636,19,true
2016-03-01,3,23:00,24,2,SE,0.875,21,true
2016-03-02,3,20:00,18,1,SE,1.0,18,false
2016-03-02,3,21:00,20,1,SE,1.0,20,false
2016-03-02,3,22:00,22,1,SE,1.0,22,false
2016-03-02,3,23:00,24,1,SE,1.0,24,false
2016-03-03,3,20:00,18,5,E,0.2777777777777778,4,true
2016-03-03,3,21:00,20,5,N,0.35,4,true
2016-03-03,3,22:00,22,5,N,0.4090909090909091,4,true
2016-03-03,3,23:00,24,5,N,0.4583333333333333,4,true
2016-03-04,3,20:00,18,1,N,1.0,0,false
2016-03-04,3,21:00,20,1,N,1.0,0,false
2016-03-04,3,22:00,22,1,N,1.0,0,false
2016-03-04,3,23:00,24,1,N,1.0,0,false
2016-03-05,3,20:00,18,1,N,1.0,0,false
2016-03-05,3,21:00,20,1,N,1.0,0,false
2016-03-05,3,22:00,22,1,N,1.0,0,false
2016-03-05,3,23:00,24,1,N,1.0,0,false
2016-03-06,3,20:00,18,1,N,1.0,0,false
2016-03-06,3,21:00,20,1,N,1.0,0,false
2016-03-06,3,22:00,22,1,N,1.0,0,false
2016-03-06,3,23:00,24,1,N,1.0,0,false
2016-03-07,3,20:00,18,1,N,1.0,0,false
2016-03-07,3,21:00,20,1,N,1.0,0,false
2016-03-07,3,22:00,22,2,N,0.9545454545454546,1,true
2016-03-07,3,23:00,24,2,N,0.875,3,true
2016-03-08,3,20:00,18,1,N,1.0,0,false
2016-03-08,3,21:00,20,1,N,1.0,0,false
2016-03-08,3,22:00,22,1,N,1.0,0,false
2016-03-08,3,23:00,24,2,N,0.9583333333333334,0,true
2016-03-09,3,20:00,18,5,SE,0.7777777777777778,15,true
2016-03-09,3,21:00,20,5,SE,0.75,16,true
2016-03-09,3,22:00,22,5,SE,0.6818181818181818,16,true
2016-03-09,3,23:00,24,6,SE,0.6666666666666666,18,true
2016-03-10,3,20:00,18,1,N,1.0,0,false
2016-03-10,3,21:00,20,1,N,1.0,0,false
2016-03-10,3,22:00,22,1,N,1.0,0,false
2016-03-10,3,23:00,24,1,N,1.0,0,false
2016-03-11,3,20:00,18,3,S,0.7777777777777778,17,true
2016-03-11,3,21:00,20,3,S,0.8,19,true
2016-03-11,3,22:00,22,3,S,0.8181818181818182,21,true
2016-03-11,3,23:00,24,3,S,0.8333333333333334,23,true
2016-03-12,3,20:00,18,2,S,0.9444444444444444,18,true
2016-03-12,3,21:00,20,2,S,0.85,20,true
2016-03-12,3,22:00,22,2,S,0.8181818181818182,22,true
2016-03-12,3,23:00,24,2,S,0.7916666666666666,24,true
2016-03-13,3,20:00,18,2,NE,0.6111111111111112,0,true
2016-03-13,3,21:00,20,2,NE,0.55,0,true
2016-03-13,3,22:00,22,2,N,0.5,0,true
2016-03-13,3,23:00,24,2,N,0.5416666666666666,0,true
2016-03-14,3,20:00,18,2,N,0.7222222222222222,0,true
2016-03-14,3,21:00,20,2,N,0.75,0,true
2016-03-14,3,22:00,22,2,N,0.6818181818181818,0,true
2016-03-14,3,23:00,24,2,N,0.7083333333333334,0,true
2016-03-15,3,20:00,18,1,N,1.0,0,false
2016-03-15,3,21:00,20,1,N,1.0,0,false
2016-03-15,3,22:00,22,1,N,1.0,0,false
2016-03-15,3,23:00,24,1,N,1.0,0,false
2016-03-16,3,20:00,18,1,S,1.0,18,false
2016-03-16,3,21:00,20,1,S,1.0,20,false
2016-03-16,3,22:00,22,1,S,1.0,22,false
2016-03-16,3,23:00,24,1,S,1.0,24,false
2016-03-17,3,20:00,17,2,SE,0.9411764705882353,17,true
2016-03-17,3,21:00,19,2,SE,0.8421052631578947,19,true
2016-03-17,3,22:00,21,2,SE,0.8571428571428571,21,true
2016-03-17,3,23:00,23,2,SE,0.8260869565217391,23,true
2016-03-18,3,20:00,18,5,N,0.2777777777777778,7,true
2016-03-18,3,21:00,20,5,SW,0.3,9,true
2016-03-18,3,22:00,22,5,SW,0.3181818181818182,11,true
2016-03-18,3,23:00,24,5,SW,0.2916666666666667,13,true
2016-03-19,3,20:00,18,2,N,0.6666666666666666,0,true
2016-03-19,3,21:00,20,2,N,0.7,0,true
2016-03-19,3,22:00,22,2,N,0.7272727272727273,0,true
2016-03-19,3,23:00,24,2,N,0.75,0,true
2016-03-20,3,20:00,18,2,N,0.6111111111111112,0,true
2016-03-20,3,21:00,20,2,N,0.65,0,true
2016-03-20,3,22:00,22,2,N,0.6363636363636364,0,true
2016-03-20,3,23:00,24,2,N,0.6666666666666666,0,true
2016-03-21,3,20:00,16,1,N,1.0,0,false
2016-03-21,3,21:00,18,1,N,1.0,0,false
2016-03-21,3,22:00,20,1,N,1.0,0,false
2016-03-21,3,23:00,22,1,N,1.0,0,false
2016-03-22,3,20:00,18,2,N,0.7777777777777778,0,true
2016-03-22,3,21:00,20,2,N,0.8,0,true
2016-03-22,3,22:00,22,2,N,0.8181818181818182,0,true
2016-03-22,3,23:00,24,2,N,0.8333333333333334,0,true
2016-03-23,3,20:00,18,3,N,0.7777777777777778,0,true
2016-03-23,3,21:00,20,3,N,0.75,0,true
2016-03-23,3,22:00,22,3,N,0.6818181818181818,0,true
2016-03-23,3,23:00,24,3,N,0.7083333333333334,0,true
2016-03-24,3,20:00,15,5,N,0.6,3,true
2016-03-24,3,21:00,17,5,N,0.6470588235294118,3,true
2016-03-24,3,22:00,19,5,N,0.6842105263157895,3,true
2016-03-24,3,23:00,21,5,N,0.7142857142857143,3,true
2016-03-25,3,20:00,17,1,S,1.0,17,false
2016-03-25,3,21:00,19,1,S,1.0,19,false
2016-03-25,3,22:00,21,1,S,1.0,21,false
2016-03-25,3,23:00,23,1,S,1.0,23,false
2016-03-26,3,20:00,18,2,S,0.8333333333333334,18,true
2016-03-26,3,21:00,20,2,S,0.85,20,true
2016-03-26,3,22:00,22,2,S,0.8636363636363636,22,true
2016-03-26,3,23:00,24,2,S,0.875,24,true
2016-03-27,3,20:00,18,2,N,0.5,0,true
2016-03-27,3,21:00,20,2,NE,0.55,0,true
2016-03-27,3,22:00,22,2,N,0.5,0,true
2016-03-27,3,23:00,24,2,N,0.5416666666666666,0,true
2016-03-28,3,20:00,18,2,N,0.7222222222222222,0,true
2016-03-28,3,21:00,20,2,N,0.7,0,true
2016-03-28,3,22:00,22,2,N,0.6818181818181818,0,true
2016-03-28,3,23:00,24,3,N,0.625,2,true
2016-03-29,3,20:00,17,6,NE,0.29411764705882354,4,true
2016-03-29,3,21:00,19,7,N,0.2631578947368421,4,true
2016-03-29,3,22:00,21,8,N,0.23809523809523808,6,true
2016-03-29,3,23:00,23,8,N,0.30434782608695654,6,true
2016-03-30,3,20:00,18,6,N,0.3888888888888889,4,true
2016-03-30,3,21:00,20,6,N,0.35,6,true
2016-03-30,3,22:00,22,6,N,0.3181818181818182,8,true
2016-03-30,3,23:00,24,6,S,0.375,10,true
2016-03-31,3,20:00,18,2,N,0.6111111111111112,0,true
2016-03-31,3,21:00,20,2,N,0.65,0,true
2016-03-31,3,22:00,22,2,N,0.5909090909090909,0,true
2016-03-31,3,23:00,24,2,N,0.625,0,true
2016-04-01,4,20:00,18,2,N,0.8888888888888888,0,true
2016-04-01,4,21:00,20,2,N,0.9,0,true
2016-04-01,4,22:00,22,2,N,0.9090909090909091,0,true
2016-04-01,4,23:00,24,2,N,0.9166666666666666,0,true
2016-04-02,4,20:00,15,7,NE,0.4,3,true
2016-04-02,4,21:00,16,7,NE,0.375,3,true
2016-04-02,4,22:00,18,7,NE,0.3333333333333333,3,true
2016-04-02,4,23:00,18,7,NE,0.3333333333333333,3,true
2016-04-03,4,20:00,18,1,N,1.0,0,false
2016-04-03,4,21:00,20,1,N,1.0,0,false
2016-04-03,4,22:00,22,1,N,1.0,0,false
2016-04-03,4,23:00,24,1,N,1.0,0,false
2016-04-04,4,20:00,15,4,S,0.8,12,true
2016-04-04,4,21:00,17,4,S,0.8235294117647058,14,true
2016-04-04,4,22:00,19,4,S,0.8421052631578947,16,true
2016-04-04,4,23:00,21,4,S,0.8571428571428571,18,true
2016-04-05,4,20:00,16,2,S,0.8125,16,true
2016-04-05,4,21:00,18,2,S,0.7777777777777778,18,true
2016-04-05,4,22:00,20,2,S,0.8,20,true
2016-04-05,4,23:00,22,2,S,0.8181818181818182,22,true
2016-04-06,4,20:00,16,2,NE,0.875,0,true
2016-04-06,4,21:00,18,2,NE,0.8333333333333334,0,true
2016-04-06,4,22:00,20,2,NE,0.75,0,true
2016-04-06,4,23:00,22,2,NE,0.7727272727272727,0,true
2016-04-07,4,20:00,16,2,N,0.8125,0,true
2016-04-07,4,21:00,18,2,N,0.8333333333333334,0,true
2016-04-07,4,22:00,20,2,N,0.85,0,true
2016-04-07,4,23:00,22,2,N,0.8636363636363636,0,true
2016-04-08,4,20:00,16,2,N,0.9375,0,true
2016-04-08,4,21:00,18,2,N,0.9444444444444444,0,true
2016-04-08,4,22:00,20,2,N,0.9,0,true
2016-04-08,4,23:00,22,4,N,0.8181818181818182,2,true
2016-04-09,4,20:00,16,5,NE,0.3125,5,true
2016-04-09,4,21:00,18,6,NE,0.2777777777777778,5,true
2016-04-09,4,22:00,20,6,N,0.25,5,true
2016-04-09,4,23:00,22,7,N,0.2727272727272727,5,true
2016-04-10,4,20:00,16,5,N,0.3125,1,true
2016-04-10,4,21:00,18,5,N,0.3333333333333333,1,true
2016-04-10,4,22:00,20,5,N,0.4,1,true
2016-04-10,4,23:00,22,5,N,0.4090909090909091,1,true
2016-04-11,4,20:00,16,2,N,0.875,0,true
2016-04-11,4,21:00,18,2,N,0.8888888888888888,0,true
2016-04-11,4,22:00,20,2,N,0.9,0,true
2016-04-11,4,23:00,22,2,N,0.9090909090909091,0,true
2016-04-12,4,20:00,15,2,N,0.8,0,true
2016-04-12,4,21:00,17,2,N,0.8235294117647058,0,true
2016-04-12,4,22:00,19,2,N,0.8421052631578947,0,true
2016-04-12,4,23:00,21,2,N,0.8571428571428571,0,true
2016-04-13,4,20:00,16,2,S,0.875,16,true
2016-04-13,4,21:00,18,2,S,0.8333333333333334,18,true
2016-04-13,4,22:00,20,2,S,0.85,20,true
2016-04-13,4,23:00,22,2,S,0.8636363636363636,22,true
2016-04-14,4,20:00,16,2,NE,0.625,0,true
2016-04-14,4,21:00,18,2,NE,0.6111111111111112,0,true
2016-04-14,4,22:00,20,2,NE,0.65,0,true
2016-04-14,4,23:00,22,2,NE,0.6363636363636364,0,true
2016-04-15,4,20:00,16,2,NE,0.9375,0,true
2016-04-15,4,21:00,18,2,NE,0.9444444444444444,0,true
2016-04-15,4,22:00,20,2,NE,0.85,0,true
2016-04-15,4,23:00,22,4,NE,0.7727272727272727,1,true
2016-04-16,4,20:00,16,2,N,0.5625,0,true
2016-04-16,4,21:00,18,2,N,0.5,0,true
2016-04-16,4,22:00,20,2,N,0.55,0,true
2016-04-16,4,23:00,22,2,N,0.5909090909090909,0,true
2016-04-17,4,20:00,16,1,N,1.0,0,false
2016-04-17,4,21:00,18,1,N,1.0,0,false
2016-04-17,4,22:00,20,1,N,1.0,0,false
2016-04-17,4,23:00,22,1,N,1.0,0,false
2016-04-18,4,20:00,16,2,S,0.9375,15,true
2016-04-18,4,21:00,18,2,S,0.9444444444444444,17,true
2016-04-18,4,22:00,20,2,S,0.95,19,true
2016-04-18,4,23:00,22,2,S,0.9545454545454546,21,true
2016-04-19,4,20:00,16,2,NE,0.6875,0,true
2016-04-19,4,21:00,18,2,NE,0.7222222222222222,0,true
2016-04-19,4,22:00,20,2,NE,0.65,0,true
2016-04-19,4,23:00,22,2,NE,0.5909090909090909,0,true
2016-04-20,4,20:00,16,2,NE,0.625,0,true
2016-04-20,4,21:00,18,2,NE,0.5555555555555556,0,true
2016-04-20,4,22:00,20,2,N,0.5,0,true
2016-04-20,4,23:00,22,2,N,0.5454545454545454,0,true
2016-04-21,4,20:00,16,5,SW,0.3125,9,true
2016-04-21,4,21:00,18,5,SW,0.3333333333333333,11,true
2016-04-21,4,22:00,20,5,SW,0.35,13,true
2016-04-21,4,23:00,22,5,SW,0.36363636363636365,15,true
2016-04-22,4,20:00,16,2,NE,0.6875,0,true
2016-04-22,4,21:00,18,2,NE,0.6666666666666666,0,true
2016-04-22,4,22:00,20,2,NE,0.6,0,true
2016-04-22,4,23:00,22,2,NE,0.5454545454545454,0,true
2016-04-23,4,20:00,16,1,N,1.0,0,false
2016-04-23,4,21:00,18,1,N,1.0,0,false
2016-04-23,4,22:00,20,1,N,1.0,0,false
2016-04-23,4,23:00,22,1,N,1.0,0,false
2016-04-24,4,20:00,16,5,S,0.5,10,true
2016-04-24,4,21:00,18,5,S,0.5,12,true
2016-04-24,4,22:00,20,5,S,0.45,14,true
2016-04-24,4,23:00,22,5,S,0.4090909090909091,16,true
2016-04-25,4,20:00,16,3,N,0.625,1,true
2016-04-25,4,21:00,18,4,N,0.5555555555555556,3,true
2016-04-25,4,22:00,20,5,N,0.5,5,true
2016-04-25,4,23:00,22,5,N,0.45454545454545453,7,true
2016-04-26,4,20:00,16,1,N,1.0,0,false
2016-04-26,4,21:00,18,2,N,0.9444444444444444,0,true
2016-04-26,4,22:00,20,2,N,0.95,0,true
2016-04-26,4,23:00,22,2,N,0.9545454545454546,0,true
2016-04-27,4,20:00,16,3,NE,0.6875,0,true
2016-04-27,4,21:00,18,3,NE,0.7222222222222222,0,true
2016-04-27,4,22:00,20,3,NE,0.65,0,true
2016-04-27,4,23:00,22,3,NE,0.5909090909090909,0,true
2016-04-28,4,20:00,16,1,N,1.0,0,false
2016-04-28,4,21:00,18,1,N,1.0,0,false
2016-04-28,4,22:00,20,1,N,1.0,0,false
2016-04-28,4,23:00,22,1,N,1.0,0,false
2016-04-29,4,20:00,16,1,N,1.0,0,false
2016-04-29,4,21:00,18,1,N,1.0,0,false
2016-04-29,4,22:00,20,1,N,1.0,0,false
2016-04-29,4,23:00,22,1,N,1.0,0,false
2016-04-30,4,20:00,16,2,S,0.9375,16,true
2016-04-30,4,21:00,18,3,S,0.8888888888888888,18,true
2016-04-30,4,22:00,20,3,S,0.9,20,true
2016-04-30,4,23:00,22,3,S,0.9090909090909091,22,true
2016-05-01,5,20:00,16,2,N,0.75,0,true
2016-05-01,5,21:00,18,2,N,0.7777777777777778,0,true
2016-05-01,5,22:00,20,2,N,0.8,0,true
2016-05-01,5,23:00,22,2,N,0.8181818181818182,0,true
2016-05-02,5,20:00,16,1,N,1.0,0,false
2016-05-02,5,21:00,18,1,N,1.0,0,false
2016-05-02,5,22:00,20,1,N,1.0,0,false
2016-05-02,5,23:00,22,1,N,1.0,0,false
2016-05-03,5,20:00,12,2,N,0.9166666666666666,0,true
2016-05-03,5,21:00,14,2,N,0.7857142857142857,0,true
2016-05-03,5,22:00,16,2,N,0.75,0,true
2016-05-03,5,23:00,18,2,N,0.7777777777777778,0,true
2016-05-04,5,20:00,16,2,N,0.9375,0,true
2016-05-04,5,21:00,18,2,N,0.9444444444444444,0,true
2016-05-04,5,22:00,20,2,N,0.95,0,true
2016-05-04,5,23:00,22,2,N,0.9545454545454546,0,true
2016-05-05,5,20:00,16,1,N,1.0,0,false
2016-05-05,5,21:00,18,2,N,0.9444444444444444,0,true
2016-05-05,5,22:00,18,2,N,0.9444444444444444,0,true
2016-05-05,5,23:00,19,3,N,0.8947368421052632,1,true
2016-05-06,5,20:00,16,2,N,0.75,0,true
2016-05-06,5,21:00,18,2,N,0.7777777777777778,0,true
2016-05-06,5,22:00,20,2,N,0.8,0,true
2016-05-06,5,23:00,22,2,N,0.8181818181818182,0,true
2016-05-07,5,20:00,16,2,N,0.875,0,true
2016-05-07,5,21:00,18,2,N,0.8888888888888888,0,true
2016-05-07,5,22:00,20,2,N,0.8,0,true
2016-05-07,5,23:00,22,2,N,0.8181818181818182,0,true
2016-05-08,5,20:00,16,1,N,1.0,0,false
2016-05-08,5,21:00,18,1,N,1.0,0,false
2016-05-08,5,22:00,20,1,N,1.0,0,false
2016-05-08,5,23:00,22,2,N,0.9090909090909091,0,true
2016-05-09,5,20:00,16,1,N,1.0,0,false
2016-05-09,5,21:00,18,1,N,1.0,0,false
2016-05-09,5,22:00,20,1,N,1.0,0,false
2016-05-09,5,23:00,22,1,N,1.0,0,false
2016-05-10,5,20:00,16,5,NE,0.375,5,true
2016-05-10,5,21:00,18,5,N,0.3333333333333333,5,true
2016-05-10,5,22:00,20,5,N,0.4,5,true
2016-05-10,5,23:00,22,5,N,0.45454545454545453,5,true
2016-05-11,5,20:00,14,1,N,1.0,0,false
2016-05-11,5,21:00,14,1,N,1.0,0,false
2016-05-11,5,22:00,15,1,N,1.0,0,false
2016-05-11,5,23:00,15,1,N,1.0,0,false
2016-05-12,5,20:00,16,2,N,0.8125,0,true
2016-05-12,5,21:00,18,2,N,0.8333333333333334,0,true
2016-05-12,5,22:00,20,2,N,0.85,0,true
2016-05-12,5,23:00,22,2,N,0.7727272727272727,0,true
2016-05-13,5,20:00,14,2,N,0.7142857142857143,0,true
2016-05-13,5,21:00,16,2,N,0.6875,0,true
2016-05-13,5,22:00,18,2,N,0.6111111111111112,0,true
2016-05-13,5,23:00,20,2,N,0.6,0,true
2016-05-14,5,20:00,16,3,N,0.8125,0,true
2016-05-14,5,21:00,18,3,N,0.8333333333333334,0,true
2016-05-14,5,22:00,20,3,N,0.85,0,true
2016-05-14,5,23:00,22,3,N,0.8636363636363636,0,true
2016-05-15,5,20:00,16,3,N,0.75,0,true
2016-05-15,5,21:00,18,3,N,0.7777777777777778,0,true
2016-05-15,5,22:00,20,3,N,0.8,0,true
2016-05-15,5,23:00,22,3,N,0.8181818181818182,0,true
2016-05-16,5,20:00,16,2,N,0.6875,0,true
2016-05-16,5,21:00,18,2,N,0.6666666666666666,0,true
2016-05-16,5,22:00,20,2,N,0.65,0,true
2016-05-16,5,23:00,22,2,N,0.6818181818181818,0,true
2016-05-17,5,20:00,14,1,S,1.0,14,false
2016-05-17,5,21:00,16,1,S,1.0,16,false
2016-05-17,5,22:00,18,1,S,1.0,18,false
2016-05-17,5,23:00,20,1,S,1.0,20,false
2016-05-18,5,20:00,16,2,N,0.75,0,true
2016-05-18,5,21:00,18,2,N,0.7777777777777778,0,true
2016-05-18,5,22:00,20,2,N,0.8,0,true
2016-05-18,5,23:00,22,2,N,0.8181818181818182,0,true
2016-05-19,5,20:00,16,2,NW,0.625,0,true
2016-05-19,5,21:00,18,2,NW,0.5555555555555556,0,true
2016-05-19,5,22:00,20,2,N,0.5,0,true
2016-05-19,5,23:00,22,2,N,0.5454545454545454,0,true
2016-05-20,5,20:00,16,4,N,0.5,0,true
2016-05-20,5,21:00,18,4,N,0.5555555555555556,0,true
2016-05-20,5,22:00,20,4,N,0.55,0,true
2016-05-20,5,23:00,22,4,N,0.5909090909090909,0,true
2016-05-21,5,20:00,16,2,N,0.5,0,true
2016-05-21,5,21:00,18,2,N,0.5555555555555556,0,true
2016-05-21,5,22:00,20,3,N,0.5,0,true
2016-05-21,5,23:00,22,4,N,0.45454545454545453,1,true
2016-05-22,5,20:00,16,4,N,0.3125,3,true
2016-05-22,5,21:00,18,4,N,0.3888888888888889,3,true
2016-05-22,5,22:00,20,4,N,0.45,3,true
2016-05-22,5,23:00,22,6,N,0.4090909090909091,4,true
2016-05-23,5,20:00,16,2,N,0.625,0,true
2016-05-23,5,21:00,18,2,N,0.6111111111111112,0,true
2016-05-23,5,22:00,20,2,N,0.65,0,true
2016-05-23,5,23:00,22,2,N,0.6818181818181818,0,true
2016-05-24,5,20:00,9,2,S,0.7777777777777778,7,true
2016-05-24,5,21:00,11,3,S,0.7272727272727273,9,true
2016-05-24,5,22:00,11,3,S,0.7272727272727273,9,true
2016-05-24,5,23:00,13,4,S,0.6153846153846154,10,true
2016-05-25,5,20:00,14,2,N,0.5,0,true
2016-05-25,5,21:00,16,2,N,0.5625,0,true
2016-05-25,5,22:00,18,2,N,0.6111111111111112,0,true
2016-05-25,5,23:00,20,2,N,0.6,0,true
2016-05-26,5,20:00,16,2,N,0.8125,0,true
2016-05-26,5,21:00,18,2,N,0.8333333333333334,0,true
2016-05-26,5,22:00,20,2,N,0.85,0,true
2016-05-26,5,23:00,22,2,N,0.8181818181818182,0,true
2016-05-27,5,20:00,16,3,N,0.8125,0,true
2016-05-27,5,21:00,18,3,N,0.7777777777777778,0,true
2016-05-27,5,22:00,20,3,N,0.8,0,true
2016-05-27,5,23:00,22,3,N,0.7727272727272727,0,true
2016-05-28,5,20:00,11,2,N,0.7272727272727273,0,true
2016-05-28,5,21:00,13,2,N,0.7692307692307693,0,true
2016-05-28,5,22:00,15,2,N,0.8,0,true
2016-05-28,5,23:00,17,3,N,0.7058823529411765,0,true
2016-05-29,5,20:00,16,3,N,0.4375,7,true
2016-05-29,5,21:00,18,4,N,0.4444444444444444,7,true
2016-05-29,5,22:00,20,4,N,0.4,8,true
2016-05-29,5,23:00,22,5,N,0.4090909090909091,8,true
2016-05-30,5,20:00,16,4,S,0.4375,11,true
2016-05-30,5,21:00,18,4,S,0.4444444444444444,13,true
2016-05-30,5,22:00,20,4,S,0.4,14,true
2016-05-30,5,23:00,22,4,S,0.36363636363636365,16,true
2016-05-31,5,20:00,16,2,S,0.875,16,true
2016-05-31,5,21:00,18,2,S,0.8888888888888888,18,true
2016-05-31,5,22:00,20,2,S,0.9,20,true
2016-05-31,5,23:00,22,2,S,0.9090909090909091,22,true
2016-06-01,6,20:00,16,2,S,0.9375,16,true
2016-06-01,6,21:00,18,2,S,0.9444444444444444,18,true
2016-06-01,6,22:00,20,2,S,0.95,20,true
2016-06-01,6,23:00,22,2,S,0.9545454545454546,22,true
2016-06-02,6,20:00,16,2,S,0.9375,15,true
2016-06-02,6,21:00,18,2,S,0.9444444444444444,17,true
2016-06-02,6,22:00,20,2,S,0.95,19,true
2016-06-02,6,23:00,22,2,S,0.9545454545454546,21,true
2016-06-03,6,20:00,16,3,N,0.6875,0,true
2016-06-03,6,21:00,18,3,N,0.6666666666666666,0,true
2016-06-03,6,22:00,20,3,N,0.65,0,true
2016-06-03,6,23:00,22,3,N,0.6363636363636364,0,true
2016-06-04,6,20:00,16,2,NE,0.625,0,true
2016-06-04,6,21:00,18,2,NE,0.6111111111111112,0,true
2016-06-04,6,22:00,20,2,NE,0.6,0,true
2016-06-04,6,23:00,22,2,NE,0.5454545454545454,0,true
2016-06-05,6,20:00,16,2,NE,0.9375,0,true
2016-06-05,6,21:00,18,2,NE,0.9444444444444444,0,true
2016-06-05,6,22:00,20,2,NE,0.9,0,true
2016-06-05,6,23:00,22,2,NE,0.8181818181818182,0,true
2016-06-06,6,20:00,16,1,S,1.0,16,false
2016-06-06,6,21:00,18,1,S,1.0,18,false
2016-06-06,6,22:00,20,2,S,0.95,20,true
2016-06-06,6,23:00,22,2,S,0.9545454545454546,22,true
2016-06-07,6,20:00,16,3,NE,0.8125,0,true
2016-06-07,6,21:00,18,3,NE,0.8333333333333334,0,true
2016-06-07,6,22:00,20,3,NE,0.85,0,true
2016-06-07,6,23:00,22,3,NE,0.8636363636363636,0,true
2016-06-08,6,20:00,16,3,N,0.6875,0,true
2016-06-08,6,21:00,18,3,N,0.6666666666666666,0,true
2016-06-08,6,22:00,20,3,N,0.7,0,true
2016-06-08,6,23:00,22,3,N,0.6818181818181818,0,true
2016-06-09,6,20:00,16,2,N,0.9375,0,true
2016-06-09,6,21:00,18,2,N,0.9444444444444444,0,true
2016-06-09,6,22:00,20,2,N,0.95,0,true
2016-06-09,6,23:00,22,2,N,0.9545454545454546,0,true
2016-06-10,6,20:00,16,1,N,1.0,0,false
2016-06-10,6,21:00,18,2,N,0.8888888888888888,0,true
2016-06-10,6,22:00,20,2,N,0.85,0,true
2016-06-10,6,23:00,22,2,N,0.7727272727272727,0,true
2016-06-11,6,20:00,16,2,N,0.875,0,true
2016-06-11,6,21:00,18,2,N,0.8888888888888888,0,true
2016-06-11,6,22:00,20,2,N,0.9,0,true
2016-06-11,6,23:00,22,2,N,0.9090909090909091,0,true
2016-06-12,6,20:00,16,1,N,1.0,0,false
2016-06-12,6,21:00,18,1,N,1.0,0,false
2016-06-12,6,22:00,20,1,N,1.0,0,false
2016-06-12,6,23:00,22,1,N,1.0,0,false
2016-06-13,6,20:00,14,2,S,0.8571428571428571,14,true
2016-06-13,6,21:00,16,2,S,0.875,16,true
2016-06-13,6,22:00,18,2,S,0.8888888888888888,18,true
2016-06-13,6,23:00,20,3,S,0.8,18,true
2016-06-14,6,20:00,16,2,N,0.5625,0,true
2016-06-14,6,21:00,18,2,N,0.6111111111111112,0,true
2016-06-14,6,22:00,20,2,N,0.65,0,true
2016-06-14,6,23:00,22,2,N,0.6818181818181818,0,true
2016-06-15,6,20:00,16,1,N,1.0,0,false
2016-06-15,6,21:00,18,1,N,1.0,0,false
2016-06-15,6,22:00,20,1,N,1.0,0,false
2016-06-15,6,23:00,22,1,N,1.0,0,false
2016-06-16,6,20:00,16,3,N,0.75,0,true
2016-06-16,6,21:00,18,3,N,0.6666666666666666,0,true
2016-06-16,6,22:00,20,3,N,0.7,0,true
2016-06-16,6,23:00,22,3,N,0.7272727272727273,0,true
2016-06-17,6,20:00,16,2,N,0.5,0,true
2016-06-17,6,21:00,18,2,N,0.5555555555555556,0,true
2016-06-17,6,22:00,20,2,N,0.6,0,true
2016-06-17,6,23:00,22,2,N,0.6363636363636364,0,true
2016-06-18,6,20:00,16,1,N,1.0,0,false
2016-06-18,6,21:00,18,1,N,1.0,0,false
2016-06-18,6,22:00,20,1,N,1.0,0,false
2016-06-18,6,23:00,22,1,N,1.0,0,false
2016-06-19,6,20:00,16,2,N,0.9375,0,true
2016-06-19,6,21:00,18,2,N,0.8888888888888888,0,true
2016-06-19,6,22:00,20,2,N,0.85,0,true
2016-06-19,6,23:00,22,2,N,0.8181818181818182,0,true
2016-06-20,6,20:00,16,4,N,0.5,1,true
2016-06-20,6,21:00,18,4,N,0.5,1,true
2016-06-20,6,22:00,20,4,N,0.55,1,true
2016-06-20,6,23:00,22,4,N,0.5909090909090909,1,true
2016-06-21,6,20:00,16,1,N,1.0,0,false
2016-06-21,6,21:00,18,1,N,1.0,0,false
2016-06-21,6,22:00,20,1,N,1.0,0,false
2016-06-21,6,23:00,22,1,N,1.0,0,false
2016-06-22,6,20:00,16,1,N,1.0,0,false
2016-06-22,6,21:00,18,1,N,1.0,0,false
2016-06-22,6,22:00,19,1,N,1.0,0,false
2016-06-22,6,23:00,21,1,N,1.0,0,false
2016-06-23,6,20:00,16,1,N,1.0,0,false
2016-06-23,6,21:00,18,1,N,1.0,0,false
2016-06-23,6,22:00,20,1,N,1.0,0,false
2016-06-23,6,23:00,22,1,N,1.0,0,false
2016-06-24,6,20:00,16,6,S,0.375,7,true
2016-06-24,6,21:00,18,6,S,0.3333333333333333,7,true
2016-06-24,6,22:00,20,6,N,0.3,7,true
2016-06-24,6,23:00,22,6,N,0.36363636363636365,7,true
2016-06-25,6,20:00,16,2,N,0.875,0,true
2016-06-25,6,21:00,18,2,N,0.8888888888888888,0,true
2016-06-25,6,22:00,20,2,N,0.9,0,true
2016-06-25,6,23:00,22,2,N,0.9090909090909091,0,true
2016-06-26,6,20:00,16,4,N,0.5625,0,true
2016-06-26,6,21:00,17,4,N,0.5882352941176471,0,true
2016-06-26,6,22:00,17,4,N,0.5882352941176471,0,true
2016-06-26,6,23:00,17,4,N,0.5882352941176471,0,true
2016-06-27,6,20:00,15,2,N,0.8,0,true
2016-06-27,6,21:00,16,3,N,0.75,0,true
2016-06-27,6,22:00,16,3,N,0.75,0,true
2016-06-27,6,23:00,16,3,N,0.75,0,true
2016-06-28,6,20:00,16,4,SE,0.5,12,true
2016-06-28,6,21:00,18,4,SE,0.4444444444444444,14,true
2016-06-28,6,22:00,20,4,SE,0.4,16,true
2016-06-28,6,23:00,22,4,S,0.36363636363636365,18,true
2016-06-29,6,20:00,16,6,NE,0.375,2,true
2016-06-29,6,21:00,18,6,NE,0.3333333333333333,2,true
2016-06-29,6,22:00,20,6,NE,0.4,2,true
2016-06-29,6,23:00,22,6,NE,0.36363636363636365,2,true
2016-06-30,6,20:00,16,2,SE,0.6875,16,true
2016-06-30,6,21:00,18,2,SE,0.6111111111111112,18,true
2016-06-30,6,22:00,20,2,SE,0.55,20,true
2016-06-30,6,23:00,22,2,S,0.5,22,true
2016-07-01,7,20:00,16,1,S,1.0,16,false
2016-07-01,7,21:00,18,1,S,1.0,18,false
2016-07-01,7,22:00,20,1,S,1.0,20,false
2016-07-01,7,23:00,22,1,S,1.0,22,false
2016-07-02,7,20:00,16,2,NE,0.875,0,true
2016-07-02,7,21:00,18,2,NE,0.8333333333333334,0,true
2016-07-02,7,22:00,20,2,NE,0.75,0,true
2016-07-02,7,23:00,22,2,NE,0.7272727272727273,0,true
2016-07-03,7,20:00,16,1,N,1.0,0,false
2016-07-03,7,21:00,18,1,N,1.0,0,false
2016-07-03,7,22:00,20,1,N,1.0,0,false
2016-07-03,7,23:00,22,1,N,1.0,0,false
2016-07-04,7,20:00,16,1,N,1.0,0,false
2016-07-04,7,21:00,18,1,N,1.0,0,false
2016-07-04,7,22:00,20,1,N,1.0,0,false
2016-07-04,7,23:00,22,1,N,1.0,0,false
2016-07-05,7,20:00,16,3,N,0.5,0,true
2016-07-05,7,21:00,18,5,N,0.4444444444444444,2,true
2016-07-05,7,22:00,20,5,N,0.4,4,true
2016-07-05,7,23:00,22,5,N,0.36363636363636365,6,true
2016-07-06,7,20:00,16,3,N,0.4375,0,true
2016-07-06,7,21:00,18,3,N,0.4444444444444444,0,true
2016-07-06,7,22:00,20,3,N,0.45,0,true
2016-07-06,7,23:00,22,3,N,0.5,0,true
2016-07-07,7,20:00,16,5,SE,0.4375,8,true
2016-07-07,7,21:00,18,5,SE,0.5,10,true
2016-07-07,7,22:00,20,5,SE,0.55,12,true
2016-07-07,7,23:00,22,5,SE,0.5454545454545454,14,true
2016-07-08,7,20:00,16,3,S,0.5,14,true
2016-07-08,7,21:00,18,3,S,0.4444444444444444,16,true
2016-07-08,7,22:00,20,3,SE,0.5,18,true
2016-07-08,7,23:00,22,3,SE,0.5454545454545454,20,true
2016-07-09,7,20:00,16,2,SE,0.875,16,true
2016-07-09,7,21:00,18,2,SE,0.8888888888888888,18,true
2016-07-09,7,22:00,20,2,SE,0.9,20,true
2016-07-09,7,23:00,22,2,SE,0.9090909090909091,22,true
2016-07-10,7,20:00,16,3,SE,0.8125,15,true
2016-07-10,7,21:00,18,3,SE,0.8333333333333334,17,true
2016-07-10,7,22:00,20,3,SE,0.8,19,true
2016-07-10,7,23:00,22,3,SE,0.7727272727272727,21,true
2016-07-11,7,20:00,16,2,NE,0.6875,0,true
2016-07-11,7,21:00,18,2,NE,0.6111111111111112,0,true
2016-07-11,7,22:00,20,2,NE,0.55,0,true
2016-07-11,7,23:00,22,2,NE,0.5454545454545454,0,true
2016-07-12,7,20:00,16,2,NE,0.625,0,true
2016-07-12,7,21:00,18,3,NE,0.6111111111111112,0,true
2016-07-12,7,22:00,20,3,NE,0.55,0,true
2016-07-12,7,23:00,22,3,NE,0.5,0,true
2016-07-13,7,20:00,16,1,N,1.0,0,false
2016-07-13,7,21:00,18,1,N,1.0,0,false
2016-07-13,7,22:00,20,1,N,1.0,0,false
2016-07-13,7,23:00,22,1,N,1.0,0,false
2016-07-14,7,20:00,11,2,N,0.9090909090909091,0,true
2016-07-14,7,21:00,13,2,N,0.9230769230769231,0,true
2016-07-14,7,22:00,15,2,N,0.9333333333333333,0,true
2016-07-14,7,23:00,17,2,N,0.8235294117647058,0,true
2016-07-15,7,20:00,16,2,N,0.875,0,true
2016-07-15,7,21:00,18,2,N,0.8888888888888888,0,true
2016-07-15,7,22:00,20,2,N,0.9,0,true
2016-07-15,7,23:00,22,2,N,0.9090909090909091,0,true
2016-07-16,7,20:00,16,2,N,0.8125,0,true
2016-07-16,7,21:00,18,2,N,0.7777777777777778,0,true
2016-07-16,7,22:00,20,2,N,0.75,0,true
2016-07-16,7,23:00,22,2,N,0.7727272727272727,0,true
2016-07-17,7,20:00,16,3,N,0.8125,0,true
2016-07-17,7,21:00,18,3,N,0.7222222222222222,0,true
2016-07-17,7,22:00,20,3,N,0.65,0,true
2016-07-17,7,23:00,22,3,N,0.6363636363636364,0,true
2016-07-18,7,20:00,16,2,S,0.8125,16,true
2016-07-18,7,21:00,18,2,S,0.8333333333333334,18,true
2016-07-18,7,22:00,20,2,S,0.85,20,true
2016-07-18,7,23:00,22,2,S,0.8636363636363636,22,true
2016-07-19,7,20:00,16,5,N,0.3125,2,true
2016-07-19,7,21:00,18,5,N,0.3888888888888889,2,true
2016-07-19,7,22:00,20,5,N,0.45,2,true
2016-07-19,7,23:00,22,5,N,0.5,2,true
2016-07-20,7,20:00,16,2,S,0.625,16,true
2016-07-20,7,21:00,18,2,S,0.6666666666666666,18,true
2016-07-20,7,22:00,20,2,S,0.7,20,true
2016-07-20,7,23:00,22,2,S,0.7272727272727273,22,true
2016-07-21,7,20:00,13,3,S,0.6153846153846154,11,true
2016-07-21,7,21:00,15,4,S,0.5333333333333333,12,true
2016-07-21,7,22:00,17,4,S,0.47058823529411764,12,true
2016-07-21,7,23:00,19,4,S,0.42105263157894735,12,true
2016-07-22,7,20:00,16,2,N,0.8125,0,true
2016-07-22,7,21:00,18,2,N,0.8333333333333334,0,true
2016-07-22,7,22:00,20,2,N,0.85,0,true
2016-07-22,7,23:00,22,2,N,0.8636363636363636,0,true
2016-07-23,7,20:00,16,1,N,1.0,0,false
2016-07-23,7,21:00,18,1,N,1.0,0,false
2016-07-23,7,22:00,20,1,N,1.0,0,false
2016-07-23,7,23:00,22,1,N,1.0,0,false
2016-07-24,7,20:00,16,2,N,0.6875,0,true
2016-07-24,7,21:00,18,2,N,0.7222222222222222,0,true
2016-07-24,7,22:00,20,2,N,0.65,0,true
2016-07-24,7,23:00,22,2,N,0.5909090909090909,0,true
2016-07-25,7,20:00,16,2,NW,0.625,0,true
2016-07-25,7,21:00,18,2,NW,0.6666666666666666,0,true
2016-07-25,7,22:00,20,2,NW,0.7,0,true
2016-07-25,7,23:00,22,2,NW,0.7272727272727273,0,true
2016-07-26,7,20:00,16,4,N,0.5,0,true
2016-07-26,7,21:00,18,4,N,0.5,0,true
2016-07-26,7,22:00,20,4,N,0.45,0,true
2016-07-26,7,23:00,22,6,N,0.4090909090909091,1,true
2016-07-27,7,20:00,16,2,N,0.9375,0,true
2016-07-27,7,21:00,18,2,N,0.8888888888888888,0,true
2016-07-27,7,22:00,20,2,N,0.85,0,true
2016-07-27,7,23:00,22,2,N,0.8636363636363636,0,true
2016-07-28,7,20:00,16,1,N,1.0,0,false
2016-07-28,7,21:00,18,1,N,1.0,0,false
2016-07-28,7,22:00,19,2,N,0.9473684210526315,0,true
2016-07-28,7,23:00,21,2,N,0.8571428571428571,0,true
2016-07-29,7,20:00,16,2,NW,0.75,0,true
2016-07-29,7,21:00,18,2,NW,0.7777777777777778,0,true
2016-07-29,7,22:00,20,2,NW,0.7,0,true
2016-07-29,7,23:00,22,2,NW,0.6363636363636364,0,true
2016-07-30,7,20:00,16,2,N,0.8125,0,true
2016-07-30,7,21:00,18,2,N,0.8333333333333334,0,true
2016-07-30,7,22:00,20,2,N,0.85,0,true
2016-07-30,7,23:00,22,2,N,0.8636363636363636,0,true
2016-07-31,7,20:00,16,2,NW,0.625,0,true
2016-07-31,7,21:00,18,2,NW,0.5555555555555556,0,true
2016-07-31,7,22:00,20,2,NW,0.5,0,true
2016-07-31,7,23:00,22,2,W,0.5454545454545454,0,true
2016-08-01,8,20:00,16,2,N,0.625,0,true
2016-08-01,8,21:00,18,2,N,0.6666666666666666,0,true
2016-08-01,8,22:00,20,2,N,0.7,0,true
2016-08-01,8,23:00,22,2,N,0.7272727272727273,0,true
2016-08-02,8,20:00,16,1,S,1.0,16,false
2016-08-02,8,21:00,18,1,S,1.0,18,false
2016-08-02,8,22:00,20,1,S,1.0,20,false
2016-08-02,8,23:00,22,1,S,1.0,22,false
2016-08-03,8,20:00,16,2,N,0.8125,0,true
2016-08-03,8,21:00,18,2,N,0.8333333333333334,0,true
2016-08-03,8,22:00,20,2,N,0.85,0,true
2016-08-03,8,23:00,22,2,N,0.8636363636363636,0,true
2016-08-04,8,20:00,16,5,S,0.6875,12,true
2016-08-04,8,21:00,18,5,S,0.7222222222222222,14,true
2016-08-04,8,22:00,20,5,S,0.75,16,true
2016-08-04,8,23:00,22,5,S,0.7727272727272727,18,true
2016-08-05,8,20:00,16,2,S,0.5625,16,true
2016-08-05,8,21:00,18,2,S,0.6111111111111112,18,true
2016-08-05,8,22:00,20,2,S,0.65,20,true
2016-08-05,8,23:00,22,2,S,0.5909090909090909,22,true
2016-08-06,8,20:00,16,2,S,0.625,16,true
2016-08-06,8,21:00,17,2,S,0.6470588235294118,17,true
2016-08-06,8,22:00,17,2,S,0.6470588235294118,17,true
2016-08-06,8,23:00,19,2,S,0.5789473684210527,19,true
2016-08-07,8,20:00,15,1,S,1.0,15,false
2016-08-07,8,21:00,17,1,S,1.0,17,false
2016-08-07,8,22:00,19,1,S,1.0,19,false
2016-08-07,8,23:00,21,1,S,1.0,21,false
2016-08-08,8,20:00,16,3,S,0.75,15,true
2016-08-08,8,21:00,16,3,S,0.75,15,true
2016-08-08,8,22:00,17,3,S,0.7647058823529411,16,true
2016-08-08,8,23:00,19,3,S,0.7894736842105263,18,true
2016-08-09,8,20:00,16,2,S,0.9375,16,true
2016-08-09,8,21:00,18,2,S,0.9444444444444444,18,true
2016-08-09,8,22:00,20,2,S,0.95,20,true
2016-08-09,8,23:00,22,2,S,0.9545454545454546,22,true
2016-08-10,8,20:00,16,4,E,0.625,4,true
2016-08-10,8,21:00,18,4,E,0.5555555555555556,5,true
2016-08-10,8,22:00,18,4,E,0.5555555555555556,5,true
2016-08-10,8,23:00,20,5,E,0.5,7,true
2016-08-11,8,20:00,16,2,NE,0.75,0,true
2016-08-11,8,21:00,18,2,NE,0.7222222222222222,0,true
2016-08-11,8,22:00,20,2,NE,0.65,0,true
2016-08-11,8,23:00,22,2,NE,0.5909090909090909,0,true
2016-08-12,8,20:00,16,2,N,0.9375,0,true
2016-08-12,8,21:00,18,2,N,0.9444444444444444,0,true
2016-08-12,8,22:00,20,2,N,0.95,0,true
2016-08-12,8,23:00,22,2,N,0.9545454545454546,0,true
2016-08-13,8,20:00,15,6,N,0.4,2,true
2016-08-13,8,21:00,17,7,N,0.35294117647058826,4,true
2016-08-13,8,22:00,19,7,N,0.3157894736842105,6,true
2016-08-13,8,23:00,20,8,N,0.3,7,true
2016-08-14,8,20:00,16,3,N,0.625,0,true
2016-08-14,8,21:00,18,3,N,0.6666666666666666,0,true
2016-08-14,8,22:00,20,3,N,0.65,0,true
2016-08-14,8,23:00,22,3,N,0.6818181818181818,0,true
2016-08-15,8,20:00,16,1,N,1.0,0,false
2016-08-15,8,21:00,18,1,N,1.0,0,false
2016-08-15,8,22:00,20,1,N,1.0,0,false
2016-08-15,8,23:00,22,1,N,1.0,0,false
2016-08-16,8,20:00,15,4,S,0.4666666666666667,8,true
2016-08-16,8,21:00,17,4,S,0.5294117647058824,10,true
2016-08-16,8,22:00,19,4,S,0.5789473684210527,12,true
2016-08-16,8,23:00,21,4,S,0.6190476190476191,14,true
2016-08-17,8,20:00,16,2,N,0.9375,0,true
2016-08-17,8,21:00,18,2,N,0.9444444444444444,0,true
2016-08-17,8,22:00,20,2,N,0.9,0,true
2016-08-17,8,23:00,22,2,N,0.9090909090909091,0,true
2016-08-18,8,20:00,16,3,N,0.75,0,true
2016-08-18,8,21:00,18,3,N,0.7222222222222222,0,true
2016-08-18,8,22:00,20,3,N,0.7,0,true
2016-08-18,8,23:00,22,4,N,0.6818181818181818,1,true
2016-08-19,8,20:00,16,4,NE,0.5625,1,true
2016-08-19,8,21:00,18,4,NE,0.5555555555555556,1,true
2016-08-19,8,22:00,20,4,NE,0.6,1,true
2016-08-19,8,23:00,22,4,NE,0.5909090909090909,1,true
2016-08-20,8,20:00,16,4,NE,0.4375,0,true
2016-08-20,8,21:00,18,4,NE,0.4444444444444444,0,true
2016-08-20,8,22:00,20,4,NE,0.45,0,true
2016-08-20,8,23:00,22,4,N,0.45454545454545453,0,true
2016-08-21,8,20:00,16,3,NE,0.5,0,true
2016-08-21,8,21:00,18,3,NE,0.5,0,true
2016-08-21,8,22:00,20,3,NE,0.45,0,true
2016-08-21,8,23:00,22,3,N,0.45454545454545453,0,true
2016-08-22,8,20:00,16,2,N,0.875,0,true
2016-08-22,8,21:00,18,2,N,0.8888888888888888,0,true
2016-08-22,8,22:00,20,2,N,0.9,0,true
2016-08-22,8,23:00,22,2,N,0.9090909090909091,0,true
2016-08-23,8,20:00,16,2,N,0.625,0,true
2016-08-23,8,21:00,18,2,N,0.6111111111111112,0,true
2016-08-23,8,22:00,20,2,N,0.65,0,true
2016-08-23,8,23:00,22,2,N,0.6818181818181818,0,true
2016-08-24,8,20:00,16,5,NE,0.5,5,true
2016-08-24,8,21:00,18,5,NE,0.4444444444444444,5,true
2016-08-24,8,22:00,20,6,NE,0.45,5,true
2016-08-24,8,23:00,22,6,NE,0.45454545454545453,5,true
2016-08-25,8,20:00,16,6,N,0.375,3,true
2016-08-25,8,21:00,18,6,N,0.3888888888888889,3,true
2016-08-25,8,22:00,20,6,N,0.45,3,true
2016-08-25,8,23:00,22,6,N,0.5,3,true
2016-08-26,8,20:00,16,4,S,0.8125,14,true
2016-08-26,8,21:00,18,4,S,0.8333333333333334,16,true
2016-08-26,8,22:00,20,4,S,0.85,18,true
2016-08-26,8,23:00,21,4,S,0.8571428571428571,19,true
2016-08-27,8,20:00,14,6,N,0.2857142857142857,5,true
2016-08-27,8,21:00,16,6,N,0.25,5,true
2016-08-27,8,22:00,18,6,W,0.2777777777777778,6,true
2016-08-27,8,23:00,20,6,S,0.25,8,true
2016-08-28,8,20:00,16,3,NE,0.5,1,true
2016-08-28,8,21:00,18,3,N,0.5,1,true
2016-08-28,8,22:00,20,3,N,0.55,1,true
2016-08-28,8,23:00,22,3,N,0.5909090909090909,1,true
2016-08-29,8,20:00,16,2,N,0.9375,0,true
2016-08-29,8,21:00,18,2,N,0.8888888888888888,0,true
2016-08-29,8,22:00,20,2,N,0.85,0,true
2016-08-29,8,23:00,22,2,N,0.8636363636363636,0,true
2016-08-30,8,20:00,16,4,S,0.5,8,true
2016-08-30,8,21:00,18,4,S,0.5555555555555556,10,true
2016-08-30,8,22:00,20,4,S,0.6,12,true
2016-08-30,8,23:00,22,4,S,0.6363636363636364,14,true
2016-08-31,8,20:00,16,5,NE,0.6875,2,true
2016-08-31,8,21:00,18,5,NE,0.6666666666666666,2,true
2016-08-31,8,22:00,20,5,NE,0.6,2,true
2016-08-31,8,23:00,22,5,NE,0.5909090909090909,2,true
2016-09-01,9,20:00,16,1,N,1.0,0,false
2016-09-01,9,21:00,18,1,N,1.0,0,false
2016-09-01,9,22:00,20,1,N,1.0,0,false
2016-09-01,9,23:00,22,1,N,1.0,0,false
2016-09-02,9,20:00,16,1,N,1.0,0,false
2016-09-02,9,21:00,18,1,N,1.0,0,false
2016-09-02,9,22:00,20,1,N,1.0,0,false
2016-09-02,9,23:00,22,1,N,1.0,0,false
2016-09-03,9,20:00,16,2,N,0.5625,0,true
2016-09-03,9,21:00,18,2,N,0.5,0,true
2016-09-03,9,22:00,20,2,N,0.55,0,true
2016-09-03,9,23:00,22,3,N,0.5454545454545454,0,true
2016-09-04,9,20:00,16,2,N,0.625,0,true
2016-09-04,9,21:00,18,2,N,0.5555555555555556,0,true
2016-09-04,9,22:00,20,2,N,0.55,0,true
2016-09-04,9,23:00,22,2,N,0.5909090909090909,0,true
2016-09-05,9,20:00,16,1,N,1.0,0,false
2016-09-05,9,21:00,18,2,N,0.9444444444444444,0,true
2016-09-05,9,22:00,20,2,N,0.95,0,true
2016-09-05,9,23:00,22,2,N,0.9545454545454546,0,true
2016-09-06,9,20:00,16,6,SW,0.375,10,true
2016-09-06,9,21:00,17,6,SW,0.4117647058823529,11,true
2016-09-06,9,22:00,19,6,SW,0.3684210526315789,13,true
2016-09-06,9,23:00,21,6,S,0.3333333333333333,15,true
2016-09-07,9,20:00,16,1,N,1.0,0,false
2016-09-07,9,21:00,18,1,N,1.0,0,false
2016-09-07,9,22:00,20,1,N,1.0,0,false
2016-09-07,9,23:00,22,1,N,1.0,0,false
2016-09-08,9,20:00,5,1,S,1.0,5,false
2016-09-08,9,21:00,7,1,S,1.0,7,false
2016-09-08,9,22:00,8,1,S,1.0,8,false
2016-09-08,9,23:00,8,1,S,1.0,8,false
2016-09-09,9,20:00,15,1,S,1.0,15,false
2016-09-09,9,21:00,15,1,S,1.0,15,false
2016-09-09,9,22:00,15,1,S,1.0,15,false
2016-09-09,9,23:00,16,1,S,1.0,16,false
2016-09-10,9,20:00,9,1,S,1.0,9,false
2016-09-10,9,21:00,11,1,S,1.0,11,false
2016-09-10,9,22:00,13,1,S,1.0,13,false
2016-09-10,9,23:00,15,1,S,1.0,15,false
2016-09-11,9,20:00,16,5,N,0.4375,2,true
2016-09-11,9,21:00,18,5,N,0.4444444444444444,2,true
2016-09-11,9,22:00,20,5,N,0.5,2,true
2016-09-11,9,23:00,22,5,N,0.5454545454545454,2,true
2016-09-12,9,20:00,16,1,N,1.0,0,false
2016-09-12,9,21:00,18,1,N,1.0,0,false
2016-09-12,9,22:00,20,1,N,1.0,0,false
2016-09-12,9,23:00,22,1,N,1.0,0,false
2016-09-13,9,20:00,16,1,N,1.0,0,false
2016-09-13,9,21:00,18,1,N,1.0,0,false
2016-09-13,9,22:00,20,1,N,1.0,0,false
2016-09-13,9,23:00,22,1,N,1.0,0,false
2016-09-14,9,20:00,14,3,N,0.7142857142857143,4,true
2016-09-14,9,21:00,16,3,N,0.75,4,true
2016-09-14,9,22:00,18,3,N,0.7777777777777778,4,true
2016-09-14,9,23:00,20,3,N,0.8,4,true
2016-09-15,9,20:00,16,1,N,1.0,0,false
2016-09-15,9,21:00,18,2,N,0.9444444444444444,0,true
2016-09-15,9,22:00,20,2,N,0.95,0,true
2016-09-15,9,23:00,22,2,N,0.9545454545454546,0,true
2016-09-16,9,20:00,14,2,N,0.9285714285714286,0,true
2016-09-16,9,21:00,15,2,N,0.9333333333333333,0,true
2016-09-16,9,22:00,17,2,N,0.9411764705882353,0,true
2016-09-16,9,23:00,18,2,N,0.9444444444444444,0,true
2016-09-17,9,20:00,14,2,N,0.9285714285714286,0,true
2016-09-17,9,21:00,16,2,N,0.875,0,true
2016-09-17,9,22:00,18,2,N,0.8333333333333334,0,true
2016-09-17,9,23:00,20,2,N,0.85,0,true
2016-09-18,9,20:00,15,2,S,0.8666666666666667,15,true
2016-09-18,9,21:00,17,2,S,0.8823529411764706,17,true
2016-09-18,9,22:00,19,2,S,0.8947368421052632,19,true
2016-09-18,9,23:00,21,2,S,0.9047619047619048,21,true
2016-09-19,9,20:00,16,2,S,0.875,16,true
2016-09-19,9,21:00,18,2,S,0.8888888888888888,18,true
2016-09-19,9,22:00,20,2,S,0.8,20,true
2016-09-19,9,23:00,22,2,S,0.8181818181818182,22,true
2016-09-20,9,20:00,16,1,S,1.0,16,false
2016-09-20,9,21:00,18,1,S,1.0,18,false
2016-09-20,9,22:00,20,1,S,1.0,20,false
2016-09-20,9,23:00,22,1,S,1.0,22,false
2016-09-21,9,20:00,16,1,S,1.0,16,false
2016-09-21,9,21:00,18,1,S,1.0,18,false
2016-09-21,9,22:00,20,1,S,1.0,20,false
2016-09-21,9,23:00,22,1,S,1.0,22,false
2016-09-22,9,20:00,16,1,S,1.0,16,false
2016-09-22,9,21:00,18,1,S,1.0,18,false
2016-09-22,9,22:00,20,1,S,1.0,20,false
2016-09-22,9,23:00,22,1,S,1.0,22,false
2016-09-23,9,20:00,16,1,S,1.0,16,false
2016-09-23,9,21:00,18,1,S,1.0,18,false
2016-09-23,9,22:00,20,1,S,1.0,20,false
2016-09-23,9,23:00,22,1,S,1.0,22,false
2016-09-24,9,20:00,16,2,S,0.9375,16,true
2016-09-24,9,21:00,18,2,S,0.9444444444444444,18,true
2016-09-24,9,22:00,20,2,S,0.95,20,true
2016-09-24,9,23:00,22,2,S,0.9545454545454546,22,true
2016-09-25,9,20:00,16,3,SE,0.625,13,true
2016-09-25,9,21:00,18,3,SE,0.6666666666666666,15,true
2016-09-25,9,22:00,20,3,SE,0.65,17,true
2016-09-25,9,23:00,22,3,SE,0.6363636363636364,19,true
2016-09-26,9,20:00,18,8,E,0.16666666666666666,7,true
2016-09-26,9,21:00,20,8,E,0.2,7,true
2016-09-26,9,22:00,22,8,NE,0.2727272727272727,7,true
2016-09-26,9,23:00,24,8,NE,0.3333333333333333,7,true
2016-09-27,9,20:00,18,8,NE,0.4444444444444444,4,true
2016-09-27,9,21:00,20,8,NE,0.5,4,true
2016-09-27,9,22:00,22,8,NE,0.5,5,true
2016-09-27,9,23:00,24,8,NE,0.5,5,true
2016-09-28,9,20:00,18,6,N,0.2777777777777778,5,true
2016-09-28,9,21:00,20,6,N,0.25,7,true
2016-09-28,9,22:00,22,6,S,0.3181818181818182,9,true
2016-09-28,9,23:00,24,6,S,0.2916666666666667,11,true
2016-09-29,9,20:00,18,6,NE,0.3888888888888889,2,true
2016-09-29,9,21:00,20,6,NE,0.45,2,true
2016-09-29,9,22:00,22,6,NE,0.5,2,true
2016-09-29,9,23:00,24,6,NE,0.5416666666666666,2,true
2016-09-30,9,20:00,18,4,NE,0.4444444444444444,1,true
2016-09-30,9,21:00,20,5,NE,0.4,1,true
2016-09-30,9,22:00,22,5,NE,0.36363636363636365,2,true
2016-09-30,9,23:00,24,5,NE,0.3333333333333333,4,true
2016-10-01,10,20:00,18,1,N,1.0,0,false
2016-10-01,10,21:00,20,1,N,1.0,0,false
2016-10-01,10,22:00,22,1,N,1.0,0,false
2016-10-01,10,23:00,24,1,N,1.0,0,false
2016-10-02,10,20:00,17,1,N,1.0,0,false
2016-10-02,10,21:00,19,1,N,1.0,0,false
2016-10-02,10,22:00,20,1,N,1.0,0,false
2016-10-02,10,23:00,22,1,N,1.0,0,false
2016-10-03,10,20:00,16,1,N,1.0,0,false
2016-10-03,10,21:00,18,1,N,1.0,0,false
2016-10-03,10,22:00,20,1,N,1.0,0,false
2016-10-03,10,23:00,22,1,N,1.0,0,false
2016-10-04,10,20:00,15,2,N,0.8666666666666667,0,true
2016-10-04,10,21:00,17,2,N,0.8823529411764706,0,true
2016-10-04,10,22:00,19,2,N,0.8947368421052632,0,true
2016-10-04,10,23:00,21,2,N,0.9047619047619048,0,true
2016-10-05,10,20:00,15,1,N,1.0,0,false
2016-10-05,10,21:00,17,2,N,0.9411764705882353,0,true
2016-10-05,10,22:00,19,2,N,0.8421052631578947,0,true
2016-10-05,10,23:00,21,2,N,0.7619047619047619,0,true
2016-10-06,10,20:00,17,2,N,0.9411764705882353,0,true
2016-10-06,10,21:00,19,2,N,0.9473684210526315,0,true
2016-10-06,10,22:00,21,2,N,0.9523809523809523,0,true
2016-10-06,10,23:00,23,2,N,0.9565217391304348,0,true
2016-10-07,10,20:00,13,2,S,0.8461538461538461,11,true
2016-10-07,10,21:00,15,2,S,0.8666666666666667,13,true
2016-10-07,10,22:00,17,2,S,0.8823529411764706,15,true
2016-10-07,10,23:00,19,2,S,0.8947368421052632,17,true
2016-10-08,10,20:00,18,2,N,0.8888888888888888,0,true
2016-10-08,10,21:00,20,2,N,0.9,0,true
2016-10-08,10,22:00,22,2,N,0.9090909090909091,0,true
2016-10-08,10,23:00,24,2,N,0.9166666666666666,0,true
2016-10-09,10,20:00,17,4,S,0.47058823529411764,8,true
2016-10-09,10,21:00,19,4,S,0.5263157894736842,10,true
2016-10-09,10,22:00,21,4,S,0.5714285714285714,12,true
2016-10-09,10,23:00,23,5,S,0.5652173913043478,14,true
2016-10-10,10,20:00,18,5,NE,0.2777777777777778,9,true
2016-10-10,10,21:00,20,5,NE,0.25,9,true
2016-10-10,10,22:00,22,5,NE,0.2727272727272727,9,true
2016-10-10,10,23:00,24,5,N,0.2916666666666667,9,true
2016-10-11,10,20:00,18,1,N,1.0,0,false
2016-10-11,10,21:00,20,1,N,1.0,0,false
2016-10-11,10,22:00,22,1,N,1.0,0,false
2016-10-11,10,23:00,24,1,N,1.0,0,false
2016-10-12,10,20:00,18,1,N,1.0,0,false
2016-10-12,10,21:00,20,2,N,0.95,0,true
2016-10-12,10,22:00,22,2,N,0.9545454545454546,0,true
2016-10-12,10,23:00,22,2,N,0.9545454545454546,0,true
2016-10-13,10,20:00,18,2,N,0.8333333333333334,0,true
2016-10-13,10,21:00,20,2,N,0.85,0,true
2016-10-13,10,22:00,22,2,N,0.8636363636363636,0,true
2016-10-13,10,23:00,24,2,N,0.875,0,true
2016-10-14,10,20:00,18,1,N,1.0,0,false
2016-10-14,10,21:00,20,1,N,1.0,0,false
2016-10-14,10,22:00,22,1,N,1.0,0,false
2016-10-14,10,23:00,24,1,N,1.0,0,false
2016-10-15,10,20:00,15,2,SW,0.6,15,true
2016-10-15,10,21:00,17,2,SW,0.5882352941176471,17,true
2016-10-15,10,22:00,19,2,SW,0.5263157894736842,19,true
2016-10-15,10,23:00,21,2,S,0.5238095238095238,21,true
2016-10-16,10,20:00,18,2,N,0.6111111111111112,0,true
2016-10-16,10,21:00,20,2,N,0.65,0,true
2016-10-16,10,22:00,22,2,N,0.6818181818181818,0,true
2016-10-16,10,23:00,24,2,N,0.7083333333333334,0,true
2016-10-17,10,20:00,18,2,N,0.8333333333333334,0,true
2016-10-17,10,21:00,20,2,N,0.85,0,true
2016-10-17,10,22:00,22,2,N,0.8636363636363636,0,true
2016-10-17,10,23:00,24,2,N,0.875,0,true
2016-10-18,10,20:00,18,1,N,1.0,0,false
2016-10-18,10,21:00,20,1,N,1.0,0,false
2016-10-18,10,22:00,22,1,N,1.0,0,false
2016-10-18,10,23:00,24,1,N,1.0,0,false
2016-10-19,10,20:00,15,1,N,1.0,0,false
2016-10-19,10,21:00,17,1,N,1.0,0,false
2016-10-19,10,22:00,19,1,N,1.0,0,false
2016-10-19,10,23:00,21,1,N,1.0,0,false
2016-10-20,10,20:00,18,1,N,1.0,0,false
2016-10-20,10,21:00,20,1,N,1.0,0,false
2016-10-20,10,22:00,22,1,N,1.0,0,false
2016-10-20,10,23:00,24,1,N,1.0,0,false
2016-10-21,10,20:00,18,1,S,1.0,18,false
2016-10-21,10,21:00,20,1,S,1.0,20,false
2016-10-21,10,22:00,22,1,S,1.0,22,false
2016-10-21,10,23:00,24,1,S,1.0,24,false
2016-10-22,10,20:00,18,1,S,1.0,18,false
2016-10-22,10,21:00,20,1,S,1.0,20,false
2016-10-22,10,22:00,22,1,S,1.0,22,false
2016-10-22,10,23:00,24,1,S,1.0,24,false
2016-10-23,10,20:00,18,2,NE,0.6666666666666666,0,true
2016-10-23,10,21:00,20,2,NE,0.65,0,true
2016-10-23,10,22:00,22,2,NE,0.5909090909090909,0,true
2016-10-23,10,23:00,24,3,NE,0.5416666666666666,2,true
2016-10-24,10,20:00,18,2,N,0.6666666666666666,0,true
2016-10-24,10,21:00,20,2,N,0.7,0,true
2016-10-24,10,22:00,22,2,N,0.7272727272727273,0,true
2016-10-24,10,23:00,24,2,N,0.75,0,true
2016-10-25,10,20:00,18,3,N,0.5,0,true
2016-10-25,10,21:00,20,3,N,0.55,0,true
2016-10-25,10,22:00,22,3,N,0.5909090909090909,0,true
2016-10-25,10,23:00,24,3,N,0.625,0,true
2016-10-26,10,20:00,17,2,N,0.7647058823529411,0,true
2016-10-26,10,21:00,19,2,N,0.7894736842105263,0,true
2016-10-26,10,22:00,20,2,N,0.8,0,true
2016-10-26,10,23:00,22,2,N,0.8181818181818182,0,true
2016-10-27,10,20:00,18,3,N,0.5555555555555556,0,true
2016-10-27,10,21:00,20,3,N,0.6,0,true
2016-10-27,10,22:00,22,3,N,0.6363636363636364,0,true
2016-10-27,10,23:00,24,3,N,0.6666666666666666,0,true
2016-10-28,10,20:00,18,1,N,1.0,0,false
2016-10-28,10,21:00,20,1,N,1.0,0,false
2016-10-28,10,22:00,22,1,N,1.0,0,false
2016-10-28,10,23:00,24,1,N,1.0,0,false
2016-10-29,10,20:00,18,3,S,0.8888888888888888,16,true
2016-10-29,10,21:00,20,3,S,0.9,18,true
2016-10-29,10,22:00,22,3,S,0.9090909090909091,20,true
2016-10-29,10,23:00,24,3,S,0.9166666666666666,22,true
2016-10-30,10,20:00,18,2,S,0.9444444444444444,18,true
2016-10-30,10,21:00,20,2,S,0.95,20,true
2016-10-30,10,22:00,22,2,S,0.9545454545454546,22,true
2016-10-30,10,23:00,24,2,S,0.9583333333333334,24,true
2016-10-31,10,20:00,18,3,NE,0.6111111111111112,0,true
2016-10-31,10,21:00,20,3,NE,0.65,0,true
2016-10-31,10,22:00,22,4,NE,0.5909090909090909,2,true
2016-10-31,10,23:00,24,4,NE,0.5416666666666666,4,true
2016-11-01,11,20:00,18,2,N,0.5555555555555556,0,true
2016-11-01,11,21:00,20,2,N,0.6,0,true
2016-11-01,11,22:00,22,2,N,0.6363636363636364,0,true
2016-11-01,11,23:00,24,2,N,0.6666666666666666,0,true
2016-11-02,11,20:00,18,3,N,0.8888888888888888,0,true
2016-11-02,11,21:00,20,3,N,0.9,0,true
2016-11-02,11,22:00,22,3,N,0.9090909090909091,0,true
2016-11-02,11,23:00,24,3,N,0.9166666666666666,0,true
2016-11-03,11,20:00,18,3,N,0.7222222222222222,0,true
2016-11-03,11,21:00,20,3,N,0.75,0,true
2016-11-03,11,22:00,22,3,N,0.7727272727272727,0,true
2016-11-03,11,23:00,24,3,N,0.7916666666666666,0,true
2016-11-04,11,20:00,18,2,S,0.8333333333333334,15,true
2016-11-04,11,21:00,20,2,S,0.85,17,true
2016-11-04,11,22:00,22,2,S,0.8636363636363636,19,true
2016-11-04,11,23:00,24,2,S,0.875,21,true
2016-11-05,11,20:00,18,2,N,0.7222222222222222,0,true
2016-11-05,11,21:00,20,3,N,0.65,0,true
2016-11-05,11,22:00,22,3,N,0.6818181818181818,0,true
2016-11-05,11,23:00,24,3,N,0.6666666666666666,0,true
2016-11-06,11,20:00,16,1,N,1.0,0,false
2016-11-06,11,21:00,18,1,N,1.0,0,false
2016-11-06,11,22:00,18,1,N,1.0,0,false
2016-11-06,11,23:00,20,1,N,1.0,0,false
2016-11-07,11,20:00,18,2,N,0.8888888888888888,0,true
2016-11-07,11,21:00,20,2,N,0.85,0,true
2016-11-07,11,22:00,22,4,N,0.7727272727272727,1,true
2016-11-07,11,23:00,24,4,N,0.7083333333333334,3,true
2016-11-08,11,20:00,18,1,S,1.0,18,false
2016-11-08,11,21:00,20,1,S,1.0,20,false
2016-11-08,11,22:00,22,1,S,1.0,22,false
2016-11-08,11,23:00,24,1,S,1.0,24,false
2016-11-09,11,20:00,18,2,N,0.9444444444444444,0,true
2016-11-09,11,21:00,20,2,N,0.95,0,true
2016-11-09,11,22:00,22,2,N,0.9545454545454546,0,true
2016-11-09,11,23:00,24,2,N,0.9583333333333334,0,true
2016-11-10,11,20:00,18,5,S,0.3888888888888889,12,true
2016-11-10,11,21:00,20,5,S,0.35,12,true
2016-11-10,11,22:00,22,5,N,0.3181818181818182,12,true
2016-11-10,11,23:00,24,5,N,0.375,12,true
2016-11-11,11,20:00,18,2,N,0.6666666666666666,0,true
2016-11-11,11,21:00,20,2,N,0.65,0,true
2016-11-11,11,22:00,22,2,N,0.6818181818181818,0,true
2016-11-11,11,23:00,24,2,N,0.7083333333333334,0,true
2016-11-12,11,20:00,18,3,S,0.6111111111111112,11,true
2016-11-12,11,21:00,20,3,S,0.65,13,true
2016-11-12,11,22:00,21,3,S,0.6666666666666666,14,true
2016-11-12,11,23:00,23,3,S,0.6956521739130435,16,true
2016-11-13,11,20:00,18,2,S,0.9444444444444444,18,true
2016-11-13,11,21:00,20,2,S,0.95,20,true
2016-11-13,11,22:00,22,3,S,0.9090909090909091,21,true
2016-11-13,11,23:00,24,4,S,0.8333333333333334,21,true
2016-11-14,11,20:00,18,1,N,1.0,0,false
2016-11-14,11,21:00,20,1,N,1.0,0,false
2016-11-14,11,22:00,22,1,N,1.0,0,false
2016-11-14,11,23:00,24,1,N,1.0,0,false
2016-11-15,11,20:00,13,1,N,1.0,0,false
2016-11-15,11,21:00,15,1,N,1.0,0,false
2016-11-15,11,22:00,17,1,N,1.0,0,false
2016-11-15,11,23:00,19,1,N,1.0,0,false
2016-11-16,11,20:00,16,1,N,1.0,0,false
2016-11-16,11,21:00,18,1,N,1.0,0,false
2016-11-16,11,22:00,20,1,N,1.0,0,false
2016-11-16,11,23:00,22,1,N,1.0,0,false
2016-11-17,11,20:00,18,2,N,0.5555555555555556,0,true
2016-11-17,11,21:00,20,2,N,0.6,0,true
2016-11-17,11,22:00,22,4,N,0.5454545454545454,1,true
2016-11-17,11,23:00,24,5,N,0.5,3,true
2016-11-18,11,20:00,14,1,S,1.0,14,false
2016-11-18,11,21:00,16,1,S,1.0,16,false
2016-11-18,11,22:00,18,1,S,1.0,18,false
2016-11-18,11,23:00,20,1,S,1.0,20,false
2016-11-19,11,20:00,18,2,N,0.9444444444444444,0,true
2016-11-19,11,21:00,20,2,N,0.95,0,true
2016-11-19,11,22:00,22,2,N,0.9090909090909091,0,true
2016-11-19,11,23:00,24,2,N,0.9166666666666666,0,true
2016-11-20,11,20:00,18,2,N,0.8333333333333334,0,true
2016-11-20,11,21:00,20,3,N,0.8,1,true
2016-11-20,11,22:00,22,4,N,0.7272727272727273,2,true
2016-11-20,11,23:00,24,5,N,0.6666666666666666,4,true
2016-11-21,11,20:00,18,2,N,0.7777777777777778,0,true
2016-11-21,11,21:00,20,2,N,0.8,0,true
2016-11-21,11,22:00,22,2,N,0.8181818181818182,0,true
2016-11-21,11,23:00,24,2,N,0.8333333333333334,0,true
2016-11-22,11,20:00,18,1,N,1.0,0,false
2016-11-22,11,21:00,20,1,N,1.0,0,false
2016-11-22,11,22:00,22,1,N,1.0,0,false
2016-11-22,11,23:00,24,1,N,1.0,0,false
2016-11-23,11,20:00,18,1,N,1.0,0,false
2016-11-23,11,21:00,20,2,N,0.95,0,true
2016-11-23,11,22:00,22,2,N,0.9545454545454546,0,true
2016-11-23,11,23:00,24,2,N,0.9583333333333334,0,true
2016-11-24,11,20:00,18,1,N,1.0,0,false
2016-11-24,11,21:00,20,1,N,1.0,0,false
2016-11-24,11,22:00,22,1,N,1.0,0,false
2016-11-24,11,23:00,24,1,N,1.0,0,false
2016-11-25,11,20:00,18,2,N,0.8333333333333334,0,true
2016-11-25,11,21:00,20,2,N,0.85,0,true
2016-11-25,11,22:00,22,2,N,0.8636363636363636,0,true
2016-11-25,11,23:00,24,2,N,0.875,0,true
2016-11-26,11,20:00,18,2,N,0.8888888888888888,0,true
2016-11-26,11,21:00,20,2,N,0.9,0,true
2016-11-26,11,22:00,22,2,N,0.9090909090909091,0,true
2016-11-26,11,23:00,24,2,N,0.9166666666666666,0,true
2016-11-27,11,20:00,18,2,N,0.8333333333333334,0,true
2016-11-27,11,21:00,20,2,N,0.8,0,true
2016-11-27,11,22:00,22,2,N,0.8181818181818182,0,true
2016-11-27,11,23:00,24,2,N,0.8333333333333334,0,true
2016-11-28,11,20:00,18,4,NW,0.5555555555555556,0,true
2016-11-28,11,21:00,20,4,NW,0.55,0,true
2016-11-28,11,22:00,22,4,NW,0.5454545454545454,0,true
2016-11-28,11,23:00,24,4,NW,0.5833333333333334,0,true
2016-11-29,11,20:00,18,1,N,1.0,0,false
2016-11-29,11,21:00,20,1,N,1.0,0,false
2016-11-29,11,22:00,22,1,N,1.0,0,false
2016-11-29,11,23:00,24,1,N,1.0,0,false
2016-11-30,11,20:00,8,3,NW,0.5,4,true
2016-11-30,11,21:00,10,3,NW,0.4,6,true
2016-11-30,11,22:00,12,3,S,0.5,8,true
2016-11-30,11,23:00,14,3,S,0.5,10,true
2016-12-01,12,20:00,14,3,SE,0.7857142857142857,14,true
2016-12-01,12,21:00,16,3,SE,0.6875,16,true
2016-12-01,12,22:00,18,3,SE,0.6111111111111112,18,true
2016-12-01,12,23:00,20,3,SE,0.55,20,true
2016-12-02,12,20:00,18,3,NE,0.6666666666666666,0,true
2016-12-02,12,21:00,20,3,NE,0.6,0,true
2016-12-02,12,22:00,22,4,NE,0.5454545454545454,1,true
2016-12-02,12,23:00,24,5,NE,0.5,3,true
2016-12-03,12,20:00,18,4,N,0.3333333333333333,2,true
2016-12-03,12,21:00,20,4,N,0.4,2,true
2016-12-03,12,22:00,22,4,N,0.45454545454545453,2,true
2016-12-03,12,23:00,24,4,N,0.5,2,true
2016-12-04,12,20:00,18,1,N,1.0,0,false
2016-12-04,12,21:00,20,2,N,0.95,0,true
2016-12-04,12,22:00,22,3,N,0.8636363636363636,2,true
2016-12-04,12,23:00,24,3,N,0.7916666666666666,4,true
2016-12-05,12,20:00,18,2,S,0.6666666666666666,18,true
2016-12-05,12,21:00,20,2,S,0.7,20,true
2016-12-05,12,22:00,22,2,S,0.6818181818181818,22,true
2016-12-05,12,23:00,24,2,S,0.7083333333333334,24,true
2016-12-06,12,20:00,18,1,N,1.0,0,false
2016-12-06,12,21:00,20,1,N,1.0,0,false
2016-12-06,12,22:00,22,1,N,1.0,0,false
2016-12-06,12,23:00,24,1,N,1.0,0,false
2016-12-07,12,20:00,18,1,N,1.0,0,false
2016-12-07,12,21:00,20,1,N,1.0,0,false
2016-12-07,12,22:00,22,1,N,1.0,0,false
2016-12-07,12,23:00,24,1,N,1.0,0,false
2016-12-08,12,20:00,17,3,N,0.8235294117647058,0,true
2016-12-08,12,21:00,18,3,N,0.8333333333333334,0,true
2016-12-08,12,22:00,18,3,N,0.8333333333333334,0,true
2016-12-08,12,23:00,18,3,N,0.8333333333333334,0,true
2016-12-09,12,20:00,17,1,S,1.0,17,false
2016-12-09,12,21:00,19,1,S,1.0,19,false
2016-12-09,12,22:00,21,1,S,1.0,21,false
2016-12-09,12,23:00,23,2,S,0.9565217391304348,23,true
2016-12-10,12,20:00,18,1,N,1.0,0,false
2016-12-10,12,21:00,20,1,N,1.0,0,false
2016-12-10,12,22:00,22,1,N,1.0,0,false
2016-12-10,12,23:00,24,1,N,1.0,0,false
2016-12-11,12,20:00,17,6,N,0.4117647058823529,8,true
2016-12-11,12,21:00,19,6,N,0.3684210526315789,10,true
2016-12-11,12,22:00,21,6,S,0.42857142857142855,12,true
2016-12-11,12,23:00,23,6,S,0.4782608695652174,14,true
2016-12-12,12,20:00,18,5,N,0.6111111111111112,2,true
2016-12-12,12,21:00,20,5,N,0.65,2,true
2016-12-12,12,22:00,21,5,N,0.6666666666666666,2,true
2016-12-12,12,23:00,22,5,N,0.6818181818181818,2,true
2016-12-13,12,20:00,18,2,S,0.8888888888888888,18,true
2016-12-13,12,21:00,20,3,S,0.8,20,true
2016-12-13,12,22:00,22,5,S,0.7272727272727273,20,true
2016-12-13,12,23:00,24,6,S,0.6666666666666666,20,true
2016-12-14,12,20:00,18,2,N,0.8888888888888888,0,true
2016-12-14,12,21:00,20,2,N,0.9,0,true
2016-12-14,12,22:00,22,2,N,0.9090909090909091,0,true
2016-12-14,12,23:00,24,2,N,0.9166666666666666,0,true
2016-12-15,12,20:00,18,2,N,0.8888888888888888,0,true
2016-12-15,12,21:00,20,2,N,0.9,0,true
2016-12-15,12,22:00,22,2,N,0.8636363636363636,0,true
2016-12-15,12,23:00,24,2,N,0.7916666666666666,0,true
2016-12-16,12,20:00,18,3,N,0.5555555555555556,0,true
2016-12-16,12,21:00,20,3,N,0.55,0,true
2016-12-16,12,22:00,22,3,N,0.5909090909090909,0,true
2016-12-16,12,23:00,24,3,N,0.625,0,true
2016-12-17,12,20:00,18,1,N,1.0,0,false
2016-12-17,12,21:00,20,1,N,1.0,0,false
2016-12-17,12,22:00,22,1,N,1.0,0,false
2016-12-17,12,23:00,24,1,N,1.0,0,false
2016-12-18,12,20:00,18,1,N,1.0,0,false
2016-12-18,12,21:00,20,1,N,1.0,0,false
2016-12-18,12,22:00,22,1,N,1.0,0,false
2016-12-18,12,23:00,24,1,N,1.0,0,false
2016-12-19,12,20:00,18,2,N,0.8888888888888888,0,true
2016-12-19,12,21:00,20,2,N,0.9,0,true
2016-12-19,12,22:00,22,2,N,0.9090909090909091,0,true
2016-12-19,12,23:00,24,2,N,0.875,0,true
2016-12-20,12,20:00,17,2,NE,0.6470588235294118,0,true
2016-12-20,12,21:00,19,2,NE,0.5789473684210527,0,true
2016-12-20,12,22:00,21,3,NE,0.5238095238095238,1,true
2016-12-20,12,23:00,23,3,NE,0.4782608695652174,3,true
2016-12-21,12,20:00,18,2,N,0.9444444444444444,0,true
2016-12-21,12,21:00,20,2,N,0.95,0,true
2016-12-21,12,22:00,22,2,N,0.9545454545454546,0,true
2016-12-21,12,23:00,24,2,N,0.9583333333333334,0,true
2016-12-22,12,20:00,18,1,N,1.0,0,false
2016-12-22,12,21:00,20,1,N,1.0,0,false
2016-12-22,12,22:00,22,1,N,1.0,0,false
2016-12-22,12,23:00,24,1,N,1.0,0,false
2016-12-23,12,20:00,17,7,S,0.29411764705882354,8,true
2016-12-23,12,21:00,18,7,S,0.2777777777777778,9,true
2016-12-23,12,22:00,20,7,S,0.3,11,true
2016-12-23,12,23:00,22,7,S,0.36363636363636365,13,true
2016-12-24,12,20:00,18,2,S,0.8333333333333334,18,true
2016-12-24,12,21:00,20,2,S,0.85,20,true
2016-12-24,12,22:00,22,2,S,0.8636363636363636,22,true
2016-12-24,12,23:00,24,2,S,0.875,24,true
2016-12-25,12,20:00,18,6,N,0.5555555555555556,2,true
2016-12-25,12,21:00,20,6,N,0.5,3,true
2016-12-25,12,22:00,22,6,N,0.45454545454545453,4,true
2016-12-25,12,23:00,24,6,N,0.4166666666666667,6,true
2016-12-26,12,20:00,18,4,S,0.4444444444444444,8,true
2016-12-26,12,21:00,20,4,N,0.4,8,true
2016-12-26,12,22:00,22,4,N,0.45454545454545453,8,true
2016-12-26,12,23:00,24,4,N,0.5,8,true
2016-12-27,12,20:00,18,1,N,1.0,0,false
2016-12-27,12,21:00,20,1,N,1.0,0,false
2016-12-27,12,22:00,22,1,N,1.0,0,false
2016-12-27,12,23:00,24,1,N,1.0,0,false
2016-12-28,12,20:00,18,6,SW,0.3333333333333333,10,true
2016-12-28,12,21:00,20,6,SW,0.4,12,true
2016-12-28,12,22:00,22,6,SW,0.4090909090909091,13,true
2016-12-28,12,23:00,24,6,SW,0.375,13,true
2016-12-29,12,20:00,17,5,N,0.7058823529411765,4,true
2016-12-29,12,21:00,19,5,N,0.631578947368421,6,true
2016-12-29,12,22:00,21,5,N,0.5714285714285714,8,true
2016-12-29,12,23:00,22,5,N,0.5454545454545454,9,true
2016-12-30,12,20:00,18,5,N,0.2777777777777778,7,true
2016-12-30,12,21:00,20,5,N,0.3,7,true
2016-12-30,12,22:00,22,6,N,0.2727272727272727,8,true
2016-12-30,12,23:00,24,6,S,0.3333333333333333,10,true
2016-12-31,12,20:00,18,2,NE,0.7222222222222222,0,true
2016-12-31,12,21:00,20,2,NE,0.65,0,true
2016-12-31,12,22:00,22,2,NE,0.5909090909090909,0,true
2016-12-31,12,23:00,24,2,NE,0.5416666666666666,0,true
2017-01-01,1,20:00,17,2,N,0.8823529411764706,0,true
2017-01-01,1,21:00,19,2,N,0.8947368421052632,0,true
2017-01-01,1,22:00,21,2,N,0.9047619047619048,0,true
2017-01-01,1,23:00,23,2,N,0.9130434782608695,0,true
2017-01-02,1,20:00,16,3,N,0.75,3,true
2017-01-02,1,21:00,18,3,N,0.6666666666666666,5,true
2017-01-02,1,22:00,20,3,N,0.6,7,true
2017-01-02,1,23:00,22,3,N,0.5454545454545454,9,true
2017-01-03,1,20:00,14,6,SW,0.35714285714285715,8,true
2017-01-03,1,21:00,16,7,SW,0.3125,8,true
2017-01-03,1,22:00,18,7,N,0.2777777777777778,8,true
2017-01-03,1,23:00,20,7,N,0.35,8,true
2017-01-04,1,20:00,18,4,N,0.6111111111111112,6,true
2017-01-04,1,21:00,20,4,N,0.55,8,true
2017-01-04,1,22:00,22,4,N,0.5,10,true
2017-01-04,1,23:00,24,4,N,0.4583333333333333,12,true
2017-01-05,1,20:00,18,2,SW,0.7777777777777778,18,true
2017-01-05,1,21:00,20,2,SW,0.7,20,true
2017-01-05,1,22:00,22,2,SW,0.6363636363636364,22,true
2017-01-05,1,23:00,24,2,SW,0.5833333333333334,24,true
2017-01-06,1,20:00,18,2,N,0.7777777777777778,0,true
2017-01-06,1,21:00,20,2,N,0.8,0,true
2017-01-06,1,22:00,22,2,N,0.8181818181818182,0,true
2017-01-06,1,23:00,24,2,N,0.8333333333333334,0,true
2017-01-07,1,20:00,18,6,S,0.6666666666666666,14,true
2017-01-07,1,21:00,20,6,S,0.65,15,true
2017-01-07,1,22:00,22,6,S,0.5909090909090909,15,true
2017-01-07,1,23:00,24,6,S,0.5833333333333334,16,true
2017-01-08,1,20:00,15,4,N,0.3333333333333333,7,true
2017-01-08,1,21:00,17,4,N,0.29411764705882354,9,true
2017-01-08,1,22:00,19,4,S,0.3157894736842105,11,true
2017-01-08,1,23:00,21,4,S,0.38095238095238093,13,true
2017-01-09,1,20:00,18,5,NE,0.5,6,true
2017-01-09,1,21:00,20,6,NE,0.45,8,true
2017-01-09,1,22:00,22,6,NE,0.4090909090909091,10,true
2017-01-09,1,23:00,24,6,NE,0.375,12,true
2017-01-10,1,20:00,18,2,N,0.9444444444444444,0,true
2017-01-10,1,21:00,20,4,N,0.85,1,true
2017-01-10,1,22:00,22,5,N,0.7727272727272727,3,true
2017-01-10,1,23:00,24,5,N,0.7083333333333334,5,true
2017-01-11,1,20:00,18,1,N,1.0,0,false
2017-01-11,1,21:00,20,1,N,1.0,0,false
2017-01-11,1,22:00,22,1,N,1.0,0,false
2017-01-11,1,23:00,24,1,N,1.0,0,false
2017-01-12,1,20:00,18,1,N,1.0,0,false
2017-01-12,1,21:00,20,1,N,1.0,0,false
2017-01-12,1,22:00,22,1,N,1.0,0,false
2017-01-12,1,23:00,24,1,N,1.0,0,false
2017-01-13,1,20:00,18,5,N,0.4444444444444444,1,true
2017-01-13,1,21:00,20,5,N,0.45,1,true
2017-01-13,1,22:00,22,5,N,0.4090909090909091,1,true
2017-01-13,1,23:00,24,5,N,0.4583333333333333,1,true
2017-01-14,1,20:00,18,3,N,0.7777777777777778,0,true
2017-01-14,1,21:00,20,3,N,0.8,0,true
2017-01-14,1,22:00,22,3,N,0.8181818181818182,0,true
2017-01-14,1,23:00,24,3,N,0.8333333333333334,0,true
2017-01-15,1,20:00,15,1,N,1.0,0,false
2017-01-15,1,21:00,17,1,N,1.0,0,false
2017-01-15,1,22:00,19,1,N,1.0,0,false
2017-01-15,1,23:00,21,1,N,1.0,0,false
2017-01-16,1,20:00,18,2,N,0.6111111111111112,0,true
2017-01-16,1,21:00,20,2,N,0.65,0,true
2017-01-16,1,22:00,22,2,N,0.6818181818181818,0,true
2017-01-16,1,23:00,24,2,N,0.7083333333333334,0,true
2017-01-17,1,20:00,18,2,N,0.6111111111111112,0,true
2017-01-17,1,21:00,20,3,N,0.6,0,true
2017-01-17,1,22:00,22,3,N,0.5909090909090909,0,true
2017-01-17,1,23:00,24,3,N,0.625,0,true
2017-01-18,1,20:00,18,2,N,0.6666666666666666,0,true
2017-01-18,1,21:00,20,2,N,0.7,0,true
2017-01-18,1,22:00,22,2,N,0.7272727272727273,0,true
2017-01-18,1,23:00,24,2,N,0.75,0,true
2017-01-19,1,20:00,16,1,N,1.0,0,false
2017-01-19,1,21:00,17,1,N,1.0,0,false
2017-01-19,1,22:00,19,1,N,1.0,0,false
2017-01-19,1,23:00,21,1,N,1.0,0,false
2017-01-20,1,20:00,14,2,S,0.7142857142857143,14,true
2017-01-20,1,21:00,16,2,S,0.75,16,true
2017-01-20,1,22:00,18,2,S,0.7777777777777778,18,true
2017-01-20,1,23:00,20,2,S,0.8,20,true
2017-01-21,1,20:00,18,2,N,0.7777777777777778,0,true
2017-01-21,1,21:00,20,2,N,0.8,0,true
2017-01-21,1,22:00,22,2,N,0.8181818181818182,0,true
2017-01-21,1,23:00,24,2,N,0.8333333333333334,0,true
2017-01-22,1,20:00,17,2,N,0.7058823529411765,0,true
2017-01-22,1,21:00,19,2,N,0.7368421052631579,0,true
2017-01-22,1,22:00,21,2,N,0.7619047619047619,0,true
2017-01-22,1,23:00,23,2,N,0.782608695652174,0,true
2017-01-23,1,20:00,18,4,NE,0.5555555555555556,3,true
2017-01-23,1,21:00,20,4,NE,0.5,3,true
2017-01-23,1,22:00,22,4,NE,0.5,3,true
2017-01-23,1,23:00,24,4,NE,0.4583333333333333,3,true
2017-01-24,1,20:00,18,3,N,0.8333333333333334,0,true
2017-01-24,1,21:00,20,3,N,0.85,0,true
2017-01-24,1,22:00,22,3,N,0.8636363636363636,0,true
2017-01-24,1,23:00,24,3,N,0.875,0,true
2017-01-25,1,20:00,18,2,N,0.9444444444444444,0,true
2017-01-25,1,21:00,20,2,N,0.95,0,true
2017-01-25,1,22:00,21,2,N,0.9523809523809523,0,true
2017-01-25,1,23:00,21,2,N,0.9523809523809523,0,true
2017-01-26,1,20:00,18,2,NE,0.6111111111111112,0,true
2017-01-26,1,21:00,19,2,NE,0.5789473684210527,0,true
2017-01-26,1,22:00,21,2,NE,0.5238095238095238,0,true
2017-01-26,1,23:00,23,2,N,0.5217391304347826,0,true
2017-01-27,1,20:00,18,1,N,1.0,0,false
2017-01-27,1,21:00,20,1,N,1.0,0,false
2017-01-27,1,22:00,22,1,N,1.0,0,false
2017-01-27,1,23:00,24,1,N,1.0,0,false
2017-01-28,1,20:00,18,6,S,0.4444444444444444,12,true
2017-01-28,1,21:00,20,6,S,0.4,12,true
2017-01-28,1,22:00,22,6,S,0.36363636363636365,12,true
2017-01-28,1,23:00,24,7,S,0.375,13,true
2017-01-29,1,20:00,18,1,N,1.0,0,false
2017-01-29,1,21:00,20,1,N,1.0,0,false
2017-01-29,1,22:00,22,1,N,1.0,0,false
2017-01-29,1,23:00,24,1,N,1.0,0,false
2017-01-30,1,20:00,18,3,S,0.3888888888888889,12,true
2017-01-30,1,21:00,20,3,S,0.45,14,true
2017-01-30,1,22:00,22,3,S,0.45454545454545453,16,true
2017-01-30,1,23:00,24,3,S,0.4583333333333333,18,true
2017-01-31,1,20:00,18,1,N,1.0,0,false
2017-01-31,1,21:00,20,1,N,1.0,0,false
2017-01-31,1,22:00,22,1,N,1.0,0,false
2017-01-31,1,23:00,24,1,N,1.0,0,false
2017-02-01,2,20:00,18,1,N,1.0,0,false
2017-02-01,2,21:00,20,1,N,1.0,0,false
2017-02-01,2,22:00,22,1,N,1.0,0,false
2017-02-01,2,23:00,24,1,N,1.0,0,false
2017-02-02,2,20:00,18,5,N,0.4444444444444444,8,true
2017-02-02,2,21:00,20,5,N,0.45,8,true
2017-02-02,2,22:00,22,5,N,0.5,8,true
2017-02-02,2,23:00,24,5,N,0.5416666666666666,8,true
2017-02-03,2,20:00,18,1,N,1.0,0,false
2017-02-03,2,21:00,20,1,N,1.0,0,false
2017-02-03,2,22:00,22,1,N,1.0,0,false
2017-02-03,2,23:00,24,1,N,1.0,0,false
2017-02-04,2,20:00,18,2,N,0.8888888888888888,0,true
2017-02-04,2,21:00,20,2,N,0.9,0,true
2017-02-04,2,22:00,22,2,N,0.9090909090909091,0,true
2017-02-04,2,23:00,24,2,N,0.9166666666666666,0,true
2017-02-05,2,20:00,18,1,N,1.0,0,false
2017-02-05,2,21:00,20,1,N,1.0,0,false
2017-02-05,2,22:00,22,1,N,1.0,0,false
2017-02-05,2,23:00,24,1,N,1.0,0,false
2017-02-06,2,20:00,18,1,N,1.0,0,false
2017-02-06,2,21:00,20,1,N,1.0,0,false
2017-02-06,2,22:00,22,1,N,1.0,0,false
2017-02-06,2,23:00,24,1,N,1.0,0,false
2017-02-07,2,20:00,18,4,N,0.6111111111111112,4,true
2017-02-07,2,21:00,20,4,N,0.55,6,true
2017-02-07,2,22:00,22,4,N,0.5,8,true
2017-02-07,2,23:00,24,4,N,0.4583333333333333,10,true
2017-02-08,2,20:00,18,2,SE,0.5555555555555556,18,true
2017-02-08,2,21:00,20,2,S,0.5,20,true
2017-02-08,2,22:00,22,2,S,0.5454545454545454,22,true
2017-02-08,2,23:00,24,2,S,0.5833333333333334,24,true
2017-02-09,2,20:00,18,2,SE,0.6666666666666666,18,true
2017-02-09,2,21:00,20,2,SE,0.7,20,true
2017-02-09,2,22:00,22,2,SE,0.7272727272727273,22,true
2017-02-09,2,23:00,24,2,SE,0.75,24,true
2017-02-10,2,20:00,18,3,N,0.6111111111111112,0,true
2017-02-10,2,21:00,20,3,N,0.6,0,true
2017-02-10,2,22:00,22,3,N,0.6363636363636364,0,true
2017-02-10,2,23:00,24,3,N,0.6666666666666666,0,true
2017-02-11,2,20:00,18,2,NE,0.6111111111111112,0,true
2017-02-11,2,21:00,20,3,NE,0.55,0,true
2017-02-11,2,22:00,22,5,NE,0.5,2,true
2017-02-11,2,23:00,24,5,NE,0.4583333333333333,4,true
2017-02-12,2,20:00,18,1,N,1.0,0,false
2017-02-12,2,21:00,20,1,N,1.0,0,false
2017-02-12,2,22:00,22,1,N,1.0,0,false
2017-02-12,2,23:00,24,1,N,1.0,0,false
2017-02-13,2,20:00,7,2,N,0.8571428571428571,0,true
2017-02-13,2,21:00,7,2,N,0.8571428571428571,0,true
2017-02-13,2,22:00,8,2,N,0.875,0,true
2017-02-13,2,23:00,10,2,N,0.9,0,true
2017-02-14,2,20:00,16,2,N,0.5625,0,true
2017-02-14,2,21:00,18,2,N,0.6111111111111112,0,true
2017-02-14,2,22:00,20,2,N,0.65,0,true
2017-02-14,2,23:00,22,2,N,0.6363636363636364,0,true
2017-02-15,2,20:00,18,2,N,0.8888888888888888,0,true
2017-02-15,2,21:00,20,2,N,0.9,0,true
2017-02-15,2,22:00,22,2,N,0.9090909090909091,0,true
2017-02-15,2,23:00,24,2,N,0.9166666666666666,0,true
2017-02-16,2,20:00,18,2,NE,0.8888888888888888,0,true
2017-02-16,2,21:00,20,4,NE,0.8,1,true
2017-02-16,2,22:00,22,5,NE,0.7272727272727273,3,true
2017-02-16,2,23:00,24,5,NE,0.6666666666666666,5,true
2017-02-17,2,20:00,18,6,S,0.3888888888888889,8,true
2017-02-17,2,21:00,20,7,S,0.4,10,true
2017-02-17,2,22:00,22,7,S,0.45454545454545453,12,true
2017-02-17,2,23:00,24,7,S,0.4166666666666667,14,true
2017-02-18,2,20:00,18,5,S,0.3888888888888889,13,true
2017-02-18,2,21:00,20,5,S,0.45,15,true
2017-02-18,2,22:00,21,5,S,0.47619047619047616,16,true
2017-02-18,2,23:00,23,5,S,0.5217391304347826,18,true
2017-02-19,2,20:00,18,6,N,0.3333333333333333,10,true
2017-02-19,2,21:00,20,6,N,0.4,10,true
2017-02-19,2,22:00,22,7,N,0.36363636363636365,10,true
2017-02-19,2,23:00,24,7,N,0.3333333333333333,12,true
2017-02-20,2,20:00,18,6,N,0.4444444444444444,3,true
2017-02-20,2,21:00,20,6,N,0.5,3,true
2017-02-20,2,22:00,22,6,N,0.5454545454545454,3,true
2017-02-20,2,23:00,24,6,N,0.5833333333333334,3,true
2017-02-21,2,20:00,18,2,N,0.8333333333333334,0,true
2017-02-21,2,21:00,20,2,N,0.85,0,true
2017-02-21,2,22:00,22,2,N,0.8636363636363636,0,true
2017-02-21,2,23:00,24,2,N,0.875,0,true
2017-02-22,2,20:00,18,2,N,0.9444444444444444,0,true
2017-02-22,2,21:00,20,2,N,0.95,0,true
2017-02-22,2,22:00,22,2,N,0.9545454545454546,0,true
2017-02-22,2,23:00,24,2,N,0.9583333333333334,0,true
2017-02-23,2,20:00,18,2,S,0.6666666666666666,18,true
2017-02-23,2,21:00,20,2,S,0.7,20,true
2017-02-23,2,22:00,22,2,S,0.7272727272727273,22,true
2017-02-23,2,23:00,24,2,S,0.75,24,true
2017-02-24,2,20:00,18,2,S,0.7222222222222222,18,true
2017-02-24,2,21:00,20,2,S,0.75,20,true
2017-02-24,2,22:00,22,2,S,0.7727272727272727,22,true
2017-02-24,2,23:00,24,2,S,0.7916666666666666,24,true
2017-02-25,2,20:00,18,2,N,0.7222222222222222,0,true
2017-02-25,2,21:00,20,2,N,0.75,0,true
2017-02-25,2,22:00,22,2,N,0.7727272727272727,0,true
2017-02-25,2,23:00,24,2,N,0.7916666666666666,0,true
2017-02-26,2,20:00,18,6,N,0.5555555555555556,2,true
2017-02-26,2,21:00,20,6,N,0.5,4,true
2017-02-26,2,22:00,22,6,N,0.45454545454545453,6,true
2017-02-26,2,23:00,24,6,N,0.4166666666666667,8,true
2017-02-27,2,20:00,18,4,S,0.4444444444444444,15,true
2017-02-27,2,21:00,20,4,S,0.5,17,true
2017-02-27,2,22:00,22,5,S,0.5,19,true
2017-02-27,2,23:00,24,5,S,0.5416666666666666,21,true
2017-02-28,2,20:00,18,5,NE,0.3333333333333333,3,true
2017-02-28,2,21:00,20,6,N,0.3,4,true
2017-02-28,2,22:00,22,6,N,0.2727272727272727,6,true
2017-02-28,2,23:00,24,6,N,0.25,8,true
2017-03-01,3,20:00,18,2,N,0.7777777777777778,0,true
2017-03-01,3,21:00,20,2,N,0.8,0,true
2017-03-01,3,22:00,22,2,N,0.8181818181818182,0,true
2017-03-01,3,23:00,24,2,N,0.8333333333333334,0,true
2017-03-02,3,20:00,18,2,S,0.5,18,true
2017-03-02,3,21:00,20,2,S,0.55,20,true
2017-03-02,3,22:00,22,2,S,0.5454545454545454,22,true
2017-03-02,3,23:00,24,2,S,0.5416666666666666,24,true
2017-03-03,3,20:00,18,5,N,0.5,1,true
2017-03-03,3,21:00,20,5,N,0.55,1,true
2017-03-03,3,22:00,22,5,N,0.5909090909090909,1,true
2017-03-03,3,23:00,24,5,N,0.625,1,true
2017-03-04,3,20:00,18,3,N,0.5,5,true
2017-03-04,3,21:00,20,3,N,0.45,7,true
2017-03-04,3,22:00,22,3,N,0.4090909090909091,9,true
2017-03-04,3,23:00,24,3,S,0.4583333333333333,11,true
2017-03-05,3,20:00,18,1,N,1.0,0,false
2017-03-05,3,21:00,20,1,N,1.0,0,false
2017-03-05,3,22:00,22,1,N,1.0,0,false
2017-03-05,3,23:00,24,1,N,1.0,0,false
2017-03-06,3,20:00,18,1,N,1.0,0,false
2017-03-06,3,21:00,20,1,N,1.0,0,false
2017-03-06,3,22:00,22,1,N,1.0,0,false
2017-03-06,3,23:00,24,1,N,1.0,0,false
2017-03-07,3,20:00,18,1,N,1.0,0,false
2017-03-07,3,21:00,20,1,N,1.0,0,false
2017-03-07,3,22:00,22,2,N,0.9545454545454546,0,true
2017-03-07,3,23:00,24,2,N,0.9583333333333334,0,true
2017-03-08,3,20:00,18,1,S,1.0,18,false
2017-03-08,3,21:00,20,1,S,1.0,20,false
2017-03-08,3,22:00,22,1,S,1.0,22,false
2017-03-08,3,23:00,24,1,S,1.0,24,false
2017-03-09,3,20:00,18,1,SE,1.0,18,false
2017-03-09,3,21:00,20,1,SE,1.0,20,false
2017-03-09,3,22:00,22,1,SE,1.0,22,false
2017-03-09,3,23:00,24,2,SE,0.9583333333333334,24,true
2017-03-10,3,20:00,18,4,NE,0.2777777777777778,13,true
2017-03-10,3,21:00,20,6,NE,0.25,13,true
2017-03-10,3,22:00,22,6,SW,0.2727272727272727,15,true
2017-03-10,3,23:00,24,6,S,0.2916666666666667,17,true
2017-03-11,3,20:00,16,2,SW,0.625,16,true
2017-03-11,3,21:00,16,2,SW,0.625,16,true
2017-03-11,3,22:00,16,2,SW,0.625,16,true
2017-03-11,3,23:00,16,2,SW,0.625,16,true
2017-03-12,3,20:00,16,1,S,1.0,16,false
2017-03-12,3,21:00,16,1,S,1.0,16,false
2017-03-12,3,22:00,18,1,S,1.0,18,false
2017-03-12,3,23:00,18,1,S,1.0,18,false
2017-03-13,3,20:00,12,1,S,1.0,12,false
2017-03-13,3,21:00,14,1,S,1.0,14,false
2017-03-13,3,22:00,16,1,S,1.0,16,false
2017-03-13,3,23:00,18,1,S,1.0,18,false
2017-03-14,3,20:00,15,1,S,1.0,15,false
2017-03-14,3,21:00,17,1,S,1.0,17,false
2017-03-14,3,22:00,19,1,S,1.0,19,false
2017-03-14,3,23:00,21,1,S,1.0,21,false
2017-03-15,3,20:00,18,1,S,1.0,18,false
2017-03-15,3,21:00,20,1,S,1.0,20,false
2017-03-15,3,22:00,22,1,S,1.0,22,false
2017-03-15,3,23:00,24,1,S,1.0,24,false
2017-03-16,3,20:00,18,5,NE,0.5555555555555556,4,true
2017-03-16,3,21:00,20,5,NE,0.5,4,true
2017-03-16,3,22:00,22,5,NE,0.5,4,true
2017-03-16,3,23:00,24,5,NE,0.5,4,true
2017-03-17,3,20:00,18,2,N,0.8333333333333334,0,true
2017-03-17,3,21:00,20,2,N,0.85,0,true
2017-03-17,3,22:00,22,2,N,0.8636363636363636,0,true
2017-03-17,3,23:00,24,2,N,0.875,0,true
2017-03-18,3,20:00,18,1,N,1.0,0,false
2017-03-18,3,21:00,20,2,N,0.95,0,true
2017-03-18,3,22:00,22,3,N,0.8636363636363636,1,true
2017-03-18,3,23:00,24,3,N,0.7916666666666666,3,true
2017-03-19,3,20:00,18,4,S,0.7222222222222222,15,true
2017-03-19,3,21:00,20,4,S,0.65,15,true
2017-03-19,3,22:00,22,4,S,0.5909090909090909,15,true
2017-03-19,3,23:00,24,4,S,0.5416666666666666,15,true
2017-03-20,3,20:00,18,1,N,1.0,0,false
2017-03-20,3,21:00,20,1,N,1.0,0,false
2017-03-20,3,22:00,22,1,N,1.0,0,false
2017-03-20,3,23:00,24,1,N,1.0,0,false
2017-03-21,3,20:00,15,3,N,0.7333333333333333,3,true
2017-03-21,3,21:00,17,3,N,0.6470588235294118,5,true
2017-03-21,3,22:00,19,3,N,0.5789473684210527,7,true
2017-03-21,3,23:00,21,3,N,0.5238095238095238,9,true
2017-03-22,3,20:00,18,1,N,1.0,0,false
2017-03-22,3,21:00,20,1,N,1.0,0,false
2017-03-22,3,22:00,22,1,N,1.0,0,false
2017-03-22,3,23:00,24,1,N,1.0,0,false
2017-03-23,3,20:00,18,2,SE,0.7777777777777778,18,true
2017-03-23,3,21:00,20,2,SE,0.8,20,true
2017-03-23,3,22:00,22,2,SE,0.7727272727272727,22,true
2017-03-23,3,23:00,24,2,SE,0.7083333333333334,24,true
2017-03-24,3,20:00,18,2,N,0.8888888888888888,0,true
2017-03-24,3,21:00,20,2,N,0.9,0,true
2017-03-24,3,22:00,22,2,N,0.9090909090909091,0,true
2017-03-24,3,23:00,24,2,N,0.9166666666666666,0,true
2017-03-25,3,20:00,17,4,SE,0.5294117647058824,14,true
2017-03-25,3,21:00,19,4,SE,0.5789473684210527,16,true
2017-03-25,3,22:00,21,4,SE,0.6190476190476191,18,true
2017-03-25,3,23:00,23,4,SE,0.6521739130434783,20,true
2017-03-26,3,20:00,17,7,SW,0.35294117647058826,12,true
2017-03-26,3,21:00,19,7,SW,0.3684210526315789,14,true
2017-03-26,3,22:00,21,7,SW,0.38095238095238093,16,true
2017-03-26,3,23:00,23,7,S,0.391304347826087,18,true
2017-03-27,3,20:00,18,3,N,0.6666666666666666,0,true
2017-03-27,3,21:00,20,4,N,0.65,0,true
2017-03-27,3,22:00,22,6,N,0.5909090909090909,2,true
2017-03-27,3,23:00,24,6,N,0.5416666666666666,4,true
2017-03-28,3,20:00,18,1,S,1.0,18,false
2017-03-28,3,21:00,18,1,S,1.0,18,false
2017-03-28,3,22:00,18,1,S,1.0,18,false
2017-03-28,3,23:00,19,1,S,1.0,19,false
2017-03-29,3,20:00,18,2,SW,0.6111111111111112,18,true
2017-03-29,3,21:00,20,2,SW,0.6,20,true
2017-03-29,3,22:00,22,2,SW,0.5454545454545454,22,true
2017-03-29,3,23:00,24,2,S,0.5,24,true
2017-03-30,3,20:00,16,6,SW,0.6875,13,true
2017-03-30,3,21:00,18,6,SW,0.6111111111111112,13,true
2017-03-30,3,22:00,20,6,SW,0.55,13,true
2017-03-30,3,23:00,22,6,SW,0.5,13,true
2017-03-31,3,20:00,18,1,N,1.0,0,false
2017-03-31,3,21:00,20,1,N,1.0,0,false
2017-03-31,3,22:00,22,1,N,1.0,0,false
2017-03-31,3,23:00,24,1,N,1.0,0,false
2017-04-01,4,20:00,18,1,N,1.0,0,false
2017-04-01,4,21:00,20,1,N,1.0,0,false
2017-04-01,4,22:00,22,1,N,1.0,0,false
2017-04-01,4,23:00,24,1,N,1.0,0,false
2017-04-02,4,20:00,15,1,N,1.0,0,false
2017-04-02,4,21:00,16,1,N,1.0,0,false
2017-04-02,4,22:00,18,1,N,1.0,0,false
2017-04-02,4,23:00,20,1,N,1.0,0,false
2017-04-03,4,20:00,11,1,S,1.0,11,false
2017-04-03,4,21:00,13,1,S,1.0,13,false
2017-04-03,4,22:00,14,1,S,1.0,14,false
2017-04-03,4,23:00,15,1,S,1.0,15,false
2017-04-04,4,20:00,16,2,SE,0.9375,16,true
2017-04-04,4,21:00,18,2,SE,0.8888888888888888,18,true
2017-04-04,4,22:00,20,2,SE,0.8,20,true
2017-04-04,4,23:00,22,2,SE,0.8181818181818182,22,true
2017-04-05,4,20:00,16,2,SE,0.75,16,true
2017-04-05,4,21:00,18,2,SE,0.6666666666666666,18,true
2017-04-05,4,22:00,20,2,SE,0.6,20,true
2017-04-05,4,23:00,22,2,SE,0.6363636363636364,22,true
2017-04-06,4,20:00,12,3,SW,0.5833333333333334,11,true
2017-04-06,4,21:00,14,4,SW,0.5,11,true
2017-04-06,4,22:00,16,4,SW,0.4375,11,true
2017-04-06,4,23:00,17,4,SW,0.4117647058823529,11,true
2017-04-07,4,20:00,16,1,S,1.0,16,false
2017-04-07,4,21:00,18,1,S,1.0,18,false
2017-04-07,4,22:00,20,1,S,1.0,20,false
2017-04-07,4,23:00,22,1,S,1.0,22,false
2017-04-08,4,20:00,16,1,S,1.0,16,false
2017-04-08,4,21:00,18,2,S,0.8888888888888888,18,true
2017-04-08,4,22:00,20,3,S,0.85,19,true
2017-04-08,4,23:00,22,4,S,0.8181818181818182,21,true
2017-04-09,4,20:00,16,2,NE,0.5625,0,true
2017-04-09,4,21:00,18,2,NE,0.6111111111111112,0,true
2017-04-09,4,22:00,20,2,NE,0.6,0,true
2017-04-09,4,23:00,22,3,NE,0.5454545454545454,0,true
2017-04-10,4,20:00,16,2,N,0.875,0,true
2017-04-10,4,21:00,18,2,N,0.8888888888888888,0,true
2017-04-10,4,22:00,20,2,N,0.9,0,true
2017-04-10,4,23:00,22,2,N,0.9090909090909091,0,true
2017-04-11,4,20:00,16,3,N,0.6875,0,true
2017-04-11,4,21:00,18,3,N,0.7222222222222222,0,true
2017-04-11,4,22:00,20,3,N,0.75,0,true
2017-04-11,4,23:00,22,3,N,0.7727272727272727,0,true
2017-04-12,4,20:00,14,2,N,0.9285714285714286,0,true
2017-04-12,4,21:00,14,2,N,0.9285714285714286,0,true
2017-04-12,4,22:00,14,2,N,0.9285714285714286,0,true
2017-04-12,4,23:00,14,2,N,0.9285714285714286,0,true
2017-04-13,4,20:00,1,1,S,1.0,1,false
2017-04-13,4,21:00,3,1,S,1.0,3,false
2017-04-13,4,22:00,5,1,S,1.0,5,false
2017-04-13,4,23:00,7,1,S,1.0,7,false
2017-04-14,4,20:00,2,2,N,0.5,0,true
2017-04-14,4,21:00,4,2,N,0.75,0,true
2017-04-14,4,22:00,6,2,N,0.8333333333333334,0,true
2017-04-14,4,23:00,8,2,N,0.875,0,true
2017-04-15,4,20:00,16,1,N,1.0,0,false
2017-04-15,4,21:00,18,1,N,1.0,0,false
2017-04-15,4,22:00,20,1,N,1.0,0,false
2017-04-15,4,23:00,22,1,N,1.0,0,false
2017-04-16,4,20:00,16,2,N,0.875,0,true
2017-04-16,4,21:00,18,2,N,0.8888888888888888,0,true
2017-04-16,4,22:00,20,2,N,0.9,0,true
2017-04-16,4,23:00,22,2,N,0.8636363636363636,0,true
2017-04-17,4,20:00,16,2,S,0.75,16,true
2017-04-17,4,21:00,18,2,S,0.6666666666666666,18,true
2017-04-17,4,22:00,20,2,S,0.65,20,true
2017-04-17,4,23:00,22,2,S,0.6818181818181818,22,true
2017-04-18,4,20:00,16,2,SE,0.6875,16,true
2017-04-18,4,21:00,18,2,SE,0.6111111111111112,18,true
2017-04-18,4,22:00,20,2,SE,0.55,20,true
2017-04-18,4,23:00,22,2,S,0.5,22,true
2017-04-19,4,20:00,16,2,N,0.6875,0,true
2017-04-19,4,21:00,18,2,N,0.6666666666666666,0,true
2017-04-19,4,22:00,20,2,N,0.65,0,true
2017-04-19,4,23:00,22,2,N,0.5909090909090909,0,true
2017-04-20,4,20:00,16,1,S,1.0,16,false
2017-04-20,4,21:00,18,1,S,1.0,18,false
2017-04-20,4,22:00,20,1,S,1.0,20,false
2017-04-20,4,23:00,22,1,S,1.0,22,false
2017-04-21,4,20:00,16,5,NE,0.5,5,true
2017-04-21,4,21:00,18,5,NE,0.5,5,true
2017-04-21,4,22:00,20,5,NE,0.45,5,true
2017-04-21,4,23:00,22,5,NE,0.45454545454545453,5,true
2017-04-22,4,20:00,16,2,N,0.875,0,true
2017-04-22,4,21:00,18,2,N,0.8888888888888888,0,true
2017-04-22,4,22:00,20,2,N,0.9,0,true
2017-04-22,4,23:00,22,2,N,0.9090909090909091,0,true
2017-04-23,4,20:00,16,2,N,0.5625,0,true
2017-04-23,4,21:00,18,2,N,0.6111111111111112,0,true
2017-04-23,4,22:00,20,2,N,0.65,0,true
2017-04-23,4,23:00,22,2,N,0.6818181818181818,0,true
2017-04-24,4,20:00,16,2,N,0.5,0,true
2017-04-24,4,21:00,18,2,N,0.5,0,true
2017-04-24,4,22:00,20,4,N,0.45,1,true
2017-04-24,4,23:00,22,5,N,0.4090909090909091,3,true
2017-04-25,4,20:00,16,4,SE,0.4375,12,true
2017-04-25,4,21:00,18,4,SE,0.3888888888888889,12,true
2017-04-25,4,22:00,20,4,SE,0.4,14,true
2017-04-25,4,23:00,22,5,SE,0.36363636363636365,16,true
2017-04-26,4,20:00,16,2,N,0.875,0,true
2017-04-26,4,21:00,18,2,N,0.8888888888888888,0,true
2017-04-26,4,22:00,20,2,N,0.85,0,true
2017-04-26,4,23:00,22,2,N,0.7727272727272727,0,true
2017-04-27,4,20:00,16,1,N,1.0,0,false
2017-04-27,4,21:00,18,1,N,1.0,0,false
2017-04-27,4,22:00,20,1,N,1.0,0,false
2017-04-27,4,23:00,22,1,N,1.0,0,false
2017-04-28,4,20:00,16,1,N,1.0,0,false
2017-04-28,4,21:00,18,1,N,1.0,0,false
2017-04-28,4,22:00,20,1,N,1.0,0,false
2017-04-28,4,23:00,22,1,N,1.0,0,false
2017-04-29,4,20:00,16,5,N,0.3125,7,true
2017-04-29,4,21:00,18,5,N,0.3888888888888889,7,true
2017-04-29,4,22:00,20,5,N,0.45,7,true
2017-04-29,4,23:00,22,5,N,0.5,7,true
2017-04-30,4,20:00,16,1,N,1.0,0,false
2017-04-30,4,21:00,18,2,N,0.9444444444444444,0,true
2017-04-30,4,22:00,20,2,N,0.95,0,true
2017-04-30,4,23:00,22,3,N,0.9090909090909091,1,true
2017-05-01,5,20:00,16,1,S,1.0,16,false
2017-05-01,5,21:00,18,1,S,1.0,18,false
2017-05-01,5,22:00,20,1,S,1.0,20,false
2017-05-01,5,23:00,22,1,S,1.0,22,false
2017-05-02,5,20:00,16,4,N,0.4375,1,true
2017-05-02,5,21:00,18,4,N,0.5,1,true
2017-05-02,5,22:00,20,4,N,0.5,1,true
2017-05-02,5,23:00,22,4,N,0.5,1,true
2017-05-03,5,20:00,16,1,N,1.0,0,false
2017-05-03,5,21:00,18,1,N,1.0,0,false
2017-05-03,5,22:00,20,1,N,1.0,0,false
2017-05-03,5,23:00,22,1,N,1.0,0,false
2017-05-04,5,20:00,15,3,S,0.8666666666666667,14,true
2017-05-04,5,21:00,17,3,S,0.8823529411764706,16,true
2017-05-04,5,22:00,19,3,S,0.8947368421052632,18,true
2017-05-04,5,23:00,21,3,S,0.9047619047619048,20,true
2017-05-05,5,20:00,16,1,S,1.0,16,false
2017-05-05,5,21:00,18,1,S,1.0,18,false
2017-05-05,5,22:00,20,1,S,1.0,20,false
2017-05-05,5,23:00,22,1,S,1.0,22,false
2017-05-06,5,20:00,16,2,NE,0.75,0,true
2017-05-06,5,21:00,18,2,NE,0.6666666666666666,0,true
2017-05-06,5,22:00,20,2,NE,0.6,0,true
2017-05-06,5,23:00,22,2,NE,0.5454545454545454,0,true
2017-05-07,5,20:00,16,2,N,0.625,0,true
2017-05-07,5,21:00,18,2,N,0.6666666666666666,0,true
2017-05-07,5,22:00,20,2,N,0.7,0,true
2017-05-07,5,23:00,22,2,N,0.7272727272727273,0,true
2017-05-08,5,20:00,16,2,N,0.5,0,true
2017-05-08,5,21:00,18,2,N,0.5555555555555556,0,true
2017-05-08,5,22:00,20,2,N,0.6,0,true
2017-05-08,5,23:00,22,2,N,0.6363636363636364,0,true
2017-05-09,5,20:00,16,2,N,0.8125,0,true
2017-05-09,5,21:00,18,2,N,0.8333333333333334,0,true
2017-05-09,5,22:00,20,2,N,0.85,0,true
2017-05-09,5,23:00,22,2,N,0.8636363636363636,0,true
2017-05-10,5,20:00,16,1,N,1.0,0,false
2017-05-10,5,21:00,18,1,N,1.0,0,false
2017-05-10,5,22:00,20,1,N,1.0,0,false
2017-05-10,5,23:00,22,1,N,1.0,0,false
2017-05-11,5,20:00,16,2,N,0.875,0,true
2017-05-11,5,21:00,18,2,N,0.8888888888888888,0,true
2017-05-11,5,22:00,20,2,N,0.9,0,true
2017-05-11,5,23:00,22,2,N,0.9090909090909091,0,true
2017-05-12,5,20:00,12,3,S,0.6666666666666666,8,true
2017-05-12,5,21:00,14,3,S,0.7142857142857143,10,true
2017-05-12,5,22:00,16,3,S,0.75,12,true
2017-05-12,5,23:00,18,3,S,0.7777777777777778,14,true
2017-05-13,5,20:00,16,1,S,1.0,16,false
2017-05-13,5,21:00,18,1,S,1.0,18,false
2017-05-13,5,22:00,20,1,S,1.0,20,false
2017-05-13,5,23:00,22,1,S,1.0,22,false
2017-05-14,5,20:00,16,2,NE,0.6875,0,true
2017-05-14,5,21:00,18,2,NE,0.6111111111111112,0,true
2017-05-14,5,22:00,20,2,NE,0.6,0,true
2017-05-14,5,23:00,22,2,NE,0.5909090909090909,0,true
2017-05-15,5,20:00,16,7,SW,0.375,10,true
2017-05-15,5,21:00,18,7,SW,0.3333333333333333,12,true
2017-05-15,5,22:00,20,7,SW,0.3,14,true
2017-05-15,5,23:00,22,7,S,0.2727272727272727,16,true
2017-05-16,5,20:00,16,2,N,0.875,0,true
2017-05-16,5,21:00,18,2,N,0.8333333333333334,0,true
2017-05-16,5,22:00,20,2,N,0.85,0,true
2017-05-16,5,23:00,22,2,N,0.8181818181818182,0,true
2017-05-17,5,20:00,16,2,N,0.9375,0,true
2017-05-17,5,21:00,18,2,N,0.9444444444444444,0,true
2017-05-17,5,22:00,20,2,N,0.95,0,true
2017-05-17,5,23:00,22,2,N,0.8636363636363636,0,true
2017-05-18,5,20:00,6,1,N,1.0,0,false
2017-05-18,5,21:00,7,2,N,0.8571428571428571,1,true
2017-05-18,5,22:00,9,2,N,0.6666666666666666,3,true
2017-05-18,5,23:00,11,2,N,0.5454545454545454,5,true
2017-05-19,5,20:00,16,5,S,0.5,11,true
2017-05-19,5,21:00,18,6,S,0.4444444444444444,11,true
2017-05-19,5,22:00,20,6,S,0.4,11,true
2017-05-19,5,23:00,22,6,S,0.36363636363636365,11,true
2017-05-20,5,20:00,16,3,S,0.75,12,true
2017-05-20,5,21:00,18,3,S,0.7777777777777778,14,true
2017-05-20,5,22:00,18,3,S,0.7777777777777778,14,true
2017-05-20,5,23:00,18,3,S,0.7777777777777778,14,true
2017-05-21,5,20:00,14,2,S,0.6428571428571429,14,true
2017-05-21,5,21:00,16,2,S,0.6875,16,true
2017-05-21,5,22:00,18,2,S,0.7222222222222222,18,true
2017-05-21,5,23:00,19,2,S,0.7368421052631579,19,true
2017-05-22,5,20:00,16,4,NE,0.5625,5,true
2017-05-22,5,21:00,18,4,NE,0.5,5,true
2017-05-22,5,22:00,20,4,NE,0.45,5,true
2017-05-22,5,23:00,22,4,NE,0.5,5,true
2017-05-23,5,20:00,16,1,N,1.0,0,false
2017-05-23,5,21:00,18,1,N,1.0,0,false
2017-05-23,5,22:00,20,1,N,1.0,0,false
2017-05-23,5,23:00,22,1,N,1.0,0,false
2017-05-24,5,20:00,16,4,N,0.5,7,true
2017-05-24,5,21:00,18,4,N,0.4444444444444444,9,true
2017-05-24,5,22:00,20,4,S,0.5,11,true
2017-05-24,5,23:00,22,4,S,0.5454545454545454,13,true
2017-05-25,5,20:00,16,2,NE,0.75,0,true
2017-05-25,5,21:00,18,2,NE,0.7777777777777778,0,true
2017-05-25,5,22:00,20,2,NE,0.7,0,true
2017-05-25,5,23:00,22,2,NE,0.6363636363636364,0,true
2017-05-26,5,20:00,16,2,N,0.75,0,true
2017-05-26,5,21:00,18,2,N,0.7777777777777778,0,true
2017-05-26,5,22:00,20,2,N,0.8,0,true
2017-05-26,5,23:00,22,2,N,0.8181818181818182,0,true
2017-05-27,5,20:00,16,3,N,0.8125,0,true
2017-05-27,5,21:00,18,3,N,0.8333333333333334,0,true
2017-05-27,5,22:00,20,3,N,0.75,0,true
2017-05-27,5,23:00,22,3,N,0.6818181818181818,0,true
2017-05-28,5,20:00,16,1,S,1.0,16,false
2017-05-28,5,21:00,18,1,S,1.0,18,false
2017-05-28,5,22:00,20,1,S,1.0,20,false
2017-05-28,5,23:00,22,1,S,1.0,22,false
2017-05-29,5,20:00,16,2,SW,0.9375,16,true
2017-05-29,5,21:00,18,2,SW,0.9444444444444444,18,true
2017-05-29,5,22:00,20,2,SW,0.9,20,true
2017-05-29,5,23:00,22,2,SW,0.9090909090909091,22,true
2017-05-30,5,20:00,16,2,NE,0.75,0,true
2017-05-30,5,21:00,18,2,NE,0.6666666666666666,0,true
2017-05-30,5,22:00,20,2,NE,0.6,0,true
2017-05-30,5,23:00,22,2,NE,0.5454545454545454,0,true
2017-05-31,5,20:00,16,2,N,0.875,0,true
2017-05-31,5,21:00,18,2,N,0.8888888888888888,0,true
2017-05-31,5,22:00,20,3,N,0.8,0,true
2017-05-31,5,23:00,22,4,N,0.7272727272727273,2,true
2017-06-01,6,20:00,13,2,SE,0.6153846153846154,13,true
2017-06-01,6,21:00,15,2,SE,0.6666666666666666,15,true
2017-06-01,6,22:00,17,2,SE,0.7058823529411765,17,true
2017-06-01,6,23:00,19,2,SE,0.6842105263157895,19,true
2017-06-02,6,20:00,16,4,NE,0.5625,1,true
2017-06-02,6,21:00,18,4,NE,0.5555555555555556,1,true
2017-06-02,6,22:00,20,6,NE,0.5,2,true
2017-06-02,6,23:00,22,6,NE,0.45454545454545453,4,true
2017-06-03,6,20:00,15,2,S,0.7333333333333333,15,true
2017-06-03,6,21:00,17,2,S,0.7058823529411765,17,true
2017-06-03,6,22:00,19,2,S,0.7368421052631579,19,true
2017-06-03,6,23:00,21,2,S,0.7142857142857143,21,true
2017-06-04,6,20:00,12,2,NE,0.5833333333333334,0,true
2017-06-04,6,21:00,14,4,NE,0.5,2,true
2017-06-04,6,22:00,16,4,NE,0.4375,4,true
2017-06-04,6,23:00,18,4,NE,0.3888888888888889,6,true
2017-06-05,6,20:00,5,1,S,1.0,5,false
2017-06-05,6,21:00,7,1,S,1.0,7,false
2017-06-05,6,22:00,9,1,S,1.0,9,false
2017-06-05,6,23:00,11,1,S,1.0,11,false
2017-06-06,6,20:00,16,1,S,1.0,16,false
2017-06-06,6,21:00,18,1,S,1.0,18,false
2017-06-06,6,22:00,20,1,S,1.0,20,false
2017-06-06,6,23:00,22,1,S,1.0,22,false
2017-06-07,6,20:00,16,1,SW,1.0,16,false
2017-06-07,6,21:00,18,1,SW,1.0,18,false
2017-06-07,6,22:00,20,1,SW,1.0,20,false
2017-06-07,6,23:00,22,2,SW,0.9090909090909091,22,true
2017-06-08,6,20:00,16,1,S,1.0,16,false
2017-06-08,6,21:00,18,1,S,1.0,18,false
2017-06-08,6,22:00,20,1,S,1.0,20,false
2017-06-08,6,23:00,22,2,S,0.9090909090909091,22,true
2017-06-09,6,20:00,16,5,N,0.3125,6,true
2017-06-09,6,21:00,18,5,N,0.3333333333333333,6,true
2017-06-09,6,22:00,20,5,N,0.35,6,true
2017-06-09,6,23:00,22,5,N,0.36363636363636365,6,true
2017-06-10,6,20:00,16,2,N,0.5,0,true
2017-06-10,6,21:00,18,2,N,0.5555555555555556,0,true
2017-06-10,6,22:00,20,4,N,0.5,2,true
2017-06-10,6,23:00,22,4,N,0.45454545454545453,4,true
2017-06-11,6,20:00,16,2,N,0.75,0,true
2017-06-11,6,21:00,18,2,N,0.7777777777777778,0,true
2017-06-11,6,22:00,20,2,N,0.8,0,true
2017-06-11,6,23:00,22,2,N,0.8181818181818182,0,true
2017-06-12,6,20:00,16,1,N,1.0,0,false
2017-06-12,6,21:00,18,1,N,1.0,0,false
2017-06-12,6,22:00,20,1,N,1.0,0,false
2017-06-12,6,23:00,22,1,N,1.0,0,false
2017-06-13,6,20:00,16,2,N,0.9375,0,true
2017-06-13,6,21:00,18,2,N,0.8888888888888888,0,true
2017-06-13,6,22:00,20,2,N,0.9,0,true
2017-06-13,6,23:00,22,2,N,0.9090909090909091,0,true
2017-06-14,6,20:00,14,3,SW,0.42857142857142855,6,true
2017-06-14,6,21:00,16,4,SW,0.4375,8,true
2017-06-14,6,22:00,18,4,SW,0.3888888888888889,10,true
2017-06-14,6,23:00,20,4,SW,0.35,12,true
2017-06-15,6,20:00,16,3,S,0.875,14,true
2017-06-15,6,21:00,18,4,S,0.7777777777777778,14,true
2017-06-15,6,22:00,20,4,S,0.7,14,true
2017-06-15,6,23:00,22,4,S,0.6363636363636364,14,true
2017-06-16,6,20:00,16,5,S,0.4375,9,true
2017-06-16,6,21:00,18,5,S,0.4444444444444444,11,true
2017-06-16,6,22:00,20,5,S,0.5,13,true
2017-06-16,6,23:00,22,5,S,0.5454545454545454,15,true
2017-06-17,6,20:00,16,2,NE,0.625,0,true
2017-06-17,6,21:00,18,2,NE,0.6666666666666666,0,true
2017-06-17,6,22:00,20,2,NE,0.7,0,true
2017-06-17,6,23:00,22,2,NE,0.6363636363636364,0,true
2017-06-18,6,20:00,16,2,N,0.5,0,true
2017-06-18,6,21:00,18,2,N,0.5555555555555556,0,true
2017-06-18,6,22:00,20,2,N,0.5,0,true
2017-06-18,6,23:00,22,2,N,0.5454545454545454,0,true
2017-06-19,6,20:00,16,2,N,0.9375,0,true
2017-06-19,6,21:00,18,2,N,0.8333333333333334,0,true
2017-06-19,6,22:00,20,2,N,0.85,0,true
2017-06-19,6,23:00,21,2,N,0.8095238095238095,0,true
2017-06-20,6,20:00,16,3,NE,0.75,0,true
2017-06-20,6,21:00,18,3,NE,0.6666666666666666,0,true
2017-06-20,6,22:00,20,3,NE,0.65,0,true
2017-06-20,6,23:00,22,3,NE,0.6818181818181818,0,true
2017-06-21,6,20:00,16,2,N,0.5625,0,true
2017-06-21,6,21:00,18,2,N,0.6111111111111112,0,true
2017-06-21,6,22:00,20,2,N,0.65,0,true
2017-06-21,6,23:00,22,2,N,0.6818181818181818,0,true
2017-06-22,6,20:00,16,3,N,0.625,0,true
2017-06-22,6,21:00,18,3,N,0.6666666666666666,0,true
2017-06-22,6,22:00,20,3,N,0.7,0,true
2017-06-22,6,23:00,22,3,N,0.7272727272727273,0,true
2017-06-23,6,20:00,16,1,S,1.0,16,false
2017-06-23,6,21:00,18,1,S,1.0,18,false
2017-06-23,6,22:00,20,1,S,1.0,20,false
2017-06-23,6,23:00,22,1,S,1.0,22,false
2017-06-24,6,20:00,15,1,S,1.0,15,false
2017-06-24,6,21:00,15,1,S,1.0,15,false
2017-06-24,6,22:00,15,1,S,1.0,15,false
2017-06-24,6,23:00,17,1,S,1.0,17,false
2017-06-25,6,20:00,16,3,N,0.8125,0,true
2017-06-25,6,21:00,18,3,N,0.7777777777777778,0,true
2017-06-25,6,22:00,20,3,N,0.7,0,true
2017-06-25,6,23:00,21,3,N,0.6666666666666666,0,true
2017-06-26,6,20:00,16,2,S,0.625,16,true
2017-06-26,6,21:00,18,2,S,0.5555555555555556,18,true
2017-06-26,6,22:00,20,2,S,0.55,20,true
2017-06-26,6,23:00,22,2,S,0.5909090909090909,22,true
2017-06-27,6,20:00,16,2,N,0.875,0,true
2017-06-27,6,21:00,18,2,N,0.8888888888888888,0,true
2017-06-27,6,22:00,20,2,N,0.8,0,true
2017-06-27,6,23:00,22,2,N,0.7272727272727273,0,true
2017-06-28,6,20:00,16,2,S,0.9375,16,true
2017-06-28,6,21:00,18,3,S,0.8888888888888888,18,true
2017-06-28,6,22:00,20,3,S,0.9,20,true
2017-06-28,6,23:00,22,3,S,0.9090909090909091,22,true
2017-06-29,6,20:00,16,4,S,0.625,11,true
2017-06-29,6,21:00,18,4,S,0.5555555555555556,11,true
2017-06-29,6,22:00,20,4,S,0.5,11,true
2017-06-29,6,23:00,22,4,S,0.45454545454545453,11,true
2017-06-30,6,20:00,16,2,N,0.75,0,true
2017-06-30,6,21:00,18,2,N,0.7777777777777778,0,true
2017-06-30,6,22:00,20,2,N,0.8,0,true
2017-06-30,6,23:00,22,2,N,0.8181818181818182,0,true
2017-07-01,7,20:00,16,1,N,1.0,0,false
2017-07-01,7,21:00,18,1,N,1.0,0,false
2017-07-01,7,22:00,20,1,N,1.0,0,false
2017-07-01,7,23:00,22,1,N,1.0,0,false
2017-07-02,7,20:00,14,2,N,0.7142857142857143,0,true
2017-07-02,7,21:00,16,2,N,0.75,0,true
2017-07-02,7,22:00,18,2,N,0.7777777777777778,0,true
2017-07-02,7,23:00,20,2,N,0.8,0,true
2017-07-03,7,20:00,13,3,S,0.7692307692307693,10,true
2017-07-03,7,21:00,15,3,S,0.8,12,true
2017-07-03,7,22:00,17,3,S,0.8235294117647058,14,true
2017-07-03,7,23:00,19,3,S,0.8421052631578947,16,true
2017-07-04,7,20:00,16,2,N,0.6875,0,true
2017-07-04,7,21:00,18,2,N,0.7222222222222222,0,true
2017-07-04,7,22:00,20,2,N,0.75,0,true
2017-07-04,7,23:00,22,2,N,0.7727272727272727,0,true
2017-07-05,7,20:00,16,4,NE,0.5625,1,true
2017-07-05,7,21:00,18,4,NE,0.5,3,true
2017-07-05,7,22:00,20,4,NE,0.45,5,true
2017-07-05,7,23:00,22,4,NE,0.4090909090909091,7,true
2017-07-06,7,20:00,15,3,N,0.6,1,true
2017-07-06,7,21:00,17,3,N,0.5882352941176471,1,true
2017-07-06,7,22:00,19,3,N,0.5789473684210527,1,true
2017-07-06,7,23:00,21,4,N,0.5714285714285714,2,true
2017-07-07,7,20:00,16,2,SE,0.75,16,true
2017-07-07,7,21:00,18,2,SE,0.7777777777777778,18,true
2017-07-07,7,22:00,19,2,SE,0.7894736842105263,19,true
2017-07-07,7,23:00,19,2,SE,0.7894736842105263,19,true
2017-07-08,7,20:00,16,2,NE,0.8125,0,true
2017-07-08,7,21:00,18,2,NE,0.8333333333333334,0,true
2017-07-08,7,22:00,20,2,NE,0.8,0,true
2017-07-08,7,23:00,22,2,NE,0.7727272727272727,0,true
2017-07-09,7,20:00,16,3,N,0.5625,0,true
2017-07-09,7,21:00,18,3,N,0.5555555555555556,0,true
2017-07-09,7,22:00,20,4,N,0.5,0,true
2017-07-09,7,23:00,22,5,N,0.45454545454545453,2,true
2017-07-10,7,20:00,16,2,S,0.875,16,true
2017-07-10,7,21:00,18,4,S,0.7777777777777778,17,true
2017-07-10,7,22:00,20,5,S,0.7,17,true
2017-07-10,7,23:00,22,6,S,0.6363636363636364,17,true
2017-07-11,7,20:00,16,3,NE,0.75,0,true
2017-07-11,7,21:00,17,3,NE,0.7647058823529411,0,true
2017-07-11,7,22:00,19,3,NE,0.6842105263157895,0,true
2017-07-11,7,23:00,21,3,NE,0.6190476190476191,0,true
2017-07-12,7,20:00,7,1,S,1.0,7,false
2017-07-12,7,21:00,7,1,S,1.0,7,false
2017-07-12,7,22:00,7,1,S,1.0,7,false
2017-07-12,7,23:00,7,1,S,1.0,7,false
2017-07-13,7,20:00,3,1,S,1.0,3,false
2017-07-13,7,21:00,5,1,S,1.0,5,false
2017-07-13,7,22:00,7,1,S,1.0,7,false
2017-07-13,7,23:00,9,1,S,1.0,9,false
2017-07-14,7,20:00,14,1,S,1.0,14,false
2017-07-14,7,21:00,16,1,S,1.0,16,false
2017-07-14,7,22:00,18,1,S,1.0,18,false
2017-07-14,7,23:00,20,1,S,1.0,20,false
2017-07-15,7,20:00,16,2,S,0.9375,16,true
2017-07-15,7,21:00,18,2,S,0.9444444444444444,18,true
2017-07-15,7,22:00,20,2,S,0.9,20,true
2017-07-15,7,23:00,22,2,S,0.8181818181818182,22,true
2017-07-16,7,20:00,16,2,N,0.9375,0,true
2017-07-16,7,21:00,18,2,N,0.9444444444444444,0,true
2017-07-16,7,22:00,20,2,N,0.9,0,true
2017-07-16,7,23:00,22,2,N,0.8636363636363636,0,true
2017-07-17,7,20:00,16,2,N,0.9375,0,true
2017-07-17,7,21:00,18,2,N,0.9444444444444444,0,true
2017-07-17,7,22:00,20,2,N,0.95,0,true
2017-07-17,7,23:00,22,2,N,0.9545454545454546,0,true
2017-07-18,7,20:00,15,1,S,1.0,15,false
2017-07-18,7,21:00,17,1,S,1.0,17,false
2017-07-18,7,22:00,19,1,S,1.0,19,false
2017-07-18,7,23:00,21,1,S,1.0,21,false
2017-07-19,7,20:00,16,2,N,0.5,0,true
2017-07-19,7,21:00,18,2,N,0.5,0,true
2017-07-19,7,22:00,20,2,N,0.55,0,true
2017-07-19,7,23:00,22,2,N,0.5909090909090909,0,true
2017-07-20,7,20:00,16,1,N,1.0,0,false
2017-07-20,7,21:00,18,1,N,1.0,0,false
2017-07-20,7,22:00,20,1,N,1.0,0,false
2017-07-20,7,23:00,22,1,N,1.0,0,false
2017-07-21,7,20:00,16,4,N,0.4375,4,true
2017-07-21,7,21:00,18,4,N,0.4444444444444444,4,true
2017-07-21,7,22:00,20,4,N,0.4,4,true
2017-07-21,7,23:00,22,4,N,0.4090909090909091,4,true
2017-07-22,7,20:00,16,4,N,0.5625,3,true
2017-07-22,7,21:00,18,4,N,0.5,5,true
2017-07-22,7,22:00,20,4,N,0.45,7,true
2017-07-22,7,23:00,22,4,N,0.4090909090909091,9,true
2017-07-23,7,20:00,16,1,S,1.0,16,false
2017-07-23,7,21:00,18,1,S,1.0,18,false
2017-07-23,7,22:00,20,1,S,1.0,20,false
2017-07-23,7,23:00,22,1,S,1.0,22,false
2017-07-24,7,20:00,16,2,N,0.5625,0,true
2017-07-24,7,21:00,18,2,N,0.6111111111111112,0,true
2017-07-24,7,22:00,20,2,N,0.65,0,true
2017-07-24,7,23:00,22,2,N,0.6818181818181818,0,true
2017-07-25,7,20:00,16,2,N,0.8125,0,true
2017-07-25,7,21:00,18,2,N,0.8333333333333334,0,true
2017-07-25,7,22:00,20,2,N,0.85,0,true
2017-07-25,7,23:00,22,2,N,0.8636363636363636,0,true
2017-07-26,7,20:00,16,3,N,0.6875,0,true
2017-07-26,7,21:00,18,3,N,0.7222222222222222,0,true
2017-07-26,7,22:00,20,3,N,0.75,0,true
2017-07-26,7,23:00,22,3,N,0.7727272727272727,0,true
2017-07-27,7,20:00,16,1,N,1.0,0,false
2017-07-27,7,21:00,18,1,N,1.0,0,false
2017-07-27,7,22:00,20,1,N,1.0,0,false
2017-07-27,7,23:00,22,1,N,1.0,0,false
2017-07-28,7,20:00,16,1,S,1.0,16,false
2017-07-28,7,21:00,18,1,S,1.0,18,false
2017-07-28,7,22:00,20,1,S,1.0,20,false
2017-07-28,7,23:00,22,1,S,1.0,22,false
2017-07-29,7,20:00,16,2,S,0.75,16,true
2017-07-29,7,21:00,18,2,S,0.7777777777777778,18,true
2017-07-29,7,22:00,20,2,S,0.8,20,true
2017-07-29,7,23:00,22,2,S,0.8181818181818182,22,true
2017-07-30,7,20:00,16,3,NE,0.4375,3,true
2017-07-30,7,21:00,18,3,NE,0.5,3,true
2017-07-30,7,22:00,20,3,NE,0.5,3,true
2017-07-30,7,23:00,22,3,NE,0.45454545454545453,3,true
2017-07-31,7,20:00,16,2,N,0.6875,0,true
2017-07-31,7,21:00,18,2,N,0.7222222222222222,0,true
2017-07-31,7,22:00,20,2,N,0.75,0,true
2017-07-31,7,23:00,22,2,N,0.7727272727272727,0,true
2017-08-01,8,20:00,16,1,N,1.0,0,false
2017-08-01,8,21:00,18,1,N,1.0,0,false
2017-08-01,8,22:00,20,3,N,0.9,0,true
2017-08-01,8,23:00,22,4,N,0.8181818181818182,2,true
2017-08-02,8,20:00,16,2,S,0.5,16,true
2017-08-02,8,21:00,18,2,S,0.5555555555555556,18,true
2017-08-02,8,22:00,20,2,S,0.6,20,true
2017-08-02,8,23:00,22,2,S,0.6363636363636364,22,true
2017-08-03,8,20:00,16,2,S,0.9375,16,true
2017-08-03,8,21:00,18,2,S,0.9444444444444444,18,true
2017-08-03,8,22:00,20,2,S,0.95,20,true
2017-08-03,8,23:00,22,2,S,0.9545454545454546,22,true
2017-08-04,8,20:00,16,1,S,1.0,16,false
2017-08-04,8,21:00,18,1,S,1.0,18,false
2017-08-04,8,22:00,20,2,S,0.95,20,true
2017-08-04,8,23:00,22,2,S,0.9545454545454546,22,true
2017-08-05,8,20:00,16,5,SE,0.3125,9,true
2017-08-05,8,21:00,18,6,SE,0.2777777777777778,9,true
2017-08-05,8,22:00,20,6,N,0.3,9,true
2017-08-05,8,23:00,22,6,N,0.36363636363636365,9,true
2017-08-06,8,20:00,16,2,N,0.875,0,true
2017-08-06,8,21:00,18,2,N,0.8888888888888888,0,true
2017-08-06,8,22:00,20,2,N,0.9,0,true
2017-08-06,8,23:00,22,2,N,0.9090909090909091,0,true
2017-08-07,8,20:00,16,2,N,0.9375,0,true
2017-08-07,8,21:00,18,2,N,0.9444444444444444,0,true
2017-08-07,8,22:00,20,2,N,0.95,0,true
2017-08-07,8,23:00,22,3,N,0.9090909090909091,0,true
2017-08-08,8,20:00,16,1,N,1.0,0,false
2017-08-08,8,21:00,18,2,N,0.8888888888888888,0,true
2017-08-08,8,22:00,20,2,N,0.9,0,true
2017-08-08,8,23:00,22,2,N,0.9090909090909091,0,true
2017-08-09,8,20:00,16,1,N,1.0,0,false
2017-08-09,8,21:00,18,1,N,1.0,0,false
2017-08-09,8,22:00,20,1,N,1.0,0,false
2017-08-09,8,23:00,22,1,N,1.0,0,false
2017-08-10,8,20:00,16,1,N,1.0,0,false
2017-08-10,8,21:00,18,2,N,0.9444444444444444,0,true
2017-08-10,8,22:00,20,3,N,0.9,0,true
2017-08-10,8,23:00,22,3,N,0.9090909090909091,0,true
2017-08-11,8,20:00,16,1,N,1.0,0,false
2017-08-11,8,21:00,18,1,N,1.0,0,false
2017-08-11,8,22:00,20,1,N,1.0,0,false
2017-08-11,8,23:00,22,1,N,1.0,0,false
2017-08-12,8,20:00,16,1,N,1.0,0,false
2017-08-12,8,21:00,18,1,N,1.0,0,false
2017-08-12,8,22:00,20,1,N,1.0,0,false
2017-08-12,8,23:00,22,2,N,0.9545454545454546,0,true
2017-08-13,8,20:00,16,2,N,0.75,0,true
2017-08-13,8,21:00,18,2,N,0.7222222222222222,0,true
2017-08-13,8,22:00,20,2,N,0.7,0,true
2017-08-13,8,23:00,22,2,N,0.6363636363636364,0,true
2017-08-14,8,20:00,16,2,N,0.875,0,true
2017-08-14,8,21:00,18,2,N,0.8888888888888888,0,true
2017-08-14,8,22:00,20,2,N,0.9,0,true
2017-08-14,8,23:00,22,2,N,0.8636363636363636,0,true
2017-08-15,8,20:00,16,6,N,0.375,6,true
2017-08-15,8,21:00,18,6,N,0.3888888888888889,6,true
2017-08-15,8,22:00,20,7,N,0.4,6,true
2017-08-15,8,23:00,22,7,N,0.36363636363636365,6,true
2017-08-16,8,20:00,16,2,N,0.9375,0,true
2017-08-16,8,21:00,18,2,N,0.9444444444444444,0,true
2017-08-16,8,22:00,20,2,N,0.95,0,true
2017-08-16,8,23:00,22,2,N,0.9090909090909091,0,true
2017-08-17,8,20:00,16,1,N,1.0,0,false
2017-08-17,8,21:00,18,1,N,1.0,0,false
2017-08-17,8,22:00,20,1,N,1.0,0,false
2017-08-17,8,23:00,22,1,N,1.0,0,false
2017-08-18,8,20:00,16,2,N,0.8125,0,true
2017-08-18,8,21:00,18,2,N,0.8333333333333334,0,true
2017-08-18,8,22:00,20,2,N,0.8,0,true
2017-08-18,8,23:00,22,2,N,0.7727272727272727,0,true
2017-08-19,8,20:00,16,2,N,0.6875,0,true
2017-08-19,8,21:00,18,2,N,0.6111111111111112,0,true
2017-08-19,8,22:00,20,2,N,0.65,0,true
2017-08-19,8,23:00,22,3,N,0.5909090909090909,1,true
2017-08-20,8,20:00,16,3,S,0.875,16,true
2017-08-20,8,21:00,18,3,S,0.8888888888888888,18,true
2017-08-20,8,22:00,20,3,S,0.9,20,true
2017-08-20,8,23:00,22,3,S,0.9090909090909091,22,true
2017-08-21,8,20:00,16,1,S,1.0,16,false
2017-08-21,8,21:00,18,1,S,1.0,18,false
2017-08-21,8,22:00,20,1,S,1.0,20,false
2017-08-21,8,23:00,22,1,S,1.0,22,false
2017-08-22,8,20:00,16,1,S,1.0,16,false
2017-08-22,8,21:00,18,1,S,1.0,18,false
2017-08-22,8,22:00,20,1,S,1.0,20,false
2017-08-22,8,23:00,22,1,S,1.0,22,false
2017-08-23,8,20:00,16,2,N,0.5,0,true
2017-08-23,8,21:00,18,2,N,0.5555555555555556,0,true
2017-08-23,8,22:00,20,2,N,0.55,0,true
2017-08-23,8,23:00,22,2,N,0.5454545454545454,0,true
2017-08-24,8,20:00,16,2,N,0.8125,0,true
2017-08-24,8,21:00,18,2,N,0.8333333333333334,0,true
2017-08-24,8,22:00,20,2,N,0.85,0,true
2017-08-24,8,23:00,22,2,N,0.8636363636363636,0,true
2017-08-25,8,20:00,16,2,N,0.8125,0,true
2017-08-25,8,21:00,18,2,N,0.8333333333333334,0,true
2017-08-25,8,22:00,20,2,N,0.85,0,true
2017-08-25,8,23:00,22,2,N,0.8636363636363636,0,true
2017-08-26,8,20:00,16,2,N,0.875,0,true
2017-08-26,8,21:00,18,2,N,0.8888888888888888,0,true
2017-08-26,8,22:00,20,2,N,0.85,0,true
2017-08-26,8,23:00,22,2,N,0.8636363636363636,0,true
2017-08-27,8,20:00,16,2,N,0.9375,0,true
2017-08-27,8,21:00,18,2,N,0.9444444444444444,0,true
2017-08-27,8,22:00,20,2,N,0.95,0,true
2017-08-27,8,23:00,22,2,N,0.9545454545454546,0,true
2017-08-28,8,20:00,16,3,N,0.75,0,true
2017-08-28,8,21:00,18,4,N,0.6666666666666666,0,true
2017-08-28,8,22:00,20,4,N,0.6,0,true
2017-08-28,8,23:00,22,4,N,0.5909090909090909,0,true
2017-08-29,8,20:00,16,1,N,1.0,0,false
2017-08-29,8,21:00,18,1,N,1.0,0,false
2017-08-29,8,22:00,20,1,N,1.0,0,false
2017-08-29,8,23:00,22,1,N,1.0,0,false
2017-08-30,8,20:00,16,4,S,0.4375,10,true
2017-08-30,8,21:00,18,4,S,0.4444444444444444,12,true
2017-08-30,8,22:00,20,4,S,0.4,14,true
2017-08-30,8,23:00,22,4,S,0.36363636363636365,16,true
2017-08-31,8,20:00,16,1,S,1.0,16,false
2017-08-31,8,21:00,18,1,S,1.0,18,false
2017-08-31,8,22:00,20,1,S,1.0,20,false
2017-08-31,8,23:00,22,1,S,1.0,22,false
2017-09-01,9,20:00,16,1,S,1.0,16,false
2017-09-01,9,21:00,18,1,S,1.0,18,false
2017-09-01,9,22:00,20,1,S,1.0,20,false
2017-09-01,9,23:00,22,1,S,1.0,22,false
2017-09-02,9,20:00,16,1,S,1.0,16,false
2017-09-02,9,21:00,18,1,S,1.0,18,false
2017-09-02,9,22:00,20,1,S,1.0,20,false
2017-09-02,9,23:00,22,1,S,1.0,22,false
2017-09-03,9,20:00,16,1,S,1.0,16,false
2017-09-03,9,21:00,18,1,S,1.0,18,false
2017-09-03,9,22:00,20,1,S,1.0,20,false
2017-09-03,9,23:00,22,1,S,1.0,22,false
2017-09-04,9,20:00,16,1,S,1.0,16,false
2017-09-04,9,21:00,18,1,S,1.0,18,false
2017-09-04,9,22:00,20,2,S,0.95,20,true
2017-09-04,9,23:00,22,2,S,0.9545454545454546,22,true
2017-09-05,9,20:00,16,2,N,0.75,0,true
2017-09-05,9,21:00,18,2,N,0.7777777777777778,0,true
2017-09-05,9,22:00,20,2,N,0.8,0,true
2017-09-05,9,23:00,22,2,N,0.8181818181818182,0,true
2017-09-06,9,20:00,16,2,N,0.625,0,true
2017-09-06,9,21:00,18,2,N,0.5555555555555556,0,true
2017-09-06,9,22:00,20,2,N,0.55,0,true
2017-09-06,9,23:00,22,2,N,0.5454545454545454,0,true
2017-09-07,9,20:00,16,2,N,0.75,0,true
2017-09-07,9,21:00,18,2,N,0.7222222222222222,0,true
2017-09-07,9,22:00,20,2,N,0.75,0,true
2017-09-07,9,23:00,22,2,N,0.7727272727272727,0,true
2017-09-08,9,20:00,16,3,N,0.5,0,true
2017-09-08,9,21:00,18,3,N,0.5555555555555556,0,true
2017-09-08,9,22:00,20,3,N,0.5,0,true
2017-09-08,9,23:00,22,3,N,0.5,0,true
2017-09-09,9,20:00,16,3,N,0.75,0,true
2017-09-09,9,21:00,18,3,N,0.7777777777777778,0,true
2017-09-09,9,22:00,20,3,N,0.8,0,true
2017-09-09,9,23:00,22,3,N,0.7727272727272727,0,true
2017-09-10,9,20:00,16,2,N,0.9375,0,true
2017-09-10,9,21:00,18,2,N,0.9444444444444444,0,true
2017-09-10,9,22:00,20,2,N,0.95,0,true
2017-09-10,9,23:00,22,2,N,0.9545454545454546,0,true
2017-09-11,9,20:00,16,1,S,1.0,16,false
2017-09-11,9,21:00,18,1,S,1.0,18,false
2017-09-11,9,22:00,20,1,S,1.0,20,false
2017-09-11,9,23:00,22,1,S,1.0,22,false
2017-09-12,9,20:00,16,2,N,0.625,0,true
2017-09-12,9,21:00,18,2,N,0.6666666666666666,0,true
2017-09-12,9,22:00,20,2,N,0.7,0,true
2017-09-12,9,23:00,22,2,N,0.6818181818181818,0,true
2017-09-13,9,20:00,16,3,N,0.6875,0,true
2017-09-13,9,21:00,18,3,N,0.6666666666666666,0,true
2017-09-13,9,22:00,20,3,N,0.7,0,true
2017-09-13,9,23:00,22,3,N,0.7272727272727273,0,true
2017-09-14,9,20:00,16,2,N,0.8125,0,true
2017-09-14,9,21:00,18,2,N,0.8333333333333334,0,true
2017-09-14,9,22:00,20,2,N,0.85,0,true
2017-09-14,9,23:00,22,2,N,0.8636363636363636,0,true
2017-09-15,9,20:00,16,2,N,0.875,0,true
2017-09-15,9,21:00,18,2,N,0.8888888888888888,0,true
2017-09-15,9,22:00,20,2,N,0.9,0,true
2017-09-15,9,23:00,22,2,N,0.9090909090909091,0,true
2017-09-16,9,20:00,16,2,N,0.875,0,true
2017-09-16,9,21:00,18,3,N,0.7777777777777778,1,true
2017-09-16,9,22:00,20,4,N,0.7,3,true
2017-09-16,9,23:00,22,5,N,0.6363636363636364,3,true
2017-09-17,9,20:00,16,2,N,0.875,0,true
2017-09-17,9,21:00,18,2,N,0.8888888888888888,0,true
2017-09-17,9,22:00,20,2,N,0.9,0,true
2017-09-17,9,23:00,22,2,N,0.9090909090909091,0,true
2017-09-18,9,20:00,16,5,N,0.375,3,true
2017-09-18,9,21:00,18,6,N,0.3333333333333333,3,true
2017-09-18,9,22:00,20,6,N,0.35,3,true
2017-09-18,9,23:00,22,6,N,0.36363636363636365,3,true
2017-09-19,9,20:00,16,6,S,0.375,9,true
2017-09-19,9,21:00,18,6,S,0.3888888888888889,10,true
2017-09-19,9,22:00,20,6,S,0.45,12,true
2017-09-19,9,23:00,22,6,S,0.5,14,true
2017-09-20,9,20:00,16,3,S,0.875,16,true
2017-09-20,9,21:00,18,3,S,0.8333333333333334,18,true
2017-09-20,9,22:00,20,3,S,0.75,20,true
2017-09-20,9,23:00,22,3,S,0.7727272727272727,22,true
2017-09-21,9,20:00,16,3,N,0.5,1,true
2017-09-21,9,21:00,18,3,N,0.5,1,true
2017-09-21,9,22:00,20,3,N,0.5,1,true
2017-09-21,9,23:00,22,3,N,0.5,1,true
2017-09-22,9,20:00,16,3,N,0.5,0,true
2017-09-22,9,21:00,18,3,NE,0.5,0,true
2017-09-22,9,22:00,20,4,N,0.45,0,true
2017-09-22,9,23:00,22,5,N,0.4090909090909091,1,true
2017-09-23,9,20:00,16,5,N,0.4375,2,true
2017-09-23,9,21:00,18,5,N,0.4444444444444444,2,true
2017-09-23,9,22:00,20,5,N,0.45,2,true
2017-09-23,9,23:00,22,5,N,0.5,2,true
2017-09-24,9,20:00,16,2,N,0.9375,0,true
2017-09-24,9,21:00,18,2,N,0.9444444444444444,0,true
2017-09-24,9,22:00,20,2,N,0.95,0,true
2017-09-24,9,23:00,22,2,N,0.9545454545454546,0,true
2017-09-25,9,20:00,18,1,N,1.0,0,false
2017-09-25,9,21:00,20,1,N,1.0,0,false
2017-09-25,9,22:00,22,1,N,1.0,0,false
2017-09-25,9,23:00,24,1,N,1.0,0,false
2017-09-26,9,20:00,18,2,N,0.7222222222222222,0,true
2017-09-26,9,21:00,20,2,N,0.75,0,true
2017-09-26,9,22:00,22,2,N,0.7727272727272727,0,true
2017-09-26,9,23:00,24,2,N,0.7083333333333334,0,true
2017-09-27,9,20:00,18,7,N,0.3333333333333333,5,true
2017-09-27,9,21:00,20,7,N,0.3,7,true
2017-09-27,9,22:00,22,7,N,0.2727272727272727,9,true
2017-09-27,9,23:00,24,7,S,0.3333333333333333,11,true
2017-09-28,9,20:00,18,2,S,0.8888888888888888,18,true
2017-09-28,9,21:00,20,2,S,0.9,20,true
2017-09-28,9,22:00,22,2,S,0.9090909090909091,22,true
2017-09-28,9,23:00,24,2,S,0.9166666666666666,24,true
2017-09-29,9,20:00,18,2,N,0.9444444444444444,0,true
2017-09-29,9,21:00,20,2,N,0.95,0,true
2017-09-29,9,22:00,22,2,N,0.9545454545454546,0,true
2017-09-29,9,23:00,24,2,N,0.9583333333333334,0,true
2017-09-30,9,20:00,18,4,N,0.7222222222222222,3,true
2017-09-30,9,21:00,20,4,N,0.65,5,true
2017-09-30,9,22:00,22,4,N,0.5909090909090909,7,true
2017-09-30,9,23:00,24,4,N,0.5416666666666666,9,true
2017-10-01,10,20:00,18,2,N,0.6666666666666666,0,true
2017-10-01,10,21:00,20,2,N,0.7,0,true
2017-10-01,10,22:00,22,2,N,0.7272727272727273,0,true
2017-10-01,10,23:00,24,2,N,0.75,0,true
2017-10-02,10,20:00,18,5,N,0.5,4,true
2017-10-02,10,21:00,20,5,N,0.55,4,true
2017-10-02,10,22:00,22,5,N,0.5909090909090909,4,true
2017-10-02,10,23:00,24,5,N,0.625,4,true
2017-10-03,10,20:00,17,2,N,0.7058823529411765,0,true
2017-10-03,10,21:00,19,2,N,0.6842105263157895,0,true
2017-10-03,10,22:00,21,2,N,0.7142857142857143,0,true
2017-10-03,10,23:00,23,2,N,0.7391304347826086,0,true
2017-10-04,10,20:00,18,1,N,1.0,0,false
2017-10-04,10,21:00,20,1,N,1.0,0,false
2017-10-04,10,22:00,22,1,N,1.0,0,false
2017-10-04,10,23:00,24,1,N,1.0,0,false
2017-10-05,10,20:00,18,2,S,0.6111111111111112,11,true
2017-10-05,10,21:00,20,2,S,0.65,13,true
2017-10-05,10,22:00,22,2,S,0.6818181818181818,15,true
2017-10-05,10,23:00,24,3,S,0.6666666666666666,17,true
2017-10-06,10,20:00,18,2,N,0.7222222222222222,0,true
2017-10-06,10,21:00,20,2,N,0.75,0,true
2017-10-06,10,22:00,22,2,N,0.7727272727272727,0,true
2017-10-06,10,23:00,24,2,N,0.7916666666666666,0,true
2017-10-07,10,20:00,18,2,N,0.7222222222222222,0,true
2017-10-07,10,21:00,20,2,N,0.75,0,true
2017-10-07,10,22:00,22,2,N,0.7727272727272727,0,true
2017-10-07,10,23:00,24,2,N,0.7916666666666666,0,true
2017-10-08,10,20:00,18,7,N,0.2222222222222222,7,true
2017-10-08,10,21:00,20,7,NE,0.25,7,true
2017-10-08,10,22:00,22,7,NE,0.3181818181818182,7,true
2017-10-08,10,23:00,24,7,NE,0.375,7,true
2017-10-09,10,20:00,18,6,NE,0.6666666666666666,3,true
2017-10-09,10,21:00,20,6,NE,0.6,5,true
2017-10-09,10,22:00,22,6,NE,0.5454545454545454,7,true
2017-10-09,10,23:00,24,6,NE,0.5,9,true
2017-10-10,10,20:00,18,6,N,0.2777777777777778,8,true
2017-10-10,10,21:00,20,6,N,0.35,8,true
2017-10-10,10,22:00,22,6,N,0.4090909090909091,8,true
2017-10-10,10,23:00,24,6,N,0.4583333333333333,8,true
2017-10-11,10,20:00,18,2,N,0.6111111111111112,0,true
2017-10-11,10,21:00,20,3,N,0.6,0,true
2017-10-11,10,22:00,22,3,N,0.6363636363636364,0,true
2017-10-11,10,23:00,24,3,N,0.5833333333333334,0,true
2017-10-12,10,20:00,18,5,S,0.6111111111111112,11,true
2017-10-12,10,21:00,20,5,S,0.65,13,true
2017-10-12,10,22:00,22,5,S,0.6818181818181818,15,true
2017-10-12,10,23:00,24,5,S,0.7083333333333334,17,true
2017-10-13,10,20:00,18,1,N,1.0,0,false
2017-10-13,10,21:00,20,1,N,1.0,0,false
2017-10-13,10,22:00,22,1,N,1.0,0,false
2017-10-13,10,23:00,24,1,N,1.0,0,false
2017-10-14,10,20:00,18,1,N,1.0,0,false
2017-10-14,10,21:00,20,1,N,1.0,0,false
2017-10-14,10,22:00,22,1,N,1.0,0,false
2017-10-14,10,23:00,24,1,N,1.0,0,false
2017-10-15,10,20:00,18,6,NW,0.3333333333333333,4,true
2017-10-15,10,21:00,20,6,NW,0.3,6,true
2017-10-15,10,22:00,22,6,NW,0.2727272727272727,8,true
2017-10-15,10,23:00,24,6,S,0.3333333333333333,10,true
2017-10-16,10,20:00,18,1,N,1.0,0,false
2017-10-16,10,21:00,20,1,N,1.0,0,false
2017-10-16,10,22:00,22,2,N,0.9545454545454546,1,true
2017-10-16,10,23:00,24,3,N,0.875,3,true
2017-10-17,10,20:00,18,5,N,0.5555555555555556,4,true
2017-10-17,10,21:00,20,5,N,0.6,4,true
2017-10-17,10,22:00,22,5,N,0.6363636363636364,4,true
2017-10-17,10,23:00,24,5,N,0.6666666666666666,4,true
2017-10-18,10,20:00,18,2,S,0.5555555555555556,18,true
2017-10-18,10,21:00,20,2,S,0.6,20,true
2017-10-18,10,22:00,22,2,S,0.6363636363636364,22,true
2017-10-18,10,23:00,24,2,S,0.6666666666666666,24,true
2017-10-19,10,20:00,18,5,N,0.2777777777777778,7,true
2017-10-19,10,21:00,20,5,N,0.35,7,true
2017-10-19,10,22:00,22,5,N,0.4090909090909091,7,true
2017-10-19,10,23:00,24,5,N,0.4583333333333333,7,true
2017-10-20,10,20:00,18,2,N,0.5,0,true
2017-10-20,10,21:00,20,2,NE,0.55,0,true
2017-10-20,10,22:00,22,2,NE,0.5454545454545454,0,true
2017-10-20,10,23:00,24,4,NE,0.5,2,true
2017-10-21,10,20:00,18,1,N,1.0,0,false
2017-10-21,10,21:00,20,1,N,1.0,0,false
2017-10-21,10,22:00,22,1,N,1.0,0,false
2017-10-21,10,23:00,24,1,N,1.0,0,false
2017-10-22,10,20:00,18,1,N,1.0,0,false
2017-10-22,10,21:00,20,1,N,1.0,0,false
2017-10-22,10,22:00,22,1,N,1.0,0,false
2017-10-22,10,23:00,24,1,N,1.0,0,false
2017-10-23,10,20:00,18,2,N,0.8888888888888888,0,true
2017-10-23,10,21:00,20,2,N,0.9,0,true
2017-10-23,10,22:00,22,2,N,0.9090909090909091,0,true
2017-10-23,10,23:00,24,2,N,0.8333333333333334,0,true
2017-10-24,10,20:00,18,4,NW,0.2777777777777778,5,true
2017-10-24,10,21:00,20,4,S,0.35,7,true
2017-10-24,10,22:00,22,4,S,0.4090909090909091,9,true
2017-10-24,10,23:00,24,4,S,0.4583333333333333,11,true
2017-10-25,10,20:00,18,2,N,0.8333333333333334,0,true
2017-10-25,10,21:00,20,2,N,0.85,0,true
2017-10-25,10,22:00,22,2,N,0.8636363636363636,0,true
2017-10-25,10,23:00,24,2,N,0.875,0,true
2017-10-26,10,20:00,18,4,S,0.3888888888888889,10,true
2017-10-26,10,21:00,20,4,S,0.45,12,true
2017-10-26,10,22:00,22,4,S,0.5,14,true
2017-10-26,10,23:00,24,4,S,0.5416666666666666,16,true
2017-10-27,10,20:00,18,4,N,0.5555555555555556,2,true
2017-10-27,10,21:00,20,5,N,0.5,4,true
2017-10-27,10,22:00,22,5,N,0.45454545454545453,6,true
2017-10-27,10,23:00,24,5,N,0.4166666666666667,8,true
2017-10-28,10,20:00,18,4,NE,0.5,1,true
2017-10-28,10,21:00,20,6,NE,0.45,2,true
2017-10-28,10,22:00,22,7,NE,0.4090909090909091,4,true
2017-10-28,10,23:00,24,7,NE,0.375,6,true
2017-10-29,10,20:00,18,2,N,0.5555555555555556,0,true
2017-10-29,10,21:00,20,2,N,0.6,0,true
2017-10-29,10,22:00,22,2,N,0.6363636363636364,0,true
2017-10-29,10,23:00,24,2,N,0.6666666666666666,0,true
2017-10-30,10,20:00,18,1,N,1.0,0,false
2017-10-30,10,21:00,20,1,N,1.0,0,false
2017-10-30,10,22:00,22,1,N,1.0,0,false
2017-10-30,10,23:00,24,1,N,1.0,0,false
2017-10-31,10,20:00,18,2,N,0.6666666666666666,0,true
2017-10-31,10,21:00,20,2,N,0.7,0,true
2017-10-31,10,22:00,22,2,N,0.7272727272727273,0,true
2017-10-31,10,23:00,24,2,N,0.75,0,true
2017-11-01,11,20:00,18,2,N,0.9444444444444444,0,true
2017-11-01,11,21:00,20,2,N,0.95,0,true
2017-11-01,11,22:00,22,2,N,0.9545454545454546,0,true
2017-11-01,11,23:00,24,2,N,0.9583333333333334,0,true
2017-11-02,11,20:00,18,2,N,0.7777777777777778,0,true
2017-11-02,11,21:00,20,2,N,0.8,0,true
2017-11-02,11,22:00,22,2,N,0.8181818181818182,0,true
2017-11-02,11,23:00,24,2,N,0.8333333333333334,0,true
2017-11-03,11,20:00,18,1,N,1.0,0,false
2017-11-03,11,21:00,20,1,N,1.0,0,false
2017-11-03,11,22:00,22,1,N,1.0,0,false
2017-11-03,11,23:00,24,1,N,1.0,0,false
2017-11-04,11,20:00,18,2,N,0.7222222222222222,0,true
2017-11-04,11,21:00,20,2,N,0.75,0,true
2017-11-04,11,22:00,22,2,N,0.7727272727272727,0,true
2017-11-04,11,23:00,24,2,N,0.7916666666666666,0,true
2017-11-05,11,20:00,18,2,N,0.8888888888888888,0,true
2017-11-05,11,21:00,20,2,N,0.9,0,true
2017-11-05,11,22:00,22,2,N,0.8636363636363636,0,true
2017-11-05,11,23:00,24,2,N,0.875,0,true
2017-11-06,11,20:00,18,2,NW,0.7777777777777778,0,true
2017-11-06,11,21:00,20,2,NW,0.8,0,true
2017-11-06,11,22:00,22,4,NW,0.7272727272727273,1,true
2017-11-06,11,23:00,24,4,NW,0.6666666666666666,3,true
2017-11-07,11,20:00,18,2,N,0.7222222222222222,0,true
2017-11-07,11,21:00,20,2,N,0.75,0,true
2017-11-07,11,22:00,22,2,N,0.7727272727272727,0,true
2017-11-07,11,23:00,24,2,N,0.7916666666666666,0,true
2017-11-08,11,20:00,18,1,N,1.0,0,false
2017-11-08,11,21:00,20,1,N,1.0,0,false
2017-11-08,11,22:00,22,2,N,0.9545454545454546,0,true
2017-11-08,11,23:00,24,2,N,0.875,0,true
2017-11-09,11,20:00,18,3,N,0.6666666666666666,0,true
2017-11-09,11,21:00,20,3,N,0.7,0,true
2017-11-09,11,22:00,22,3,N,0.7272727272727273,0,true
2017-11-09,11,23:00,24,3,N,0.75,0,true
2017-11-10,11,20:00,18,3,N,0.5555555555555556,7,true
2017-11-10,11,21:00,20,3,N,0.5,9,true
2017-11-10,11,22:00,22,3,SE,0.5,11,true
2017-11-10,11,23:00,24,3,SE,0.5416666666666666,13,true
2017-11-11,11,20:00,18,6,NE,0.3888888888888889,5,true
2017-11-11,11,21:00,20,6,NE,0.35,7,true
2017-11-11,11,22:00,22,6,NE,0.3181818181818182,9,true
2017-11-11,11,23:00,24,6,NE,0.2916666666666667,11,true
2017-11-12,11,20:00,18,2,S,0.9444444444444444,18,true
2017-11-12,11,21:00,20,2,S,0.95,20,true
2017-11-12,11,22:00,22,2,S,0.9090909090909091,22,true
2017-11-12,11,23:00,24,2,S,0.9166666666666666,24,true
2017-11-13,11,20:00,18,1,S,1.0,18,false
2017-11-13,11,21:00,20,1,S,1.0,20,false
2017-11-13,11,22:00,22,1,S,1.0,22,false
2017-11-13,11,23:00,24,1,S,1.0,24,false
2017-11-14,11,20:00,18,2,S,0.8333333333333334,18,true
2017-11-14,11,21:00,20,2,S,0.85,20,true
2017-11-14,11,22:00,22,2,S,0.8636363636363636,22,true
2017-11-14,11,23:00,24,2,S,0.875,24,true
2017-11-15,11,20:00,18,6,SE,0.3333333333333333,7,true
2017-11-15,11,21:00,20,7,SE,0.3,9,true
2017-11-15,11,22:00,22,7,SE,0.2727272727272727,11,true
2017-11-15,11,23:00,24,7,SE,0.25,13,true
2017-11-16,11,20:00,18,2,NE,0.5555555555555556,0,true
2017-11-16,11,21:00,20,2,N,0.5,0,true
2017-11-16,11,22:00,22,2,N,0.5454545454545454,0,true
2017-11-16,11,23:00,24,2,N,0.5833333333333334,0,true
2017-11-17,11,20:00,18,1,N,1.0,0,false
2017-11-17,11,21:00,20,1,N,1.0,0,false
2017-11-17,11,22:00,22,1,N,1.0,0,false
2017-11-17,11,23:00,24,1,N,1.0,0,false
2017-11-18,11,20:00,18,2,S,0.5555555555555556,18,true
2017-11-18,11,21:00,20,2,S,0.5,20,true
2017-11-18,11,22:00,22,2,S,0.5,22,true
2017-11-18,11,23:00,24,2,SE,0.5416666666666666,24,true
2017-11-19,11,20:00,18,2,SE,0.9444444444444444,18,true
2017-11-19,11,21:00,20,2,SE,0.9,20,true
2017-11-19,11,22:00,22,2,SE,0.8181818181818182,22,true
2017-11-19,11,23:00,24,2,SE,0.75,24,true
2017-11-20,11,20:00,18,2,S,0.8888888888888888,18,true
2017-11-20,11,21:00,20,2,S,0.9,20,true
2017-11-20,11,22:00,22,2,S,0.8636363636363636,22,true
2017-11-20,11,23:00,24,2,S,0.875,24,true
2017-11-21,11,20:00,18,1,S,1.0,18,false
2017-11-21,11,21:00,20,1,S,1.0,20,false
2017-11-21,11,22:00,22,1,S,1.0,22,false
2017-11-21,11,23:00,24,1,S,1.0,24,false
2017-11-22,11,20:00,18,2,S,0.8888888888888888,18,true
2017-11-22,11,21:00,20,2,S,0.9,20,true
2017-11-22,11,22:00,22,2,S,0.9090909090909091,22,true
2017-11-22,11,23:00,24,2,S,0.9166666666666666,24,true
2017-11-23,11,20:00,18,5,N,0.3888888888888889,2,true
2017-11-23,11,21:00,20,6,N,0.35,4,true
2017-11-23,11,22:00,22,6,N,0.3181818181818182,6,true
2017-11-23,11,23:00,24,6,N,0.2916666666666667,8,true
2017-11-24,11,20:00,18,2,N,0.7222222222222222,0,true
2017-11-24,11,21:00,20,2,N,0.75,0,true
2017-11-24,11,22:00,22,2,N,0.7727272727272727,0,true
2017-11-24,11,23:00,24,2,N,0.7916666666666666,0,true
2017-11-25,11,20:00,18,5,N,0.3888888888888889,8,true
2017-11-25,11,21:00,20,5,N,0.35,10,true
2017-11-25,11,22:00,22,5,N,0.3181818181818182,12,true
2017-11-25,11,23:00,24,5,S,0.375,14,true
2017-11-26,11,20:00,18,2,S,0.9444444444444444,18,true
2017-11-26,11,21:00,20,2,S,0.85,20,true
2017-11-26,11,22:00,22,2,S,0.8636363636363636,22,true
2017-11-26,11,23:00,24,2,S,0.875,24,true
2017-11-27,11,20:00,18,5,N,0.3333333333333333,8,true
2017-11-27,11,21:00,20,5,S,0.4,10,true
2017-11-27,11,22:00,22,5,S,0.36363636363636365,11,true
2017-11-27,11,23:00,24,5,S,0.4166666666666667,13,true
2017-11-28,11,20:00,18,5,S,0.3888888888888889,15,true
2017-11-28,11,21:00,20,5,S,0.45,17,true
2017-11-28,11,22:00,22,5,S,0.5,19,true
2017-11-28,11,23:00,24,5,S,0.5416666666666666,21,true
2017-11-29,11,20:00,18,4,S,0.3333333333333333,11,true
2017-11-29,11,21:00,20,5,S,0.3,13,true
2017-11-29,11,22:00,22,5,S,0.3181818181818182,15,true
2017-11-29,11,23:00,24,5,S,0.3333333333333333,17,true
2017-11-30,11,20:00,18,2,S,0.5555555555555556,18,true
2017-11-30,11,21:00,20,2,S,0.6,20,true
2017-11-30,11,22:00,22,2,S,0.5454545454545454,22,true
2017-11-30,11,23:00,24,2,S,0.5,24,true
2017-12-01,12,20:00,18,7,N,0.3888888888888889,4,true
2017-12-01,12,21:00,20,7,N,0.45,4,true
2017-12-01,12,22:00,22,7,N,0.5,4,true
2017-12-01,12,23:00,24,7,N,0.5416666666666666,4,true
2017-12-02,12,20:00,18,1,N,1.0,0,false
2017-12-02,12,21:00,20,1,N,1.0,0,false
2017-12-02,12,22:00,22,1,N,1.0,0,false
2017-12-02,12,23:00,24,1,N,1.0,0,false
2017-12-03,12,20:00,18,1,N,1.0,0,false
2017-12-03,12,21:00,20,1,N,1.0,0,false
2017-12-03,12,22:00,22,1,N,1.0,0,false
2017-12-03,12,23:00,24,1,N,1.0,0,false
2017-12-04,12,20:00,18,2,N,0.8888888888888888,0,true
2017-12-04,12,21:00,20,2,N,0.9,0,true
2017-12-04,12,22:00,22,2,N,0.9090909090909091,0,true
2017-12-04,12,23:00,24,2,N,0.9166666666666666,0,true
2017-12-05,12,20:00,18,1,N,1.0,0,false
2017-12-05,12,21:00,20,1,N,1.0,0,false
2017-12-05,12,22:00,22,1,N,1.0,0,false
2017-12-05,12,23:00,24,1,N,1.0,0,false
2017-12-06,12,20:00,18,2,S,0.5,18,true
2017-12-06,12,21:00,20,2,S,0.55,20,true
2017-12-06,12,22:00,22,2,S,0.5454545454545454,22,true
2017-12-06,12,23:00,24,2,S,0.5416666666666666,24,true
2017-12-07,12,20:00,18,5,S,0.3333333333333333,7,true
2017-12-07,12,21:00,20,5,S,0.4,9,true
2017-12-07,12,22:00,22,5,S,0.45454545454545453,11,true
2017-12-07,12,23:00,24,5,S,0.5,13,true
2017-12-08,12,20:00,18,1,N,1.0,0,false
2017-12-08,12,21:00,20,1,N,1.0,0,false
2017-12-08,12,22:00,22,1,N,1.0,0,false
2017-12-08,12,23:00,24,1,N,1.0,0,false
2017-12-09,12,20:00,18,1,N,1.0,0,false
2017-12-09,12,21:00,20,1,N,1.0,0,false
2017-12-09,12,22:00,22,1,N,1.0,0,false
2017-12-09,12,23:00,24,1,N,1.0,0,false
2017-12-10,12,20:00,18,2,N,0.9444444444444444,0,true
2017-12-10,12,21:00,20,2,N,0.95,0,true
2017-12-10,12,22:00,22,2,N,0.9545454545454546,0,true
2017-12-10,12,23:00,24,2,N,0.9583333333333334,0,true
2017-12-11,12,20:00,18,1,N,1.0,0,false
2017-12-11,12,21:00,20,1,N,1.0,0,false
2017-12-11,12,22:00,22,1,N,1.0,0,false
2017-12-11,12,23:00,24,1,N,1.0,0,false
2017-12-12,12,20:00,18,1,N,1.0,0,false
2017-12-12,12,21:00,20,1,N,1.0,0,false
2017-12-12,12,22:00,22,1,N,1.0,0,false
2017-12-12,12,23:00,24,2,N,0.9583333333333334,0,true
2017-12-13,12,20:00,18,5,SW,0.5555555555555556,12,true
2017-12-13,12,21:00,20,5,SW,0.6,14,true
2017-12-13,12,22:00,22,6,SW,0.5909090909090909,16,true
2017-12-13,12,23:00,24,6,SW,0.5416666666666666,18,true
2017-12-14,12,20:00,18,2,SE,0.6111111111111112,18,true
2017-12-14,12,21:00,20,2,SE,0.65,20,true
2017-12-14,12,22:00,22,2,SE,0.6818181818181818,22,true
2017-12-14,12,23:00,24,2,SE,0.7083333333333334,24,true
2017-12-15,12,20:00,18,2,N,0.5555555555555556,0,true
2017-12-15,12,21:00,20,2,N,0.6,0,true
2017-12-15,12,22:00,22,2,N,0.6363636363636364,0,true
2017-12-15,12,23:00,24,2,N,0.6666666666666666,0,true
2017-12-16,12,20:00,18,1,N,1.0,0,false
2017-12-16,12,21:00,20,1,N,1.0,0,false
2017-12-16,12,22:00,22,1,N,1.0,0,false
2017-12-16,12,23:00,24,2,N,0.9166666666666666,0,true
2017-12-17,12,20:00,18,1,N,1.0,0,false
2017-12-17,12,21:00,20,1,N,1.0,0,false
2017-12-17,12,22:00,22,1,N,1.0,0,false
2017-12-17,12,23:00,24,1,N,1.0,0,false
2017-12-18,12,20:00,18,3,N,0.6111111111111112,6,true
2017-12-18,12,21:00,20,3,N,0.55,8,true
2017-12-18,12,22:00,22,3,N,0.5,10,true
2017-12-18,12,23:00,24,3,S,0.5,12,true
2017-12-19,12,20:00,18,5,N,0.5,3,true
2017-12-19,12,21:00,20,5,N,0.55,3,true
2017-12-19,12,22:00,22,5,N,0.5909090909090909,3,true
2017-12-19,12,23:00,24,5,N,0.625,3,true
2017-12-20,12,20:00,18,2,S,0.8888888888888888,18,true
2017-12-20,12,21:00,20,2,S,0.9,20,true
2017-12-20,12,22:00,22,2,S,0.9090909090909091,22,true
2017-12-20,12,23:00,24,2,S,0.9166666666666666,24,true
2017-12-21,12,20:00,18,4,S,0.5,9,true
2017-12-21,12,21:00,20,4,S,0.45,9,true
2017-12-21,12,22:00,22,4,N,0.4090909090909091,9,true
2017-12-21,12,23:00,24,4,N,0.4583333333333333,9,true
2017-12-22,12,20:00,18,2,S,0.7222222222222222,18,true
2017-12-22,12,21:00,20,2,S,0.75,20,true
2017-12-22,12,22:00,22,2,S,0.7727272727272727,22,true
2017-12-22,12,23:00,24,2,S,0.7916666666666666,24,true
2017-12-23,12,20:00,18,6,N,0.3333333333333333,4,true
2017-12-23,12,21:00,20,6,N,0.3,6,true
2017-12-23,12,22:00,22,6,N,0.2727272727272727,8,true
2017-12-23,12,23:00,24,6,S,0.2916666666666667,10,true
2017-12-24,12,20:00,18,2,N,0.7777777777777778,0,true
2017-12-24,12,21:00,20,2,N,0.8,0,true
2017-12-24,12,22:00,22,2,N,0.8181818181818182,0,true
2017-12-24,12,23:00,24,2,N,0.8333333333333334,0,true
2017-12-25,12,20:00,18,1,N,1.0,0,false
2017-12-25,12,21:00,20,1,N,1.0,0,false
2017-12-25,12,22:00,22,1,N,1.0,0,false
2017-12-25,12,23:00,24,1,N,1.0,0,false
2017-12-26,12,20:00,18,3,N,0.8888888888888888,1,true
2017-12-26,12,21:00,20,3,N,0.8,3,true
2017-12-26,12,22:00,22,4,N,0.7272727272727273,5,true
2017-12-26,12,23:00,24,5,N,0.6666666666666666,6,true
2017-12-27,12,20:00,18,1,S,1.0,18,false
2017-12-27,12,21:00,20,1,S,1.0,20,false
2017-12-27,12,22:00,22,1,S,1.0,22,false
2017-12-27,12,23:00,24,1,S,1.0,24,false
2017-12-28,12,20:00,18,1,S,1.0,18,false
2017-12-28,12,21:00,20,1,S,1.0,20,false
2017-12-28,12,22:00,22,1,S,1.0,22,false
2017-12-28,12,23:00,24,1,S,1.0,24,false
2017-12-29,12,20:00,18,1,S,1.0,18,false
2017-12-29,12,21:00,20,1,S,1.0,20,false
2017-12-29,12,22:00,22,1,S,1.0,22,false
2017-12-29,12,23:00,24,1,S,1.0,24,false
2017-12-30,12,20:00,18,5,NE,0.2777777777777778,9,true
2017-12-30,12,21:00,20,5,NE,0.3,9,true
2017-12-30,12,22:00,22,5,NE,0.3181818181818182,9,true
2017-12-30,12,23:00,24,5,N,0.2916666666666667,10,true
2017-12-31,12,20:00,18,1,N,1.0,0,false
2017-12-31,12,21:00,20,1,N,1.0,0,false
2017-12-31,12,22:00,22,1,N,1.0,0,false
2017-12-31,12,23:00,24,1,N,1.0,0,false
2018-01-01,1,20:00,18,3,N,0.6111111111111112,7,true
2018-01-01,1,21:00,20,3,N,0.55,9,true
2018-01-01,1,22:00,22,3,N,0.5,11,true
2018-01-01,1,23:00,24,3,N,0.4583333333333333,13,true
2018-01-02,1,20:00,18,4,N,0.6111111111111112,4,true
2018-01-02,1,21:00,20,4,N,0.65,4,true
2018-01-02,1,22:00,22,4,N,0.6818181818181818,4,true
2018-01-02,1,23:00,24,4,N,0.7083333333333334,4,true
2018-01-03,1,20:00,18,2,N,0.9444444444444444,0,true
2018-01-03,1,21:00,20,2,N,0.95,0,true
2018-01-03,1,22:00,22,2,N,0.9545454545454546,0,true
2018-01-03,1,23:00,24,2,N,0.9583333333333334,0,true
2018-01-04,1,20:00,18,2,N,0.8333333333333334,0,true
2018-01-04,1,21:00,20,2,N,0.85,0,true
2018-01-04,1,22:00,22,2,N,0.8636363636363636,0,true
2018-01-04,1,23:00,24,2,N,0.875,0,true
2018-01-05,1,20:00,18,5,NE,0.5,7,true
2018-01-05,1,21:00,20,5,NE,0.55,7,true
2018-01-05,1,22:00,22,5,NE,0.5,9,true
2018-01-05,1,23:00,24,5,NE,0.4583333333333333,11,true
2018-01-06,1,20:00,18,2,SW,0.9444444444444444,18,true
2018-01-06,1,21:00,20,2,SW,0.85,20,true
2018-01-06,1,22:00,22,2,SW,0.7727272727272727,22,true
2018-01-06,1,23:00,24,2,SW,0.7083333333333334,24,true
2018-01-07,1,20:00,18,3,S,0.5555555555555556,16,true
2018-01-07,1,21:00,20,5,S,0.5,16,true
2018-01-07,1,22:00,22,6,S,0.45454545454545453,16,true
2018-01-07,1,23:00,24,6,S,0.4166666666666667,16,true
2018-01-08,1,20:00,18,2,N,0.9444444444444444,0,true
2018-01-08,1,21:00,20,2,N,0.95,0,true
2018-01-08,1,22:00,22,2,N,0.9545454545454546,0,true
2018-01-08,1,23:00,24,2,N,0.9583333333333334,0,true
2018-01-09,1,20:00,18,1,N,1.0,0,false
2018-01-09,1,21:00,20,1,N,1.0,0,false
2018-01-09,1,22:00,22,1,N,1.0,0,false
2018-01-09,1,23:00,24,1,N,1.0,0,false
2018-01-10,1,20:00,18,2,N,0.9444444444444444,0,true
2018-01-10,1,21:00,20,2,N,0.9,0,true
2018-01-10,1,22:00,22,2,N,0.9090909090909091,0,true
2018-01-10,1,23:00,24,2,N,0.9166666666666666,0,true
2018-01-11,1,20:00,18,2,SW,0.6111111111111112,18,true
2018-01-11,1,21:00,20,2,SW,0.55,20,true
2018-01-11,1,22:00,22,2,S,0.5,22,true
2018-01-11,1,23:00,24,2,S,0.5416666666666666,24,true
2018-01-12,1,20:00,18,3,S,0.3888888888888889,18,true
2018-01-12,1,21:00,20,3,S,0.35,20,true
2018-01-12,1,22:00,22,3,SE,0.4090909090909091,22,true
2018-01-12,1,23:00,24,3,S,0.375,24,true
2018-01-13,1,20:00,18,5,S,0.4444444444444444,8,true
2018-01-13,1,21:00,20,5,S,0.5,10,true
2018-01-13,1,22:00,22,6,S,0.45454545454545453,10,true
2018-01-13,1,23:00,24,6,S,0.4166666666666667,10,true
2018-01-14,1,20:00,18,2,N,0.6111111111111112,0,true
2018-01-14,1,21:00,20,2,N,0.65,0,true
2018-01-14,1,22:00,22,2,N,0.6818181818181818,0,true
2018-01-14,1,23:00,24,2,N,0.7083333333333334,0,true
2018-01-15,1,20:00,18,2,N,0.9444444444444444,0,true
2018-01-15,1,21:00,20,2,N,0.95,0,true
2018-01-15,1,22:00,22,2,N,0.9545454545454546,0,true
2018-01-15,1,23:00,24,2,N,0.9583333333333334,0,true
2018-01-16,1,20:00,18,1,N,1.0,0,false
2018-01-16,1,21:00,20,2,N,0.95,0,true
2018-01-16,1,22:00,22,2,N,0.9545454545454546,0,true
2018-01-16,1,23:00,24,2,N,0.9583333333333334,0,true
2018-01-17,1,20:00,18,1,N,1.0,0,false
2018-01-17,1,21:00,20,1,N,1.0,0,false
2018-01-17,1,22:00,22,1,N,1.0,0,false
2018-01-17,1,23:00,24,1,N,1.0,0,false
2018-01-18,1,20:00,18,1,N,1.0,0,false
2018-01-18,1,21:00,20,2,N,0.95,0,true
2018-01-18,1,22:00,22,2,N,0.9545454545454546,0,true
2018-01-18,1,23:00,24,2,N,0.9583333333333334,0,true
2018-01-19,1,20:00,18,3,N,0.8888888888888888,0,true
2018-01-19,1,21:00,20,4,N,0.8,2,true
2018-01-19,1,22:00,22,4,N,0.7272727272727273,4,true
2018-01-19,1,23:00,24,5,N,0.6666666666666666,6,true
2018-01-20,1,20:00,18,1,N,1.0,0,false
2018-01-20,1,21:00,20,1,N,1.0,0,false
2018-01-20,1,22:00,22,1,N,1.0,0,false
2018-01-20,1,23:00,24,2,N,0.9583333333333334,0,true
2018-01-21,1,20:00,18,1,N,1.0,0,false
2018-01-21,1,21:00,20,1,N,1.0,0,false
2018-01-21,1,22:00,22,1,N,1.0,0,false
2018-01-21,1,23:00,24,1,N,1.0,0,false
2018-01-22,1,20:00,18,1,N,1.0,0,false
2018-01-22,1,21:00,20,1,N,1.0,0,false
2018-01-22,1,22:00,22,1,N,1.0,0,false
2018-01-22,1,23:00,24,1,N,1.0,0,false
2018-01-23,1,20:00,18,2,N,0.7777777777777778,0,true
2018-01-23,1,21:00,20,2,N,0.8,0,true
2018-01-23,1,22:00,22,2,N,0.8181818181818182,0,true
2018-01-23,1,23:00,24,2,N,0.8333333333333334,0,true
2018-01-24,1,20:00,18,2,N,0.9444444444444444,0,true
2018-01-24,1,21:00,20,2,N,0.95,0,true
2018-01-24,1,22:00,22,2,N,0.9545454545454546,0,true
2018-01-24,1,23:00,24,2,N,0.9583333333333334,0,true
2018-01-25,1,20:00,18,1,N,1.0,0,false
2018-01-25,1,21:00,20,1,N,1.0,0,false
2018-01-25,1,22:00,22,1,N,1.0,0,false
2018-01-25,1,23:00,24,1,N,1.0,0,false
2018-01-26,1,20:00,18,3,S,0.7777777777777778,16,true
2018-01-26,1,21:00,20,3,S,0.8,18,true
2018-01-26,1,22:00,22,3,S,0.8181818181818182,20,true
2018-01-26,1,23:00,24,3,S,0.8333333333333334,22,true
2018-01-27,1,20:00,18,2,S,0.8333333333333334,18,true
2018-01-27,1,21:00,20,2,S,0.8,20,true
2018-01-27,1,22:00,22,2,S,0.8181818181818182,22,true
2018-01-27,1,23:00,24,2,S,0.7916666666666666,24,true
2018-01-28,1,20:00,18,8,S,0.2777777777777778,11,true
2018-01-28,1,21:00,20,8,S,0.3,13,true
2018-01-28,1,22:00,22,8,SW,0.36363636363636365,15,true
2018-01-28,1,23:00,24,8,SW,0.4166666666666667,17,true
2018-01-29,1,20:00,16,7,SW,0.375,11,true
2018-01-29,1,21:00,16,7,SW,0.375,11,true
2018-01-29,1,22:00,16,7,SW,0.375,11,true
2018-01-29,1,23:00,16,7,SW,0.375,11,true
2018-01-30,1,20:00,18,2,N,0.8333333333333334,0,true
2018-01-30,1,21:00,20,2,N,0.85,0,true
2018-01-30,1,22:00,22,2,N,0.8636363636363636,0,true
2018-01-30,1,23:00,24,2,N,0.875,0,true
2018-01-31,1,20:00,18,1,N,1.0,0,false
2018-01-31,1,21:00,20,1,N,1.0,0,false
2018-01-31,1,22:00,22,1,N,1.0,0,false
2018-01-31,1,23:00,24,1,N,1.0,0,false
2018-02-01,2,20:00,18,2,N,0.9444444444444444,0,true
2018-02-01,2,21:00,20,2,N,0.95,0,true
2018-02-01,2,22:00,22,2,N,0.9545454545454546,0,true
2018-02-01,2,23:00,24,2,N,0.9583333333333334,0,true
2018-02-02,2,20:00,18,2,N,0.9444444444444444,0,true
2018-02-02,2,21:00,20,3,N,0.85,2,true
2018-02-02,2,22:00,22,3,N,0.7727272727272727,4,true
2018-02-02,2,23:00,24,3,N,0.7083333333333334,6,true
2018-02-03,2,20:00,18,2,S,0.8888888888888888,18,true
2018-02-03,2,21:00,20,2,S,0.9,20,true
2018-02-03,2,22:00,22,2,S,0.9090909090909091,22,true
2018-02-03,2,23:00,24,2,S,0.9166666666666666,24,true
2018-02-04,2,20:00,18,3,NE,0.5555555555555556,4,true
2018-02-04,2,21:00,20,3,NE,0.55,4,true
2018-02-04,2,22:00,22,3,NE,0.5,4,true
2018-02-04,2,23:00,24,3,NE,0.4583333333333333,4,true
2018-02-05,2,20:00,18,2,N,0.9444444444444444,0,true
2018-02-05,2,21:00,20,2,N,0.85,0,true
2018-02-05,2,22:00,22,2,N,0.7727272727272727,0,true
2018-02-05,2,23:00,24,2,N,0.75,0,true
2018-02-06,2,20:00,18,2,N,0.6111111111111112,0,true
2018-02-06,2,21:00,20,2,N,0.6,0,true
2018-02-06,2,22:00,22,2,N,0.5454545454545454,0,true
2018-02-06,2,23:00,24,3,N,0.5,1,true
2018-02-07,2,20:00,18,4,SE,0.7222222222222222,17,true
2018-02-07,2,21:00,20,4,SE,0.75,19,true
2018-02-07,2,22:00,22,4,SE,0.7272727272727273,21,true
2018-02-07,2,23:00,24,5,SE,0.7083333333333334,22,true
2018-02-08,2,20:00,18,4,SE,0.8333333333333334,16,true
2018-02-08,2,21:00,20,4,SE,0.75,18,true
2018-02-08,2,22:00,22,4,SE,0.6818181818181818,20,true
2018-02-08,2,23:00,24,4,SE,0.6666666666666666,22,true
2018-02-09,2,20:00,18,4,NE,0.5,2,true
2018-02-09,2,21:00,20,4,N,0.45,2,true
2018-02-09,2,22:00,22,4,N,0.5,2,true
2018-02-09,2,23:00,24,6,N,0.4583333333333333,3,true
2018-02-10,2,20:00,18,8,N,0.16666666666666666,7,true
2018-02-10,2,21:00,20,8,S,0.2,9,true
2018-02-10,2,22:00,22,8,SW,0.2727272727272727,11,true
2018-02-10,2,23:00,24,8,SW,0.3333333333333333,13,true
2018-02-11,2,20:00,18,5,S,0.3333333333333333,13,true
2018-02-11,2,21:00,20,6,SW,0.35,14,true
2018-02-11,2,22:00,22,6,S,0.36363636363636365,16,true
2018-02-11,2,23:00,24,6,S,0.4166666666666667,18,true
2018-02-12,2,20:00,18,1,N,1.0,0,false
2018-02-12,2,21:00,20,1,N,1.0,0,false
2018-02-12,2,22:00,22,1,N,1.0,0,false
2018-02-12,2,23:00,24,1,N,1.0,0,false
2018-02-13,2,20:00,18,2,N,0.9444444444444444,0,true
2018-02-13,2,21:00,20,2,N,0.95,0,true
2018-02-13,2,22:00,22,2,N,0.9545454545454546,0,true
2018-02-13,2,23:00,24,2,N,0.9583333333333334,0,true
2018-02-14,2,20:00,18,1,N,1.0,0,false
2018-02-14,2,21:00,20,1,N,1.0,0,false
2018-02-14,2,22:00,22,1,N,1.0,0,false
2018-02-14,2,23:00,24,1,N,1.0,0,false
2018-02-15,2,20:00,18,2,N,0.6666666666666666,0,true
2018-02-15,2,21:00,20,2,N,0.7,0,true
2018-02-15,2,22:00,22,2,N,0.7272727272727273,0,true
2018-02-15,2,23:00,24,2,N,0.75,0,true
2018-02-16,2,20:00,18,3,N,0.7777777777777778,0,true
2018-02-16,2,21:00,18,3,N,0.7777777777777778,0,true
2018-02-16,2,22:00,20,3,N,0.75,0,true
2018-02-16,2,23:00,22,3,N,0.7727272727272727,0,true
2018-02-17,2,20:00,18,1,N,1.0,0,false
2018-02-17,2,21:00,20,1,N,1.0,0,false
2018-02-17,2,22:00,22,1,N,1.0,0,false
2018-02-17,2,23:00,24,1,N,1.0,0,false
2018-02-18,2,20:00,18,2,N,0.9444444444444444,0,true
2018-02-18,2,21:00,20,2,N,0.95,0,true
2018-02-18,2,22:00,22,2,N,0.9545454545454546,0,true
2018-02-18,2,23:00,24,2,N,0.9583333333333334,0,true
2018-02-19,2,20:00,18,1,N,1.0,0,false
2018-02-19,2,21:00,20,1,N,1.0,0,false
2018-02-19,2,22:00,22,1,N,1.0,0,false
2018-02-19,2,23:00,24,1,N,1.0,0,false
2018-02-20,2,20:00,18,4,S,0.7222222222222222,14,true
2018-02-20,2,21:00,20,4,S,0.65,16,true
2018-02-20,2,22:00,22,4,S,0.6818181818181818,18,true
2018-02-20,2,23:00,24,4,S,0.7083333333333334,20,true
2018-02-21,2,20:00,18,2,N,0.5555555555555556,0,true
2018-02-21,2,21:00,20,2,N,0.5,0,true
2018-02-21,2,22:00,22,2,NW,0.5454545454545454,0,true
2018-02-21,2,23:00,24,2,NW,0.5833333333333334,0,true
2018-02-22,2,20:00,18,1,S,1.0,18,false
2018-02-22,2,21:00,20,1,S,1.0,20,false
2018-02-22,2,22:00,22,1,S,1.0,22,false
2018-02-22,2,23:00,24,1,S,1.0,24,false
2018-02-23,2,20:00,18,4,NE,0.6111111111111112,2,true
2018-02-23,2,21:00,20,4,NE,0.65,2,true
2018-02-23,2,22:00,22,4,NE,0.6818181818181818,2,true
2018-02-23,2,23:00,24,4,NE,0.6666666666666666,2,true
2018-02-24,2,20:00,18,4,N,0.8333333333333334,0,true
2018-02-24,2,21:00,20,4,N,0.75,0,true
2018-02-24,2,22:00,22,4,N,0.6818181818181818,0,true
2018-02-24,2,23:00,24,4,N,0.7083333333333334,0,true
2018-02-25,2,20:00,18,1,N,1.0,0,false
2018-02-25,2,21:00,20,1,N,1.0,0,false
2018-02-25,2,22:00,22,1,N,1.0,0,false
2018-02-25,2,23:00,24,1,N,1.0,0,false
2018-02-26,2,20:00,18,3,N,0.6666666666666666,1,true
2018-02-26,2,21:00,20,3,N,0.6,3,true
2018-02-26,2,22:00,22,3,N,0.5454545454545454,5,true
2018-02-26,2,23:00,24,3,N,0.5,7,true
2018-02-27,2,20:00,18,2,S,0.6666666666666666,18,true
2018-02-27,2,21:00,20,2,S,0.6,20,true
2018-02-27,2,22:00,22,2,S,0.5454545454545454,22,true
2018-02-27,2,23:00,24,2,S,0.5,24,true
2018-02-28,2,20:00,18,7,NW,0.2222222222222222,8,true
2018-02-28,2,21:00,20,7,NW,0.25,8,true
2018-02-28,2,22:00,22,7,NW,0.22727272727272727,10,true
2018-02-28,2,23:00,24,7,S,0.2916666666666667,12,true
2018-03-01,3,20:00,18,2,N,0.7777777777777778,0,true
2018-03-01,3,21:00,20,2,N,0.75,0,true
2018-03-01,3,22:00,22,2,N,0.6818181818181818,0,true
2018-03-01,3,23:00,24,2,N,0.7083333333333334,0,true
2018-03-02,3,20:00,18,2,N,0.9444444444444444,0,true
2018-03-02,3,21:00,20,2,N,0.95,0,true
2018-03-02,3,22:00,22,2,N,0.9545454545454546,0,true
2018-03-02,3,23:00,24,2,N,0.9583333333333334,0,true
2018-03-03,3,20:00,18,2,N,0.8333333333333334,0,true
2018-03-03,3,21:00,20,2,N,0.8,0,true
2018-03-03,3,22:00,22,2,N,0.8181818181818182,0,true
2018-03-03,3,23:00,24,2,N,0.8333333333333334,0,true
2018-03-04,3,20:00,18,1,N,1.0,0,false
2018-03-04,3,21:00,20,2,N,0.95,0,true
2018-03-04,3,22:00,22,2,N,0.9090909090909091,0,true
2018-03-04,3,23:00,24,2,N,0.9166666666666666,0,true
2018-03-05,3,20:00,18,2,N,0.7777777777777778,0,true
2018-03-05,3,21:00,20,2,N,0.7,0,true
2018-03-05,3,22:00,22,2,N,0.6818181818181818,0,true
2018-03-05,3,23:00,24,2,N,0.7083333333333334,0,true
2018-03-06,3,20:00,18,2,N,0.8888888888888888,0,true
2018-03-06,3,21:00,20,2,N,0.9,0,true
2018-03-06,3,22:00,22,2,N,0.9090909090909091,0,true
2018-03-06,3,23:00,24,3,N,0.875,0,true
2018-03-07,3,20:00,18,1,S,1.0,18,false
2018-03-07,3,21:00,20,1,S,1.0,20,false
2018-03-07,3,22:00,22,1,S,1.0,22,false
2018-03-07,3,23:00,24,1,S,1.0,24,false
2018-03-08,3,20:00,18,1,S,1.0,18,false
2018-03-08,3,21:00,20,1,S,1.0,20,false
2018-03-08,3,22:00,22,1,S,1.0,22,false
2018-03-08,3,23:00,24,1,S,1.0,24,false
2018-03-09,3,20:00,18,1,S,1.0,18,false
2018-03-09,3,21:00,20,1,S,1.0,20,false
2018-03-09,3,22:00,22,1,S,1.0,22,false
2018-03-09,3,23:00,24,1,S,1.0,24,false
2018-03-10,3,20:00,18,2,S,0.8888888888888888,18,true
2018-03-10,3,21:00,20,2,S,0.85,20,true
2018-03-10,3,22:00,22,2,S,0.7727272727272727,22,true
2018-03-10,3,23:00,24,2,S,0.7083333333333334,24,true
2018-03-11,3,20:00,18,3,NE,0.5,0,true
2018-03-11,3,21:00,20,3,NE,0.55,0,true
2018-03-11,3,22:00,22,3,NE,0.5909090909090909,0,true
2018-03-11,3,23:00,24,4,NE,0.5416666666666666,2,true
2018-03-12,3,20:00,18,2,N,0.5555555555555556,0,true
2018-03-12,3,21:00,20,2,N,0.6,0,true
2018-03-12,3,22:00,22,2,N,0.6363636363636364,0,true
2018-03-12,3,23:00,24,2,N,0.6666666666666666,0,true
2018-03-13,3,20:00,18,2,N,0.8888888888888888,0,true
2018-03-13,3,21:00,20,2,N,0.9,0,true
2018-03-13,3,22:00,22,2,N,0.9090909090909091,0,true
2018-03-13,3,23:00,24,2,N,0.9166666666666666,0,true
2018-03-14,3,20:00,18,7,N,0.2222222222222222,4,true
2018-03-14,3,21:00,20,7,NE,0.3,4,true
2018-03-14,3,22:00,22,7,NE,0.2727272727272727,6,true
2018-03-14,3,23:00,24,7,NE,0.25,8,true
2018-03-15,3,20:00,18,2,N,0.9444444444444444,0,true
2018-03-15,3,21:00,20,2,N,0.95,0,true
2018-03-15,3,22:00,22,2,N,0.9545454545454546,0,true
2018-03-15,3,23:00,24,2,N,0.9583333333333334,0,true
2018-03-16,3,20:00,18,1,N,1.0,0,false
2018-03-16,3,21:00,20,2,N,0.95,0,true
2018-03-16,3,22:00,22,2,N,0.8636363636363636,0,true
2018-03-16,3,23:00,24,2,N,0.7916666666666666,0,true
2018-03-17,3,20:00,18,2,SE,0.6111111111111112,18,true
2018-03-17,3,21:00,20,2,SE,0.6,20,true
2018-03-17,3,22:00,22,2,SE,0.6363636363636364,22,true
2018-03-17,3,23:00,24,2,SE,0.6666666666666666,24,true
2018-03-18,3,20:00,18,3,NE,0.4444444444444444,0,true
2018-03-18,3,21:00,20,5,NE,0.4,1,true
2018-03-18,3,22:00,22,5,NE,0.36363636363636365,3,true
2018-03-18,3,23:00,24,5,NE,0.3333333333333333,5,true
2018-03-19,3,20:00,18,5,N,0.3333333333333333,1,true
2018-03-19,3,21:00,20,5,N,0.4,1,true
2018-03-19,3,22:00,22,5,N,0.45454545454545453,1,true
2018-03-19,3,23:00,24,5,N,0.5,1,true
2018-03-20,3,20:00,18,2,N,0.8888888888888888,0,true
2018-03-20,3,21:00,20,2,N,0.9,0,true
2018-03-20,3,22:00,22,2,N,0.9090909090909091,0,true
2018-03-20,3,23:00,24,2,N,0.9166666666666666,0,true
2018-03-21,3,20:00,18,2,N,0.9444444444444444,0,true
2018-03-21,3,21:00,20,2,N,0.95,0,true
2018-03-21,3,22:00,22,2,N,0.9545454545454546,0,true
2018-03-21,3,23:00,24,2,N,0.9583333333333334,0,true
2018-03-22,3,20:00,18,3,S,0.6111111111111112,11,true
2018-03-22,3,21:00,20,3,S,0.65,13,true
2018-03-22,3,22:00,22,3,S,0.6818181818181818,15,true
2018-03-22,3,23:00,24,3,S,0.7083333333333334,17,true
2018-03-23,3,20:00,18,1,S,1.0,18,false
2018-03-23,3,21:00,20,1,S,1.0,20,false
2018-03-23,3,22:00,22,1,S,1.0,22,false
2018-03-23,3,23:00,24,1,S,1.0,24,false
2018-03-24,3,20:00,18,4,N,0.3888888888888889,2,true
2018-03-24,3,21:00,20,4,N,0.45,2,true
2018-03-24,3,22:00,22,4,N,0.5,2,true
2018-03-24,3,23:00,24,4,N,0.5,2,true
2018-03-25,3,20:00,18,1,N,1.0,0,false
2018-03-25,3,21:00,20,1,N,1.0,0,false
2018-03-25,3,22:00,22,1,N,1.0,0,false
2018-03-25,3,23:00,24,1,N,1.0,0,false
2018-03-26,3,20:00,18,1,N,1.0,0,false
2018-03-26,3,21:00,20,1,N,1.0,0,false
2018-03-26,3,22:00,22,1,N,1.0,0,false
2018-03-26,3,23:00,24,1,N,1.0,0,false
2018-03-27,3,20:00,18,1,N,1.0,0,false
2018-03-27,3,21:00,20,1,N,1.0,0,false
2018-03-27,3,22:00,22,1,N,1.0,0,false
2018-03-27,3,23:00,24,1,N,1.0,0,false
2018-03-28,3,20:00,18,1,N,1.0,0,false
2018-03-28,3,21:00,20,1,N,1.0,0,false
2018-03-28,3,22:00,22,1,N,1.0,0,false
2018-03-28,3,23:00,24,1,N,1.0,0,false
2018-03-29,3,20:00,18,1,N,1.0,0,false
2018-03-29,3,21:00,20,1,N,1.0,0,false
2018-03-29,3,22:00,22,1,N,1.0,0,false
2018-03-29,3,23:00,24,1,N,1.0,0,false
2018-03-30,3,20:00,18,5,S,0.4444444444444444,12,true
2018-03-30,3,21:00,20,5,S,0.4,12,true
2018-03-30,3,22:00,22,5,S,0.36363636363636365,12,true
2018-03-30,3,23:00,24,5,S,0.3333333333333333,12,true
2018-03-31,3,20:00,18,2,N,0.7222222222222222,0,true
2018-03-31,3,21:00,20,2,N,0.75,0,true
2018-03-31,3,22:00,22,2,N,0.7727272727272727,0,true
2018-03-31,3,23:00,24,2,N,0.7916666666666666,0,true
2018-04-01,4,20:00,18,4,NE,0.3888888888888889,4,true
2018-04-01,4,21:00,20,4,NE,0.35,4,true
2018-04-01,4,22:00,22,4,N,0.36363636363636365,4,true
2018-04-01,4,23:00,24,4,N,0.4166666666666667,4,true
2018-04-02,4,20:00,16,1,N,1.0,0,false
2018-04-02,4,21:00,18,1,N,1.0,0,false
2018-04-02,4,22:00,20,1,N,1.0,0,false
2018-04-02,4,23:00,22,1,N,1.0,0,false
2018-04-03,4,20:00,16,1,N,1.0,0,false
2018-04-03,4,21:00,18,1,N,1.0,0,false
2018-04-03,4,22:00,20,2,N,0.95,0,true
2018-04-03,4,23:00,22,2,N,0.9090909090909091,0,true
2018-04-04,4,20:00,16,1,N,1.0,0,false
2018-04-04,4,21:00,18,1,N,1.0,0,false
2018-04-04,4,22:00,20,1,N,1.0,0,false
2018-04-04,4,23:00,22,1,N,1.0,0,false
2018-04-05,4,20:00,16,2,N,0.625,0,true
2018-04-05,4,21:00,18,4,N,0.5555555555555556,1,true
2018-04-05,4,22:00,20,5,N,0.5,3,true
2018-04-05,4,23:00,22,5,N,0.45454545454545453,5,true
2018-04-06,4,20:00,16,1,N,1.0,0,false
2018-04-06,4,21:00,18,1,N,1.0,0,false
2018-04-06,4,22:00,20,1,N,1.0,0,false
2018-04-06,4,23:00,22,1,N,1.0,0,false
2018-04-07,4,20:00,16,2,N,0.9375,0,true
2018-04-07,4,21:00,18,2,N,0.8333333333333334,0,true
2018-04-07,4,22:00,20,2,N,0.75,0,true
2018-04-07,4,23:00,22,2,N,0.6818181818181818,0,true
2018-04-08,4,20:00,16,4,N,0.4375,1,true
2018-04-08,4,21:00,18,4,N,0.4444444444444444,1,true
2018-04-08,4,22:00,20,4,N,0.45,1,true
2018-04-08,4,23:00,22,4,N,0.5,1,true
2018-04-09,4,20:00,16,3,N,0.6875,5,true
2018-04-09,4,21:00,18,3,N,0.6111111111111112,7,true
2018-04-09,4,22:00,20,3,N,0.55,9,true
2018-04-09,4,23:00,22,3,N,0.5,11,true
2018-04-10,4,20:00,16,4,S,0.625,12,true
2018-04-10,4,21:00,18,5,S,0.6111111111111112,14,true
2018-04-10,4,22:00,20,5,S,0.6,16,true
2018-04-10,4,23:00,22,5,S,0.5454545454545454,18,true
2018-04-11,4,20:00,16,1,S,1.0,16,false
2018-04-11,4,21:00,18,1,S,1.0,18,false
2018-04-11,4,22:00,20,1,S,1.0,20,false
2018-04-11,4,23:00,22,1,S,1.0,22,false
2018-04-12,4,20:00,16,4,S,0.5625,13,true
2018-04-12,4,21:00,18,5,S,0.5,13,true
2018-04-12,4,22:00,20,5,S,0.45,13,true
2018-04-12,4,23:00,22,5,S,0.4090909090909091,13,true
2018-04-13,4,20:00,16,1,S,1.0,16,false
2018-04-13,4,21:00,18,1,S,1.0,18,false
2018-04-13,4,22:00,20,1,S,1.0,20,false
2018-04-13,4,23:00,22,1,S,1.0,22,false
2018-04-14,4,20:00,16,5,NE,0.375,4,true
2018-04-14,4,21:00,18,5,NE,0.3333333333333333,6,true
2018-04-14,4,22:00,20,5,NE,0.3,8,true
2018-04-14,4,23:00,22,5,NE,0.2727272727272727,10,true
2018-04-15,4,20:00,16,5,NE,0.4375,4,true
2018-04-15,4,21:00,18,5,NE,0.5,4,true
2018-04-15,4,22:00,20,5,NE,0.45,4,true
2018-04-15,4,23:00,22,5,NE,0.4090909090909091,4,true
2018-04-16,4,20:00,16,1,N,1.0,0,false
2018-04-16,4,21:00,18,1,N,1.0,0,false
2018-04-16,4,22:00,20,1,N,1.0,0,false
2018-04-16,4,23:00,22,1,N,1.0,0,false
2018-04-17,4,20:00,16,2,N,0.9375,0,true
2018-04-17,4,21:00,18,2,N,0.9444444444444444,0,true
2018-04-17,4,22:00,20,2,N,0.95,0,true
2018-04-17,4,23:00,22,2,N,0.9545454545454546,0,true
2018-04-18,4,20:00,16,2,NW,0.8125,0,true
2018-04-18,4,21:00,18,2,NW,0.8333333333333334,0,true
2018-04-18,4,22:00,20,2,NW,0.75,0,true
2018-04-18,4,23:00,22,3,NW,0.7272727272727273,0,true
2018-04-19,4,20:00,16,2,N,0.9375,0,true
2018-04-19,4,21:00,18,2,N,0.9444444444444444,0,true
2018-04-19,4,22:00,20,2,N,0.95,0,true
2018-04-19,4,23:00,22,2,N,0.9545454545454546,0,true
2018-04-20,4,20:00,16,2,N,0.9375,0,true
2018-04-20,4,21:00,18,2,N,0.9444444444444444,0,true
2018-04-20,4,22:00,20,2,N,0.9,0,true
2018-04-20,4,23:00,22,2,N,0.8636363636363636,0,true
2018-04-21,4,20:00,16,2,N,0.9375,0,true
2018-04-21,4,21:00,18,2,N,0.9444444444444444,0,true
2018-04-21,4,22:00,20,2,N,0.85,0,true
2018-04-21,4,23:00,22,2,N,0.7727272727272727,0,true
2018-04-22,4,20:00,15,1,S,1.0,15,false
2018-04-22,4,21:00,17,1,S,1.0,17,false
2018-04-22,4,22:00,19,1,S,1.0,19,false
2018-04-22,4,23:00,21,1,S,1.0,21,false
2018-04-23,4,20:00,16,3,N,0.5,0,true
2018-04-23,4,21:00,18,3,N,0.5,0,true
2018-04-23,4,22:00,20,5,N,0.45,1,true
2018-04-23,4,23:00,22,5,N,0.4090909090909091,1,true
2018-04-24,4,20:00,16,2,N,0.8125,0,true
2018-04-24,4,21:00,18,2,N,0.8333333333333334,0,true
2018-04-24,4,22:00,20,2,N,0.85,0,true
2018-04-24,4,23:00,22,2,N,0.8636363636363636,0,true
2018-04-25,4,20:00,16,2,N,0.8125,0,true
2018-04-25,4,21:00,18,2,N,0.8333333333333334,0,true
2018-04-25,4,22:00,20,2,N,0.75,0,true
2018-04-25,4,23:00,22,2,N,0.7727272727272727,0,true
2018-04-26,4,20:00,16,1,N,1.0,0,false
2018-04-26,4,21:00,18,1,N,1.0,0,false
2018-04-26,4,22:00,20,2,N,0.95,0,true
2018-04-26,4,23:00,22,2,N,0.9545454545454546,0,true
2018-04-27,4,20:00,16,2,N,0.5625,0,true
2018-04-27,4,21:00,18,2,N,0.6111111111111112,0,true
2018-04-27,4,22:00,20,2,N,0.65,0,true
2018-04-27,4,23:00,22,2,N,0.6818181818181818,0,true
2018-04-28,4,20:00,16,4,N,0.75,2,true
2018-04-28,4,21:00,18,4,N,0.7777777777777778,2,true
2018-04-28,4,22:00,20,5,N,0.7,3,true
2018-04-28,4,23:00,22,5,N,0.6818181818181818,4,true
2018-04-29,4,20:00,16,7,S,0.375,7,true
2018-04-29,4,21:00,18,7,S,0.3333333333333333,7,true
2018-04-29,4,22:00,20,7,S,0.3,8,true
2018-04-29,4,23:00,22,7,S,0.2727272727272727,9,true
2018-04-30,4,20:00,16,1,S,1.0,16,false
2018-04-30,4,21:00,18,1,S,1.0,18,false
2018-04-30,4,22:00,20,1,S,1.0,20,false
2018-04-30,4,23:00,22,1,S,1.0,22,false
2018-05-01,5,20:00,16,1,S,1.0,16,false
2018-05-01,5,21:00,18,1,S,1.0,18,false
2018-05-01,5,22:00,20,1,S,1.0,20,false
2018-05-01,5,23:00,22,1,S,1.0,22,false
2018-05-02,5,20:00,16,2,S,0.9375,16,true
2018-05-02,5,21:00,18,2,S,0.9444444444444444,18,true
2018-05-02,5,22:00,20,2,S,0.95,20,true
2018-05-02,5,23:00,22,2,S,0.9545454545454546,22,true
2018-05-03,5,20:00,16,2,NE,0.75,0,true
2018-05-03,5,21:00,18,2,NE,0.7777777777777778,0,true
2018-05-03,5,22:00,20,2,NE,0.75,0,true
2018-05-03,5,23:00,22,2,NE,0.6818181818181818,0,true
2018-05-04,5,20:00,16,2,NE,0.6875,0,true
2018-05-04,5,21:00,18,2,NE,0.6666666666666666,0,true
2018-05-04,5,22:00,20,2,NE,0.65,0,true
2018-05-04,5,23:00,22,2,NE,0.5909090909090909,0,true
2018-05-05,5,20:00,16,2,N,0.6875,0,true
2018-05-05,5,21:00,18,2,N,0.7222222222222222,0,true
2018-05-05,5,22:00,20,2,N,0.75,0,true
2018-05-05,5,23:00,22,2,N,0.7727272727272727,0,true
2018-05-06,5,20:00,16,1,N,1.0,0,false
2018-05-06,5,21:00,18,2,N,0.9444444444444444,0,true
2018-05-06,5,22:00,20,2,N,0.9,0,true
2018-05-06,5,23:00,22,2,N,0.9090909090909091,0,true
2018-05-07,5,20:00,16,4,N,0.375,0,true
2018-05-07,5,21:00,18,4,N,0.4444444444444444,0,true
2018-05-07,5,22:00,20,4,N,0.45,0,true
2018-05-07,5,23:00,22,4,N,0.5,0,true
2018-05-08,5,20:00,16,2,N,0.9375,0,true
2018-05-08,5,21:00,18,2,N,0.9444444444444444,0,true
2018-05-08,5,22:00,20,2,N,0.95,0,true
2018-05-08,5,23:00,22,2,N,0.9545454545454546,0,true
2018-05-09,5,20:00,16,1,N,1.0,0,false
2018-05-09,5,21:00,18,2,N,0.8888888888888888,0,true
2018-05-09,5,22:00,20,2,N,0.8,0,true
2018-05-09,5,23:00,22,2,N,0.8181818181818182,0,true
2018-05-10,5,20:00,16,2,N,0.8125,0,true
2018-05-10,5,21:00,18,2,N,0.8333333333333334,0,true
2018-05-10,5,22:00,19,2,N,0.8421052631578947,0,true
2018-05-10,5,23:00,21,2,N,0.8571428571428571,0,true
2018-05-11,5,20:00,16,1,N,1.0,0,false
2018-05-11,5,21:00,18,1,N,1.0,0,false
2018-05-11,5,22:00,20,1,N,1.0,0,false
2018-05-11,5,23:00,22,1,N,1.0,0,false
2018-05-12,5,20:00,16,4,N,0.75,2,true
2018-05-12,5,21:00,18,4,N,0.6666666666666666,4,true
2018-05-12,5,22:00,20,4,N,0.6,6,true
2018-05-12,5,23:00,22,4,N,0.5454545454545454,8,true
2018-05-13,5,20:00,16,7,E,0.375,7,true
2018-05-13,5,21:00,18,7,E,0.3333333333333333,8,true
2018-05-13,5,22:00,20,7,E,0.3,9,true
2018-05-13,5,23:00,22,7,E,0.2727272727272727,11,true
2018-05-14,5,20:00,16,2,S,0.9375,16,true
2018-05-14,5,21:00,18,2,S,0.9444444444444444,18,true
2018-05-14,5,22:00,20,2,S,0.95,20,true
2018-05-14,5,23:00,22,2,S,0.9545454545454546,22,true
2018-05-15,5,20:00,16,7,N,0.3125,6,true
2018-05-15,5,21:00,18,7,N,0.3888888888888889,6,true
2018-05-15,5,22:00,20,7,N,0.35,6,true
2018-05-15,5,23:00,22,7,N,0.3181818181818182,6,true
2018-05-16,5,20:00,16,3,N,0.8125,1,true
2018-05-16,5,21:00,18,3,N,0.8333333333333334,1,true
2018-05-16,5,22:00,20,3,N,0.85,1,true
2018-05-16,5,23:00,22,3,N,0.8636363636363636,1,true
2018-05-17,5,20:00,16,6,S,0.375,7,true
2018-05-17,5,21:00,18,6,S,0.4444444444444444,9,true
2018-05-17,5,22:00,20,6,S,0.5,11,true
2018-05-17,5,23:00,22,6,S,0.5454545454545454,13,true
2018-05-18,5,20:00,16,1,N,1.0,0,false
2018-05-18,5,21:00,18,1,N,1.0,0,false
2018-05-18,5,22:00,20,2,N,0.95,0,true
2018-05-18,5,23:00,22,2,N,0.9090909090909091,0,true
2018-05-19,5,20:00,16,2,N,0.8125,0,true
2018-05-19,5,21:00,18,2,N,0.7222222222222222,0,true
2018-05-19,5,22:00,20,2,N,0.7,0,true
2018-05-19,5,23:00,22,2,N,0.6818181818181818,0,true
2018-05-20,5,20:00,16,2,N,0.9375,0,true
2018-05-20,5,21:00,18,2,N,0.9444444444444444,0,true
2018-05-20,5,22:00,20,2,N,0.95,0,true
2018-05-20,5,23:00,22,3,N,0.9090909090909091,0,true
2018-05-21,5,20:00,16,2,N,0.6875,0,true
2018-05-21,5,21:00,18,2,N,0.6111111111111112,0,true
2018-05-21,5,22:00,20,2,N,0.6,0,true
2018-05-21,5,23:00,22,3,N,0.5454545454545454,0,true
2018-05-22,5,20:00,16,2,N,0.9375,0,true
2018-05-22,5,21:00,18,2,N,0.9444444444444444,0,true
2018-05-22,5,22:00,20,2,N,0.95,0,true
2018-05-22,5,23:00,22,2,N,0.9545454545454546,0,true
2018-05-23,5,20:00,16,2,N,0.5,0,true
2018-05-23,5,21:00,18,3,N,0.5,0,true
2018-05-23,5,22:00,20,3,N,0.5,0,true
2018-05-23,5,23:00,22,4,N,0.45454545454545453,0,true
2018-05-24,5,20:00,16,3,NE,0.5625,6,true
2018-05-24,5,21:00,18,3,NE,0.5,6,true
2018-05-24,5,22:00,20,3,NE,0.45,6,true
2018-05-24,5,23:00,22,3,NE,0.4090909090909091,6,true
2018-05-25,5,20:00,16,4,NW,0.6875,0,true
2018-05-25,5,21:00,18,4,NW,0.6111111111111112,0,true
2018-05-25,5,22:00,20,4,NW,0.55,0,true
2018-05-25,5,23:00,22,5,NW,0.5,0,true
2018-05-26,5,20:00,16,1,S,1.0,16,false
2018-05-26,5,21:00,18,1,S,1.0,18,false
2018-05-26,5,22:00,20,1,S,1.0,20,false
2018-05-26,5,23:00,22,1,S,1.0,22,false
2018-05-27,5,20:00,16,3,N,0.375,6,true
2018-05-27,5,21:00,18,3,S,0.4444444444444444,8,true
2018-05-27,5,22:00,20,3,S,0.5,10,true
2018-05-27,5,23:00,22,3,S,0.5454545454545454,12,true
2018-05-28,5,20:00,16,2,S,0.75,16,true
2018-05-28,5,21:00,18,2,S,0.7777777777777778,18,true
2018-05-28,5,22:00,20,2,S,0.8,20,true
2018-05-28,5,23:00,22,2,S,0.8181818181818182,22,true
2018-05-29,5,20:00,16,1,S,1.0,16,false
2018-05-29,5,21:00,18,1,S,1.0,18,false
2018-05-29,5,22:00,20,1,S,1.0,20,false
2018-05-29,5,23:00,22,1,S,1.0,22,false
2018-05-30,5,20:00,16,1,S,1.0,16,false
2018-05-30,5,21:00,18,2,S,0.9444444444444444,18,true
2018-05-30,5,22:00,20,2,S,0.95,20,true
2018-05-30,5,23:00,22,2,S,0.9545454545454546,22,true
2018-05-31,5,20:00,16,2,SW,0.9375,15,true
2018-05-31,5,21:00,18,2,SW,0.9444444444444444,17,true
2018-05-31,5,22:00,20,2,SW,0.95,19,true
2018-05-31,5,23:00,22,2,SW,0.9545454545454546,21,true
2018-06-01,6,20:00,16,2,S,0.9375,15,true
2018-06-01,6,21:00,18,2,S,0.9444444444444444,17,true
2018-06-01,6,22:00,20,2,S,0.95,19,true
2018-06-01,6,23:00,22,2,S,0.9545454545454546,21,true
2018-06-02,6,20:00,16,3,S,0.6875,16,true
2018-06-02,6,21:00,18,3,S,0.6666666666666666,18,true
2018-06-02,6,22:00,20,3,S,0.65,20,true
2018-06-02,6,23:00,22,3,S,0.6363636363636364,22,true
2018-06-03,6,20:00,16,6,N,0.25,4,true
2018-06-03,6,21:00,18,6,N,0.2777777777777778,4,true
2018-06-03,6,22:00,20,6,N,0.35,4,true
2018-06-03,6,23:00,22,6,N,0.36363636363636365,4,true
2018-06-04,6,20:00,16,5,E,0.4375,3,true
2018-06-04,6,21:00,18,5,E,0.3888888888888889,5,true
2018-06-04,6,22:00,20,5,E,0.4,6,true
2018-06-04,6,23:00,22,5,E,0.4090909090909091,7,true
2018-06-05,6,20:00,16,1,S,1.0,16,false
2018-06-05,6,21:00,18,1,S,1.0,18,false
2018-06-05,6,22:00,20,1,S,1.0,20,false
2018-06-05,6,23:00,22,1,S,1.0,22,false
2018-06-06,6,20:00,16,3,S,0.875,15,true
2018-06-06,6,21:00,18,3,S,0.8888888888888888,17,true
2018-06-06,6,22:00,20,3,S,0.9,19,true
2018-06-06,6,23:00,22,3,S,0.9090909090909091,21,true
2018-06-07,6,20:00,16,1,S,1.0,16,false
2018-06-07,6,21:00,18,1,S,1.0,18,false
2018-06-07,6,22:00,20,1,S,1.0,20,false
2018-06-07,6,23:00,22,2,S,0.9090909090909091,22,true
2018-06-08,6,20:00,16,1,S,1.0,16,false
2018-06-08,6,21:00,18,1,S,1.0,18,false
2018-06-08,6,22:00,19,1,S,1.0,19,false
2018-06-08,6,23:00,21,1,S,1.0,21,false
2018-06-09,6,20:00,16,2,N,0.6875,0,true
2018-06-09,6,21:00,18,2,N,0.7222222222222222,0,true
2018-06-09,6,22:00,20,2,N,0.75,0,true
2018-06-09,6,23:00,22,2,N,0.7727272727272727,0,true
2018-06-10,6,20:00,16,1,N,1.0,0,false
2018-06-10,6,21:00,18,1,N,1.0,0,false
2018-06-10,6,22:00,20,1,N,1.0,0,false
2018-06-10,6,23:00,22,1,N,1.0,0,false
2018-06-11,6,20:00,16,3,S,0.875,15,true
2018-06-11,6,21:00,18,3,S,0.8888888888888888,17,true
2018-06-11,6,22:00,20,3,S,0.9,19,true
2018-06-11,6,23:00,22,3,S,0.9090909090909091,21,true
2018-06-12,6,20:00,16,2,S,0.9375,16,true
2018-06-12,6,21:00,18,2,S,0.9444444444444444,18,true
2018-06-12,6,22:00,20,2,S,0.85,20,true
2018-06-12,6,23:00,22,2,S,0.7727272727272727,22,true
2018-06-13,6,20:00,16,2,SE,0.8125,16,true
2018-06-13,6,21:00,18,3,SE,0.7222222222222222,18,true
2018-06-13,6,22:00,20,3,SE,0.65,20,true
2018-06-13,6,23:00,22,3,SE,0.5909090909090909,22,true
2018-06-14,6,20:00,16,5,NE,0.375,4,true
2018-06-14,6,21:00,18,5,NE,0.4444444444444444,4,true
2018-06-14,6,22:00,20,5,NE,0.45,4,true
2018-06-14,6,23:00,22,5,NE,0.5,4,true
2018-06-15,6,20:00,16,2,N,0.5625,0,true
2018-06-15,6,21:00,18,2,N,0.5555555555555556,0,true
2018-06-15,6,22:00,20,2,N,0.55,0,true
2018-06-15,6,23:00,22,2,N,0.5909090909090909,0,true
2018-06-16,6,20:00,16,1,N,1.0,0,false
2018-06-16,6,21:00,18,1,N,1.0,0,false
2018-06-16,6,22:00,20,1,N,1.0,0,false
2018-06-16,6,23:00,22,1,N,1.0,0,false
2018-06-17,6,20:00,16,2,N,0.8125,0,true
2018-06-17,6,21:00,18,2,N,0.7222222222222222,0,true
2018-06-17,6,22:00,20,2,N,0.75,0,true
2018-06-17,6,23:00,22,2,N,0.7727272727272727,0,true
2018-06-18,6,20:00,16,2,N,0.9375,0,true
2018-06-18,6,21:00,18,2,N,0.9444444444444444,0,true
2018-06-18,6,22:00,20,2,N,0.95,0,true
2018-06-18,6,23:00,22,2,N,0.9545454545454546,0,true
2018-06-19,6,20:00,16,2,S,0.9375,16,true
2018-06-19,6,21:00,18,2,S,0.9444444444444444,18,true
2018-06-19,6,22:00,20,2,S,0.95,20,true
2018-06-19,6,23:00,22,2,S,0.9545454545454546,22,true
2018-06-20,6,20:00,16,2,S,0.9375,16,true
2018-06-20,6,21:00,18,2,S,0.8333333333333334,18,true
2018-06-20,6,22:00,20,2,S,0.75,20,true
2018-06-20,6,23:00,22,2,S,0.6818181818181818,22,true
2018-06-21,6,20:00,16,2,SE,0.9375,15,true
2018-06-21,6,21:00,18,2,SE,0.9444444444444444,17,true
2018-06-21,6,22:00,20,2,SE,0.95,19,true
2018-06-21,6,23:00,22,2,SE,0.9545454545454546,21,true
2018-06-22,6,20:00,16,3,NE,0.6875,0,true
2018-06-22,6,21:00,18,3,NE,0.7222222222222222,0,true
2018-06-22,6,22:00,20,3,NE,0.75,0,true
2018-06-22,6,23:00,22,3,NE,0.6818181818181818,0,true
2018-06-23,6,20:00,16,2,N,0.6875,0,true
2018-06-23,6,21:00,18,2,N,0.7222222222222222,0,true
2018-06-23,6,22:00,20,2,N,0.75,0,true
2018-06-23,6,23:00,22,2,N,0.7727272727272727,0,true
2018-06-24,6,20:00,16,2,N,0.9375,0,true
2018-06-24,6,21:00,18,2,N,0.9444444444444444,0,true
2018-06-24,6,22:00,20,2,N,0.95,0,true
2018-06-24,6,23:00,22,2,N,0.9545454545454546,0,true
2018-06-25,6,20:00,16,2,N,0.625,0,true
2018-06-25,6,21:00,18,2,N,0.6111111111111112,0,true
2018-06-25,6,22:00,20,2,N,0.55,0,true
2018-06-25,6,23:00,22,2,N,0.5909090909090909,0,true
2018-06-26,6,20:00,16,4,N,0.625,0,true
2018-06-26,6,21:00,18,5,N,0.5555555555555556,2,true
2018-06-26,6,22:00,20,6,N,0.5,4,true
2018-06-26,6,23:00,22,6,N,0.45454545454545453,6,true
2018-06-27,6,20:00,16,6,SW,0.375,8,true
2018-06-27,6,21:00,18,6,SW,0.3333333333333333,8,true
2018-06-27,6,22:00,20,6,SW,0.3,8,true
2018-06-27,6,23:00,22,6,SW,0.2727272727272727,8,true
2018-06-28,6,20:00,16,3,NE,0.5625,0,true
2018-06-28,6,21:00,18,3,NE,0.5555555555555556,0,true
2018-06-28,6,22:00,20,3,NE,0.55,0,true
2018-06-28,6,23:00,22,3,NE,0.5,0,true
2018-06-29,6,20:00,16,2,NE,0.9375,0,true
2018-06-29,6,21:00,18,2,NE,0.9444444444444444,0,true
2018-06-29,6,22:00,20,2,NE,0.9,0,true
2018-06-29,6,23:00,22,2,NE,0.8181818181818182,0,true
2018-06-30,6,20:00,16,3,NE,0.5,0,true
2018-06-30,6,21:00,18,3,N,0.5,0,true
2018-06-30,6,22:00,20,3,N,0.55,0,true
2018-06-30,6,23:00,22,3,N,0.5909090909090909,0,true
2018-07-01,7,20:00,16,2,N,0.875,0,true
2018-07-01,7,21:00,18,2,N,0.8888888888888888,0,true
2018-07-01,7,22:00,20,2,N,0.9,0,true
2018-07-01,7,23:00,22,2,N,0.9090909090909091,0,true
2018-07-02,7,20:00,16,3,N,0.5625,0,true
2018-07-02,7,21:00,18,4,N,0.5,0,true
2018-07-02,7,22:00,20,5,N,0.5,0,true
2018-07-02,7,23:00,22,7,N,0.45454545454545453,2,true
2018-07-03,7,20:00,16,1,S,1.0,16,false
2018-07-03,7,21:00,18,1,S,1.0,18,false
2018-07-03,7,22:00,20,1,S,1.0,20,false
2018-07-03,7,23:00,22,1,S,1.0,22,false
2018-07-04,7,20:00,16,2,N,0.875,0,true
2018-07-04,7,21:00,18,2,N,0.8888888888888888,0,true
2018-07-04,7,22:00,20,2,N,0.9,0,true
2018-07-04,7,23:00,22,2,N,0.8636363636363636,0,true
2018-07-05,7,20:00,16,6,S,0.3125,8,true
2018-07-05,7,21:00,18,6,S,0.3888888888888889,10,true
2018-07-05,7,22:00,20,6,S,0.45,12,true
2018-07-05,7,23:00,22,6,S,0.5,14,true
2018-07-06,7,20:00,16,2,N,0.625,0,true
2018-07-06,7,21:00,18,2,N,0.6666666666666666,0,true
2018-07-06,7,22:00,20,2,N,0.7,0,true
2018-07-06,7,23:00,22,2,N,0.7272727272727273,0,true
2018-07-07,7,20:00,16,1,N,1.0,0,false
2018-07-07,7,21:00,18,1,N,1.0,0,false
2018-07-07,7,22:00,20,1,N,1.0,0,false
2018-07-07,7,23:00,22,1,N,1.0,0,false
2018-07-08,7,20:00,16,1,N,1.0,0,false
2018-07-08,7,21:00,18,1,N,1.0,0,false
2018-07-08,7,22:00,20,1,N,1.0,0,false
2018-07-08,7,23:00,22,1,N,1.0,0,false
2018-07-09,7,20:00,16,2,N,0.875,0,true
2018-07-09,7,21:00,18,2,N,0.8333333333333334,0,true
2018-07-09,7,22:00,20,2,N,0.85,0,true
2018-07-09,7,23:00,22,2,N,0.8636363636363636,0,true
2018-07-10,7,20:00,16,4,N,0.3125,5,true
2018-07-10,7,21:00,18,4,S,0.3888888888888889,7,true
2018-07-10,7,22:00,20,4,S,0.45,9,true
2018-07-10,7,23:00,22,4,S,0.5,11,true
2018-07-11,7,20:00,16,3,NE,0.5625,0,true
2018-07-11,7,21:00,18,3,NE,0.5,0,true
2018-07-11,7,22:00,20,3,N,0.5,0,true
2018-07-11,7,23:00,22,3,N,0.5454545454545454,0,true
2018-07-12,7,20:00,16,3,N,0.5,7,true
2018-07-12,7,21:00,18,3,S,0.5,9,true
2018-07-12,7,22:00,20,3,S,0.55,11,true
2018-07-12,7,23:00,22,3,S,0.5909090909090909,13,true
2018-07-13,7,20:00,16,2,N,0.8125,0,true
2018-07-13,7,21:00,18,2,N,0.7777777777777778,0,true
2018-07-13,7,22:00,20,2,N,0.75,0,true
2018-07-13,7,23:00,22,2,N,0.7272727272727273,0,true
2018-07-14,7,20:00,16,3,N,0.625,0,true
2018-07-14,7,21:00,18,3,N,0.6666666666666666,0,true
2018-07-14,7,22:00,20,3,N,0.65,0,true
2018-07-14,7,23:00,22,3,N,0.6818181818181818,0,true
2018-07-15,7,20:00,16,4,NE,0.4375,0,true
2018-07-15,7,21:00,18,4,NE,0.5,0,true
2018-07-15,7,22:00,20,4,NE,0.55,0,true
2018-07-15,7,23:00,22,4,NE,0.5909090909090909,0,true
2018-07-16,7,20:00,16,5,N,0.625,4,true
2018-07-16,7,21:00,18,5,N,0.6666666666666666,4,true
2018-07-16,7,22:00,20,5,N,0.7,4,true
2018-07-16,7,23:00,22,5,N,0.7272727272727273,4,true
2018-07-17,7,20:00,16,1,N,1.0,0,false
2018-07-17,7,21:00,18,1,N,1.0,0,false
2018-07-17,7,22:00,20,1,N,1.0,0,false
2018-07-17,7,23:00,22,1,N,1.0,0,false
2018-07-18,7,20:00,16,2,N,0.6875,0,true
2018-07-18,7,21:00,18,2,N,0.7222222222222222,0,true
2018-07-18,7,22:00,20,2,N,0.75,0,true
2018-07-18,7,23:00,22,2,N,0.7727272727272727,0,true
2018-07-19,7,20:00,16,2,N,0.9375,0,true
2018-07-19,7,21:00,18,2,N,0.9444444444444444,0,true
2018-07-19,7,22:00,20,2,N,0.95,0,true
2018-07-19,7,23:00,22,2,N,0.9545454545454546,0,true
2018-07-20,7,20:00,16,2,N,0.75,0,true
2018-07-20,7,21:00,18,2,N,0.7777777777777778,0,true
2018-07-20,7,22:00,20,2,N,0.8,0,true
2018-07-20,7,23:00,22,2,N,0.8181818181818182,0,true
2018-07-21,7,20:00,16,1,N,1.0,0,false
2018-07-21,7,21:00,18,1,N,1.0,0,false
2018-07-21,7,22:00,20,1,N,1.0,0,false
2018-07-21,7,23:00,22,2,N,0.9545454545454546,0,true
2018-07-22,7,20:00,16,2,N,0.9375,0,true
2018-07-22,7,21:00,18,2,N,0.9444444444444444,0,true
2018-07-22,7,22:00,20,2,N,0.95,0,true
2018-07-22,7,23:00,22,2,N,0.9545454545454546,0,true
2018-07-23,7,20:00,16,2,N,0.5625,0,true
2018-07-23,7,21:00,18,2,N,0.6111111111111112,0,true
2018-07-23,7,22:00,20,2,N,0.6,0,true
2018-07-23,7,23:00,22,2,N,0.5454545454545454,0,true
2018-07-24,7,20:00,16,1,S,1.0,16,false
2018-07-24,7,21:00,18,1,S,1.0,18,false
2018-07-24,7,22:00,20,1,S,1.0,20,false
2018-07-24,7,23:00,22,1,S,1.0,22,false
2018-07-25,7,20:00,16,5,SE,0.25,7,true
2018-07-25,7,21:00,18,5,N,0.2222222222222222,7,true
2018-07-25,7,22:00,20,5,N,0.25,7,true
2018-07-25,7,23:00,22,5,N,0.2727272727272727,7,true
2018-07-26,7,20:00,16,2,N,0.875,0,true
2018-07-26,7,21:00,18,2,N,0.8888888888888888,0,true
2018-07-26,7,22:00,20,2,N,0.9,0,true
2018-07-26,7,23:00,22,3,N,0.8636363636363636,0,true
2018-07-27,7,20:00,16,2,N,0.75,0,true
2018-07-27,7,21:00,18,2,N,0.7777777777777778,0,true
2018-07-27,7,22:00,20,2,N,0.8,0,true
2018-07-27,7,23:00,22,2,N,0.8181818181818182,0,true
2018-07-28,7,20:00,16,2,NW,0.5625,0,true
2018-07-28,7,21:00,18,2,N,0.5,0,true
2018-07-28,7,22:00,20,2,N,0.55,0,true
2018-07-28,7,23:00,22,2,N,0.5909090909090909,0,true
2018-07-29,7,20:00,16,2,N,0.75,0,true
2018-07-29,7,21:00,18,2,N,0.7222222222222222,0,true
2018-07-29,7,22:00,20,2,N,0.75,0,true
2018-07-29,7,23:00,22,2,N,0.7727272727272727,0,true
2018-07-30,7,20:00,16,2,S,0.9375,16,true
2018-07-30,7,21:00,18,2,S,0.9444444444444444,18,true
2018-07-30,7,22:00,20,2,S,0.95,20,true
2018-07-30,7,23:00,22,2,S,0.9545454545454546,22,true
2018-07-31,7,20:00,16,2,N,0.6875,0,true
2018-07-31,7,21:00,18,2,N,0.7222222222222222,0,true
2018-07-31,7,22:00,20,2,N,0.75,0,true
2018-07-31,7,23:00,22,2,N,0.7727272727272727,0,true
2018-08-01,8,20:00,16,1,N,1.0,0,false
2018-08-01,8,21:00,18,1,N,1.0,0,false
2018-08-01,8,22:00,20,1,N,1.0,0,false
2018-08-01,8,23:00,22,1,N,1.0,0,false
2018-08-02,8,20:00,16,2,N,0.875,0,true
2018-08-02,8,21:00,18,2,N,0.8888888888888888,0,true
2018-08-02,8,22:00,20,2,N,0.8,0,true
2018-08-02,8,23:00,22,2,N,0.8181818181818182,0,true
2018-08-03,8,20:00,16,2,N,0.75,0,true
2018-08-03,8,21:00,18,2,N,0.7222222222222222,0,true
2018-08-03,8,22:00,20,2,N,0.7,0,true
2018-08-03,8,23:00,22,2,N,0.6818181818181818,0,true
2018-08-04,8,20:00,16,3,S,0.75,16,true
2018-08-04,8,21:00,18,3,S,0.7777777777777778,18,true
2018-08-04,8,22:00,20,3,S,0.8,20,true
2018-08-04,8,23:00,22,3,S,0.8181818181818182,22,true
2018-08-05,8,20:00,16,3,N,0.625,0,true
2018-08-05,8,21:00,18,3,N,0.6666666666666666,0,true
2018-08-05,8,22:00,20,3,N,0.7,0,true
2018-08-05,8,23:00,22,3,N,0.6363636363636364,0,true
2018-08-06,8,20:00,16,5,E,0.3125,3,true
2018-08-06,8,21:00,18,5,NE,0.3333333333333333,3,true
2018-08-06,8,22:00,20,5,NE,0.3,3,true
2018-08-06,8,23:00,22,5,NE,0.2727272727272727,3,true
2018-08-07,8,20:00,16,2,N,0.625,0,true
2018-08-07,8,21:00,18,2,N,0.6666666666666666,0,true
2018-08-07,8,22:00,20,2,N,0.7,0,true
2018-08-07,8,23:00,22,2,N,0.7272727272727273,0,true
2018-08-08,8,20:00,16,1,N,1.0,0,false
2018-08-08,8,21:00,18,1,N,1.0,0,false
2018-08-08,8,22:00,20,1,N,1.0,0,false
2018-08-08,8,23:00,22,1,N,1.0,0,false
2018-08-09,8,20:00,16,4,N,0.75,1,true
2018-08-09,8,21:00,18,4,N,0.7777777777777778,1,true
2018-08-09,8,22:00,20,4,N,0.7,1,true
2018-08-09,8,23:00,22,4,N,0.6363636363636364,1,true
2018-08-10,8,20:00,16,2,N,0.8125,0,true
2018-08-10,8,21:00,18,2,N,0.8333333333333334,0,true
2018-08-10,8,22:00,20,2,N,0.85,0,true
2018-08-10,8,23:00,22,2,N,0.8636363636363636,0,true
2018-08-11,8,20:00,16,4,SE,0.75,14,true
2018-08-11,8,21:00,18,5,SE,0.6666666666666666,14,true
2018-08-11,8,22:00,20,5,SE,0.6,14,true
2018-08-11,8,23:00,22,6,SE,0.5454545454545454,14,true
2018-08-12,8,20:00,16,2,NE,0.5625,0,true
2018-08-12,8,21:00,18,2,N,0.5,0,true
2018-08-12,8,22:00,20,2,N,0.5,0,true
2018-08-12,8,23:00,22,2,N,0.5,0,true
2018-08-13,8,20:00,16,2,N,0.8125,0,true
2018-08-13,8,21:00,18,2,N,0.8333333333333334,0,true
2018-08-13,8,22:00,20,2,N,0.8,0,true
2018-08-13,8,23:00,22,2,N,0.8181818181818182,0,true
2018-08-14,8,20:00,16,5,N,0.4375,1,true
2018-08-14,8,21:00,18,5,N,0.3888888888888889,1,true
2018-08-14,8,22:00,20,5,N,0.4,1,true
2018-08-14,8,23:00,22,5,NE,0.4090909090909091,1,true
2018-08-15,8,20:00,16,2,S,0.6875,16,true
2018-08-15,8,21:00,18,2,S,0.7222222222222222,18,true
2018-08-15,8,22:00,20,2,S,0.75,20,true
2018-08-15,8,23:00,22,2,S,0.7727272727272727,22,true
2018-08-16,8,20:00,16,2,N,0.75,0,true
2018-08-16,8,21:00,18,2,N,0.7777777777777778,0,true
2018-08-16,8,22:00,20,2,N,0.8,0,true
2018-08-16,8,23:00,22,2,N,0.8181818181818182,0,true
2018-08-17,8,20:00,16,2,N,0.9375,0,true
2018-08-17,8,21:00,18,2,N,0.9444444444444444,0,true
2018-08-17,8,22:00,20,2,N,0.95,0,true
2018-08-17,8,23:00,22,2,N,0.9545454545454546,0,true
2018-08-18,8,20:00,16,2,S,0.9375,16,true
2018-08-18,8,21:00,18,2,S,0.9444444444444444,18,true
2018-08-18,8,22:00,20,2,S,0.95,20,true
2018-08-18,8,23:00,22,2,S,0.9545454545454546,22,true
2018-08-19,8,20:00,16,2,NE,0.6875,0,true
2018-08-19,8,21:00,18,2,NE,0.6111111111111112,0,true
2018-08-19,8,22:00,20,2,NE,0.55,0,true
2018-08-19,8,23:00,22,2,N,0.5,0,true
2018-08-20,8,20:00,16,2,N,0.5625,0,true
2018-08-20,8,21:00,18,2,N,0.6111111111111112,0,true
2018-08-20,8,22:00,20,2,N,0.6,0,true
2018-08-20,8,23:00,22,2,N,0.5909090909090909,0,true
2018-08-21,8,20:00,16,3,N,0.8125,0,true
2018-08-21,8,21:00,18,3,N,0.8333333333333334,0,true
2018-08-21,8,22:00,20,3,N,0.85,0,true
2018-08-21,8,23:00,22,3,N,0.8636363636363636,0,true
2018-08-22,8,20:00,16,4,N,0.625,0,true
2018-08-22,8,21:00,18,4,N,0.5555555555555556,0,true
2018-08-22,8,22:00,20,4,N,0.6,0,true
2018-08-22,8,23:00,22,4,N,0.6363636363636364,0,true
2018-08-23,8,20:00,16,3,N,0.5625,0,true
2018-08-23,8,21:00,18,3,N,0.6111111111111112,0,true
2018-08-23,8,22:00,20,3,N,0.6,0,true
2018-08-23,8,23:00,22,4,N,0.5454545454545454,2,true
2018-08-24,8,20:00,16,2,SW,0.5625,16,true
2018-08-24,8,21:00,18,2,S,0.5,18,true
2018-08-24,8,22:00,20,2,S,0.5,20,true
2018-08-24,8,23:00,22,2,S,0.5454545454545454,22,true
2018-08-25,8,20:00,16,4,N,0.5625,5,true
2018-08-25,8,21:00,18,4,N,0.5555555555555556,5,true
2018-08-25,8,22:00,20,4,N,0.5,5,true
2018-08-25,8,23:00,22,4,N,0.45454545454545453,5,true
2018-08-26,8,20:00,16,2,N,0.5,0,true
2018-08-26,8,21:00,18,2,N,0.5,0,true
2018-08-26,8,22:00,20,2,NE,0.55,0,true
2018-08-26,8,23:00,22,2,NE,0.5454545454545454,0,true
2018-08-27,8,20:00,16,1,N,1.0,0,false
2018-08-27,8,21:00,18,1,N,1.0,0,false
2018-08-27,8,22:00,20,1,N,1.0,0,false
2018-08-27,8,23:00,22,1,N,1.0,0,false
2018-08-28,8,20:00,16,1,N,1.0,0,false
2018-08-28,8,21:00,18,1,N,1.0,0,false
2018-08-28,8,22:00,20,1,N,1.0,0,false
2018-08-28,8,23:00,22,1,N,1.0,0,false
2018-08-29,8,20:00,16,3,N,0.4375,6,true
2018-08-29,8,21:00,18,3,N,0.3888888888888889,6,true
2018-08-29,8,22:00,20,4,N,0.35,6,true
2018-08-29,8,23:00,22,4,N,0.36363636363636365,6,true
2018-08-30,8,20:00,16,2,N,0.8125,0,true
2018-08-30,8,21:00,18,2,N,0.7222222222222222,0,true
2018-08-30,8,22:00,20,2,N,0.75,0,true
2018-08-30,8,23:00,22,2,N,0.7727272727272727,0,true
2018-08-31,8,20:00,16,3,S,0.8125,16,true
2018-08-31,8,21:00,18,3,S,0.8333333333333334,18,true
2018-08-31,8,22:00,20,3,S,0.75,20,true
2018-08-31,8,23:00,22,3,S,0.7272727272727273,22,true
2018-09-01,9,20:00,16,3,N,0.75,0,true
2018-09-01,9,21:00,18,3,N,0.7777777777777778,0,true
2018-09-01,9,22:00,20,3,N,0.8,0,true
2018-09-01,9,23:00,22,3,N,0.8181818181818182,0,true
2018-09-02,9,20:00,16,2,N,0.875,0,true
2018-09-02,9,21:00,18,2,N,0.8333333333333334,0,true
2018-09-02,9,22:00,20,2,N,0.8,0,true
2018-09-02,9,23:00,22,2,N,0.7272727272727273,0,true
2018-09-03,9,20:00,16,4,S,0.4375,9,true
2018-09-03,9,21:00,18,4,S,0.5,11,true
2018-09-03,9,22:00,20,4,S,0.5,13,true
2018-09-03,9,23:00,22,4,S,0.45454545454545453,15,true
2018-09-04,9,20:00,16,1,S,1.0,16,false
2018-09-04,9,21:00,18,1,S,1.0,18,false
2018-09-04,9,22:00,20,1,S,1.0,20,false
2018-09-04,9,23:00,22,1,S,1.0,22,false
2018-09-05,9,20:00,16,2,S,0.75,16,true
2018-09-05,9,21:00,18,2,S,0.7777777777777778,18,true
2018-09-05,9,22:00,20,2,S,0.8,20,true
2018-09-05,9,23:00,22,2,S,0.8181818181818182,22,true
2018-09-06,9,20:00,16,1,S,1.0,16,false
2018-09-06,9,21:00,18,1,S,1.0,18,false
2018-09-06,9,22:00,20,1,S,1.0,20,false
2018-09-06,9,23:00,22,1,S,1.0,22,false
2018-09-07,9,20:00,16,1,S,1.0,16,false
2018-09-07,9,21:00,18,2,S,0.9444444444444444,18,true
2018-09-07,9,22:00,20,2,S,0.95,20,true
2018-09-07,9,23:00,22,2,S,0.9545454545454546,22,true
2018-09-08,9,20:00,16,1,S,1.0,16,false
2018-09-08,9,21:00,18,1,S,1.0,18,false
2018-09-08,9,22:00,20,1,S,1.0,20,false
2018-09-08,9,23:00,22,1,S,1.0,22,false
2018-09-09,9,20:00,16,1,S,1.0,16,false
2018-09-09,9,21:00,18,1,S,1.0,18,false
2018-09-09,9,22:00,20,1,S,1.0,20,false
2018-09-09,9,23:00,22,1,S,1.0,22,false
2018-09-10,9,20:00,16,3,N,0.4375,0,true
2018-09-10,9,21:00,18,4,NE,0.4444444444444444,0,true
2018-09-10,9,22:00,20,5,NE,0.4,2,true
2018-09-10,9,23:00,22,6,NE,0.36363636363636365,4,true
2018-09-11,9,20:00,16,1,S,1.0,16,false
2018-09-11,9,21:00,18,1,S,1.0,18,false
2018-09-11,9,22:00,20,1,S,1.0,20,false
2018-09-11,9,23:00,22,1,S,1.0,22,false
2018-09-12,9,20:00,16,2,N,0.5625,0,true
2018-09-12,9,21:00,18,2,N,0.5,0,true
2018-09-12,9,22:00,20,2,NE,0.55,0,true
2018-09-12,9,23:00,22,2,NE,0.5454545454545454,0,true
2018-09-13,9,20:00,16,1,N,1.0,0,false
2018-09-13,9,21:00,18,1,N,1.0,0,false
2018-09-13,9,22:00,20,1,N,1.0,0,false
2018-09-13,9,23:00,22,1,N,1.0,0,false
2018-09-14,9,20:00,16,2,N,0.875,0,true
2018-09-14,9,21:00,18,2,N,0.8888888888888888,0,true
2018-09-14,9,22:00,20,2,N,0.9,0,true
2018-09-14,9,23:00,22,2,N,0.9090909090909091,0,true
2018-09-15,9,20:00,16,2,N,0.75,0,true
2018-09-15,9,21:00,18,2,N,0.7777777777777778,0,true
2018-09-15,9,22:00,20,2,N,0.8,0,true
2018-09-15,9,23:00,22,2,N,0.8181818181818182,0,true
2018-09-16,9,20:00,16,1,N,1.0,0,false
2018-09-16,9,21:00,18,1,N,1.0,0,false
2018-09-16,9,22:00,20,1,N,1.0,0,false
2018-09-16,9,23:00,22,1,N,1.0,0,false
2018-09-17,9,20:00,16,1,N,1.0,0,false
2018-09-17,9,21:00,18,1,N,1.0,0,false
2018-09-17,9,22:00,20,1,N,1.0,0,false
2018-09-17,9,23:00,22,1,N,1.0,0,false
2018-09-18,9,20:00,16,3,N,0.875,0,true
2018-09-18,9,21:00,18,3,N,0.8333333333333334,0,true
2018-09-18,9,22:00,20,4,N,0.8,0,true
2018-09-18,9,23:00,22,6,N,0.7272727272727273,2,true
2018-09-19,9,20:00,16,3,N,0.4375,0,true
2018-09-19,9,21:00,18,3,N,0.4444444444444444,0,true
2018-09-19,9,22:00,20,5,N,0.4,1,true
2018-09-19,9,23:00,22,5,N,0.36363636363636365,3,true
2018-09-20,9,20:00,16,2,N,0.9375,0,true
2018-09-20,9,21:00,18,2,N,0.9444444444444444,0,true
2018-09-20,9,22:00,20,2,N,0.95,0,true
2018-09-20,9,23:00,22,2,N,0.9545454545454546,0,true
2018-09-21,9,20:00,16,1,N,1.0,0,false
2018-09-21,9,21:00,18,1,N,1.0,0,false
2018-09-21,9,22:00,20,1,N,1.0,0,false
2018-09-21,9,23:00,22,1,N,1.0,0,false
2018-09-22,9,20:00,16,2,S,0.9375,16,true
2018-09-22,9,21:00,18,2,S,0.9444444444444444,18,true
2018-09-22,9,22:00,20,2,S,0.95,20,true
2018-09-22,9,23:00,22,2,S,0.9545454545454546,22,true
2018-09-23,9,20:00,16,2,NE,0.625,0,true
2018-09-23,9,21:00,18,2,NE,0.6111111111111112,0,true
2018-09-23,9,22:00,20,2,NE,0.65,0,true
2018-09-23,9,23:00,22,2,NE,0.6363636363636364,0,true
2018-09-24,9,20:00,16,5,N,0.6875,1,true
2018-09-24,9,21:00,18,5,N,0.6111111111111112,3,true
2018-09-24,9,22:00,20,5,N,0.6,3,true
2018-09-24,9,23:00,22,5,N,0.5909090909090909,4,true
2018-09-25,9,20:00,16,4,N,0.375,9,true
2018-09-25,9,21:00,18,5,N,0.3333333333333333,9,true
2018-09-25,9,22:00,20,5,N,0.3,9,true
2018-09-25,9,23:00,22,5,N,0.2727272727272727,11,true
2018-09-26,9,20:00,16,3,N,0.8125,0,true
2018-09-26,9,21:00,18,4,N,0.7777777777777778,1,true
2018-09-26,9,22:00,20,4,N,0.7,3,true
2018-09-26,9,23:00,22,5,N,0.6363636363636364,5,true
2018-09-27,9,20:00,16,2,SE,0.625,16,true
2018-09-27,9,21:00,18,2,SE,0.5555555555555556,18,true
2018-09-27,9,22:00,20,2,S,0.5,20,true
2018-09-27,9,23:00,22,2,SE,0.5454545454545454,22,true
2018-09-28,9,20:00,16,3,N,0.625,0,true
2018-09-28,9,21:00,18,3,N,0.6666666666666666,0,true
2018-09-28,9,22:00,20,3,N,0.7,0,true
2018-09-28,9,23:00,22,3,N,0.7272727272727273,0,true
2018-09-29,9,20:00,16,2,N,0.625,0,true
2018-09-29,9,21:00,18,2,N,0.6666666666666666,0,true
2018-09-29,9,22:00,20,2,N,0.7,0,true
2018-09-29,9,23:00,22,2,N,0.7272727272727273,0,true
2018-09-30,9,20:00,16,1,N,1.0,0,false
2018-09-30,9,21:00,18,1,N,1.0,0,false
2018-09-30,9,22:00,20,1,N,1.0,0,false
2018-09-30,9,23:00,22,1,N,1.0,0,false
2018-10-01,10,20:00,18,1,N,1.0,0,false
2018-10-01,10,21:00,20,1,N,1.0,0,false
2018-10-01,10,22:00,22,1,N,1.0,0,false
2018-10-01,10,23:00,24,1,N,1.0,0,false
2018-10-02,10,20:00,18,2,N,0.9444444444444444,0,true
2018-10-02,10,21:00,20,2,N,0.95,0,true
2018-10-02,10,22:00,22,2,N,0.9545454545454546,0,true
2018-10-02,10,23:00,24,2,N,0.9583333333333334,0,true
2018-10-03,10,20:00,18,4,S,0.5555555555555556,11,true
2018-10-03,10,21:00,20,6,S,0.5,12,true
2018-10-03,10,22:00,22,6,S,0.45454545454545453,12,true
2018-10-03,10,23:00,24,6,N,0.4166666666666667,12,true
2018-10-04,10,20:00,18,1,N,1.0,0,false
2018-10-04,10,21:00,20,1,N,1.0,0,false
2018-10-04,10,22:00,22,1,N,1.0,0,false
2018-10-04,10,23:00,24,1,N,1.0,0,false
2018-10-05,10,20:00,18,1,N,1.0,0,false
2018-10-05,10,21:00,20,1,N,1.0,0,false
2018-10-05,10,22:00,22,2,N,0.9545454545454546,1,true
2018-10-05,10,23:00,24,2,N,0.875,3,true
2018-10-06,10,20:00,18,6,S,0.3888888888888889,15,true
2018-10-06,10,21:00,20,6,SE,0.4,16,true
2018-10-06,10,22:00,22,7,SE,0.36363636363636365,16,true
2018-10-06,10,23:00,24,7,S,0.3333333333333333,17,true
2018-10-07,10,20:00,18,2,N,0.8333333333333334,0,true
2018-10-07,10,21:00,20,2,N,0.85,0,true
2018-10-07,10,22:00,22,2,N,0.8636363636363636,0,true
2018-10-07,10,23:00,24,2,N,0.875,0,true
2018-10-08,10,20:00,18,5,N,0.3888888888888889,6,true
2018-10-08,10,21:00,20,5,N,0.4,6,true
2018-10-08,10,22:00,22,5,N,0.45454545454545453,6,true
2018-10-08,10,23:00,24,5,N,0.5,6,true
2018-10-09,10,20:00,18,2,N,0.5555555555555556,0,true
2018-10-09,10,21:00,20,3,N,0.5,0,true
2018-10-09,10,22:00,22,4,N,0.45454545454545453,2,true
2018-10-09,10,23:00,24,5,N,0.4166666666666667,4,true
2018-10-10,10,20:00,18,1,N,1.0,0,false
2018-10-10,10,21:00,20,1,N,1.0,0,false
2018-10-10,10,22:00,22,1,N,1.0,0,false
2018-10-10,10,23:00,24,1,N,1.0,0,false
2018-10-11,10,20:00,18,4,NW,0.6666666666666666,1,true
2018-10-11,10,21:00,20,4,NW,0.6,1,true
2018-10-11,10,22:00,22,4,NW,0.5454545454545454,1,true
2018-10-11,10,23:00,24,4,NW,0.5,1,true
2018-10-12,10,20:00,18,4,N,0.6111111111111112,3,true
2018-10-12,10,21:00,20,4,N,0.55,5,true
2018-10-12,10,22:00,22,4,N,0.5,7,true
2018-10-12,10,23:00,24,4,N,0.4583333333333333,9,true
2018-10-13,10,20:00,18,1,S,1.0,18,false
2018-10-13,10,21:00,20,1,S,1.0,20,false
2018-10-13,10,22:00,22,1,S,1.0,22,false
2018-10-13,10,23:00,24,1,S,1.0,24,false
2018-10-14,10,20:00,18,3,NE,0.5,1,true
2018-10-14,10,21:00,20,3,NE,0.45,3,true
2018-10-14,10,22:00,22,3,NE,0.4090909090909091,5,true
2018-10-14,10,23:00,24,3,NE,0.375,7,true
2018-10-15,10,20:00,18,3,N,0.4444444444444444,6,true
2018-10-15,10,21:00,20,3,N,0.45,6,true
2018-10-15,10,22:00,22,3,N,0.5,6,true
2018-10-15,10,23:00,24,3,N,0.5416666666666666,6,true
2018-10-16,10,20:00,18,4,S,0.5,14,true
2018-10-16,10,21:00,20,4,S,0.45,14,true
2018-10-16,10,22:00,22,4,S,0.4090909090909091,14,true
2018-10-16,10,23:00,24,4,N,0.375,14,true
2018-10-17,10,20:00,18,2,N,0.8333333333333334,0,true
2018-10-17,10,21:00,20,2,N,0.85,0,true
2018-10-17,10,22:00,22,2,N,0.8636363636363636,0,true
2018-10-17,10,23:00,24,2,N,0.875,0,true
2018-10-18,10,20:00,18,2,N,0.9444444444444444,0,true
2018-10-18,10,21:00,20,2,N,0.95,0,true
2018-10-18,10,22:00,22,4,N,0.8636363636363636,2,true
2018-10-18,10,23:00,24,4,N,0.7916666666666666,4,true
2018-10-19,10,20:00,18,3,N,0.5555555555555556,1,true
2018-10-19,10,21:00,20,3,N,0.6,1,true
2018-10-19,10,22:00,22,3,N,0.6363636363636364,1,true
2018-10-19,10,23:00,24,3,N,0.6666666666666666,1,true
2018-10-20,10,20:00,18,2,N,0.8888888888888888,0,true
2018-10-20,10,21:00,20,2,N,0.9,0,true
2018-10-20,10,22:00,22,2,N,0.9090909090909091,0,true
2018-10-20,10,23:00,24,2,N,0.9166666666666666,0,true
2018-10-21,10,20:00,18,1,N,1.0,0,false
2018-10-21,10,21:00,20,1,N,1.0,0,false
2018-10-21,10,22:00,22,1,N,1.0,0,false
2018-10-21,10,23:00,24,1,N,1.0,0,false
2018-10-22,10,20:00,18,2,N,0.8333333333333334,0,true
2018-10-22,10,21:00,20,2,N,0.85,0,true
2018-10-22,10,22:00,22,2,N,0.8636363636363636,0,true
2018-10-22,10,23:00,24,2,N,0.875,0,true
2018-10-23,10,20:00,18,2,N,0.6666666666666666,0,true
2018-10-23,10,21:00,20,2,N,0.7,0,true
2018-10-23,10,22:00,22,2,N,0.7272727272727273,0,true
2018-10-23,10,23:00,24,2,N,0.75,0,true
2018-10-24,10,20:00,18,1,N,1.0,0,false
2018-10-24,10,21:00,20,1,N,1.0,0,false
2018-10-24,10,22:00,22,1,N,1.0,0,false
2018-10-24,10,23:00,24,1,N,1.0,0,false
2018-10-25,10,20:00,18,1,N,1.0,0,false
2018-10-25,10,21:00,20,1,N,1.0,0,false
2018-10-25,10,22:00,22,1,N,1.0,0,false
2018-10-25,10,23:00,24,1,N,1.0,0,false
2018-10-26,10,20:00,18,1,S,1.0,18,false
2018-10-26,10,21:00,20,1,S,1.0,20,false
2018-10-26,10,22:00,22,1,S,1.0,22,false
2018-10-26,10,23:00,24,1,S,1.0,24,false
2018-10-27,10,20:00,18,3,N,0.8888888888888888,0,true
2018-10-27,10,21:00,20,3,N,0.9,0,true
2018-10-27,10,22:00,22,3,N,0.9090909090909091,0,true
2018-10-27,10,23:00,24,3,N,0.9166666666666666,0,true
2018-10-28,10,20:00,18,2,N,0.8888888888888888,0,true
2018-10-28,10,21:00,20,2,N,0.9,0,true
2018-10-28,10,22:00,22,2,N,0.9090909090909091,0,true
2018-10-28,10,23:00,24,2,N,0.9166666666666666,0,true
2018-10-29,10,20:00,18,2,N,0.5,0,true
2018-10-29,10,21:00,20,2,N,0.55,0,true
2018-10-29,10,22:00,22,3,N,0.5,2,true
2018-10-29,10,23:00,24,4,N,0.4583333333333333,4,true
2018-10-30,10,20:00,18,1,S,1.0,18,false
2018-10-30,10,21:00,20,1,S,1.0,20,false
2018-10-30,10,22:00,22,1,S,1.0,22,false
2018-10-30,10,23:00,24,1,S,1.0,24,false
2018-10-31,10,20:00,18,1,S,1.0,18,false
2018-10-31,10,21:00,20,1,S,1.0,20,false
2018-10-31,10,22:00,22,1,S,1.0,22,false
2018-10-31,10,23:00,24,2,S,0.9583333333333334,24,true
2018-11-01,11,20:00,18,4,S,0.3888888888888889,8,true
2018-11-01,11,21:00,20,4,S,0.45,10,true
2018-11-01,11,22:00,22,4,S,0.5,12,true
2018-11-01,11,23:00,24,4,S,0.5416666666666666,14,true
2018-11-02,11,20:00,18,1,S,1.0,18,false
2018-11-02,11,21:00,20,2,S,0.95,20,true
2018-11-02,11,22:00,22,2,S,0.8636363636363636,22,true
2018-11-02,11,23:00,24,2,S,0.875,24,true
2018-11-03,11,20:00,18,2,N,0.9444444444444444,0,true
2018-11-03,11,21:00,20,2,N,0.95,0,true
2018-11-03,11,22:00,22,2,N,0.9545454545454546,0,true
2018-11-03,11,23:00,24,2,N,0.9583333333333334,0,true
2018-11-04,11,20:00,18,3,NW,0.4444444444444444,0,true
2018-11-04,11,21:00,20,3,NW,0.4,0,true
2018-11-04,11,22:00,22,3,NW,0.45454545454545453,0,true
2018-11-04,11,23:00,24,3,NW,0.4166666666666667,0,true
2018-11-05,11,20:00,18,2,N,0.7222222222222222,0,true
2018-11-05,11,21:00,20,2,N,0.7,0,true
2018-11-05,11,22:00,22,2,N,0.7272727272727273,0,true
2018-11-05,11,23:00,24,2,N,0.75,0,true
2018-11-06,11,20:00,18,2,N,0.9444444444444444,0,true
2018-11-06,11,21:00,20,2,N,0.95,0,true
2018-11-06,11,22:00,22,2,N,0.9545454545454546,0,true
2018-11-06,11,23:00,24,2,N,0.9583333333333334,0,true
2018-11-07,11,20:00,18,1,N,1.0,0,false
2018-11-07,11,21:00,20,1,N,1.0,0,false
2018-11-07,11,22:00,22,1,N,1.0,0,false
2018-11-07,11,23:00,24,1,N,1.0,0,false
2018-11-08,11,20:00,18,2,N,0.9444444444444444,0,true
2018-11-08,11,21:00,20,2,N,0.9,0,true
2018-11-08,11,22:00,22,2,N,0.9090909090909091,0,true
2018-11-08,11,23:00,24,2,N,0.9166666666666666,0,true
2018-11-09,11,20:00,18,1,N,1.0,0,false
2018-11-09,11,21:00,20,1,N,1.0,0,false
2018-11-09,11,22:00,22,1,N,1.0,0,false
2018-11-09,11,23:00,24,1,N,1.0,0,false
2018-11-10,11,20:00,18,1,S,1.0,18,false
2018-11-10,11,21:00,20,1,S,1.0,20,false
2018-11-10,11,22:00,22,1,S,1.0,22,false
2018-11-10,11,23:00,24,1,S,1.0,24,false
2018-11-11,11,20:00,18,2,N,0.5,0,true
2018-11-11,11,21:00,20,2,N,0.55,0,true
2018-11-11,11,22:00,22,2,N,0.5909090909090909,0,true
2018-11-11,11,23:00,24,4,N,0.5416666666666666,2,true
2018-11-12,11,20:00,18,2,N,0.8333333333333334,0,true
2018-11-12,11,21:00,20,2,N,0.85,0,true
2018-11-12,11,22:00,22,2,N,0.8636363636363636,0,true
2018-11-12,11,23:00,24,2,N,0.875,0,true
2018-11-13,11,20:00,18,2,N,0.6111111111111112,0,true
2018-11-13,11,21:00,20,2,N,0.6,0,true
2018-11-13,11,22:00,22,2,N,0.6363636363636364,0,true
2018-11-13,11,23:00,24,3,N,0.625,1,true
2018-11-14,11,20:00,18,4,S,0.7777777777777778,16,true
2018-11-14,11,21:00,20,4,S,0.8,18,true
2018-11-14,11,22:00,22,4,S,0.8181818181818182,20,true
2018-11-14,11,23:00,24,4,S,0.8333333333333334,22,true
2018-11-15,11,20:00,18,2,N,0.7222222222222222,0,true
2018-11-15,11,21:00,20,2,N,0.75,0,true
2018-11-15,11,22:00,22,2,N,0.7727272727272727,0,true
2018-11-15,11,23:00,24,2,N,0.7916666666666666,0,true
2018-11-16,11,20:00,18,1,N,1.0,0,false
2018-11-16,11,21:00,20,1,N,1.0,0,false
2018-11-16,11,22:00,22,1,N,1.0,0,false
2018-11-16,11,23:00,24,1,N,1.0,0,false
2018-11-17,11,20:00,18,1,N,1.0,0,false
2018-11-17,11,21:00,20,1,N,1.0,0,false
2018-11-17,11,22:00,22,1,N,1.0,0,false
2018-11-17,11,23:00,24,1,N,1.0,0,false
2018-11-18,11,20:00,18,2,N,0.9444444444444444,0,true
2018-11-18,11,21:00,20,2,N,0.95,0,true
2018-11-18,11,22:00,22,2,N,0.9545454545454546,0,true
2018-11-18,11,23:00,24,2,N,0.9583333333333334,0,true
2018-11-19,11,20:00,18,4,S,0.8333333333333334,16,true
2018-11-19,11,21:00,20,4,S,0.85,18,true
2018-11-19,11,22:00,22,4,S,0.8636363636363636,20,true
2018-11-19,11,23:00,24,4,S,0.875,22,true
2018-11-20,11,20:00,18,3,S,0.8333333333333334,18,true
2018-11-20,11,21:00,20,4,S,0.8,19,true
2018-11-20,11,22:00,22,5,S,0.7272727272727273,20,true
2018-11-20,11,23:00,24,5,S,0.75,22,true
2018-11-21,11,20:00,18,2,N,0.7222222222222222,0,true
2018-11-21,11,21:00,20,3,N,0.65,2,true
2018-11-21,11,22:00,22,3,N,0.5909090909090909,4,true
2018-11-21,11,23:00,24,4,N,0.5416666666666666,6,true
2018-11-22,11,20:00,18,6,NE,0.4444444444444444,5,true
2018-11-22,11,21:00,20,6,NE,0.4,7,true
2018-11-22,11,22:00,22,7,NE,0.36363636363636365,9,true
2018-11-22,11,23:00,24,7,NE,0.3333333333333333,11,true
2018-11-23,11,20:00,18,2,SE,0.5555555555555556,18,true
2018-11-23,11,21:00,20,2,SE,0.6,20,true
2018-11-23,11,22:00,22,2,SE,0.5909090909090909,22,true
2018-11-23,11,23:00,24,2,SE,0.5416666666666666,24,true
2018-11-24,11,20:00,10,4,NE,0.5,0,true
2018-11-24,11,21:00,12,4,N,0.4166666666666667,0,true
2018-11-24,11,22:00,14,6,N,0.35714285714285715,2,true
2018-11-24,11,23:00,16,6,N,0.3125,4,true
2018-11-25,11,20:00,18,5,S,0.7777777777777778,15,true
2018-11-25,11,21:00,20,6,S,0.7,17,true
2018-11-25,11,22:00,22,6,S,0.6363636363636364,17,true
2018-11-25,11,23:00,24,6,S,0.5833333333333334,17,true
2018-11-26,11,20:00,18,2,SE,0.7777777777777778,18,true
2018-11-26,11,21:00,20,2,SE,0.8,20,true
2018-11-26,11,22:00,22,2,SE,0.8181818181818182,22,true
2018-11-26,11,23:00,24,2,SE,0.8333333333333334,24,true
2018-11-27,11,20:00,18,1,S,1.0,18,false
2018-11-27,11,21:00,20,1,S,1.0,20,false
2018-11-27,11,22:00,22,2,S,0.9090909090909091,22,true
2018-11-27,11,23:00,24,2,S,0.8333333333333334,24,true
2018-11-28,11,20:00,18,3,S,0.3888888888888889,18,true
2018-11-28,11,21:00,20,3,SE,0.4,20,true
2018-11-28,11,22:00,22,3,S,0.4090909090909091,22,true
2018-11-28,11,23:00,24,3,S,0.4583333333333333,24,true
2018-11-29,11,20:00,18,2,S,0.6666666666666666,18,true
2018-11-29,11,21:00,20,2,S,0.7,20,true
2018-11-29,11,22:00,22,2,S,0.7272727272727273,22,true
2018-11-29,11,23:00,24,2,S,0.75,24,true
2018-11-30,11,20:00,18,4,SE,0.5,16,true
2018-11-30,11,21:00,20,4,S,0.45,18,true
2018-11-30,11,22:00,22,4,S,0.5,20,true
2018-11-30,11,23:00,24,4,S,0.5416666666666666,22,true
2018-12-01,12,20:00,18,4,N,0.5,0,true
2018-12-01,12,21:00,20,4,N,0.45,0,true
2018-12-01,12,22:00,22,4,N,0.4090909090909091,0,true
2018-12-01,12,23:00,24,4,NE,0.4166666666666667,0,true
2018-12-02,12,20:00,18,7,N,0.3333333333333333,5,true
2018-12-02,12,21:00,20,7,N,0.3,7,true
2018-12-02,12,22:00,22,7,S,0.36363636363636365,9,true
2018-12-02,12,23:00,24,7,S,0.4166666666666667,11,true
2018-12-03,12,20:00,18,3,E,0.4444444444444444,0,true
2018-12-03,12,21:00,20,3,N,0.5,0,true
2018-12-03,12,22:00,22,4,N,0.45454545454545453,2,true
2018-12-03,12,23:00,24,4,N,0.4166666666666667,4,true
2018-12-04,12,20:00,18,1,N,1.0,0,false
2018-12-04,12,21:00,20,1,N,1.0,0,false
2018-12-04,12,22:00,22,1,N,1.0,0,false
2018-12-04,12,23:00,24,1,N,1.0,0,false
2018-12-05,12,20:00,18,2,N,0.6666666666666666,0,true
2018-12-05,12,21:00,20,2,N,0.7,0,true
2018-12-05,12,22:00,22,2,N,0.6818181818181818,0,true
2018-12-05,12,23:00,24,2,N,0.7083333333333334,0,true
2018-12-06,12,20:00,18,5,S,0.3333333333333333,7,true
2018-12-06,12,21:00,20,5,S,0.4,9,true
2018-12-06,12,22:00,22,5,S,0.45454545454545453,11,true
2018-12-06,12,23:00,24,5,S,0.5,13,true
2018-12-07,12,20:00,18,1,S,1.0,18,false
2018-12-07,12,21:00,20,1,S,1.0,20,false
2018-12-07,12,22:00,22,1,S,1.0,22,false
2018-12-07,12,23:00,24,1,S,1.0,24,false
2018-12-08,12,20:00,18,2,NE,0.6111111111111112,0,true
2018-12-08,12,21:00,20,2,NE,0.55,0,true
2018-12-08,12,22:00,22,2,N,0.5,0,true
2018-12-08,12,23:00,24,2,N,0.5416666666666666,0,true
2018-12-09,12,20:00,18,1,N,1.0,0,false
2018-12-09,12,21:00,20,1,N,1.0,0,false
2018-12-09,12,22:00,22,1,N,1.0,0,false
2018-12-09,12,23:00,24,1,N,1.0,0,false
2018-12-10,12,20:00,18,5,N,0.5,4,true
2018-12-10,12,21:00,20,5,N,0.45,6,true
2018-12-10,12,22:00,22,5,N,0.4090909090909091,8,true
2018-12-10,12,23:00,24,5,N,0.375,10,true
2018-12-11,12,20:00,18,6,N,0.3888888888888889,6,true
2018-12-11,12,21:00,20,6,N,0.35,6,true
2018-12-11,12,22:00,22,6,N,0.3181818181818182,8,true
2018-12-11,12,23:00,24,6,N,0.2916666666666667,10,true
2018-12-12,12,20:00,18,2,N,0.6111111111111112,0,true
2018-12-12,12,21:00,20,2,N,0.6,0,true
2018-12-12,12,22:00,22,2,N,0.5909090909090909,0,true
2018-12-12,12,23:00,24,2,N,0.625,0,true
2018-12-13,12,20:00,18,2,SW,0.6666666666666666,18,true
2018-12-13,12,21:00,20,2,SW,0.6,20,true
2018-12-13,12,22:00,22,2,SW,0.5454545454545454,22,true
2018-12-13,12,23:00,24,2,S,0.5,24,true
2018-12-14,12,20:00,18,3,SW,0.6111111111111112,17,true
2018-12-14,12,21:00,20,3,SW,0.55,19,true
2018-12-14,12,22:00,22,3,SW,0.5,21,true
2018-12-14,12,23:00,24,3,SW,0.5416666666666666,23,true
2018-12-15,12,20:00,18,2,SW,0.6666666666666666,18,true
2018-12-15,12,21:00,20,2,SW,0.7,20,true
2018-12-15,12,22:00,22,2,SW,0.6818181818181818,22,true
2018-12-15,12,23:00,24,2,SW,0.625,24,true
2018-12-16,12,20:00,18,1,S,1.0,18,false
2018-12-16,12,21:00,20,1,S,1.0,20,false
2018-12-16,12,22:00,22,1,S,1.0,22,false
2018-12-16,12,23:00,24,1,S,1.0,24,false
2018-12-17,12,20:00,18,2,N,0.8333333333333334,0,true
2018-12-17,12,21:00,20,2,N,0.85,0,true
2018-12-17,12,22:00,22,2,N,0.8636363636363636,0,true
2018-12-17,12,23:00,24,2,N,0.875,0,true
2018-12-18,12,20:00,18,1,N,1.0,0,false
2018-12-18,12,21:00,20,1,N,1.0,0,false
2018-12-18,12,22:00,22,1,N,1.0,0,false
2018-12-18,12,23:00,24,1,N,1.0,0,false
2018-12-19,12,20:00,18,2,N,0.8888888888888888,0,true
2018-12-19,12,21:00,20,3,N,0.85,0,true
2018-12-19,12,22:00,22,3,N,0.8181818181818182,0,true
2018-12-19,12,23:00,24,3,N,0.7916666666666666,0,true
2018-12-20,12,20:00,18,2,S,0.8333333333333334,18,true
2018-12-20,12,21:00,20,2,S,0.85,20,true
2018-12-20,12,22:00,22,2,S,0.8636363636363636,22,true
2018-12-20,12,23:00,24,2,S,0.875,24,true
2018-12-21,12,20:00,18,1,S,1.0,18,false
2018-12-21,12,21:00,19,1,S,1.0,19,false
2018-12-21,12,22:00,21,1,S,1.0,21,false
2018-12-21,12,23:00,23,1,S,1.0,23,false
2018-12-22,12,20:00,18,3,S,0.8333333333333334,18,true
2018-12-22,12,21:00,20,3,S,0.8,20,true
2018-12-22,12,22:00,22,3,S,0.8181818181818182,22,true
2018-12-22,12,23:00,24,3,S,0.8333333333333334,24,true
2018-12-23,12,20:00,18,5,N,0.3333333333333333,8,true
2018-12-23,12,21:00,20,5,S,0.4,10,true
2018-12-23,12,22:00,22,6,S,0.4090909090909091,12,true
2018-12-23,12,23:00,24,6,S,0.4166666666666667,14,true
2018-12-24,12,20:00,18,2,SE,0.7777777777777778,18,true
2018-12-24,12,21:00,20,2,SE,0.7,20,true
2018-12-24,12,22:00,22,2,SE,0.6363636363636364,22,true
2018-12-24,12,23:00,24,2,SE,0.625,24,true
2018-12-25,12,20:00,18,6,S,0.3333333333333333,11,true
2018-12-25,12,21:00,20,6,S,0.35,13,true
2018-12-25,12,22:00,22,6,S,0.4090909090909091,15,true
2018-12-25,12,23:00,24,6,S,0.4583333333333333,17,true
2018-12-26,12,20:00,18,2,SW,0.8333333333333334,18,true
2018-12-26,12,21:00,20,2,SW,0.75,19,true
2018-12-26,12,22:00,22,2,SW,0.7727272727272727,21,true
2018-12-26,12,23:00,24,2,SW,0.7083333333333334,23,true
2018-12-27,12,20:00,18,8,N,0.2777777777777778,6,true
2018-12-27,12,21:00,20,8,N,0.3,6,true
2018-12-27,12,22:00,22,8,N,0.2727272727272727,8,true
2018-12-27,12,23:00,24,8,N,0.25,10,true
2018-12-28,12,20:00,18,7,NE,0.3888888888888889,3,true
2018-12-28,12,21:00,20,7,NE,0.35,5,true
2018-12-28,12,22:00,22,7,NE,0.3181818181818182,7,true
2018-12-28,12,23:00,24,7,NE,0.2916666666666667,9,true
2018-12-29,12,20:00,18,2,N,0.9444444444444444,0,true
2018-12-29,12,21:00,20,2,N,0.95,0,true
2018-12-29,12,22:00,22,2,N,0.9545454545454546,0,true
2018-12-29,12,23:00,24,2,N,0.9583333333333334,0,true
2018-12-30,12,20:00,18,1,N,1.0,0,false
2018-12-30,12,21:00,20,1,N,1.0,0,false
2018-12-30,12,22:00,22,1,N,1.0,0,false
2018-12-30,12,23:00,24,1,N,1.0,0,false
2018-12-31,12,20:00,18,1,N,1.0,0,false
2018-12-31,12,21:00,20,2,N,0.95,0,true
2018-12-31,12,22:00,22,2,N,0.9545454545454546,0,true
2018-12-31,12,23:00,24,2,N,0.9583333333333334,0,true
2019-01-01,1,20:00,18,5,N,0.3888888888888889,8,true
2019-01-01,1,21:00,20,6,N,0.35,8,true
2019-01-01,1,22:00,22,6,N,0.36363636363636365,8,true
2019-01-01,1,23:00,24,6,N,0.4166666666666667,8,true
2019-01-02,1,20:00,18,1,N,1.0,0,false
2019-01-02,1,21:00,20,1,N,1.0,0,false
2019-01-02,1,22:00,22,1,N,1.0,0,false
2019-01-02,1,23:00,24,1,N,1.0,0,false
2019-01-03,1,20:00,18,1,N,1.0,0,false
2019-01-03,1,21:00,20,2,N,0.95,0,true
2019-01-03,1,22:00,22,2,N,0.9545454545454546,0,true
2019-01-03,1,23:00,24,2,N,0.9583333333333334,0,true
2019-01-04,1,20:00,18,8,N,0.2222222222222222,7,true
2019-01-04,1,21:00,20,8,S,0.25,9,true
2019-01-04,1,22:00,22,8,S,0.3181818181818182,11,true
2019-01-04,1,23:00,24,8,S,0.375,13,true
2019-01-05,1,20:00,18,2,N,0.7222222222222222,0,true
2019-01-05,1,21:00,20,2,N,0.75,0,true
2019-01-05,1,22:00,22,2,N,0.7727272727272727,0,true
2019-01-05,1,23:00,24,2,N,0.7916666666666666,0,true
2019-01-06,1,20:00,18,1,N,1.0,0,false
2019-01-06,1,21:00,20,1,N,1.0,0,false
2019-01-06,1,22:00,22,1,N,1.0,0,false
2019-01-06,1,23:00,24,1,N,1.0,0,false
2019-01-07,1,20:00,16,5,N,0.3125,7,true
2019-01-07,1,21:00,18,5,S,0.3888888888888889,9,true
2019-01-07,1,22:00,20,6,S,0.4,11,true
2019-01-07,1,23:00,22,6,S,0.36363636363636365,13,true
2019-01-08,1,20:00,18,2,N,0.8333333333333334,0,true
2019-01-08,1,21:00,20,2,N,0.85,0,true
2019-01-08,1,22:00,22,2,N,0.8636363636363636,0,true
2019-01-08,1,23:00,24,2,N,0.875,0,true
2019-01-09,1,20:00,18,5,NE,0.5,5,true
2019-01-09,1,21:00,20,5,NE,0.45,5,true
2019-01-09,1,22:00,22,6,NE,0.4090909090909091,7,true
2019-01-09,1,23:00,24,6,NE,0.375,9,true
2019-01-10,1,20:00,18,1,N,1.0,0,false
2019-01-10,1,21:00,20,2,N,0.95,0,true
2019-01-10,1,22:00,22,2,N,0.9545454545454546,0,true
2019-01-10,1,23:00,24,2,N,0.9583333333333334,0,true
2019-01-11,1,20:00,18,3,N,0.7777777777777778,0,true
2019-01-11,1,21:00,20,3,N,0.8,0,true
2019-01-11,1,22:00,22,3,N,0.8181818181818182,0,true
2019-01-11,1,23:00,24,3,N,0.8333333333333334,0,true
2019-01-12,1,20:00,18,6,S,0.3888888888888889,12,true
2019-01-12,1,21:00,20,6,S,0.45,14,true
2019-01-12,1,22:00,22,6,S,0.4090909090909091,16,true
2019-01-12,1,23:00,24,6,S,0.4166666666666667,18,true
2019-01-13,1,20:00,18,4,N,0.6111111111111112,1,true
2019-01-13,1,21:00,20,4,N,0.65,1,true
2019-01-13,1,22:00,22,4,N,0.6818181818181818,1,true
2019-01-13,1,23:00,24,4,N,0.7083333333333334,1,true
2019-01-14,1,20:00,18,4,N,0.5555555555555556,5,true
2019-01-14,1,21:00,20,4,N,0.5,7,true
2019-01-14,1,22:00,22,4,N,0.45454545454545453,9,true
2019-01-14,1,23:00,24,4,N,0.4166666666666667,11,true
2019-01-15,1,20:00,18,1,S,1.0,18,false
2019-01-15,1,21:00,20,1,S,1.0,20,false
2019-01-15,1,22:00,22,1,S,1.0,22,false
2019-01-15,1,23:00,24,1,S,1.0,24,false
2019-01-16,1,20:00,18,1,S,1.0,18,false
2019-01-16,1,21:00,20,1,S,1.0,20,false
2019-01-16,1,22:00,22,1,S,1.0,22,false
2019-01-16,1,23:00,24,1,S,1.0,24,false
2019-01-17,1,20:00,18,5,N,0.7777777777777778,1,true
2019-01-17,1,21:00,20,5,N,0.8,1,true
2019-01-17,1,22:00,22,5,N,0.8181818181818182,1,true
2019-01-17,1,23:00,24,5,N,0.8333333333333334,1,true
2019-01-18,1,20:00,18,5,N,0.5,3,true
2019-01-18,1,21:00,20,5,N,0.45,5,true
2019-01-18,1,22:00,22,5,N,0.4090909090909091,7,true
2019-01-18,1,23:00,24,5,N,0.375,9,true
2019-01-19,1,20:00,18,3,N,0.8888888888888888,1,true
2019-01-19,1,21:00,20,3,N,0.9,1,true
2019-01-19,1,22:00,22,3,N,0.9090909090909091,1,true
2019-01-19,1,23:00,24,3,N,0.9166666666666666,1,true
2019-01-20,1,20:00,18,2,NW,0.5555555555555556,0,true
2019-01-20,1,21:00,20,2,N,0.5,0,true
2019-01-20,1,22:00,22,2,N,0.5454545454545454,0,true
2019-01-20,1,23:00,24,2,N,0.5833333333333334,0,true
2019-01-21,1,20:00,18,2,N,0.6111111111111112,0,true
2019-01-21,1,21:00,20,2,N,0.55,0,true
2019-01-21,1,22:00,22,2,N,0.5,0,true
2019-01-21,1,23:00,24,2,NW,0.5416666666666666,0,true
2019-01-22,1,20:00,18,6,N,0.3333333333333333,3,true
2019-01-22,1,21:00,20,6,N,0.4,3,true
2019-01-22,1,22:00,22,6,N,0.45454545454545453,3,true
2019-01-22,1,23:00,24,6,N,0.5,3,true
2019-01-23,1,20:00,18,2,N,0.9444444444444444,0,true
2019-01-23,1,21:00,20,2,N,0.95,0,true
2019-01-23,1,22:00,22,3,N,0.9090909090909091,0,true
2019-01-23,1,23:00,24,3,N,0.875,0,true
2019-01-24,1,20:00,18,2,S,0.8888888888888888,18,true
2019-01-24,1,21:00,20,2,S,0.85,20,true
2019-01-24,1,22:00,22,2,S,0.7727272727272727,22,true
2019-01-24,1,23:00,24,2,S,0.75,24,true
2019-01-25,1,20:00,18,6,N,0.3888888888888889,2,true
2019-01-25,1,21:00,20,6,N,0.4,2,true
2019-01-25,1,22:00,22,6,N,0.36363636363636365,4,true
2019-01-25,1,23:00,24,6,N,0.3333333333333333,6,true
2019-01-26,1,20:00,18,2,N,0.8333333333333334,0,true
2019-01-26,1,21:00,20,2,N,0.85,0,true
2019-01-26,1,22:00,22,2,N,0.8636363636363636,0,true
2019-01-26,1,23:00,24,2,N,0.875,0,true
2019-01-27,1,20:00,18,1,N,1.0,0,false
2019-01-27,1,21:00,20,1,N,1.0,0,false
2019-01-27,1,22:00,22,1,N,1.0,0,false
2019-01-27,1,23:00,24,1,N,1.0,0,false
2019-01-28,1,20:00,18,1,N,1.0,0,false
2019-01-28,1,21:00,20,1,N,1.0,0,false
2019-01-28,1,22:00,22,1,N,1.0,0,false
2019-01-28,1,23:00,24,1,N,1.0,0,false
2019-01-29,1,20:00,18,3,S,0.5,17,true
2019-01-29,1,21:00,20,3,SW,0.5,19,true
2019-01-29,1,22:00,22,3,SW,0.5454545454545454,21,true
2019-01-29,1,23:00,24,3,SW,0.5416666666666666,23,true
2019-01-30,1,20:00,18,1,N,1.0,0,false
2019-01-30,1,21:00,20,1,N,1.0,0,false
2019-01-30,1,22:00,22,1,N,1.0,0,false
2019-01-30,1,23:00,24,1,N,1.0,0,false
2019-01-31,1,20:00,18,1,N,1.0,0,false
2019-01-31,1,21:00,20,1,N,1.0,0,false
2019-01-31,1,22:00,22,1,N,1.0,0,false
2019-01-31,1,23:00,24,1,N,1.0,0,false
2019-02-01,2,20:00,18,1,N,1.0,0,false
2019-02-01,2,21:00,20,1,N,1.0,0,false
2019-02-01,2,22:00,22,1,N,1.0,0,false
2019-02-01,2,23:00,24,1,N,1.0,0,false
2019-02-02,2,20:00,18,2,S,0.8888888888888888,18,true
2019-02-02,2,21:00,20,2,S,0.85,20,true
2019-02-02,2,22:00,22,2,S,0.8636363636363636,22,true
2019-02-02,2,23:00,24,2,S,0.875,24,true
2019-02-03,2,20:00,18,5,E,0.3888888888888889,1,true
2019-02-03,2,21:00,20,6,E,0.35,3,true
2019-02-03,2,22:00,22,6,E,0.3181818181818182,5,true
2019-02-03,2,23:00,24,6,E,0.2916666666666667,7,true
2019-02-04,2,20:00,18,1,N,1.0,0,false
2019-02-04,2,21:00,20,1,N,1.0,0,false
2019-02-04,2,22:00,22,1,N,1.0,0,false
2019-02-04,2,23:00,24,1,N,1.0,0,false
2019-02-05,2,20:00,18,1,N,1.0,0,false
2019-02-05,2,21:00,20,1,N,1.0,0,false
2019-02-05,2,22:00,22,1,N,1.0,0,false
2019-02-05,2,23:00,24,1,N,1.0,0,false
2019-02-06,2,20:00,18,4,S,0.6666666666666666,14,true
2019-02-06,2,21:00,20,4,S,0.7,16,true
2019-02-06,2,22:00,22,4,S,0.7272727272727273,18,true
2019-02-06,2,23:00,24,4,S,0.75,20,true
2019-02-07,2,20:00,18,2,SE,0.7222222222222222,18,true
2019-02-07,2,21:00,20,2,SE,0.75,20,true
2019-02-07,2,22:00,22,2,SE,0.7727272727272727,22,true
2019-02-07,2,23:00,24,2,SE,0.75,24,true
2019-02-08,2,20:00,18,5,NE,0.6111111111111112,3,true
2019-02-08,2,21:00,20,5,NE,0.55,3,true
2019-02-08,2,22:00,22,5,NE,0.5,3,true
2019-02-08,2,23:00,24,5,NE,0.4583333333333333,3,true
2019-02-09,2,20:00,18,1,N,1.0,0,false
2019-02-09,2,21:00,20,1,N,1.0,0,false
2019-02-09,2,22:00,22,1,N,1.0,0,false
2019-02-09,2,23:00,24,1,N,1.0,0,false
2019-02-10,2,20:00,18,2,N,0.6111111111111112,0,true
2019-02-10,2,21:00,20,2,N,0.65,0,true
2019-02-10,2,22:00,22,2,N,0.6818181818181818,0,true
2019-02-10,2,23:00,24,2,N,0.7083333333333334,0,true
2019-02-11,2,20:00,18,2,N,0.8333333333333334,0,true
2019-02-11,2,21:00,20,2,N,0.85,0,true
2019-02-11,2,22:00,22,2,N,0.8636363636363636,0,true
2019-02-11,2,23:00,24,2,N,0.875,0,true
2019-02-12,2,20:00,18,2,N,0.8333333333333334,0,true
2019-02-12,2,21:00,20,2,N,0.85,0,true
2019-02-12,2,22:00,22,2,N,0.8636363636363636,0,true
2019-02-12,2,23:00,24,2,N,0.875,0,true
2019-02-13,2,20:00,18,1,N,1.0,0,false
2019-02-13,2,21:00,20,1,N,1.0,0,false
2019-02-13,2,22:00,22,1,N,1.0,0,false
2019-02-13,2,23:00,24,1,N,1.0,0,false
2019-02-14,2,20:00,18,2,N,0.9444444444444444,0,true
2019-02-14,2,21:00,20,2,N,0.95,0,true
2019-02-14,2,22:00,22,2,N,0.9545454545454546,0,true
2019-02-14,2,23:00,24,2,N,0.9583333333333334,0,true
2019-02-15,2,20:00,18,4,S,0.4444444444444444,10,true
2019-02-15,2,21:00,20,4,S,0.5,12,true
2019-02-15,2,22:00,22,4,S,0.5454545454545454,14,true
2019-02-15,2,23:00,24,4,S,0.5833333333333334,16,true
2019-02-16,2,20:00,18,5,N,0.5555555555555556,2,true
2019-02-16,2,21:00,20,5,N,0.5,4,true
2019-02-16,2,22:00,22,5,N,0.45454545454545453,6,true
2019-02-16,2,23:00,24,5,N,0.4166666666666667,8,true
2019-02-17,2,20:00,18,6,NE,0.3333333333333333,8,true
2019-02-17,2,21:00,20,6,NE,0.35,8,true
2019-02-17,2,22:00,22,6,NE,0.3181818181818182,8,true
2019-02-17,2,23:00,24,6,N,0.2916666666666667,8,true
2019-02-18,2,20:00,18,1,N,1.0,0,false
2019-02-18,2,21:00,20,1,N,1.0,0,false
2019-02-18,2,22:00,22,1,N,1.0,0,false
2019-02-18,2,23:00,24,1,N,1.0,0,false
2019-02-19,2,20:00,18,2,N,0.6666666666666666,0,true
2019-02-19,2,21:00,20,2,N,0.7,0,true
2019-02-19,2,22:00,22,2,N,0.7272727272727273,0,true
2019-02-19,2,23:00,24,2,N,0.75,0,true
2019-02-20,2,20:00,18,1,N,1.0,0,false
2019-02-20,2,21:00,20,1,N,1.0,0,false
2019-02-20,2,22:00,22,1,N,1.0,0,false
2019-02-20,2,23:00,24,1,N,1.0,0,false
2019-02-21,2,20:00,18,2,N,0.6111111111111112,0,true
2019-02-21,2,21:00,20,2,N,0.6,0,true
2019-02-21,2,22:00,22,2,N,0.6363636363636364,0,true
2019-02-21,2,23:00,24,2,N,0.6666666666666666,0,true
2019-02-22,2,20:00,18,2,N,0.8888888888888888,0,true
2019-02-22,2,21:00,20,2,N,0.9,0,true
2019-02-22,2,22:00,22,2,N,0.8636363636363636,0,true
2019-02-22,2,23:00,24,2,N,0.7916666666666666,0,true
2019-02-23,2,20:00,18,3,N,0.3888888888888889,11,true
2019-02-23,2,21:00,20,3,S,0.4,13,true
2019-02-23,2,22:00,22,3,S,0.45454545454545453,15,true
2019-02-23,2,23:00,24,3,S,0.5,17,true
2019-02-24,2,20:00,18,5,SE,0.3333333333333333,7,true
2019-02-24,2,21:00,20,5,SE,0.4,9,true
2019-02-24,2,22:00,22,5,SE,0.45454545454545453,11,true
2019-02-24,2,23:00,24,6,SE,0.4583333333333333,13,true
2019-02-25,2,20:00,18,1,S,1.0,18,false
2019-02-25,2,21:00,20,1,S,1.0,20,false
2019-02-25,2,22:00,22,1,S,1.0,22,false
2019-02-25,2,23:00,24,1,S,1.0,24,false
2019-02-26,2,20:00,18,3,N,0.5,0,true
2019-02-26,2,21:00,20,3,NE,0.5,0,true
2019-02-26,2,22:00,22,3,NE,0.5,0,true
2019-02-26,2,23:00,24,3,N,0.5,0,true
2019-02-27,2,20:00,18,1,N,1.0,0,false
2019-02-27,2,21:00,20,1,N,1.0,0,false
2019-02-27,2,22:00,22,1,N,1.0,0,false
2019-02-27,2,23:00,24,1,N,1.0,0,false
2019-02-28,2,20:00,18,1,S,1.0,18,false
2019-02-28,2,21:00,20,1,S,1.0,20,false
2019-02-28,2,22:00,22,1,S,1.0,22,false
2019-02-28,2,23:00,24,1,S,1.0,24,false
2019-03-01,3,20:00,17,4,NE,0.4117647058823529,7,true
2019-03-01,3,21:00,19,4,NE,0.3684210526315789,7,true
2019-03-01,3,22:00,21,5,NE,0.3333333333333333,8,true
2019-03-01,3,23:00,23,5,S,0.34782608695652173,10,true
2019-03-02,3,20:00,18,6,N,0.3888888888888889,4,true
2019-03-02,3,21:00,20,6,N,0.35,6,true
2019-03-02,3,22:00,22,6,N,0.3181818181818182,8,true
2019-03-02,3,23:00,24,6,S,0.3333333333333333,10,true
2019-03-03,3,20:00,18,6,NE,0.3888888888888889,4,true
2019-03-03,3,21:00,20,6,NE,0.35,6,true
2019-03-03,3,22:00,22,6,NE,0.3181818181818182,8,true
2019-03-03,3,23:00,24,6,S,0.375,10,true
2019-03-04,3,20:00,18,2,N,0.9444444444444444,0,true
2019-03-04,3,21:00,20,2,N,0.95,0,true
2019-03-04,3,22:00,22,2,N,0.9545454545454546,0,true
2019-03-04,3,23:00,24,2,N,0.9583333333333334,0,true
2019-03-05,3,20:00,18,1,N,1.0,0,false
2019-03-05,3,21:00,20,1,N,1.0,0,false
2019-03-05,3,22:00,22,1,N,1.0,0,false
2019-03-05,3,23:00,24,1,N,1.0,0,false
2019-03-06,3,20:00,18,2,N,0.9444444444444444,0,true
2019-03-06,3,21:00,20,2,N,0.95,0,true
2019-03-06,3,22:00,22,2,N,0.9545454545454546,0,true
2019-03-06,3,23:00,24,2,N,0.9583333333333334,0,true
2019-03-07,3,20:00,18,1,N,1.0,0,false
2019-03-07,3,21:00,20,1,N,1.0,0,false
2019-03-07,3,22:00,22,1,N,1.0,0,false
2019-03-07,3,23:00,24,1,N,1.0,0,false
2019-03-08,3,20:00,18,4,N,0.7222222222222222,2,true
2019-03-08,3,21:00,20,4,N,0.65,4,true
2019-03-08,3,22:00,22,4,N,0.5909090909090909,6,true
2019-03-08,3,23:00,24,5,N,0.5416666666666666,8,true
2019-03-09,3,20:00,18,3,S,0.7222222222222222,17,true
2019-03-09,3,21:00,20,3,S,0.7,19,true
2019-03-09,3,22:00,22,3,S,0.7272727272727273,21,true
2019-03-09,3,23:00,24,3,S,0.6666666666666666,23,true
2019-03-10,3,20:00,18,1,S,1.0,18,false
2019-03-10,3,21:00,20,1,S,1.0,20,false
2019-03-10,3,22:00,22,1,S,1.0,22,false
2019-03-10,3,23:00,24,1,S,1.0,24,false
2019-03-11,3,20:00,18,2,S,0.8888888888888888,18,true
2019-03-11,3,21:00,20,2,S,0.8,20,true
2019-03-11,3,22:00,22,2,S,0.7272727272727273,22,true
2019-03-11,3,23:00,24,2,S,0.6666666666666666,24,true
2019-03-12,3,20:00,18,1,N,1.0,0,false
2019-03-12,3,21:00,20,1,N,1.0,0,false
2019-03-12,3,22:00,22,1,N,1.0,0,false
2019-03-12,3,23:00,24,1,N,1.0,0,false
2019-03-13,3,20:00,18,1,N,1.0,0,false
2019-03-13,3,21:00,20,1,N,1.0,0,false
2019-03-13,3,22:00,22,1,N,1.0,0,false
2019-03-13,3,23:00,24,1,N,1.0,0,false
2019-03-14,3,20:00,18,5,S,0.6111111111111112,12,true
2019-03-14,3,21:00,20,5,S,0.65,14,true
2019-03-14,3,22:00,22,5,S,0.6818181818181818,16,true
2019-03-14,3,23:00,24,5,S,0.7083333333333334,18,true
2019-03-15,3,20:00,18,5,N,0.4444444444444444,6,true
2019-03-15,3,21:00,20,5,N,0.5,6,true
2019-03-15,3,22:00,22,5,N,0.5454545454545454,6,true
2019-03-15,3,23:00,24,5,N,0.5833333333333334,6,true
2019-03-16,3,20:00,18,1,N,1.0,0,false
2019-03-16,3,21:00,20,1,N,1.0,0,false
2019-03-16,3,22:00,22,1,N,1.0,0,false
2019-03-16,3,23:00,24,1,N,1.0,0,false
2019-03-17,3,20:00,18,2,S,0.9444444444444444,18,true
2019-03-17,3,21:00,20,2,S,0.95,20,true
2019-03-17,3,22:00,22,2,S,0.9545454545454546,22,true
2019-03-17,3,23:00,24,2,S,0.9583333333333334,24,true
2019-03-18,3,20:00,18,5,NE,0.4444444444444444,1,true
2019-03-18,3,21:00,20,6,N,0.4,1,true
2019-03-18,3,22:00,22,6,N,0.36363636363636365,1,true
2019-03-18,3,23:00,24,6,N,0.4166666666666667,1,true
2019-03-19,3,20:00,18,4,SW,0.5555555555555556,15,true
2019-03-19,3,21:00,20,4,SW,0.6,17,true
2019-03-19,3,22:00,22,4,SW,0.5909090909090909,19,true
2019-03-19,3,23:00,24,4,SW,0.5416666666666666,21,true
2019-03-20,3,20:00,18,5,NE,0.4444444444444444,1,true
2019-03-20,3,21:00,20,5,NE,0.4,2,true
2019-03-20,3,22:00,22,6,NE,0.36363636363636365,4,true
2019-03-20,3,23:00,24,6,NE,0.3333333333333333,6,true
2019-03-21,3,20:00,18,3,S,0.3888888888888889,18,true
2019-03-21,3,21:00,20,3,SE,0.45,20,true
2019-03-21,3,22:00,22,3,S,0.4090909090909091,22,true
2019-03-21,3,23:00,24,3,S,0.4583333333333333,24,true
2019-03-22,3,20:00,18,5,N,0.2777777777777778,4,true
2019-03-22,3,21:00,20,5,N,0.35,4,true
2019-03-22,3,22:00,22,5,N,0.4090909090909091,4,true
2019-03-22,3,23:00,24,5,N,0.4166666666666667,5,true
2019-03-23,3,20:00,18,2,NE,0.8333333333333334,0,true
2019-03-23,3,21:00,20,2,NE,0.75,0,true
2019-03-23,3,22:00,22,2,NE,0.7272727272727273,0,true
2019-03-23,3,23:00,24,2,NE,0.6666666666666666,0,true
2019-03-24,3,20:00,18,2,N,0.6111111111111112,0,true
2019-03-24,3,21:00,20,2,N,0.65,0,true
2019-03-24,3,22:00,22,2,N,0.6818181818181818,0,true
2019-03-24,3,23:00,24,2,N,0.7083333333333334,0,true
2019-03-25,3,20:00,18,1,N,1.0,0,false
2019-03-25,3,21:00,20,1,N,1.0,0,false
2019-03-25,3,22:00,22,1,N,1.0,0,false
2019-03-25,3,23:00,24,1,N,1.0,0,false
2019-03-26,3,20:00,18,1,N,1.0,0,false
2019-03-26,3,21:00,20,1,N,1.0,0,false
2019-03-26,3,22:00,22,1,N,1.0,0,false
2019-03-26,3,23:00,24,1,N,1.0,0,false
2019-03-27,3,20:00,18,1,N,1.0,0,false
2019-03-27,3,21:00,20,1,N,1.0,0,false
2019-03-27,3,22:00,22,1,N,1.0,0,false
2019-03-27,3,23:00,24,1,N,1.0,0,false
2019-03-28,3,20:00,18,3,S,0.8888888888888888,17,true
2019-03-28,3,21:00,20,3,S,0.8,19,true
2019-03-28,3,22:00,22,3,S,0.7272727272727273,21,true
2019-03-28,3,23:00,24,3,S,0.6666666666666666,23,true
2019-03-29,3,20:00,18,4,SE,0.5555555555555556,10,true
2019-03-29,3,21:00,20,5,SE,0.5,11,true
2019-03-29,3,22:00,22,6,SE,0.45454545454545453,13,true
2019-03-29,3,23:00,24,6,SE,0.4166666666666667,15,true
2019-03-30,3,20:00,18,4,N,0.5,1,true
2019-03-30,3,21:00,20,4,N,0.45,1,true
2019-03-30,3,22:00,22,5,N,0.45454545454545453,1,true
2019-03-30,3,23:00,24,6,N,0.4166666666666667,3,true
2019-03-31,3,20:00,18,2,N,0.5555555555555556,0,true
2019-03-31,3,21:00,20,2,N,0.6,0,true
2019-03-31,3,22:00,22,2,N,0.5454545454545454,0,true
2019-03-31,3,23:00,24,2,N,0.5833333333333334,0,true
2019-04-01,4,20:00,18,2,N,0.9444444444444444,0,true
2019-04-01,4,21:00,20,2,N,0.95,0,true
2019-04-01,4,22:00,22,2,N,0.9545454545454546,0,true
2019-04-01,4,23:00,24,2,N,0.9583333333333334,0,true
2019-04-02,4,20:00,18,5,S,0.3333333333333333,7,true
2019-04-02,4,21:00,20,5,S,0.35,9,true
2019-04-02,4,22:00,22,5,S,0.3181818181818182,11,true
2019-04-02,4,23:00,24,5,S,0.3333333333333333,13,true
2019-04-03,4,20:00,18,1,S,1.0,18,false
2019-04-03,4,21:00,20,1,S,1.0,20,false
2019-04-03,4,22:00,22,1,S,1.0,22,false
2019-04-03,4,23:00,24,1,S,1.0,24,false
2019-04-04,4,20:00,18,2,NE,0.6666666666666666,0,true
2019-04-04,4,21:00,20,2,NE,0.6,0,true
2019-04-04,4,22:00,22,2,NE,0.5909090909090909,0,true
2019-04-04,4,23:00,24,2,NE,0.5416666666666666,0,true
2019-04-05,4,20:00,18,4,S,0.5555555555555556,10,true
2019-04-05,4,21:00,20,4,S,0.6,12,true
2019-04-05,4,22:00,22,4,S,0.6363636363636364,14,true
2019-04-05,4,23:00,24,4,S,0.6666666666666666,16,true
2019-04-06,4,20:00,18,1,S,1.0,18,false
2019-04-06,4,21:00,20,1,S,1.0,20,false
2019-04-06,4,22:00,22,1,S,1.0,22,false
2019-04-06,4,23:00,24,1,S,1.0,24,false
2019-04-07,4,20:00,18,3,S,0.6666666666666666,16,true
2019-04-07,4,21:00,20,3,S,0.7,18,true
2019-04-07,4,22:00,22,3,S,0.7272727272727273,20,true
2019-04-07,4,23:00,24,3,S,0.75,22,true
2019-04-08,4,20:00,16,3,S,0.75,16,true
2019-04-08,4,21:00,18,3,S,0.7777777777777778,18,true
2019-04-08,4,22:00,20,3,S,0.8,20,true
2019-04-08,4,23:00,22,3,S,0.8181818181818182,22,true
2019-04-09,4,20:00,16,3,NE,0.6875,2,true
2019-04-09,4,21:00,18,3,NE,0.6111111111111112,2,true
2019-04-09,4,22:00,20,3,NE,0.55,2,true
2019-04-09,4,23:00,22,3,NE,0.5454545454545454,2,true
2019-04-10,4,20:00,16,1,N,1.0,0,false
2019-04-10,4,21:00,18,1,N,1.0,0,false
2019-04-10,4,22:00,20,1,N,1.0,0,false
2019-04-10,4,23:00,22,1,N,1.0,0,false
2019-04-11,4,20:00,16,1,N,1.0,0,false
2019-04-11,4,21:00,18,1,N,1.0,0,false
2019-04-11,4,22:00,20,1,N,1.0,0,false
2019-04-11,4,23:00,22,1,N,1.0,0,false
2019-04-12,4,20:00,16,1,S,1.0,16,false
2019-04-12,4,21:00,18,1,S,1.0,18,false
2019-04-12,4,22:00,20,1,S,1.0,20,false
2019-04-12,4,23:00,22,1,S,1.0,22,false
2019-04-13,4,20:00,16,2,S,0.9375,16,true
2019-04-13,4,21:00,18,2,S,0.9444444444444444,18,true
2019-04-13,4,22:00,20,2,S,0.9,20,true
2019-04-13,4,23:00,22,2,S,0.8636363636363636,22,true
2019-04-14,4,20:00,16,2,NE,0.75,0,true
2019-04-14,4,21:00,18,2,NE,0.7777777777777778,0,true
2019-04-14,4,22:00,20,2,NE,0.7,0,true
2019-04-14,4,23:00,22,4,NE,0.6363636363636364,2,true
2019-04-15,4,20:00,16,1,S,1.0,16,false
2019-04-15,4,21:00,18,1,S,1.0,18,false
2019-04-15,4,22:00,20,1,S,1.0,20,false
2019-04-15,4,23:00,22,1,S,1.0,22,false
2019-04-16,4,20:00,16,1,S,1.0,16,false
2019-04-16,4,21:00,18,1,S,1.0,18,false
2019-04-16,4,22:00,20,1,S,1.0,20,false
2019-04-16,4,23:00,22,1,S,1.0,22,false
2019-04-17,4,20:00,16,1,S,1.0,16,false
2019-04-17,4,21:00,18,1,S,1.0,18,false
2019-04-17,4,22:00,20,1,S,1.0,20,false
2019-04-17,4,23:00,22,1,S,1.0,22,false
2019-04-18,4,20:00,16,5,S,0.4375,10,true
2019-04-18,4,21:00,18,5,S,0.3888888888888889,10,true
2019-04-18,4,22:00,20,5,S,0.45,12,true
2019-04-18,4,23:00,22,5,S,0.5,14,true
2019-04-19,4,20:00,16,2,N,0.5625,0,true
2019-04-19,4,21:00,18,2,N,0.6111111111111112,0,true
2019-04-19,4,22:00,20,2,N,0.65,0,true
2019-04-19,4,23:00,22,2,N,0.5909090909090909,0,true
2019-04-20,4,20:00,16,1,N,1.0,0,false
2019-04-20,4,21:00,18,1,N,1.0,0,false
2019-04-20,4,22:00,20,1,N,1.0,0,false
2019-04-20,4,23:00,22,1,N,1.0,0,false
2019-04-21,4,20:00,16,1,N,1.0,0,false
2019-04-21,4,21:00,18,2,N,0.9444444444444444,0,true
2019-04-21,4,22:00,20,2,N,0.95,0,true
2019-04-21,4,23:00,22,2,N,0.9545454545454546,0,true
2019-04-22,4,20:00,16,5,S,0.4375,12,true
2019-04-22,4,21:00,18,5,S,0.3888888888888889,13,true
2019-04-22,4,22:00,20,5,S,0.4,14,true
2019-04-22,4,23:00,22,5,S,0.4090909090909091,16,true
2019-04-23,4,20:00,16,1,S,1.0,16,false
2019-04-23,4,21:00,18,1,S,1.0,18,false
2019-04-23,4,22:00,20,1,S,1.0,20,false
2019-04-23,4,23:00,22,1,S,1.0,22,false
2019-04-24,4,20:00,16,2,S,0.9375,16,true
2019-04-24,4,21:00,18,2,S,0.9444444444444444,18,true
2019-04-24,4,22:00,20,2,S,0.95,20,true
2019-04-24,4,23:00,22,2,S,0.9090909090909091,22,true
2019-04-25,4,20:00,16,2,S,0.875,16,true
2019-04-25,4,21:00,18,3,S,0.7777777777777778,17,true
2019-04-25,4,22:00,20,3,S,0.7,17,true
2019-04-25,4,23:00,22,3,S,0.6363636363636364,17,true
2019-04-26,4,20:00,16,2,N,0.9375,0,true
2019-04-26,4,21:00,18,2,N,0.9444444444444444,0,true
2019-04-26,4,22:00,20,2,N,0.95,0,true
2019-04-26,4,23:00,22,2,N,0.9545454545454546,0,true
2019-04-27,4,20:00,16,1,N,1.0,0,false
2019-04-27,4,21:00,18,1,N,1.0,0,false
2019-04-27,4,22:00,20,1,N,1.0,0,false
2019-04-27,4,23:00,22,1,N,1.0,0,false
2019-04-28,4,20:00,16,1,N,1.0,0,false
2019-04-28,4,21:00,18,1,N,1.0,0,false
2019-04-28,4,22:00,20,1,N,1.0,0,false
2019-04-28,4,23:00,22,1,N,1.0,0,false
2019-04-29,4,20:00,16,1,N,1.0,0,false
2019-04-29,4,21:00,18,1,N,1.0,0,false
2019-04-29,4,22:00,20,1,N,1.0,0,false
2019-04-29,4,23:00,22,1,N,1.0,0,false
2019-04-30,4,20:00,16,1,S,1.0,16,false
2019-04-30,4,21:00,18,1,S,1.0,18,false
2019-04-30,4,22:00,20,1,S,1.0,20,false
2019-04-30,4,23:00,22,1,S,1.0,22,false
2019-05-01,5,20:00,16,1,S,1.0,16,false
2019-05-01,5,21:00,18,1,S,1.0,18,false
2019-05-01,5,22:00,20,1,S,1.0,20,false
2019-05-01,5,23:00,22,1,S,1.0,22,false
2019-05-02,5,20:00,16,2,N,0.625,0,true
2019-05-02,5,21:00,18,2,N,0.6111111111111112,0,true
2019-05-02,5,22:00,20,2,N,0.65,0,true
2019-05-02,5,23:00,22,2,N,0.6818181818181818,0,true
2019-05-03,5,20:00,16,2,NE,0.625,0,true
2019-05-03,5,21:00,18,2,NE,0.6111111111111112,0,true
2019-05-03,5,22:00,20,2,NE,0.55,0,true
2019-05-03,5,23:00,22,2,NE,0.5454545454545454,0,true
2019-05-04,5,20:00,16,2,NE,0.6875,0,true
2019-05-04,5,21:00,18,2,NE,0.7222222222222222,0,true
2019-05-04,5,22:00,20,2,NE,0.7,0,true
2019-05-04,5,23:00,22,2,NE,0.6363636363636364,0,true
2019-05-05,5,20:00,16,1,N,1.0,0,false
2019-05-05,5,21:00,18,1,N,1.0,0,false
2019-05-05,5,22:00,20,1,N,1.0,0,false
2019-05-05,5,23:00,22,1,N,1.0,0,false
2019-05-06,5,20:00,16,2,S,0.75,16,true
2019-05-06,5,21:00,18,2,S,0.7777777777777778,18,true
2019-05-06,5,22:00,20,2,S,0.8,20,true
2019-05-06,5,23:00,22,2,S,0.7727272727272727,22,true
2019-05-07,5,20:00,16,6,N,0.375,3,true
2019-05-07,5,21:00,18,6,N,0.3888888888888889,3,true
2019-05-07,5,22:00,20,6,N,0.4,3,true
2019-05-07,5,23:00,22,6,N,0.45454545454545453,3,true
2019-05-08,5,20:00,16,2,N,0.8125,0,true
2019-05-08,5,21:00,18,2,N,0.8333333333333334,0,true
2019-05-08,5,22:00,20,2,N,0.8,0,true
2019-05-08,5,23:00,22,2,N,0.7727272727272727,0,true
2019-05-09,5,20:00,16,2,N,0.75,0,true
2019-05-09,5,21:00,18,2,N,0.7777777777777778,0,true
2019-05-09,5,22:00,20,2,N,0.8,0,true
2019-05-09,5,23:00,22,2,N,0.8181818181818182,0,true
2019-05-10,5,20:00,16,1,N,1.0,0,false
2019-05-10,5,21:00,18,1,N,1.0,0,false
2019-05-10,5,22:00,20,1,N,1.0,0,false
2019-05-10,5,23:00,22,1,N,1.0,0,false
2019-05-11,5,20:00,16,2,N,0.8125,0,true
2019-05-11,5,21:00,18,2,N,0.8333333333333334,0,true
2019-05-11,5,22:00,20,2,N,0.85,0,true
2019-05-11,5,23:00,22,2,N,0.8636363636363636,0,true
2019-05-12,5,20:00,16,2,N,0.9375,0,true
2019-05-12,5,21:00,18,2,N,0.9444444444444444,0,true
2019-05-12,5,22:00,20,2,N,0.95,0,true
2019-05-12,5,23:00,22,2,N,0.9545454545454546,0,true
2019-05-13,5,20:00,16,4,S,0.4375,7,true
2019-05-13,5,21:00,18,4,S,0.5,9,true
2019-05-13,5,22:00,20,4,S,0.55,11,true
2019-05-13,5,23:00,22,4,S,0.5909090909090909,13,true
2019-05-14,5,20:00,16,2,N,0.5,0,true
2019-05-14,5,21:00,18,2,NE,0.5555555555555556,0,true
2019-05-14,5,22:00,20,2,N,0.5,0,true
2019-05-14,5,23:00,22,2,N,0.5454545454545454,0,true
2019-05-15,5,20:00,16,2,N,0.75,0,true
2019-05-15,5,21:00,18,2,N,0.7222222222222222,0,true
2019-05-15,5,22:00,20,2,N,0.7,0,true
2019-05-15,5,23:00,22,2,N,0.7272727272727273,0,true
2019-05-16,5,20:00,16,1,N,1.0,0,false
2019-05-16,5,21:00,18,2,N,0.9444444444444444,0,true
2019-05-16,5,22:00,20,2,N,0.95,0,true
2019-05-16,5,23:00,22,2,N,0.9545454545454546,0,true
2019-05-17,5,20:00,16,1,S,1.0,16,false
2019-05-17,5,21:00,18,1,S,1.0,18,false
2019-05-17,5,22:00,20,1,S,1.0,20,false
2019-05-17,5,23:00,22,1,S,1.0,22,false
2019-05-18,5,20:00,16,1,NE,1.0,0,false
2019-05-18,5,21:00,18,1,NE,1.0,0,false
2019-05-18,5,22:00,20,2,NE,0.95,0,true
2019-05-18,5,23:00,22,2,NE,0.8636363636363636,0,true
2019-05-19,5,20:00,16,3,N,0.6875,0,true
2019-05-19,5,21:00,18,3,N,0.7222222222222222,0,true
2019-05-19,5,22:00,20,3,N,0.75,0,true
2019-05-19,5,23:00,22,4,N,0.6818181818181818,0,true
2019-05-20,5,20:00,16,2,NE,0.8125,0,true
2019-05-20,5,21:00,18,2,NE,0.8333333333333334,0,true
2019-05-20,5,22:00,20,2,NE,0.85,0,true
2019-05-20,5,23:00,22,2,NE,0.7727272727272727,0,true
2019-05-21,5,20:00,16,2,N,0.9375,0,true
2019-05-21,5,21:00,18,2,N,0.9444444444444444,0,true
2019-05-21,5,22:00,20,2,N,0.9,0,true
2019-05-21,5,23:00,22,2,N,0.8636363636363636,0,true
2019-05-22,5,20:00,16,2,N,0.9375,0,true
2019-05-22,5,21:00,18,2,N,0.9444444444444444,0,true
2019-05-22,5,22:00,20,2,N,0.95,0,true
2019-05-22,5,23:00,22,2,N,0.9545454545454546,0,true
2019-05-23,5,20:00,16,1,N,1.0,0,false
2019-05-23,5,21:00,18,1,N,1.0,0,false
2019-05-23,5,22:00,20,1,N,1.0,0,false
2019-05-23,5,23:00,22,1,N,1.0,0,false
2019-05-24,5,20:00,16,5,N,0.6875,1,true
2019-05-24,5,21:00,18,5,N,0.7222222222222222,1,true
2019-05-24,5,22:00,20,5,N,0.75,1,true
2019-05-24,5,23:00,22,5,N,0.7727272727272727,1,true
2019-05-25,5,20:00,16,1,N,1.0,0,false
2019-05-25,5,21:00,18,1,N,1.0,0,false
2019-05-25,5,22:00,20,1,N,1.0,0,false
2019-05-25,5,23:00,22,1,N,1.0,0,false
2019-05-26,5,20:00,16,1,N,1.0,0,false
2019-05-26,5,21:00,18,2,N,0.9444444444444444,0,true
2019-05-26,5,22:00,20,2,N,0.95,0,true
2019-05-26,5,23:00,22,2,N,0.9545454545454546,0,true
2019-05-27,5,20:00,16,1,N,1.0,0,false
2019-05-27,5,21:00,18,1,N,1.0,0,false
2019-05-27,5,22:00,20,1,N,1.0,0,false
2019-05-27,5,23:00,22,1,N,1.0,0,false
2019-05-28,5,20:00,16,1,N,1.0,0,false
2019-05-28,5,21:00,18,1,N,1.0,0,false
2019-05-28,5,22:00,20,1,N,1.0,0,false
2019-05-28,5,23:00,22,1,N,1.0,0,false
2019-05-29,5,20:00,16,3,N,0.5625,0,true
2019-05-29,5,21:00,18,3,N,0.5,0,true
2019-05-29,5,22:00,20,3,N,0.55,0,true
2019-05-29,5,23:00,22,3,N,0.5454545454545454,0,true
2019-05-30,5,20:00,16,2,N,0.9375,0,true
2019-05-30,5,21:00,18,2,N,0.9444444444444444,0,true
2019-05-30,5,22:00,20,2,N,0.95,0,true
2019-05-30,5,23:00,22,2,N,0.9545454545454546,0,true
2019-05-31,5,20:00,16,2,N,0.875,0,true
2019-05-31,5,21:00,18,2,N,0.7777777777777778,0,true
2019-05-31,5,22:00,20,2,N,0.75,0,true
2019-05-31,5,23:00,22,2,N,0.6818181818181818,0,true
2019-06-01,6,20:00,16,2,N,0.5,0,true
2019-06-01,6,21:00,18,2,NW,0.5555555555555556,0,true
2019-06-01,6,22:00,20,2,NW,0.55,0,true
2019-06-01,6,23:00,22,2,NW,0.5909090909090909,0,true
2019-06-02,6,20:00,16,2,S,0.875,16,true
2019-06-02,6,21:00,18,2,S,0.8888888888888888,18,true
2019-06-02,6,22:00,20,2,S,0.9,20,true
2019-06-02,6,23:00,22,2,S,0.9090909090909091,22,true
2019-06-03,6,20:00,16,2,SW,0.5625,16,true
2019-06-03,6,21:00,18,3,SW,0.5555555555555556,17,true
2019-06-03,6,22:00,20,4,SW,0.5,17,true
2019-06-03,6,23:00,22,4,SW,0.45454545454545453,17,true
2019-06-04,6,20:00,16,1,N,1.0,0,false
2019-06-04,6,21:00,18,1,N,1.0,0,false
2019-06-04,6,22:00,20,1,N,1.0,0,false
2019-06-04,6,23:00,22,1,N,1.0,0,false
2019-06-05,6,20:00,16,4,N,0.5625,0,true
2019-06-05,6,21:00,18,4,N,0.5,0,true
2019-06-05,6,22:00,20,4,N,0.55,0,true
2019-06-05,6,23:00,22,5,N,0.5,2,true
2019-06-06,6,20:00,16,4,S,0.5625,13,true
2019-06-06,6,21:00,18,4,S,0.5,13,true
2019-06-06,6,22:00,20,4,S,0.45,13,true
2019-06-06,6,23:00,22,4,S,0.4090909090909091,13,true
2019-06-07,6,20:00,16,4,S,0.5625,10,true
2019-06-07,6,21:00,18,4,S,0.6111111111111112,12,true
2019-06-07,6,22:00,20,4,S,0.65,14,true
2019-06-07,6,23:00,22,4,S,0.6818181818181818,16,true
2019-06-08,6,20:00,16,2,N,0.75,0,true
2019-06-08,6,21:00,18,2,N,0.7777777777777778,0,true
2019-06-08,6,22:00,20,2,N,0.8,0,true
2019-06-08,6,23:00,22,2,N,0.7727272727272727,0,true
2019-06-09,6,20:00,16,1,S,1.0,16,false
2019-06-09,6,21:00,18,2,S,0.8888888888888888,16,true
2019-06-09,6,22:00,20,2,S,0.8,16,true
2019-06-09,6,23:00,22,2,S,0.7272727272727273,16,true
2019-06-10,6,20:00,16,2,N,0.75,0,true
2019-06-10,6,21:00,18,2,N,0.7777777777777778,0,true
2019-06-10,6,22:00,20,2,N,0.8,0,true
2019-06-10,6,23:00,22,2,N,0.8181818181818182,0,true
2019-06-11,6,20:00,16,1,N,1.0,0,false
2019-06-11,6,21:00,18,1,N,1.0,0,false
2019-06-11,6,22:00,20,1,N,1.0,0,false
2019-06-11,6,23:00,22,1,N,1.0,0,false
2019-06-12,6,20:00,16,2,N,0.9375,0,true
2019-06-12,6,21:00,18,2,N,0.9444444444444444,0,true
2019-06-12,6,22:00,20,2,N,0.95,0,true
2019-06-12,6,23:00,22,2,N,0.9545454545454546,0,true
2019-06-13,6,20:00,16,1,S,1.0,16,false
2019-06-13,6,21:00,18,1,S,1.0,18,false
2019-06-13,6,22:00,20,1,S,1.0,20,false
2019-06-13,6,23:00,22,2,S,0.9545454545454546,22,true
2019-06-14,6,20:00,16,3,SE,0.4375,16,true
2019-06-14,6,21:00,18,3,SE,0.3888888888888889,18,true
2019-06-14,6,22:00,20,4,SE,0.35,19,true
2019-06-14,6,23:00,22,4,S,0.3181818181818182,21,true
2019-06-15,6,20:00,16,5,NE,0.4375,3,true
2019-06-15,6,21:00,18,6,NE,0.3888888888888889,5,true
2019-06-15,6,22:00,20,6,NE,0.35,7,true
2019-06-15,6,23:00,22,6,S,0.36363636363636365,9,true
2019-06-16,6,20:00,16,4,N,0.6875,2,true
2019-06-16,6,21:00,18,4,N,0.7222222222222222,2,true
2019-06-16,6,22:00,20,4,N,0.75,2,true
2019-06-16,6,23:00,22,4,N,0.7727272727272727,2,true
2019-06-17,6,20:00,16,3,N,0.6875,0,true
2019-06-17,6,21:00,18,3,N,0.7222222222222222,0,true
2019-06-17,6,22:00,20,3,N,0.75,0,true
2019-06-17,6,23:00,22,3,N,0.6818181818181818,0,true
2019-06-18,6,20:00,16,5,W,0.3125,6,true
2019-06-18,6,21:00,18,5,W,0.2777777777777778,8,true
2019-06-18,6,22:00,20,5,S,0.3,10,true
2019-06-18,6,23:00,22,5,S,0.36363636363636365,12,true
2019-06-19,6,20:00,16,4,S,0.5625,14,true
2019-06-19,6,21:00,18,5,S,0.5,14,true
2019-06-19,6,22:00,20,5,S,0.45,14,true
2019-06-19,6,23:00,22,5,S,0.4090909090909091,14,true
2019-06-20,6,20:00,16,2,NE,0.5625,0,true
2019-06-20,6,21:00,18,2,NE,0.6111111111111112,0,true
2019-06-20,6,22:00,20,2,NE,0.65,0,true
2019-06-20,6,23:00,22,2,NE,0.6363636363636364,0,true
2019-06-21,6,20:00,16,1,N,1.0,0,false
2019-06-21,6,21:00,18,1,N,1.0,0,false
2019-06-21,6,22:00,20,1,N,1.0,0,false
2019-06-21,6,23:00,22,1,N,1.0,0,false
2019-06-22,6,20:00,16,2,N,0.625,0,true
2019-06-22,6,21:00,18,2,N,0.5555555555555556,0,true
2019-06-22,6,22:00,20,2,N,0.55,0,true
2019-06-22,6,23:00,22,2,N,0.5454545454545454,0,true
2019-06-23,6,20:00,16,4,SE,0.4375,12,true
2019-06-23,6,21:00,18,4,S,0.3888888888888889,14,true
2019-06-23,6,22:00,20,4,S,0.45,16,true
2019-06-23,6,23:00,22,4,S,0.5,18,true
2019-06-24,6,20:00,16,2,S,0.875,16,true
2019-06-24,6,21:00,18,2,S,0.8888888888888888,18,true
2019-06-24,6,22:00,20,2,S,0.9,20,true
2019-06-24,6,23:00,22,2,S,0.9090909090909091,22,true
2019-06-25,6,20:00,16,2,S,0.875,16,true
2019-06-25,6,21:00,18,2,S,0.8888888888888888,18,true
2019-06-25,6,22:00,20,2,S,0.9,20,true
2019-06-25,6,23:00,22,2,S,0.9090909090909091,22,true
2019-06-26,6,20:00,16,2,N,0.5,0,true
2019-06-26,6,21:00,18,2,NE,0.5555555555555556,0,true
2019-06-26,6,22:00,20,2,NE,0.55,0,true
2019-06-26,6,23:00,22,2,N,0.5,0,true
2019-06-27,6,20:00,16,2,NE,0.5625,0,true
2019-06-27,6,21:00,18,2,NE,0.6111111111111112,0,true
2019-06-27,6,22:00,20,2,NE,0.55,0,true
2019-06-27,6,23:00,22,2,NE,0.5454545454545454,0,true
2019-06-28,6,20:00,16,3,N,0.5,0,true
2019-06-28,6,21:00,18,3,N,0.5555555555555556,0,true
2019-06-28,6,22:00,20,3,N,0.6,0,true
2019-06-28,6,23:00,22,3,N,0.6363636363636364,0,true
2019-06-29,6,20:00,16,2,N,0.8125,0,true
2019-06-29,6,21:00,18,2,N,0.8333333333333334,0,true
2019-06-29,6,22:00,20,2,N,0.85,0,true
2019-06-29,6,23:00,22,2,N,0.8636363636363636,0,true
2019-06-30,6,20:00,16,2,N,0.6875,0,true
2019-06-30,6,21:00,18,2,N,0.6111111111111112,0,true
2019-06-30,6,22:00,20,2,N,0.55,0,true
2019-06-30,6,23:00,22,2,N,0.5454545454545454,0,true
2019-07-01,7,20:00,16,2,N,0.8125,0,true
2019-07-01,7,21:00,18,2,N,0.7777777777777778,0,true
2019-07-01,7,22:00,20,2,N,0.8,0,true
2019-07-01,7,23:00,22,2,N,0.8181818181818182,0,true
2019-07-02,7,20:00,16,2,NE,0.75,0,true
2019-07-02,7,21:00,18,2,NE,0.6666666666666666,0,true
2019-07-02,7,22:00,20,2,NE,0.65,0,true
2019-07-02,7,23:00,22,2,NE,0.6363636363636364,0,true
2019-07-03,7,20:00,16,1,N,1.0,0,false
2019-07-03,7,21:00,18,1,N,1.0,0,false
2019-07-03,7,22:00,20,1,N,1.0,0,false
2019-07-03,7,23:00,22,1,N,1.0,0,false
2019-07-04,7,20:00,16,1,N,1.0,0,false
2019-07-04,7,21:00,18,2,N,0.9444444444444444,0,true
2019-07-04,7,22:00,20,4,N,0.85,0,true
2019-07-04,7,23:00,22,5,N,0.7727272727272727,2,true
2019-07-05,7,20:00,16,1,S,1.0,16,false
2019-07-05,7,21:00,18,1,S,1.0,18,false
2019-07-05,7,22:00,20,1,S,1.0,20,false
2019-07-05,7,23:00,22,1,S,1.0,22,false
2019-07-06,7,20:00,16,2,S,0.875,16,true
2019-07-06,7,21:00,18,2,S,0.8888888888888888,18,true
2019-07-06,7,22:00,20,2,S,0.9,20,true
2019-07-06,7,23:00,22,2,S,0.9090909090909091,22,true
2019-07-07,7,20:00,16,5,N,0.375,5,true
2019-07-07,7,21:00,18,5,N,0.3333333333333333,5,true
2019-07-07,7,22:00,20,5,N,0.35,5,true
2019-07-07,7,23:00,22,5,N,0.4090909090909091,5,true
2019-07-08,7,20:00,16,1,N,1.0,0,false
2019-07-08,7,21:00,18,2,N,0.9444444444444444,1,true
2019-07-08,7,22:00,20,4,N,0.85,2,true
2019-07-08,7,23:00,22,4,N,0.7727272727272727,4,true
2019-07-09,7,20:00,16,3,N,0.625,0,true
2019-07-09,7,21:00,18,3,N,0.6666666666666666,0,true
2019-07-09,7,22:00,20,3,N,0.7,0,true
2019-07-09,7,23:00,22,3,N,0.7272727272727273,0,true
2019-07-10,7,20:00,16,2,N,0.6875,0,true
2019-07-10,7,21:00,18,2,N,0.7222222222222222,0,true
2019-07-10,7,22:00,20,2,N,0.75,0,true
2019-07-10,7,23:00,22,2,N,0.7727272727272727,0,true
2019-07-11,7,20:00,16,2,N,0.9375,0,true
2019-07-11,7,21:00,18,2,N,0.9444444444444444,0,true
2019-07-11,7,22:00,20,2,N,0.95,0,true
2019-07-11,7,23:00,22,2,N,0.9545454545454546,0,true
2019-07-12,7,20:00,16,2,N,0.8125,0,true
2019-07-12,7,21:00,18,2,N,0.8333333333333334,0,true
2019-07-12,7,22:00,20,2,N,0.85,0,true
2019-07-12,7,23:00,22,2,N,0.8636363636363636,0,true
2019-07-13,7,20:00,16,2,N,0.625,0,true
2019-07-13,7,21:00,18,2,N,0.6666666666666666,0,true
2019-07-13,7,22:00,20,2,N,0.7,0,true
2019-07-13,7,23:00,22,2,N,0.7272727272727273,0,true
2019-07-14,7,20:00,16,2,N,0.9375,0,true
2019-07-14,7,21:00,18,2,N,0.9444444444444444,0,true
2019-07-14,7,22:00,20,2,N,0.95,0,true
2019-07-14,7,23:00,22,2,N,0.9545454545454546,0,true
2019-07-15,7,20:00,16,3,N,0.5625,0,true
2019-07-15,7,21:00,18,3,N,0.5555555555555556,0,true
2019-07-15,7,22:00,20,3,N,0.55,0,true
2019-07-15,7,23:00,22,3,N,0.5,0,true
2019-07-16,7,20:00,16,1,N,1.0,0,false
2019-07-16,7,21:00,18,1,N,1.0,0,false
2019-07-16,7,22:00,20,1,N,1.0,0,false
2019-07-16,7,23:00,22,1,N,1.0,0,false
2019-07-17,7,20:00,16,3,N,0.875,0,true
2019-07-17,7,21:00,18,3,N,0.8333333333333334,0,true
2019-07-17,7,22:00,20,3,N,0.85,0,true
2019-07-17,7,23:00,22,3,N,0.8181818181818182,0,true
2019-07-18,7,20:00,16,3,N,0.75,2,true
2019-07-18,7,21:00,18,3,N,0.7777777777777778,2,true
2019-07-18,7,22:00,20,3,N,0.8,2,true
2019-07-18,7,23:00,22,3,N,0.8181818181818182,2,true
2019-07-19,7,20:00,16,1,N,1.0,0,false
2019-07-19,7,21:00,18,2,N,0.9444444444444444,0,true
2019-07-19,7,22:00,20,2,N,0.95,0,true
2019-07-19,7,23:00,22,2,N,0.9090909090909091,0,true
2019-07-20,7,20:00,16,6,N,0.625,3,true
2019-07-20,7,21:00,18,6,N,0.5555555555555556,5,true
2019-07-20,7,22:00,20,6,N,0.5,7,true
2019-07-20,7,23:00,22,6,N,0.45454545454545453,9,true
2019-07-21,7,20:00,16,3,N,0.5,0,true
2019-07-21,7,21:00,18,3,N,0.5,0,true
2019-07-21,7,22:00,20,3,N,0.5,0,true
2019-07-21,7,23:00,22,3,N,0.45454545454545453,0,true
2019-07-22,7,20:00,16,5,N,0.5,0,true
2019-07-22,7,21:00,18,5,N,0.4444444444444444,0,true
2019-07-22,7,22:00,20,5,N,0.45,0,true
2019-07-22,7,23:00,22,5,N,0.4090909090909091,0,true
2019-07-23,7,20:00,16,2,N,0.5625,0,true
2019-07-23,7,21:00,18,2,N,0.6111111111111112,0,true
2019-07-23,7,22:00,20,3,N,0.55,1,true
2019-07-23,7,23:00,22,3,N,0.5,3,true
2019-07-24,7,20:00,16,4,NE,0.4375,6,true
2019-07-24,7,21:00,18,4,NE,0.4444444444444444,6,true
2019-07-24,7,22:00,20,4,NE,0.45,6,true
2019-07-24,7,23:00,22,4,NE,0.45454545454545453,6,true
2019-07-25,7,20:00,16,3,NE,0.5625,0,true
2019-07-25,7,21:00,18,3,NE,0.5555555555555556,0,true
2019-07-25,7,22:00,20,3,NE,0.5,0,true
2019-07-25,7,23:00,22,3,N,0.5,0,true
2019-07-26,7,20:00,16,2,NE,0.6875,0,true
2019-07-26,7,21:00,18,2,NE,0.6666666666666666,0,true
2019-07-26,7,22:00,20,2,NE,0.7,0,true
2019-07-26,7,23:00,22,2,NE,0.6363636363636364,0,true
2019-07-27,7,20:00,16,2,N,0.8125,0,true
2019-07-27,7,21:00,18,2,N,0.7777777777777778,0,true
2019-07-27,7,22:00,20,2,N,0.8,0,true
2019-07-27,7,23:00,22,2,N,0.8181818181818182,0,true
2019-07-28,7,20:00,16,1,N,1.0,0,false
2019-07-28,7,21:00,18,1,N,1.0,0,false
2019-07-28,7,22:00,20,1,N,1.0,0,false
2019-07-28,7,23:00,22,1,N,1.0,0,false
2019-07-29,7,20:00,16,3,N,0.75,0,true
2019-07-29,7,21:00,18,3,N,0.7222222222222222,0,true
2019-07-29,7,22:00,20,3,N,0.65,0,true
2019-07-29,7,23:00,22,3,N,0.6818181818181818,0,true
2019-07-30,7,20:00,16,2,N,0.875,0,true
2019-07-30,7,21:00,18,2,N,0.8888888888888888,0,true
2019-07-30,7,22:00,20,2,N,0.9,0,true
2019-07-30,7,23:00,22,2,N,0.9090909090909091,0,true
2019-07-31,7,20:00,16,2,N,0.5625,0,true
2019-07-31,7,21:00,18,2,N,0.5555555555555556,0,true
2019-07-31,7,22:00,20,2,N,0.6,0,true
2019-07-31,7,23:00,22,2,N,0.5909090909090909,0,true
2019-08-01,8,20:00,16,2,S,0.75,16,true
2019-08-01,8,21:00,18,2,S,0.6666666666666666,18,true
2019-08-01,8,22:00,20,2,S,0.6,20,true
2019-08-01,8,23:00,22,2,S,0.5454545454545454,22,true
2019-08-02,8,20:00,16,2,N,0.75,0,true
2019-08-02,8,21:00,18,2,N,0.7777777777777778,0,true
2019-08-02,8,22:00,20,3,N,0.7,0,true
2019-08-02,8,23:00,22,3,N,0.7272727272727273,0,true
2019-08-03,8,20:00,16,2,S,0.625,16,true
2019-08-03,8,21:00,18,2,S,0.6666666666666666,18,true
2019-08-03,8,22:00,20,2,S,0.7,20,true
2019-08-03,8,23:00,22,2,S,0.7272727272727273,22,true
2019-08-04,8,20:00,16,2,N,0.625,0,true
2019-08-04,8,21:00,18,4,N,0.5555555555555556,1,true
2019-08-04,8,22:00,20,5,N,0.5,3,true
2019-08-04,8,23:00,22,6,N,0.45454545454545453,5,true
2019-08-05,8,20:00,16,4,W,0.4375,6,true
2019-08-05,8,21:00,18,4,W,0.5,6,true
2019-08-05,8,22:00,20,4,W,0.55,6,true
2019-08-05,8,23:00,22,4,W,0.5,8,true
2019-08-06,8,20:00,16,2,N,0.6875,0,true
2019-08-06,8,21:00,18,2,N,0.7222222222222222,0,true
2019-08-06,8,22:00,20,2,N,0.75,0,true
2019-08-06,8,23:00,22,2,N,0.7272727272727273,0,true
2019-08-07,8,20:00,16,2,N,0.9375,0,true
2019-08-07,8,21:00,18,2,N,0.9444444444444444,0,true
2019-08-07,8,22:00,20,2,N,0.95,0,true
2019-08-07,8,23:00,22,2,N,0.9545454545454546,0,true
2019-08-08,8,20:00,16,1,N,1.0,0,false
2019-08-08,8,21:00,18,1,N,1.0,0,false
2019-08-08,8,22:00,20,1,N,1.0,0,false
2019-08-08,8,23:00,22,1,N,1.0,0,false
2019-08-09,8,20:00,16,1,N,1.0,0,false
2019-08-09,8,21:00,18,1,N,1.0,0,false
2019-08-09,8,22:00,20,1,N,1.0,0,false
2019-08-09,8,23:00,22,1,N,1.0,0,false
2019-08-10,8,20:00,16,2,S,0.5,16,true
2019-08-10,8,21:00,18,4,S,0.4444444444444444,16,true
2019-08-10,8,22:00,20,4,S,0.4,16,true
2019-08-10,8,23:00,22,4,S,0.36363636363636365,16,true
2019-08-11,8,20:00,16,2,N,0.5625,0,true
2019-08-11,8,21:00,18,2,N,0.5,0,true
2019-08-11,8,22:00,20,2,NW,0.55,0,true
2019-08-11,8,23:00,22,2,NW,0.5909090909090909,0,true
2019-08-12,8,20:00,16,5,SW,0.6875,14,true
2019-08-12,8,21:00,18,7,SW,0.6111111111111112,14,true
2019-08-12,8,22:00,20,7,SW,0.55,14,true
2019-08-12,8,23:00,22,7,SW,0.5,16,true
2019-08-13,8,20:00,16,4,NE,0.4375,6,true
2019-08-13,8,21:00,18,4,NE,0.4444444444444444,6,true
2019-08-13,8,22:00,20,4,NE,0.4,6,true
2019-08-13,8,23:00,22,4,NE,0.36363636363636365,6,true
2019-08-14,8,20:00,16,4,S,0.5,14,true
2019-08-14,8,21:00,18,4,S,0.4444444444444444,16,true
2019-08-14,8,22:00,20,4,SE,0.5,18,true
2019-08-14,8,23:00,22,4,SE,0.5,20,true
2019-08-15,8,20:00,16,5,S,0.4375,8,true
2019-08-15,8,21:00,18,5,S,0.3888888888888889,8,true
2019-08-15,8,22:00,20,5,S,0.35,8,true
2019-08-15,8,23:00,22,5,N,0.3181818181818182,8,true
2019-08-16,8,20:00,16,2,N,0.5625,0,true
2019-08-16,8,21:00,18,2,N,0.6111111111111112,0,true
2019-08-16,8,22:00,20,2,N,0.65,0,true
2019-08-16,8,23:00,22,2,N,0.6818181818181818,0,true
2019-08-17,8,20:00,16,2,N,0.75,0,true
2019-08-17,8,21:00,18,2,N,0.7222222222222222,0,true
2019-08-17,8,22:00,20,2,N,0.7,0,true
2019-08-17,8,23:00,22,4,N,0.6363636363636364,1,true
2019-08-18,8,20:00,16,2,S,0.875,16,true
2019-08-18,8,21:00,18,2,S,0.8888888888888888,18,true
2019-08-18,8,22:00,20,2,S,0.85,20,true
2019-08-18,8,23:00,22,2,S,0.8636363636363636,22,true
2019-08-19,8,20:00,16,4,NE,0.625,0,true
2019-08-19,8,21:00,18,4,NE,0.6111111111111112,0,true
2019-08-19,8,22:00,20,4,NE,0.6,0,true
2019-08-19,8,23:00,22,4,NE,0.5909090909090909,0,true
2019-08-20,8,20:00,16,1,N,1.0,0,false
2019-08-20,8,21:00,18,1,N,1.0,0,false
2019-08-20,8,22:00,20,1,N,1.0,0,false
2019-08-20,8,23:00,22,1,N,1.0,0,false
2019-08-21,8,20:00,16,2,N,0.875,0,true
2019-08-21,8,21:00,18,2,N,0.8888888888888888,0,true
2019-08-21,8,22:00,20,2,N,0.9,0,true
2019-08-21,8,23:00,22,2,N,0.9090909090909091,0,true
2019-08-22,8,20:00,16,1,N,1.0,0,false
2019-08-22,8,21:00,18,1,N,1.0,0,false
2019-08-22,8,22:00,20,1,N,1.0,0,false
2019-08-22,8,23:00,22,1,N,1.0,0,false
2019-08-23,8,20:00,16,2,N,0.9375,0,true
2019-08-23,8,21:00,18,2,N,0.9444444444444444,0,true
2019-08-23,8,22:00,20,2,N,0.95,0,true
2019-08-23,8,23:00,22,2,N,0.9545454545454546,0,true
2019-08-24,8,20:00,16,1,S,1.0,16,false
2019-08-24,8,21:00,18,1,S,1.0,18,false
2019-08-24,8,22:00,20,1,S,1.0,20,false
2019-08-24,8,23:00,22,1,S,1.0,22,false
2019-08-25,8,20:00,16,2,N,0.875,0,true
2019-08-25,8,21:00,18,2,N,0.8888888888888888,0,true
2019-08-25,8,22:00,20,2,N,0.9,0,true
2019-08-25,8,23:00,22,2,N,0.9090909090909091,0,true
2019-08-26,8,20:00,16,2,N,0.5625,0,true
2019-08-26,8,21:00,18,2,N,0.5555555555555556,0,true
2019-08-26,8,22:00,20,2,N,0.5,0,true
2019-08-26,8,23:00,22,2,N,0.5,0,true
2019-08-27,8,20:00,16,2,S,0.9375,16,true
2019-08-27,8,21:00,18,2,S,0.9444444444444444,18,true
2019-08-27,8,22:00,20,2,S,0.95,20,true
2019-08-27,8,23:00,22,2,S,0.9545454545454546,22,true
2019-08-28,8,20:00,16,2,N,0.6875,0,true
2019-08-28,8,21:00,18,2,N,0.6111111111111112,0,true
2019-08-28,8,22:00,20,2,N,0.6,0,true
2019-08-28,8,23:00,22,2,N,0.6363636363636364,0,true
2019-08-29,8,20:00,16,1,N,1.0,0,false
2019-08-29,8,21:00,18,1,N,1.0,0,false
2019-08-29,8,22:00,20,1,N,1.0,0,false
2019-08-29,8,23:00,22,2,N,0.9545454545454546,0,true
2019-08-30,8,20:00,16,5,N,0.4375,6,true
2019-08-30,8,21:00,18,5,N,0.5,6,true
2019-08-30,8,22:00,20,5,N,0.55,6,true
2019-08-30,8,23:00,22,5,N,0.5,8,true
2019-08-31,8,20:00,16,2,N,0.9375,0,true
2019-08-31,8,21:00,18,2,N,0.9444444444444444,0,true
2019-08-31,8,22:00,20,2,N,0.95,0,true
2019-08-31,8,23:00,22,2,N,0.9545454545454546,0,true
2019-09-01,9,20:00,16,2,NE,0.5625,0,true
2019-09-01,9,21:00,18,2,N,0.5,0,true
2019-09-01,9,22:00,20,2,N,0.55,0,true
2019-09-01,9,23:00,22,2,N,0.5909090909090909,0,true
2019-09-02,9,20:00,16,2,N,0.9375,0,true
2019-09-02,9,21:00,18,2,N,0.9444444444444444,0,true
2019-09-02,9,22:00,20,3,N,0.85,1,true
2019-09-02,9,23:00,22,3,N,0.7727272727272727,3,true
2019-09-03,9,20:00,16,2,NE,0.625,0,true
2019-09-03,9,21:00,18,2,NE,0.6111111111111112,0,true
2019-09-03,9,22:00,20,2,NE,0.55,0,true
2019-09-03,9,23:00,22,4,NE,0.5,1,true
2019-09-04,9,20:00,16,5,NE,0.375,7,true
2019-09-04,9,21:00,18,5,NE,0.4444444444444444,7,true
2019-09-04,9,22:00,20,5,NE,0.5,7,true
2019-09-04,9,23:00,22,5,NE,0.5454545454545454,7,true
2019-09-05,9,20:00,16,3,S,0.8125,15,true
2019-09-05,9,21:00,18,3,S,0.8333333333333334,17,true
2019-09-05,9,22:00,20,3,S,0.85,19,true
2019-09-05,9,23:00,22,3,S,0.8636363636363636,21,true
2019-09-06,9,20:00,16,1,S,1.0,16,false
2019-09-06,9,21:00,18,1,S,1.0,18,false
2019-09-06,9,22:00,20,1,S,1.0,20,false
2019-09-06,9,23:00,22,1,S,1.0,22,false
2019-09-07,9,20:00,16,2,S,0.9375,16,true
2019-09-07,9,21:00,18,2,S,0.9444444444444444,18,true
2019-09-07,9,22:00,20,2,S,0.95,20,true
2019-09-07,9,23:00,22,2,S,0.9545454545454546,22,true
2019-09-08,9,20:00,16,3,N,0.375,0,true
2019-09-08,9,21:00,18,4,N,0.3333333333333333,1,true
2019-09-08,9,22:00,20,5,N,0.3,3,true
2019-09-08,9,23:00,22,5,N,0.2727272727272727,5,true
2019-09-09,9,20:00,16,2,S,0.8125,16,true
2019-09-09,9,21:00,18,2,S,0.7777777777777778,18,true
2019-09-09,9,22:00,20,2,S,0.8,20,true
2019-09-09,9,23:00,22,2,S,0.7727272727272727,22,true
2019-09-10,9,20:00,16,2,SE,0.9375,16,true
2019-09-10,9,21:00,18,2,SE,0.9444444444444444,18,true
2019-09-10,9,22:00,20,2,SE,0.9,20,true
2019-09-10,9,23:00,22,3,SE,0.8181818181818182,21,true
2019-09-11,9,20:00,16,2,N,0.8125,0,true
2019-09-11,9,21:00,18,2,N,0.8333333333333334,0,true
2019-09-11,9,22:00,20,3,N,0.8,1,true
2019-09-11,9,23:00,22,3,N,0.7272727272727273,3,true
2019-09-12,9,20:00,15,3,N,0.7333333333333333,0,true
2019-09-12,9,21:00,17,3,N,0.7058823529411765,0,true
2019-09-12,9,22:00,19,3,N,0.7368421052631579,0,true
2019-09-12,9,23:00,21,3,N,0.7619047619047619,0,true
2019-09-13,9,20:00,16,2,N,0.875,0,true
2019-09-13,9,21:00,18,2,N,0.8888888888888888,0,true
2019-09-13,9,22:00,20,2,N,0.9,0,true
2019-09-13,9,23:00,22,2,N,0.9090909090909091,0,true
2019-09-14,9,20:00,16,4,S,0.6875,14,true
2019-09-14,9,21:00,18,4,S,0.6111111111111112,14,true
2019-09-14,9,22:00,20,4,S,0.55,14,true
2019-09-14,9,23:00,22,5,S,0.5,14,true
2019-09-15,9,20:00,16,3,N,0.875,0,true
2019-09-15,9,21:00,18,4,N,0.7777777777777778,2,true
2019-09-15,9,22:00,20,4,N,0.7,4,true
2019-09-15,9,23:00,22,4,N,0.6363636363636364,6,true
2019-09-16,9,20:00,16,1,N,1.0,0,false
2019-09-16,9,21:00,18,1,N,1.0,0,false
2019-09-16,9,22:00,20,1,N,1.0,0,false
2019-09-16,9,23:00,22,1,N,1.0,0,false
2019-09-17,9,20:00,16,2,N,0.75,0,true
2019-09-17,9,21:00,18,2,N,0.7777777777777778,0,true
2019-09-17,9,22:00,20,2,N,0.75,0,true
2019-09-17,9,23:00,22,2,N,0.7272727272727273,0,true
2019-09-18,9,20:00,16,3,NE,0.625,0,true
2019-09-18,9,21:00,18,3,NE,0.6111111111111112,0,true
2019-09-18,9,22:00,20,3,NE,0.55,0,true
2019-09-18,9,23:00,22,3,NE,0.5,0,true
2019-09-19,9,20:00,16,2,N,0.5625,0,true
2019-09-19,9,21:00,18,2,N,0.6111111111111112,0,true
2019-09-19,9,22:00,20,2,N,0.55,0,true
2019-09-19,9,23:00,22,2,N,0.5909090909090909,0,true
2019-09-20,9,20:00,16,4,NE,0.625,0,true
2019-09-20,9,21:00,18,6,NE,0.5555555555555556,2,true
2019-09-20,9,22:00,20,6,NE,0.5,4,true
2019-09-20,9,23:00,22,6,NE,0.45454545454545453,6,true
2019-09-21,9,20:00,16,5,N,0.3125,5,true
2019-09-21,9,21:00,18,5,N,0.3888888888888889,5,true
2019-09-21,9,22:00,20,5,N,0.4,5,true
2019-09-21,9,23:00,22,5,N,0.36363636363636365,5,true
2019-09-22,9,20:00,16,2,N,0.625,0,true
2019-09-22,9,21:00,18,2,N,0.6111111111111112,0,true
2019-09-22,9,22:00,20,2,N,0.65,0,true
2019-09-22,9,23:00,22,2,N,0.6818181818181818,0,true
2019-09-23,9,20:00,16,1,N,1.0,0,false
2019-09-23,9,21:00,18,1,N,1.0,0,false
2019-09-23,9,22:00,20,1,N,1.0,0,false
2019-09-23,9,23:00,22,1,N,1.0,0,false
2019-09-24,9,20:00,16,3,N,0.6875,0,true
2019-09-24,9,21:00,18,3,N,0.6666666666666666,0,true
2019-09-24,9,22:00,20,3,N,0.7,0,true
2019-09-24,9,23:00,22,3,N,0.7272727272727273,0,true
2019-09-25,9,20:00,16,3,N,0.75,0,true
2019-09-25,9,21:00,18,3,N,0.6666666666666666,0,true
2019-09-25,9,22:00,20,3,N,0.6,0,true
2019-09-25,9,23:00,22,3,N,0.5909090909090909,0,true
2019-09-26,9,20:00,16,2,S,0.5625,16,true
2019-09-26,9,21:00,18,2,S,0.5555555555555556,18,true
2019-09-26,9,22:00,20,2,S,0.5,20,true
2019-09-26,9,23:00,22,4,S,0.45454545454545453,20,true
2019-09-27,9,20:00,16,4,NE,0.5625,0,true
2019-09-27,9,21:00,18,4,NE,0.5555555555555556,0,true
2019-09-27,9,22:00,20,6,NE,0.5,2,true
2019-09-27,9,23:00,22,6,NE,0.45454545454545453,4,true
2019-09-28,9,20:00,16,2,N,0.875,0,true
2019-09-28,9,21:00,18,2,N,0.8888888888888888,0,true
2019-09-28,9,22:00,20,2,N,0.9,0,true
2019-09-28,9,23:00,22,2,N,0.9090909090909091,0,true
2019-09-29,9,20:00,16,1,N,1.0,0,false
2019-09-29,9,21:00,18,1,N,1.0,0,false
2019-09-29,9,22:00,20,1,N,1.0,0,false
2019-09-29,9,23:00,22,1,N,1.0,0,false
2019-09-30,9,20:00,18,1,N,1.0,0,false
2019-09-30,9,21:00,20,1,N,1.0,0,false
2019-09-30,9,22:00,22,1,N,1.0,0,false
2019-09-30,9,23:00,24,1,N,1.0,0,false
2019-10-01,10,20:00,18,5,S,0.2777777777777778,14,true
2019-10-01,10,21:00,20,5,SE,0.3,16,true
2019-10-01,10,22:00,22,5,SE,0.3181818181818182,18,true
2019-10-01,10,23:00,24,5,S,0.3333333333333333,20,true
2019-10-02,10,20:00,18,4,N,0.6666666666666666,1,true
2019-10-02,10,21:00,20,4,N,0.7,1,true
2019-10-02,10,22:00,22,4,N,0.7272727272727273,1,true
2019-10-02,10,23:00,24,4,N,0.75,1,true
2019-10-03,10,20:00,18,1,S,1.0,18,false
2019-10-03,10,21:00,20,1,S,1.0,20,false
2019-10-03,10,22:00,22,1,S,1.0,22,false
2019-10-03,10,23:00,24,1,S,1.0,24,false
2019-10-04,10,20:00,18,5,NE,0.4444444444444444,2,true
2019-10-04,10,21:00,20,5,NE,0.5,2,true
2019-10-04,10,22:00,22,5,NE,0.5,2,true
2019-10-04,10,23:00,24,5,NE,0.4583333333333333,2,true
2019-10-05,10,20:00,18,1,N,1.0,0,false
2019-10-05,10,21:00,20,1,N,1.0,0,false
2019-10-05,10,22:00,22,1,N,1.0,0,false
2019-10-05,10,23:00,24,1,N,1.0,0,false
2019-10-06,10,20:00,18,2,S,0.9444444444444444,18,true
2019-10-06,10,21:00,20,2,S,0.95,20,true
2019-10-06,10,22:00,22,2,S,0.9545454545454546,22,true
2019-10-06,10,23:00,24,2,S,0.9583333333333334,24,true
2019-10-07,10,20:00,18,2,NE,0.6111111111111112,0,true
2019-10-07,10,21:00,20,2,NE,0.55,0,true
2019-10-07,10,22:00,22,2,N,0.5,0,true
2019-10-07,10,23:00,24,2,N,0.5416666666666666,0,true
2019-10-08,10,20:00,18,1,N,1.0,0,false
2019-10-08,10,21:00,20,1,N,1.0,0,false
2019-10-08,10,22:00,22,1,N,1.0,0,false
2019-10-08,10,23:00,24,1,N,1.0,0,false
2019-10-09,10,20:00,18,1,N,1.0,0,false
2019-10-09,10,21:00,20,1,N,1.0,0,false
2019-10-09,10,22:00,22,1,N,1.0,0,false
2019-10-09,10,23:00,24,1,N,1.0,0,false
2019-10-10,10,20:00,18,1,N,1.0,0,false
2019-10-10,10,21:00,20,1,N,1.0,0,false
2019-10-10,10,22:00,22,1,N,1.0,0,false
2019-10-10,10,23:00,24,1,N,1.0,0,false
2019-10-11,10,20:00,18,3,N,0.8333333333333334,0,true
2019-10-11,10,21:00,20,3,N,0.85,0,true
2019-10-11,10,22:00,22,3,N,0.8636363636363636,0,true
2019-10-11,10,23:00,24,3,N,0.875,0,true
2019-10-12,10,20:00,18,3,N,0.6666666666666666,0,true
2019-10-12,10,21:00,20,3,N,0.65,0,true
2019-10-12,10,22:00,22,5,N,0.5909090909090909,1,true
2019-10-12,10,23:00,24,6,N,0.5416666666666666,3,true
2019-10-13,10,20:00,18,2,S,0.8888888888888888,18,true
2019-10-13,10,21:00,20,2,S,0.9,20,true
2019-10-13,10,22:00,22,2,S,0.9090909090909091,22,true
2019-10-13,10,23:00,24,2,S,0.9166666666666666,24,true
2019-10-14,10,20:00,18,5,SE,0.6111111111111112,14,true
2019-10-14,10,21:00,20,5,SE,0.55,16,true
2019-10-14,10,22:00,22,5,SE,0.5,18,true
2019-10-14,10,23:00,24,5,SE,0.4583333333333333,20,true
2019-10-15,10,20:00,18,3,E,0.7222222222222222,5,true
2019-10-15,10,21:00,20,3,E,0.65,7,true
2019-10-15,10,22:00,22,3,E,0.5909090909090909,9,true
2019-10-15,10,23:00,24,3,E,0.5416666666666666,11,true
2019-10-16,10,20:00,18,1,S,1.0,18,false
2019-10-16,10,21:00,20,1,S,1.0,20,false
2019-10-16,10,22:00,22,1,S,1.0,22,false
2019-10-16,10,23:00,24,1,S,1.0,24,false
2019-10-17,10,20:00,18,3,N,0.5555555555555556,0,true
2019-10-17,10,21:00,20,3,N,0.55,0,true
2019-10-17,10,22:00,22,3,N,0.5909090909090909,0,true
2019-10-17,10,23:00,24,3,N,0.625,0,true
2019-10-18,10,20:00,18,1,N,1.0,0,false
2019-10-18,10,21:00,20,1,N,1.0,0,false
2019-10-18,10,22:00,22,1,N,1.0,0,false
2019-10-18,10,23:00,24,1,N,1.0,0,false
2019-10-19,10,20:00,18,1,N,1.0,0,false
2019-10-19,10,21:00,20,1,N,1.0,0,false
2019-10-19,10,22:00,22,1,N,1.0,0,false
2019-10-19,10,23:00,24,1,N,1.0,0,false
2019-10-20,10,20:00,18,2,N,0.8888888888888888,0,true
2019-10-20,10,21:00,20,2,N,0.9,0,true
2019-10-20,10,22:00,22,2,N,0.9090909090909091,0,true
2019-10-20,10,23:00,24,2,N,0.9166666666666666,0,true
2019-10-21,10,20:00,18,1,N,1.0,0,false
2019-10-21,10,21:00,20,2,N,0.95,0,true
2019-10-21,10,22:00,22,2,N,0.9090909090909091,0,true
2019-10-21,10,23:00,24,2,N,0.9166666666666666,0,true
2019-10-22,10,20:00,18,5,NW,0.2777777777777778,9,true
2019-10-22,10,21:00,20,5,S,0.3,11,true
2019-10-22,10,22:00,22,5,S,0.36363636363636365,13,true
2019-10-22,10,23:00,24,5,S,0.4166666666666667,15,true
2019-10-23,10,20:00,18,3,S,0.6111111111111112,14,true
2019-10-23,10,21:00,20,3,S,0.65,16,true
2019-10-23,10,22:00,22,3,S,0.6818181818181818,18,true
2019-10-23,10,23:00,24,3,S,0.7083333333333334,20,true
2019-10-24,10,20:00,18,2,N,0.6666666666666666,0,true
2019-10-24,10,21:00,20,2,N,0.7,0,true
2019-10-24,10,22:00,22,2,N,0.7272727272727273,0,true
2019-10-24,10,23:00,24,3,N,0.7083333333333334,0,true
2019-10-25,10,20:00,18,2,N,0.7222222222222222,0,true
2019-10-25,10,21:00,20,3,N,0.7,1,true
2019-10-25,10,22:00,22,4,N,0.6363636363636364,3,true
2019-10-25,10,23:00,24,4,N,0.5833333333333334,5,true
2019-10-26,10,20:00,18,3,NE,0.6666666666666666,3,true
2019-10-26,10,21:00,20,3,NE,0.6,3,true
2019-10-26,10,22:00,22,3,NE,0.5454545454545454,3,true
2019-10-26,10,23:00,24,3,NE,0.5,3,true
2019-10-27,10,20:00,18,1,N,1.0,0,false
2019-10-27,10,21:00,20,1,N,1.0,0,false
2019-10-27,10,22:00,22,1,N,1.0,0,false
2019-10-27,10,23:00,24,1,N,1.0,0,false
2019-10-28,10,20:00,18,2,N,0.6666666666666666,0,true
2019-10-28,10,21:00,20,2,N,0.7,0,true
2019-10-28,10,22:00,22,2,N,0.7272727272727273,0,true
2019-10-28,10,23:00,24,2,N,0.75,0,true
2019-10-29,10,20:00,18,2,N,0.9444444444444444,0,true
2019-10-29,10,21:00,20,2,N,0.85,0,true
2019-10-29,10,22:00,22,2,N,0.7727272727272727,0,true
2019-10-29,10,23:00,24,2,N,0.75,0,true
2019-10-30,10,20:00,18,5,NE,0.3888888888888889,5,true
2019-10-30,10,21:00,20,5,N,0.35,5,true
2019-10-30,10,22:00,22,5,N,0.4090909090909091,5,true
2019-10-30,10,23:00,24,5,N,0.4583333333333333,5,true
2019-10-31,10,20:00,18,2,S,0.8888888888888888,18,true
2019-10-31,10,21:00,20,3,S,0.85,20,true
2019-10-31,10,22:00,22,5,S,0.7727272727272727,20,true
2019-10-31,10,23:00,24,5,S,0.7083333333333334,20,true
2019-11-01,11,20:00,18,5,S,0.6111111111111112,14,true
2019-11-01,11,21:00,20,5,S,0.6,16,true
2019-11-01,11,22:00,22,5,S,0.5454545454545454,18,true
2019-11-01,11,23:00,24,5,S,0.5833333333333334,20,true
2019-11-02,11,20:00,18,2,S,0.8888888888888888,18,true
2019-11-02,11,21:00,20,2,S,0.9,20,true
2019-11-02,11,22:00,22,2,S,0.8181818181818182,22,true
2019-11-02,11,23:00,24,2,S,0.7916666666666666,24,true
2019-11-03,11,20:00,18,1,N,1.0,0,false
2019-11-03,11,21:00,20,1,N,1.0,0,false
2019-11-03,11,22:00,22,1,N,1.0,0,false
2019-11-03,11,23:00,24,1,N,1.0,0,false
2019-11-04,11,20:00,18,2,N,0.9444444444444444,0,true
2019-11-04,11,21:00,20,2,N,0.95,0,true
2019-11-04,11,22:00,22,2,N,0.9545454545454546,0,true
2019-11-04,11,23:00,24,2,N,0.9583333333333334,0,true
2019-11-05,11,20:00,18,1,N,1.0,0,false
2019-11-05,11,21:00,20,1,N,1.0,0,false
2019-11-05,11,22:00,22,1,N,1.0,0,false
2019-11-05,11,23:00,24,1,N,1.0,0,false
2019-11-06,11,20:00,18,1,N,1.0,0,false
2019-11-06,11,21:00,20,1,N,1.0,0,false
2019-11-06,11,22:00,22,1,N,1.0,0,false
2019-11-06,11,23:00,24,1,N,1.0,0,false
2019-11-07,11,20:00,18,1,N,1.0,0,false
2019-11-07,11,21:00,20,1,N,1.0,0,false
2019-11-07,11,22:00,22,1,N,1.0,0,false
2019-11-07,11,23:00,24,1,N,1.0,0,false
2019-11-08,11,20:00,18,1,N,1.0,0,false
2019-11-08,11,21:00,20,1,N,1.0,0,false
2019-11-08,11,22:00,22,1,N,1.0,0,false
2019-11-08,11,23:00,24,1,N,1.0,0,false
2019-11-09,11,20:00,18,2,N,0.9444444444444444,0,true
2019-11-09,11,21:00,20,2,N,0.95,0,true
2019-11-09,11,22:00,22,2,N,0.9545454545454546,0,true
2019-11-09,11,23:00,24,2,N,0.9583333333333334,0,true
2019-11-10,11,20:00,18,2,N,0.8888888888888888,0,true
2019-11-10,11,21:00,20,2,N,0.85,0,true
2019-11-10,11,22:00,22,3,N,0.8181818181818182,0,true
2019-11-10,11,23:00,24,3,N,0.7916666666666666,0,true
2019-11-11,11,20:00,18,3,S,0.8333333333333334,15,true
2019-11-11,11,21:00,20,3,S,0.85,17,true
2019-11-11,11,22:00,22,4,S,0.8181818181818182,19,true
2019-11-11,11,23:00,24,4,S,0.75,21,true
2019-11-12,11,20:00,18,2,SE,0.6111111111111112,18,true
2019-11-12,11,21:00,20,2,SE,0.55,20,true
2019-11-12,11,22:00,22,2,S,0.5,22,true
2019-11-12,11,23:00,24,2,S,0.5416666666666666,24,true
2019-11-13,11,20:00,18,2,N,0.7777777777777778,0,true
2019-11-13,11,21:00,20,2,N,0.8,0,true
2019-11-13,11,22:00,22,2,N,0.8181818181818182,0,true
2019-11-13,11,23:00,24,2,N,0.8333333333333334,0,true
2019-11-14,11,20:00,18,1,N,1.0,0,false
2019-11-14,11,21:00,20,1,N,1.0,0,false
2019-11-14,11,22:00,22,2,N,0.9090909090909091,0,true
2019-11-14,11,23:00,24,2,N,0.8333333333333334,0,true
2019-11-15,11,20:00,18,3,N,0.7777777777777778,0,true
2019-11-15,11,21:00,20,3,N,0.7,0,true
2019-11-15,11,22:00,22,3,N,0.6363636363636364,0,true
2019-11-15,11,23:00,24,3,N,0.6666666666666666,0,true
2019-11-16,11,20:00,18,2,N,0.9444444444444444,0,true
2019-11-16,11,21:00,20,2,N,0.9,0,true
2019-11-16,11,22:00,22,2,N,0.9090909090909091,0,true
2019-11-16,11,23:00,24,2,N,0.9166666666666666,0,true
2019-11-17,11,20:00,18,2,N,0.5555555555555556,0,true
2019-11-17,11,21:00,20,2,N,0.6,0,true
2019-11-17,11,22:00,22,2,N,0.6363636363636364,0,true
2019-11-17,11,23:00,24,2,N,0.6666666666666666,0,true
2019-11-18,11,20:00,18,2,N,0.9444444444444444,0,true
2019-11-18,11,21:00,20,2,N,0.95,0,true
2019-11-18,11,22:00,22,2,N,0.9090909090909091,0,true
2019-11-18,11,23:00,24,2,N,0.8333333333333334,0,true
2019-11-19,11,20:00,18,3,N,0.8888888888888888,0,true
2019-11-19,11,21:00,20,3,N,0.9,0,true
2019-11-19,11,22:00,22,3,N,0.9090909090909091,0,true
2019-11-19,11,23:00,24,3,N,0.9166666666666666,0,true
2019-11-20,11,20:00,18,2,N,0.8888888888888888,0,true
2019-11-20,11,21:00,20,2,N,0.85,0,true
2019-11-20,11,22:00,22,2,N,0.8636363636363636,0,true
2019-11-20,11,23:00,24,3,N,0.7916666666666666,1,true
2019-11-21,11,20:00,18,5,SE,0.3333333333333333,8,true
2019-11-21,11,21:00,20,5,NE,0.3,8,true
2019-11-21,11,22:00,22,5,NE,0.3181818181818182,9,true
2019-11-21,11,23:00,24,5,NE,0.2916666666666667,11,true
2019-11-22,11,20:00,18,1,N,1.0,0,false
2019-11-22,11,21:00,20,1,N,1.0,0,false
2019-11-22,11,22:00,22,1,N,1.0,0,false
2019-11-22,11,23:00,24,1,N,1.0,0,false
2019-11-23,11,20:00,18,2,N,0.9444444444444444,0,true
2019-11-23,11,21:00,20,2,N,0.95,0,true
2019-11-23,11,22:00,22,2,N,0.9545454545454546,0,true
2019-11-23,11,23:00,24,2,N,0.9583333333333334,0,true
2019-11-24,11,20:00,18,3,N,0.8333333333333334,0,true
2019-11-24,11,21:00,20,3,N,0.85,0,true
2019-11-24,11,22:00,22,3,N,0.8636363636363636,0,true
2019-11-24,11,23:00,24,3,N,0.875,0,true
2019-11-25,11,20:00,18,1,S,1.0,18,false
2019-11-25,11,21:00,20,1,S,1.0,20,false
2019-11-25,11,22:00,22,1,S,1.0,22,false
2019-11-25,11,23:00,24,1,S,1.0,24,false
2019-11-26,11,20:00,18,2,N,0.6666666666666666,0,true
2019-11-26,11,21:00,20,2,N,0.7,0,true
2019-11-26,11,22:00,22,2,N,0.7272727272727273,0,true
2019-11-26,11,23:00,24,2,N,0.75,0,true
2019-11-27,11,20:00,18,1,N,1.0,0,false
2019-11-27,11,21:00,20,1,N,1.0,0,false
2019-11-27,11,22:00,22,1,N,1.0,0,false
2019-11-27,11,23:00,24,1,N,1.0,0,false
2019-11-28,11,20:00,18,2,N,0.8888888888888888,0,true
2019-11-28,11,21:00,20,2,N,0.9,0,true
2019-11-28,11,22:00,22,2,N,0.9090909090909091,0,true
2019-11-28,11,23:00,24,2,N,0.9166666666666666,0,true
2019-11-29,11,20:00,18,2,N,0.8888888888888888,0,true
2019-11-29,11,21:00,20,2,N,0.9,0,true
2019-11-29,11,22:00,22,2,N,0.9090909090909091,0,true
2019-11-29,11,23:00,24,2,N,0.9166666666666666,0,true
2019-11-30,11,20:00,18,4,S,0.5,15,true
2019-11-30,11,21:00,20,4,S,0.45,15,true
2019-11-30,11,22:00,22,4,S,0.5,17,true
2019-11-30,11,23:00,24,4,S,0.5416666666666666,19,true
2019-12-01,12,20:00,18,1,N,1.0,0,false
2019-12-01,12,21:00,20,1,N,1.0,0,false
2019-12-01,12,22:00,22,1,N,1.0,0,false
2019-12-01,12,23:00,24,1,N,1.0,0,false
2019-12-02,12,20:00,18,2,N,0.8888888888888888,0,true
2019-12-02,12,21:00,20,2,N,0.9,0,true
2019-12-02,12,22:00,22,2,N,0.9090909090909091,0,true
2019-12-02,12,23:00,24,2,N,0.9166666666666666,0,true
2019-12-03,12,20:00,18,1,N,1.0,0,false
2019-12-03,12,21:00,20,1,N,1.0,0,false
2019-12-03,12,22:00,22,1,N,1.0,0,false
2019-12-03,12,23:00,24,1,N,1.0,0,false
2019-12-04,12,20:00,18,2,N,0.6666666666666666,0,true
2019-12-04,12,21:00,20,2,N,0.7,0,true
2019-12-04,12,22:00,22,2,N,0.7272727272727273,0,true
2019-12-04,12,23:00,24,2,N,0.75,0,true
2019-12-05,12,20:00,18,1,N,1.0,0,false
2019-12-05,12,21:00,20,1,N,1.0,0,false
2019-12-05,12,22:00,22,1,N,1.0,0,false
2019-12-05,12,23:00,24,1,N,1.0,0,false
2019-12-06,12,20:00,18,1,N,1.0,0,false
2019-12-06,12,21:00,20,1,N,1.0,0,false
2019-12-06,12,22:00,22,1,N,1.0,0,false
2019-12-06,12,23:00,24,1,N,1.0,0,false
2019-12-07,12,20:00,18,1,N,1.0,0,false
2019-12-07,12,21:00,20,1,N,1.0,0,false
2019-12-07,12,22:00,22,1,N,1.0,0,false
2019-12-07,12,23:00,24,1,N,1.0,0,false
2019-12-08,12,20:00,18,3,N,0.7222222222222222,0,true
2019-12-08,12,21:00,20,3,N,0.75,0,true
2019-12-08,12,22:00,22,3,N,0.7727272727272727,0,true
2019-12-08,12,23:00,24,3,N,0.7916666666666666,0,true
2019-12-09,12,20:00,18,4,NW,0.7222222222222222,1,true
2019-12-09,12,21:00,20,6,NW,0.65,3,true
2019-12-09,12,22:00,22,7,NW,0.5909090909090909,3,true
2019-12-09,12,23:00,24,7,NW,0.5416666666666666,5,true
2019-12-10,12,20:00,18,7,SE,0.3333333333333333,7,true
2019-12-10,12,21:00,20,8,SE,0.3,9,true
2019-12-10,12,22:00,22,8,SE,0.2727272727272727,11,true
2019-12-10,12,23:00,24,8,SE,0.25,13,true
2019-12-11,12,20:00,18,2,N,0.9444444444444444,0,true
2019-12-11,12,21:00,20,2,N,0.95,0,true
2019-12-11,12,22:00,22,2,N,0.9545454545454546,0,true
2019-12-11,12,23:00,24,3,N,0.9166666666666666,1,true
2019-12-12,12,20:00,18,4,S,0.7777777777777778,15,true
2019-12-12,12,21:00,20,4,S,0.8,17,true
2019-12-12,12,22:00,22,4,S,0.8181818181818182,19,true
2019-12-12,12,23:00,24,4,S,0.8333333333333334,21,true
2019-12-13,12,20:00,18,4,N,0.6111111111111112,0,true
2019-12-13,12,21:00,20,4,N,0.65,0,true
2019-12-13,12,22:00,22,4,N,0.6818181818181818,0,true
2019-12-13,12,23:00,24,4,N,0.7083333333333334,0,true
2019-12-14,12,20:00,18,2,N,0.9444444444444444,0,true
2019-12-14,12,21:00,20,3,N,0.9,0,true
2019-12-14,12,22:00,22,3,N,0.9090909090909091,0,true
2019-12-14,12,23:00,24,3,N,0.9166666666666666,0,true
2019-12-15,12,20:00,18,1,N,1.0,0,false
2019-12-15,12,21:00,20,1,N,1.0,0,false
2019-12-15,12,22:00,22,1,N,1.0,0,false
2019-12-15,12,23:00,24,1,N,1.0,0,false
2019-12-16,12,20:00,18,2,N,0.7222222222222222,0,true
2019-12-16,12,21:00,20,2,N,0.75,0,true
2019-12-16,12,22:00,22,2,N,0.7727272727272727,0,true
2019-12-16,12,23:00,24,2,N,0.7916666666666666,0,true
2019-12-17,12,20:00,18,2,N,0.5,0,true
2019-12-17,12,21:00,20,3,N,0.45,0,true
2019-12-17,12,22:00,22,3,N,0.5,0,true
2019-12-17,12,23:00,24,3,N,0.5416666666666666,0,true
2019-12-18,12,20:00,18,1,S,1.0,18,false
2019-12-18,12,21:00,20,1,S,1.0,20,false
2019-12-18,12,22:00,22,1,S,1.0,22,false
2019-12-18,12,23:00,24,1,S,1.0,24,false
2019-12-19,12,20:00,18,3,N,0.8333333333333334,0,true
2019-12-19,12,21:00,20,3,N,0.85,0,true
2019-12-19,12,22:00,22,3,N,0.8636363636363636,0,true
2019-12-19,12,23:00,24,3,N,0.875,0,true
2019-12-20,12,20:00,18,2,N,0.8888888888888888,0,true
2019-12-20,12,21:00,20,2,N,0.85,0,true
2019-12-20,12,22:00,22,2,N,0.8181818181818182,0,true
2019-12-20,12,23:00,24,2,N,0.7916666666666666,0,true
2019-12-21,12,20:00,18,1,S,1.0,18,false
2019-12-21,12,21:00,20,1,S,1.0,20,false
2019-12-21,12,22:00,22,1,S,1.0,22,false
2019-12-21,12,23:00,24,1,S,1.0,24,false
2019-12-22,12,20:00,18,2,N,0.5,0,true
2019-12-22,12,21:00,20,2,N,0.55,0,true
2019-12-22,12,22:00,22,2,N,0.5909090909090909,0,true
2019-12-22,12,23:00,24,2,N,0.625,0,true
2019-12-23,12,20:00,18,3,N,0.6111111111111112,6,true
2019-12-23,12,21:00,20,3,N,0.55,8,true
2019-12-23,12,22:00,22,3,N,0.5,10,true
2019-12-23,12,23:00,24,3,S,0.5,12,true
2019-12-24,12,20:00,18,1,S,1.0,18,false
2019-12-24,12,21:00,20,1,S,1.0,20,false
2019-12-24,12,22:00,22,1,S,1.0,22,false
2019-12-24,12,23:00,24,1,S,1.0,24,false
2019-12-25,12,20:00,18,2,S,0.5,18,true
2019-12-25,12,21:00,20,2,S,0.55,20,true
2019-12-25,12,22:00,22,2,S,0.5909090909090909,22,true
2019-12-25,12,23:00,24,2,S,0.625,24,true
2019-12-26,12,20:00,18,7,SE,0.3333333333333333,13,true
2019-12-26,12,21:00,20,7,S,0.35,15,true
2019-12-26,12,22:00,22,7,S,0.4090909090909091,17,true
2019-12-26,12,23:00,24,7,S,0.4583333333333333,19,true
2019-12-27,12,20:00,18,2,N,0.9444444444444444,0,true
2019-12-27,12,21:00,20,2,N,0.95,0,true
2019-12-27,12,22:00,22,2,N,0.9545454545454546,0,true
2019-12-27,12,23:00,24,2,N,0.9583333333333334,0,true
2019-12-28,12,20:00,18,5,N,0.2777777777777778,9,true
2019-12-28,12,21:00,20,5,S,0.3,11,true
2019-12-28,12,22:00,22,5,S,0.3181818181818182,13,true
2019-12-28,12,23:00,24,5,S,0.3333333333333333,15,true
2019-12-29,12,20:00,18,2,N,0.7222222222222222,0,true
2019-12-29,12,21:00,20,2,N,0.7,0,true
2019-12-29,12,22:00,22,4,N,0.6363636363636364,2,true
2019-12-29,12,23:00,24,4,N,0.5833333333333334,4,true
2019-12-30,12,20:00,18,2,N,0.7777777777777778,0,true
2019-12-30,12,21:00,20,2,N,0.8,0,true
2019-12-30,12,22:00,22,2,N,0.8181818181818182,0,true
2019-12-30,12,23:00,24,3,N,0.7916666666666666,1,true
2019-12-31,12,20:00,18,2,S,0.9444444444444444,18,true
2019-12-31,12,21:00,20,2,S,0.95,20,true
2019-12-31,12,22:00,22,2,S,0.9545454545454546,22,true
2019-12-31,12,23:00,24,2,S,0.9583333333333334,24,true
2020-01-01,1,20:00,18,2,N,0.9444444444444444,0,true
2020-01-01,1,21:00,20,2,N,0.95,0,true
2020-01-01,1,22:00,22,2,N,0.9545454545454546,0,true
2020-01-01,1,23:00,24,2,N,0.9583333333333334,0,true
2020-01-02,1,20:00,18,1,N,1.0,0,false
2020-01-02,1,21:00,20,1,N,1.0,0,false
2020-01-02,1,22:00,22,1,N,1.0,0,false
2020-01-02,1,23:00,24,1,N,1.0,0,false
2020-01-03,1,20:00,18,4,N,0.6111111111111112,6,true
2020-01-03,1,21:00,20,4,N,0.55,8,true
2020-01-03,1,22:00,22,4,N,0.5,10,true
2020-01-03,1,23:00,24,4,N,0.4583333333333333,12,true
2020-01-04,1,20:00,18,2,SE,0.8333333333333334,18,true
2020-01-04,1,21:00,20,2,SE,0.8,20,true
2020-01-04,1,22:00,22,2,SE,0.7272727272727273,22,true
2020-01-04,1,23:00,24,2,SE,0.6666666666666666,24,true
2020-01-05,1,20:00,18,5,NE,0.3888888888888889,7,true
2020-01-05,1,21:00,20,5,NE,0.35,7,true
2020-01-05,1,22:00,22,5,N,0.3181818181818182,7,true
2020-01-05,1,23:00,24,5,N,0.375,7,true
2020-01-06,1,20:00,18,5,N,0.3333333333333333,8,true
2020-01-06,1,21:00,20,5,N,0.3,8,true
2020-01-06,1,22:00,22,5,N,0.2727272727272727,8,true
2020-01-06,1,23:00,24,5,N,0.2916666666666667,8,true
2020-01-07,1,20:00,18,7,N,0.3888888888888889,5,true
2020-01-07,1,21:00,20,7,N,0.35,7,true
2020-01-07,1,22:00,22,7,N,0.3181818181818182,9,true
2020-01-07,1,23:00,24,7,S,0.3333333333333333,11,true
2020-01-08,1,20:00,18,2,S,0.8333333333333334,18,true
2020-01-08,1,21:00,20,2,S,0.85,20,true
2020-01-08,1,22:00,22,2,S,0.8636363636363636,22,true
2020-01-08,1,23:00,24,2,S,0.7916666666666666,24,true
2020-01-09,1,20:00,18,2,N,0.6666666666666666,0,true
2020-01-09,1,21:00,20,2,N,0.7,0,true
2020-01-09,1,22:00,22,2,N,0.7272727272727273,0,true
2020-01-09,1,23:00,24,2,N,0.75,0,true
2020-01-10,1,20:00,18,5,N,0.6111111111111112,5,true
2020-01-10,1,21:00,20,5,N,0.55,7,true
2020-01-10,1,22:00,22,5,N,0.5,9,true
2020-01-10,1,23:00,24,5,N,0.4583333333333333,11,true
2020-01-11,1,20:00,18,2,N,0.9444444444444444,0,true
2020-01-11,1,21:00,20,2,N,0.95,0,true
2020-01-11,1,22:00,22,2,N,0.9545454545454546,0,true
2020-01-11,1,23:00,24,2,N,0.9583333333333334,0,true
2020-01-12,1,20:00,18,1,N,1.0,0,false
2020-01-12,1,21:00,20,1,N,1.0,0,false
2020-01-12,1,22:00,22,1,N,1.0,0,false
2020-01-12,1,23:00,24,1,N,1.0,0,false
2020-01-13,1,20:00,18,4,N,0.6111111111111112,4,true
2020-01-13,1,21:00,20,4,N,0.55,6,true
2020-01-13,1,22:00,22,4,N,0.5,8,true
2020-01-13,1,23:00,24,4,N,0.4583333333333333,10,true
2020-01-14,1,20:00,18,2,S,0.6666666666666666,18,true
2020-01-14,1,21:00,20,2,S,0.6,20,true
2020-01-14,1,22:00,22,2,S,0.5909090909090909,22,true
2020-01-14,1,23:00,24,2,S,0.625,24,true
2020-01-15,1,20:00,18,2,S,0.6111111111111112,18,true
2020-01-15,1,21:00,20,2,S,0.65,20,true
2020-01-15,1,22:00,22,2,S,0.6818181818181818,22,true
2020-01-15,1,23:00,24,2,S,0.7083333333333334,24,true
2020-01-16,1,20:00,18,2,S,0.8333333333333334,18,true
2020-01-16,1,21:00,20,2,S,0.85,20,true
2020-01-16,1,22:00,22,2,S,0.8636363636363636,22,true
2020-01-16,1,23:00,24,2,S,0.875,24,true
2020-01-17,1,20:00,18,2,SE,0.6111111111111112,18,true
2020-01-17,1,21:00,20,2,SE,0.55,20,true
2020-01-17,1,22:00,22,2,S,0.5,22,true
2020-01-17,1,23:00,24,2,S,0.5416666666666666,24,true
2020-01-18,1,20:00,18,5,SE,0.4444444444444444,15,true
2020-01-18,1,21:00,20,5,S,0.4,17,true
2020-01-18,1,22:00,22,5,S,0.45454545454545453,19,true
2020-01-18,1,23:00,24,5,S,0.5,21,true
2020-01-19,1,20:00,18,2,S,0.9444444444444444,18,true
2020-01-19,1,21:00,20,3,S,0.9,20,true
2020-01-19,1,22:00,22,3,S,0.8636363636363636,22,true
2020-01-19,1,23:00,24,3,S,0.7916666666666666,24,true
2020-01-20,1,20:00,18,2,SW,0.7222222222222222,18,true
2020-01-20,1,21:00,20,2,SW,0.7,20,true
2020-01-20,1,22:00,22,2,SW,0.6818181818181818,22,true
2020-01-20,1,23:00,24,2,SW,0.6666666666666666,24,true
2020-01-21,1,20:00,18,5,S,0.5,16,true
2020-01-21,1,21:00,20,5,S,0.55,18,true
2020-01-21,1,22:00,22,5,S,0.5909090909090909,20,true
2020-01-21,1,23:00,24,5,S,0.625,22,true
2020-01-22,1,20:00,18,1,N,1.0,0,false
2020-01-22,1,21:00,20,1,N,1.0,0,false
2020-01-22,1,22:00,22,1,N,1.0,0,false
2020-01-22,1,23:00,24,1,N,1.0,0,false
2020-01-23,1,20:00,18,1,N,1.0,0,false
2020-01-23,1,21:00,20,1,N,1.0,0,false
2020-01-23,1,22:00,22,1,N,1.0,0,false
2020-01-23,1,23:00,24,1,N,1.0,0,false
2020-01-24,1,20:00,18,5,S,0.3888888888888889,13,true
2020-01-24,1,21:00,20,5,S,0.35,13,true
2020-01-24,1,22:00,22,5,S,0.3181818181818182,13,true
2020-01-24,1,23:00,24,5,N,0.3333333333333333,13,true
2020-01-25,1,20:00,18,2,N,0.9444444444444444,0,true
2020-01-25,1,21:00,20,2,N,0.95,0,true
2020-01-25,1,22:00,22,2,N,0.9545454545454546,0,true
2020-01-25,1,23:00,24,2,N,0.9583333333333334,0,true
2020-01-26,1,20:00,18,2,N,0.9444444444444444,0,true
2020-01-26,1,21:00,20,2,N,0.95,0,true
2020-01-26,1,22:00,22,2,N,0.9545454545454546,0,true
2020-01-26,1,23:00,24,2,N,0.9583333333333334,0,true
2020-01-27,1,20:00,18,1,N,1.0,0,false
2020-01-27,1,21:00,20,1,N,1.0,0,false
2020-01-27,1,22:00,22,1,N,1.0,0,false
2020-01-27,1,23:00,24,1,N,1.0,0,false
2020-01-28,1,20:00,18,1,N,1.0,0,false
2020-01-28,1,21:00,20,1,N,1.0,0,false
2020-01-28,1,22:00,22,1,N,1.0,0,false
2020-01-28,1,23:00,24,1,N,1.0,0,false
2020-01-29,1,20:00,18,1,N,1.0,0,false
2020-01-29,1,21:00,20,1,N,1.0,0,false
2020-01-29,1,22:00,22,1,N,1.0,0,false
2020-01-29,1,23:00,24,1,N,1.0,0,false
2020-01-30,1,20:00,18,3,NW,0.5555555555555556,5,true
2020-01-30,1,21:00,20,3,NW,0.5,7,true
2020-01-30,1,22:00,22,3,NW,0.45454545454545453,9,true
2020-01-30,1,23:00,24,4,NW,0.4166666666666667,11,true
2020-01-31,1,20:00,18,3,N,0.8888888888888888,0,true
2020-01-31,1,21:00,20,3,N,0.85,0,true
2020-01-31,1,22:00,22,3,N,0.7727272727272727,0,true
2020-01-31,1,23:00,24,3,N,0.7083333333333334,0,true
2020-02-01,2,20:00,18,3,N,0.7777777777777778,4,true
2020-02-01,2,21:00,20,3,N,0.7,6,true
2020-02-01,2,22:00,22,3,N,0.7272727272727273,6,true
2020-02-01,2,23:00,24,3,N,0.75,6,true
2020-02-02,2,20:00,18,1,N,1.0,0,false
2020-02-02,2,21:00,20,1,N,1.0,0,false
2020-02-02,2,22:00,22,1,N,1.0,0,false
2020-02-02,2,23:00,24,1,N,1.0,0,false
2020-02-03,2,20:00,18,1,N,1.0,0,false
2020-02-03,2,21:00,20,1,N,1.0,0,false
2020-02-03,2,22:00,22,1,N,1.0,0,false
2020-02-03,2,23:00,24,1,N,1.0,0,false
2020-02-04,2,20:00,18,1,N,1.0,0,false
2020-02-04,2,21:00,20,1,N,1.0,0,false
2020-02-04,2,22:00,22,1,N,1.0,0,false
2020-02-04,2,23:00,24,1,N,1.0,0,false
2020-02-05,2,20:00,18,3,NW,0.4444444444444444,8,true
2020-02-05,2,21:00,20,3,S,0.5,10,true
2020-02-05,2,22:00,22,3,S,0.5454545454545454,12,true
2020-02-05,2,23:00,24,3,S,0.5833333333333334,14,true
2020-02-06,2,20:00,18,2,N,0.7777777777777778,0,true
2020-02-06,2,21:00,20,2,N,0.8,0,true
2020-02-06,2,22:00,22,2,N,0.8181818181818182,0,true
2020-02-06,2,23:00,24,2,N,0.8333333333333334,0,true
2020-02-07,2,20:00,18,2,S,0.7777777777777778,18,true
2020-02-07,2,21:00,20,2,S,0.7,20,true
2020-02-07,2,22:00,22,2,S,0.6818181818181818,22,true
2020-02-07,2,23:00,24,2,S,0.6666666666666666,24,true
2020-02-08,2,20:00,18,1,N,1.0,0,false
2020-02-08,2,21:00,20,1,N,1.0,0,false
2020-02-08,2,22:00,22,1,N,1.0,0,false
2020-02-08,2,23:00,24,1,N,1.0,0,false
2020-02-09,2,20:00,18,5,S,0.5555555555555556,13,true
2020-02-09,2,21:00,20,5,S,0.5,13,true
2020-02-09,2,22:00,22,5,S,0.45454545454545453,13,true
2020-02-09,2,23:00,24,6,S,0.4166666666666667,13,true
2020-02-10,2,20:00,18,2,N,0.6111111111111112,0,true
2020-02-10,2,21:00,20,2,N,0.6,0,true
2020-02-10,2,22:00,22,2,N,0.6363636363636364,0,true
2020-02-10,2,23:00,24,2,N,0.6666666666666666,0,true
2020-02-11,2,20:00,18,1,N,1.0,0,false
2020-02-11,2,21:00,20,1,N,1.0,0,false
2020-02-11,2,22:00,22,1,N,1.0,0,false
2020-02-11,2,23:00,24,1,N,1.0,0,false
2020-02-12,2,20:00,18,2,S,0.7222222222222222,18,true
2020-02-12,2,21:00,20,3,S,0.7,20,true
2020-02-12,2,22:00,22,3,S,0.6818181818181818,22,true
2020-02-12,2,23:00,24,3,S,0.7083333333333334,24,true
2020-02-13,2,20:00,18,1,N,1.0,0,false
2020-02-13,2,21:00,20,1,N,1.0,0,false
2020-02-13,2,22:00,22,1,N,1.0,0,false
2020-02-13,2,23:00,24,1,N,1.0,0,false
2020-02-14,2,20:00,18,3,S,0.6666666666666666,18,true
2020-02-14,2,21:00,20,3,S,0.65,20,true
2020-02-14,2,22:00,22,3,S,0.6818181818181818,22,true
2020-02-14,2,23:00,24,3,S,0.7083333333333334,24,true
2020-02-15,2,20:00,18,6,N,0.3333333333333333,1,true
2020-02-15,2,21:00,20,6,N,0.35,1,true
2020-02-15,2,22:00,22,7,N,0.3181818181818182,3,true
2020-02-15,2,23:00,24,7,N,0.2916666666666667,5,true
2020-02-16,2,20:00,18,2,N,0.9444444444444444,0,true
2020-02-16,2,21:00,20,2,N,0.95,0,true
2020-02-16,2,22:00,22,2,N,0.9545454545454546,0,true
2020-02-16,2,23:00,24,2,N,0.9583333333333334,0,true
2020-02-17,2,20:00,18,1,N,1.0,0,false
2020-02-17,2,21:00,20,1,N,1.0,0,false
2020-02-17,2,22:00,22,1,N,1.0,0,false
2020-02-17,2,23:00,24,1,N,1.0,0,false
2020-02-18,2,20:00,18,1,N,1.0,0,false
2020-02-18,2,21:00,20,1,N,1.0,0,false
2020-02-18,2,22:00,22,1,N,1.0,0,false
2020-02-18,2,23:00,24,1,N,1.0,0,false
2020-02-19,2,20:00,18,1,N,1.0,0,false
2020-02-19,2,21:00,20,1,N,1.0,0,false
2020-02-19,2,22:00,22,1,N,1.0,0,false
2020-02-19,2,23:00,24,1,N,1.0,0,false
2020-02-20,2,20:00,18,3,S,0.7777777777777778,18,true
2020-02-20,2,21:00,20,3,S,0.8,20,true
2020-02-20,2,22:00,22,3,S,0.8181818181818182,22,true
2020-02-20,2,23:00,24,3,S,0.8333333333333334,24,true
2020-02-21,2,20:00,18,1,N,1.0,0,false
2020-02-21,2,21:00,20,1,N,1.0,0,false
2020-02-21,2,22:00,22,1,N,1.0,0,false
2020-02-21,2,23:00,24,1,N,1.0,0,false
2020-02-22,2,20:00,18,1,N,1.0,0,false
2020-02-22,2,21:00,20,1,N,1.0,0,false
2020-02-22,2,22:00,22,1,N,1.0,0,false
2020-02-22,2,23:00,24,1,N,1.0,0,false
2020-02-23,2,20:00,18,1,S,1.0,18,false
2020-02-23,2,21:00,20,1,S,1.0,20,false
2020-02-23,2,22:00,22,1,S,1.0,22,false
2020-02-23,2,23:00,24,1,S,1.0,24,false
2020-02-24,2,20:00,18,4,SE,0.5555555555555556,16,true
2020-02-24,2,21:00,20,5,SE,0.5,18,true
2020-02-24,2,22:00,22,5,SE,0.45454545454545453,20,true
2020-02-24,2,23:00,24,5,S,0.4166666666666667,22,true
2020-02-25,2,20:00,18,2,NE,0.6666666666666666,0,true
2020-02-25,2,21:00,20,2,NE,0.6,0,true
2020-02-25,2,22:00,22,4,NE,0.5454545454545454,2,true
2020-02-25,2,23:00,24,4,NE,0.5,4,true
2020-02-26,2,20:00,18,6,N,0.3333333333333333,4,true
2020-02-26,2,21:00,20,6,N,0.4,4,true
2020-02-26,2,22:00,22,6,N,0.36363636363636365,5,true
2020-02-26,2,23:00,24,6,N,0.3333333333333333,7,true
2020-02-27,2,20:00,18,2,N,0.9444444444444444,0,true
2020-02-27,2,21:00,20,2,N,0.95,0,true
2020-02-27,2,22:00,22,2,N,0.9545454545454546,0,true
2020-02-27,2,23:00,24,2,N,0.9583333333333334,0,true
2020-02-28,2,20:00,18,1,N,1.0,0,false
2020-02-28,2,21:00,20,1,N,1.0,0,false
2020-02-28,2,22:00,22,1,N,1.0,0,false
2020-02-28,2,23:00,24,1,N,1.0,0,false
2020-02-29,2,20:00,18,1,N,1.0,0,false
2020-02-29,2,21:00,20,1,N,1.0,0,false
2020-02-29,2,22:00,22,1,N,1.0,0,false
2020-02-29,2,23:00,24,2,N,0.9166666666666666,2,true
2020-03-01,3,20:00,18,5,NE,0.3333333333333333,6,true
2020-03-01,3,21:00,20,6,NE,0.3,7,true
2020-03-01,3,22:00,22,6,NE,0.2727272727272727,9,true
2020-03-01,3,23:00,24,6,S,0.3333333333333333,11,true
2020-03-02,3,20:00,18,4,N,0.5555555555555556,1,true
2020-03-02,3,21:00,20,4,N,0.6,1,true
2020-03-02,3,22:00,22,4,N,0.6363636363636364,1,true
2020-03-02,3,23:00,24,4,N,0.6666666666666666,1,true
2020-03-03,3,20:00,18,1,N,1.0,0,false
2020-03-03,3,21:00,20,1,N,1.0,0,false
2020-03-03,3,22:00,22,1,N,1.0,0,false
2020-03-03,3,23:00,24,1,N,1.0,0,false
2020-03-04,3,20:00,18,3,N,0.6666666666666666,6,true
2020-03-04,3,21:00,20,3,N,0.6,8,true
2020-03-04,3,22:00,22,3,N,0.5454545454545454,10,true
2020-03-04,3,23:00,24,3,N,0.5,12,true
2020-03-05,3,20:00,18,2,SE,0.5555555555555556,18,true
2020-03-05,3,21:00,20,2,S,0.5,20,true
2020-03-05,3,22:00,22,2,SE,0.5454545454545454,22,true
2020-03-05,3,23:00,24,2,SE,0.5833333333333334,24,true
2020-03-06,3,20:00,18,3,SE,0.8333333333333334,17,true
2020-03-06,3,21:00,20,3,SE,0.75,18,true
2020-03-06,3,22:00,22,3,SE,0.6818181818181818,19,true
2020-03-06,3,23:00,24,5,SE,0.625,19,true
2020-03-07,3,20:00,18,2,N,0.7777777777777778,0,true
2020-03-07,3,21:00,20,2,N,0.8,0,true
2020-03-07,3,22:00,22,2,N,0.8181818181818182,0,true
2020-03-07,3,23:00,24,2,N,0.8333333333333334,0,true
2020-03-08,3,20:00,18,2,N,0.5,0,true
2020-03-08,3,21:00,20,2,N,0.55,0,true
2020-03-08,3,22:00,22,2,N,0.5909090909090909,0,true
2020-03-08,3,23:00,24,2,N,0.625,0,true
2020-03-09,3,20:00,18,2,N,0.8333333333333334,0,true
2020-03-09,3,21:00,20,2,N,0.85,0,true
2020-03-09,3,22:00,22,2,N,0.8636363636363636,0,true
2020-03-09,3,23:00,24,2,N,0.875,0,true
2020-03-10,3,20:00,18,2,N,0.9444444444444444,0,true
2020-03-10,3,21:00,20,2,N,0.95,0,true
2020-03-10,3,22:00,22,2,N,0.9545454545454546,0,true
2020-03-10,3,23:00,24,2,N,0.9166666666666666,0,true
2020-03-11,3,20:00,18,1,S,1.0,18,false
2020-03-11,3,21:00,20,1,S,1.0,20,false
2020-03-11,3,22:00,22,1,S,1.0,22,false
2020-03-11,3,23:00,24,1,S,1.0,24,false
2020-03-12,3,20:00,18,1,S,1.0,18,false
2020-03-12,3,21:00,20,1,S,1.0,20,false
2020-03-12,3,22:00,22,2,S,0.9545454545454546,22,true
2020-03-12,3,23:00,24,2,S,0.9583333333333334,24,true
2020-03-13,3,20:00,18,2,S,0.5,18,true
2020-03-13,3,21:00,20,2,S,0.55,20,true
2020-03-13,3,22:00,22,2,S,0.5909090909090909,22,true
2020-03-13,3,23:00,24,2,S,0.625,24,true
2020-03-14,3,20:00,18,4,NE,0.5555555555555556,1,true
2020-03-14,3,21:00,20,4,NE,0.5,1,true
2020-03-14,3,22:00,22,4,N,0.45454545454545453,1,true
2020-03-14,3,23:00,24,4,N,0.5,1,true
2020-03-15,3,20:00,18,3,N,0.7222222222222222,0,true
2020-03-15,3,21:00,20,3,N,0.75,0,true
2020-03-15,3,22:00,22,3,N,0.7727272727272727,0,true
2020-03-15,3,23:00,24,3,N,0.7916666666666666,0,true
2020-03-16,3,20:00,18,1,N,1.0,0,false
2020-03-16,3,21:00,20,1,N,1.0,0,false
2020-03-16,3,22:00,22,1,N,1.0,0,false
2020-03-16,3,23:00,24,1,N,1.0,0,false
2020-03-17,3,20:00,18,1,S,1.0,18,false
2020-03-17,3,21:00,20,1,S,1.0,20,false
2020-03-17,3,22:00,22,1,S,1.0,22,false
2020-03-17,3,23:00,24,1,S,1.0,24,false
2020-03-18,3,20:00,18,2,S,0.8333333333333334,18,true
2020-03-18,3,21:00,20,3,S,0.75,19,true
2020-03-18,3,22:00,22,4,S,0.6818181818181818,20,true
2020-03-18,3,23:00,24,4,S,0.6666666666666666,22,true
2020-03-19,3,20:00,18,1,N,1.0,0,false
2020-03-19,3,21:00,20,1,N,1.0,0,false
2020-03-19,3,22:00,22,1,N,1.0,0,false
2020-03-19,3,23:00,24,1,N,1.0,0,false
2020-03-20,3,20:00,18,1,N,1.0,0,false
2020-03-20,3,21:00,20,1,N,1.0,0,false
2020-03-20,3,22:00,22,1,N,1.0,0,false
2020-03-20,3,23:00,24,2,N,0.9583333333333334,1,true
2020-03-21,3,20:00,18,5,SE,0.3333333333333333,15,true
2020-03-21,3,21:00,20,5,SE,0.3,15,true
2020-03-21,3,22:00,22,5,SE,0.2727272727272727,15,true
2020-03-21,3,23:00,24,5,N,0.2916666666666667,15,true
2020-03-22,3,20:00,18,2,N,0.7777777777777778,0,true
2020-03-22,3,21:00,20,2,N,0.8,0,true
2020-03-22,3,22:00,22,2,N,0.8181818181818182,0,true
2020-03-22,3,23:00,24,2,N,0.7916666666666666,0,true
2020-03-23,3,20:00,18,1,N,1.0,0,false
2020-03-23,3,21:00,20,1,N,1.0,0,false
2020-03-23,3,22:00,22,1,N,1.0,0,false
2020-03-23,3,23:00,24,1,N,1.0,0,false
2020-03-24,3,20:00,18,5,S,0.6666666666666666,15,true
2020-03-24,3,21:00,20,5,S,0.65,17,true
2020-03-24,3,22:00,22,5,S,0.5909090909090909,19,true
2020-03-24,3,23:00,24,5,S,0.5833333333333334,21,true
2020-03-25,3,20:00,18,3,N,0.6111111111111112,0,true
2020-03-25,3,21:00,20,3,N,0.65,0,true
2020-03-25,3,22:00,22,3,N,0.6363636363636364,0,true
2020-03-25,3,23:00,24,3,N,0.6666666666666666,0,true
2020-03-26,3,20:00,18,2,N,0.8888888888888888,0,true
2020-03-26,3,21:00,20,2,N,0.9,0,true
2020-03-26,3,22:00,22,2,N,0.9090909090909091,0,true
2020-03-26,3,23:00,24,2,N,0.9166666666666666,0,true
2020-03-27,3,20:00,18,1,N,1.0,0,false
2020-03-27,3,21:00,20,2,N,0.9,0,true
2020-03-27,3,22:00,22,2,N,0.8636363636363636,0,true
2020-03-27,3,23:00,24,2,N,0.7916666666666666,0,true
2020-03-28,3,20:00,18,2,S,0.9444444444444444,18,true
2020-03-28,3,21:00,20,2,S,0.95,20,true
2020-03-28,3,22:00,22,2,S,0.9545454545454546,22,true
2020-03-28,3,23:00,24,2,S,0.9583333333333334,24,true
2020-03-29,3,20:00,18,1,S,1.0,18,false
2020-03-29,3,21:00,20,1,S,1.0,20,false
2020-03-29,3,22:00,22,1,S,1.0,22,false
2020-03-29,3,23:00,24,2,S,0.9583333333333334,24,true
2020-03-30,3,20:00,18,4,S,0.5555555555555556,14,true
2020-03-30,3,21:00,20,5,S,0.55,15,true
2020-03-30,3,22:00,22,5,S,0.5909090909090909,17,true
2020-03-30,3,23:00,24,6,S,0.5833333333333334,19,true
2020-03-31,3,20:00,18,7,S,0.4444444444444444,12,true
2020-03-31,3,21:00,20,7,S,0.5,14,true
2020-03-31,3,22:00,22,7,S,0.5,16,true
2020-03-31,3,23:00,24,7,S,0.5,18,true
2020-04-01,4,20:00,18,3,NE,0.4444444444444444,5,true
2020-04-01,4,21:00,20,3,NE,0.4,5,true
2020-04-01,4,22:00,22,3,N,0.4090909090909091,5,true
2020-04-01,4,23:00,24,3,N,0.4583333333333333,5,true
2020-04-02,4,20:00,18,2,S,0.9444444444444444,18,true
2020-04-02,4,21:00,20,2,S,0.95,20,true
2020-04-02,4,22:00,22,2,S,0.9545454545454546,22,true
2020-04-02,4,23:00,24,2,S,0.9583333333333334,24,true
2020-04-03,4,20:00,18,1,S,1.0,18,false
2020-04-03,4,21:00,19,1,S,1.0,19,false
2020-04-03,4,22:00,20,1,S,1.0,20,false
2020-04-03,4,23:00,20,1,S,1.0,20,false
2020-04-04,4,20:00,18,5,S,0.5,14,true
2020-04-04,4,21:00,20,5,S,0.45,14,true
2020-04-04,4,22:00,22,5,S,0.45454545454545453,16,true
2020-04-04,4,23:00,24,5,S,0.5,18,true
2020-04-05,4,20:00,18,3,NE,0.5,0,true
2020-04-05,4,21:00,20,3,N,0.5,0,true
2020-04-05,4,22:00,22,3,N,0.5454545454545454,0,true
2020-04-05,4,23:00,24,3,N,0.5833333333333334,0,true
2020-04-06,4,20:00,16,2,N,0.5625,0,true
2020-04-06,4,21:00,18,2,N,0.6111111111111112,0,true
2020-04-06,4,22:00,20,2,N,0.65,0,true
2020-04-06,4,23:00,22,2,N,0.6818181818181818,0,true
2020-04-07,4,20:00,13,1,N,1.0,0,false
2020-04-07,4,21:00,15,1,N,1.0,0,false
2020-04-07,4,22:00,17,1,N,1.0,0,false
2020-04-07,4,23:00,19,1,N,1.0,0,false
2020-04-08,4,20:00,16,5,S,0.625,11,true
2020-04-08,4,21:00,18,5,S,0.6666666666666666,13,true
2020-04-08,4,22:00,20,5,S,0.7,15,true
2020-04-08,4,23:00,22,5,S,0.7272727272727273,17,true
2020-04-09,4,20:00,16,5,S,0.3125,10,true
2020-04-09,4,21:00,18,5,S,0.3888888888888889,12,true
2020-04-09,4,22:00,20,5,S,0.45,14,true
2020-04-09,4,23:00,22,5,S,0.5,16,true
2020-04-10,4,20:00,16,2,NE,0.75,0,true
2020-04-10,4,21:00,18,2,NE,0.7777777777777778,0,true
2020-04-10,4,22:00,20,2,NE,0.75,0,true
2020-04-10,4,23:00,22,3,NE,0.6818181818181818,0,true
2020-04-11,4,20:00,16,2,N,0.875,0,true
2020-04-11,4,21:00,18,2,N,0.8888888888888888,0,true
2020-04-11,4,22:00,20,2,N,0.8,0,true
2020-04-11,4,23:00,22,2,N,0.7727272727272727,0,true
2020-04-12,4,20:00,16,1,N,1.0,0,false
2020-04-12,4,21:00,18,1,N,1.0,0,false
2020-04-12,4,22:00,20,1,N,1.0,0,false
2020-04-12,4,23:00,22,1,N,1.0,0,false
2020-04-13,4,20:00,16,2,N,0.9375,0,true
2020-04-13,4,21:00,18,2,N,0.8333333333333334,0,true
2020-04-13,4,22:00,20,2,N,0.75,0,true
2020-04-13,4,23:00,22,2,N,0.6818181818181818,0,true
2020-04-14,4,20:00,16,4,W,0.4375,3,true
2020-04-14,4,21:00,18,4,W,0.4444444444444444,4,true
2020-04-14,4,22:00,20,4,W,0.4,6,true
2020-04-14,4,23:00,22,5,W,0.36363636363636365,8,true
2020-04-15,4,20:00,16,2,S,0.9375,16,true
2020-04-15,4,21:00,18,2,S,0.9444444444444444,18,true
2020-04-15,4,22:00,20,2,S,0.95,20,true
2020-04-15,4,23:00,22,2,S,0.9545454545454546,22,true
2020-04-16,4,20:00,16,2,N,0.5,0,true
2020-04-16,4,21:00,18,2,N,0.5555555555555556,0,true
2020-04-16,4,22:00,20,2,N,0.6,0,true
2020-04-16,4,23:00,22,2,N,0.6363636363636364,0,true
2020-04-17,4,20:00,16,1,N,1.0,0,false
2020-04-17,4,21:00,18,1,N,1.0,0,false
2020-04-17,4,22:00,20,1,N,1.0,0,false
2020-04-17,4,23:00,22,1,N,1.0,0,false
2020-04-18,4,20:00,16,2,N,0.9375,0,true
2020-04-18,4,21:00,18,2,N,0.9444444444444444,0,true
2020-04-18,4,22:00,20,2,N,0.95,0,true
2020-04-18,4,23:00,22,2,N,0.9090909090909091,0,true
2020-04-19,4,20:00,16,2,N,0.8125,0,true
2020-04-19,4,21:00,18,2,N,0.8333333333333334,0,true
2020-04-19,4,22:00,20,2,N,0.8,0,true
2020-04-19,4,23:00,22,2,N,0.8181818181818182,0,true
2020-04-20,4,20:00,16,2,N,0.625,0,true
2020-04-20,4,21:00,18,2,N,0.6111111111111112,0,true
2020-04-20,4,22:00,20,2,N,0.65,0,true
2020-04-20,4,23:00,22,2,N,0.6818181818181818,0,true
2020-04-21,4,20:00,16,3,NE,0.4375,0,true
2020-04-21,4,21:00,18,3,NE,0.3888888888888889,0,true
2020-04-21,4,22:00,20,3,N,0.35,0,true
2020-04-21,4,23:00,22,3,NE,0.4090909090909091,0,true
2020-04-22,4,20:00,16,2,N,0.625,0,true
2020-04-22,4,21:00,18,2,N,0.6666666666666666,0,true
2020-04-22,4,22:00,20,2,N,0.7,0,true
2020-04-22,4,23:00,22,2,N,0.7272727272727273,0,true
2020-04-23,4,20:00,16,1,N,1.0,0,false
2020-04-23,4,21:00,18,1,N,1.0,0,false
2020-04-23,4,22:00,20,1,N,1.0,0,false
2020-04-23,4,23:00,22,1,N,1.0,0,false
2020-04-24,4,20:00,16,1,N,1.0,0,false
2020-04-24,4,21:00,18,1,N,1.0,0,false
2020-04-24,4,22:00,20,1,N,1.0,0,false
2020-04-24,4,23:00,22,1,N,1.0,0,false
2020-04-25,4,20:00,16,2,N,0.9375,0,true
2020-04-25,4,21:00,18,2,N,0.9444444444444444,0,true
2020-04-25,4,22:00,20,2,N,0.95,0,true
2020-04-25,4,23:00,22,2,N,0.9545454545454546,0,true
2020-04-26,4,20:00,16,4,S,0.375,12,true
2020-04-26,4,21:00,18,5,S,0.3333333333333333,12,true
2020-04-26,4,22:00,20,6,S,0.3,12,true
2020-04-26,4,23:00,22,6,N,0.2727272727272727,12,true
2020-04-27,4,20:00,16,1,N,1.0,0,false
2020-04-27,4,21:00,18,1,N,1.0,0,false
2020-04-27,4,22:00,20,1,N,1.0,0,false
2020-04-27,4,23:00,22,1,N,1.0,0,false
2020-04-28,4,20:00,16,5,N,0.3125,1,true
2020-04-28,4,21:00,18,5,N,0.3888888888888889,1,true
2020-04-28,4,22:00,20,5,N,0.45,1,true
2020-04-28,4,23:00,22,5,N,0.5,1,true
2020-04-29,4,20:00,16,2,N,0.5,0,true
2020-04-29,4,21:00,18,2,NE,0.5555555555555556,0,true
2020-04-29,4,22:00,20,2,N,0.5,0,true
2020-04-29,4,23:00,22,2,N,0.5454545454545454,0,true
2020-04-30,4,20:00,16,1,N,1.0,0,false
2020-04-30,4,21:00,18,1,N,1.0,0,false
2020-04-30,4,22:00,20,1,N,1.0,0,false
2020-04-30,4,23:00,22,1,N,1.0,0,false
2020-05-01,5,20:00,16,1,N,1.0,0,false
2020-05-01,5,21:00,18,1,N,1.0,0,false
2020-05-01,5,22:00,20,1,N,1.0,0,false
2020-05-01,5,23:00,22,1,N,1.0,0,false
2020-05-02,5,20:00,16,1,N,1.0,0,false
2020-05-02,5,21:00,18,1,N,1.0,0,false
2020-05-02,5,22:00,20,1,N,1.0,0,false
2020-05-02,5,23:00,22,1,N,1.0,0,false
2020-05-03,5,20:00,16,1,N,1.0,0,false
2020-05-03,5,21:00,18,1,N,1.0,0,false
2020-05-03,5,22:00,20,1,N,1.0,0,false
2020-05-03,5,23:00,22,1,N,1.0,0,false
2020-05-04,5,20:00,16,1,N,1.0,0,false
2020-05-04,5,21:00,18,1,N,1.0,0,false
2020-05-04,5,22:00,20,1,N,1.0,0,false
2020-05-04,5,23:00,22,1,N,1.0,0,false
2020-05-05,5,20:00,16,5,N,0.25,8,true
2020-05-05,5,21:00,18,5,S,0.3333333333333333,10,true
2020-05-05,5,22:00,20,5,S,0.4,12,true
2020-05-05,5,23:00,22,5,S,0.45454545454545453,14,true
2020-05-06,5,20:00,16,1,S,1.0,16,false
2020-05-06,5,21:00,18,1,S,1.0,18,false
2020-05-06,5,22:00,20,1,S,1.0,20,false
2020-05-06,5,23:00,22,2,S,0.9545454545454546,22,true
2020-05-07,5,20:00,16,2,N,0.9375,0,true
2020-05-07,5,21:00,18,2,N,0.8888888888888888,0,true
2020-05-07,5,22:00,20,2,N,0.9,0,true
2020-05-07,5,23:00,22,2,N,0.9090909090909091,0,true
2020-05-08,5,20:00,16,2,N,0.8125,0,true
2020-05-08,5,21:00,18,2,N,0.8333333333333334,0,true
2020-05-08,5,22:00,20,2,N,0.85,0,true
2020-05-08,5,23:00,22,2,N,0.8636363636363636,0,true
2020-05-09,5,20:00,16,3,NE,0.5,0,true
2020-05-09,5,21:00,18,3,N,0.5,0,true
2020-05-09,5,22:00,20,3,N,0.55,0,true
2020-05-09,5,23:00,22,3,N,0.5909090909090909,0,true
2020-05-10,5,20:00,16,2,NE,0.9375,0,true
2020-05-10,5,21:00,18,2,NE,0.8333333333333334,0,true
2020-05-10,5,22:00,20,2,NE,0.75,0,true
2020-05-10,5,23:00,22,2,NE,0.6818181818181818,0,true
2020-05-11,5,20:00,16,1,N,1.0,0,false
2020-05-11,5,21:00,18,1,N,1.0,0,false
2020-05-11,5,22:00,20,1,N,1.0,0,false
2020-05-11,5,23:00,22,1,N,1.0,0,false
2020-05-12,5,20:00,16,3,N,0.5625,0,true
2020-05-12,5,21:00,18,3,N,0.5555555555555556,0,true
2020-05-12,5,22:00,20,3,N,0.6,0,true
2020-05-12,5,23:00,22,3,N,0.6363636363636364,0,true
2020-05-13,5,20:00,16,3,NE,0.6875,0,true
2020-05-13,5,21:00,18,3,NE,0.6666666666666666,0,true
2020-05-13,5,22:00,20,3,NE,0.65,0,true
2020-05-13,5,23:00,22,3,NE,0.6363636363636364,0,true
2020-05-14,5,20:00,16,2,NE,0.6875,0,true
2020-05-14,5,21:00,18,2,NE,0.6111111111111112,0,true
2020-05-14,5,22:00,20,2,NE,0.55,0,true
2020-05-14,5,23:00,22,2,NE,0.5454545454545454,0,true
2020-05-15,5,20:00,16,2,N,0.875,0,true
2020-05-15,5,21:00,18,2,N,0.8333333333333334,0,true
2020-05-15,5,22:00,20,2,N,0.85,0,true
2020-05-15,5,23:00,22,3,N,0.8181818181818182,1,true
2020-05-16,5,20:00,16,1,S,1.0,16,false
2020-05-16,5,21:00,18,1,S,1.0,18,false
2020-05-16,5,22:00,20,1,S,1.0,20,false
2020-05-16,5,23:00,22,1,S,1.0,22,false
2020-05-17,5,20:00,16,1,S,1.0,16,false
2020-05-17,5,21:00,18,1,S,1.0,18,false
2020-05-17,5,22:00,20,1,S,1.0,20,false
2020-05-17,5,23:00,22,1,S,1.0,22,false
2020-05-18,5,20:00,16,3,NE,0.8125,0,true
2020-05-18,5,21:00,18,3,NE,0.7777777777777778,0,true
2020-05-18,5,22:00,20,3,NE,0.7,0,true
2020-05-18,5,23:00,22,3,NE,0.6363636363636364,0,true
2020-05-19,5,20:00,16,1,S,1.0,16,false
2020-05-19,5,21:00,18,2,S,0.9444444444444444,18,true
2020-05-19,5,22:00,20,2,S,0.95,20,true
2020-05-19,5,23:00,22,2,S,0.9090909090909091,22,true
2020-05-20,5,20:00,16,2,NE,0.5625,0,true
2020-05-20,5,21:00,18,2,N,0.5,0,true
2020-05-20,5,22:00,20,2,N,0.55,0,true
2020-05-20,5,23:00,22,2,N,0.5909090909090909,0,true
2020-05-21,5,20:00,16,2,N,0.75,0,true
2020-05-21,5,21:00,18,2,N,0.7777777777777778,0,true
2020-05-21,5,22:00,20,2,N,0.8,0,true
2020-05-21,5,23:00,22,2,N,0.8181818181818182,0,true
2020-05-22,5,20:00,16,1,N,1.0,0,false
2020-05-22,5,21:00,18,1,N,1.0,0,false
2020-05-22,5,22:00,20,1,N,1.0,0,false
2020-05-22,5,23:00,22,1,N,1.0,0,false
2020-05-23,5,20:00,16,2,N,0.875,0,true
2020-05-23,5,21:00,18,2,N,0.8888888888888888,0,true
2020-05-23,5,22:00,20,2,N,0.85,0,true
2020-05-23,5,23:00,22,4,N,0.7727272727272727,1,true
2020-05-24,5,20:00,16,2,NE,0.6875,0,true
2020-05-24,5,21:00,18,2,NE,0.6666666666666666,0,true
2020-05-24,5,22:00,20,2,NE,0.65,0,true
2020-05-24,5,23:00,22,2,NE,0.6363636363636364,0,true
2020-05-25,5,20:00,16,6,S,0.4375,10,true
2020-05-25,5,21:00,18,6,S,0.5,12,true
2020-05-25,5,22:00,20,6,S,0.55,14,true
2020-05-25,5,23:00,22,6,S,0.5909090909090909,16,true
2020-05-26,5,20:00,16,1,S,1.0,16,false
2020-05-26,5,21:00,18,1,S,1.0,18,false
2020-05-26,5,22:00,20,1,S,1.0,20,false
2020-05-26,5,23:00,22,1,S,1.0,22,false
2020-05-27,5,20:00,16,2,S,0.6875,16,true
2020-05-27,5,21:00,18,2,S,0.7222222222222222,18,true
2020-05-27,5,22:00,20,2,S,0.75,20,true
2020-05-27,5,23:00,22,2,S,0.7727272727272727,22,true
2020-05-28,5,20:00,16,4,SE,0.75,13,true
2020-05-28,5,21:00,18,5,SE,0.6666666666666666,13,true
2020-05-28,5,22:00,20,5,SE,0.6,13,true
2020-05-28,5,23:00,22,6,SE,0.5454545454545454,13,true
2020-05-29,5,20:00,16,2,NE,0.75,0,true
2020-05-29,5,21:00,18,2,NE,0.6666666666666666,0,true
2020-05-29,5,22:00,20,2,NE,0.65,0,true
2020-05-29,5,23:00,22,2,NE,0.6363636363636364,0,true
2020-05-30,5,20:00,16,1,S,1.0,16,false
2020-05-30,5,21:00,18,1,S,1.0,18,false
2020-05-30,5,22:00,20,1,S,1.0,20,false
2020-05-30,5,23:00,22,1,S,1.0,22,false
2020-05-31,5,20:00,16,2,SE,0.9375,16,true
2020-05-31,5,21:00,18,2,SE,0.9444444444444444,18,true
2020-05-31,5,22:00,20,2,SE,0.9,20,true
2020-05-31,5,23:00,22,3,SE,0.8181818181818182,21,true
2020-06-01,6,20:00,16,6,S,0.3125,10,true
2020-06-01,6,21:00,18,6,S,0.3333333333333333,12,true
2020-06-01,6,22:00,20,6,S,0.35,14,true
2020-06-01,6,23:00,22,6,S,0.4090909090909091,16,true
2020-06-02,6,20:00,16,2,SW,0.625,16,true
2020-06-02,6,21:00,18,2,SW,0.6666666666666666,18,true
2020-06-02,6,22:00,20,2,SW,0.7,20,true
2020-06-02,6,23:00,22,2,SW,0.6363636363636364,22,true
2020-06-03,6,20:00,16,1,N,1.0,0,false
2020-06-03,6,21:00,18,1,N,1.0,0,false
2020-06-03,6,22:00,20,2,N,0.95,0,true
2020-06-03,6,23:00,22,2,N,0.9545454545454546,0,true
2020-06-04,6,20:00,16,2,N,0.5625,0,true
2020-06-04,6,21:00,18,2,N,0.6111111111111112,0,true
2020-06-04,6,22:00,20,2,N,0.65,0,true
2020-06-04,6,23:00,22,2,N,0.6818181818181818,0,true
2020-06-05,6,20:00,16,1,S,1.0,16,false
2020-06-05,6,21:00,18,1,S,1.0,18,false
2020-06-05,6,22:00,20,1,S,1.0,20,false
2020-06-05,6,23:00,22,1,S,1.0,22,false
2020-06-06,6,20:00,16,2,N,0.75,0,true
2020-06-06,6,21:00,18,2,N,0.7777777777777778,0,true
2020-06-06,6,22:00,20,2,N,0.8,0,true
2020-06-06,6,23:00,22,2,N,0.8181818181818182,0,true
2020-06-07,6,20:00,16,4,S,0.75,13,true
2020-06-07,6,21:00,18,4,S,0.6666666666666666,13,true
2020-06-07,6,22:00,20,4,S,0.6,13,true
2020-06-07,6,23:00,22,4,S,0.5454545454545454,13,true
2020-06-08,6,20:00,16,2,N,0.625,0,true
2020-06-08,6,21:00,18,2,N,0.6666666666666666,0,true
2020-06-08,6,22:00,20,2,N,0.7,0,true
2020-06-08,6,23:00,22,2,N,0.7272727272727273,0,true
2020-06-09,6,20:00,16,2,N,0.75,0,true
2020-06-09,6,21:00,18,2,N,0.7777777777777778,0,true
2020-06-09,6,22:00,20,2,N,0.8,0,true
2020-06-09,6,23:00,22,2,N,0.8181818181818182,0,true
2020-06-10,6,20:00,16,2,N,0.75,0,true
2020-06-10,6,21:00,18,2,N,0.7222222222222222,0,true
2020-06-10,6,22:00,20,2,N,0.75,0,true
2020-06-10,6,23:00,22,2,N,0.7727272727272727,0,true
2020-06-11,6,20:00,16,2,N,0.875,0,true
2020-06-11,6,21:00,18,2,N,0.8888888888888888,0,true
2020-06-11,6,22:00,20,2,N,0.9,0,true
2020-06-11,6,23:00,22,2,N,0.9090909090909091,0,true
2020-06-12,6,20:00,16,2,N,0.75,0,true
2020-06-12,6,21:00,18,2,N,0.7777777777777778,0,true
2020-06-12,6,22:00,20,2,N,0.7,0,true
2020-06-12,6,23:00,22,2,N,0.6363636363636364,0,true
2020-06-13,6,20:00,16,2,S,0.8125,16,true
2020-06-13,6,21:00,18,2,S,0.8333333333333334,18,true
2020-06-13,6,22:00,20,2,S,0.85,20,true
2020-06-13,6,23:00,22,2,S,0.8181818181818182,22,true
2020-06-14,6,20:00,16,4,N,0.375,0,true
2020-06-14,6,21:00,18,4,N,0.3333333333333333,0,true
2020-06-14,6,22:00,20,4,NE,0.4,0,true
2020-06-14,6,23:00,22,4,NE,0.4090909090909091,0,true
2020-06-15,6,20:00,16,3,N,0.6875,0,true
2020-06-15,6,21:00,18,3,N,0.7222222222222222,0,true
2020-06-15,6,22:00,20,3,N,0.75,0,true
2020-06-15,6,23:00,22,3,N,0.7727272727272727,0,true
2020-06-16,6,20:00,16,1,N,1.0,0,false
2020-06-16,6,21:00,18,1,N,1.0,0,false
2020-06-16,6,22:00,20,1,N,1.0,0,false
2020-06-16,6,23:00,22,1,N,1.0,0,false
2020-06-17,6,20:00,16,2,N,0.8125,0,true
2020-06-17,6,21:00,18,2,N,0.8333333333333334,0,true
2020-06-17,6,22:00,20,2,N,0.85,0,true
2020-06-17,6,23:00,22,2,N,0.8636363636363636,0,true
2020-06-18,6,20:00,16,4,N,0.75,3,true
2020-06-18,6,21:00,18,4,N,0.6666666666666666,5,true
2020-06-18,6,22:00,20,4,N,0.6,7,true
2020-06-18,6,23:00,22,4,N,0.5454545454545454,9,true
2020-06-19,6,20:00,16,1,S,1.0,16,false
2020-06-19,6,21:00,18,1,S,1.0,18,false
2020-06-19,6,22:00,20,1,S,1.0,20,false
2020-06-19,6,23:00,22,1,S,1.0,22,false
2020-06-20,6,20:00,16,1,S,1.0,16,false
2020-06-20,6,21:00,18,1,S,1.0,18,false
2020-06-20,6,22:00,20,1,S,1.0,20,false
2020-06-20,6,23:00,22,1,S,1.0,22,false
2020-06-21,6,20:00,16,1,S,1.0,16,false
2020-06-21,6,21:00,18,2,S,0.9444444444444444,18,true
2020-06-21,6,22:00,20,2,S,0.95,20,true
2020-06-21,6,23:00,22,2,S,0.9545454545454546,22,true
2020-06-22,6,20:00,16,4,S,0.5,15,true
2020-06-22,6,21:00,18,4,S,0.5555555555555556,17,true
2020-06-22,6,22:00,20,4,S,0.5,19,true
2020-06-22,6,23:00,22,4,S,0.45454545454545453,21,true
2020-06-23,6,20:00,16,3,N,0.875,0,true
2020-06-23,6,21:00,18,3,N,0.8888888888888888,0,true
2020-06-23,6,22:00,20,3,N,0.9,0,true
2020-06-23,6,23:00,22,3,N,0.9090909090909091,0,true
2020-06-24,6,20:00,16,2,NE,0.5625,0,true
2020-06-24,6,21:00,18,2,NE,0.5555555555555556,0,true
2020-06-24,6,22:00,20,4,NE,0.5,1,true
2020-06-24,6,23:00,22,4,NE,0.45454545454545453,3,true
2020-06-25,6,20:00,16,2,SE,0.9375,16,true
2020-06-25,6,21:00,18,2,SE,0.9444444444444444,18,true
2020-06-25,6,22:00,20,2,SE,0.95,20,true
2020-06-25,6,23:00,22,2,SE,0.9545454545454546,22,true
2020-06-26,6,20:00,16,3,SE,0.4375,10,true
2020-06-26,6,21:00,18,3,SE,0.5,12,true
2020-06-26,6,22:00,20,3,SE,0.5,14,true
2020-06-26,6,23:00,22,3,SE,0.45454545454545453,16,true
2020-06-27,6,20:00,16,2,NE,0.9375,0,true
2020-06-27,6,21:00,18,2,NE,0.9444444444444444,0,true
2020-06-27,6,22:00,20,2,NE,0.95,0,true
2020-06-27,6,23:00,22,3,NE,0.9090909090909091,0,true
2020-06-28,6,20:00,16,4,N,0.375,0,true
2020-06-28,6,21:00,18,4,N,0.4444444444444444,0,true
2020-06-28,6,22:00,20,4,N,0.5,0,true
2020-06-28,6,23:00,22,4,N,0.5454545454545454,0,true
2020-06-29,6,20:00,16,2,N,0.75,0,true
2020-06-29,6,21:00,18,3,N,0.7222222222222222,0,true
2020-06-29,6,22:00,20,5,N,0.65,2,true
2020-06-29,6,23:00,22,5,N,0.5909090909090909,4,true
2020-06-30,6,20:00,16,1,S,1.0,16,false
2020-06-30,6,21:00,18,1,S,1.0,18,false
2020-06-30,6,22:00,20,1,S,1.0,20,false
2020-06-30,6,23:00,22,1,S,1.0,22,false
2020-07-01,7,20:00,16,1,S,1.0,16,false
2020-07-01,7,21:00,18,1,S,1.0,18,false
2020-07-01,7,22:00,20,1,S,1.0,20,false
2020-07-01,7,23:00,22,1,S,1.0,22,false
2020-07-02,7,20:00,16,2,S,0.5,16,true
2020-07-02,7,21:00,18,2,S,0.5555555555555556,18,true
2020-07-02,7,22:00,20,2,S,0.6,20,true
2020-07-02,7,23:00,22,2,S,0.6363636363636364,22,true
2020-07-03,7,20:00,16,2,S,0.9375,16,true
2020-07-03,7,21:00,18,2,S,0.9444444444444444,18,true
2020-07-03,7,22:00,20,3,S,0.85,18,true
2020-07-03,7,23:00,22,3,S,0.7727272727272727,18,true
2020-07-04,7,20:00,16,2,N,0.5,0,true
2020-07-04,7,21:00,18,2,NE,0.5555555555555556,0,true
2020-07-04,7,22:00,20,2,N,0.5,0,true
2020-07-04,7,23:00,22,2,N,0.5454545454545454,0,true
2020-07-05,7,20:00,16,2,N,0.75,0,true
2020-07-05,7,21:00,18,2,N,0.7777777777777778,0,true
2020-07-05,7,22:00,20,2,N,0.8,0,true
2020-07-05,7,23:00,22,2,N,0.8181818181818182,0,true
2020-07-06,7,20:00,16,3,N,0.8125,0,true
2020-07-06,7,21:00,18,3,N,0.8333333333333334,0,true
2020-07-06,7,22:00,20,3,N,0.85,0,true
2020-07-06,7,23:00,22,3,N,0.8636363636363636,0,true
2020-07-07,7,20:00,16,3,N,0.75,0,true
2020-07-07,7,21:00,18,3,N,0.7777777777777778,0,true
2020-07-07,7,22:00,20,3,N,0.8,0,true
2020-07-07,7,23:00,22,4,N,0.7727272727272727,0,true
2020-07-08,7,20:00,16,6,SE,0.4375,8,true
2020-07-08,7,21:00,18,6,SE,0.5,10,true
2020-07-08,7,22:00,20,7,SE,0.5,12,true
2020-07-08,7,23:00,22,7,SE,0.45454545454545453,14,true
2020-07-09,7,20:00,16,2,SW,0.5625,16,true
2020-07-09,7,21:00,18,2,SW,0.6111111111111112,18,true
2020-07-09,7,22:00,20,2,SW,0.65,20,true
2020-07-09,7,23:00,22,2,SW,0.5909090909090909,22,true
2020-07-10,7,20:00,16,5,N,0.375,1,true
2020-07-10,7,21:00,18,6,N,0.3888888888888889,1,true
2020-07-10,7,22:00,20,6,N,0.45,1,true
2020-07-10,7,23:00,22,6,N,0.5,1,true
2020-07-11,7,20:00,16,2,N,0.625,0,true
2020-07-11,7,21:00,18,2,N,0.5555555555555556,0,true
2020-07-11,7,22:00,20,2,N,0.5,0,true
2020-07-11,7,23:00,22,2,NE,0.5454545454545454,0,true
2020-07-12,7,20:00,16,1,N,1.0,0,false
2020-07-12,7,21:00,18,1,N,1.0,0,false
2020-07-12,7,22:00,20,2,N,0.95,0,true
2020-07-12,7,23:00,22,2,N,0.9545454545454546,0,true
2020-07-13,7,20:00,16,3,S,0.75,12,true
2020-07-13,7,21:00,18,4,S,0.6666666666666666,14,true
2020-07-13,7,22:00,20,4,S,0.65,16,true
2020-07-13,7,23:00,22,4,S,0.6818181818181818,18,true
2020-07-14,7,20:00,16,3,NE,0.5,0,true
2020-07-14,7,21:00,18,3,NE,0.5,0,true
2020-07-14,7,22:00,20,3,NE,0.55,0,true
2020-07-14,7,23:00,22,3,NE,0.5454545454545454,0,true
2020-07-15,7,20:00,16,6,S,0.375,7,true
2020-07-15,7,21:00,18,6,S,0.4444444444444444,9,true
2020-07-15,7,22:00,20,6,S,0.5,11,true
2020-07-15,7,23:00,22,6,S,0.5454545454545454,13,true
2020-07-16,7,20:00,16,2,SE,0.9375,15,true
2020-07-16,7,21:00,18,2,SE,0.9444444444444444,17,true
2020-07-16,7,22:00,20,2,SE,0.95,19,true
2020-07-16,7,23:00,22,2,SE,0.9545454545454546,21,true
2020-07-17,7,20:00,16,1,SE,1.0,16,false
2020-07-17,7,21:00,18,1,SE,1.0,18,false
2020-07-17,7,22:00,20,2,SE,0.95,20,true
2020-07-17,7,23:00,22,2,SE,0.9090909090909091,22,true
2020-07-18,7,20:00,16,5,SE,0.5,8,true
2020-07-18,7,21:00,18,5,SE,0.5555555555555556,10,true
2020-07-18,7,22:00,20,5,SE,0.6,12,true
2020-07-18,7,23:00,22,5,SE,0.6363636363636364,14,true
2020-07-19,7,20:00,16,5,E,0.375,3,true
2020-07-19,7,21:00,18,6,E,0.3333333333333333,4,true
2020-07-19,7,22:00,20,6,N,0.35,4,true
2020-07-19,7,23:00,22,7,N,0.3181818181818182,5,true
2020-07-20,7,20:00,16,2,N,0.75,0,true
2020-07-20,7,21:00,18,2,N,0.7777777777777778,0,true
2020-07-20,7,22:00,20,2,N,0.8,0,true
2020-07-20,7,23:00,22,2,N,0.8181818181818182,0,true
2020-07-21,7,20:00,16,2,N,0.9375,0,true
2020-07-21,7,21:00,18,2,N,0.9444444444444444,0,true
2020-07-21,7,22:00,20,2,N,0.95,0,true
2020-07-21,7,23:00,22,2,N,0.9545454545454546,0,true
2020-07-22,7,20:00,16,4,N,0.375,1,true
2020-07-22,7,21:00,18,5,N,0.3333333333333333,3,true
2020-07-22,7,22:00,20,5,N,0.3,5,true
2020-07-22,7,23:00,22,5,N,0.2727272727272727,7,true
2020-07-23,7,20:00,16,2,N,0.875,0,true
2020-07-23,7,21:00,18,2,N,0.8333333333333334,0,true
2020-07-23,7,22:00,20,2,N,0.85,0,true
2020-07-23,7,23:00,22,3,N,0.8181818181818182,0,true
2020-07-24,7,20:00,16,3,N,0.5625,0,true
2020-07-24,7,21:00,18,4,N,0.5,0,true
2020-07-24,7,22:00,20,4,N,0.45,0,true
2020-07-24,7,23:00,22,4,N,0.4090909090909091,0,true
2020-07-25,7,20:00,16,3,N,0.5625,0,true
2020-07-25,7,21:00,18,3,N,0.5555555555555556,0,true
2020-07-25,7,22:00,20,3,N,0.6,0,true
2020-07-25,7,23:00,22,3,N,0.6363636363636364,0,true
2020-07-26,7,20:00,16,2,NE,0.625,0,true
2020-07-26,7,21:00,18,2,NE,0.6666666666666666,0,true
2020-07-26,7,22:00,20,2,NE,0.65,0,true
2020-07-26,7,23:00,22,2,NE,0.5909090909090909,0,true
2020-07-27,7,20:00,16,2,N,0.5625,0,true
2020-07-27,7,21:00,18,2,N,0.5555555555555556,0,true
2020-07-27,7,22:00,20,2,N,0.6,0,true
2020-07-27,7,23:00,22,2,N,0.6363636363636364,0,true
2020-07-28,7,20:00,16,2,N,0.875,0,true
2020-07-28,7,21:00,18,2,N,0.8333333333333334,0,true
2020-07-28,7,22:00,20,2,N,0.85,0,true
2020-07-28,7,23:00,22,2,N,0.8181818181818182,0,true
2020-07-29,7,20:00,16,4,N,0.4375,0,true
2020-07-29,7,21:00,18,4,N,0.4444444444444444,0,true
2020-07-29,7,22:00,20,4,N,0.45,0,true
2020-07-29,7,23:00,22,4,N,0.5,0,true
2020-07-30,7,20:00,16,3,N,0.625,0,true
2020-07-30,7,21:00,18,3,N,0.5555555555555556,0,true
2020-07-30,7,22:00,20,3,N,0.6,0,true
2020-07-30,7,23:00,22,3,N,0.6363636363636364,0,true
2020-07-31,7,20:00,16,2,N,0.9375,0,true
2020-07-31,7,21:00,18,2,N,0.8888888888888888,0,true
2020-07-31,7,22:00,20,2,N,0.8,0,true
2020-07-31,7,23:00,22,2,N,0.7272727272727273,0,true
2020-08-01,8,20:00,16,1,N,1.0,0,false
2020-08-01,8,21:00,18,1,N,1.0,0,false
2020-08-01,8,22:00,20,2,N,0.95,0,true
2020-08-01,8,23:00,22,2,N,0.9090909090909091,0,true
2020-08-02,8,20:00,16,2,N,0.8125,0,true
2020-08-02,8,21:00,18,3,N,0.7777777777777778,0,true
2020-08-02,8,22:00,20,3,N,0.75,0,true
2020-08-02,8,23:00,22,3,N,0.7727272727272727,0,true
2020-08-03,8,20:00,16,2,N,0.6875,0,true
2020-08-03,8,21:00,18,2,N,0.7222222222222222,0,true
2020-08-03,8,22:00,20,2,N,0.7,0,true
2020-08-03,8,23:00,22,2,N,0.7272727272727273,0,true
2020-08-04,8,20:00,16,2,N,0.5625,0,true
2020-08-04,8,21:00,18,2,N,0.6111111111111112,0,true
2020-08-04,8,22:00,20,2,N,0.65,0,true
2020-08-04,8,23:00,22,2,N,0.6818181818181818,0,true
2020-08-05,8,20:00,16,1,N,1.0,0,false
2020-08-05,8,21:00,18,1,N,1.0,0,false
2020-08-05,8,22:00,20,1,N,1.0,0,false
2020-08-05,8,23:00,22,2,N,0.9545454545454546,0,true
2020-08-06,8,20:00,16,2,N,0.875,0,true
2020-08-06,8,21:00,18,2,N,0.8333333333333334,0,true
2020-08-06,8,22:00,20,2,N,0.8,0,true
2020-08-06,8,23:00,22,2,N,0.7727272727272727,0,true
2020-08-07,8,20:00,16,1,N,1.0,0,false
2020-08-07,8,21:00,18,1,N,1.0,0,false
2020-08-07,8,22:00,20,1,N,1.0,0,false
2020-08-07,8,23:00,22,1,N,1.0,0,false
2020-08-08,8,20:00,16,4,S,0.8125,14,true
2020-08-08,8,21:00,18,4,S,0.8333333333333334,16,true
2020-08-08,8,22:00,20,4,S,0.85,18,true
2020-08-08,8,23:00,22,4,S,0.8636363636363636,20,true
2020-08-09,8,20:00,16,2,N,0.5,0,true
2020-08-09,8,21:00,18,2,N,0.5,0,true
2020-08-09,8,22:00,20,2,NE,0.55,0,true
2020-08-09,8,23:00,22,2,N,0.5,0,true
2020-08-10,8,20:00,16,2,N,0.6875,0,true
2020-08-10,8,21:00,18,2,N,0.7222222222222222,0,true
2020-08-10,8,22:00,20,2,N,0.65,0,true
2020-08-10,8,23:00,22,2,N,0.6363636363636364,0,true
2020-08-11,8,20:00,15,2,N,0.9333333333333333,0,true
2020-08-11,8,21:00,17,2,N,0.8823529411764706,0,true
2020-08-11,8,22:00,19,2,N,0.8947368421052632,0,true
2020-08-11,8,23:00,21,2,N,0.9047619047619048,0,true
2020-08-12,8,20:00,16,1,S,1.0,16,false
2020-08-12,8,21:00,18,1,S,1.0,18,false
2020-08-12,8,22:00,20,1,S,1.0,20,false
2020-08-12,8,23:00,22,1,S,1.0,22,false
2020-08-13,8,20:00,16,2,N,0.6875,0,true
2020-08-13,8,21:00,18,2,N,0.6666666666666666,0,true
2020-08-13,8,22:00,20,2,N,0.65,0,true
2020-08-13,8,23:00,22,2,N,0.6818181818181818,0,true
2020-08-14,8,20:00,16,1,SE,1.0,16,false
2020-08-14,8,21:00,18,1,SE,1.0,18,false
2020-08-14,8,22:00,20,1,SE,1.0,20,false
2020-08-14,8,23:00,22,1,SE,1.0,22,false
2020-08-15,8,20:00,16,3,N,0.4375,0,true
2020-08-15,8,21:00,18,3,N,0.3888888888888889,0,true
2020-08-15,8,22:00,20,3,N,0.45,0,true
2020-08-15,8,23:00,22,3,N,0.5,0,true
2020-08-16,8,20:00,16,2,S,0.625,16,true
2020-08-16,8,21:00,18,2,S,0.6666666666666666,18,true
2020-08-16,8,22:00,20,2,S,0.7,20,true
2020-08-16,8,23:00,22,2,S,0.7272727272727273,22,true
2020-08-17,8,20:00,16,3,NE,0.6875,0,true
2020-08-17,8,21:00,18,3,NE,0.7222222222222222,0,true
2020-08-17,8,22:00,20,3,NE,0.65,0,true
2020-08-17,8,23:00,22,3,NE,0.5909090909090909,0,true
2020-08-18,8,20:00,16,2,NE,0.75,0,true
2020-08-18,8,21:00,18,2,NE,0.7222222222222222,0,true
2020-08-18,8,22:00,20,2,NE,0.65,0,true
2020-08-18,8,23:00,22,2,NE,0.5909090909090909,0,true
2020-08-19,8,20:00,16,3,N,0.75,0,true
2020-08-19,8,21:00,18,3,N,0.7777777777777778,0,true
2020-08-19,8,22:00,20,3,N,0.8,0,true
2020-08-19,8,23:00,22,3,N,0.8181818181818182,0,true
2020-08-20,8,20:00,16,2,N,0.875,0,true
2020-08-20,8,21:00,18,2,N,0.8888888888888888,0,true
2020-08-20,8,22:00,20,2,N,0.9,0,true
2020-08-20,8,23:00,22,2,N,0.9090909090909091,0,true
2020-08-21,8,20:00,16,2,N,0.9375,0,true
2020-08-21,8,21:00,18,2,N,0.9444444444444444,0,true
2020-08-21,8,22:00,20,2,N,0.95,0,true
2020-08-21,8,23:00,22,2,N,0.9090909090909091,0,true
2020-08-22,8,20:00,16,3,N,0.5625,0,true
2020-08-22,8,21:00,18,3,N,0.6111111111111112,0,true
2020-08-22,8,22:00,20,3,N,0.65,0,true
2020-08-22,8,23:00,22,3,N,0.6363636363636364,0,true
2020-08-23,8,20:00,16,3,N,0.6875,0,true
2020-08-23,8,21:00,18,3,N,0.6666666666666666,0,true
2020-08-23,8,22:00,20,3,N,0.7,0,true
2020-08-23,8,23:00,22,3,N,0.6818181818181818,0,true
2020-08-24,8,20:00,16,3,N,0.6875,0,true
2020-08-24,8,21:00,18,3,N,0.6666666666666666,0,true
2020-08-24,8,22:00,20,3,N,0.6,0,true
2020-08-24,8,23:00,22,3,N,0.5454545454545454,0,true
2020-08-25,8,20:00,16,2,N,0.8125,0,true
2020-08-25,8,21:00,18,2,N,0.7222222222222222,0,true
2020-08-25,8,22:00,20,4,N,0.65,1,true
2020-08-25,8,23:00,22,4,N,0.5909090909090909,3,true
2020-08-26,8,20:00,16,1,S,1.0,16,false
2020-08-26,8,21:00,18,1,S,1.0,18,false
2020-08-26,8,22:00,20,1,S,1.0,20,false
2020-08-26,8,23:00,22,1,S,1.0,22,false
2020-08-27,8,20:00,16,3,N,0.875,0,true
2020-08-27,8,21:00,18,3,N,0.7777777777777778,0,true
2020-08-27,8,22:00,20,3,N,0.7,0,true
2020-08-27,8,23:00,22,3,N,0.6363636363636364,0,true
2020-08-28,8,20:00,16,2,N,0.5625,0,true
2020-08-28,8,21:00,18,2,N,0.5555555555555556,0,true
2020-08-28,8,22:00,20,2,N,0.6,0,true
2020-08-28,8,23:00,22,2,N,0.6363636363636364,0,true
2020-08-29,8,20:00,16,2,NW,0.625,0,true
2020-08-29,8,21:00,18,2,NW,0.5555555555555556,0,true
2020-08-29,8,22:00,20,2,N,0.5,0,true
2020-08-29,8,23:00,22,2,N,0.5454545454545454,0,true
2020-08-30,8,20:00,16,1,N,1.0,0,false
2020-08-30,8,21:00,18,1,N,1.0,0,false
2020-08-30,8,22:00,20,1,N,1.0,0,false
2020-08-30,8,23:00,22,1,N,1.0,0,false
2020-08-31,8,20:00,16,2,N,0.9375,0,true
2020-08-31,8,21:00,18,2,N,0.9444444444444444,0,true
2020-08-31,8,22:00,20,2,N,0.95,0,true
2020-08-31,8,23:00,22,2,N,0.9545454545454546,0,true
2020-09-01,9,20:00,16,2,N,0.875,0,true
2020-09-01,9,21:00,18,2,N,0.8888888888888888,0,true
2020-09-01,9,22:00,20,2,N,0.9,0,true
2020-09-01,9,23:00,22,2,N,0.9090909090909091,0,true
2020-09-02,9,20:00,16,2,S,0.75,16,true
2020-09-02,9,21:00,18,2,S,0.7777777777777778,18,true
2020-09-02,9,22:00,20,2,S,0.8,20,true
2020-09-02,9,23:00,22,2,S,0.8181818181818182,22,true
2020-09-03,9,20:00,16,1,S,1.0,16,false
2020-09-03,9,21:00,18,1,S,1.0,18,false
2020-09-03,9,22:00,20,1,S,1.0,20,false
2020-09-03,9,23:00,22,1,S,1.0,22,false
2020-09-04,9,20:00,16,2,N,0.5625,0,true
2020-09-04,9,21:00,18,2,N,0.5,0,true
2020-09-04,9,22:00,20,2,N,0.5,0,true
2020-09-04,9,23:00,22,2,N,0.5454545454545454,0,true
2020-09-05,9,20:00,16,1,N,1.0,0,false
2020-09-05,9,21:00,18,1,N,1.0,0,false
2020-09-05,9,22:00,20,1,N,1.0,0,false
2020-09-05,9,23:00,22,1,N,1.0,0,false
2020-09-06,9,20:00,16,2,N,0.875,0,true
2020-09-06,9,21:00,18,2,N,0.7777777777777778,0,true
2020-09-06,9,22:00,20,2,N,0.8,0,true
2020-09-06,9,23:00,22,2,N,0.8181818181818182,0,true
2020-09-07,9,20:00,16,1,S,1.0,16,false
2020-09-07,9,21:00,18,1,S,1.0,18,false
2020-09-07,9,22:00,20,1,S,1.0,20,false
2020-09-07,9,23:00,22,1,S,1.0,22,false
2020-09-08,9,20:00,16,2,NE,0.625,0,true
2020-09-08,9,21:00,18,2,NE,0.5555555555555556,0,true
2020-09-08,9,22:00,20,2,NE,0.55,0,true
2020-09-08,9,23:00,22,2,NE,0.5909090909090909,0,true
2020-09-09,9,20:00,16,1,N,1.0,0,false
2020-09-09,9,21:00,18,1,N,1.0,0,false
2020-09-09,9,22:00,20,1,N,1.0,0,false
2020-09-09,9,23:00,22,1,N,1.0,0,false
2020-09-10,9,20:00,16,1,N,1.0,0,false
2020-09-10,9,21:00,18,2,N,0.9444444444444444,0,true
2020-09-10,9,22:00,20,2,N,0.85,0,true
2020-09-10,9,23:00,22,2,N,0.8181818181818182,0,true
2020-09-11,9,20:00,16,1,S,1.0,16,false
2020-09-11,9,21:00,18,1,S,1.0,18,false
2020-09-11,9,22:00,20,1,S,1.0,20,false
2020-09-11,9,23:00,22,1,S,1.0,22,false
2020-09-12,9,20:00,16,4,S,0.5625,13,true
2020-09-12,9,21:00,18,4,S,0.5,13,true
2020-09-12,9,22:00,20,4,S,0.45,13,true
2020-09-12,9,23:00,22,4,S,0.4090909090909091,13,true
2020-09-13,9,20:00,16,2,N,0.9375,0,true
2020-09-13,9,21:00,18,2,N,0.9444444444444444,0,true
2020-09-13,9,22:00,20,2,N,0.95,0,true
2020-09-13,9,23:00,22,2,N,0.9545454545454546,0,true
2020-09-14,9,20:00,16,3,N,0.8125,0,true
2020-09-14,9,21:00,18,3,N,0.8333333333333334,0,true
2020-09-14,9,22:00,20,3,N,0.85,0,true
2020-09-14,9,23:00,22,3,N,0.8636363636363636,0,true
2020-09-15,9,20:00,16,2,N,0.5,0,true
2020-09-15,9,21:00,18,2,N,0.5555555555555556,0,true
2020-09-15,9,22:00,20,2,N,0.5,0,true
2020-09-15,9,23:00,22,2,NW,0.5454545454545454,0,true
2020-09-16,9,20:00,16,2,W,0.9375,0,true
2020-09-16,9,21:00,18,3,W,0.8333333333333334,0,true
2020-09-16,9,22:00,20,3,W,0.75,0,true
2020-09-16,9,23:00,22,3,W,0.6818181818181818,0,true
2020-09-17,9,20:00,16,3,NW,0.4375,0,true
2020-09-17,9,21:00,18,3,N,0.4444444444444444,0,true
2020-09-17,9,22:00,20,3,N,0.5,0,true
2020-09-17,9,23:00,22,3,N,0.5,0,true
2020-09-18,9,20:00,16,3,S,0.5,9,true
2020-09-18,9,21:00,18,3,S,0.5555555555555556,11,true
2020-09-18,9,22:00,20,3,S,0.6,13,true
2020-09-18,9,23:00,22,3,S,0.6363636363636364,15,true
2020-09-19,9,20:00,16,2,N,0.75,0,true
2020-09-19,9,21:00,18,2,N,0.7777777777777778,0,true
2020-09-19,9,22:00,20,3,N,0.75,0,true
2020-09-19,9,23:00,22,4,N,0.6818181818181818,2,true
2020-09-20,9,20:00,16,3,NE,0.5625,0,true
2020-09-20,9,21:00,18,3,NE,0.5,0,true
2020-09-20,9,22:00,20,3,N,0.45,0,true
2020-09-20,9,23:00,22,3,N,0.45454545454545453,0,true
2020-09-21,9,20:00,16,2,NE,0.5625,0,true
2020-09-21,9,21:00,18,2,N,0.5,0,true
2020-09-21,9,22:00,20,2,N,0.55,0,true
2020-09-21,9,23:00,22,2,N,0.5909090909090909,0,true
2020-09-22,9,20:00,16,1,N,1.0,0,false
2020-09-22,9,21:00,18,1,N,1.0,0,false
2020-09-22,9,22:00,20,1,N,1.0,0,false
2020-09-22,9,23:00,22,1,N,1.0,0,false
2020-09-23,9,20:00,16,1,N,1.0,0,false
2020-09-23,9,21:00,18,1,N,1.0,0,false
2020-09-23,9,22:00,20,1,N,1.0,0,false
2020-09-23,9,23:00,22,1,N,1.0,0,false
2020-09-24,9,20:00,16,2,N,0.75,0,true
2020-09-24,9,21:00,18,2,N,0.7777777777777778,0,true
2020-09-24,9,22:00,20,2,N,0.8,0,true
2020-09-24,9,23:00,22,2,N,0.8181818181818182,0,true
2020-09-25,9,20:00,16,1,N,1.0,0,false
2020-09-25,9,21:00,18,1,N,1.0,0,false
2020-09-25,9,22:00,20,1,N,1.0,0,false
2020-09-25,9,23:00,22,1,N,1.0,0,false
2020-09-26,9,20:00,16,2,N,0.875,0,true
2020-09-26,9,21:00,18,2,N,0.8888888888888888,0,true
2020-09-26,9,22:00,20,2,N,0.9,0,true
2020-09-26,9,23:00,22,2,N,0.9090909090909091,0,true
2020-09-27,9,20:00,16,1,N,1.0,0,false
2020-09-27,9,21:00,18,1,N,1.0,0,false
2020-09-27,9,22:00,20,1,N,1.0,0,false
2020-09-27,9,23:00,22,1,N,1.0,0,false
2020-09-28,9,20:00,18,3,NW,0.7222222222222222,0,true
2020-09-28,9,21:00,20,3,NW,0.75,0,true
2020-09-28,9,22:00,22,3,NW,0.7272727272727273,0,true
2020-09-28,9,23:00,24,3,NW,0.6666666666666666,0,true
2020-09-29,9,20:00,18,3,W,0.5,1,true
2020-09-29,9,21:00,20,3,W,0.55,1,true
2020-09-29,9,22:00,22,3,W,0.5909090909090909,1,true
2020-09-29,9,23:00,24,3,W,0.625,1,true
2020-09-30,9,20:00,18,3,NE,0.5555555555555556,0,true
2020-09-30,9,21:00,20,3,NE,0.55,0,true
2020-09-30,9,22:00,22,4,NE,0.5454545454545454,1,true
2020-09-30,9,23:00,24,5,NE,0.5,3,true
2020-10-01,10,20:00,18,2,NE,0.7777777777777778,0,true
2020-10-01,10,21:00,20,2,NE,0.7,0,true
2020-10-01,10,22:00,22,2,NE,0.6363636363636364,0,true
2020-10-01,10,23:00,24,2,NE,0.5833333333333334,0,true
2020-10-02,10,20:00,18,1,N,1.0,0,false
2020-10-02,10,21:00,20,1,N,1.0,0,false
2020-10-02,10,22:00,22,1,N,1.0,0,false
2020-10-02,10,23:00,24,1,N,1.0,0,false
2020-10-03,10,20:00,18,1,N,1.0,0,false
2020-10-03,10,21:00,20,1,N,1.0,0,false
2020-10-03,10,22:00,22,1,N,1.0,0,false
2020-10-03,10,23:00,24,1,N,1.0,0,false
2020-10-04,10,20:00,18,1,N,1.0,0,false
2020-10-04,10,21:00,20,1,N,1.0,0,false
2020-10-04,10,22:00,22,1,N,1.0,0,false
2020-10-04,10,23:00,24,1,N,1.0,0,false
2020-10-05,10,20:00,18,1,N,1.0,0,false
2020-10-05,10,21:00,20,1,N,1.0,0,false
2020-10-05,10,22:00,22,1,N,1.0,0,false
2020-10-05,10,23:00,24,1,N,1.0,0,false
2020-10-06,10,20:00,18,1,N,1.0,0,false
2020-10-06,10,21:00,20,1,N,1.0,0,false
2020-10-06,10,22:00,22,1,N,1.0,0,false
2020-10-06,10,23:00,24,1,N,1.0,0,false
2020-10-07,10,20:00,18,5,NW,0.3333333333333333,6,true
2020-10-07,10,21:00,20,5,NW,0.3,8,true
2020-10-07,10,22:00,20,5,NW,0.3,8,true
2020-10-07,10,23:00,22,5,NW,0.2727272727272727,10,true
2020-10-08,10,20:00,18,2,S,0.9444444444444444,18,true
2020-10-08,10,21:00,20,2,S,0.95,20,true
2020-10-08,10,22:00,22,2,S,0.9545454545454546,22,true
2020-10-08,10,23:00,24,2,S,0.9166666666666666,24,true
2020-10-09,10,20:00,17,2,SE,0.8823529411764706,15,true
2020-10-09,10,21:00,19,3,SE,0.8421052631578947,16,true
2020-10-09,10,22:00,21,3,SE,0.7619047619047619,16,true
2020-10-09,10,23:00,23,3,SE,0.6956521739130435,16,true
2020-10-10,10,20:00,18,3,N,0.7777777777777778,0,true
2020-10-10,10,21:00,20,3,N,0.8,0,true
2020-10-10,10,22:00,22,3,N,0.7727272727272727,0,true
2020-10-10,10,23:00,24,3,N,0.7916666666666666,0,true
2020-10-11,10,20:00,18,2,N,0.8333333333333334,0,true
2020-10-11,10,21:00,20,2,N,0.85,0,true
2020-10-11,10,22:00,22,2,N,0.8636363636363636,0,true
2020-10-11,10,23:00,24,2,N,0.875,0,true
2020-10-12,10,20:00,18,1,N,1.0,0,false
2020-10-12,10,21:00,20,1,N,1.0,0,false
2020-10-12,10,22:00,22,1,N,1.0,0,false
2020-10-12,10,23:00,24,1,N,1.0,0,false
2020-10-13,10,20:00,18,5,S,0.3333333333333333,9,true
2020-10-13,10,21:00,20,5,N,0.3,9,true
2020-10-13,10,22:00,22,5,N,0.36363636363636365,9,true
2020-10-13,10,23:00,24,5,N,0.4166666666666667,9,true
2020-10-14,10,20:00,18,1,N,1.0,0,false
2020-10-14,10,21:00,20,1,N,1.0,0,false
2020-10-14,10,22:00,22,1,N,1.0,0,false
2020-10-14,10,23:00,24,3,N,0.9166666666666666,1,true
2020-10-15,10,20:00,18,2,S,0.9444444444444444,18,true
2020-10-15,10,21:00,20,2,S,0.95,20,true
2020-10-15,10,22:00,22,2,S,0.9545454545454546,22,true
2020-10-15,10,23:00,24,2,S,0.9583333333333334,24,true
2020-10-16,10,20:00,18,5,E,0.6111111111111112,2,true
2020-10-16,10,21:00,20,6,E,0.55,3,true
2020-10-16,10,22:00,22,6,E,0.5,3,true
2020-10-16,10,23:00,24,6,E,0.4583333333333333,3,true
2020-10-17,10,20:00,18,3,N,0.6111111111111112,0,true
2020-10-17,10,21:00,20,5,N,0.55,2,true
2020-10-17,10,22:00,22,5,N,0.5,4,true
2020-10-17,10,23:00,24,5,N,0.4583333333333333,6,true
2020-10-18,10,20:00,18,2,N,0.7222222222222222,0,true
2020-10-18,10,21:00,20,2,N,0.7,0,true
2020-10-18,10,22:00,22,2,N,0.7272727272727273,0,true
2020-10-18,10,23:00,24,2,N,0.75,0,true
2020-10-19,10,20:00,18,1,N,1.0,0,false
2020-10-19,10,21:00,20,1,N,1.0,0,false
2020-10-19,10,22:00,22,1,N,1.0,0,false
2020-10-19,10,23:00,24,1,N,1.0,0,false
2020-10-20,10,20:00,18,2,N,0.8333333333333334,0,true
2020-10-20,10,21:00,20,2,N,0.85,0,true
2020-10-20,10,22:00,22,2,N,0.8636363636363636,0,true
2020-10-20,10,23:00,24,2,N,0.875,0,true
2020-10-21,10,20:00,18,2,N,0.7222222222222222,0,true
2020-10-21,10,21:00,20,2,N,0.7,0,true
2020-10-21,10,22:00,22,2,N,0.7272727272727273,0,true
2020-10-21,10,23:00,24,2,N,0.75,0,true
2020-10-22,10,20:00,18,2,N,0.7222222222222222,0,true
2020-10-22,10,21:00,20,2,N,0.75,0,true
2020-10-22,10,22:00,22,2,N,0.7727272727272727,0,true
2020-10-22,10,23:00,24,2,N,0.7916666666666666,0,true
2020-10-23,10,20:00,18,1,N,1.0,0,false
2020-10-23,10,21:00,20,1,N,1.0,0,false
2020-10-23,10,22:00,22,1,N,1.0,0,false
2020-10-23,10,23:00,24,1,N,1.0,0,false
2020-10-24,10,20:00,18,1,N,1.0,0,false
2020-10-24,10,21:00,20,1,N,1.0,0,false
2020-10-24,10,22:00,22,1,N,1.0,0,false
2020-10-24,10,23:00,24,1,N,1.0,0,false
2020-10-25,10,20:00,18,1,N,1.0,0,false
2020-10-25,10,21:00,20,1,N,1.0,0,false
2020-10-25,10,22:00,22,1,N,1.0,0,false
2020-10-25,10,23:00,24,1,N,1.0,0,false
2020-10-26,10,20:00,18,1,N,1.0,0,false
2020-10-26,10,21:00,20,1,N,1.0,0,false
2020-10-26,10,22:00,22,1,N,1.0,0,false
2020-10-26,10,23:00,24,1,N,1.0,0,false
2020-10-27,10,20:00,18,1,S,1.0,18,false
2020-10-27,10,21:00,20,1,S,1.0,20,false
2020-10-27,10,22:00,22,1,S,1.0,22,false
2020-10-27,10,23:00,24,1,S,1.0,24,false
2020-10-28,10,20:00,18,2,SE,0.8333333333333334,18,true
2020-10-28,10,21:00,20,2,SE,0.8,20,true
2020-10-28,10,22:00,22,2,SE,0.7272727272727273,22,true
2020-10-28,10,23:00,24,3,SE,0.6666666666666666,22,true
2020-10-29,10,20:00,18,4,S,0.3888888888888889,15,true
2020-10-29,10,21:00,20,4,S,0.45,17,true
2020-10-29,10,22:00,22,4,S,0.5,19,true
2020-10-29,10,23:00,24,4,S,0.5416666666666666,21,true
2020-10-30,10,20:00,18,1,N,1.0,0,false
2020-10-30,10,21:00,20,1,N,1.0,0,false
2020-10-30,10,22:00,22,1,N,1.0,0,false
2020-10-30,10,23:00,24,1,N,1.0,0,false
2020-10-31,10,20:00,18,2,N,0.8333333333333334,0,true
2020-10-31,10,21:00,20,2,N,0.85,0,true
2020-10-31,10,22:00,22,2,N,0.8636363636363636,0,true
2020-10-31,10,23:00,24,2,N,0.875,0,true
2020-11-01,11,20:00,18,3,N,0.6666666666666666,0,true
2020-11-01,11,21:00,20,3,N,0.65,0,true
2020-11-01,11,22:00,22,3,N,0.6818181818181818,0,true
2020-11-01,11,23:00,24,3,N,0.7083333333333334,0,true
2020-11-02,11,20:00,18,2,N,0.9444444444444444,0,true
2020-11-02,11,21:00,20,2,N,0.95,0,true
2020-11-02,11,22:00,22,3,N,0.8636363636363636,2,true
2020-11-02,11,23:00,24,3,N,0.7916666666666666,4,true
2020-11-03,11,20:00,17,5,SE,0.47058823529411764,11,true
2020-11-03,11,21:00,19,6,SE,0.42105263157894735,12,true
2020-11-03,11,22:00,21,6,SE,0.38095238095238093,14,true
2020-11-03,11,23:00,23,6,SE,0.34782608695652173,16,true
2020-11-04,11,20:00,18,2,N,0.9444444444444444,0,true
2020-11-04,11,21:00,20,2,N,0.95,0,true
2020-11-04,11,22:00,22,2,N,0.9545454545454546,0,true
2020-11-04,11,23:00,24,2,N,0.9583333333333334,0,true
2020-11-05,11,20:00,18,2,N,0.8333333333333334,0,true
2020-11-05,11,21:00,20,2,N,0.85,0,true
2020-11-05,11,22:00,22,2,N,0.8636363636363636,0,true
2020-11-05,11,23:00,24,2,N,0.875,0,true
2020-11-06,11,20:00,18,5,S,0.5555555555555556,14,true
2020-11-06,11,21:00,20,5,S,0.6,16,true
2020-11-06,11,22:00,22,5,S,0.6363636363636364,18,true
2020-11-06,11,23:00,24,5,S,0.6666666666666666,20,true
2020-11-07,11,20:00,18,1,N,1.0,0,false
2020-11-07,11,21:00,20,1,N,1.0,0,false
2020-11-07,11,22:00,22,1,N,1.0,0,false
2020-11-07,11,23:00,24,1,N,1.0,0,false
2020-11-08,11,20:00,18,6,S,0.5,11,true
2020-11-08,11,21:00,20,6,S,0.55,13,true
2020-11-08,11,22:00,22,6,S,0.5,15,true
2020-11-08,11,23:00,24,6,S,0.4583333333333333,17,true
2020-11-09,11,20:00,18,1,S,1.0,18,false
2020-11-09,11,21:00,20,1,S,1.0,20,false
2020-11-09,11,22:00,22,1,S,1.0,22,false
2020-11-09,11,23:00,24,1,S,1.0,24,false
2020-11-10,11,20:00,18,1,S,1.0,18,false
2020-11-10,11,21:00,20,1,S,1.0,20,false
2020-11-10,11,22:00,22,1,S,1.0,22,false
2020-11-10,11,23:00,24,1,S,1.0,24,false
2020-11-11,11,20:00,18,1,S,1.0,18,false
2020-11-11,11,21:00,20,1,S,1.0,20,false
2020-11-11,11,22:00,22,1,S,1.0,22,false
2020-11-11,11,23:00,24,1,S,1.0,24,false
2020-11-12,11,20:00,18,4,NE,0.4444444444444444,4,true
2020-11-12,11,21:00,20,4,N,0.4,4,true
2020-11-12,11,22:00,22,4,N,0.45454545454545453,4,true
2020-11-12,11,23:00,24,4,N,0.5,4,true
2020-11-13,11,20:00,17,1,N,1.0,0,false
2020-11-13,11,21:00,19,1,N,1.0,0,false
2020-11-13,11,22:00,21,1,N,1.0,0,false
2020-11-13,11,23:00,23,1,N,1.0,0,false
2020-11-14,11,20:00,18,1,N,1.0,0,false
2020-11-14,11,21:00,20,1,N,1.0,0,false
2020-11-14,11,22:00,22,1,N,1.0,0,false
2020-11-14,11,23:00,24,1,N,1.0,0,false
2020-11-15,11,20:00,18,2,NE,0.6666666666666666,0,true
2020-11-15,11,21:00,20,2,NE,0.6,0,true
2020-11-15,11,22:00,22,2,NE,0.5454545454545454,0,true
2020-11-15,11,23:00,24,2,N,0.5,0,true
2020-11-16,11,20:00,18,1,N,1.0,0,false
2020-11-16,11,21:00,20,1,N,1.0,0,false
2020-11-16,11,22:00,22,1,N,1.0,0,false
2020-11-16,11,23:00,24,1,N,1.0,0,false
2020-11-17,11,20:00,18,3,N,0.8888888888888888,0,true
2020-11-17,11,21:00,20,3,N,0.9,0,true
2020-11-17,11,22:00,22,3,N,0.9090909090909091,0,true
2020-11-17,11,23:00,24,3,N,0.9166666666666666,0,true
2020-11-18,11,20:00,18,2,N,0.8333333333333334,0,true
2020-11-18,11,21:00,20,3,N,0.8,0,true
2020-11-18,11,22:00,22,4,N,0.7727272727272727,0,true
2020-11-18,11,23:00,24,5,N,0.7083333333333334,2,true
2020-11-19,11,20:00,18,1,S,1.0,18,false
2020-11-19,11,21:00,20,1,S,1.0,20,false
2020-11-19,11,22:00,22,1,S,1.0,22,false
2020-11-19,11,23:00,24,1,S,1.0,24,false
2020-11-20,11,20:00,18,3,S,0.6111111111111112,11,true
2020-11-20,11,21:00,20,3,S,0.55,11,true
2020-11-20,11,22:00,22,3,S,0.5,11,true
2020-11-20,11,23:00,24,3,N,0.4583333333333333,11,true
2020-11-21,11,20:00,18,2,N,0.9444444444444444,0,true
2020-11-21,11,21:00,20,2,N,0.95,0,true
2020-11-21,11,22:00,22,2,N,0.9545454545454546,0,true
2020-11-21,11,23:00,24,2,N,0.9583333333333334,0,true
2020-11-22,11,20:00,18,4,S,0.6666666666666666,16,true
2020-11-22,11,21:00,20,4,S,0.7,18,true
2020-11-22,11,22:00,22,4,S,0.7272727272727273,20,true
2020-11-22,11,23:00,24,4,S,0.75,22,true
2020-11-23,11,20:00,18,1,S,1.0,18,false
2020-11-23,11,21:00,20,1,S,1.0,20,false
2020-11-23,11,22:00,22,1,S,1.0,22,false
2020-11-23,11,23:00,24,1,S,1.0,24,false
2020-11-24,11,20:00,18,4,N,0.4444444444444444,2,true
2020-11-24,11,21:00,20,5,N,0.45,2,true
2020-11-24,11,22:00,22,6,N,0.4090909090909091,4,true
2020-11-24,11,23:00,24,6,N,0.375,6,true
2020-11-25,11,20:00,18,7,N,0.2777777777777778,4,true
2020-11-25,11,21:00,20,7,N,0.3,4,true
2020-11-25,11,22:00,22,7,N,0.2727272727272727,5,true
2020-11-25,11,23:00,24,8,N,0.25,7,true
2020-11-26,11,20:00,18,6,N,0.4444444444444444,5,true
2020-11-26,11,21:00,20,6,N,0.5,5,true
2020-11-26,11,22:00,22,6,N,0.5454545454545454,5,true
2020-11-26,11,23:00,24,6,N,0.5833333333333334,5,true
2020-11-27,11,20:00,18,1,N,1.0,0,false
2020-11-27,11,21:00,20,1,N,1.0,0,false
2020-11-27,11,22:00,22,1,N,1.0,0,false
2020-11-27,11,23:00,24,1,N,1.0,0,false
2020-11-28,11,20:00,18,1,S,1.0,18,false
2020-11-28,11,21:00,20,1,S,1.0,20,false
2020-11-28,11,22:00,22,1,S,1.0,22,false
2020-11-28,11,23:00,24,1,S,1.0,24,false
2020-11-29,11,20:00,18,1,N,1.0,0,false
2020-11-29,11,21:00,20,1,N,1.0,0,false
2020-11-29,11,22:00,22,2,N,0.9090909090909091,0,true
2020-11-29,11,23:00,24,2,N,0.9166666666666666,0,true
2020-11-30,11,20:00,18,6,N,0.5,4,true
2020-11-30,11,21:00,20,6,N,0.55,4,true
2020-11-30,11,22:00,22,6,N,0.5909090909090909,4,true
2020-11-30,11,23:00,24,6,N,0.625,4,true
2020-12-01,12,20:00,18,1,S,1.0,18,false
2020-12-01,12,21:00,20,1,S,1.0,20,false
2020-12-01,12,22:00,22,1,S,1.0,22,false
2020-12-01,12,23:00,24,1,S,1.0,24,false
2020-12-02,12,20:00,18,3,N,0.5555555555555556,0,true
2020-12-02,12,21:00,20,3,N,0.6,0,true
2020-12-02,12,22:00,22,3,N,0.6363636363636364,0,true
2020-12-02,12,23:00,24,3,N,0.6666666666666666,0,true
2020-12-03,12,20:00,18,2,N,0.8333333333333334,0,true
2020-12-03,12,21:00,20,2,N,0.85,0,true
2020-12-03,12,22:00,22,4,N,0.7727272727272727,1,true
2020-12-03,12,23:00,24,5,N,0.7083333333333334,3,true
2020-12-04,12,20:00,18,2,N,0.8888888888888888,0,true
2020-12-04,12,21:00,20,2,N,0.9,0,true
2020-12-04,12,22:00,22,2,N,0.9090909090909091,0,true
2020-12-04,12,23:00,24,2,N,0.9166666666666666,0,true
2020-12-05,12,20:00,18,1,N,1.0,0,false
2020-12-05,12,21:00,20,1,N,1.0,0,false
2020-12-05,12,22:00,22,2,N,0.9545454545454546,0,true
2020-12-05,12,23:00,24,2,N,0.9583333333333334,0,true
2020-12-06,12,20:00,18,3,SW,0.5555555555555556,18,true
2020-12-06,12,21:00,20,4,SW,0.5,18,true
2020-12-06,12,22:00,22,5,SW,0.45454545454545453,18,true
2020-12-06,12,23:00,24,5,SW,0.4166666666666667,18,true
2020-12-07,12,20:00,18,1,N,1.0,0,false
2020-12-07,12,21:00,20,1,N,1.0,0,false
2020-12-07,12,22:00,22,1,N,1.0,0,false
2020-12-07,12,23:00,24,1,N,1.0,0,false
2020-12-08,12,20:00,18,1,N,1.0,0,false
2020-12-08,12,21:00,20,1,N,1.0,0,false
2020-12-08,12,22:00,22,1,N,1.0,0,false
2020-12-08,12,23:00,24,1,N,1.0,0,false
2020-12-09,12,20:00,18,2,N,0.8888888888888888,0,true
2020-12-09,12,21:00,20,2,N,0.9,0,true
2020-12-09,12,22:00,22,2,N,0.9090909090909091,0,true
2020-12-09,12,23:00,24,2,N,0.9166666666666666,0,true
2020-12-10,12,20:00,18,3,N,0.5,0,true
2020-12-10,12,21:00,20,3,N,0.55,0,true
2020-12-10,12,22:00,22,4,N,0.5,1,true
2020-12-10,12,23:00,24,5,N,0.5,1,true
2020-12-11,12,20:00,18,1,N,1.0,0,false
2020-12-11,12,21:00,20,1,N,1.0,0,false
2020-12-11,12,22:00,22,2,N,0.9545454545454546,0,true
2020-12-11,12,23:00,24,2,N,0.9583333333333334,0,true
2020-12-12,12,20:00,18,3,NW,0.7777777777777778,0,true
2020-12-12,12,21:00,20,4,NW,0.7,0,true
2020-12-12,12,22:00,22,5,NW,0.6363636363636364,1,true
2020-12-12,12,23:00,24,6,NW,0.5833333333333334,3,true
2020-12-13,12,20:00,18,4,N,0.2777777777777778,5,true
2020-12-13,12,21:00,20,5,SE,0.3,7,true
2020-12-13,12,22:00,22,5,SE,0.36363636363636365,9,true
2020-12-13,12,23:00,24,5,SE,0.4166666666666667,11,true
2020-12-14,12,20:00,18,1,S,1.0,18,false
2020-12-14,12,21:00,20,1,S,1.0,20,false
2020-12-14,12,22:00,22,1,S,1.0,22,false
2020-12-14,12,23:00,24,2,S,0.9583333333333334,24,true
2020-12-15,12,20:00,18,3,NE,0.5555555555555556,1,true
2020-12-15,12,21:00,20,3,NE,0.5,1,true
2020-12-15,12,22:00,22,3,N,0.5,1,true
2020-12-15,12,23:00,24,3,N,0.5416666666666666,1,true
2020-12-16,12,20:00,18,1,N,1.0,0,false
2020-12-16,12,21:00,20,1,N,1.0,0,false
2020-12-16,12,22:00,22,1,N,1.0,0,false
2020-12-16,12,23:00,24,1,N,1.0,0,false
2020-12-17,12,20:00,18,1,N,1.0,0,false
2020-12-17,12,21:00,20,1,N,1.0,0,false
2020-12-17,12,22:00,22,1,N,1.0,0,false
2020-12-17,12,23:00,24,3,N,0.9166666666666666,1,true
2020-12-18,12,20:00,18,6,NE,0.4444444444444444,3,true
2020-12-18,12,21:00,20,6,NE,0.4,3,true
2020-12-18,12,22:00,22,6,NE,0.36363636363636365,3,true
2020-12-18,12,23:00,24,6,N,0.375,3,true
2020-12-19,12,20:00,18,1,N,1.0,0,false
2020-12-19,12,21:00,20,1,N,1.0,0,false
2020-12-19,12,22:00,22,1,N,1.0,0,false
2020-12-19,12,23:00,24,1,N,1.0,0,false
2020-12-20,12,20:00,18,1,N,1.0,0,false
2020-12-20,12,21:00,20,1,N,1.0,0,false
2020-12-20,12,22:00,22,1,N,1.0,0,false
2020-12-20,12,23:00,24,1,N,1.0,0,false
2020-12-21,12,20:00,18,1,S,1.0,18,false
2020-12-21,12,21:00,20,1,S,1.0,20,false
2020-12-21,12,22:00,22,1,S,1.0,22,false
2020-12-21,12,23:00,24,1,S,1.0,24,false
2020-12-22,12,20:00,18,2,N,0.8888888888888888,0,true
2020-12-22,12,21:00,20,2,N,0.9,0,true
2020-12-22,12,22:00,22,2,N,0.9090909090909091,0,true
2020-12-22,12,23:00,24,2,N,0.9166666666666666,0,true
2020-12-23,12,20:00,18,2,N,0.9444444444444444,0,true
2020-12-23,12,21:00,20,2,N,0.95,0,true
2020-12-23,12,22:00,22,2,N,0.9545454545454546,0,true
2020-12-23,12,23:00,24,2,N,0.9583333333333334,0,true
2020-12-24,12,20:00,18,1,N,1.0,0,false
2020-12-24,12,21:00,20,1,N,1.0,0,false
2020-12-24,12,22:00,22,1,N,1.0,0,false
2020-12-24,12,23:00,24,1,N,1.0,0,false
2020-12-25,12,20:00,18,5,S,0.6111111111111112,16,true
2020-12-25,12,21:00,20,5,S,0.65,18,true
2020-12-25,12,22:00,22,5,S,0.6818181818181818,20,true
2020-12-25,12,23:00,24,5,S,0.6666666666666666,22,true
2020-12-26,12,20:00,18,2,N,0.7777777777777778,4,true
2020-12-26,12,21:00,20,2,N,0.7,6,true
2020-12-26,12,22:00,22,2,N,0.6363636363636364,8,true
2020-12-26,12,23:00,24,2,N,0.5833333333333334,10,true
2020-12-27,12,20:00,18,1,S,1.0,18,false
2020-12-27,12,21:00,20,1,S,1.0,20,false
2020-12-27,12,22:00,22,1,S,1.0,22,false
2020-12-27,12,23:00,24,1,S,1.0,24,false
2020-12-28,12,20:00,18,1,S,1.0,18,false
2020-12-28,12,21:00,20,1,S,1.0,20,false
2020-12-28,12,22:00,22,1,S,1.0,22,false
2020-12-28,12,23:00,24,1,S,1.0,24,false
2020-12-29,12,20:00,18,1,S,1.0,18,false
2020-12-29,12,21:00,20,1,S,1.0,20,false
2020-12-29,12,22:00,22,1,S,1.0,22,false
2020-12-29,12,23:00,24,1,S,1.0,24,false
2020-12-30,12,20:00,18,2,S,0.9444444444444444,18,true
2020-12-30,12,21:00,20,2,S,0.9,20,true
2020-12-30,12,22:00,22,3,S,0.8636363636363636,22,true
2020-12-30,12,23:00,24,3,S,0.875,24,true
2020-12-31,12,20:00,18,2,S,0.6666666666666666,18,true
2020-12-31,12,21:00,20,2,S,0.7,20,true
2020-12-31,12,22:00,22,2,S,0.7272727272727273,22,true
2020-12-31,12,23:00,24,2,S,0.75,24,true
2021-01-01,1,20:00,18,2,N,0.5555555555555556,0,true
2021-01-01,1,21:00,20,2,N,0.6,0,true
2021-01-01,1,22:00,22,2,N,0.6363636363636364,0,true
2021-01-01,1,23:00,24,2,N,0.6666666666666666,0,true
2021-01-02,1,20:00,18,2,N,0.8333333333333334,0,true
2021-01-02,1,21:00,20,2,N,0.85,0,true
2021-01-02,1,22:00,22,2,N,0.8636363636363636,0,true
2021-01-02,1,23:00,24,2,N,0.875,0,true
2021-01-03,1,20:00,18,1,N,1.0,0,false
2021-01-03,1,21:00,20,1,N,1.0,0,false
2021-01-03,1,22:00,22,1,N,1.0,0,false
2021-01-03,1,23:00,24,1,N,1.0,0,false
2021-01-04,1,20:00,18,1,N,1.0,0,false
2021-01-04,1,21:00,20,1,N,1.0,0,false
2021-01-04,1,22:00,22,2,N,0.9090909090909091,0,true
2021-01-04,1,23:00,24,2,N,0.9166666666666666,0,true
2021-01-05,1,20:00,18,2,N,0.5555555555555556,0,true
2021-01-05,1,21:00,20,2,N,0.55,0,true
2021-01-05,1,22:00,22,2,N,0.5909090909090909,0,true
2021-01-05,1,23:00,24,2,N,0.625,0,true
2021-01-06,1,20:00,18,4,N,0.6111111111111112,6,true
2021-01-06,1,21:00,20,4,N,0.55,8,true
2021-01-06,1,22:00,22,4,N,0.5,10,true
2021-01-06,1,23:00,24,4,N,0.4583333333333333,12,true
2021-01-07,1,20:00,18,1,N,1.0,0,false
2021-01-07,1,21:00,20,1,N,1.0,0,false
2021-01-07,1,22:00,22,1,N,1.0,0,false
2021-01-07,1,23:00,24,1,N,1.0,0,false
2021-01-08,1,20:00,18,4,N,0.7222222222222222,1,true
2021-01-08,1,21:00,20,4,N,0.65,3,true
2021-01-08,1,22:00,22,5,N,0.5909090909090909,5,true
2021-01-08,1,23:00,24,5,N,0.5416666666666666,7,true
2021-01-09,1,20:00,18,2,S,0.9444444444444444,18,true
2021-01-09,1,21:00,20,2,S,0.95,20,true
2021-01-09,1,22:00,22,2,S,0.9545454545454546,22,true
2021-01-09,1,23:00,24,2,S,0.9583333333333334,24,true
2021-01-10,1,20:00,18,2,N,0.7777777777777778,0,true
2021-01-10,1,21:00,20,2,N,0.8,0,true
2021-01-10,1,22:00,22,2,N,0.8181818181818182,0,true
2021-01-10,1,23:00,24,2,N,0.8333333333333334,0,true
2021-01-11,1,20:00,18,4,N,0.6666666666666666,1,true
2021-01-11,1,21:00,20,5,N,0.6,3,true
2021-01-11,1,22:00,22,6,N,0.5454545454545454,5,true
2021-01-11,1,23:00,24,6,N,0.5,7,true
2021-01-12,1,20:00,18,4,N,0.5555555555555556,1,true
2021-01-12,1,21:00,20,4,N,0.55,2,true
2021-01-12,1,22:00,22,5,N,0.5,4,true
2021-01-12,1,23:00,24,5,N,0.4583333333333333,6,true
2021-01-13,1,20:00,18,2,N,0.5555555555555556,0,true
2021-01-13,1,21:00,20,2,N,0.55,0,true
2021-01-13,1,22:00,22,2,N,0.5909090909090909,0,true
2021-01-13,1,23:00,24,2,N,0.625,0,true
2021-01-14,1,20:00,18,2,N,0.8333333333333334,0,true
2021-01-14,1,21:00,20,2,N,0.75,0,true
2021-01-14,1,22:00,22,2,N,0.7727272727272727,0,true
2021-01-14,1,23:00,24,2,N,0.7916666666666666,0,true
2021-01-15,1,20:00,18,5,S,0.4444444444444444,14,true
2021-01-15,1,21:00,20,5,S,0.45,16,true
2021-01-15,1,22:00,22,5,S,0.5,18,true
2021-01-15,1,23:00,24,5,S,0.5416666666666666,20,true
2021-01-16,1,20:00,18,5,NE,0.5,4,true
2021-01-16,1,21:00,20,5,NE,0.5,4,true
2021-01-16,1,22:00,22,5,NE,0.45454545454545453,4,true
2021-01-16,1,23:00,24,5,NE,0.4166666666666667,4,true
2021-01-17,1,20:00,18,1,N,1.0,0,false
2021-01-17,1,21:00,20,1,N,1.0,0,false
2021-01-17,1,22:00,22,1,N,1.0,0,false
2021-01-17,1,23:00,24,1,N,1.0,0,false
2021-01-18,1,20:00,18,2,NW,0.5555555555555556,0,true
2021-01-18,1,21:00,20,2,NW,0.6,0,true
2021-01-18,1,22:00,22,2,NW,0.5909090909090909,0,true
2021-01-18,1,23:00,24,2,NW,0.625,0,true
2021-01-19,1,20:00,18,2,N,0.5,0,true
2021-01-19,1,21:00,20,2,N,0.55,0,true
2021-01-19,1,22:00,22,2,N,0.5909090909090909,0,true
2021-01-19,1,23:00,24,2,N,0.625,0,true
2021-01-20,1,20:00,18,2,NW,0.6666666666666666,0,true
2021-01-20,1,21:00,20,2,NW,0.7,0,true
2021-01-20,1,22:00,22,2,NW,0.6818181818181818,0,true
2021-01-20,1,23:00,24,2,NW,0.7083333333333334,0,true
2021-01-21,1,20:00,18,2,N,0.6111111111111112,0,true
2021-01-21,1,21:00,20,2,N,0.55,0,true
2021-01-21,1,22:00,22,2,N,0.5454545454545454,0,true
2021-01-21,1,23:00,24,2,N,0.5,0,true
2021-01-22,1,20:00,18,7,N,0.4444444444444444,2,true
2021-01-22,1,21:00,20,7,N,0.45,2,true
2021-01-22,1,22:00,22,7,N,0.5,2,true
2021-01-22,1,23:00,24,7,N,0.5416666666666666,2,true
2021-01-23,1,20:00,18,1,N,1.0,0,false
2021-01-23,1,21:00,20,1,N,1.0,0,false
2021-01-23,1,22:00,22,1,N,1.0,0,false
2021-01-23,1,23:00,24,1,N,1.0,0,false
2021-01-24,1,20:00,18,1,N,1.0,0,false
2021-01-24,1,21:00,20,1,N,1.0,0,false
2021-01-24,1,22:00,22,1,N,1.0,0,false
2021-01-24,1,23:00,24,1,N,1.0,0,false
2021-01-25,1,20:00,18,1,N,1.0,0,false
2021-01-25,1,21:00,20,1,N,1.0,0,false
2021-01-25,1,22:00,22,1,N,1.0,0,false
2021-01-25,1,23:00,24,1,N,1.0,0,false
2021-01-26,1,20:00,18,1,N,1.0,0,false
2021-01-26,1,21:00,20,1,N,1.0,0,false
2021-01-26,1,22:00,22,1,N,1.0,0,false
2021-01-26,1,23:00,24,1,N,1.0,0,false
2021-01-27,1,20:00,18,1,N,1.0,0,false
2021-01-27,1,21:00,20,1,N,1.0,0,false
2021-01-27,1,22:00,22,1,N,1.0,0,false
2021-01-27,1,23:00,24,1,N,1.0,0,false
2021-01-28,1,20:00,18,1,N,1.0,0,false
2021-01-28,1,21:00,20,1,N,1.0,0,false
2021-01-28,1,22:00,22,1,N,1.0,0,false
2021-01-28,1,23:00,24,1,N,1.0,0,false
2021-01-29,1,20:00,18,1,S,1.0,18,false
2021-01-29,1,21:00,20,1,S,1.0,20,false
2021-01-29,1,22:00,22,1,S,1.0,22,false
2021-01-29,1,23:00,24,1,S,1.0,24,false
2021-01-30,1,20:00,18,1,S,1.0,18,false
2021-01-30,1,21:00,20,1,S,1.0,20,false
2021-01-30,1,22:00,22,1,S,1.0,22,false
2021-01-30,1,23:00,24,1,S,1.0,24,false
2021-01-31,1,20:00,18,5,NE,0.3333333333333333,5,true
2021-01-31,1,21:00,20,5,NE,0.35,5,true
2021-01-31,1,22:00,22,6,NE,0.3181818181818182,6,true
2021-01-31,1,23:00,24,6,NE,0.2916666666666667,8,true
2021-02-01,2,20:00,18,1,N,1.0,0,false
2021-02-01,2,21:00,20,1,N,1.0,0,false
2021-02-01,2,22:00,22,1,N,1.0,0,false
2021-02-01,2,23:00,24,1,N,1.0,0,false
2021-02-02,2,20:00,18,3,NE,0.5555555555555556,0,true
2021-02-02,2,21:00,20,4,NE,0.5,2,true
2021-02-02,2,22:00,22,4,NE,0.45454545454545453,4,true
2021-02-02,2,23:00,24,4,NE,0.4166666666666667,6,true
2021-02-03,2,20:00,18,7,N,0.6111111111111112,2,true
2021-02-03,2,21:00,20,7,N,0.65,2,true
2021-02-03,2,22:00,22,7,N,0.6818181818181818,2,true
2021-02-03,2,23:00,24,7,N,0.7083333333333334,2,true
2021-02-04,2,20:00,18,2,S,0.9444444444444444,18,true
2021-02-04,2,21:00,20,2,S,0.95,20,true
2021-02-04,2,22:00,22,2,S,0.9545454545454546,22,true
2021-02-04,2,23:00,24,2,S,0.9583333333333334,24,true
2021-02-05,2,20:00,18,1,S,1.0,18,false
2021-02-05,2,21:00,20,1,S,1.0,20,false
2021-02-05,2,22:00,22,1,S,1.0,22,false
2021-02-05,2,23:00,24,1,S,1.0,24,false
2021-02-06,2,20:00,18,2,S,0.8888888888888888,18,true
2021-02-06,2,21:00,20,2,S,0.85,20,true
2021-02-06,2,22:00,22,2,S,0.8636363636363636,22,true
2021-02-06,2,23:00,24,2,S,0.875,24,true
2021-02-07,2,20:00,18,4,NE,0.6111111111111112,1,true
2021-02-07,2,21:00,20,4,NE,0.55,1,true
2021-02-07,2,22:00,22,5,NE,0.5,1,true
2021-02-07,2,23:00,24,7,NE,0.4583333333333333,2,true
2021-02-08,2,20:00,18,1,N,1.0,0,false
2021-02-08,2,21:00,20,1,N,1.0,0,false
2021-02-08,2,22:00,22,1,N,1.0,0,false
2021-02-08,2,23:00,24,1,N,1.0,0,false
2021-02-09,2,20:00,18,1,N,1.0,0,false
2021-02-09,2,21:00,20,1,N,1.0,0,false
2021-02-09,2,22:00,22,1,N,1.0,0,false
2021-02-09,2,23:00,24,1,N,1.0,0,false
2021-02-10,2,20:00,18,1,N,1.0,0,false
2021-02-10,2,21:00,20,1,N,1.0,0,false
2021-02-10,2,22:00,22,1,N,1.0,0,false
2021-02-10,2,23:00,24,1,N,1.0,0,false
2021-02-11,2,20:00,18,1,N,1.0,0,false
2021-02-11,2,21:00,20,1,N,1.0,0,false
2021-02-11,2,22:00,22,1,N,1.0,0,false
2021-02-11,2,23:00,24,1,N,1.0,0,false
2021-02-12,2,20:00,18,4,N,0.7222222222222222,2,true
2021-02-12,2,21:00,20,4,N,0.65,4,true
2021-02-12,2,22:00,22,4,N,0.5909090909090909,6,true
2021-02-12,2,23:00,24,4,N,0.5416666666666666,8,true
2021-02-13,2,20:00,18,4,NE,0.4444444444444444,1,true
2021-02-13,2,21:00,20,4,NE,0.45,1,true
2021-02-13,2,22:00,22,4,NE,0.5,1,true
2021-02-13,2,23:00,24,4,NE,0.4583333333333333,1,true
2021-02-14,2,20:00,18,1,N,1.0,0,false
2021-02-14,2,21:00,20,1,N,1.0,0,false
2021-02-14,2,22:00,22,1,N,1.0,0,false
2021-02-14,2,23:00,24,1,N,1.0,0,false
2021-02-15,2,20:00,18,2,N,0.6111111111111112,0,true
2021-02-15,2,21:00,20,2,N,0.65,0,true
2021-02-15,2,22:00,22,4,N,0.5909090909090909,1,true
2021-02-15,2,23:00,24,5,N,0.5416666666666666,3,true
2021-02-16,2,20:00,18,1,S,1.0,18,false
2021-02-16,2,21:00,20,1,S,1.0,20,false
2021-02-16,2,22:00,22,1,S,1.0,22,false
2021-02-16,2,23:00,24,1,S,1.0,24,false
2021-02-17,2,20:00,18,2,S,0.8333333333333334,18,true
2021-02-17,2,21:00,20,2,S,0.8,20,true
2021-02-17,2,22:00,22,2,S,0.7727272727272727,22,true
2021-02-17,2,23:00,24,2,S,0.7083333333333334,24,true
2021-02-18,2,20:00,18,5,NE,0.3888888888888889,6,true
2021-02-18,2,21:00,20,6,NE,0.35,7,true
2021-02-18,2,22:00,22,6,NE,0.3181818181818182,9,true
2021-02-18,2,23:00,24,6,NE,0.2916666666666667,11,true
2021-02-19,2,20:00,18,5,NE,0.6666666666666666,2,true
2021-02-19,2,21:00,20,5,NE,0.6,2,true
2021-02-19,2,22:00,22,5,NE,0.5454545454545454,2,true
2021-02-19,2,23:00,24,5,NE,0.5,2,true
2021-02-20,2,20:00,18,2,N,0.7777777777777778,0,true
2021-02-20,2,21:00,20,2,N,0.8,0,true
2021-02-20,2,22:00,22,2,N,0.8181818181818182,0,true
2021-02-20,2,23:00,24,2,N,0.8333333333333334,0,true
2021-02-21,2,20:00,18,1,N,1.0,0,false
2021-02-21,2,21:00,20,1,N,1.0,0,false
2021-02-21,2,22:00,22,1,N,1.0,0,false
2021-02-21,2,23:00,24,1,N,1.0,0,false
2021-02-22,2,20:00,18,2,N,0.8888888888888888,0,true
2021-02-22,2,21:00,20,2,N,0.9,0,true
2021-02-22,2,22:00,22,2,N,0.9090909090909091,0,true
2021-02-22,2,23:00,24,2,N,0.9166666666666666,0,true
2021-02-23,2,20:00,17,2,N,0.7647058823529411,0,true
2021-02-23,2,21:00,19,2,N,0.7894736842105263,0,true
2021-02-23,2,22:00,21,2,N,0.8095238095238095,0,true
2021-02-23,2,23:00,23,2,N,0.8260869565217391,0,true
2021-02-24,2,20:00,18,1,N,1.0,0,false
2021-02-24,2,21:00,20,1,N,1.0,0,false
2021-02-24,2,22:00,22,1,N,1.0,0,false
2021-02-24,2,23:00,24,1,N,1.0,0,false
2021-02-25,2,20:00,18,2,N,0.9444444444444444,0,true
2021-02-25,2,21:00,20,2,N,0.9,0,true
2021-02-25,2,22:00,22,2,N,0.8636363636363636,0,true
2021-02-25,2,23:00,24,2,N,0.875,0,true
2021-02-26,2,20:00,18,2,S,0.8888888888888888,18,true
2021-02-26,2,21:00,20,2,S,0.85,20,true
2021-02-26,2,22:00,22,2,S,0.8181818181818182,22,true
2021-02-26,2,23:00,24,2,S,0.8333333333333334,24,true
2021-02-27,2,20:00,18,4,S,0.4444444444444444,8,true
2021-02-27,2,21:00,20,4,N,0.4,8,true
2021-02-27,2,22:00,22,4,N,0.45454545454545453,8,true
2021-02-27,2,23:00,24,4,N,0.5,8,true
2021-02-28,2,20:00,18,1,N,1.0,0,false
2021-02-28,2,21:00,20,1,N,1.0,0,false
2021-02-28,2,22:00,22,1,N,1.0,0,false
2021-02-28,2,23:00,24,1,N,1.0,0,false
2021-03-01,3,20:00,18,2,N,0.8888888888888888,0,true
2021-03-01,3,21:00,20,2,N,0.9,0,true
2021-03-01,3,22:00,22,2,N,0.9090909090909091,0,true
2021-03-01,3,23:00,24,2,N,0.9166666666666666,0,true
2021-03-02,3,20:00,18,2,N,0.8888888888888888,0,true
2021-03-02,3,21:00,20,2,N,0.9,0,true
2021-03-02,3,22:00,22,2,N,0.9090909090909091,0,true
2021-03-02,3,23:00,24,2,N,0.9166666666666666,0,true
2021-03-03,3,20:00,18,1,N,1.0,0,false
2021-03-03,3,21:00,20,1,N,1.0,0,false
2021-03-03,3,22:00,22,1,N,1.0,0,false
2021-03-03,3,23:00,24,1,N,1.0,0,false
2021-03-04,3,20:00,18,1,N,1.0,0,false
2021-03-04,3,21:00,20,1,N,1.0,0,false
2021-03-04,3,22:00,22,1,N,1.0,0,false
2021-03-04,3,23:00,24,1,N,1.0,0,false
2021-03-05,3,20:00,18,2,NW,0.6111111111111112,0,true
2021-03-05,3,21:00,20,2,NW,0.6,0,true
2021-03-05,3,22:00,22,2,NW,0.5454545454545454,0,true
2021-03-05,3,23:00,24,2,N,0.5,0,true
2021-03-06,3,20:00,18,1,N,1.0,0,false
2021-03-06,3,21:00,20,1,N,1.0,0,false
2021-03-06,3,22:00,22,1,N,1.0,0,false
2021-03-06,3,23:00,24,1,N,1.0,0,false
2021-03-07,3,20:00,18,2,N,0.8888888888888888,0,true
2021-03-07,3,21:00,20,2,N,0.9,0,true
2021-03-07,3,22:00,22,2,N,0.9090909090909091,0,true
2021-03-07,3,23:00,24,3,N,0.875,0,true
2021-03-08,3,20:00,18,2,S,0.9444444444444444,18,true
2021-03-08,3,21:00,20,2,S,0.95,20,true
2021-03-08,3,22:00,22,2,S,0.9545454545454546,22,true
2021-03-08,3,23:00,24,2,S,0.9583333333333334,24,true
2021-03-09,3,20:00,18,4,E,0.3333333333333333,3,true
2021-03-09,3,21:00,20,4,N,0.35,3,true
2021-03-09,3,22:00,22,4,N,0.4090909090909091,3,true
2021-03-09,3,23:00,24,4,N,0.4583333333333333,3,true
2021-03-10,3,20:00,18,1,N,1.0,0,false
2021-03-10,3,21:00,20,1,N,1.0,0,false
2021-03-10,3,22:00,22,1,N,1.0,0,false
2021-03-10,3,23:00,24,1,N,1.0,0,false
2021-03-11,3,20:00,18,3,S,0.8888888888888888,17,true
2021-03-11,3,21:00,20,3,S,0.9,19,true
2021-03-11,3,22:00,22,3,S,0.9090909090909091,21,true
2021-03-11,3,23:00,24,3,S,0.9166666666666666,23,true
2021-03-12,3,20:00,18,2,S,0.6111111111111112,18,true
2021-03-12,3,21:00,20,2,S,0.65,20,true
2021-03-12,3,22:00,22,2,S,0.6818181818181818,22,true
2021-03-12,3,23:00,24,2,S,0.7083333333333334,24,true
2021-03-13,3,20:00,18,4,SE,0.6111111111111112,13,true
2021-03-13,3,21:00,20,4,SE,0.65,15,true
2021-03-13,3,22:00,22,4,SE,0.6363636363636364,16,true
2021-03-13,3,23:00,24,4,SE,0.5833333333333334,16,true
2021-03-14,3,20:00,18,2,NE,0.5555555555555556,0,true
2021-03-14,3,21:00,20,2,NE,0.6,0,true
2021-03-14,3,22:00,22,2,NE,0.5454545454545454,0,true
2021-03-14,3,23:00,24,2,N,0.5,0,true
2021-03-15,3,20:00,18,2,N,0.5555555555555556,0,true
2021-03-15,3,21:00,20,2,N,0.6,0,true
2021-03-15,3,22:00,22,2,N,0.6363636363636364,0,true
2021-03-15,3,23:00,24,2,N,0.6666666666666666,0,true
2021-03-16,3,20:00,18,1,N,1.0,0,false
2021-03-16,3,21:00,20,1,N,1.0,0,false
2021-03-16,3,22:00,22,1,N,1.0,0,false
2021-03-16,3,23:00,24,2,N,0.9583333333333334,0,true
2021-03-17,3,20:00,18,5,NE,0.3333333333333333,10,true
2021-03-17,3,21:00,20,5,NE,0.35,10,true
2021-03-17,3,22:00,22,5,NE,0.3181818181818182,10,true
2021-03-17,3,23:00,24,5,NE,0.375,10,true
2021-03-18,3,20:00,18,2,S,0.8333333333333334,18,true
2021-03-18,3,21:00,20,2,S,0.85,20,true
2021-03-18,3,22:00,22,2,S,0.8636363636363636,22,true
2021-03-18,3,23:00,24,2,S,0.875,24,true
2021-03-19,3,20:00,18,5,NE,0.5,1,true
2021-03-19,3,21:00,20,5,NE,0.5,1,true
2021-03-19,3,22:00,22,6,NE,0.45454545454545453,2,true
2021-03-19,3,23:00,24,7,NE,0.4166666666666667,4,true
2021-03-20,3,20:00,18,6,SE,0.4444444444444444,12,true
2021-03-20,3,21:00,20,6,SE,0.4,14,true
2021-03-20,3,22:00,22,6,S,0.36363636363636365,16,true
2021-03-20,3,23:00,24,6,S,0.4166666666666667,18,true
2021-03-21,3,20:00,18,1,S,1.0,18,false
2021-03-21,3,21:00,20,1,S,1.0,20,false
2021-03-21,3,22:00,22,2,S,0.9545454545454546,22,true
2021-03-21,3,23:00,24,2,S,0.875,24,true
2021-03-22,3,20:00,18,2,S,0.8888888888888888,18,true
2021-03-22,3,21:00,20,2,S,0.9,20,true
2021-03-22,3,22:00,22,2,S,0.9090909090909091,22,true
2021-03-22,3,23:00,24,2,S,0.9166666666666666,24,true
2021-03-23,3,20:00,18,2,S,0.8888888888888888,18,true
2021-03-23,3,21:00,20,2,S,0.9,20,true
2021-03-23,3,22:00,22,2,S,0.8181818181818182,22,true
2021-03-23,3,23:00,24,2,S,0.75,24,true
2021-03-24,3,20:00,18,3,NE,0.5,0,true
2021-03-24,3,21:00,20,4,NE,0.45,2,true
2021-03-24,3,22:00,22,5,NE,0.4090909090909091,4,true
2021-03-24,3,23:00,24,5,NE,0.375,6,true
2021-03-25,3,20:00,18,2,SE,0.7777777777777778,18,true
2021-03-25,3,21:00,20,2,SE,0.8,20,true
2021-03-25,3,22:00,22,4,SE,0.7272727272727273,20,true
2021-03-25,3,23:00,24,4,SE,0.6666666666666666,22,true
2021-03-26,3,20:00,18,2,N,0.7222222222222222,0,true
2021-03-26,3,21:00,20,2,N,0.7,0,true
2021-03-26,3,22:00,22,2,N,0.7272727272727273,0,true
2021-03-26,3,23:00,24,2,N,0.75,0,true
2021-03-27,3,20:00,18,1,N,1.0,0,false
2021-03-27,3,21:00,20,1,N,1.0,0,false
2021-03-27,3,22:00,22,1,N,1.0,0,false
2021-03-27,3,23:00,24,1,N,1.0,0,false
2021-03-28,3,20:00,18,1,N,1.0,0,false
2021-03-28,3,21:00,20,1,N,1.0,0,false
2021-03-28,3,22:00,22,1,N,1.0,0,false
2021-03-28,3,23:00,24,1,N,1.0,0,false
2021-03-29,3,20:00,18,1,N,1.0,0,false
2021-03-29,3,21:00,20,1,N,1.0,0,false
2021-03-29,3,22:00,22,1,N,1.0,0,false
2021-03-29,3,23:00,24,1,N,1.0,0,false
2021-03-30,3,20:00,18,2,N,0.6666666666666666,0,true
2021-03-30,3,21:00,20,3,N,0.6,1,true
2021-03-30,3,22:00,22,4,N,0.5454545454545454,3,true
2021-03-30,3,23:00,24,4,N,0.5,5,true
2021-03-31,3,20:00,18,2,N,0.8888888888888888,0,true
2021-03-31,3,21:00,20,2,N,0.9,0,true
2021-03-31,3,22:00,22,2,N,0.8636363636363636,0,true
2021-03-31,3,23:00,24,2,N,0.8333333333333334,0,true
2021-04-01,4,20:00,18,1,S,1.0,18,false
2021-04-01,4,21:00,20,1,S,1.0,20,false
2021-04-01,4,22:00,22,1,S,1.0,22,false
2021-04-01,4,23:00,24,1,S,1.0,24,false
2021-04-02,4,20:00,18,2,N,0.5555555555555556,0,true
2021-04-02,4,21:00,20,2,N,0.6,0,true
2021-04-02,4,22:00,22,2,N,0.6363636363636364,0,true
2021-04-02,4,23:00,24,2,N,0.6666666666666666,0,true
2021-04-03,4,20:00,18,2,S,0.9444444444444444,18,true
2021-04-03,4,21:00,20,2,S,0.85,20,true
2021-04-03,4,22:00,22,3,S,0.7727272727272727,20,true
2021-04-03,4,23:00,24,4,S,0.7083333333333334,20,true
2021-04-04,4,20:00,18,1,N,1.0,0,false
2021-04-04,4,21:00,20,1,N,1.0,0,false
2021-04-04,4,22:00,22,1,N,1.0,0,false
2021-04-04,4,23:00,24,1,N,1.0,0,false
2021-04-05,4,20:00,16,2,N,0.9375,0,true
2021-04-05,4,21:00,18,2,N,0.9444444444444444,0,true
2021-04-05,4,22:00,20,2,N,0.95,0,true
2021-04-05,4,23:00,22,2,N,0.9545454545454546,0,true
2021-04-06,4,20:00,16,3,SW,0.6875,14,true
2021-04-06,4,21:00,18,3,SW,0.7222222222222222,16,true
2021-04-06,4,22:00,20,3,SW,0.65,18,true
2021-04-06,4,23:00,22,3,SW,0.5909090909090909,20,true
2021-04-07,4,20:00,16,3,NE,0.75,0,true
2021-04-07,4,21:00,18,3,NE,0.7222222222222222,0,true
2021-04-07,4,22:00,20,4,NE,0.65,2,true
2021-04-07,4,23:00,22,4,NE,0.5909090909090909,4,true
2021-04-08,4,20:00,16,3,N,0.5,0,true
2021-04-08,4,21:00,18,3,N,0.4444444444444444,0,true
2021-04-08,4,22:00,20,3,N,0.5,0,true
2021-04-08,4,23:00,22,3,N,0.5454545454545454,0,true
2021-04-09,4,20:00,16,2,N,0.8125,0,true
2021-04-09,4,21:00,18,2,N,0.8333333333333334,0,true
2021-04-09,4,22:00,20,2,N,0.85,0,true
2021-04-09,4,23:00,22,2,N,0.8636363636363636,0,true
2021-04-10,4,20:00,16,2,N,0.875,0,true
2021-04-10,4,21:00,18,2,N,0.8888888888888888,0,true
2021-04-10,4,22:00,20,2,N,0.85,0,true
2021-04-10,4,23:00,22,2,N,0.8636363636363636,0,true
2021-04-11,4,20:00,16,1,N,1.0,0,false
2021-04-11,4,21:00,18,1,N,1.0,0,false
2021-04-11,4,22:00,20,1,N,1.0,0,false
2021-04-11,4,23:00,22,1,N,1.0,0,false
2021-04-12,4,20:00,16,1,N,1.0,0,false
2021-04-12,4,21:00,18,1,N,1.0,0,false
2021-04-12,4,22:00,20,1,N,1.0,0,false
2021-04-12,4,23:00,22,1,N,1.0,0,false
2021-04-13,4,20:00,16,1,N,1.0,0,false
2021-04-13,4,21:00,18,1,N,1.0,0,false
2021-04-13,4,22:00,20,1,N,1.0,0,false
2021-04-13,4,23:00,22,1,N,1.0,0,false
2021-04-14,4,20:00,16,3,N,0.4375,0,true
2021-04-14,4,21:00,18,3,N,0.5,0,true
2021-04-14,4,22:00,20,3,N,0.55,0,true
2021-04-14,4,23:00,22,4,N,0.5454545454545454,0,true
2021-04-15,4,20:00,16,2,N,0.5625,0,true
2021-04-15,4,21:00,18,2,N,0.6111111111111112,0,true
2021-04-15,4,22:00,20,2,N,0.65,0,true
2021-04-15,4,23:00,22,2,N,0.6818181818181818,0,true
2021-04-16,4,20:00,16,3,N,0.6875,0,true
2021-04-16,4,21:00,18,3,N,0.7222222222222222,0,true
2021-04-16,4,22:00,20,3,N,0.75,0,true
2021-04-16,4,23:00,22,3,N,0.7727272727272727,0,true
2021-04-17,4,20:00,16,4,S,0.625,13,true
2021-04-17,4,21:00,18,4,S,0.6666666666666666,15,true
2021-04-17,4,22:00,20,4,S,0.7,17,true
2021-04-17,4,23:00,22,4,S,0.7272727272727273,19,true
2021-04-18,4,20:00,16,2,N,0.625,0,true
2021-04-18,4,21:00,18,2,N,0.6666666666666666,0,true
2021-04-18,4,22:00,20,2,N,0.7,0,true
2021-04-18,4,23:00,22,3,N,0.6363636363636364,0,true
2021-04-19,4,20:00,16,1,N,1.0,0,false
2021-04-19,4,21:00,18,1,N,1.0,0,false
2021-04-19,4,22:00,20,1,N,1.0,0,false
2021-04-19,4,23:00,22,1,N,1.0,0,false
2021-04-20,4,20:00,16,1,N,1.0,0,false
2021-04-20,4,21:00,18,1,N,1.0,0,false
2021-04-20,4,22:00,20,1,N,1.0,0,false
2021-04-20,4,23:00,22,1,N,1.0,0,false
2021-04-21,4,20:00,16,5,NE,0.4375,2,true
2021-04-21,4,21:00,18,5,NE,0.4444444444444444,2,true
2021-04-21,4,22:00,20,5,N,0.4,3,true
2021-04-21,4,23:00,22,6,N,0.36363636363636365,5,true
2021-04-22,4,20:00,16,4,S,0.4375,7,true
2021-04-22,4,21:00,18,4,S,0.3888888888888889,7,true
2021-04-22,4,22:00,20,4,N,0.35,7,true
2021-04-22,4,23:00,22,4,N,0.4090909090909091,7,true
2021-04-23,4,20:00,16,2,N,0.875,0,true
2021-04-23,4,21:00,18,2,N,0.8888888888888888,0,true
2021-04-23,4,22:00,20,2,N,0.9,0,true
2021-04-23,4,23:00,22,2,N,0.9090909090909091,0,true
2021-04-24,4,20:00,16,1,N,1.0,0,false
2021-04-24,4,21:00,18,2,N,0.8888888888888888,0,true
2021-04-24,4,22:00,20,2,N,0.8,0,true
2021-04-24,4,23:00,22,2,N,0.7727272727272727,0,true
2021-04-25,4,20:00,16,6,S,0.5625,11,true
2021-04-25,4,21:00,18,6,S,0.5,11,true
2021-04-25,4,22:00,20,6,S,0.45,11,true
2021-04-25,4,23:00,22,6,S,0.4090909090909091,11,true
2021-04-26,4,20:00,16,3,S,0.875,15,true
2021-04-26,4,21:00,18,4,S,0.7777777777777778,15,true
2021-04-26,4,22:00,20,4,S,0.7,15,true
2021-04-26,4,23:00,22,4,S,0.6363636363636364,15,true
2021-04-27,4,20:00,16,4,S,0.4375,7,true
2021-04-27,4,21:00,18,4,S,0.5,9,true
2021-04-27,4,22:00,20,4,S,0.55,11,true
2021-04-27,4,23:00,22,4,S,0.5909090909090909,13,true
2021-04-28,4,20:00,16,5,N,0.3125,7,true
2021-04-28,4,21:00,18,5,N,0.2777777777777778,7,true
2021-04-28,4,22:00,20,5,NE,0.35,7,true
2021-04-28,4,23:00,22,5,NE,0.36363636363636365,7,true
2021-04-29,4,20:00,16,2,N,0.9375,0,true
2021-04-29,4,21:00,18,2,N,0.8333333333333334,0,true
2021-04-29,4,22:00,20,2,N,0.75,0,true
2021-04-29,4,23:00,22,2,N,0.7272727272727273,0,true
2021-04-30,4,20:00,16,2,N,0.8125,0,true
2021-04-30,4,21:00,18,2,N,0.7777777777777778,0,true
2021-04-30,4,22:00,20,2,N,0.8,0,true
2021-04-30,4,23:00,22,2,N,0.8181818181818182,0,true
2021-05-01,5,20:00,16,1,S,1.0,16,false
2021-05-01,5,21:00,18,1,S,1.0,18,false
2021-05-01,5,22:00,20,1,S,1.0,20,false
2021-05-01,5,23:00,22,1,S,1.0,22,false
2021-05-02,5,20:00,16,3,NE,0.6875,0,true
2021-05-02,5,21:00,18,3,NE,0.6666666666666666,0,true
2021-05-02,5,22:00,20,3,NE,0.6,0,true
2021-05-02,5,23:00,22,3,NE,0.5454545454545454,0,true
2021-05-03,5,20:00,16,2,NE,0.6875,0,true
2021-05-03,5,21:00,18,2,NE,0.7222222222222222,0,true
2021-05-03,5,22:00,20,2,NE,0.65,0,true
2021-05-03,5,23:00,22,2,NE,0.6363636363636364,0,true
2021-05-04,5,20:00,16,1,N,1.0,0,false
2021-05-04,5,21:00,18,1,N,1.0,0,false
2021-05-04,5,22:00,20,1,N,1.0,0,false
2021-05-04,5,23:00,22,1,N,1.0,0,false
2021-05-05,5,20:00,16,2,N,0.625,0,true
2021-05-05,5,21:00,18,2,N,0.6666666666666666,0,true
2021-05-05,5,22:00,20,2,N,0.7,0,true
2021-05-05,5,23:00,22,2,N,0.7272727272727273,0,true
2021-05-06,5,20:00,16,1,N,1.0,0,false
2021-05-06,5,21:00,18,1,N,1.0,0,false
2021-05-06,5,22:00,20,1,N,1.0,0,false
2021-05-06,5,23:00,22,2,N,0.9545454545454546,0,true
2021-05-07,5,20:00,16,1,SE,1.0,16,false
2021-05-07,5,21:00,18,1,SE,1.0,18,false
2021-05-07,5,22:00,20,2,SE,0.95,20,true
2021-05-07,5,23:00,22,3,SE,0.8636363636363636,22,true
2021-05-08,5,20:00,16,2,N,0.875,0,true
2021-05-08,5,21:00,18,2,N,0.8888888888888888,0,true
2021-05-08,5,22:00,20,2,N,0.9,0,true
2021-05-08,5,23:00,22,2,N,0.9090909090909091,0,true
2021-05-09,5,20:00,16,1,N,1.0,0,false
2021-05-09,5,21:00,18,1,N,1.0,0,false
2021-05-09,5,22:00,20,1,N,1.0,0,false
2021-05-09,5,23:00,22,1,N,1.0,0,false
2021-05-10,5,20:00,16,1,N,1.0,0,false
2021-05-10,5,21:00,18,1,N,1.0,0,false
2021-05-10,5,22:00,20,1,N,1.0,0,false
2021-05-10,5,23:00,22,1,N,1.0,0,false
2021-05-11,5,20:00,16,1,N,1.0,0,false
2021-05-11,5,21:00,18,1,N,1.0,0,false
2021-05-11,5,22:00,20,1,N,1.0,0,false
2021-05-11,5,23:00,22,1,N,1.0,0,false
2021-05-12,5,20:00,16,3,S,0.875,14,true
2021-05-12,5,21:00,18,3,S,0.8888888888888888,16,true
2021-05-12,5,22:00,20,3,S,0.9,18,true
2021-05-12,5,23:00,22,3,S,0.9090909090909091,20,true
2021-05-13,5,20:00,16,2,SE,0.8125,13,true
2021-05-13,5,21:00,18,2,SE,0.7222222222222222,13,true
2021-05-13,5,22:00,20,2,SE,0.7,14,true
2021-05-13,5,23:00,22,3,SE,0.6818181818181818,16,true
2021-05-14,5,20:00,16,3,NE,0.5,0,true
2021-05-14,5,21:00,18,3,NE,0.5,0,true
2021-05-14,5,22:00,20,3,NE,0.45,0,true
2021-05-14,5,23:00,22,3,NE,0.45454545454545453,0,true
2021-05-15,5,20:00,16,3,N,0.8125,0,true
2021-05-15,5,21:00,18,3,N,0.8333333333333334,0,true
2021-05-15,5,22:00,20,3,N,0.8,0,true
2021-05-15,5,23:00,22,3,N,0.7727272727272727,0,true
2021-05-16,5,20:00,16,1,N,1.0,0,false
2021-05-16,5,21:00,18,1,N,1.0,0,false
2021-05-16,5,22:00,20,1,N,1.0,0,false
2021-05-16,5,23:00,22,1,N,1.0,0,false
2021-05-17,5,20:00,16,3,N,0.875,0,true
2021-05-17,5,21:00,18,3,N,0.8888888888888888,0,true
2021-05-17,5,22:00,20,3,N,0.9,0,true
2021-05-17,5,23:00,22,3,N,0.9090909090909091,0,true
2021-05-18,5,20:00,16,2,N,0.6875,0,true
2021-05-18,5,21:00,18,2,N,0.6111111111111112,0,true
2021-05-18,5,22:00,20,2,N,0.55,0,true
2021-05-18,5,23:00,22,2,N,0.5,0,true
2021-05-19,5,20:00,16,2,N,0.6875,0,true
2021-05-19,5,21:00,18,2,N,0.6666666666666666,0,true
2021-05-19,5,22:00,20,2,N,0.65,0,true
2021-05-19,5,23:00,22,2,N,0.5909090909090909,0,true
2021-05-20,5,20:00,16,2,N,0.6875,0,true
2021-05-20,5,21:00,18,3,N,0.6666666666666666,0,true
2021-05-20,5,22:00,20,3,N,0.65,0,true
2021-05-20,5,23:00,22,3,N,0.6818181818181818,0,true
2021-05-21,5,20:00,16,1,N,1.0,0,false
2021-05-21,5,21:00,18,1,N,1.0,0,false
2021-05-21,5,22:00,20,1,N,1.0,0,false
2021-05-21,5,23:00,22,1,N,1.0,0,false
2021-05-22,5,20:00,16,5,NE,0.5625,4,true
2021-05-22,5,21:00,18,5,NE,0.5555555555555556,4,true
2021-05-22,5,22:00,20,6,NE,0.5,4,true
2021-05-22,5,23:00,22,7,NE,0.45454545454545453,5,true
2021-05-23,5,20:00,16,1,SE,1.0,16,false
2021-05-23,5,21:00,18,1,SE,1.0,18,false
2021-05-23,5,22:00,20,1,SE,1.0,20,false
2021-05-23,5,23:00,22,2,SE,0.9545454545454546,22,true
2021-05-24,5,20:00,16,2,S,0.75,16,true
2021-05-24,5,21:00,18,2,S,0.7222222222222222,18,true
2021-05-24,5,22:00,20,2,S,0.75,20,true
2021-05-24,5,23:00,22,2,S,0.7727272727272727,22,true
2021-05-25,5,20:00,16,2,S,0.625,16,true
2021-05-25,5,21:00,18,2,S,0.6111111111111112,18,true
2021-05-25,5,22:00,20,2,S,0.65,20,true
2021-05-25,5,23:00,22,2,S,0.6818181818181818,22,true
2021-05-26,5,20:00,16,5,E,0.5,2,true
2021-05-26,5,21:00,18,5,E,0.5,2,true
2021-05-26,5,22:00,20,5,E,0.45,2,true
2021-05-26,5,23:00,22,6,E,0.4090909090909091,4,true
2021-05-27,5,20:00,16,2,NE,0.8125,0,true
2021-05-27,5,21:00,18,2,NE,0.8333333333333334,0,true
2021-05-27,5,22:00,20,2,NE,0.8,0,true
2021-05-27,5,23:00,22,2,NE,0.7272727272727273,0,true
2021-05-28,5,20:00,16,2,N,0.9375,0,true
2021-05-28,5,21:00,18,2,N,0.9444444444444444,0,true
2021-05-28,5,22:00,20,2,N,0.95,0,true
2021-05-28,5,23:00,22,2,N,0.9545454545454546,0,true
2021-05-29,5,20:00,16,3,NE,0.5,0,true
2021-05-29,5,21:00,18,4,NE,0.5,1,true
2021-05-29,5,22:00,20,5,NE,0.45,1,true
2021-05-29,5,23:00,22,5,NE,0.4090909090909091,2,true
2021-05-30,5,20:00,16,3,NE,0.5625,0,true
2021-05-30,5,21:00,18,3,NE,0.5555555555555556,0,true
2021-05-30,5,22:00,20,4,NE,0.5,0,true
2021-05-30,5,23:00,22,4,NE,0.5,0,true
2021-05-31,5,20:00,16,8,SW,0.25,6,true
2021-05-31,5,21:00,18,8,N,0.2222222222222222,6,true
2021-05-31,5,22:00,20,8,N,0.25,6,true
2021-05-31,5,23:00,22,8,N,0.3181818181818182,6,true
2021-06-01,6,20:00,16,1,S,1.0,16,false
2021-06-01,6,21:00,18,1,S,1.0,18,false
2021-06-01,6,22:00,20,1,S,1.0,20,false
2021-06-01,6,23:00,22,1,S,1.0,22,false
2021-06-02,6,20:00,16,2,N,0.6875,0,true
2021-06-02,6,21:00,18,2,N,0.7222222222222222,0,true
2021-06-02,6,22:00,20,2,N,0.75,0,true
2021-06-02,6,23:00,22,2,N,0.7272727272727273,0,true
2021-06-03,6,20:00,16,2,N,0.875,0,true
2021-06-03,6,21:00,18,2,N,0.8333333333333334,0,true
2021-06-03,6,22:00,20,2,N,0.75,0,true
2021-06-03,6,23:00,22,2,N,0.7727272727272727,0,true
2021-06-04,6,20:00,16,2,N,0.8125,0,true
2021-06-04,6,21:00,18,2,N,0.8333333333333334,0,true
2021-06-04,6,22:00,20,2,N,0.85,0,true
2021-06-04,6,23:00,22,2,N,0.8636363636363636,0,true
2021-06-05,6,20:00,16,1,N,1.0,0,false
2021-06-05,6,21:00,18,1,N,1.0,0,false
2021-06-05,6,22:00,20,1,N,1.0,0,false
2021-06-05,6,23:00,22,1,N,1.0,0,false
2021-06-06,6,20:00,16,1,N,1.0,0,false
2021-06-06,6,21:00,18,1,N,1.0,0,false
2021-06-06,6,22:00,20,1,N,1.0,0,false
2021-06-06,6,23:00,22,1,N,1.0,0,false
2021-06-07,6,20:00,16,6,S,0.6875,12,true
2021-06-07,6,21:00,18,6,S,0.7222222222222222,14,true
2021-06-07,6,22:00,20,6,S,0.75,16,true
2021-06-07,6,23:00,22,6,S,0.7727272727272727,18,true
2021-06-08,6,20:00,16,4,E,0.5625,4,true
2021-06-08,6,21:00,18,4,E,0.5555555555555556,4,true
2021-06-08,6,22:00,20,4,E,0.5,4,true
2021-06-08,6,23:00,22,4,E,0.5,5,true
2021-06-09,6,20:00,16,3,NE,0.5625,0,true
2021-06-09,6,21:00,18,3,NE,0.5555555555555556,0,true
2021-06-09,6,22:00,20,3,NE,0.5,0,true
2021-06-09,6,23:00,22,4,NE,0.45454545454545453,1,true
2021-06-10,6,20:00,16,2,N,0.875,0,true
2021-06-10,6,21:00,18,2,N,0.8888888888888888,0,true
2021-06-10,6,22:00,20,2,N,0.9,0,true
2021-06-10,6,23:00,22,2,N,0.9090909090909091,0,true
2021-06-11,6,20:00,16,4,S,0.5625,9,true
2021-06-11,6,21:00,18,4,S,0.5,9,true
2021-06-11,6,22:00,20,4,S,0.45,9,true
2021-06-11,6,23:00,22,4,S,0.4090909090909091,9,true
2021-06-12,6,20:00,16,6,S,0.4375,11,true
2021-06-12,6,21:00,18,7,S,0.3888888888888889,11,true
2021-06-12,6,22:00,20,8,S,0.35,11,true
2021-06-12,6,23:00,22,8,S,0.3181818181818182,12,true
2021-06-13,6,20:00,16,1,N,1.0,0,false
2021-06-13,6,21:00,18,1,N,1.0,0,false
2021-06-13,6,22:00,20,1,N,1.0,0,false
2021-06-13,6,23:00,22,1,N,1.0,0,false
2021-06-14,6,20:00,16,1,N,1.0,0,false
2021-06-14,6,21:00,18,1,N,1.0,0,false
2021-06-14,6,22:00,20,1,N,1.0,0,false
2021-06-14,6,23:00,22,1,N,1.0,0,false
2021-06-15,6,20:00,16,2,N,0.8125,0,true
2021-06-15,6,21:00,18,2,N,0.8333333333333334,0,true
2021-06-15,6,22:00,20,2,N,0.85,0,true
2021-06-15,6,23:00,22,2,N,0.8636363636363636,0,true
2021-06-16,6,20:00,16,2,N,0.875,0,true
2021-06-16,6,21:00,18,3,N,0.7777777777777778,2,true
2021-06-16,6,22:00,20,3,N,0.7,4,true
2021-06-16,6,23:00,22,3,N,0.6363636363636364,6,true
2021-06-17,6,20:00,16,5,S,0.5625,9,true
2021-06-17,6,21:00,18,6,S,0.5555555555555556,11,true
2021-06-17,6,22:00,20,6,S,0.55,13,true
2021-06-17,6,23:00,22,6,S,0.5909090909090909,15,true
2021-06-18,6,20:00,16,1,S,1.0,16,false
2021-06-18,6,21:00,18,1,S,1.0,18,false
2021-06-18,6,22:00,20,1,S,1.0,20,false
2021-06-18,6,23:00,22,1,S,1.0,22,false
2021-06-19,6,20:00,16,1,S,1.0,16,false
2021-06-19,6,21:00,18,1,S,1.0,18,false
2021-06-19,6,22:00,20,1,S,1.0,20,false
2021-06-19,6,23:00,22,1,S,1.0,22,false
2021-06-20,6,20:00,16,2,S,0.6875,16,true
2021-06-20,6,21:00,18,2,S,0.7222222222222222,18,true
2021-06-20,6,22:00,20,2,S,0.75,20,true
2021-06-20,6,23:00,22,2,S,0.7727272727272727,22,true
2021-06-21,6,20:00,16,2,SE,0.8125,16,true
2021-06-21,6,21:00,18,2,SE,0.7222222222222222,18,true
2021-06-21,6,22:00,20,2,SE,0.65,20,true
2021-06-21,6,23:00,22,2,SE,0.5909090909090909,22,true
2021-06-22,6,20:00,16,1,S,1.0,16,false
2021-06-22,6,21:00,18,1,S,1.0,18,false
2021-06-22,6,22:00,20,1,S,1.0,20,false
2021-06-22,6,23:00,22,1,S,1.0,22,false
2021-06-23,6,20:00,16,2,S,0.625,16,true
2021-06-23,6,21:00,18,2,S,0.5555555555555556,18,true
2021-06-23,6,22:00,20,2,S,0.5,20,true
2021-06-23,6,23:00,22,2,S,0.5,22,true
2021-06-24,6,20:00,16,2,N,0.875,0,true
2021-06-24,6,21:00,18,2,N,0.8888888888888888,0,true
2021-06-24,6,22:00,20,2,N,0.9,0,true
2021-06-24,6,23:00,22,3,N,0.8636363636363636,0,true
2021-06-25,6,20:00,16,2,N,0.75,0,true
2021-06-25,6,21:00,18,2,N,0.6666666666666666,0,true
2021-06-25,6,22:00,20,2,N,0.65,0,true
2021-06-25,6,23:00,22,2,N,0.6818181818181818,0,true
2021-06-26,6,20:00,16,2,N,0.9375,0,true
2021-06-26,6,21:00,18,2,N,0.8333333333333334,0,true
2021-06-26,6,22:00,20,2,N,0.8,0,true
2021-06-26,6,23:00,22,2,N,0.8181818181818182,0,true
2021-06-27,6,20:00,16,2,N,0.75,0,true
2021-06-27,6,21:00,18,2,N,0.7777777777777778,0,true
2021-06-27,6,22:00,20,2,N,0.8,0,true
2021-06-27,6,23:00,22,2,N,0.8181818181818182,0,true
2021-06-28,6,20:00,16,2,NW,0.625,0,true
2021-06-28,6,21:00,18,2,NW,0.6666666666666666,0,true
2021-06-28,6,22:00,20,2,NW,0.7,0,true
2021-06-28,6,23:00,22,2,NW,0.7272727272727273,0,true
2021-06-29,6,20:00,16,3,S,0.75,14,true
2021-06-29,6,21:00,18,3,S,0.7777777777777778,16,true
2021-06-29,6,22:00,20,3,S,0.8,18,true
2021-06-29,6,23:00,22,3,S,0.8181818181818182,20,true
2021-06-30,6,20:00,16,2,S,0.875,16,true
2021-06-30,6,21:00,18,2,S,0.7777777777777778,18,true
2021-06-30,6,22:00,20,2,S,0.7,20,true
2021-06-30,6,23:00,22,2,S,0.6363636363636364,22,true
2021-07-01,7,20:00,16,1,S,1.0,16,false
2021-07-01,7,21:00,18,1,S,1.0,18,false
2021-07-01,7,22:00,20,2,S,0.95,20,true
2021-07-01,7,23:00,22,2,S,0.8636363636363636,22,true
2021-07-02,7,20:00,16,3,N,0.6875,0,true
2021-07-02,7,21:00,18,3,N,0.7222222222222222,0,true
2021-07-02,7,22:00,20,3,N,0.75,0,true
2021-07-02,7,23:00,22,3,N,0.7727272727272727,0,true
2021-07-03,7,20:00,16,2,NE,0.6875,0,true
2021-07-03,7,21:00,18,2,NE,0.6666666666666666,0,true
2021-07-03,7,22:00,20,2,NE,0.6,0,true
2021-07-03,7,23:00,22,2,NE,0.5909090909090909,0,true
2021-07-04,7,20:00,16,2,N,0.875,0,true
2021-07-04,7,21:00,18,2,N,0.8888888888888888,0,true
2021-07-04,7,22:00,20,3,N,0.85,0,true
2021-07-04,7,23:00,22,3,N,0.8636363636363636,0,true
2021-07-05,7,20:00,16,2,N,0.8125,0,true
2021-07-05,7,21:00,18,2,N,0.8333333333333334,0,true
2021-07-05,7,22:00,20,2,N,0.85,0,true
2021-07-05,7,23:00,22,2,N,0.8636363636363636,0,true
2021-07-06,7,20:00,16,1,N,1.0,0,false
2021-07-06,7,21:00,18,1,N,1.0,0,false
2021-07-06,7,22:00,20,1,N,1.0,0,false
2021-07-06,7,23:00,22,1,N,1.0,0,false
2021-07-07,7,20:00,16,2,N,0.9375,0,true
2021-07-07,7,21:00,18,2,N,0.8333333333333334,0,true
2021-07-07,7,22:00,20,2,N,0.8,0,true
2021-07-07,7,23:00,22,2,N,0.7727272727272727,0,true
2021-07-08,7,20:00,16,6,SE,0.3125,6,true
2021-07-08,7,21:00,18,6,NE,0.2777777777777778,6,true
2021-07-08,7,22:00,20,6,NE,0.25,6,true
2021-07-08,7,23:00,22,7,SE,0.2727272727272727,8,true
2021-07-09,7,20:00,16,2,NE,0.75,0,true
2021-07-09,7,21:00,18,2,NE,0.7777777777777778,0,true
2021-07-09,7,22:00,20,2,NE,0.75,0,true
2021-07-09,7,23:00,22,2,NE,0.6818181818181818,0,true
2021-07-10,7,20:00,16,3,S,0.875,15,true
2021-07-10,7,21:00,18,3,S,0.8888888888888888,17,true
2021-07-10,7,22:00,20,4,S,0.85,18,true
2021-07-10,7,23:00,22,5,S,0.7727272727272727,18,true
2021-07-11,7,20:00,16,1,S,1.0,16,false
2021-07-11,7,21:00,18,1,S,1.0,18,false
2021-07-11,7,22:00,20,1,S,1.0,20,false
2021-07-11,7,23:00,22,1,S,1.0,22,false
2021-07-12,7,20:00,16,3,N,0.5625,0,true
2021-07-12,7,21:00,18,3,N,0.5555555555555556,0,true
2021-07-12,7,22:00,20,3,N,0.5,0,true
2021-07-12,7,23:00,22,3,N,0.5,0,true
2021-07-13,7,20:00,16,4,SE,0.375,6,true
2021-07-13,7,21:00,18,4,SE,0.4444444444444444,8,true
2021-07-13,7,22:00,20,4,SE,0.5,10,true
2021-07-13,7,23:00,22,5,SE,0.45454545454545453,12,true
2021-07-14,7,20:00,16,2,N,0.5,0,true
2021-07-14,7,21:00,18,2,N,0.5555555555555556,0,true
2021-07-14,7,22:00,20,2,N,0.55,0,true
2021-07-14,7,23:00,22,2,N,0.5909090909090909,0,true
2021-07-15,7,20:00,16,1,N,1.0,0,false
2021-07-15,7,21:00,18,1,N,1.0,0,false
2021-07-15,7,22:00,20,1,N,1.0,0,false
2021-07-15,7,23:00,22,1,N,1.0,0,false
2021-07-16,7,20:00,16,1,N,1.0,0,false
2021-07-16,7,21:00,18,1,N,1.0,0,false
2021-07-16,7,22:00,20,1,N,1.0,0,false
2021-07-16,7,23:00,22,1,N,1.0,0,false
2021-07-17,7,20:00,16,1,N,1.0,0,false
2021-07-17,7,21:00,18,1,N,1.0,0,false
2021-07-17,7,22:00,20,1,N,1.0,0,false
2021-07-17,7,23:00,22,1,N,1.0,0,false
2021-07-18,7,20:00,16,2,N,0.5625,0,true
2021-07-18,7,21:00,18,2,N,0.5,0,true
2021-07-18,7,22:00,20,2,N,0.55,0,true
2021-07-18,7,23:00,22,2,N,0.5909090909090909,0,true
2021-07-19,7,20:00,16,2,S,0.9375,16,true
2021-07-19,7,21:00,18,2,S,0.9444444444444444,18,true
2021-07-19,7,22:00,20,2,S,0.95,20,true
2021-07-19,7,23:00,22,2,S,0.9545454545454546,22,true
2021-07-20,7,20:00,16,3,S,0.8125,13,true
2021-07-20,7,21:00,18,4,S,0.7222222222222222,13,true
2021-07-20,7,22:00,20,4,S,0.65,13,true
2021-07-20,7,23:00,22,4,S,0.5909090909090909,13,true
2021-07-21,7,20:00,16,1,N,1.0,0,false
2021-07-21,7,21:00,18,1,N,1.0,0,false
2021-07-21,7,22:00,20,1,N,1.0,0,false
2021-07-21,7,23:00,22,1,N,1.0,0,false
2021-07-22,7,20:00,16,1,N,1.0,0,false
2021-07-22,7,21:00,18,1,N,1.0,0,false
2021-07-22,7,22:00,20,1,N,1.0,0,false
2021-07-22,7,23:00,22,1,N,1.0,0,false
2021-07-23,7,20:00,16,1,S,1.0,16,false
2021-07-23,7,21:00,18,1,S,1.0,18,false
2021-07-23,7,22:00,20,2,S,0.95,20,true
2021-07-23,7,23:00,22,2,S,0.8636363636363636,22,true
2021-07-24,7,20:00,16,2,NE,0.625,0,true
2021-07-24,7,21:00,18,2,NE,0.5555555555555556,0,true
2021-07-24,7,22:00,20,2,N,0.5,0,true
2021-07-24,7,23:00,22,2,N,0.5454545454545454,0,true
2021-07-25,7,20:00,16,2,N,0.5,0,true
2021-07-25,7,21:00,18,2,N,0.5555555555555556,0,true
2021-07-25,7,22:00,20,2,N,0.6,0,true
2021-07-25,7,23:00,22,2,N,0.6363636363636364,0,true
2021-07-26,7,20:00,16,2,N,0.6875,0,true
2021-07-26,7,21:00,18,2,N,0.7222222222222222,0,true
2021-07-26,7,22:00,20,2,N,0.75,0,true
2021-07-26,7,23:00,22,2,N,0.6818181818181818,0,true
2021-07-27,7,20:00,16,1,N,1.0,0,false
2021-07-27,7,21:00,18,1,N,1.0,0,false
2021-07-27,7,22:00,20,2,N,0.95,0,true
2021-07-27,7,23:00,22,4,N,0.8636363636363636,1,true
2021-07-28,7,20:00,16,3,NE,0.4375,5,true
2021-07-28,7,21:00,18,3,NE,0.3888888888888889,5,true
2021-07-28,7,22:00,20,3,N,0.4,5,true
2021-07-28,7,23:00,22,3,N,0.45454545454545453,5,true
2021-07-29,7,20:00,16,3,N,0.6875,0,true
2021-07-29,7,21:00,18,3,N,0.7222222222222222,0,true
2021-07-29,7,22:00,20,3,N,0.75,0,true
2021-07-29,7,23:00,22,3,N,0.7727272727272727,0,true
2021-07-30,7,20:00,16,2,N,0.5625,0,true
2021-07-30,7,21:00,18,2,N,0.6111111111111112,0,true
2021-07-30,7,22:00,20,2,N,0.65,0,true
2021-07-30,7,23:00,22,2,N,0.6818181818181818,0,true
2021-07-31,7,20:00,16,2,NE,0.6875,0,true
2021-07-31,7,21:00,18,2,NE,0.7222222222222222,0,true
2021-07-31,7,22:00,20,2,NE,0.7,0,true
2021-07-31,7,23:00,22,2,NE,0.6363636363636364,0,true
2021-08-01,8,20:00,16,2,NE,0.6875,0,true
2021-08-01,8,21:00,18,2,NE,0.7222222222222222,0,true
2021-08-01,8,22:00,20,2,NE,0.65,0,true
2021-08-01,8,23:00,22,2,NE,0.5909090909090909,0,true
2021-08-02,8,20:00,16,2,NE,0.625,0,true
2021-08-02,8,21:00,18,2,NE,0.6111111111111112,0,true
2021-08-02,8,22:00,20,2,NE,0.55,0,true
2021-08-02,8,23:00,22,2,N,0.5,0,true
2021-08-03,8,20:00,16,6,N,0.3125,5,true
2021-08-03,8,21:00,18,6,N,0.2777777777777778,7,true
2021-08-03,8,22:00,20,6,S,0.35,9,true
2021-08-03,8,23:00,22,6,S,0.4090909090909091,11,true
2021-08-04,8,20:00,16,1,S,1.0,16,false
2021-08-04,8,21:00,18,1,S,1.0,18,false
2021-08-04,8,22:00,20,1,S,1.0,20,false
2021-08-04,8,23:00,22,1,S,1.0,22,false
2021-08-05,8,20:00,16,3,N,0.5625,0,true
2021-08-05,8,21:00,18,3,N,0.5,0,true
2021-08-05,8,22:00,20,3,N,0.55,0,true
2021-08-05,8,23:00,22,3,N,0.5454545454545454,0,true
2021-08-06,8,20:00,16,2,N,0.5,0,true
2021-08-06,8,21:00,18,2,N,0.5,0,true
2021-08-06,8,22:00,20,3,NE,0.5,0,true
2021-08-06,8,23:00,22,4,NE,0.5,0,true
2021-08-07,8,20:00,16,3,N,0.4375,3,true
2021-08-07,8,21:00,18,3,N,0.4444444444444444,3,true
2021-08-07,8,22:00,20,3,NE,0.45,3,true
2021-08-07,8,23:00,22,3,N,0.45454545454545453,3,true
2021-08-08,8,20:00,16,2,N,0.875,0,true
2021-08-08,8,21:00,18,2,N,0.8888888888888888,0,true
2021-08-08,8,22:00,20,2,N,0.85,0,true
2021-08-08,8,23:00,22,2,N,0.8636363636363636,0,true
2021-08-09,8,20:00,16,2,S,0.9375,16,true
2021-08-09,8,21:00,18,2,S,0.9444444444444444,18,true
2021-08-09,8,22:00,19,2,S,0.9473684210526315,19,true
2021-08-09,8,23:00,21,3,S,0.9047619047619048,21,true
2021-08-10,8,20:00,16,3,SW,0.5625,9,true
2021-08-10,8,21:00,18,3,SW,0.5,9,true
2021-08-10,8,22:00,20,4,SW,0.45,9,true
2021-08-10,8,23:00,22,4,NE,0.4090909090909091,9,true
2021-08-11,8,20:00,16,2,N,0.75,0,true
2021-08-11,8,21:00,18,2,N,0.6666666666666666,0,true
2021-08-11,8,22:00,20,2,N,0.6,0,true
2021-08-11,8,23:00,22,2,N,0.6363636363636364,0,true
2021-08-12,8,20:00,16,2,N,0.625,0,true
2021-08-12,8,21:00,18,2,N,0.6666666666666666,0,true
2021-08-12,8,22:00,20,2,N,0.7,0,true
2021-08-12,8,23:00,22,2,N,0.7272727272727273,0,true
2021-08-13,8,20:00,16,2,N,0.8125,0,true
2021-08-13,8,21:00,18,2,N,0.7222222222222222,0,true
2021-08-13,8,22:00,20,3,N,0.65,1,true
2021-08-13,8,23:00,22,3,N,0.5909090909090909,3,true
2021-08-14,8,20:00,16,2,N,0.5,0,true
2021-08-14,8,21:00,18,2,N,0.5555555555555556,0,true
2021-08-14,8,22:00,20,2,N,0.6,0,true
2021-08-14,8,23:00,22,2,N,0.6363636363636364,0,true
2021-08-15,8,20:00,16,2,N,0.875,0,true
2021-08-15,8,21:00,18,2,N,0.8888888888888888,0,true
2021-08-15,8,22:00,20,2,N,0.9,0,true
2021-08-15,8,23:00,22,2,N,0.8636363636363636,0,true
2021-08-16,8,20:00,16,1,N,1.0,0,false
2021-08-16,8,21:00,18,1,N,1.0,0,false
2021-08-16,8,22:00,20,1,N,1.0,0,false
2021-08-16,8,23:00,22,1,N,1.0,0,false
2021-08-17,8,20:00,16,1,N,1.0,0,false
2021-08-17,8,21:00,18,1,N,1.0,0,false
2021-08-17,8,22:00,20,1,N,1.0,0,false
2021-08-17,8,23:00,22,1,N,1.0,0,false
2021-08-18,8,20:00,16,3,N,0.5,0,true
2021-08-18,8,21:00,18,5,N,0.4444444444444444,1,true
2021-08-18,8,22:00,20,5,N,0.4,3,true
2021-08-18,8,23:00,22,6,N,0.36363636363636365,5,true
2021-08-19,8,20:00,16,2,N,0.625,0,true
2021-08-19,8,21:00,18,2,N,0.6111111111111112,0,true
2021-08-19,8,22:00,20,2,N,0.55,0,true
2021-08-19,8,23:00,22,2,N,0.5909090909090909,0,true
2021-08-20,8,20:00,16,3,N,0.75,0,true
2021-08-20,8,21:00,18,3,N,0.6666666666666666,0,true
2021-08-20,8,22:00,20,5,N,0.6,2,true
2021-08-20,8,23:00,22,5,N,0.5454545454545454,4,true
2021-08-21,8,20:00,16,4,S,0.6875,14,true
2021-08-21,8,21:00,18,4,S,0.6111111111111112,14,true
2021-08-21,8,22:00,20,5,S,0.55,14,true
2021-08-21,8,23:00,22,5,S,0.5,14,true
2021-08-22,8,20:00,16,2,NE,0.6875,0,true
2021-08-22,8,21:00,18,2,NE,0.6111111111111112,0,true
2021-08-22,8,22:00,20,2,NE,0.55,0,true
2021-08-22,8,23:00,22,2,N,0.5,0,true
2021-08-23,8,20:00,16,1,N,1.0,0,false
2021-08-23,8,21:00,18,1,N,1.0,0,false
2021-08-23,8,22:00,20,1,N,1.0,0,false
2021-08-23,8,23:00,22,1,N,1.0,0,false
2021-08-24,8,20:00,16,1,N,1.0,0,false
2021-08-24,8,21:00,18,1,N,1.0,0,false
2021-08-24,8,22:00,20,1,N,1.0,0,false
2021-08-24,8,23:00,22,1,N,1.0,0,false
2021-08-25,8,20:00,16,1,N,1.0,0,false
2021-08-25,8,21:00,18,1,N,1.0,0,false
2021-08-25,8,22:00,20,1,N,1.0,0,false
2021-08-25,8,23:00,22,1,N,1.0,0,false
2021-08-26,8,20:00,16,2,N,0.75,0,true
2021-08-26,8,21:00,18,2,N,0.7777777777777778,0,true
2021-08-26,8,22:00,20,2,N,0.8,0,true
2021-08-26,8,23:00,22,2,N,0.8181818181818182,0,true
2021-08-27,8,20:00,16,2,N,0.875,0,true
2021-08-27,8,21:00,18,2,N,0.8888888888888888,0,true
2021-08-27,8,22:00,20,2,N,0.9,0,true
2021-08-27,8,23:00,22,2,N,0.9090909090909091,0,true
2021-08-28,8,20:00,16,3,N,0.6875,0,true
2021-08-28,8,21:00,18,4,N,0.6111111111111112,2,true
2021-08-28,8,22:00,20,4,N,0.55,4,true
2021-08-28,8,23:00,22,4,N,0.5,6,true
2021-08-29,8,20:00,16,4,NE,0.5,2,true
2021-08-29,8,21:00,18,6,NE,0.4444444444444444,4,true
2021-08-29,8,22:00,20,6,NE,0.4,6,true
2021-08-29,8,23:00,22,6,NE,0.36363636363636365,8,true
2021-08-30,8,20:00,16,1,S,1.0,16,false
2021-08-30,8,21:00,18,1,S,1.0,18,false
2021-08-30,8,22:00,20,2,S,0.95,20,true
2021-08-30,8,23:00,22,2,S,0.9090909090909091,22,true
2021-08-31,8,20:00,16,1,SE,1.0,16,false
2021-08-31,8,21:00,18,1,SE,1.0,18,false
2021-08-31,8,22:00,20,1,SE,1.0,20,false
2021-08-31,8,23:00,22,2,SE,0.9545454545454546,22,true
2021-09-01,9,20:00,16,4,NE,0.375,4,true
2021-09-01,9,21:00,18,4,NE,0.3888888888888889,4,true
2021-09-01,9,22:00,20,5,NE,0.35,4,true
2021-09-01,9,23:00,22,6,NE,0.3181818181818182,6,true
2021-09-02,9,20:00,16,2,NE,0.5625,0,true
2021-09-02,9,21:00,18,2,N,0.5,0,true
2021-09-02,9,22:00,20,2,N,0.5,0,true
2021-09-02,9,23:00,22,2,N,0.5,0,true
2021-09-03,9,20:00,16,3,NE,0.75,2,true
2021-09-03,9,21:00,18,3,NE,0.6666666666666666,2,true
2021-09-03,9,22:00,20,3,NE,0.6,2,true
2021-09-03,9,23:00,22,3,NE,0.5454545454545454,2,true
2021-09-04,9,20:00,16,2,N,0.6875,0,true
2021-09-04,9,21:00,18,2,N,0.7222222222222222,0,true
2021-09-04,9,22:00,20,2,N,0.75,0,true
2021-09-04,9,23:00,22,2,N,0.7727272727272727,0,true
2021-09-05,9,20:00,16,2,N,0.9375,0,true
2021-09-05,9,21:00,18,2,N,0.9444444444444444,0,true
2021-09-05,9,22:00,20,2,N,0.95,0,true
2021-09-05,9,23:00,22,2,N,0.9090909090909091,0,true
2021-09-06,9,20:00,16,1,N,1.0,0,false
2021-09-06,9,21:00,18,1,N,1.0,0,false
2021-09-06,9,22:00,20,1,N,1.0,0,false
2021-09-06,9,23:00,22,1,N,1.0,0,false
2021-09-07,9,20:00,16,1,N,1.0,0,false
2021-09-07,9,21:00,18,1,N,1.0,0,false
2021-09-07,9,22:00,20,1,N,1.0,0,false
2021-09-07,9,23:00,22,1,N,1.0,0,false
2021-09-08,9,20:00,16,2,N,0.8125,0,true
2021-09-08,9,21:00,18,2,N,0.8333333333333334,0,true
2021-09-08,9,22:00,20,3,N,0.8,0,true
2021-09-08,9,23:00,22,4,N,0.7272727272727273,1,true
2021-09-09,9,20:00,16,2,NE,0.5625,0,true
2021-09-09,9,21:00,18,2,NE,0.5555555555555556,0,true
2021-09-09,9,22:00,20,2,N,0.5,0,true
2021-09-09,9,23:00,22,2,N,0.5454545454545454,0,true
2021-09-10,9,20:00,16,2,N,0.9375,0,true
2021-09-10,9,21:00,18,2,N,0.9444444444444444,0,true
2021-09-10,9,22:00,20,2,N,0.95,0,true
2021-09-10,9,23:00,22,2,N,0.9545454545454546,0,true
2021-09-11,9,20:00,16,4,S,0.5625,9,true
2021-09-11,9,21:00,18,5,S,0.5555555555555556,11,true
2021-09-11,9,22:00,20,5,S,0.55,13,true
2021-09-11,9,23:00,22,6,S,0.5454545454545454,15,true
2021-09-12,9,20:00,16,2,N,0.9375,0,true
2021-09-12,9,21:00,18,2,N,0.9444444444444444,0,true
2021-09-12,9,22:00,20,2,N,0.95,0,true
2021-09-12,9,23:00,22,2,N,0.9545454545454546,0,true
2021-09-13,9,20:00,16,1,N,1.0,0,false
2021-09-13,9,21:00,18,1,N,1.0,0,false
2021-09-13,9,22:00,20,1,N,1.0,0,false
2021-09-13,9,23:00,22,1,N,1.0,0,false
2021-09-14,9,20:00,16,2,SE,0.625,16,true
2021-09-14,9,21:00,18,2,SE,0.5555555555555556,18,true
2021-09-14,9,22:00,20,2,S,0.5,20,true
2021-09-14,9,23:00,22,2,S,0.5454545454545454,22,true
2021-09-15,9,20:00,16,2,S,0.5,16,true
2021-09-15,9,21:00,18,2,S,0.5,18,true
2021-09-15,9,22:00,20,2,S,0.55,20,true
2021-09-15,9,23:00,22,2,S,0.5909090909090909,22,true
2021-09-16,9,20:00,16,3,S,0.75,16,true
2021-09-16,9,21:00,18,3,S,0.7222222222222222,18,true
2021-09-16,9,22:00,20,3,S,0.7,20,true
2021-09-16,9,23:00,22,3,S,0.7272727272727273,22,true
2021-09-17,9,20:00,16,2,S,0.9375,16,true
2021-09-17,9,21:00,18,2,S,0.8888888888888888,18,true
2021-09-17,9,22:00,20,2,S,0.9,20,true
2021-09-17,9,23:00,22,2,S,0.9090909090909091,22,true
2021-09-18,9,20:00,16,4,S,0.6875,14,true
2021-09-18,9,21:00,18,4,S,0.6111111111111112,15,true
2021-09-18,9,22:00,20,4,S,0.55,17,true
2021-09-18,9,23:00,22,4,S,0.5909090909090909,19,true
2021-09-19,9,20:00,16,2,N,0.625,0,true
2021-09-19,9,21:00,18,2,N,0.6666666666666666,0,true
2021-09-19,9,22:00,20,2,N,0.7,0,true
2021-09-19,9,23:00,22,2,N,0.7272727272727273,0,true
2021-09-20,9,20:00,16,3,N,0.75,1,true
2021-09-20,9,21:00,18,5,N,0.6666666666666666,2,true
2021-09-20,9,22:00,20,6,N,0.6,4,true
2021-09-20,9,23:00,22,6,N,0.5454545454545454,6,true
2021-09-21,9,20:00,16,2,N,0.9375,0,true
2021-09-21,9,21:00,18,2,N,0.9444444444444444,0,true
2021-09-21,9,22:00,20,2,N,0.95,0,true
2021-09-21,9,23:00,22,3,N,0.9090909090909091,0,true
2021-09-22,9,20:00,16,3,N,0.8125,0,true
2021-09-22,9,21:00,18,3,N,0.7777777777777778,0,true
2021-09-22,9,22:00,20,4,N,0.75,0,true
2021-09-22,9,23:00,22,6,N,0.6818181818181818,2,true
2021-09-23,9,20:00,16,6,SW,0.3125,8,true
2021-09-23,9,21:00,18,6,SW,0.3333333333333333,10,true
2021-09-23,9,22:00,20,6,SW,0.3,11,true
2021-09-23,9,23:00,22,6,SW,0.2727272727272727,11,true
2021-09-24,9,20:00,16,1,N,1.0,0,false
2021-09-24,9,21:00,18,1,N,1.0,0,false
2021-09-24,9,22:00,20,1,N,1.0,0,false
2021-09-24,9,23:00,22,1,N,1.0,0,false
2021-09-25,9,20:00,16,2,N,0.9375,0,true
2021-09-25,9,21:00,18,2,N,0.9444444444444444,0,true
2021-09-25,9,22:00,20,2,N,0.95,0,true
2021-09-25,9,23:00,22,2,N,0.9545454545454546,0,true
2021-09-26,9,20:00,16,2,NW,0.9375,0,true
2021-09-26,9,21:00,18,2,NW,0.9444444444444444,0,true
2021-09-26,9,22:00,20,2,NW,0.95,0,true
2021-09-26,9,23:00,22,3,NW,0.8636363636363636,1,true
2021-09-27,9,20:00,18,2,S,0.6111111111111112,18,true
2021-09-27,9,21:00,20,2,S,0.6,20,true
2021-09-27,9,22:00,22,2,S,0.5909090909090909,22,true
2021-09-27,9,23:00,24,2,S,0.5416666666666666,24,true
2021-09-28,9,20:00,18,2,S,0.8333333333333334,18,true
2021-09-28,9,21:00,20,2,S,0.85,20,true
2021-09-28,9,22:00,22,2,S,0.8636363636363636,22,true
2021-09-28,9,23:00,24,2,S,0.875,24,true
2021-09-29,9,20:00,18,2,N,0.7222222222222222,0,true
2021-09-29,9,21:00,20,2,N,0.7,0,true
2021-09-29,9,22:00,22,2,N,0.6363636363636364,0,true
2021-09-29,9,23:00,24,2,N,0.6666666666666666,0,true
2021-09-30,9,20:00,18,3,N,0.5555555555555556,3,true
2021-09-30,9,21:00,20,3,N,0.5,5,true
2021-09-30,9,22:00,22,3,N,0.45454545454545453,7,true
2021-09-30,9,23:00,24,3,N,0.4166666666666667,9,true
2021-10-01,10,20:00,18,2,N,0.5,0,true
2021-10-01,10,21:00,20,2,N,0.5,0,true
2021-10-01,10,22:00,22,2,N,0.5,0,true
2021-10-01,10,23:00,24,2,N,0.5416666666666666,0,true
2021-10-02,10,20:00,18,1,N,1.0,0,false
2021-10-02,10,21:00,20,1,N,1.0,0,false
2021-10-02,10,22:00,22,1,N,1.0,0,false
2021-10-02,10,23:00,24,1,N,1.0,0,false
2021-10-03,10,20:00,18,1,N,1.0,0,false
2021-10-03,10,21:00,20,1,N,1.0,0,false
2021-10-03,10,22:00,22,1,N,1.0,0,false
2021-10-03,10,23:00,24,1,N,1.0,0,false
2021-10-04,10,20:00,18,6,N,0.5,1,true
2021-10-04,10,21:00,20,6,N,0.5,1,true
2021-10-04,10,22:00,22,6,N,0.45454545454545453,2,true
2021-10-04,10,23:00,24,7,N,0.4166666666666667,4,true
2021-10-05,10,20:00,14,7,N,0.2857142857142857,3,true
2021-10-05,10,21:00,15,7,N,0.26666666666666666,3,true
2021-10-05,10,22:00,17,7,NE,0.29411764705882354,3,true
2021-10-05,10,23:00,19,7,NE,0.2631578947368421,5,true
2021-10-06,10,20:00,15,2,N,0.8666666666666667,0,true
2021-10-06,10,21:00,17,2,N,0.8823529411764706,0,true
2021-10-06,10,22:00,19,2,N,0.8947368421052632,0,true
2021-10-06,10,23:00,21,2,N,0.9047619047619048,0,true
2021-10-07,10,20:00,18,1,N,1.0,0,false
2021-10-07,10,21:00,20,1,N,1.0,0,false
2021-10-07,10,22:00,22,1,N,1.0,0,false
2021-10-07,10,23:00,24,1,N,1.0,0,false
2021-10-08,10,20:00,17,2,N,0.9411764705882353,0,true
2021-10-08,10,21:00,19,2,N,0.9473684210526315,0,true
2021-10-08,10,22:00,21,2,N,0.9523809523809523,0,true
2021-10-08,10,23:00,23,2,N,0.9565217391304348,0,true
2021-10-09,10,20:00,17,1,N,1.0,0,false
2021-10-09,10,21:00,19,1,N,1.0,0,false
2021-10-09,10,22:00,21,1,N,1.0,0,false
2021-10-09,10,23:00,23,1,N,1.0,0,false
2021-10-10,10,20:00,17,1,S,1.0,17,false
2021-10-10,10,21:00,19,1,S,1.0,19,false
2021-10-10,10,22:00,21,1,S,1.0,21,false
2021-10-10,10,23:00,23,1,S,1.0,23,false
2021-10-11,10,20:00,18,2,N,0.7222222222222222,0,true
2021-10-11,10,21:00,20,2,N,0.75,0,true
2021-10-11,10,22:00,22,2,N,0.7727272727272727,0,true
2021-10-11,10,23:00,24,2,N,0.7916666666666666,0,true
2021-10-12,10,20:00,18,3,N,0.6666666666666666,0,true
2021-10-12,10,21:00,20,3,N,0.6,0,true
2021-10-12,10,22:00,22,3,N,0.5454545454545454,0,true
2021-10-12,10,23:00,24,3,N,0.5,0,true
2021-10-13,10,20:00,18,5,NE,0.5,2,true
2021-10-13,10,21:00,20,5,NE,0.45,4,true
2021-10-13,10,22:00,22,6,NE,0.4090909090909091,5,true
2021-10-13,10,23:00,24,7,NE,0.375,7,true
2021-10-14,10,20:00,18,1,S,1.0,18,false
2021-10-14,10,21:00,20,1,S,1.0,20,false
2021-10-14,10,22:00,22,1,S,1.0,22,false
2021-10-14,10,23:00,24,1,S,1.0,24,false
2021-10-15,10,20:00,18,4,NE,0.4444444444444444,3,true
2021-10-15,10,21:00,20,4,NE,0.45,3,true
2021-10-15,10,22:00,22,4,NE,0.45454545454545453,3,true
2021-10-15,10,23:00,24,4,N,0.4583333333333333,3,true
2021-10-16,10,20:00,18,2,N,0.9444444444444444,0,true
2021-10-16,10,21:00,20,2,N,0.95,0,true
2021-10-16,10,22:00,22,2,N,0.9545454545454546,0,true
2021-10-16,10,23:00,24,2,N,0.9583333333333334,0,true
2021-10-17,10,20:00,18,1,N,1.0,0,false
2021-10-17,10,21:00,20,1,N,1.0,0,false
2021-10-17,10,22:00,22,1,N,1.0,0,false
2021-10-17,10,23:00,24,1,N,1.0,0,false
2021-10-18,10,20:00,18,1,N,1.0,0,false
2021-10-18,10,21:00,20,1,N,1.0,0,false
2021-10-18,10,22:00,22,2,N,0.9545454545454546,0,true
2021-10-18,10,23:00,24,2,N,0.9166666666666666,0,true
2021-10-19,10,20:00,18,2,N,0.7222222222222222,0,true
2021-10-19,10,21:00,20,2,N,0.75,0,true
2021-10-19,10,22:00,22,2,N,0.7727272727272727,0,true
2021-10-19,10,23:00,24,2,N,0.7916666666666666,0,true
2021-10-20,10,20:00,18,2,SE,0.6111111111111112,18,true
2021-10-20,10,21:00,20,2,SE,0.65,20,true
2021-10-20,10,22:00,22,2,SE,0.6818181818181818,22,true
2021-10-20,10,23:00,24,2,SE,0.7083333333333334,24,true
2021-10-21,10,20:00,18,5,SE,0.3888888888888889,7,true
2021-10-21,10,21:00,20,5,SE,0.35,7,true
2021-10-21,10,22:00,22,6,SE,0.3181818181818182,9,true
2021-10-21,10,23:00,24,6,SE,0.2916666666666667,11,true
2021-10-22,10,20:00,18,2,SE,0.9444444444444444,18,true
2021-10-22,10,21:00,20,2,SE,0.85,20,true
2021-10-22,10,22:00,22,3,SE,0.7727272727272727,21,true
2021-10-22,10,23:00,24,3,SE,0.7083333333333334,21,true
2021-10-23,10,20:00,18,2,N,0.5,0,true
2021-10-23,10,21:00,20,3,N,0.5,0,true
2021-10-23,10,22:00,22,5,N,0.45454545454545453,2,true
2021-10-23,10,23:00,24,5,N,0.4166666666666667,4,true
2021-10-24,10,20:00,18,2,N,0.7777777777777778,0,true
2021-10-24,10,21:00,20,2,N,0.8,0,true
2021-10-24,10,22:00,22,2,N,0.8181818181818182,0,true
2021-10-24,10,23:00,24,2,N,0.8333333333333334,0,true
2021-10-25,10,20:00,18,1,N,1.0,0,false
2021-10-25,10,21:00,20,1,N,1.0,0,false
2021-10-25,10,22:00,22,1,N,1.0,0,false
2021-10-25,10,23:00,24,1,N,1.0,0,false
2021-10-26,10,20:00,18,1,N,1.0,0,false
2021-10-26,10,21:00,20,1,N,1.0,0,false
2021-10-26,10,22:00,22,1,N,1.0,0,false
2021-10-26,10,23:00,24,1,N,1.0,0,false
2021-10-27,10,20:00,18,1,N,1.0,0,false
2021-10-27,10,21:00,20,1,N,1.0,0,false
2021-10-27,10,22:00,22,1,N,1.0,0,false
2021-10-27,10,23:00,24,1,N,1.0,0,false
2021-10-28,10,20:00,18,2,N,0.7222222222222222,0,true
2021-10-28,10,21:00,20,2,N,0.75,0,true
2021-10-28,10,22:00,22,2,N,0.7727272727272727,0,true
2021-10-28,10,23:00,24,2,N,0.7916666666666666,0,true
2021-10-29,10,20:00,18,5,N,0.3888888888888889,3,true
2021-10-29,10,21:00,20,5,N,0.4,3,true
2021-10-29,10,22:00,22,5,N,0.36363636363636365,3,true
2021-10-29,10,23:00,24,5,N,0.4166666666666667,3,true
2021-10-30,10,20:00,18,5,N,0.5555555555555556,2,true
2021-10-30,10,21:00,20,6,N,0.55,2,true
2021-10-30,10,22:00,22,6,N,0.5,2,true
2021-10-30,10,23:00,24,6,N,0.5,2,true
2021-10-31,10,20:00,18,1,N,1.0,0,false
2021-10-31,10,21:00,20,1,N,1.0,0,false
2021-10-31,10,22:00,22,1,N,1.0,0,false
2021-10-31,10,23:00,24,1,N,1.0,0,false
2021-11-01,11,20:00,18,4,S,0.6111111111111112,12,true
2021-11-01,11,21:00,20,4,S,0.65,14,true
2021-11-01,11,22:00,22,4,S,0.6818181818181818,16,true
2021-11-01,11,23:00,24,4,S,0.7083333333333334,18,true
2021-11-02,11,20:00,18,2,N,0.9444444444444444,0,true
2021-11-02,11,21:00,20,3,N,0.9,0,true
2021-11-02,11,22:00,22,4,N,0.8181818181818182,2,true
2021-11-02,11,23:00,24,4,N,0.75,4,true
2021-11-03,11,20:00,18,2,S,0.5555555555555556,18,true
2021-11-03,11,21:00,20,2,S,0.5,20,true
2021-11-03,11,22:00,22,2,S,0.5454545454545454,22,true
2021-11-03,11,23:00,24,2,S,0.5416666666666666,24,true
2021-11-04,11,20:00,18,2,SE,0.8888888888888888,18,true
2021-11-04,11,21:00,20,2,SE,0.9,20,true
2021-11-04,11,22:00,22,2,SE,0.9090909090909091,22,true
2021-11-04,11,23:00,24,2,SE,0.9166666666666666,24,true
2021-11-05,11,20:00,18,2,SE,0.7222222222222222,18,true
2021-11-05,11,21:00,20,2,SE,0.75,20,true
2021-11-05,11,22:00,22,2,SE,0.7727272727272727,22,true
2021-11-05,11,23:00,24,2,SE,0.7916666666666666,24,true
2021-11-06,11,20:00,18,2,S,0.8333333333333334,18,true
2021-11-06,11,21:00,20,2,S,0.85,20,true
2021-11-06,11,22:00,22,2,S,0.8636363636363636,22,true
2021-11-06,11,23:00,24,2,S,0.875,24,true
2021-11-07,11,20:00,18,3,S,0.6111111111111112,18,true
2021-11-07,11,21:00,20,3,S,0.65,20,true
2021-11-07,11,22:00,22,3,S,0.6818181818181818,22,true
2021-11-07,11,23:00,24,3,S,0.6666666666666666,24,true
2021-11-08,11,20:00,18,4,N,0.4444444444444444,2,true
2021-11-08,11,21:00,20,4,N,0.5,2,true
2021-11-08,11,22:00,22,4,N,0.5454545454545454,2,true
2021-11-08,11,23:00,24,4,N,0.5833333333333334,2,true
2021-11-09,11,20:00,18,2,N,0.6666666666666666,0,true
2021-11-09,11,21:00,20,2,N,0.7,0,true
2021-11-09,11,22:00,22,2,N,0.7272727272727273,0,true
2021-11-09,11,23:00,24,2,N,0.75,0,true
2021-11-10,11,20:00,18,2,N,0.7222222222222222,0,true
2021-11-10,11,21:00,20,2,N,0.75,0,true
2021-11-10,11,22:00,22,2,N,0.7727272727272727,0,true
2021-11-10,11,23:00,24,2,N,0.7916666666666666,0,true
2021-11-11,11,20:00,18,2,N,0.7777777777777778,0,true
2021-11-11,11,21:00,20,2,N,0.75,0,true
2021-11-11,11,22:00,22,2,N,0.7727272727272727,0,true
2021-11-11,11,23:00,24,2,N,0.7916666666666666,0,true
2021-11-12,11,20:00,18,1,N,1.0,0,false
2021-11-12,11,21:00,20,1,N,1.0,0,false
2021-11-12,11,22:00,22,1,N,1.0,0,false
2021-11-12,11,23:00,24,1,N,1.0,0,false
2021-11-13,11,20:00,18,1,N,1.0,0,false
2021-11-13,11,21:00,20,1,N,1.0,0,false
2021-11-13,11,22:00,22,1,N,1.0,0,false
2021-11-13,11,23:00,24,2,N,0.9583333333333334,0,true
2021-11-14,11,20:00,18,1,N,1.0,0,false
2021-11-14,11,21:00,20,1,N,1.0,0,false
2021-11-14,11,22:00,22,1,N,1.0,0,false
2021-11-14,11,23:00,24,2,N,0.9583333333333334,0,true
2021-11-15,11,20:00,18,1,N,1.0,0,false
2021-11-15,11,21:00,20,1,N,1.0,0,false
2021-11-15,11,22:00,22,1,N,1.0,0,false
2021-11-15,11,23:00,24,1,N,1.0,0,false
2021-11-16,11,20:00,18,1,N,1.0,0,false
2021-11-16,11,21:00,20,1,N,1.0,0,false
2021-11-16,11,22:00,22,1,N,1.0,0,false
2021-11-16,11,23:00,24,1,N,1.0,0,false
2021-11-17,11,20:00,18,2,N,0.6666666666666666,0,true
2021-11-17,11,21:00,20,2,N,0.65,0,true
2021-11-17,11,22:00,22,2,N,0.5909090909090909,0,true
2021-11-17,11,23:00,24,2,N,0.5416666666666666,0,true
2021-11-18,11,20:00,18,5,N,0.5,1,true
2021-11-18,11,21:00,20,5,N,0.45,3,true
2021-11-18,11,22:00,22,6,N,0.4090909090909091,5,true
2021-11-18,11,23:00,24,6,N,0.375,7,true
2021-11-19,11,20:00,18,2,N,0.6111111111111112,0,true
2021-11-19,11,21:00,20,2,N,0.55,0,true
2021-11-19,11,22:00,22,2,N,0.5909090909090909,0,true
2021-11-19,11,23:00,24,2,N,0.625,0,true
2021-11-20,11,20:00,18,1,N,1.0,0,false
2021-11-20,11,21:00,20,1,N,1.0,0,false
2021-11-20,11,22:00,22,1,N,1.0,0,false
2021-11-20,11,23:00,24,1,N,1.0,0,false
2021-11-21,11,20:00,18,2,N,0.9444444444444444,0,true
2021-11-21,11,21:00,20,2,N,0.95,0,true
2021-11-21,11,22:00,22,2,N,0.9545454545454546,0,true
2021-11-21,11,23:00,24,2,N,0.9583333333333334,0,true
2021-11-22,11,20:00,18,3,N,0.7222222222222222,0,true
2021-11-22,11,21:00,20,5,N,0.65,1,true
2021-11-22,11,22:00,22,6,N,0.5909090909090909,3,true
2021-11-22,11,23:00,24,6,N,0.5416666666666666,5,true
2021-11-23,11,20:00,18,2,S,0.5555555555555556,18,true
2021-11-23,11,21:00,20,2,S,0.6,20,true
2021-11-23,11,22:00,22,2,S,0.6363636363636364,22,true
2021-11-23,11,23:00,24,2,S,0.6666666666666666,24,true
2021-11-24,11,20:00,18,5,SE,0.5,10,true
2021-11-24,11,21:00,20,5,SE,0.5,12,true
2021-11-24,11,22:00,22,5,SE,0.45454545454545453,14,true
2021-11-24,11,23:00,24,5,SE,0.4166666666666667,16,true
2021-11-25,11,20:00,18,2,N,0.8333333333333334,0,true
2021-11-25,11,21:00,20,2,N,0.85,0,true
2021-11-25,11,22:00,22,2,N,0.8636363636363636,0,true
2021-11-25,11,23:00,24,2,N,0.875,0,true
2021-11-26,11,20:00,18,1,N,1.0,0,false
2021-11-26,11,21:00,20,1,N,1.0,0,false
2021-11-26,11,22:00,22,1,N,1.0,0,false
2021-11-26,11,23:00,24,1,N,1.0,0,false
2021-11-27,11,20:00,18,2,N,0.9444444444444444,0,true
2021-11-27,11,21:00,20,2,N,0.9,0,true
2021-11-27,11,22:00,22,2,N,0.8181818181818182,0,true
2021-11-27,11,23:00,24,2,N,0.75,0,true
2021-11-28,11,20:00,18,6,SE,0.5,11,true
2021-11-28,11,21:00,20,6,SE,0.45,11,true
2021-11-28,11,22:00,22,6,SE,0.4090909090909091,11,true
2021-11-28,11,23:00,24,6,SE,0.375,11,true
2021-11-29,11,20:00,18,2,N,0.8333333333333334,0,true
2021-11-29,11,21:00,20,2,N,0.85,0,true
2021-11-29,11,22:00,22,2,N,0.8636363636363636,0,true
2021-11-29,11,23:00,24,2,N,0.875,0,true
2021-11-30,11,20:00,18,1,N,1.0,0,false
2021-11-30,11,21:00,20,1,N,1.0,0,false
2021-11-30,11,22:00,22,1,N,1.0,0,false
2021-11-30,11,23:00,24,1,N,1.0,0,false
2021-12-01,12,20:00,18,1,S,1.0,18,false
2021-12-01,12,21:00,20,1,S,1.0,20,false
2021-12-01,12,22:00,22,1,S,1.0,22,false
2021-12-01,12,23:00,24,1,S,1.0,24,false
2021-12-02,12,20:00,18,7,NE,0.4444444444444444,2,true
2021-12-02,12,21:00,20,7,NE,0.4,4,true
2021-12-02,12,22:00,22,7,NE,0.36363636363636365,6,true
2021-12-02,12,23:00,24,7,NE,0.3333333333333333,8,true
2021-12-03,12,20:00,18,3,N,0.6111111111111112,0,true
2021-12-03,12,21:00,20,3,N,0.65,0,true
2021-12-03,12,22:00,22,3,N,0.6818181818181818,0,true
2021-12-03,12,23:00,24,3,N,0.7083333333333334,0,true
2021-12-04,12,20:00,18,1,N,1.0,0,false
2021-12-04,12,21:00,20,1,N,1.0,0,false
2021-12-04,12,22:00,22,1,N,1.0,0,false
2021-12-04,12,23:00,24,1,N,1.0,0,false
2021-12-05,12,20:00,18,1,N,1.0,0,false
2021-12-05,12,21:00,20,1,N,1.0,0,false
2021-12-05,12,22:00,22,1,N,1.0,0,false
2021-12-05,12,23:00,24,1,N,1.0,0,false
2021-12-06,12,20:00,18,4,S,0.4444444444444444,9,true
2021-12-06,12,21:00,20,4,S,0.5,11,true
2021-12-06,12,22:00,22,4,S,0.5454545454545454,13,true
2021-12-06,12,23:00,24,4,S,0.5833333333333334,15,true
2021-12-07,12,20:00,18,2,S,0.9444444444444444,18,true
2021-12-07,12,21:00,20,2,S,0.95,20,true
2021-12-07,12,22:00,22,2,S,0.9545454545454546,22,true
2021-12-07,12,23:00,24,2,S,0.9583333333333334,24,true
2021-12-08,12,20:00,18,5,S,0.6666666666666666,14,true
2021-12-08,12,21:00,20,5,S,0.6,14,true
2021-12-08,12,22:00,22,5,S,0.5454545454545454,14,true
2021-12-08,12,23:00,24,5,S,0.5,14,true
2021-12-09,12,20:00,18,1,N,1.0,0,false
2021-12-09,12,21:00,20,1,N,1.0,0,false
2021-12-09,12,22:00,22,1,N,1.0,0,false
2021-12-09,12,23:00,24,1,N,1.0,0,false
2021-12-10,12,20:00,18,3,N,0.8333333333333334,3,true
2021-12-10,12,21:00,20,3,N,0.75,5,true
2021-12-10,12,22:00,22,3,N,0.6818181818181818,7,true
2021-12-10,12,23:00,24,4,N,0.625,9,true
2021-12-11,12,20:00,18,1,N,1.0,0,false
2021-12-11,12,21:00,20,1,N,1.0,0,false
2021-12-11,12,22:00,22,1,N,1.0,0,false
2021-12-11,12,23:00,24,1,N,1.0,0,false
2021-12-12,12,20:00,18,2,S,0.6111111111111112,18,true
2021-12-12,12,21:00,20,2,S,0.55,20,true
2021-12-12,12,22:00,22,2,S,0.5,22,true
2021-12-12,12,23:00,24,2,SE,0.5416666666666666,24,true
2021-12-13,12,20:00,18,6,SW,0.5,13,true
2021-12-13,12,21:00,20,6,SW,0.5,15,true
2021-12-13,12,22:00,22,6,SW,0.45454545454545453,17,true
2021-12-13,12,23:00,24,6,SW,0.4583333333333333,19,true
2021-12-14,12,20:00,18,2,S,0.9444444444444444,18,true
2021-12-14,12,21:00,20,2,S,0.95,20,true
2021-12-14,12,22:00,22,2,S,0.9545454545454546,22,true
2021-12-14,12,23:00,24,2,S,0.9583333333333334,24,true
2021-12-15,12,20:00,18,3,S,0.8333333333333334,17,true
2021-12-15,12,21:00,20,4,S,0.75,18,true
2021-12-15,12,22:00,22,4,S,0.6818181818181818,18,true
2021-12-15,12,23:00,24,5,S,0.625,18,true
2021-12-16,12,20:00,18,4,E,0.3333333333333333,12,true
2021-12-16,12,21:00,20,4,SE,0.35,14,true
2021-12-16,12,22:00,22,4,SE,0.36363636363636365,16,true
2021-12-16,12,23:00,24,4,S,0.375,18,true
2021-12-17,12,20:00,18,3,N,0.7777777777777778,0,true
2021-12-17,12,21:00,20,3,N,0.8,0,true
2021-12-17,12,22:00,22,3,N,0.8181818181818182,0,true
2021-12-17,12,23:00,24,3,N,0.8333333333333334,0,true
2021-12-18,12,20:00,18,6,NE,0.4444444444444444,3,true
2021-12-18,12,21:00,20,7,NE,0.4,5,true
2021-12-18,12,22:00,22,7,NE,0.36363636363636365,7,true
2021-12-18,12,23:00,24,7,NE,0.3333333333333333,9,true
2021-12-19,12,20:00,18,2,N,0.6111111111111112,0,true
2021-12-19,12,21:00,20,2,N,0.65,0,true
2021-12-19,12,22:00,22,2,N,0.6818181818181818,0,true
2021-12-19,12,23:00,24,2,N,0.7083333333333334,0,true
2021-12-20,12,20:00,18,2,N,0.9444444444444444,0,true
2021-12-20,12,21:00,20,2,N,0.95,0,true
2021-12-20,12,22:00,22,2,N,0.9545454545454546,0,true
2021-12-20,12,23:00,24,2,N,0.9583333333333334,0,true
2021-12-21,12,20:00,18,1,N,1.0,0,false
2021-12-21,12,21:00,20,1,N,1.0,0,false
2021-12-21,12,22:00,22,1,N,1.0,0,false
2021-12-21,12,23:00,24,1,N,1.0,0,false
2021-12-22,12,20:00,18,1,N,1.0,0,false
2021-12-22,12,21:00,20,1,N,1.0,0,false
2021-12-22,12,22:00,22,1,N,1.0,0,false
2021-12-22,12,23:00,24,1,N,1.0,0,false
2021-12-23,12,20:00,18,1,N,1.0,0,false
2021-12-23,12,21:00,20,1,N,1.0,0,false
2021-12-23,12,22:00,22,1,N,1.0,0,false
2021-12-23,12,23:00,24,1,N,1.0,0,false
2021-12-24,12,20:00,18,2,N,0.5555555555555556,0,true
2021-12-24,12,21:00,20,2,N,0.5,0,true
2021-12-24,12,22:00,22,2,N,0.5454545454545454,0,true
2021-12-24,12,23:00,24,2,N,0.5833333333333334,0,true
2021-12-25,12,20:00,18,1,S,1.0,18,false
2021-12-25,12,21:00,20,1,S,1.0,20,false
2021-12-25,12,22:00,22,1,S,1.0,22,false
2021-12-25,12,23:00,24,1,S,1.0,24,false
2021-12-26,12,20:00,18,2,NE,0.5555555555555556,0,true
2021-12-26,12,21:00,20,2,N,0.5,0,true
2021-12-26,12,22:00,22,2,N,0.5454545454545454,0,true
2021-12-26,12,23:00,24,2,N,0.5833333333333334,0,true
2021-12-27,12,20:00,18,1,N,1.0,0,false
2021-12-27,12,21:00,20,1,N,1.0,0,false
2021-12-27,12,22:00,22,1,N,1.0,0,false
2021-12-27,12,23:00,24,1,N,1.0,0,false
2021-12-28,12,20:00,18,1,N,1.0,0,false
2021-12-28,12,21:00,20,1,N,1.0,0,false
2021-12-28,12,22:00,22,1,N,1.0,0,false
2021-12-28,12,23:00,24,1,N,1.0,0,false
2021-12-29,12,20:00,18,1,S,1.0,18,false
2021-12-29,12,21:00,20,1,S,1.0,20,false
2021-12-29,12,22:00,22,1,S,1.0,22,false
2021-12-29,12,23:00,24,2,S,0.9583333333333334,24,true
2021-12-30,12,20:00,18,2,N,0.7222222222222222,0,true
2021-12-30,12,21:00,20,2,N,0.75,0,true
2021-12-30,12,22:00,22,2,N,0.7727272727272727,0,true
2021-12-30,12,23:00,24,2,N,0.7916666666666666,0,true
2021-12-31,12,20:00,18,6,N,0.4444444444444444,5,true
2021-12-31,12,21:00,20,7,N,0.45,5,true
2021-12-31,12,22:00,22,8,N,0.4090909090909091,7,true
2021-12-31,12,23:00,24,8,N,0.375,9,true
2022-01-01,1,20:00,18,1,N,1.0,0,false
2022-01-01,1,21:00,20,1,N,1.0,0,false
2022-01-01,1,22:00,22,1,N,1.0,0,false
2022-01-01,1,23:00,24,1,N,1.0,0,false
2022-01-02,1,20:00,18,7,N,0.3888888888888889,4,true
2022-01-02,1,21:00,20,7,N,0.4,4,true
2022-01-02,1,22:00,22,7,N,0.36363636363636365,6,true
2022-01-02,1,23:00,24,7,N,0.3333333333333333,8,true
2022-01-03,1,20:00,18,2,N,0.9444444444444444,0,true
2022-01-03,1,21:00,20,2,N,0.95,0,true
2022-01-03,1,22:00,22,2,N,0.9545454545454546,0,true
2022-01-03,1,23:00,24,2,N,0.9583333333333334,0,true
2022-01-04,1,20:00,18,6,N,0.3333333333333333,5,true
2022-01-04,1,21:00,20,7,N,0.3,6,true
2022-01-04,1,22:00,22,7,N,0.2727272727272727,8,true
2022-01-04,1,23:00,24,7,S,0.2916666666666667,10,true
2022-01-05,1,20:00,18,1,SW,1.0,18,false
2022-01-05,1,21:00,20,1,SW,1.0,20,false
2022-01-05,1,22:00,22,2,SW,0.9090909090909091,22,true
2022-01-05,1,23:00,24,2,SW,0.8333333333333334,24,true
2022-01-06,1,20:00,18,2,S,0.7222222222222222,18,true
2022-01-06,1,21:00,20,2,S,0.75,20,true
2022-01-06,1,22:00,22,2,S,0.7727272727272727,22,true
2022-01-06,1,23:00,24,2,S,0.7916666666666666,24,true
2022-01-07,1,20:00,18,1,S,1.0,18,false
2022-01-07,1,21:00,20,1,S,1.0,20,false
2022-01-07,1,22:00,22,1,S,1.0,22,false
2022-01-07,1,23:00,24,1,S,1.0,24,false
2022-01-08,1,20:00,18,5,N,0.3888888888888889,6,true
2022-01-08,1,21:00,20,5,N,0.4,6,true
2022-01-08,1,22:00,22,5,N,0.36363636363636365,6,true
2022-01-08,1,23:00,24,5,N,0.3333333333333333,6,true
2022-01-09,1,20:00,18,1,N,1.0,0,false
2022-01-09,1,21:00,20,1,N,1.0,0,false
2022-01-09,1,22:00,22,1,N,1.0,0,false
2022-01-09,1,23:00,24,1,N,1.0,0,false
2022-01-10,1,20:00,18,1,N,1.0,0,false
2022-01-10,1,21:00,20,1,N,1.0,0,false
2022-01-10,1,22:00,22,1,N,1.0,0,false
2022-01-10,1,23:00,24,1,N,1.0,0,false
2022-01-11,1,20:00,18,2,N,0.8333333333333334,0,true
2022-01-11,1,21:00,20,2,N,0.85,0,true
2022-01-11,1,22:00,22,2,N,0.8636363636363636,0,true
2022-01-11,1,23:00,24,2,N,0.875,0,true
2022-01-12,1,20:00,18,1,N,1.0,0,false
2022-01-12,1,21:00,20,1,N,1.0,0,false
2022-01-12,1,22:00,22,1,N,1.0,0,false
2022-01-12,1,23:00,24,1,N,1.0,0,false
2022-01-13,1,20:00,18,2,S,0.7222222222222222,18,true
2022-01-13,1,21:00,20,2,S,0.75,20,true
2022-01-13,1,22:00,22,2,S,0.7727272727272727,22,true
2022-01-13,1,23:00,24,2,S,0.7916666666666666,24,true
2022-01-14,1,20:00,18,2,S,0.7222222222222222,18,true
2022-01-14,1,21:00,20,2,S,0.65,20,true
2022-01-14,1,22:00,22,2,S,0.6818181818181818,22,true
2022-01-14,1,23:00,24,2,S,0.625,24,true
2022-01-15,1,20:00,18,2,SE,0.6666666666666666,18,true
2022-01-15,1,21:00,20,2,SE,0.6,20,true
2022-01-15,1,22:00,22,2,SE,0.5454545454545454,22,true
2022-01-15,1,23:00,24,2,S,0.5,24,true
2022-01-16,1,20:00,18,6,N,0.4444444444444444,2,true
2022-01-16,1,21:00,20,6,N,0.4,4,true
2022-01-16,1,22:00,22,6,N,0.36363636363636365,6,true
2022-01-16,1,23:00,24,6,N,0.3333333333333333,8,true
2022-01-17,1,20:00,18,4,NE,0.5555555555555556,1,true
2022-01-17,1,21:00,20,4,NE,0.5,2,true
2022-01-17,1,22:00,22,4,NE,0.45454545454545453,4,true
2022-01-17,1,23:00,24,4,NE,0.4166666666666667,6,true
2022-01-18,1,20:00,18,3,S,0.6111111111111112,18,true
2022-01-18,1,21:00,20,3,S,0.65,20,true
2022-01-18,1,22:00,22,3,S,0.6818181818181818,22,true
2022-01-18,1,23:00,24,3,S,0.6666666666666666,24,true
2022-01-19,1,20:00,18,2,N,0.9444444444444444,0,true
2022-01-19,1,21:00,20,2,N,0.95,0,true
2022-01-19,1,22:00,22,2,N,0.9545454545454546,0,true
2022-01-19,1,23:00,24,2,N,0.9583333333333334,0,true
2022-01-20,1,20:00,18,4,NW,0.3333333333333333,7,true
2022-01-20,1,21:00,20,4,S,0.35,9,true
2022-01-20,1,22:00,22,4,S,0.4090909090909091,11,true
2022-01-20,1,23:00,24,4,S,0.4583333333333333,13,true
2022-01-21,1,20:00,18,6,N,0.5,1,true
2022-01-21,1,21:00,20,6,N,0.55,1,true
2022-01-21,1,22:00,22,6,N,0.5454545454545454,1,true
2022-01-21,1,23:00,24,7,N,0.5,3,true
2022-01-22,1,20:00,18,5,N,0.4444444444444444,3,true
2022-01-22,1,21:00,20,5,N,0.5,3,true
2022-01-22,1,22:00,22,5,N,0.5454545454545454,3,true
2022-01-22,1,23:00,24,5,N,0.5833333333333334,3,true
2022-01-23,1,20:00,18,2,N,0.9444444444444444,0,true
2022-01-23,1,21:00,20,3,N,0.9,0,true
2022-01-23,1,22:00,22,3,N,0.9090909090909091,0,true
2022-01-23,1,23:00,24,4,N,0.875,1,true
2022-01-24,1,20:00,18,6,S,0.3888888888888889,11,true
2022-01-24,1,21:00,20,6,S,0.45,13,true
2022-01-24,1,22:00,22,6,S,0.5,15,true
2022-01-24,1,23:00,24,6,S,0.5416666666666666,17,true
2022-01-25,1,20:00,18,1,N,1.0,0,false
2022-01-25,1,21:00,20,2,N,0.95,0,true
2022-01-25,1,22:00,22,2,N,0.9545454545454546,0,true
2022-01-25,1,23:00,24,2,N,0.9583333333333334,0,true
2022-01-26,1,20:00,18,2,N,0.9444444444444444,0,true
2022-01-26,1,21:00,20,2,N,0.95,0,true
2022-01-26,1,22:00,22,2,N,0.9545454545454546,0,true
2022-01-26,1,23:00,24,2,N,0.9583333333333334,0,true
2022-01-27,1,20:00,18,3,S,0.8333333333333334,15,true
2022-01-27,1,21:00,20,3,S,0.85,17,true
2022-01-27,1,22:00,22,3,S,0.8636363636363636,19,true
2022-01-27,1,23:00,24,3,S,0.875,21,true
2022-01-28,1,20:00,18,2,S,0.8333333333333334,18,true
2022-01-28,1,21:00,20,2,S,0.85,20,true
2022-01-28,1,22:00,22,2,S,0.8636363636363636,22,true
2022-01-28,1,23:00,24,2,S,0.875,24,true
2022-01-29,1,20:00,18,2,NE,0.8333333333333334,0,true
2022-01-29,1,21:00,20,2,NE,0.75,0,true
2022-01-29,1,22:00,22,2,NE,0.7727272727272727,0,true
2022-01-29,1,23:00,24,2,NE,0.7083333333333334,0,true
2022-01-30,1,20:00,18,1,N,1.0,0,false
2022-01-30,1,21:00,20,1,N,1.0,0,false
2022-01-30,1,22:00,22,1,N,1.0,0,false
2022-01-30,1,23:00,24,1,N,1.0,0,false
2022-01-31,1,20:00,18,6,S,0.5,12,true
2022-01-31,1,21:00,20,7,S,0.45,13,true
2022-01-31,1,22:00,22,7,S,0.5,15,true
2022-01-31,1,23:00,24,7,S,0.5416666666666666,17,true
2022-02-01,2,20:00,18,6,N,0.3333333333333333,4,true
2022-02-01,2,21:00,20,6,N,0.35,4,true
2022-02-01,2,22:00,22,6,N,0.36363636363636365,4,true
2022-02-01,2,23:00,24,6,N,0.4166666666666667,4,true
2022-02-02,2,20:00,18,2,N,0.8888888888888888,0,true
2022-02-02,2,21:00,20,2,N,0.9,0,true
2022-02-02,2,22:00,22,2,N,0.9090909090909091,0,true
2022-02-02,2,23:00,24,2,N,0.9166666666666666,0,true
2022-02-03,2,20:00,18,1,N,1.0,0,false
2022-02-03,2,21:00,20,1,N,1.0,0,false
2022-02-03,2,22:00,22,1,N,1.0,0,false
2022-02-03,2,23:00,24,1,N,1.0,0,false
2022-02-04,2,20:00,18,2,N,0.7777777777777778,0,true
2022-02-04,2,21:00,20,2,N,0.8,0,true
2022-02-04,2,22:00,22,2,N,0.8181818181818182,0,true
2022-02-04,2,23:00,24,2,N,0.8333333333333334,0,true
2022-02-05,2,20:00,18,3,S,0.6111111111111112,12,true
2022-02-05,2,21:00,20,3,S,0.65,14,true
2022-02-05,2,22:00,22,3,S,0.6818181818181818,16,true
2022-02-05,2,23:00,24,3,S,0.7083333333333334,18,true
2022-02-06,2,20:00,18,2,SE,0.8333333333333334,18,true
2022-02-06,2,21:00,20,2,SE,0.85,20,true
2022-02-06,2,22:00,22,2,SE,0.7727272727272727,22,true
2022-02-06,2,23:00,24,2,SE,0.7083333333333334,24,true
2022-02-07,2,20:00,18,1,SE,1.0,18,false
2022-02-07,2,21:00,20,1,SE,1.0,20,false
2022-02-07,2,22:00,22,1,SE,1.0,22,false
2022-02-07,2,23:00,24,1,SE,1.0,24,false
2022-02-08,2,20:00,18,3,S,0.7777777777777778,18,true
2022-02-08,2,21:00,20,3,S,0.75,20,true
2022-02-08,2,22:00,22,3,S,0.6818181818181818,22,true
2022-02-08,2,23:00,24,3,S,0.625,24,true
2022-02-09,2,20:00,18,3,S,0.4444444444444444,16,true
2022-02-09,2,21:00,20,3,S,0.5,18,true
2022-02-09,2,22:00,22,3,S,0.5454545454545454,20,true
2022-02-09,2,23:00,24,3,S,0.5833333333333334,22,true
2022-02-10,2,20:00,18,3,N,0.7222222222222222,0,true
2022-02-10,2,21:00,20,3,N,0.75,0,true
2022-02-10,2,22:00,22,3,N,0.7727272727272727,0,true
2022-02-10,2,23:00,24,3,N,0.7916666666666666,0,true
2022-02-11,2,20:00,18,2,NW,0.5555555555555556,0,true
2022-02-11,2,21:00,20,3,NW,0.5,0,true
2022-02-11,2,22:00,22,3,N,0.5,0,true
2022-02-11,2,23:00,24,3,N,0.5,0,true
2022-02-12,2,20:00,18,2,SW,0.8888888888888888,18,true
2022-02-12,2,21:00,20,2,SW,0.9,20,true
2022-02-12,2,22:00,22,2,SW,0.9090909090909091,22,true
2022-02-12,2,23:00,24,3,SW,0.875,23,true
2022-02-13,2,20:00,18,2,S,0.9444444444444444,18,true
2022-02-13,2,21:00,20,2,S,0.95,20,true
2022-02-13,2,22:00,22,2,S,0.9545454545454546,22,true
2022-02-13,2,23:00,24,2,S,0.9583333333333334,24,true
2022-02-14,2,20:00,18,1,S,1.0,18,false
2022-02-14,2,21:00,20,1,S,1.0,20,false
2022-02-14,2,22:00,22,1,S,1.0,22,false
2022-02-14,2,23:00,24,1,S,1.0,24,false
2022-02-15,2,20:00,18,5,S,0.6111111111111112,12,true
2022-02-15,2,21:00,20,5,S,0.55,12,true
2022-02-15,2,22:00,22,6,S,0.5,12,true
2022-02-15,2,23:00,24,6,S,0.4583333333333333,12,true
2022-02-16,2,20:00,18,2,N,0.8333333333333334,0,true
2022-02-16,2,21:00,20,2,N,0.85,0,true
2022-02-16,2,22:00,22,2,N,0.8636363636363636,0,true
2022-02-16,2,23:00,24,2,N,0.875,0,true
2022-02-17,2,20:00,18,2,S,0.7222222222222222,18,true
2022-02-17,2,21:00,20,2,S,0.7,20,true
2022-02-17,2,22:00,22,2,S,0.7272727272727273,22,true
2022-02-17,2,23:00,24,2,S,0.75,24,true
2022-02-18,2,20:00,18,2,N,0.5555555555555556,0,true
2022-02-18,2,21:00,20,2,N,0.6,0,true
2022-02-18,2,22:00,22,2,N,0.6363636363636364,0,true
2022-02-18,2,23:00,24,2,N,0.6666666666666666,0,true
2022-02-19,2,20:00,18,1,N,1.0,0,false
2022-02-19,2,21:00,20,1,N,1.0,0,false
2022-02-19,2,22:00,22,1,N,1.0,0,false
2022-02-19,2,23:00,24,1,N,1.0,0,false
2022-02-20,2,20:00,18,2,S,0.9444444444444444,18,true
2022-02-20,2,21:00,20,2,S,0.95,20,true
2022-02-20,2,22:00,22,2,S,0.9545454545454546,22,true
2022-02-20,2,23:00,24,2,S,0.9583333333333334,24,true
2022-02-21,2,20:00,18,2,SE,0.5555555555555556,18,true
2022-02-21,2,21:00,20,2,S,0.5,20,true
2022-02-21,2,22:00,22,2,S,0.5454545454545454,22,true
2022-02-21,2,23:00,24,2,S,0.5833333333333334,24,true
2022-02-22,2,20:00,18,1,N,1.0,0,false
2022-02-22,2,21:00,20,1,N,1.0,0,false
2022-02-22,2,22:00,22,1,N,1.0,0,false
2022-02-22,2,23:00,24,1,N,1.0,0,false
2022-02-23,2,20:00,18,4,S,0.6666666666666666,12,true
2022-02-23,2,21:00,20,4,S,0.7,14,true
2022-02-23,2,22:00,22,4,S,0.7272727272727273,16,true
2022-02-23,2,23:00,24,4,S,0.75,18,true
2022-02-24,2,20:00,18,1,S,1.0,18,false
2022-02-24,2,21:00,20,1,S,1.0,20,false
2022-02-24,2,22:00,22,1,S,1.0,22,false
2022-02-24,2,23:00,24,1,S,1.0,24,false
2022-02-25,2,20:00,18,2,S,0.7222222222222222,18,true
2022-02-25,2,21:00,20,2,S,0.75,20,true
2022-02-25,2,22:00,22,2,S,0.7727272727272727,22,true
2022-02-25,2,23:00,24,2,S,0.7916666666666666,24,true
2022-02-26,2,20:00,18,4,NE,0.5,1,true
2022-02-26,2,21:00,20,4,N,0.45,1,true
2022-02-26,2,22:00,22,4,N,0.5,1,true
2022-02-26,2,23:00,24,4,N,0.5416666666666666,1,true
2022-02-27,2,20:00,18,1,S,1.0,18,false
2022-02-27,2,21:00,20,1,S,1.0,20,false
2022-02-27,2,22:00,22,1,S,1.0,22,false
2022-02-27,2,23:00,24,1,S,1.0,24,false
2022-02-28,2,20:00,18,2,S,0.9444444444444444,18,true
2022-02-28,2,21:00,20,2,S,0.95,20,true
2022-02-28,2,22:00,22,2,S,0.9545454545454546,22,true
2022-02-28,2,23:00,24,2,S,0.9583333333333334,24,true
2022-03-01,3,20:00,18,4,SE,0.6111111111111112,11,true
2022-03-01,3,21:00,20,4,SE,0.55,11,true
2022-03-01,3,22:00,22,5,SE,0.5,12,true
2022-03-01,3,23:00,24,6,SE,0.4583333333333333,14,true
2022-03-02,3,20:00,18,1,S,1.0,18,false
2022-03-02,3,21:00,20,1,S,1.0,20,false
2022-03-02,3,22:00,22,1,S,1.0,22,false
2022-03-02,3,23:00,24,1,S,1.0,24,false
2022-03-03,3,20:00,16,4,SE,0.5625,13,true
2022-03-03,3,21:00,16,4,SE,0.5625,13,true
2022-03-03,3,22:00,17,4,SE,0.5294117647058824,14,true
2022-03-03,3,23:00,19,5,SE,0.47368421052631576,16,true
2022-03-04,3,20:00,18,3,NE,0.6111111111111112,0,true
2022-03-04,3,21:00,20,3,NE,0.6,0,true
2022-03-04,3,22:00,22,3,NE,0.5909090909090909,0,true
2022-03-04,3,23:00,24,3,NE,0.5416666666666666,0,true
2022-03-05,3,20:00,18,2,N,0.7222222222222222,0,true
2022-03-05,3,21:00,20,2,N,0.75,0,true
2022-03-05,3,22:00,22,2,N,0.7727272727272727,0,true
2022-03-05,3,23:00,24,2,N,0.7916666666666666,0,true
2022-03-06,3,20:00,18,2,N,0.8888888888888888,0,true
2022-03-06,3,21:00,20,2,N,0.9,0,true
2022-03-06,3,22:00,22,2,N,0.9090909090909091,0,true
2022-03-06,3,23:00,24,2,N,0.9166666666666666,0,true
2022-03-07,3,20:00,18,2,N,0.7222222222222222,0,true
2022-03-07,3,21:00,20,3,N,0.7,0,true
2022-03-07,3,22:00,22,4,N,0.6363636363636364,2,true
2022-03-07,3,23:00,24,4,N,0.5833333333333334,4,true
2022-03-08,3,20:00,18,1,S,1.0,18,false
2022-03-08,3,21:00,20,1,S,1.0,20,false
2022-03-08,3,22:00,22,1,S,1.0,22,false
2022-03-08,3,23:00,24,1,S,1.0,24,false
2022-03-09,3,20:00,18,2,N,0.5,0,true
2022-03-09,3,21:00,20,2,N,0.5,0,true
2022-03-09,3,22:00,22,2,N,0.5454545454545454,0,true
2022-03-09,3,23:00,24,2,N,0.5833333333333334,0,true
2022-03-10,3,20:00,18,1,S,1.0,18,false
2022-03-10,3,21:00,20,1,S,1.0,20,false
2022-03-10,3,22:00,22,1,S,1.0,22,false
2022-03-10,3,23:00,24,1,S,1.0,24,false
2022-03-11,3,20:00,18,1,N,1.0,0,false
2022-03-11,3,21:00,20,1,N,1.0,0,false
2022-03-11,3,22:00,22,1,N,1.0,0,false
2022-03-11,3,23:00,24,1,N,1.0,0,false
2022-03-12,3,20:00,18,2,N,0.9444444444444444,0,true
2022-03-12,3,21:00,20,2,N,0.95,0,true
2022-03-12,3,22:00,22,2,N,0.9545454545454546,0,true
2022-03-12,3,23:00,24,2,N,0.9583333333333334,0,true
2022-03-13,3,20:00,18,2,S,0.9444444444444444,18,true
2022-03-13,3,21:00,20,2,S,0.95,20,true
2022-03-13,3,22:00,22,2,S,0.9545454545454546,22,true
2022-03-13,3,23:00,24,2,S,0.9583333333333334,24,true
2022-03-14,3,20:00,18,1,SE,1.0,18,false
2022-03-14,3,21:00,20,2,SE,0.9,20,true
2022-03-14,3,22:00,22,2,SE,0.9090909090909091,22,true
2022-03-14,3,23:00,24,2,SE,0.9166666666666666,24,true
2022-03-15,3,20:00,18,2,S,0.7222222222222222,18,true
2022-03-15,3,21:00,20,2,S,0.75,20,true
2022-03-15,3,22:00,22,2,S,0.7727272727272727,22,true
2022-03-15,3,23:00,24,2,S,0.7083333333333334,24,true
2022-03-16,3,20:00,18,2,S,0.7222222222222222,18,true
2022-03-16,3,21:00,20,2,S,0.75,20,true
2022-03-16,3,22:00,22,2,S,0.7727272727272727,22,true
2022-03-16,3,23:00,24,2,S,0.7916666666666666,24,true
2022-03-17,3,20:00,18,2,S,0.6111111111111112,18,true
2022-03-17,3,21:00,20,2,S,0.6,20,true
2022-03-17,3,22:00,22,2,S,0.6363636363636364,22,true
2022-03-17,3,23:00,24,2,S,0.6666666666666666,24,true
2022-03-18,3,20:00,18,2,S,0.7777777777777778,18,true
2022-03-18,3,21:00,20,2,S,0.8,20,true
2022-03-18,3,22:00,22,2,S,0.8181818181818182,22,true
2022-03-18,3,23:00,24,2,S,0.8333333333333334,24,true
2022-03-19,3,20:00,18,4,NE,0.6666666666666666,0,true
2022-03-19,3,21:00,20,4,NE,0.65,0,true
2022-03-19,3,22:00,22,4,NE,0.5909090909090909,0,true
2022-03-19,3,23:00,24,4,NE,0.5416666666666666,0,true
2022-03-20,3,20:00,18,5,NE,0.4444444444444444,1,true
2022-03-20,3,21:00,20,5,N,0.45,1,true
2022-03-20,3,22:00,22,6,N,0.4090909090909091,2,true
2022-03-20,3,23:00,24,7,N,0.375,4,true
2022-03-21,3,20:00,18,7,NE,0.3888888888888889,4,true
2022-03-21,3,21:00,20,8,NE,0.35,4,true
2022-03-21,3,22:00,22,8,NE,0.3181818181818182,6,true
2022-03-21,3,23:00,24,8,NE,0.2916666666666667,8,true
2022-03-22,3,20:00,18,5,NE,0.5555555555555556,4,true
2022-03-22,3,21:00,20,5,NE,0.5,4,true
2022-03-22,3,22:00,22,5,NE,0.45454545454545453,6,true
2022-03-22,3,23:00,24,5,NE,0.4166666666666667,8,true
2022-03-23,3,20:00,18,6,E,0.2222222222222222,4,true
2022-03-23,3,21:00,20,6,E,0.25,4,true
2022-03-23,3,22:00,22,6,E,0.22727272727272727,5,true
2022-03-23,3,23:00,24,6,NE,0.25,6,true
2022-03-24,3,20:00,18,7,SW,0.3333333333333333,10,true
2022-03-24,3,21:00,20,7,SW,0.3,12,true
2022-03-24,3,22:00,22,7,S,0.3181818181818182,14,true
2022-03-24,3,23:00,24,7,S,0.375,16,true
2022-03-25,3,20:00,18,1,S,1.0,18,false
2022-03-25,3,21:00,20,1,S,1.0,20,false
2022-03-25,3,22:00,22,1,S,1.0,22,false
2022-03-25,3,23:00,24,1,S,1.0,24,false
2022-03-26,3,20:00,18,1,S,1.0,18,false
2022-03-26,3,21:00,20,1,S,1.0,20,false
2022-03-26,3,22:00,22,1,S,1.0,22,false
2022-03-26,3,23:00,24,1,S,1.0,24,false
2022-03-27,3,20:00,18,1,S,1.0,18,false
2022-03-27,3,21:00,20,1,S,1.0,20,false
2022-03-27,3,22:00,22,1,S,1.0,22,false
2022-03-27,3,23:00,24,1,S,1.0,24,false
2022-03-28,3,20:00,18,1,S,1.0,18,false
2022-03-28,3,21:00,20,1,S,1.0,20,false
2022-03-28,3,22:00,22,1,S,1.0,22,false
2022-03-28,3,23:00,24,1,S,1.0,24,false
2022-03-29,3,20:00,18,4,S,0.5,17,true
2022-03-29,3,21:00,20,4,S,0.5,19,true
2022-03-29,3,22:00,22,4,S,0.5,21,true
2022-03-29,3,23:00,24,4,S,0.5,23,true
2022-03-30,3,20:00,18,2,SW,0.5555555555555556,18,true
2022-03-30,3,21:00,20,2,SW,0.6,20,true
2022-03-30,3,22:00,22,2,SW,0.6363636363636364,22,true
2022-03-30,3,23:00,24,2,SW,0.6666666666666666,24,true
2022-03-31,3,20:00,18,5,NE,0.4444444444444444,1,true
2022-03-31,3,21:00,20,5,NE,0.4,1,true
2022-03-31,3,22:00,22,6,NE,0.4090909090909091,2,true
2022-03-31,3,23:00,24,6,NE,0.375,4,true
2022-04-01,4,20:00,18,5,N,0.3888888888888889,8,true
2022-04-01,4,21:00,20,5,S,0.45,10,true
2022-04-01,4,22:00,22,5,S,0.5,12,true
2022-04-01,4,23:00,24,5,S,0.5416666666666666,14,true
2022-04-02,4,20:00,18,3,SW,0.5,17,true
2022-04-02,4,21:00,20,4,SW,0.45,17,true
2022-04-02,4,22:00,22,4,SW,0.4090909090909091,17,true
2022-04-02,4,23:00,24,4,SW,0.375,17,true
2022-04-03,4,20:00,18,2,N,0.7777777777777778,0,true
2022-04-03,4,21:00,20,2,N,0.8,0,true
2022-04-03,4,22:00,22,2,N,0.7727272727272727,0,true
2022-04-03,4,23:00,24,2,N,0.7083333333333334,0,true
2022-04-04,4,20:00,16,2,N,0.8125,0,true
2022-04-04,4,21:00,18,2,N,0.7777777777777778,0,true
2022-04-04,4,22:00,20,2,N,0.7,0,true
2022-04-04,4,23:00,22,2,N,0.7272727272727273,0,true
2022-04-05,4,20:00,16,1,N,1.0,0,false
2022-04-05,4,21:00,18,1,N,1.0,0,false
2022-04-05,4,22:00,20,1,N,1.0,0,false
2022-04-05,4,23:00,22,1,N,1.0,0,false
2022-04-06,4,20:00,16,2,N,0.9375,0,true
2022-04-06,4,21:00,18,2,N,0.8888888888888888,0,true
2022-04-06,4,22:00,20,2,N,0.85,0,true
2022-04-06,4,23:00,22,2,N,0.7727272727272727,0,true
2022-04-07,4,20:00,16,1,S,1.0,16,false
2022-04-07,4,21:00,18,1,S,1.0,18,false
2022-04-07,4,22:00,20,1,S,1.0,20,false
2022-04-07,4,23:00,22,1,S,1.0,22,false
2022-04-08,4,20:00,16,2,NE,0.6875,0,true
2022-04-08,4,21:00,18,2,NE,0.6111111111111112,0,true
2022-04-08,4,22:00,20,2,NE,0.55,0,true
2022-04-08,4,23:00,22,2,N,0.5,0,true
2022-04-09,4,20:00,16,5,S,0.6875,13,true
2022-04-09,4,21:00,18,5,S,0.6666666666666666,15,true
2022-04-09,4,22:00,20,5,S,0.6,17,true
2022-04-09,4,23:00,22,5,S,0.5454545454545454,19,true
2022-04-10,4,20:00,16,2,N,0.8125,0,true
2022-04-10,4,21:00,18,2,N,0.8333333333333334,0,true
2022-04-10,4,22:00,20,2,N,0.85,0,true
2022-04-10,4,23:00,22,2,N,0.8636363636363636,0,true
2022-04-11,4,20:00,16,2,N,0.625,0,true
2022-04-11,4,21:00,18,2,N,0.6666666666666666,0,true
2022-04-11,4,22:00,20,2,N,0.7,0,true
2022-04-11,4,23:00,22,2,N,0.7272727272727273,0,true
2022-04-12,4,20:00,16,2,N,0.8125,0,true
2022-04-12,4,21:00,18,2,N,0.8333333333333334,0,true
2022-04-12,4,22:00,20,2,N,0.85,0,true
2022-04-12,4,23:00,22,2,N,0.8636363636363636,0,true
2022-04-13,4,20:00,16,1,S,1.0,16,false
2022-04-13,4,21:00,18,1,S,1.0,18,false
2022-04-13,4,22:00,20,1,S,1.0,20,false
2022-04-13,4,23:00,22,1,S,1.0,22,false
2022-04-14,4,20:00,16,1,S,1.0,16,false
2022-04-14,4,21:00,18,1,S,1.0,18,false
2022-04-14,4,22:00,20,1,S,1.0,20,false
2022-04-14,4,23:00,22,1,S,1.0,22,false
2022-04-15,4,20:00,16,2,N,0.625,0,true
2022-04-15,4,21:00,18,2,N,0.6666666666666666,0,true
2022-04-15,4,22:00,20,2,N,0.7,0,true
2022-04-15,4,23:00,22,2,N,0.6818181818181818,0,true
2022-04-16,4,20:00,16,2,N,0.9375,0,true
2022-04-16,4,21:00,18,2,N,0.9444444444444444,0,true
2022-04-16,4,22:00,20,2,N,0.95,0,true
2022-04-16,4,23:00,22,2,N,0.9545454545454546,0,true
2022-04-17,4,20:00,16,2,SE,0.9375,16,true
2022-04-17,4,21:00,18,2,SE,0.9444444444444444,18,true
2022-04-17,4,22:00,20,2,SE,0.9,20,true
2022-04-17,4,23:00,22,2,SE,0.8181818181818182,22,true
2022-04-18,4,20:00,16,3,NE,0.5,0,true
2022-04-18,4,21:00,18,5,NE,0.4444444444444444,2,true
2022-04-18,4,22:00,20,6,NE,0.4,3,true
2022-04-18,4,23:00,22,6,NE,0.36363636363636365,5,true
2022-04-19,4,20:00,16,2,NE,0.625,0,true
2022-04-19,4,21:00,18,2,NE,0.6666666666666666,0,true
2022-04-19,4,22:00,20,2,NE,0.6,0,true
2022-04-19,4,23:00,22,2,NE,0.5454545454545454,0,true
2022-04-20,4,20:00,16,1,N,1.0,0,false
2022-04-20,4,21:00,18,1,N,1.0,0,false
2022-04-20,4,22:00,20,1,N,1.0,0,false
2022-04-20,4,23:00,22,1,N,1.0,0,false
2022-04-21,4,20:00,16,1,N,1.0,0,false
2022-04-21,4,21:00,18,1,N,1.0,0,false
2022-04-21,4,22:00,20,1,N,1.0,0,false
2022-04-21,4,23:00,22,1,N,1.0,0,false
2022-04-22,4,20:00,16,2,N,0.9375,0,true
2022-04-22,4,21:00,18,2,N,0.9444444444444444,0,true
2022-04-22,4,22:00,20,2,N,0.95,0,true
2022-04-22,4,23:00,22,2,N,0.9545454545454546,0,true
2022-04-23,4,20:00,16,6,S,0.6875,12,true
2022-04-23,4,21:00,18,6,S,0.6111111111111112,12,true
2022-04-23,4,22:00,20,6,S,0.55,12,true
2022-04-23,4,23:00,22,6,S,0.5,12,true
2022-04-24,4,20:00,16,2,N,0.625,0,true
2022-04-24,4,21:00,18,2,N,0.6111111111111112,0,true
2022-04-24,4,22:00,20,2,N,0.65,0,true
2022-04-24,4,23:00,22,2,N,0.6818181818181818,0,true
2022-04-25,4,20:00,16,2,S,0.75,16,true
2022-04-25,4,21:00,18,2,S,0.7777777777777778,18,true
2022-04-25,4,22:00,20,2,S,0.75,20,true
2022-04-25,4,23:00,22,2,S,0.7272727272727273,22,true
2022-04-26,4,20:00,16,5,SE,0.375,9,true
2022-04-26,4,21:00,18,5,SE,0.3333333333333333,9,true
2022-04-26,4,22:00,20,5,SE,0.3,9,true
2022-04-26,4,23:00,22,5,N,0.3181818181818182,9,true
2022-04-27,4,20:00,16,6,SW,0.5625,11,true
2022-04-27,4,21:00,18,6,SW,0.5,11,true
2022-04-27,4,22:00,20,7,SW,0.45,13,true
2022-04-27,4,23:00,22,7,SW,0.4090909090909091,15,true
2022-04-28,4,20:00,16,4,NE,0.4375,5,true
2022-04-28,4,21:00,18,4,NE,0.5,5,true
2022-04-28,4,22:00,20,4,NE,0.45,5,true
2022-04-28,4,23:00,22,5,NE,0.4090909090909091,6,true
2022-04-29,4,20:00,16,5,NE,0.4375,3,true
2022-04-29,4,21:00,18,5,NE,0.3888888888888889,3,true
2022-04-29,4,22:00,20,5,NE,0.35,3,true
2022-04-29,4,23:00,22,5,NE,0.3181818181818182,3,true
2022-04-30,4,20:00,16,2,N,0.5,0,true
2022-04-30,4,21:00,18,2,N,0.5,0,true
2022-04-30,4,22:00,20,2,N,0.55,0,true
2022-04-30,4,23:00,22,2,N,0.5909090909090909,0,true
2022-05-01,5,20:00,16,2,N,0.8125,0,true
2022-05-01,5,21:00,18,2,N,0.8333333333333334,0,true
2022-05-01,5,22:00,20,2,N,0.85,0,true
2022-05-01,5,23:00,22,2,N,0.8636363636363636,0,true
2022-05-02,5,20:00,16,1,N,1.0,0,false
2022-05-02,5,21:00,18,1,N,1.0,0,false
2022-05-02,5,22:00,20,1,N,1.0,0,false
2022-05-02,5,23:00,22,1,N,1.0,0,false
2022-05-03,5,20:00,16,1,N,1.0,0,false
2022-05-03,5,21:00,18,1,N,1.0,0,false
2022-05-03,5,22:00,20,1,N,1.0,0,false
2022-05-03,5,23:00,22,1,N,1.0,0,false
2022-05-04,5,20:00,16,2,N,0.6875,0,true
2022-05-04,5,21:00,18,2,N,0.6666666666666666,0,true
2022-05-04,5,22:00,20,2,N,0.7,0,true
2022-05-04,5,23:00,22,2,N,0.7272727272727273,0,true
2022-05-05,5,20:00,16,2,N,0.5625,0,true
2022-05-05,5,21:00,18,2,N,0.5,0,true
2022-05-05,5,22:00,20,2,N,0.55,0,true
2022-05-05,5,23:00,22,2,N,0.5909090909090909,0,true
2022-05-06,5,20:00,16,2,N,0.875,0,true
2022-05-06,5,21:00,18,2,N,0.8333333333333334,0,true
2022-05-06,5,22:00,20,2,N,0.85,0,true
2022-05-06,5,23:00,22,2,N,0.8636363636363636,0,true
2022-05-07,5,20:00,16,2,N,0.625,0,true
2022-05-07,5,21:00,18,2,N,0.6666666666666666,0,true
2022-05-07,5,22:00,20,2,N,0.65,0,true
2022-05-07,5,23:00,22,2,N,0.6818181818181818,0,true
2022-05-08,5,20:00,16,1,N,1.0,0,false
2022-05-08,5,21:00,18,1,N,1.0,0,false
2022-05-08,5,22:00,20,1,N,1.0,0,false
2022-05-08,5,23:00,22,1,N,1.0,0,false
2022-05-09,5,20:00,16,1,N,1.0,0,false
2022-05-09,5,21:00,18,1,N,1.0,0,false
2022-05-09,5,22:00,20,1,N,1.0,0,false
2022-05-09,5,23:00,22,1,N,1.0,0,false
2022-05-10,5,20:00,16,2,S,0.9375,16,true
2022-05-10,5,21:00,18,2,S,0.9444444444444444,18,true
2022-05-10,5,22:00,20,2,S,0.95,20,true
2022-05-10,5,23:00,22,2,S,0.9545454545454546,22,true
2022-05-11,5,20:00,16,2,S,0.6875,16,true
2022-05-11,5,21:00,18,2,S,0.6666666666666666,18,true
2022-05-11,5,22:00,20,2,S,0.65,20,true
2022-05-11,5,23:00,22,2,S,0.6818181818181818,22,true
2022-05-12,5,20:00,16,2,NE,0.6875,0,true
2022-05-12,5,21:00,18,2,NE,0.7222222222222222,0,true
2022-05-12,5,22:00,20,2,NE,0.65,0,true
2022-05-12,5,23:00,22,2,NE,0.5909090909090909,0,true
2022-05-13,5,20:00,16,2,NE,0.5625,0,true
2022-05-13,5,21:00,18,2,NE,0.5555555555555556,0,true
2022-05-13,5,22:00,20,2,N,0.5,0,true
2022-05-13,5,23:00,22,2,NE,0.5454545454545454,0,true
2022-05-14,5,20:00,16,1,N,1.0,0,false
2022-05-14,5,21:00,18,1,N,1.0,0,false
2022-05-14,5,22:00,20,1,N,1.0,0,false
2022-05-14,5,23:00,22,1,N,1.0,0,false
2022-05-15,5,20:00,16,3,S,0.8125,13,true
2022-05-15,5,21:00,18,4,S,0.7222222222222222,15,true
2022-05-15,5,22:00,20,5,S,0.65,15,true
2022-05-15,5,23:00,22,5,S,0.5909090909090909,15,true
2022-05-16,5,20:00,16,5,NE,0.3125,8,true
2022-05-16,5,21:00,18,5,NE,0.3888888888888889,8,true
2022-05-16,5,22:00,20,5,NE,0.35,9,true
2022-05-16,5,23:00,22,5,NE,0.3181818181818182,11,true
2022-05-17,5,20:00,16,2,N,0.9375,0,true
2022-05-17,5,21:00,18,2,N,0.9444444444444444,0,true
2022-05-17,5,22:00,20,2,N,0.95,0,true
2022-05-17,5,23:00,22,2,N,0.9545454545454546,0,true
2022-05-18,5,20:00,16,6,S,0.25,8,true
2022-05-18,5,21:00,18,6,N,0.2222222222222222,8,true
2022-05-18,5,22:00,20,6,N,0.3,8,true
2022-05-18,5,23:00,22,6,N,0.3181818181818182,8,true
2022-05-19,5,20:00,16,1,N,1.0,0,false
2022-05-19,5,21:00,18,2,N,0.9444444444444444,0,true
2022-05-19,5,22:00,20,2,N,0.95,0,true
2022-05-19,5,23:00,22,2,N,0.9090909090909091,0,true
2022-05-20,5,20:00,16,2,N,0.625,0,true
2022-05-20,5,21:00,18,2,N,0.6666666666666666,0,true
2022-05-20,5,22:00,20,2,N,0.7,0,true
2022-05-20,5,23:00,22,2,N,0.6818181818181818,0,true
2022-05-21,5,20:00,16,4,N,0.3125,3,true
2022-05-21,5,21:00,18,4,N,0.3888888888888889,3,true
2022-05-21,5,22:00,20,4,N,0.45,3,true
2022-05-21,5,23:00,22,5,N,0.45454545454545453,3,true
2022-05-22,5,20:00,16,5,N,0.3125,7,true
2022-05-22,5,21:00,18,5,N,0.3888888888888889,7,true
2022-05-22,5,22:00,20,5,N,0.4,7,true
2022-05-22,5,23:00,22,5,N,0.45454545454545453,7,true
2022-05-23,5,20:00,16,5,S,0.625,11,true
2022-05-23,5,21:00,18,5,S,0.6666666666666666,13,true
2022-05-23,5,22:00,20,5,S,0.7,15,true
2022-05-23,5,23:00,22,5,S,0.7272727272727273,17,true
2022-05-24,5,20:00,16,2,N,0.5625,0,true
2022-05-24,5,21:00,18,2,N,0.6111111111111112,0,true
2022-05-24,5,22:00,20,2,N,0.65,0,true
2022-05-24,5,23:00,22,2,N,0.6818181818181818,0,true
2022-05-25,5,20:00,16,2,N,0.75,0,true
2022-05-25,5,21:00,18,2,N,0.7777777777777778,0,true
2022-05-25,5,22:00,20,2,N,0.8,0,true
2022-05-25,5,23:00,22,2,N,0.8181818181818182,0,true
2022-05-26,5,20:00,16,1,S,1.0,16,false
2022-05-26,5,21:00,18,1,S,1.0,18,false
2022-05-26,5,22:00,20,2,S,0.95,20,true
2022-05-26,5,23:00,22,2,S,0.9090909090909091,22,true
2022-05-27,5,20:00,16,1,S,1.0,16,false
2022-05-27,5,21:00,18,1,S,1.0,18,false
2022-05-27,5,22:00,20,1,S,1.0,20,false
2022-05-27,5,23:00,22,1,S,1.0,22,false
2022-05-28,5,20:00,16,2,N,0.6875,0,true
2022-05-28,5,21:00,18,2,N,0.6666666666666666,0,true
2022-05-28,5,22:00,20,2,N,0.7,0,true
2022-05-28,5,23:00,22,2,N,0.6818181818181818,0,true
2022-05-29,5,20:00,16,2,N,0.5625,0,true
2022-05-29,5,21:00,18,2,N,0.6111111111111112,0,true
2022-05-29,5,22:00,20,2,N,0.6,0,true
2022-05-29,5,23:00,22,2,N,0.5909090909090909,0,true
2022-05-30,5,20:00,16,2,N,0.5,0,true
2022-05-30,5,21:00,18,2,N,0.5,0,true
2022-05-30,5,22:00,20,3,N,0.5,0,true
2022-05-30,5,23:00,22,3,N,0.5454545454545454,0,true
2022-05-31,5,20:00,16,2,N,0.9375,0,true
2022-05-31,5,21:00,18,2,N,0.9444444444444444,0,true
2022-05-31,5,22:00,20,2,N,0.95,0,true
2022-05-31,5,23:00,22,2,N,0.9545454545454546,0,true
2022-06-01,6,20:00,16,2,N,0.9375,0,true
2022-06-01,6,21:00,18,2,N,0.9444444444444444,0,true
2022-06-01,6,22:00,20,3,N,0.9,0,true
2022-06-01,6,23:00,22,3,N,0.9090909090909091,0,true
2022-06-02,6,20:00,16,1,N,1.0,0,false
2022-06-02,6,21:00,18,1,N,1.0,0,false
2022-06-02,6,22:00,20,1,N,1.0,0,false
2022-06-02,6,23:00,22,1,N,1.0,0,false
2022-06-03,6,20:00,16,6,NE,0.3125,4,true
2022-06-03,6,21:00,18,6,NE,0.2777777777777778,6,true
2022-06-03,6,22:00,20,6,S,0.35,8,true
2022-06-03,6,23:00,22,6,S,0.4090909090909091,10,true
2022-06-04,6,20:00,16,1,S,1.0,16,false
2022-06-04,6,21:00,18,1,S,1.0,18,false
2022-06-04,6,22:00,20,1,S,1.0,20,false
2022-06-04,6,23:00,22,2,S,0.9545454545454546,22,true
2022-06-05,6,20:00,16,2,NE,0.5625,0,true
2022-06-05,6,21:00,18,2,N,0.5,0,true
2022-06-05,6,22:00,20,2,N,0.55,0,true
2022-06-05,6,23:00,22,2,N,0.5909090909090909,0,true
2022-06-06,6,20:00,16,2,N,0.9375,0,true
2022-06-06,6,21:00,18,2,N,0.9444444444444444,0,true
2022-06-06,6,22:00,20,2,N,0.95,0,true
2022-06-06,6,23:00,22,2,N,0.9545454545454546,0,true
2022-06-07,6,20:00,16,2,N,0.75,0,true
2022-06-07,6,21:00,18,2,N,0.7777777777777778,0,true
2022-06-07,6,22:00,20,2,N,0.8,0,true
2022-06-07,6,23:00,22,2,N,0.8181818181818182,0,true
2022-06-08,6,20:00,16,2,N,0.875,0,true
2022-06-08,6,21:00,18,2,N,0.8888888888888888,0,true
2022-06-08,6,22:00,20,2,N,0.9,0,true
2022-06-08,6,23:00,22,2,N,0.9090909090909091,0,true
2022-06-09,6,20:00,16,2,N,0.875,0,true
2022-06-09,6,21:00,18,2,N,0.8888888888888888,0,true
2022-06-09,6,22:00,20,2,N,0.9,0,true
2022-06-09,6,23:00,22,2,N,0.9090909090909091,0,true
2022-06-10,6,20:00,16,2,N,0.9375,0,true
2022-06-10,6,21:00,18,2,N,0.8333333333333334,0,true
2022-06-10,6,22:00,20,2,N,0.75,0,true
2022-06-10,6,23:00,22,2,N,0.7272727272727273,0,true
2022-06-11,6,20:00,16,2,N,0.625,0,true
2022-06-11,6,21:00,18,2,N,0.6666666666666666,0,true
2022-06-11,6,22:00,20,2,N,0.65,0,true
2022-06-11,6,23:00,22,2,N,0.6818181818181818,0,true
2022-06-12,6,20:00,16,2,NW,0.6875,0,true
2022-06-12,6,21:00,18,3,NW,0.6111111111111112,0,true
2022-06-12,6,22:00,20,3,NW,0.55,0,true
2022-06-12,6,23:00,22,3,NW,0.5,0,true
2022-06-13,6,20:00,16,2,NW,0.6875,0,true
2022-06-13,6,21:00,18,2,NW,0.7222222222222222,0,true
2022-06-13,6,22:00,20,2,NW,0.75,0,true
2022-06-13,6,23:00,22,2,NW,0.7727272727272727,0,true
2022-06-14,6,20:00,16,5,N,0.5625,1,true
2022-06-14,6,21:00,18,5,N,0.5555555555555556,1,true
2022-06-14,6,22:00,20,5,N,0.6,1,true
2022-06-14,6,23:00,22,5,N,0.6363636363636364,1,true
2022-06-15,6,20:00,16,2,N,0.5,0,true
2022-06-15,6,21:00,18,2,NW,0.5555555555555556,0,true
2022-06-15,6,22:00,20,2,N,0.5,0,true
2022-06-15,6,23:00,22,2,N,0.5,0,true
2022-06-16,6,20:00,16,3,N,0.5625,0,true
2022-06-16,6,21:00,18,3,N,0.6111111111111112,0,true
2022-06-16,6,22:00,20,3,N,0.6,0,true
2022-06-16,6,23:00,22,3,N,0.5909090909090909,0,true
2022-06-17,6,20:00,16,6,N,0.375,8,true
2022-06-17,6,21:00,18,6,N,0.3333333333333333,10,true
2022-06-17,6,22:00,20,6,N,0.3,12,true
2022-06-17,6,23:00,22,6,SE,0.36363636363636365,14,true
2022-06-18,6,20:00,16,3,N,0.5625,0,true
2022-06-18,6,21:00,18,3,N,0.5,0,true
2022-06-18,6,22:00,20,3,N,0.55,0,true
2022-06-18,6,23:00,22,3,N,0.5454545454545454,0,true
2022-06-19,6,20:00,16,2,S,0.75,16,true
2022-06-19,6,21:00,18,2,S,0.7222222222222222,18,true
2022-06-19,6,22:00,20,2,S,0.75,20,true
2022-06-19,6,23:00,22,2,S,0.7727272727272727,22,true
2022-06-20,6,20:00,16,1,S,1.0,16,false
2022-06-20,6,21:00,18,1,S,1.0,18,false
2022-06-20,6,22:00,20,1,S,1.0,20,false
2022-06-20,6,23:00,22,1,S,1.0,22,false
2022-06-21,6,20:00,16,2,S,0.75,16,true
2022-06-21,6,21:00,18,2,S,0.7777777777777778,18,true
2022-06-21,6,22:00,20,2,S,0.8,20,true
2022-06-21,6,23:00,22,2,S,0.7272727272727273,22,true
2022-06-22,6,20:00,16,2,S,0.8125,16,true
2022-06-22,6,21:00,18,2,S,0.8333333333333334,18,true
2022-06-22,6,22:00,20,2,S,0.8,20,true
2022-06-22,6,23:00,22,2,S,0.7272727272727273,22,true
2022-06-23,6,20:00,16,2,NE,0.75,0,true
2022-06-23,6,21:00,18,2,NE,0.7222222222222222,0,true
2022-06-23,6,22:00,20,2,NE,0.65,0,true
2022-06-23,6,23:00,22,2,NE,0.5909090909090909,0,true
2022-06-24,6,20:00,16,2,NE,0.8125,0,true
2022-06-24,6,21:00,18,2,NE,0.7777777777777778,0,true
2022-06-24,6,22:00,20,2,NE,0.7,0,true
2022-06-24,6,23:00,22,2,NE,0.6363636363636364,0,true
2022-06-25,6,20:00,16,1,N,1.0,0,false
2022-06-25,6,21:00,18,1,N,1.0,0,false
2022-06-25,6,22:00,20,1,N,1.0,0,false
2022-06-25,6,23:00,22,1,N,1.0,0,false
2022-06-26,6,20:00,16,3,N,0.625,0,true
2022-06-26,6,21:00,18,3,N,0.6666666666666666,0,true
2022-06-26,6,22:00,20,3,N,0.7,0,true
2022-06-26,6,23:00,22,3,N,0.7272727272727273,0,true
2022-06-27,6,20:00,16,2,N,0.625,0,true
2022-06-27,6,21:00,18,2,N,0.6666666666666666,0,true
2022-06-27,6,22:00,20,2,N,0.7,0,true
2022-06-27,6,23:00,22,2,N,0.7272727272727273,0,true
2022-06-28,6,20:00,16,5,S,0.4375,9,true
2022-06-28,6,21:00,18,5,S,0.3888888888888889,11,true
2022-06-28,6,22:00,20,6,N,0.35,11,true
2022-06-28,6,23:00,22,6,S,0.36363636363636365,13,true
2022-06-29,6,20:00,16,2,N,0.5,0,true
2022-06-29,6,21:00,18,2,NE,0.5555555555555556,0,true
2022-06-29,6,22:00,20,2,NE,0.6,0,true
2022-06-29,6,23:00,22,2,NE,0.5909090909090909,0,true
2022-06-30,6,20:00,15,3,NE,0.5333333333333333,0,true
2022-06-30,6,21:00,17,3,N,0.47058823529411764,0,true
2022-06-30,6,22:00,19,3,N,0.47368421052631576,0,true
2022-06-30,6,23:00,21,3,NE,0.5238095238095238,0,true
2022-07-01,7,20:00,16,2,S,0.75,12,true
2022-07-01,7,21:00,18,2,S,0.7777777777777778,14,true
2022-07-01,7,22:00,20,2,S,0.8,16,true
2022-07-01,7,23:00,22,2,S,0.8181818181818182,18,true
2022-07-02,7,20:00,16,2,N,0.5,0,true
2022-07-02,7,21:00,18,2,NE,0.5555555555555556,0,true
2022-07-02,7,22:00,20,2,NE,0.55,0,true
2022-07-02,7,23:00,22,2,N,0.5,0,true
2022-07-03,7,20:00,16,2,NE,0.5625,0,true
2022-07-03,7,21:00,18,2,NE,0.6111111111111112,0,true
2022-07-03,7,22:00,20,2,NE,0.65,0,true
2022-07-03,7,23:00,22,2,NE,0.6818181818181818,0,true
2022-07-04,7,20:00,16,5,N,0.6875,1,true
2022-07-04,7,21:00,18,5,N,0.6111111111111112,1,true
2022-07-04,7,22:00,20,7,N,0.55,3,true
2022-07-04,7,23:00,22,7,N,0.5454545454545454,4,true
2022-07-05,7,20:00,16,2,N,0.9375,0,true
2022-07-05,7,21:00,18,2,N,0.9444444444444444,0,true
2022-07-05,7,22:00,20,2,N,0.95,0,true
2022-07-05,7,23:00,22,2,N,0.9090909090909091,0,true
2022-07-06,7,20:00,16,4,N,0.5,5,true
2022-07-06,7,21:00,18,5,N,0.4444444444444444,7,true
2022-07-06,7,22:00,20,5,N,0.4,9,true
2022-07-06,7,23:00,22,5,N,0.36363636363636365,11,true
2022-07-07,7,20:00,16,2,N,0.5625,0,true
2022-07-07,7,21:00,18,2,N,0.5555555555555556,0,true
2022-07-07,7,22:00,20,2,N,0.6,0,true
2022-07-07,7,23:00,22,2,N,0.6363636363636364,0,true
2022-07-08,7,20:00,16,5,NE,0.5625,1,true
2022-07-08,7,21:00,18,5,NE,0.5,1,true
2022-07-08,7,22:00,20,5,NE,0.45,1,true
2022-07-08,7,23:00,22,5,N,0.45454545454545453,1,true
2022-07-09,7,20:00,16,2,N,0.625,0,true
2022-07-09,7,21:00,18,2,N,0.5555555555555556,0,true
2022-07-09,7,22:00,20,2,N,0.5,0,true
2022-07-09,7,23:00,22,2,N,0.5,0,true
2022-07-10,7,20:00,16,2,S,0.9375,16,true
2022-07-10,7,21:00,18,2,S,0.9444444444444444,18,true
2022-07-10,7,22:00,20,2,S,0.95,20,true
2022-07-10,7,23:00,22,2,S,0.9545454545454546,22,true
2022-07-11,7,20:00,16,1,SE,1.0,16,false
2022-07-11,7,21:00,18,1,SE,1.0,18,false
2022-07-11,7,22:00,20,1,SE,1.0,20,false
2022-07-11,7,23:00,22,2,SE,0.9545454545454546,21,true
2022-07-12,7,20:00,16,6,NE,0.4375,6,true
2022-07-12,7,21:00,18,6,NE,0.5,6,true
2022-07-12,7,22:00,20,6,NE,0.55,6,true
2022-07-12,7,23:00,22,7,NE,0.5454545454545454,6,true
2022-07-13,7,20:00,16,2,N,0.75,0,true
2022-07-13,7,21:00,18,2,N,0.7777777777777778,0,true
2022-07-13,7,22:00,20,2,N,0.75,0,true
2022-07-13,7,23:00,22,2,N,0.7727272727272727,0,true
2022-07-14,7,20:00,16,1,N,1.0,0,false
2022-07-14,7,21:00,18,1,N,1.0,0,false
2022-07-14,7,22:00,20,1,N,1.0,0,false
2022-07-14,7,23:00,22,2,N,0.9090909090909091,0,true
2022-07-15,7,20:00,16,2,S,0.75,16,true
2022-07-15,7,21:00,18,2,S,0.7777777777777778,18,true
2022-07-15,7,22:00,20,2,S,0.75,20,true
2022-07-15,7,23:00,22,2,S,0.7727272727272727,22,true
2022-07-16,7,20:00,16,2,S,0.8125,16,true
2022-07-16,7,21:00,18,3,S,0.7222222222222222,17,true
2022-07-16,7,22:00,20,5,S,0.65,17,true
2022-07-16,7,23:00,22,5,S,0.5909090909090909,17,true
2022-07-17,7,20:00,16,2,NE,0.5625,0,true
2022-07-17,7,21:00,18,2,NE,0.5555555555555556,0,true
2022-07-17,7,22:00,20,2,NE,0.6,0,true
2022-07-17,7,23:00,22,2,NE,0.5454545454545454,0,true
2022-07-18,7,20:00,16,1,N,1.0,0,false
2022-07-18,7,21:00,18,1,N,1.0,0,false
2022-07-18,7,22:00,20,1,N,1.0,0,false
2022-07-18,7,23:00,22,1,N,1.0,0,false
2022-07-19,7,20:00,16,1,N,1.0,0,false
2022-07-19,7,21:00,18,1,N,1.0,0,false
2022-07-19,7,22:00,20,1,N,1.0,0,false
2022-07-19,7,23:00,22,1,N,1.0,0,false
2022-07-20,7,20:00,16,2,N,0.9375,0,true
2022-07-20,7,21:00,18,2,N,0.9444444444444444,0,true
2022-07-20,7,22:00,20,2,N,0.95,0,true
2022-07-20,7,23:00,22,3,N,0.8636363636363636,0,true
2022-07-21,7,20:00,16,5,SW,0.375,8,true
2022-07-21,7,21:00,18,5,SW,0.3333333333333333,8,true
2022-07-21,7,22:00,20,5,SW,0.35,9,true
2022-07-21,7,23:00,22,5,SW,0.4090909090909091,11,true
2022-07-22,7,20:00,16,1,S,1.0,16,false
2022-07-22,7,21:00,18,1,S,1.0,18,false
2022-07-22,7,22:00,20,1,S,1.0,20,false
2022-07-22,7,23:00,22,1,S,1.0,22,false
2022-07-23,7,20:00,16,3,S,0.5625,15,true
2022-07-23,7,21:00,18,3,S,0.5555555555555556,17,true
2022-07-23,7,22:00,20,4,S,0.5,18,true
2022-07-23,7,23:00,22,4,S,0.5,20,true
2022-07-24,7,20:00,16,2,NE,0.6875,0,true
2022-07-24,7,21:00,18,2,NE,0.6666666666666666,0,true
2022-07-24,7,22:00,20,2,NE,0.7,0,true
2022-07-24,7,23:00,22,2,NE,0.6363636363636364,0,true
2022-07-25,7,20:00,16,4,N,0.375,0,true
2022-07-25,7,21:00,18,5,N,0.3333333333333333,1,true
2022-07-25,7,22:00,20,6,NE,0.35,2,true
2022-07-25,7,23:00,22,6,NE,0.36363636363636365,2,true
2022-07-26,7,20:00,16,2,NE,0.8125,0,true
2022-07-26,7,21:00,18,2,NE,0.8333333333333334,0,true
2022-07-26,7,22:00,20,2,NE,0.85,0,true
2022-07-26,7,23:00,22,2,NE,0.7727272727272727,0,true
2022-07-27,7,20:00,16,2,S,0.9375,16,true
2022-07-27,7,21:00,18,2,S,0.9444444444444444,18,true
2022-07-27,7,22:00,20,2,S,0.95,20,true
2022-07-27,7,23:00,22,2,S,0.9545454545454546,22,true
2022-07-28,7,20:00,16,1,N,1.0,0,false
2022-07-28,7,21:00,18,1,N,1.0,0,false
2022-07-28,7,22:00,20,1,N,1.0,0,false
2022-07-28,7,23:00,22,1,N,1.0,0,false
2022-07-29,7,20:00,16,5,N,0.5625,1,true
2022-07-29,7,21:00,18,5,N,0.5,1,true
2022-07-29,7,22:00,20,5,N,0.5,1,true
2022-07-29,7,23:00,22,5,N,0.5454545454545454,1,true
2022-07-30,7,20:00,16,4,N,0.6875,1,true
2022-07-30,7,21:00,18,4,N,0.7222222222222222,1,true
2022-07-30,7,22:00,20,5,N,0.7,1,true
2022-07-30,7,23:00,22,5,N,0.6818181818181818,1,true
2022-07-31,7,20:00,16,4,S,0.3125,9,true
2022-07-31,7,21:00,18,4,SW,0.3333333333333333,11,true
2022-07-31,7,22:00,20,4,SW,0.35,13,true
2022-07-31,7,23:00,22,4,SW,0.36363636363636365,15,true
2022-08-01,8,20:00,16,2,NE,0.8125,0,true
2022-08-01,8,21:00,18,2,NE,0.8333333333333334,0,true
2022-08-01,8,22:00,20,2,NE,0.75,0,true
2022-08-01,8,23:00,22,2,NE,0.6818181818181818,0,true
2022-08-02,8,20:00,16,1,N,1.0,0,false
2022-08-02,8,21:00,18,1,N,1.0,0,false
2022-08-02,8,22:00,20,2,N,0.95,0,true
2022-08-02,8,23:00,22,2,N,0.9545454545454546,0,true
2022-08-03,8,20:00,16,2,N,0.75,0,true
2022-08-03,8,21:00,18,2,N,0.7222222222222222,0,true
2022-08-03,8,22:00,20,2,N,0.7,0,true
2022-08-03,8,23:00,22,2,N,0.7272727272727273,0,true
2022-08-04,8,20:00,16,2,N,0.875,0,true
2022-08-04,8,21:00,18,2,N,0.8888888888888888,0,true
2022-08-04,8,22:00,20,2,N,0.9,0,true
2022-08-04,8,23:00,22,2,N,0.9090909090909091,0,true
2022-08-05,8,20:00,16,2,N,0.875,0,true
2022-08-05,8,21:00,18,2,N,0.8888888888888888,0,true
2022-08-05,8,22:00,20,2,N,0.9,0,true
2022-08-05,8,23:00,22,2,N,0.9090909090909091,0,true
2022-08-06,8,20:00,16,1,N,1.0,0,false
2022-08-06,8,21:00,18,1,N,1.0,0,false
2022-08-06,8,22:00,20,1,N,1.0,0,false
2022-08-06,8,23:00,22,1,N,1.0,0,false
2022-08-07,8,20:00,16,3,N,0.75,0,true
2022-08-07,8,21:00,18,3,N,0.6666666666666666,0,true
2022-08-07,8,22:00,20,3,N,0.7,0,true
2022-08-07,8,23:00,22,3,N,0.7272727272727273,0,true
2022-08-08,8,20:00,16,1,S,1.0,16,false
2022-08-08,8,21:00,18,1,S,1.0,18,false
2022-08-08,8,22:00,20,1,S,1.0,20,false
2022-08-08,8,23:00,22,1,S,1.0,22,false
2022-08-09,8,20:00,16,1,S,1.0,16,false
2022-08-09,8,21:00,18,1,S,1.0,18,false
2022-08-09,8,22:00,20,1,S,1.0,20,false
2022-08-09,8,23:00,22,1,S,1.0,22,false
2022-08-10,8,20:00,16,1,S,1.0,16,false
2022-08-10,8,21:00,18,1,S,1.0,18,false
2022-08-10,8,22:00,20,1,S,1.0,20,false
2022-08-10,8,23:00,22,1,S,1.0,22,false
2022-08-11,8,20:00,16,2,S,0.9375,16,true
2022-08-11,8,21:00,18,2,S,0.9444444444444444,18,true
2022-08-11,8,22:00,20,2,S,0.95,20,true
2022-08-11,8,23:00,22,2,S,0.9545454545454546,22,true
2022-08-12,8,20:00,16,1,S,1.0,16,false
2022-08-12,8,21:00,18,2,S,0.9444444444444444,17,true
2022-08-12,8,22:00,20,4,S,0.85,17,true
2022-08-12,8,23:00,22,6,S,0.7727272727272727,18,true
2022-08-13,8,20:00,16,5,S,0.3125,9,true
2022-08-13,8,21:00,18,5,NE,0.3333333333333333,9,true
2022-08-13,8,22:00,20,5,NE,0.3,9,true
2022-08-13,8,23:00,22,5,NE,0.3181818181818182,9,true
2022-08-14,8,20:00,16,2,N,0.625,0,true
2022-08-14,8,21:00,18,2,N,0.6111111111111112,0,true
2022-08-14,8,22:00,20,2,N,0.65,0,true
2022-08-14,8,23:00,22,2,N,0.6818181818181818,0,true
2022-08-15,8,20:00,16,2,N,0.9375,0,true
2022-08-15,8,21:00,18,2,N,0.8888888888888888,0,true
2022-08-15,8,22:00,20,2,N,0.9,0,true
2022-08-15,8,23:00,22,3,N,0.8636363636363636,1,true
2022-08-16,8,20:00,16,2,N,0.9375,0,true
2022-08-16,8,21:00,18,2,N,0.9444444444444444,0,true
2022-08-16,8,22:00,20,2,N,0.95,0,true
2022-08-16,8,23:00,22,2,N,0.9545454545454546,0,true
2022-08-17,8,20:00,16,1,N,1.0,0,false
2022-08-17,8,21:00,18,1,N,1.0,0,false
2022-08-17,8,22:00,20,1,N,1.0,0,false
2022-08-17,8,23:00,22,1,N,1.0,0,false
2022-08-18,8,20:00,16,2,N,0.875,0,true
2022-08-18,8,21:00,18,2,N,0.8888888888888888,0,true
2022-08-18,8,22:00,20,2,N,0.9,0,true
2022-08-18,8,23:00,22,2,N,0.9090909090909091,0,true
2022-08-19,8,20:00,16,2,N,0.9375,0,true
2022-08-19,8,21:00,18,2,N,0.9444444444444444,0,true
2022-08-19,8,22:00,20,2,N,0.95,0,true
2022-08-19,8,23:00,22,2,N,0.9545454545454546,0,true
2022-08-20,8,20:00,16,1,N,1.0,0,false
2022-08-20,8,21:00,18,1,N,1.0,0,false
2022-08-20,8,22:00,20,1,N,1.0,0,false
2022-08-20,8,23:00,22,1,N,1.0,0,false
2022-08-21,8,20:00,16,1,N,1.0,0,false
2022-08-21,8,21:00,18,1,N,1.0,0,false
2022-08-21,8,22:00,20,1,N,1.0,0,false
2022-08-21,8,23:00,22,1,N,1.0,0,false
2022-08-22,8,20:00,16,2,N,0.875,0,true
2022-08-22,8,21:00,18,2,N,0.8888888888888888,0,true
2022-08-22,8,22:00,20,2,N,0.9,0,true
2022-08-22,8,23:00,22,2,N,0.8636363636363636,0,true
2022-08-23,8,20:00,16,1,S,1.0,16,false
2022-08-23,8,21:00,18,2,S,0.8888888888888888,18,true
2022-08-23,8,22:00,20,2,S,0.9,20,true
2022-08-23,8,23:00,22,2,S,0.8636363636363636,22,true
2022-08-24,8,20:00,16,1,N,1.0,0,false
2022-08-24,8,21:00,18,1,N,1.0,0,false
2022-08-24,8,22:00,20,1,N,1.0,0,false
2022-08-24,8,23:00,22,1,N,1.0,0,false
2022-08-25,8,20:00,16,3,N,0.5,8,true
2022-08-25,8,21:00,18,4,N,0.4444444444444444,9,true
2022-08-25,8,22:00,20,5,N,0.45,9,true
2022-08-25,8,23:00,22,5,N,0.45454545454545453,9,true
2022-08-26,8,20:00,16,2,S,0.9375,16,true
2022-08-26,8,21:00,18,2,S,0.9444444444444444,18,true
2022-08-26,8,22:00,20,2,S,0.95,20,true
2022-08-26,8,23:00,22,2,S,0.9545454545454546,22,true
2022-08-27,8,20:00,16,1,S,1.0,16,false
2022-08-27,8,21:00,18,1,S,1.0,18,false
2022-08-27,8,22:00,20,1,S,1.0,20,false
2022-08-27,8,23:00,22,1,S,1.0,22,false
2022-08-28,8,20:00,16,1,S,1.0,16,false
2022-08-28,8,21:00,18,1,S,1.0,18,false
2022-08-28,8,22:00,20,2,S,0.95,20,true
2022-08-28,8,23:00,22,2,S,0.9545454545454546,22,true
2022-08-29,8,20:00,16,2,SE,0.875,16,true
2022-08-29,8,21:00,18,2,SE,0.8888888888888888,18,true
2022-08-29,8,22:00,20,2,SE,0.9,20,true
2022-08-29,8,23:00,22,2,SE,0.8636363636363636,22,true
2022-08-30,8,20:00,16,2,NE,0.8125,0,true
2022-08-30,8,21:00,18,2,NE,0.7777777777777778,0,true
2022-08-30,8,22:00,20,2,NE,0.7,0,true
2022-08-30,8,23:00,22,2,NE,0.6363636363636364,0,true
2022-08-31,8,20:00,16,2,NE,0.6875,0,true
2022-08-31,8,21:00,18,2,NE,0.6666666666666666,0,true
2022-08-31,8,22:00,20,2,NE,0.6,0,true
2022-08-31,8,23:00,22,2,NE,0.5454545454545454,0,true
2022-09-01,9,20:00,16,1,N,1.0,0,false
2022-09-01,9,21:00,18,1,N,1.0,0,false
2022-09-01,9,22:00,20,1,N,1.0,0,false
2022-09-01,9,23:00,22,1,N,1.0,0,false
2022-09-02,9,20:00,16,1,N,1.0,0,false
2022-09-02,9,21:00,18,1,N,1.0,0,false
2022-09-02,9,22:00,20,1,N,1.0,0,false
2022-09-02,9,23:00,22,1,N,1.0,0,false
2022-09-03,9,20:00,16,1,N,1.0,0,false
2022-09-03,9,21:00,18,1,N,1.0,0,false
2022-09-03,9,22:00,20,1,N,1.0,0,false
2022-09-03,9,23:00,22,1,N,1.0,0,false
2022-09-04,9,20:00,16,2,NW,0.625,0,true
2022-09-04,9,21:00,18,2,NW,0.6111111111111112,0,true
2022-09-04,9,22:00,20,2,NW,0.55,0,true
2022-09-04,9,23:00,22,2,NW,0.5454545454545454,0,true
2022-09-05,9,20:00,16,6,S,0.25,8,true
2022-09-05,9,21:00,18,7,S,0.2222222222222222,8,true
2022-09-05,9,22:00,20,7,NW,0.2,8,true
2022-09-05,9,23:00,22,8,E,0.18181818181818182,9,true
2022-09-06,9,20:00,16,1,S,1.0,16,false
2022-09-06,9,21:00,18,2,S,0.9444444444444444,18,true
2022-09-06,9,22:00,20,2,S,0.95,20,true
2022-09-06,9,23:00,22,2,S,0.9545454545454546,22,true
2022-09-07,9,20:00,16,3,N,0.625,0,true
2022-09-07,9,21:00,18,3,N,0.6666666666666666,0,true
2022-09-07,9,22:00,20,3,N,0.6,0,true
2022-09-07,9,23:00,22,3,N,0.5909090909090909,0,true
2022-09-08,9,20:00,16,5,NE,0.4375,1,true
2022-09-08,9,21:00,18,5,NE,0.5,1,true
2022-09-08,9,22:00,20,5,NE,0.45,1,true
2022-09-08,9,23:00,22,6,N,0.4090909090909091,2,true
2022-09-09,9,20:00,16,4,NE,0.4375,2,true
2022-09-09,9,21:00,18,5,NE,0.3888888888888889,3,true
2022-09-09,9,22:00,20,5,NE,0.4,4,true
2022-09-09,9,23:00,22,6,NE,0.36363636363636365,6,true
2022-09-10,9,20:00,16,4,NE,0.5,1,true
2022-09-10,9,21:00,18,4,NE,0.5555555555555556,1,true
2022-09-10,9,22:00,20,6,NE,0.5,2,true
2022-09-10,9,23:00,22,7,NE,0.45454545454545453,3,true
2022-09-11,9,20:00,16,7,E,0.25,8,true
2022-09-11,9,21:00,18,7,E,0.2222222222222222,8,true
2022-09-11,9,22:00,20,7,E,0.2,8,true
2022-09-11,9,23:00,22,7,E,0.18181818181818182,8,true
2022-09-12,9,20:00,16,3,NE,0.5,0,true
2022-09-12,9,21:00,18,3,NE,0.4444444444444444,0,true
2022-09-12,9,22:00,20,3,N,0.45,0,true
2022-09-12,9,23:00,22,3,N,0.5,0,true
2022-09-13,9,20:00,16,2,N,0.6875,0,true
2022-09-13,9,21:00,18,2,N,0.6666666666666666,0,true
2022-09-13,9,22:00,20,2,N,0.65,0,true
2022-09-13,9,23:00,22,2,N,0.5909090909090909,0,true
2022-09-14,9,20:00,16,6,S,0.5,10,true
2022-09-14,9,21:00,18,6,S,0.5555555555555556,12,true
2022-09-14,9,22:00,20,6,S,0.6,14,true
2022-09-14,9,23:00,22,6,S,0.6363636363636364,16,true
2022-09-15,9,20:00,16,2,NE,0.5625,0,true
2022-09-15,9,21:00,18,2,N,0.5,0,true
2022-09-15,9,22:00,20,2,N,0.55,0,true
2022-09-15,9,23:00,22,2,N,0.5909090909090909,0,true
2022-09-16,9,20:00,16,3,N,0.6875,0,true
2022-09-16,9,21:00,18,3,N,0.7222222222222222,0,true
2022-09-16,9,22:00,20,4,N,0.7,1,true
2022-09-16,9,23:00,22,5,N,0.6363636363636364,3,true
2022-09-17,9,20:00,16,2,N,0.5,0,true
2022-09-17,9,21:00,18,2,N,0.5,0,true
2022-09-17,9,22:00,20,2,N,0.5,0,true
2022-09-17,9,23:00,22,2,N,0.5454545454545454,0,true
2022-09-18,9,20:00,16,1,NE,1.0,0,false
2022-09-18,9,21:00,18,1,NE,1.0,0,false
2022-09-18,9,22:00,20,2,NE,0.95,0,true
2022-09-18,9,23:00,22,2,NE,0.8636363636363636,0,true
2022-09-19,9,20:00,16,2,N,0.9375,0,true
2022-09-19,9,21:00,18,2,N,0.9444444444444444,0,true
2022-09-19,9,22:00,20,2,N,0.95,0,true
2022-09-19,9,23:00,22,2,N,0.9545454545454546,0,true
2022-09-20,9,20:00,16,1,N,1.0,0,false
2022-09-20,9,21:00,18,1,N,1.0,0,false
2022-09-20,9,22:00,20,1,N,1.0,0,false
2022-09-20,9,23:00,22,1,N,1.0,0,false
2022-09-21,9,20:00,16,3,N,0.75,0,true
2022-09-21,9,21:00,18,4,N,0.6666666666666666,0,true
2022-09-21,9,22:00,20,6,N,0.6,2,true
2022-09-21,9,23:00,22,6,N,0.5454545454545454,4,true
2022-09-22,9,20:00,16,1,S,1.0,16,false
2022-09-22,9,21:00,18,1,S,1.0,18,false
2022-09-22,9,22:00,20,1,S,1.0,20,false
2022-09-22,9,23:00,22,1,S,1.0,22,false
2022-09-23,9,20:00,16,1,S,1.0,16,false
2022-09-23,9,21:00,18,1,S,1.0,18,false
2022-09-23,9,22:00,20,1,S,1.0,20,false
2022-09-23,9,23:00,22,1,S,1.0,22,false
2022-09-24,9,20:00,16,1,S,1.0,16,false
2022-09-24,9,21:00,18,1,S,1.0,18,false
2022-09-24,9,22:00,20,1,S,1.0,20,false
2022-09-24,9,23:00,22,2,S,0.9545454545454546,22,true
2022-09-25,9,20:00,16,1,S,1.0,16,false
2022-09-25,9,21:00,18,1,S,1.0,18,false
2022-09-25,9,22:00,20,1,S,1.0,20,false
2022-09-25,9,23:00,22,1,S,1.0,22,false
2022-09-26,9,20:00,18,5,NE,0.3333333333333333,4,true
2022-09-26,9,21:00,20,5,E,0.3,4,true
2022-09-26,9,22:00,22,5,NE,0.36363636363636365,4,true
2022-09-26,9,23:00,24,5,NE,0.3333333333333333,4,true
2022-09-27,9,20:00,18,2,N,0.7777777777777778,0,true
2022-09-27,9,21:00,20,2,N,0.8,0,true
2022-09-27,9,22:00,22,2,N,0.8181818181818182,0,true
2022-09-27,9,23:00,24,2,N,0.8333333333333334,0,true
2022-09-28,9,20:00,18,2,N,0.8888888888888888,0,true
2022-09-28,9,21:00,20,2,N,0.9,0,true
2022-09-28,9,22:00,22,2,N,0.9090909090909091,0,true
2022-09-28,9,23:00,24,2,N,0.9166666666666666,0,true
2022-09-29,9,20:00,18,1,N,1.0,0,false
2022-09-29,9,21:00,20,1,N,1.0,0,false
2022-09-29,9,22:00,22,1,N,1.0,0,false
2022-09-29,9,23:00,24,1,N,1.0,0,false
2022-09-30,9,20:00,18,2,S,0.8888888888888888,18,true
2022-09-30,9,21:00,20,2,S,0.8,20,true
2022-09-30,9,22:00,22,2,S,0.7727272727272727,22,true
2022-09-30,9,23:00,24,2,S,0.7083333333333334,24,true
2022-10-01,10,20:00,18,2,SE,0.6111111111111112,18,true
2022-10-01,10,21:00,20,2,SE,0.6,20,true
2022-10-01,10,22:00,22,3,SE,0.5909090909090909,21,true
2022-10-01,10,23:00,24,3,SE,0.5416666666666666,21,true
2022-10-02,10,20:00,18,2,S,0.6666666666666666,18,true
2022-10-02,10,21:00,20,2,S,0.7,20,true
2022-10-02,10,22:00,22,2,S,0.7272727272727273,22,true
2022-10-02,10,23:00,24,2,S,0.75,24,true
2022-10-03,10,20:00,18,1,S,1.0,18,false
2022-10-03,10,21:00,20,1,S,1.0,20,false
2022-10-03,10,22:00,22,1,S,1.0,22,false
2022-10-03,10,23:00,24,1,S,1.0,24,false
2022-10-04,10,20:00,18,5,S,0.6111111111111112,13,true
2022-10-04,10,21:00,20,5,S,0.55,13,true
2022-10-04,10,22:00,22,5,S,0.5,13,true
2022-10-04,10,23:00,24,5,S,0.4583333333333333,13,true
2022-10-05,10,20:00,18,2,N,0.7222222222222222,0,true
2022-10-05,10,21:00,20,2,N,0.7,0,true
2022-10-05,10,22:00,22,2,N,0.6818181818181818,0,true
2022-10-05,10,23:00,24,2,N,0.625,0,true
2022-10-06,10,20:00,18,1,S,1.0,18,false
2022-10-06,10,21:00,20,1,S,1.0,20,false
2022-10-06,10,22:00,22,2,S,0.9545454545454546,22,true
2022-10-06,10,23:00,24,2,S,0.9166666666666666,24,true
2022-10-07,10,20:00,18,3,S,0.6666666666666666,15,true
2022-10-07,10,21:00,20,3,S,0.7,17,true
2022-10-07,10,22:00,22,3,S,0.7272727272727273,19,true
2022-10-07,10,23:00,24,3,S,0.75,21,true
2022-10-08,10,20:00,18,2,N,0.6666666666666666,0,true
2022-10-08,10,21:00,20,2,N,0.7,0,true
2022-10-08,10,22:00,22,2,N,0.7272727272727273,0,true
2022-10-08,10,23:00,24,2,N,0.75,0,true
2022-10-09,10,20:00,18,1,N,1.0,0,false
2022-10-09,10,21:00,20,1,N,1.0,0,false
2022-10-09,10,22:00,22,1,N,1.0,0,false
2022-10-09,10,23:00,24,1,N,1.0,0,false
2022-10-10,10,20:00,18,2,N,0.8888888888888888,0,true
2022-10-10,10,21:00,20,2,N,0.9,0,true
2022-10-10,10,22:00,22,2,N,0.9090909090909091,0,true
2022-10-10,10,23:00,24,2,N,0.9166666666666666,0,true
2022-10-11,10,20:00,18,1,N,1.0,0,false
2022-10-11,10,21:00,20,1,N,1.0,0,false
2022-10-11,10,22:00,22,1,N,1.0,0,false
2022-10-11,10,23:00,24,1,N,1.0,0,false
2022-10-12,10,20:00,18,1,SE,1.0,18,false
2022-10-12,10,21:00,20,2,SE,0.95,20,true
2022-10-12,10,22:00,22,2,SE,0.9090909090909091,22,true
2022-10-12,10,23:00,24,2,SE,0.875,24,true
2022-10-13,10,20:00,18,3,SE,0.7777777777777778,18,true
2022-10-13,10,21:00,20,3,SE,0.8,20,true
2022-10-13,10,22:00,22,3,SE,0.8181818181818182,22,true
2022-10-13,10,23:00,24,3,SE,0.8333333333333334,24,true
2022-10-14,10,20:00,18,2,SE,0.7777777777777778,18,true
2022-10-14,10,21:00,20,2,SE,0.8,20,true
2022-10-14,10,22:00,22,2,SE,0.7727272727272727,22,true
2022-10-14,10,23:00,24,2,SE,0.7916666666666666,24,true
2022-10-15,10,20:00,18,1,SE,1.0,18,false
2022-10-15,10,21:00,20,2,SE,0.95,19,true
2022-10-15,10,22:00,22,3,SE,0.8636363636363636,19,true
2022-10-15,10,23:00,24,3,SE,0.7916666666666666,19,true
2022-10-16,10,20:00,18,3,N,0.6111111111111112,0,true
2022-10-16,10,21:00,20,3,N,0.55,0,true
2022-10-16,10,22:00,22,3,N,0.5454545454545454,0,true
2022-10-16,10,23:00,24,3,N,0.5833333333333334,0,true
2022-10-17,10,20:00,18,2,N,0.5555555555555556,0,true
2022-10-17,10,21:00,20,2,N,0.6,0,true
2022-10-17,10,22:00,22,2,N,0.6363636363636364,0,true
2022-10-17,10,23:00,24,2,N,0.6666666666666666,0,true
2022-10-18,10,20:00,18,3,N,0.6111111111111112,0,true
2022-10-18,10,21:00,20,3,N,0.6,0,true
2022-10-18,10,22:00,22,3,N,0.6363636363636364,0,true
2022-10-18,10,23:00,24,3,N,0.6666666666666666,0,true
2022-10-19,10,20:00,18,2,S,0.7777777777777778,18,true
2022-10-19,10,21:00,20,3,S,0.75,19,true
2022-10-19,10,22:00,22,3,S,0.6818181818181818,21,true
2022-10-19,10,23:00,24,3,S,0.625,23,true
2022-10-20,10,20:00,18,3,NE,0.6111111111111112,0,true
2022-10-20,10,21:00,20,3,NE,0.55,0,true
2022-10-20,10,22:00,22,3,NE,0.5,0,true
2022-10-20,10,23:00,24,3,N,0.5,0,true
2022-10-21,10,20:00,18,2,S,0.9444444444444444,17,true
2022-10-21,10,21:00,20,2,S,0.95,19,true
2022-10-21,10,22:00,22,2,S,0.9545454545454546,21,true
2022-10-21,10,23:00,24,2,S,0.9583333333333334,23,true
2022-10-22,10,20:00,18,5,NE,0.3888888888888889,7,true
2022-10-22,10,21:00,20,5,NE,0.35,7,true
2022-10-22,10,22:00,22,6,NE,0.3181818181818182,8,true
2022-10-22,10,23:00,24,6,NE,0.2916666666666667,10,true
2022-10-23,10,20:00,18,2,N,0.5,0,true
2022-10-23,10,21:00,20,2,N,0.55,0,true
2022-10-23,10,22:00,22,2,N,0.5909090909090909,0,true
2022-10-23,10,23:00,24,2,N,0.625,0,true
2022-10-24,10,20:00,18,2,N,0.9444444444444444,0,true
2022-10-24,10,21:00,20,2,N,0.95,0,true
2022-10-24,10,22:00,22,2,N,0.9545454545454546,0,true
2022-10-24,10,23:00,24,2,N,0.9583333333333334,0,true
2022-10-25,10,20:00,18,2,S,0.6666666666666666,18,true
2022-10-25,10,21:00,20,2,S,0.6,20,true
2022-10-25,10,22:00,22,2,S,0.5454545454545454,22,true
2022-10-25,10,23:00,24,2,S,0.5,24,true
2022-10-26,10,20:00,18,2,NE,0.5555555555555556,0,true
2022-10-26,10,21:00,20,2,N,0.5,0,true
2022-10-26,10,22:00,22,2,N,0.5454545454545454,0,true
2022-10-26,10,23:00,24,2,N,0.5833333333333334,0,true
2022-10-27,10,20:00,18,1,N,1.0,0,false
2022-10-27,10,21:00,20,1,N,1.0,0,false
2022-10-27,10,22:00,22,1,N,1.0,0,false
2022-10-27,10,23:00,24,1,N,1.0,0,false
2022-10-28,10,20:00,18,2,N,0.9444444444444444,0,true
2022-10-28,10,21:00,20,2,N,0.95,0,true
2022-10-28,10,22:00,22,2,N,0.9545454545454546,0,true
2022-10-28,10,23:00,24,2,N,0.9583333333333334,0,true
2022-10-29,10,20:00,18,1,N,1.0,0,false
2022-10-29,10,21:00,20,1,N,1.0,0,false
2022-10-29,10,22:00,22,1,N,1.0,0,false
2022-10-29,10,23:00,24,1,N,1.0,0,false
2022-10-30,10,20:00,18,2,N,0.9444444444444444,0,true
2022-10-30,10,21:00,20,2,N,0.95,0,true
2022-10-30,10,22:00,22,2,N,0.9545454545454546,0,true
2022-10-30,10,23:00,24,2,N,0.9583333333333334,0,true
2022-10-31,10,20:00,18,1,N,1.0,0,false
2022-10-31,10,21:00,20,1,N,1.0,0,false
2022-10-31,10,22:00,22,1,N,1.0,0,false
2022-10-31,10,23:00,24,1,N,1.0,0,false
2022-11-01,11,20:00,18,2,N,0.9444444444444444,0,true
2022-11-01,11,21:00,20,2,N,0.95,0,true
2022-11-01,11,22:00,22,2,N,0.9545454545454546,0,true
2022-11-01,11,23:00,24,2,N,0.9583333333333334,0,true
2022-11-02,11,20:00,18,1,N,1.0,0,false
2022-11-02,11,21:00,20,1,N,1.0,0,false
2022-11-02,11,22:00,22,1,N,1.0,0,false
2022-11-02,11,23:00,24,1,N,1.0,0,false
2022-11-03,11,20:00,18,1,N,1.0,0,false
2022-11-03,11,21:00,20,2,N,0.95,0,true
2022-11-03,11,22:00,22,2,N,0.9545454545454546,0,true
2022-11-03,11,23:00,24,2,N,0.9583333333333334,0,true
2022-11-04,11,20:00,18,1,N,1.0,0,false
2022-11-04,11,21:00,20,1,N,1.0,0,false
2022-11-04,11,22:00,22,2,N,0.9545454545454546,0,true
2022-11-04,11,23:00,24,2,N,0.875,0,true
2022-11-05,11,20:00,18,2,N,0.6666666666666666,0,true
2022-11-05,11,21:00,20,2,N,0.6,0,true
2022-11-05,11,22:00,22,3,N,0.5454545454545454,2,true
2022-11-05,11,23:00,24,4,N,0.5,4,true
2022-11-06,11,20:00,18,6,N,0.6111111111111112,3,true
2022-11-06,11,21:00,20,6,N,0.65,3,true
2022-11-06,11,22:00,22,8,N,0.5909090909090909,5,true
2022-11-06,11,23:00,24,8,N,0.5416666666666666,7,true
2022-11-07,11,20:00,18,2,N,0.5555555555555556,0,true
2022-11-07,11,21:00,20,2,N,0.6,0,true
2022-11-07,11,22:00,22,2,N,0.6363636363636364,0,true
2022-11-07,11,23:00,24,2,N,0.6666666666666666,0,true
2022-11-08,11,20:00,18,2,N,0.5555555555555556,0,true
2022-11-08,11,21:00,20,2,N,0.6,0,true
2022-11-08,11,22:00,22,2,N,0.6363636363636364,0,true
2022-11-08,11,23:00,24,3,N,0.625,1,true
2022-11-09,11,20:00,18,5,N,0.5555555555555556,1,true
2022-11-09,11,21:00,20,5,N,0.6,1,true
2022-11-09,11,22:00,22,6,N,0.5454545454545454,3,true
2022-11-09,11,23:00,24,6,N,0.5,5,true
2022-11-10,11,20:00,18,2,S,0.9444444444444444,18,true
2022-11-10,11,21:00,20,2,S,0.95,20,true
2022-11-10,11,22:00,22,2,S,0.9545454545454546,22,true
2022-11-10,11,23:00,24,2,S,0.9166666666666666,24,true
2022-11-11,11,20:00,18,2,E,0.5555555555555556,8,true
2022-11-11,11,21:00,20,3,E,0.55,8,true
2022-11-11,11,22:00,22,3,E,0.5454545454545454,8,true
2022-11-11,11,23:00,24,3,E,0.5416666666666666,8,true
2022-11-12,11,20:00,18,7,SW,0.2777777777777778,10,true
2022-11-12,11,21:00,20,7,S,0.25,11,true
2022-11-12,11,22:00,22,7,N,0.22727272727272727,11,true
2022-11-12,11,23:00,24,7,N,0.2916666666666667,11,true
2022-11-13,11,20:00,18,4,N,0.4444444444444444,4,true
2022-11-13,11,21:00,20,4,N,0.4,6,true
2022-11-13,11,22:00,22,4,N,0.36363636363636365,8,true
2022-11-13,11,23:00,24,4,S,0.4166666666666667,10,true
2022-11-14,11,20:00,18,2,S,0.7222222222222222,18,true
2022-11-14,11,21:00,20,2,S,0.75,20,true
2022-11-14,11,22:00,22,2,S,0.7727272727272727,22,true
2022-11-14,11,23:00,24,2,S,0.7916666666666666,24,true
2022-11-15,11,20:00,18,3,N,0.5555555555555556,0,true
2022-11-15,11,21:00,20,3,N,0.6,0,true
2022-11-15,11,22:00,22,3,N,0.6363636363636364,0,true
2022-11-15,11,23:00,24,3,N,0.6666666666666666,0,true
2022-11-16,11,20:00,18,1,N,1.0,0,false
2022-11-16,11,21:00,20,1,N,1.0,0,false
2022-11-16,11,22:00,22,1,N,1.0,0,false
2022-11-16,11,23:00,24,1,N,1.0,0,false
2022-11-17,11,20:00,18,2,N,0.9444444444444444,0,true
2022-11-17,11,21:00,20,2,N,0.9,0,true
2022-11-17,11,22:00,22,2,N,0.9090909090909091,0,true
2022-11-17,11,23:00,24,2,N,0.9166666666666666,0,true
2022-11-18,11,20:00,18,2,N,0.7777777777777778,0,true
2022-11-18,11,21:00,20,3,N,0.7,1,true
2022-11-18,11,22:00,22,4,N,0.6363636363636364,3,true
2022-11-18,11,23:00,24,4,N,0.5833333333333334,5,true
2022-11-19,11,20:00,18,6,N,0.3888888888888889,4,true
2022-11-19,11,21:00,20,6,N,0.4,4,true
2022-11-19,11,22:00,22,6,N,0.45454545454545453,4,true
2022-11-19,11,23:00,24,6,N,0.5,4,true
2022-11-20,11,20:00,18,2,N,0.6111111111111112,0,true
2022-11-20,11,21:00,20,2,N,0.6,0,true
2022-11-20,11,22:00,22,2,N,0.6363636363636364,0,true
2022-11-20,11,23:00,24,2,N,0.6666666666666666,0,true
2022-11-21,11,20:00,18,1,N,1.0,0,false
2022-11-21,11,21:00,20,1,N,1.0,0,false
2022-11-21,11,22:00,22,1,N,1.0,0,false
2022-11-21,11,23:00,24,1,N,1.0,0,false
2022-11-22,11,20:00,18,2,N,0.5555555555555556,0,true
2022-11-22,11,21:00,20,2,N,0.6,0,true
2022-11-22,11,22:00,22,2,N,0.6363636363636364,0,true
2022-11-22,11,23:00,24,2,N,0.6666666666666666,0,true
2022-11-23,11,20:00,18,2,N,0.9444444444444444,0,true
2022-11-23,11,21:00,20,3,N,0.9,0,true
2022-11-23,11,22:00,22,4,N,0.8636363636363636,0,true
2022-11-23,11,23:00,24,4,N,0.7916666666666666,0,true
2022-11-24,11,20:00,18,2,N,0.5555555555555556,0,true
2022-11-24,11,21:00,20,2,N,0.55,0,true
2022-11-24,11,22:00,22,2,N,0.5909090909090909,0,true
2022-11-24,11,23:00,24,2,N,0.5416666666666666,0,true
2022-11-25,11,20:00,18,5,NW,0.4444444444444444,7,true
2022-11-25,11,21:00,20,5,NW,0.4,9,true
2022-11-25,11,22:00,22,6,S,0.4090909090909091,11,true
2022-11-25,11,23:00,24,6,S,0.4583333333333333,13,true
2022-11-26,11,20:00,18,2,N,0.7222222222222222,0,true
2022-11-26,11,21:00,20,2,N,0.7,0,true
2022-11-26,11,22:00,22,2,N,0.7272727272727273,0,true
2022-11-26,11,23:00,24,2,N,0.7083333333333334,0,true
2022-11-27,11,20:00,18,2,N,0.8333333333333334,0,true
2022-11-27,11,21:00,20,2,N,0.85,0,true
2022-11-27,11,22:00,22,2,N,0.8636363636363636,0,true
2022-11-27,11,23:00,24,2,N,0.875,0,true
2022-11-28,11,20:00,18,2,SW,0.7222222222222222,18,true
2022-11-28,11,21:00,20,2,SW,0.65,20,true
2022-11-28,11,22:00,22,2,SW,0.5909090909090909,22,true
2022-11-28,11,23:00,24,2,SW,0.5416666666666666,24,true
2022-11-29,11,20:00,18,1,N,1.0,0,false
2022-11-29,11,21:00,20,1,N,1.0,0,false
2022-11-29,11,22:00,22,1,N,1.0,0,false
2022-11-29,11,23:00,24,1,N,1.0,0,false
2022-11-30,11,20:00,18,1,N,1.0,0,false
2022-11-30,11,21:00,20,1,N,1.0,0,false
2022-11-30,11,22:00,22,1,N,1.0,0,false
2022-11-30,11,23:00,24,1,N,1.0,0,false
2022-12-01,12,20:00,18,2,S,0.9444444444444444,18,true
2022-12-01,12,21:00,20,2,S,0.95,20,true
2022-12-01,12,22:00,22,2,S,0.9545454545454546,22,true
2022-12-01,12,23:00,24,2,S,0.9583333333333334,24,true
2022-12-02,12,20:00,18,5,N,0.3888888888888889,4,true
2022-12-02,12,21:00,20,5,N,0.35,6,true
2022-12-02,12,22:00,22,5,N,0.3181818181818182,8,true
2022-12-02,12,23:00,24,5,N,0.2916666666666667,10,true
2022-12-03,12,20:00,18,1,S,1.0,18,false
2022-12-03,12,21:00,20,1,S,1.0,20,false
2022-12-03,12,22:00,22,1,S,1.0,22,false
2022-12-03,12,23:00,24,1,S,1.0,24,false
2022-12-04,12,20:00,18,2,N,0.7222222222222222,0,true
2022-12-04,12,21:00,20,2,N,0.75,0,true
2022-12-04,12,22:00,22,2,N,0.7727272727272727,0,true
2022-12-04,12,23:00,24,2,N,0.7916666666666666,0,true
2022-12-05,12,20:00,18,3,N,0.8333333333333334,1,true
2022-12-05,12,21:00,20,4,N,0.75,3,true
2022-12-05,12,22:00,22,4,N,0.6818181818181818,5,true
2022-12-05,12,23:00,24,4,N,0.625,7,true
2022-12-06,12,20:00,18,1,N,1.0,0,false
2022-12-06,12,21:00,20,1,N,1.0,0,false
2022-12-06,12,22:00,22,1,N,1.0,0,false
2022-12-06,12,23:00,24,1,N,1.0,0,false
2022-12-07,12,20:00,18,2,S,0.6111111111111112,18,true
2022-12-07,12,21:00,20,2,S,0.55,20,true
2022-12-07,12,22:00,22,2,S,0.5,22,true
2022-12-07,12,23:00,24,2,SE,0.5416666666666666,24,true
2022-12-08,12,20:00,18,4,N,0.4444444444444444,0,true
2022-12-08,12,21:00,20,4,N,0.45,0,true
2022-12-08,12,22:00,22,4,N,0.45454545454545453,0,true
2022-12-08,12,23:00,24,5,N,0.4166666666666667,2,true
2022-12-09,12,20:00,18,3,N,0.8333333333333334,0,true
2022-12-09,12,21:00,20,3,N,0.85,0,true
2022-12-09,12,22:00,22,3,N,0.8636363636363636,0,true
2022-12-09,12,23:00,24,3,N,0.875,0,true
2022-12-10,12,20:00,18,1,N,1.0,0,false
2022-12-10,12,21:00,20,1,N,1.0,0,false
2022-12-10,12,22:00,22,1,N,1.0,0,false
2022-12-10,12,23:00,24,1,N,1.0,0,false
2022-12-11,12,20:00,18,2,N,0.9444444444444444,0,true
2022-12-11,12,21:00,20,2,N,0.95,0,true
2022-12-11,12,22:00,22,2,N,0.9545454545454546,0,true
2022-12-11,12,23:00,24,2,N,0.9583333333333334,0,true
2022-12-12,12,20:00,18,1,N,1.0,0,false
2022-12-12,12,21:00,20,1,N,1.0,0,false
2022-12-12,12,22:00,22,1,N,1.0,0,false
2022-12-12,12,23:00,24,1,N,1.0,0,false
2022-12-13,12,20:00,18,4,NE,0.5,1,true
2022-12-13,12,21:00,20,4,NE,0.45,3,true
2022-12-13,12,22:00,22,4,NE,0.4090909090909091,5,true
2022-12-13,12,23:00,24,4,NE,0.375,7,true
2022-12-14,12,20:00,18,2,N,0.9444444444444444,0,true
2022-12-14,12,21:00,20,2,N,0.95,0,true
2022-12-14,12,22:00,22,2,N,0.9545454545454546,0,true
2022-12-14,12,23:00,24,2,N,0.9583333333333334,0,true
2022-12-15,12,20:00,18,7,N,0.5,5,true
2022-12-15,12,21:00,20,7,N,0.55,5,true
2022-12-15,12,22:00,22,8,N,0.5454545454545454,5,true
2022-12-15,12,23:00,24,8,N,0.5416666666666666,6,true
2022-12-16,12,20:00,18,2,N,0.8333333333333334,0,true
2022-12-16,12,21:00,20,2,N,0.85,0,true
2022-12-16,12,22:00,22,2,N,0.8636363636363636,0,true
2022-12-16,12,23:00,24,2,N,0.875,0,true
2022-12-17,12,20:00,18,2,N,0.9444444444444444,0,true
2022-12-17,12,21:00,20,2,N,0.95,0,true
2022-12-17,12,22:00,22,2,N,0.9545454545454546,0,true
2022-12-17,12,23:00,24,2,N,0.9583333333333334,0,true
2022-12-18,12,20:00,18,6,N,0.3333333333333333,3,true
2022-12-18,12,21:00,20,6,N,0.3,5,true
2022-12-18,12,22:00,22,6,N,0.2727272727272727,7,true
2022-12-18,12,23:00,24,6,S,0.2916666666666667,9,true
2022-12-19,12,20:00,18,2,S,0.6666666666666666,18,true
2022-12-19,12,21:00,20,2,S,0.6,20,true
2022-12-19,12,22:00,22,2,S,0.5454545454545454,22,true
2022-12-19,12,23:00,24,2,S,0.5,24,true
2022-12-20,12,20:00,18,4,N,0.5,1,true
2022-12-20,12,21:00,20,5,N,0.45,3,true
2022-12-20,12,22:00,22,5,N,0.4090909090909091,5,true
2022-12-20,12,23:00,24,6,N,0.375,7,true
2022-12-21,12,20:00,18,2,S,0.9444444444444444,18,true
2022-12-21,12,21:00,20,2,S,0.95,20,true
2022-12-21,12,22:00,22,2,S,0.9545454545454546,22,true
2022-12-21,12,23:00,24,2,S,0.9583333333333334,24,true
2022-12-22,12,20:00,18,2,SE,0.6111111111111112,18,true
2022-12-22,12,21:00,20,2,SE,0.55,20,true
2022-12-22,12,22:00,22,2,S,0.5,22,true
2022-12-22,12,23:00,24,2,S,0.5416666666666666,24,true
2022-12-23,12,20:00,18,5,SW,0.4444444444444444,13,true
2022-12-23,12,21:00,20,5,SW,0.4,14,true
2022-12-23,12,22:00,22,5,SW,0.36363636363636365,16,true
2022-12-23,12,23:00,24,5,S,0.375,18,true
2022-12-24,12,20:00,18,5,SW,0.5555555555555556,14,true
2022-12-24,12,21:00,20,5,SW,0.5,14,true
2022-12-24,12,22:00,22,6,SW,0.45454545454545453,14,true
2022-12-24,12,23:00,24,6,SW,0.4166666666666667,14,true
2022-12-25,12,20:00,18,2,N,0.8333333333333334,0,true
2022-12-25,12,21:00,20,2,N,0.85,0,true
2022-12-25,12,22:00,22,2,N,0.8636363636363636,0,true
2022-12-25,12,23:00,24,2,N,0.875,0,true
2022-12-26,12,20:00,18,6,N,0.2222222222222222,1,true
2022-12-26,12,21:00,20,7,N,0.2,3,true
2022-12-26,12,22:00,22,7,N,0.18181818181818182,5,true
2022-12-26,12,23:00,24,7,S,0.20833333333333334,7,true
2022-12-27,12,20:00,18,6,NE,0.2222222222222222,8,true
2022-12-27,12,21:00,20,6,S,0.3,10,true
2022-12-27,12,22:00,22,6,S,0.36363636363636365,12,true
2022-12-27,12,23:00,24,6,S,0.4166666666666667,14,true
2022-12-28,12,20:00,18,3,SW,0.5,18,true
2022-12-28,12,21:00,20,3,SW,0.5,20,true
2022-12-28,12,22:00,22,3,SW,0.5,22,true
2022-12-28,12,23:00,24,3,S,0.4583333333333333,24,true
2022-12-29,12,20:00,18,2,N,0.7222222222222222,0,true
2022-12-29,12,21:00,20,2,N,0.75,0,true
2022-12-29,12,22:00,22,2,N,0.7727272727272727,0,true
2022-12-29,12,23:00,24,2,N,0.7916666666666666,0,true
2022-12-30,12,20:00,18,2,N,0.9444444444444444,0,true
2022-12-30,12,21:00,20,3,N,0.9,1,true
2022-12-30,12,22:00,22,3,N,0.8181818181818182,3,true
2022-12-30,12,23:00,24,3,N,0.75,5,true
2022-12-31,12,20:00,18,2,S,0.8888888888888888,18,true
2022-12-31,12,21:00,20,2,S,0.85,20,true
2022-12-31,12,22:00,22,2,S,0.7727272727272727,22,true
2022-12-31,12,23:00,24,2,S,0.7916666666666666,24,true
2023-01-01,1,20:00,18,2,SE,0.7777777777777778,18,true
2023-01-01,1,21:00,20,2,SE,0.7,20,true
2023-01-01,1,22:00,22,2,SE,0.7272727272727273,22,true
2023-01-01,1,23:00,24,2,SE,0.7083333333333334,24,true
2023-01-02,1,20:00,18,2,SE,0.8888888888888888,18,true
2023-01-02,1,21:00,20,2,SE,0.8,20,true
2023-01-02,1,22:00,22,2,SE,0.7272727272727273,22,true
2023-01-02,1,23:00,24,2,SE,0.6666666666666666,24,true
2023-01-03,1,20:00,18,5,N,0.6111111111111112,2,true
2023-01-03,1,21:00,20,5,N,0.65,2,true
2023-01-03,1,22:00,22,5,N,0.6818181818181818,2,true
2023-01-03,1,23:00,24,5,N,0.625,4,true
2023-01-04,1,20:00,18,2,N,0.9444444444444444,0,true
2023-01-04,1,21:00,20,2,N,0.95,0,true
2023-01-04,1,22:00,22,2,N,0.9090909090909091,0,true
2023-01-04,1,23:00,24,2,N,0.8333333333333334,0,true
2023-01-05,1,20:00,18,3,N,0.7222222222222222,0,true
2023-01-05,1,21:00,20,3,N,0.75,0,true
2023-01-05,1,22:00,22,3,N,0.7727272727272727,0,true
2023-01-05,1,23:00,24,3,N,0.7916666666666666,0,true
2023-01-06,1,20:00,18,6,N,0.5555555555555556,5,true
2023-01-06,1,21:00,20,6,N,0.6,5,true
2023-01-06,1,22:00,22,6,N,0.6363636363636364,5,true
2023-01-06,1,23:00,24,6,N,0.6666666666666666,5,true
2023-01-07,1,20:00,18,6,S,0.3333333333333333,8,true
2023-01-07,1,21:00,20,6,S,0.4,10,true
2023-01-07,1,22:00,22,6,S,0.45454545454545453,12,true
2023-01-07,1,23:00,24,6,S,0.5,14,true
2023-01-08,1,20:00,18,1,S,1.0,18,false
2023-01-08,1,21:00,20,1,S,1.0,20,false
2023-01-08,1,22:00,22,1,S,1.0,22,false
2023-01-08,1,23:00,24,1,S,1.0,24,false
2023-01-09,1,20:00,18,2,SE,0.9444444444444444,18,true
2023-01-09,1,21:00,20,2,SE,0.9,20,true
2023-01-09,1,22:00,22,2,SE,0.9090909090909091,22,true
2023-01-09,1,23:00,24,2,SE,0.8333333333333334,24,true
2023-01-10,1,20:00,18,7,S,0.2777777777777778,10,true
2023-01-10,1,21:00,20,7,S,0.3,11,true
2023-01-10,1,22:00,22,7,S,0.2727272727272727,11,true
2023-01-10,1,23:00,24,7,S,0.3333333333333333,13,true
2023-01-11,1,20:00,18,2,S,0.5555555555555556,18,true
2023-01-11,1,21:00,20,2,S,0.6,20,true
2023-01-11,1,22:00,22,2,S,0.6363636363636364,22,true
2023-01-11,1,23:00,24,2,S,0.6666666666666666,24,true
2023-01-12,1,20:00,18,1,S,1.0,18,false
2023-01-12,1,21:00,20,1,S,1.0,20,false
2023-01-12,1,22:00,22,1,S,1.0,22,false
2023-01-12,1,23:00,24,1,S,1.0,24,false
2023-01-13,1,20:00,18,3,S,0.8888888888888888,18,true
2023-01-13,1,21:00,20,3,S,0.85,20,true
2023-01-13,1,22:00,22,3,S,0.8636363636363636,22,true
2023-01-13,1,23:00,24,3,S,0.7916666666666666,24,true
2023-01-14,1,20:00,18,5,S,0.7777777777777778,15,true
2023-01-14,1,21:00,20,5,S,0.75,17,true
2023-01-14,1,22:00,22,5,S,0.7272727272727273,19,true
2023-01-14,1,23:00,24,5,S,0.7083333333333334,21,true
2023-01-15,1,20:00,18,5,S,0.6666666666666666,15,true
2023-01-15,1,21:00,20,5,S,0.7,17,true
2023-01-15,1,22:00,22,5,S,0.7272727272727273,19,true
2023-01-15,1,23:00,24,5,S,0.75,21,true
2023-01-16,1,20:00,18,3,N,0.6666666666666666,4,true
2023-01-16,1,21:00,20,3,N,0.7,4,true
2023-01-16,1,22:00,22,3,N,0.7272727272727273,4,true
2023-01-16,1,23:00,24,3,N,0.75,4,true
2023-01-17,1,20:00,18,1,N,1.0,0,false
2023-01-17,1,21:00,20,1,N,1.0,0,false
2023-01-17,1,22:00,22,1,N,1.0,0,false
2023-01-17,1,23:00,24,1,N,1.0,0,false
2023-01-18,1,20:00,18,2,SW,0.7777777777777778,18,true
2023-01-18,1,21:00,20,2,SW,0.7,20,true
2023-01-18,1,22:00,22,2,SW,0.6818181818181818,22,true
2023-01-18,1,23:00,24,2,SW,0.625,24,true
2023-01-19,1,20:00,18,6,S,0.2777777777777778,10,true
2023-01-19,1,21:00,20,6,S,0.35,12,true
2023-01-19,1,22:00,22,6,S,0.4090909090909091,14,true
2023-01-19,1,23:00,24,6,S,0.4583333333333333,16,true
2023-01-20,1,20:00,18,2,N,0.9444444444444444,0,true
2023-01-20,1,21:00,20,2,N,0.95,0,true
2023-01-20,1,22:00,22,2,N,0.9545454545454546,0,true
2023-01-20,1,23:00,24,2,N,0.9583333333333334,0,true
2023-01-21,1,20:00,18,4,S,0.5,10,true
2023-01-21,1,21:00,20,4,S,0.55,12,true
2023-01-21,1,22:00,22,4,S,0.5909090909090909,14,true
2023-01-21,1,23:00,24,4,S,0.625,16,true
2023-01-22,1,20:00,18,6,N,0.5555555555555556,2,true
2023-01-22,1,21:00,20,6,N,0.6,2,true
2023-01-22,1,22:00,22,6,N,0.6363636363636364,2,true
2023-01-22,1,23:00,24,6,N,0.6666666666666666,2,true
2023-01-23,1,20:00,18,2,S,0.8333333333333334,18,true
2023-01-23,1,21:00,20,2,S,0.85,20,true
2023-01-23,1,22:00,22,2,S,0.8636363636363636,22,true
2023-01-23,1,23:00,24,2,S,0.875,24,true
2023-01-24,1,20:00,18,7,E,0.2222222222222222,6,true
2023-01-24,1,21:00,20,7,SE,0.25,8,true
2023-01-24,1,22:00,22,7,SE,0.22727272727272727,10,true
2023-01-24,1,23:00,24,7,S,0.25,12,true
2023-01-25,1,20:00,18,3,N,0.3888888888888889,0,true
2023-01-25,1,21:00,20,3,N,0.45,0,true
2023-01-25,1,22:00,22,4,N,0.4090909090909091,2,true
2023-01-25,1,23:00,24,4,N,0.375,4,true
2023-01-26,1,20:00,18,2,N,0.9444444444444444,0,true
2023-01-26,1,21:00,20,2,N,0.95,0,true
2023-01-26,1,22:00,22,2,N,0.9545454545454546,0,true
2023-01-26,1,23:00,24,2,N,0.9583333333333334,0,true
2023-01-27,1,20:00,18,2,NE,0.5555555555555556,0,true
2023-01-27,1,21:00,20,2,N,0.5,0,true
2023-01-27,1,22:00,22,2,N,0.5454545454545454,0,true
2023-01-27,1,23:00,24,2,N,0.5833333333333334,0,true
2023-01-28,1,20:00,18,2,S,0.8888888888888888,18,true
2023-01-28,1,21:00,20,2,S,0.9,20,true
2023-01-28,1,22:00,22,2,S,0.9090909090909091,22,true
2023-01-28,1,23:00,24,2,S,0.9166666666666666,24,true
2023-01-29,1,20:00,18,3,SW,0.7222222222222222,16,true
2023-01-29,1,21:00,20,3,SW,0.75,18,true
2023-01-29,1,22:00,22,3,SW,0.7727272727272727,20,true
2023-01-29,1,23:00,24,3,SW,0.7916666666666666,22,true
2023-01-30,1,20:00,18,2,N,0.8888888888888888,0,true
2023-01-30,1,21:00,20,2,N,0.9,0,true
2023-01-30,1,22:00,22,2,N,0.9090909090909091,0,true
2023-01-30,1,23:00,24,2,N,0.9166666666666666,0,true
2023-01-31,1,20:00,18,3,S,0.7222222222222222,16,true
2023-01-31,1,21:00,20,3,S,0.7,18,true
2023-01-31,1,22:00,22,3,S,0.7272727272727273,20,true
2023-01-31,1,23:00,24,3,S,0.75,22,true
2023-02-01,2,20:00,18,5,N,0.5555555555555556,1,true
2023-02-01,2,21:00,20,5,N,0.6,1,true
2023-02-01,2,22:00,22,5,N,0.6363636363636364,1,true
2023-02-01,2,23:00,24,5,N,0.625,1,true
2023-02-02,2,20:00,18,1,N,1.0,0,false
2023-02-02,2,21:00,20,1,N,1.0,0,false
2023-02-02,2,22:00,22,1,N,1.0,0,false
2023-02-02,2,23:00,24,1,N,1.0,0,false
2023-02-03,2,20:00,18,1,N,1.0,0,false
2023-02-03,2,21:00,20,1,N,1.0,0,false
2023-02-03,2,22:00,22,1,N,1.0,0,false
2023-02-03,2,23:00,24,1,N,1.0,0,false
2023-02-04,2,20:00,18,1,N,1.0,0,false
2023-02-04,2,21:00,20,1,N,1.0,0,false
2023-02-04,2,22:00,22,1,N,1.0,0,false
2023-02-04,2,23:00,24,1,N,1.0,0,false
2023-02-05,2,20:00,18,1,N,1.0,0,false
2023-02-05,2,21:00,20,1,N,1.0,0,false
2023-02-05,2,22:00,22,1,N,1.0,0,false
2023-02-05,2,23:00,24,1,N,1.0,0,false
2023-02-06,2,20:00,18,1,N,1.0,0,false
2023-02-06,2,21:00,20,2,N,0.95,0,true
2023-02-06,2,22:00,22,2,N,0.9545454545454546,0,true
2023-02-06,2,23:00,24,2,N,0.875,0,true
2023-02-07,2,20:00,18,1,N,1.0,0,false
2023-02-07,2,21:00,20,1,N,1.0,0,false
2023-02-07,2,22:00,22,1,N,1.0,0,false
2023-02-07,2,23:00,24,1,N,1.0,0,false
2023-02-08,2,20:00,18,5,N,0.4444444444444444,5,true
2023-02-08,2,21:00,20,5,N,0.4,7,true
2023-02-08,2,22:00,22,5,N,0.36363636363636365,9,true
2023-02-08,2,23:00,24,5,N,0.3333333333333333,11,true
2023-02-09,2,20:00,18,7,S,0.2777777777777778,6,true
2023-02-09,2,21:00,20,7,S,0.35,8,true
2023-02-09,2,22:00,22,7,S,0.4090909090909091,10,true
2023-02-09,2,23:00,24,8,S,0.375,12,true
2023-02-10,2,20:00,18,4,E,0.3888888888888889,1,true
2023-02-10,2,21:00,20,4,E,0.35,1,true
2023-02-10,2,22:00,22,4,N,0.4090909090909091,1,true
2023-02-10,2,23:00,24,4,N,0.375,1,true
2023-02-11,2,20:00,18,2,N,0.5,0,true
2023-02-11,2,21:00,20,3,N,0.45,0,true
2023-02-11,2,22:00,22,5,N,0.4090909090909091,1,true
2023-02-11,2,23:00,24,5,N,0.375,3,true
2023-02-12,2,20:00,18,5,NE,0.6111111111111112,5,true
2023-02-12,2,21:00,20,5,NE,0.55,5,true
2023-02-12,2,22:00,22,5,NE,0.5,5,true
2023-02-12,2,23:00,24,5,NE,0.5416666666666666,5,true
2023-02-13,2,20:00,18,3,SE,0.6111111111111112,12,true
2023-02-13,2,21:00,20,3,SE,0.6,13,true
2023-02-13,2,22:00,22,3,SE,0.5454545454545454,13,true
2023-02-13,2,23:00,24,3,SE,0.5833333333333334,15,true
2023-02-14,2,20:00,18,2,SE,0.6666666666666666,18,true
2023-02-14,2,21:00,20,2,SE,0.6,20,true
2023-02-14,2,22:00,22,2,SE,0.5454545454545454,22,true
2023-02-14,2,23:00,24,2,S,0.5,24,true
2023-02-15,2,20:00,18,1,S,1.0,18,false
2023-02-15,2,21:00,20,1,S,1.0,20,false
2023-02-15,2,22:00,22,2,S,0.9545454545454546,22,true
2023-02-15,2,23:00,24,2,S,0.9583333333333334,24,true
2023-02-16,2,20:00,18,2,SW,0.6666666666666666,18,true
2023-02-16,2,21:00,20,2,SW,0.6,20,true
2023-02-16,2,22:00,22,2,SW,0.6363636363636364,22,true
2023-02-16,2,23:00,24,2,SW,0.625,24,true
2023-02-17,2,20:00,18,1,S,1.0,18,false
2023-02-17,2,21:00,20,1,S,1.0,20,false
2023-02-17,2,22:00,22,1,S,1.0,22,false
2023-02-17,2,23:00,24,2,S,0.9583333333333334,24,true
2023-02-18,2,20:00,18,6,NE,0.3888888888888889,4,true
2023-02-18,2,21:00,20,6,N,0.35,4,true
2023-02-18,2,22:00,22,6,N,0.4090909090909091,4,true
2023-02-18,2,23:00,24,7,N,0.4166666666666667,4,true
2023-02-19,2,20:00,18,2,N,0.5,0,true
2023-02-19,2,21:00,20,2,N,0.55,0,true
2023-02-19,2,22:00,22,2,N,0.5909090909090909,0,true
2023-02-19,2,23:00,24,2,N,0.625,0,true
2023-02-20,2,20:00,18,1,N,1.0,0,false
2023-02-20,2,21:00,20,1,N,1.0,0,false
2023-02-20,2,22:00,22,1,N,1.0,0,false
2023-02-20,2,23:00,24,1,N,1.0,0,false
2023-02-21,2,20:00,18,1,N,1.0,0,false
2023-02-21,2,21:00,20,1,N,1.0,0,false
2023-02-21,2,22:00,22,1,N,1.0,0,false
2023-02-21,2,23:00,24,1,N,1.0,0,false
2023-02-22,2,20:00,18,2,N,0.9444444444444444,0,true
2023-02-22,2,21:00,20,3,N,0.85,2,true
2023-02-22,2,22:00,22,4,N,0.7727272727272727,4,true
2023-02-22,2,23:00,24,4,N,0.7083333333333334,6,true
2023-02-23,2,20:00,18,1,S,1.0,18,false
2023-02-23,2,21:00,20,1,S,1.0,20,false
2023-02-23,2,22:00,22,2,S,0.9545454545454546,22,true
2023-02-23,2,23:00,24,2,S,0.9166666666666666,24,true
2023-02-24,2,20:00,18,2,S,0.6666666666666666,18,true
2023-02-24,2,21:00,20,2,S,0.6,20,true
2023-02-24,2,22:00,22,2,S,0.5454545454545454,22,true
2023-02-24,2,23:00,24,2,S,0.5833333333333334,24,true
2023-02-25,2,20:00,18,2,S,0.9444444444444444,18,true
2023-02-25,2,21:00,20,2,S,0.95,20,true
2023-02-25,2,22:00,22,2,S,0.9545454545454546,22,true
2023-02-25,2,23:00,24,2,S,0.9583333333333334,24,true
2023-02-26,2,20:00,18,4,N,0.6666666666666666,4,true
2023-02-26,2,21:00,20,4,N,0.7,4,true
2023-02-26,2,22:00,22,4,N,0.7272727272727273,4,true
2023-02-26,2,23:00,24,4,N,0.75,4,true
2023-02-27,2,20:00,18,2,N,0.7222222222222222,0,true
2023-02-27,2,21:00,20,3,N,0.7,0,true
2023-02-27,2,22:00,22,5,N,0.6363636363636364,1,true
2023-02-27,2,23:00,24,6,N,0.5833333333333334,3,true
2023-02-28,2,20:00,18,1,S,1.0,18,false
2023-02-28,2,21:00,20,1,S,1.0,20,false
2023-02-28,2,22:00,22,1,S,1.0,22,false
2023-02-28,2,23:00,24,1,S,1.0,24,false
2023-03-01,3,20:00,18,6,NE,0.3888888888888889,7,true
2023-03-01,3,21:00,20,6,NE,0.35,7,true
2023-03-01,3,22:00,22,6,N,0.3181818181818182,7,true
2023-03-01,3,23:00,24,6,N,0.375,7,true
2023-03-02,3,20:00,18,1,N,1.0,0,false
2023-03-02,3,21:00,20,1,N,1.0,0,false
2023-03-02,3,22:00,22,1,N,1.0,0,false
2023-03-02,3,23:00,24,1,N,1.0,0,false
2023-03-03,3,20:00,18,1,N,1.0,0,false
2023-03-03,3,21:00,20,1,N,1.0,0,false
2023-03-03,3,22:00,22,1,N,1.0,0,false
2023-03-03,3,23:00,24,1,N,1.0,0,false
2023-03-04,3,20:00,18,3,N,0.6666666666666666,5,true
2023-03-04,3,21:00,20,3,N,0.6,7,true
2023-03-04,3,22:00,22,4,N,0.5454545454545454,9,true
2023-03-04,3,23:00,24,4,N,0.5,11,true
2023-03-05,3,20:00,18,2,S,0.8888888888888888,18,true
2023-03-05,3,21:00,20,2,S,0.8,20,true
2023-03-05,3,22:00,22,2,S,0.7272727272727273,22,true
2023-03-05,3,23:00,24,2,S,0.75,24,true
2023-03-06,3,20:00,18,2,S,0.6111111111111112,18,true
2023-03-06,3,21:00,20,2,S,0.65,20,true
2023-03-06,3,22:00,22,2,S,0.6818181818181818,22,true
2023-03-06,3,23:00,24,2,S,0.7083333333333334,24,true
2023-03-07,3,20:00,18,3,NE,0.5555555555555556,0,true
2023-03-07,3,21:00,20,3,NE,0.5,0,true
2023-03-07,3,22:00,22,3,NE,0.5,0,true
2023-03-07,3,23:00,24,3,N,0.5,0,true
2023-03-08,3,20:00,18,2,N,0.7222222222222222,0,true
2023-03-08,3,21:00,20,2,N,0.75,0,true
2023-03-08,3,22:00,22,2,N,0.7727272727272727,0,true
2023-03-08,3,23:00,24,2,N,0.7916666666666666,0,true
2023-03-09,3,20:00,18,1,N,1.0,0,false
2023-03-09,3,21:00,20,1,N,1.0,0,false
2023-03-09,3,22:00,22,1,N,1.0,0,false
2023-03-09,3,23:00,24,1,N,1.0,0,false
2023-03-10,3,20:00,18,1,N,1.0,0,false
2023-03-10,3,21:00,20,1,N,1.0,0,false
2023-03-10,3,22:00,22,1,N,1.0,0,false
2023-03-10,3,23:00,24,1,N,1.0,0,false
2023-03-11,3,20:00,18,4,S,0.5,17,true
2023-03-11,3,21:00,20,4,S,0.5,19,true
2023-03-11,3,22:00,22,4,S,0.5454545454545454,21,true
2023-03-11,3,23:00,24,4,S,0.5833333333333334,23,true
2023-03-12,3,20:00,18,2,N,0.6666666666666666,0,true
2023-03-12,3,21:00,20,2,N,0.65,0,true
2023-03-12,3,22:00,22,2,N,0.6818181818181818,0,true
2023-03-12,3,23:00,24,2,N,0.7083333333333334,0,true
2023-03-13,3,20:00,18,2,N,0.5555555555555556,0,true
2023-03-13,3,21:00,20,2,N,0.55,0,true
2023-03-13,3,22:00,22,2,N,0.5454545454545454,0,true
2023-03-13,3,23:00,24,2,N,0.5833333333333334,0,true
2023-03-14,3,20:00,18,6,NE,0.4444444444444444,6,true
2023-03-14,3,21:00,20,6,NE,0.4,6,true
2023-03-14,3,22:00,22,6,NE,0.4090909090909091,6,true
2023-03-14,3,23:00,24,6,NE,0.375,7,true
2023-03-15,3,20:00,18,2,NE,0.7222222222222222,0,true
2023-03-15,3,21:00,20,2,NE,0.65,0,true
2023-03-15,3,22:00,22,2,NE,0.5909090909090909,0,true
2023-03-15,3,23:00,24,2,NE,0.5416666666666666,0,true
2023-03-16,3,20:00,18,2,N,0.5555555555555556,0,true
2023-03-16,3,21:00,20,2,N,0.6,0,true
2023-03-16,3,22:00,22,2,N,0.6363636363636364,0,true
2023-03-16,3,23:00,24,2,N,0.6666666666666666,0,true
2023-03-17,3,20:00,18,1,N,1.0,0,false
2023-03-17,3,21:00,20,1,N,1.0,0,false
2023-03-17,3,22:00,22,1,N,1.0,0,false
2023-03-17,3,23:00,24,1,N,1.0,0,false
2023-03-18,3,20:00,18,3,S,0.5555555555555556,10,true
2023-03-18,3,21:00,20,3,S,0.6,12,true
2023-03-18,3,22:00,22,3,S,0.6363636363636364,14,true
2023-03-18,3,23:00,24,3,S,0.6666666666666666,16,true
2023-03-19,3,20:00,18,2,N,0.7777777777777778,0,true
2023-03-19,3,21:00,20,2,N,0.8,0,true
2023-03-19,3,22:00,22,2,N,0.8181818181818182,0,true
2023-03-19,3,23:00,24,2,N,0.8333333333333334,0,true
2023-03-20,3,20:00,18,2,N,0.8333333333333334,0,true
2023-03-20,3,21:00,20,2,N,0.85,0,true
2023-03-20,3,22:00,22,2,N,0.8636363636363636,0,true
2023-03-20,3,23:00,24,2,N,0.875,0,true
2023-03-21,3,20:00,18,1,N,1.0,0,false
2023-03-21,3,21:00,20,2,N,0.9,0,true
2023-03-21,3,22:00,22,2,N,0.9090909090909091,0,true
2023-03-21,3,23:00,24,2,N,0.875,0,true
2023-03-22,3,20:00,18,1,S,1.0,18,false
2023-03-22,3,21:00,20,1,S,1.0,20,false
2023-03-22,3,22:00,22,2,S,0.9090909090909091,22,true
2023-03-22,3,23:00,24,2,S,0.9166666666666666,24,true
2023-03-23,3,20:00,18,1,S,1.0,18,false
2023-03-23,3,21:00,20,1,S,1.0,20,false
2023-03-23,3,22:00,22,1,S,1.0,22,false
2023-03-23,3,23:00,24,2,S,0.9166666666666666,24,true
2023-03-24,3,20:00,18,4,S,0.6111111111111112,11,true
2023-03-24,3,21:00,20,4,S,0.55,11,true
2023-03-24,3,22:00,22,4,S,0.5,11,true
2023-03-24,3,23:00,24,4,S,0.4583333333333333,11,true
2023-03-25,3,20:00,18,1,N,1.0,0,false
2023-03-25,3,21:00,20,1,N,1.0,0,false
2023-03-25,3,22:00,22,2,N,0.9545454545454546,0,true
2023-03-25,3,23:00,24,2,N,0.9583333333333334,0,true
2023-03-26,3,20:00,18,2,N,0.8888888888888888,0,true
2023-03-26,3,21:00,20,2,N,0.9,0,true
2023-03-26,3,22:00,22,2,N,0.9090909090909091,0,true
2023-03-26,3,23:00,24,2,N,0.9166666666666666,0,true
2023-03-27,3,20:00,18,2,N,0.7777777777777778,0,true
2023-03-27,3,21:00,20,2,N,0.8,0,true
2023-03-27,3,22:00,22,2,N,0.8181818181818182,0,true
2023-03-27,3,23:00,24,2,N,0.8333333333333334,0,true
2023-03-28,3,20:00,18,2,N,0.9444444444444444,0,true
2023-03-28,3,21:00,20,2,N,0.95,0,true
2023-03-28,3,22:00,22,2,N,0.9545454545454546,0,true
2023-03-28,3,23:00,24,2,N,0.9583333333333334,0,true
2023-03-29,3,20:00,18,2,S,0.7777777777777778,18,true
2023-03-29,3,21:00,20,2,S,0.7,20,true
2023-03-29,3,22:00,22,2,S,0.6363636363636364,22,true
2023-03-29,3,23:00,24,2,S,0.625,24,true
2023-03-30,3,20:00,17,2,SW,0.5882352941176471,17,true
2023-03-30,3,21:00,19,2,SW,0.5263157894736842,19,true
2023-03-30,3,22:00,21,2,S,0.5238095238095238,21,true
2023-03-30,3,23:00,23,2,SW,0.5217391304347826,23,true
2023-03-31,3,20:00,18,3,S,0.6111111111111112,12,true
2023-03-31,3,21:00,20,3,S,0.55,12,true
2023-03-31,3,22:00,22,4,S,0.5,12,true
2023-03-31,3,23:00,24,4,S,0.4583333333333333,12,true
2023-04-01,4,20:00,18,2,N,0.9444444444444444,0,true
2023-04-01,4,21:00,20,2,N,0.95,0,true
2023-04-01,4,22:00,22,2,N,0.9545454545454546,0,true
2023-04-01,4,23:00,24,2,N,0.9583333333333334,0,true
2023-04-02,4,20:00,18,2,N,0.9444444444444444,0,true
2023-04-02,4,21:00,20,2,N,0.95,0,true
2023-04-02,4,22:00,22,2,N,0.9545454545454546,0,true
2023-04-02,4,23:00,24,2,N,0.9583333333333334,0,true
2023-04-03,4,20:00,16,2,S,0.9375,16,true
2023-04-03,4,21:00,18,2,S,0.9444444444444444,18,true
2023-04-03,4,22:00,20,2,S,0.95,20,true
2023-04-03,4,23:00,22,2,S,0.9545454545454546,22,true
2023-04-04,4,20:00,16,4,NE,0.5,5,true
2023-04-04,4,21:00,18,4,NE,0.5,5,true
2023-04-04,4,22:00,20,4,NE,0.5,5,true
2023-04-04,4,23:00,22,5,NE,0.45454545454545453,5,true
2023-04-05,4,20:00,16,1,N,1.0,0,false
2023-04-05,4,21:00,18,1,N,1.0,0,false
2023-04-05,4,22:00,20,1,N,1.0,0,false
2023-04-05,4,23:00,22,1,N,1.0,0,false
2023-04-06,4,20:00,16,2,N,0.875,0,true
2023-04-06,4,21:00,18,2,N,0.7777777777777778,0,true
2023-04-06,4,22:00,20,2,N,0.7,0,true
2023-04-06,4,23:00,22,2,N,0.6363636363636364,0,true
2023-04-07,4,20:00,16,1,SE,1.0,16,false
2023-04-07,4,21:00,18,1,SE,1.0,18,false
2023-04-07,4,22:00,20,1,SE,1.0,20,false
2023-04-07,4,23:00,22,1,SE,1.0,22,false
2023-04-08,4,20:00,16,1,SE,1.0,16,false
2023-04-08,4,21:00,18,1,SE,1.0,18,false
2023-04-08,4,22:00,20,1,SE,1.0,20,false
2023-04-08,4,23:00,22,1,SE,1.0,22,false
2023-04-09,4,20:00,16,4,NE,0.375,3,true
2023-04-09,4,21:00,18,4,NE,0.4444444444444444,3,true
2023-04-09,4,22:00,20,4,NE,0.45,3,true
2023-04-09,4,23:00,22,5,NE,0.45454545454545453,4,true
2023-04-10,4,20:00,16,2,N,0.9375,0,true
2023-04-10,4,21:00,18,3,N,0.8888888888888888,0,true
2023-04-10,4,22:00,20,3,N,0.85,0,true
2023-04-10,4,23:00,22,3,N,0.8636363636363636,0,true
2023-04-11,4,20:00,16,2,N,0.9375,0,true
2023-04-11,4,21:00,18,2,N,0.9444444444444444,0,true
2023-04-11,4,22:00,20,2,N,0.95,0,true
2023-04-11,4,23:00,22,2,N,0.9090909090909091,0,true
2023-04-12,4,20:00,16,3,N,0.75,0,true
2023-04-12,4,21:00,18,3,N,0.7777777777777778,0,true
2023-04-12,4,22:00,20,3,N,0.8,0,true
2023-04-12,4,23:00,22,3,N,0.8181818181818182,0,true
2023-04-13,4,20:00,16,2,S,0.9375,16,true
2023-04-13,4,21:00,18,2,S,0.8888888888888888,18,true
2023-04-13,4,22:00,20,2,S,0.85,20,true
2023-04-13,4,23:00,22,2,S,0.8181818181818182,22,true
2023-04-14,4,20:00,16,2,SE,0.625,16,true
2023-04-14,4,21:00,18,2,SE,0.6666666666666666,18,true
2023-04-14,4,22:00,20,2,SE,0.7,20,true
2023-04-14,4,23:00,22,2,SE,0.7272727272727273,22,true
2023-04-15,4,20:00,16,2,SE,0.6875,16,true
2023-04-15,4,21:00,18,2,SE,0.7222222222222222,18,true
2023-04-15,4,22:00,20,2,SE,0.75,20,true
2023-04-15,4,23:00,22,4,SE,0.6818181818181818,20,true
2023-04-16,4,20:00,16,3,NE,0.5625,0,true
2023-04-16,4,21:00,18,3,NE,0.5555555555555556,0,true
2023-04-16,4,22:00,20,3,NE,0.5,0,true
2023-04-16,4,23:00,22,3,N,0.5,0,true
2023-04-17,4,20:00,16,2,NE,0.875,0,true
2023-04-17,4,21:00,18,2,NE,0.8888888888888888,0,true
2023-04-17,4,22:00,20,2,NE,0.8,0,true
2023-04-17,4,23:00,22,2,NE,0.7272727272727273,0,true
2023-04-18,4,20:00,16,2,N,0.6875,0,true
2023-04-18,4,21:00,18,2,N,0.7222222222222222,0,true
2023-04-18,4,22:00,20,2,N,0.75,0,true
2023-04-18,4,23:00,22,2,N,0.7727272727272727,0,true
2023-04-19,4,20:00,16,2,N,0.9375,0,true
2023-04-19,4,21:00,18,2,N,0.8888888888888888,0,true
2023-04-19,4,22:00,20,2,N,0.9,0,true
2023-04-19,4,23:00,22,2,N,0.8181818181818182,0,true
2023-04-20,4,20:00,16,4,S,0.375,7,true
2023-04-20,4,21:00,18,4,N,0.3888888888888889,7,true
2023-04-20,4,22:00,20,4,N,0.45,7,true
2023-04-20,4,23:00,22,4,N,0.45454545454545453,7,true
2023-04-21,4,20:00,16,2,N,0.875,0,true
2023-04-21,4,21:00,18,2,N,0.8888888888888888,0,true
2023-04-21,4,22:00,20,2,N,0.9,0,true
2023-04-21,4,23:00,22,2,N,0.9090909090909091,0,true
2023-04-22,4,20:00,16,3,N,0.8125,2,true
2023-04-22,4,21:00,18,3,N,0.7222222222222222,4,true
2023-04-22,4,22:00,20,3,N,0.65,6,true
2023-04-22,4,23:00,22,3,N,0.5909090909090909,8,true
2023-04-23,4,20:00,16,3,S,0.6875,11,true
2023-04-23,4,21:00,18,4,S,0.6111111111111112,11,true
2023-04-23,4,22:00,20,4,S,0.55,11,true
2023-04-23,4,23:00,22,4,S,0.5,11,true
2023-04-24,4,20:00,16,4,S,0.375,10,true
2023-04-24,4,21:00,18,4,S,0.4444444444444444,12,true
2023-04-24,4,22:00,20,4,S,0.5,14,true
2023-04-24,4,23:00,22,4,S,0.5454545454545454,16,true
2023-04-25,4,20:00,16,3,N,0.5,3,true
2023-04-25,4,21:00,18,3,N,0.5555555555555556,3,true
2023-04-25,4,22:00,20,3,N,0.55,3,true
2023-04-25,4,23:00,22,3,N,0.5909090909090909,3,true
2023-04-26,4,20:00,16,4,NW,0.4375,3,true
2023-04-26,4,21:00,18,4,NW,0.3888888888888889,5,true
2023-04-26,4,22:00,20,4,NW,0.35,7,true
2023-04-26,4,23:00,22,4,S,0.4090909090909091,9,true
2023-04-27,4,20:00,16,5,S,0.375,7,true
2023-04-27,4,21:00,18,5,NE,0.3888888888888889,7,true
2023-04-27,4,22:00,20,5,NE,0.4,7,true
2023-04-27,4,23:00,22,5,NE,0.36363636363636365,7,true
2023-04-28,4,20:00,16,3,NE,0.5,0,true
2023-04-28,4,21:00,18,3,NE,0.5,0,true
2023-04-28,4,22:00,20,3,N,0.45,0,true
2023-04-28,4,23:00,22,4,N,0.45454545454545453,1,true
2023-04-29,4,20:00,16,3,NE,0.5,0,true
2023-04-29,4,21:00,18,3,NE,0.5,0,true
2023-04-29,4,22:00,20,3,N,0.5,0,true
2023-04-29,4,23:00,22,3,N,0.5,0,true
2023-04-30,4,20:00,16,3,N,0.75,0,true
2023-04-30,4,21:00,18,3,N,0.7222222222222222,0,true
2023-04-30,4,22:00,20,3,N,0.75,0,true
2023-04-30,4,23:00,22,3,N,0.7727272727272727,0,true
2023-05-01,5,20:00,16,6,SW,0.3125,6,true
2023-05-01,5,21:00,18,6,SW,0.2777777777777778,6,true
2023-05-01,5,22:00,20,6,SW,0.3,8,true
2023-05-01,5,23:00,22,6,SW,0.2727272727272727,10,true
2023-05-02,5,20:00,16,7,N,0.4375,2,true
2023-05-02,5,21:00,18,7,N,0.5,2,true
2023-05-02,5,22:00,20,7,N,0.5,2,true
2023-05-02,5,23:00,22,7,N,0.5454545454545454,2,true
2023-05-03,5,20:00,16,1,N,1.0,0,false
2023-05-03,5,21:00,18,1,N,1.0,0,false
2023-05-03,5,22:00,20,1,N,1.0,0,false
2023-05-03,5,23:00,22,1,N,1.0,0,false
2023-05-04,5,20:00,16,1,N,1.0,0,false
2023-05-04,5,21:00,18,1,N,1.0,0,false
2023-05-04,5,22:00,20,1,N,1.0,0,false
2023-05-04,5,23:00,22,2,N,0.9545454545454546,0,true
2023-05-05,5,20:00,16,6,N,0.5625,4,true
2023-05-05,5,21:00,18,6,N,0.6111111111111112,4,true
2023-05-05,5,22:00,20,6,N,0.65,4,true
2023-05-05,5,23:00,22,6,N,0.6818181818181818,4,true
2023-05-06,5,20:00,16,1,N,1.0,0,false
2023-05-06,5,21:00,18,1,N,1.0,0,false
2023-05-06,5,22:00,20,1,N,1.0,0,false
2023-05-06,5,23:00,22,1,N,1.0,0,false
2023-05-07,5,20:00,16,2,N,0.9375,0,true
2023-05-07,5,21:00,18,2,N,0.9444444444444444,0,true
2023-05-07,5,22:00,20,2,N,0.95,0,true
2023-05-07,5,23:00,22,2,N,0.9090909090909091,0,true
2023-05-08,5,20:00,16,2,N,0.8125,0,true
2023-05-08,5,21:00,18,2,N,0.8333333333333334,0,true
2023-05-08,5,22:00,20,2,N,0.85,0,true
2023-05-08,5,23:00,22,2,N,0.8636363636363636,0,true
2023-05-09,5,20:00,16,2,N,0.875,0,true
2023-05-09,5,21:00,18,2,N,0.8888888888888888,0,true
2023-05-09,5,22:00,20,2,N,0.9,0,true
2023-05-09,5,23:00,22,2,N,0.9090909090909091,0,true
2023-05-10,5,20:00,16,1,N,1.0,0,false
2023-05-10,5,21:00,18,1,N,1.0,0,false
2023-05-10,5,22:00,20,2,N,0.95,0,true
2023-05-10,5,23:00,22,2,N,0.9090909090909091,0,true
2023-05-11,5,20:00,16,4,N,0.5625,5,true
2023-05-11,5,21:00,18,5,N,0.5,7,true
2023-05-11,5,22:00,20,5,N,0.45,9,true
2023-05-11,5,23:00,22,5,N,0.4090909090909091,11,true
2023-05-12,5,20:00,16,4,NE,0.375,9,true
2023-05-12,5,21:00,18,5,NE,0.3888888888888889,9,true
2023-05-12,5,22:00,20,5,NE,0.45,9,true
2023-05-12,5,23:00,22,5,NE,0.4090909090909091,9,true
2023-05-13,5,20:00,16,6,NE,0.3125,6,true
2023-05-13,5,21:00,18,6,NE,0.3333333333333333,6,true
2023-05-13,5,22:00,20,6,NE,0.35,6,true
2023-05-13,5,23:00,22,6,N,0.3181818181818182,6,true
2023-05-14,5,20:00,16,2,N,0.875,0,true
2023-05-14,5,21:00,18,2,N,0.8888888888888888,0,true
2023-05-14,5,22:00,20,2,N,0.8,0,true
2023-05-14,5,23:00,22,2,N,0.7727272727272727,0,true
2023-05-15,5,20:00,16,7,NE,0.3125,5,true
2023-05-15,5,21:00,18,7,S,0.3333333333333333,7,true
2023-05-15,5,22:00,20,7,S,0.4,9,true
2023-05-15,5,23:00,22,7,S,0.45454545454545453,11,true
2023-05-16,5,20:00,16,2,S,0.9375,16,true
2023-05-16,5,21:00,18,2,S,0.9444444444444444,18,true
2023-05-16,5,22:00,20,2,S,0.9,20,true
2023-05-16,5,23:00,22,2,S,0.8636363636363636,22,true
2023-05-17,5,20:00,16,2,N,0.5625,0,true
2023-05-17,5,21:00,18,2,N,0.6111111111111112,0,true
2023-05-17,5,22:00,20,2,N,0.6,0,true
2023-05-17,5,23:00,22,2,N,0.6363636363636364,0,true
2023-05-18,5,20:00,16,2,N,0.875,0,true
2023-05-18,5,21:00,18,2,N,0.8888888888888888,0,true
2023-05-18,5,22:00,20,2,N,0.9,0,true
2023-05-18,5,23:00,22,2,N,0.9090909090909091,0,true
2023-05-19,5,20:00,16,5,NE,0.5625,1,true
2023-05-19,5,21:00,18,5,NE,0.5555555555555556,1,true
2023-05-19,5,22:00,20,5,NE,0.55,1,true
2023-05-19,5,23:00,22,5,NE,0.5454545454545454,2,true
2023-05-20,5,20:00,16,4,N,0.375,0,true
2023-05-20,5,21:00,18,4,N,0.4444444444444444,0,true
2023-05-20,5,22:00,20,4,N,0.5,0,true
2023-05-20,5,23:00,22,5,N,0.45454545454545453,1,true
2023-05-21,5,20:00,16,2,S,0.9375,16,true
2023-05-21,5,21:00,18,2,S,0.9444444444444444,18,true
2023-05-21,5,22:00,20,2,S,0.95,20,true
2023-05-21,5,23:00,22,2,S,0.9545454545454546,22,true
2023-05-22,5,20:00,16,1,N,1.0,0,false
2023-05-22,5,21:00,18,2,N,0.8888888888888888,0,true
2023-05-22,5,22:00,20,2,N,0.85,0,true
2023-05-22,5,23:00,22,2,N,0.7727272727272727,0,true
2023-05-23,5,20:00,16,5,N,0.5,1,true
2023-05-23,5,21:00,18,5,N,0.5,1,true
2023-05-23,5,22:00,20,6,N,0.5,1,true
2023-05-23,5,23:00,22,7,N,0.45454545454545453,3,true
2023-05-24,5,20:00,16,4,S,0.375,6,true
2023-05-24,5,21:00,18,4,S,0.4444444444444444,8,true
2023-05-24,5,22:00,20,4,S,0.5,10,true
2023-05-24,5,23:00,22,4,S,0.5454545454545454,12,true
2023-05-25,5,20:00,16,2,NE,0.625,0,true
2023-05-25,5,21:00,18,2,NE,0.5555555555555556,0,true
2023-05-25,5,22:00,20,2,N,0.5,0,true
2023-05-25,5,23:00,22,2,NE,0.5454545454545454,0,true
2023-05-26,5,20:00,16,1,N,1.0,0,false
2023-05-26,5,21:00,18,1,N,1.0,0,false
2023-05-26,5,22:00,20,1,N,1.0,0,false
2023-05-26,5,23:00,22,1,N,1.0,0,false
2023-05-27,5,20:00,16,2,N,0.875,0,true
2023-05-27,5,21:00,18,2,N,0.8888888888888888,0,true
2023-05-27,5,22:00,20,2,N,0.85,0,true
2023-05-27,5,23:00,22,2,N,0.8181818181818182,0,true
2023-05-28,5,20:00,16,2,N,0.75,0,true
2023-05-28,5,21:00,18,2,N,0.7777777777777778,0,true
2023-05-28,5,22:00,20,2,N,0.8,0,true
2023-05-28,5,23:00,22,2,N,0.8181818181818182,0,true
2023-05-29,5,20:00,16,2,N,0.625,0,true
2023-05-29,5,21:00,18,2,N,0.6666666666666666,0,true
2023-05-29,5,22:00,20,2,N,0.7,0,true
2023-05-29,5,23:00,22,2,N,0.7272727272727273,0,true
2023-05-30,5,20:00,16,1,N,1.0,0,false
2023-05-30,5,21:00,18,1,N,1.0,0,false
2023-05-30,5,22:00,20,1,N,1.0,0,false
2023-05-30,5,23:00,22,1,N,1.0,0,false
2023-05-31,5,20:00,16,3,N,0.6875,0,true
2023-05-31,5,21:00,18,3,N,0.6111111111111112,0,true
2023-05-31,5,22:00,20,3,N,0.6,0,true
2023-05-31,5,23:00,22,3,N,0.5909090909090909,0,true
2023-06-01,6,20:00,16,1,N,1.0,0,false
2023-06-01,6,21:00,18,1,N,1.0,0,false
2023-06-01,6,22:00,20,1,N,1.0,0,false
2023-06-01,6,23:00,22,1,N,1.0,0,false
2023-06-02,6,20:00,16,2,N,0.875,0,true
2023-06-02,6,21:00,18,2,N,0.8888888888888888,0,true
2023-06-02,6,22:00,20,2,N,0.9,0,true
2023-06-02,6,23:00,22,2,N,0.8636363636363636,0,true
2023-06-03,6,20:00,16,2,N,0.875,0,true
2023-06-03,6,21:00,18,2,N,0.8888888888888888,0,true
2023-06-03,6,22:00,20,2,N,0.9,0,true
2023-06-03,6,23:00,22,2,N,0.9090909090909091,0,true
2023-06-04,6,20:00,16,2,N,0.6875,0,true
2023-06-04,6,21:00,18,2,N,0.7222222222222222,0,true
2023-06-04,6,22:00,20,2,N,0.75,0,true
2023-06-04,6,23:00,22,2,N,0.7727272727272727,0,true
2023-06-05,6,20:00,16,1,S,1.0,16,false
2023-06-05,6,21:00,18,1,S,1.0,18,false
2023-06-05,6,22:00,20,1,S,1.0,20,false
2023-06-05,6,23:00,22,1,S,1.0,22,false
2023-06-06,6,20:00,16,1,S,1.0,16,false
2023-06-06,6,21:00,18,1,S,1.0,18,false
2023-06-06,6,22:00,20,1,S,1.0,20,false
2023-06-06,6,23:00,22,1,S,1.0,22,false
2023-06-07,6,20:00,16,2,SE,0.875,16,true
2023-06-07,6,21:00,18,2,SE,0.8888888888888888,18,true
2023-06-07,6,22:00,20,2,SE,0.9,20,true
2023-06-07,6,23:00,22,2,SE,0.9090909090909091,22,true
2023-06-08,6,20:00,16,2,SE,0.8125,16,true
2023-06-08,6,21:00,18,2,SE,0.8333333333333334,18,true
2023-06-08,6,22:00,20,2,SE,0.8,20,true
2023-06-08,6,23:00,22,2,SE,0.8181818181818182,22,true
2023-06-09,6,20:00,16,3,S,0.375,16,true
2023-06-09,6,21:00,18,3,S,0.4444444444444444,18,true
2023-06-09,6,22:00,20,3,S,0.45,20,true
2023-06-09,6,23:00,22,3,S,0.5,22,true
2023-06-10,6,20:00,16,3,NE,0.625,0,true
2023-06-10,6,21:00,18,3,NE,0.6111111111111112,0,true
2023-06-10,6,22:00,20,3,NE,0.6,0,true
2023-06-10,6,23:00,22,3,NE,0.5454545454545454,0,true
2023-06-11,6,20:00,16,2,NE,0.875,0,true
2023-06-11,6,21:00,18,2,NE,0.8888888888888888,0,true
2023-06-11,6,22:00,20,2,NE,0.85,0,true
2023-06-11,6,23:00,22,2,NE,0.7727272727272727,0,true
2023-06-12,6,20:00,16,2,N,0.8125,0,true
2023-06-12,6,21:00,18,2,N,0.7777777777777778,0,true
2023-06-12,6,22:00,20,2,N,0.7,0,true
2023-06-12,6,23:00,22,3,N,0.6363636363636364,1,true
2023-06-13,6,20:00,16,6,NE,0.375,8,true
2023-06-13,6,21:00,18,6,NE,0.4444444444444444,8,true
2023-06-13,6,22:00,20,6,NE,0.5,8,true
2023-06-13,6,23:00,22,6,NE,0.5,8,true
2023-06-14,6,20:00,16,2,S,0.8125,16,true
2023-06-14,6,21:00,18,2,S,0.7222222222222222,18,true
2023-06-14,6,22:00,20,2,S,0.75,20,true
2023-06-14,6,23:00,22,2,S,0.7272727272727273,22,true
2023-06-15,6,20:00,16,2,N,0.5625,0,true
2023-06-15,6,21:00,18,2,N,0.6111111111111112,0,true
2023-06-15,6,22:00,20,2,N,0.65,0,true
2023-06-15,6,23:00,22,2,N,0.6363636363636364,0,true
2023-06-16,6,20:00,16,2,NE,0.9375,0,true
2023-06-16,6,21:00,18,2,NE,0.9444444444444444,0,true
2023-06-16,6,22:00,20,2,NE,0.95,0,true
2023-06-16,6,23:00,22,2,NE,0.8636363636363636,0,true
2023-06-17,6,20:00,16,6,NE,0.375,3,true
2023-06-17,6,21:00,18,6,NE,0.3333333333333333,4,true
2023-06-17,6,22:00,20,6,NE,0.3,6,true
2023-06-17,6,23:00,22,6,NE,0.2727272727272727,8,true
2023-06-18,6,20:00,16,5,E,0.5625,5,true
2023-06-18,6,21:00,18,5,E,0.5555555555555556,5,true
2023-06-18,6,22:00,20,5,E,0.55,5,true
2023-06-18,6,23:00,22,5,E,0.5,5,true
2023-06-19,6,20:00,16,6,N,0.3125,6,true
2023-06-19,6,21:00,18,6,N,0.2777777777777778,6,true
2023-06-19,6,22:00,20,6,NE,0.35,6,true
2023-06-19,6,23:00,22,6,NE,0.4090909090909091,6,true
2023-06-20,6,20:00,16,3,N,0.8125,0,true
2023-06-20,6,21:00,18,3,N,0.7777777777777778,0,true
2023-06-20,6,22:00,20,3,N,0.8,0,true
2023-06-20,6,23:00,22,3,N,0.8181818181818182,0,true
2023-06-21,6,20:00,16,3,NE,0.8125,0,true
2023-06-21,6,21:00,18,3,NE,0.8333333333333334,0,true
2023-06-21,6,22:00,20,3,NE,0.75,0,true
2023-06-21,6,23:00,22,3,NE,0.7727272727272727,0,true
2023-06-22,6,20:00,16,1,NE,1.0,0,false
2023-06-22,6,21:00,18,1,NE,1.0,0,false
2023-06-22,6,22:00,20,1,NE,1.0,0,false
2023-06-22,6,23:00,22,1,NE,1.0,0,false
2023-06-23,6,20:00,16,3,E,0.5,1,true
2023-06-23,6,21:00,18,3,E,0.4444444444444444,3,true
2023-06-23,6,22:00,20,3,E,0.45,4,true
2023-06-23,6,23:00,22,3,E,0.45454545454545453,5,true
2023-06-24,6,20:00,16,2,NE,0.75,0,true
2023-06-24,6,21:00,18,2,NE,0.7777777777777778,0,true
2023-06-24,6,22:00,20,2,NE,0.7,0,true
2023-06-24,6,23:00,22,2,NE,0.7272727272727273,0,true
2023-06-25,6,20:00,16,3,NE,0.6875,0,true
2023-06-25,6,21:00,18,4,NE,0.6666666666666666,0,true
2023-06-25,6,22:00,20,5,NE,0.65,0,true
2023-06-25,6,23:00,22,6,NE,0.5909090909090909,2,true
2023-06-26,6,20:00,16,2,N,0.875,0,true
2023-06-26,6,21:00,18,2,N,0.8333333333333334,0,true
2023-06-26,6,22:00,20,2,N,0.85,0,true
2023-06-26,6,23:00,22,2,N,0.8636363636363636,0,true
2023-06-27,6,20:00,16,2,N,0.5,0,true
2023-06-27,6,21:00,18,2,N,0.5,0,true
2023-06-27,6,22:00,20,2,N,0.55,0,true
2023-06-27,6,23:00,22,2,N,0.5454545454545454,0,true
2023-06-28,6,20:00,16,2,N,0.5,0,true
2023-06-28,6,21:00,18,2,N,0.5,0,true
2023-06-28,6,22:00,20,2,N,0.5,0,true
2023-06-28,6,23:00,22,2,N,0.5,0,true
2023-06-29,6,20:00,16,2,N,0.625,0,true
2023-06-29,6,21:00,18,2,N,0.6666666666666666,0,true
2023-06-29,6,22:00,20,2,N,0.7,0,true
2023-06-29,6,23:00,22,2,N,0.7272727272727273,0,true
2023-06-30,6,20:00,16,3,NE,0.5,1,true
2023-06-30,6,21:00,18,5,NE,0.4444444444444444,2,true
2023-06-30,6,22:00,20,5,NE,0.45,2,true
2023-06-30,6,23:00,22,5,NE,0.45454545454545453,2,true
2023-07-01,7,20:00,16,5,S,0.375,6,true
2023-07-01,7,21:00,18,5,S,0.3333333333333333,6,true
2023-07-01,7,22:00,20,5,S,0.3,6,true
2023-07-01,7,23:00,22,5,S,0.2727272727272727,6,true
2023-07-02,7,20:00,16,5,NW,0.4375,2,true
2023-07-02,7,21:00,18,5,NW,0.3888888888888889,2,true
2023-07-02,7,22:00,20,5,NW,0.35,2,true
2023-07-02,7,23:00,22,6,NW,0.3181818181818182,4,true
2023-07-03,7,20:00,16,5,N,0.375,3,true
2023-07-03,7,21:00,18,5,N,0.4444444444444444,3,true
2023-07-03,7,22:00,20,5,N,0.5,3,true
2023-07-03,7,23:00,22,5,N,0.5454545454545454,3,true
2023-07-04,7,20:00,16,4,N,0.5625,5,true
2023-07-04,7,21:00,18,4,N,0.6111111111111112,5,true
2023-07-04,7,22:00,20,4,N,0.65,5,true
2023-07-04,7,23:00,22,4,N,0.6818181818181818,5,true
2023-07-05,7,20:00,16,2,N,0.75,0,true
2023-07-05,7,21:00,18,2,N,0.7222222222222222,0,true
2023-07-05,7,22:00,20,2,N,0.75,0,true
2023-07-05,7,23:00,22,2,N,0.6818181818181818,0,true
2023-07-06,7,20:00,16,4,NE,0.5625,3,true
2023-07-06,7,21:00,18,4,NE,0.5,3,true
2023-07-06,7,22:00,20,4,NE,0.55,3,true
2023-07-06,7,23:00,22,4,NE,0.5454545454545454,3,true
2023-07-07,7,20:00,16,3,NE,0.5625,0,true
2023-07-07,7,21:00,18,3,NE,0.6111111111111112,0,true
2023-07-07,7,22:00,20,3,NE,0.6,0,true
2023-07-07,7,23:00,22,3,NE,0.5909090909090909,0,true
2023-07-08,7,20:00,16,4,NE,0.5625,0,true
2023-07-08,7,21:00,18,4,NE,0.6111111111111112,0,true
2023-07-08,7,22:00,20,5,NE,0.55,1,true
2023-07-08,7,23:00,22,6,NE,0.5,3,true
2023-07-09,7,20:00,16,3,S,0.625,16,true
2023-07-09,7,21:00,18,3,S,0.6666666666666666,18,true
2023-07-09,7,22:00,20,3,S,0.7,20,true
2023-07-09,7,23:00,22,3,S,0.7272727272727273,22,true
2023-07-10,7,20:00,16,4,N,0.5625,0,true
2023-07-10,7,21:00,18,4,N,0.5,0,true
2023-07-10,7,22:00,20,4,N,0.5,0,true
2023-07-10,7,23:00,22,4,N,0.45454545454545453,0,true
2023-07-11,7,20:00,16,5,SW,0.5,8,true
2023-07-11,7,21:00,18,5,SW,0.5555555555555556,10,true
2023-07-11,7,22:00,20,5,SW,0.6,12,true
2023-07-11,7,23:00,22,5,SW,0.6363636363636364,14,true
2023-07-12,7,20:00,16,2,N,0.8125,0,true
2023-07-12,7,21:00,18,2,N,0.8333333333333334,0,true
2023-07-12,7,22:00,20,3,N,0.8,0,true
2023-07-12,7,23:00,22,3,N,0.8181818181818182,0,true
2023-07-13,7,20:00,16,3,N,0.8125,0,true
2023-07-13,7,21:00,18,3,N,0.7777777777777778,0,true
2023-07-13,7,22:00,20,3,N,0.75,0,true
2023-07-13,7,23:00,22,3,N,0.7272727272727273,0,true
2023-07-14,7,20:00,16,2,N,0.8125,0,true
2023-07-14,7,21:00,18,2,N,0.8333333333333334,0,true
2023-07-14,7,22:00,20,2,N,0.85,0,true
2023-07-14,7,23:00,22,2,N,0.8636363636363636,0,true
2023-07-15,7,20:00,16,5,N,0.5625,1,true
2023-07-15,7,21:00,18,5,N,0.6111111111111112,1,true
2023-07-15,7,22:00,20,5,N,0.65,1,true
2023-07-15,7,23:00,22,5,N,0.6818181818181818,1,true
2023-07-16,7,20:00,16,2,N,0.9375,0,true
2023-07-16,7,21:00,18,2,N,0.9444444444444444,0,true
2023-07-16,7,22:00,20,2,N,0.95,0,true
2023-07-16,7,23:00,22,2,N,0.9090909090909091,0,true
2023-07-17,7,20:00,16,4,S,0.5625,11,true
2023-07-17,7,21:00,18,4,S,0.5,11,true
2023-07-17,7,22:00,20,4,S,0.45,11,true
2023-07-17,7,23:00,22,4,S,0.4090909090909091,11,true
2023-07-18,7,20:00,16,2,N,0.875,0,true
2023-07-18,7,21:00,18,2,N,0.8888888888888888,0,true
2023-07-18,7,22:00,20,2,N,0.9,0,true
2023-07-18,7,23:00,22,2,N,0.9090909090909091,0,true
2023-07-19,7,20:00,16,2,NE,0.8125,0,true
2023-07-19,7,21:00,18,2,NE,0.7222222222222222,0,true
2023-07-19,7,22:00,20,2,NE,0.65,0,true
2023-07-19,7,23:00,22,2,NE,0.5909090909090909,0,true
2023-07-20,7,20:00,16,2,N,0.9375,0,true
2023-07-20,7,21:00,18,3,N,0.8888888888888888,0,true
2023-07-20,7,22:00,20,3,N,0.9,0,true
2023-07-20,7,23:00,22,3,N,0.9090909090909091,0,true
2023-07-21,7,20:00,16,1,SE,1.0,16,false
2023-07-21,7,21:00,18,1,SE,1.0,18,false
2023-07-21,7,22:00,20,1,SE,1.0,20,false
2023-07-21,7,23:00,22,1,SE,1.0,22,false
2023-07-22,7,20:00,16,2,S,0.5625,16,true
2023-07-22,7,21:00,18,2,S,0.6111111111111112,18,true
2023-07-22,7,22:00,20,2,S,0.65,20,true
2023-07-22,7,23:00,22,3,S,0.6363636363636364,22,true
2023-07-23,7,20:00,16,2,S,0.6875,16,true
2023-07-23,7,21:00,18,4,S,0.6111111111111112,16,true
2023-07-23,7,22:00,20,4,S,0.55,16,true
2023-07-23,7,23:00,22,4,S,0.5,16,true
2023-07-24,7,20:00,16,3,NE,0.5625,3,true
2023-07-24,7,21:00,18,3,NE,0.5,5,true
2023-07-24,7,22:00,20,3,NE,0.45,7,true
2023-07-24,7,23:00,22,3,NE,0.4090909090909091,9,true
2023-07-25,7,20:00,16,5,S,0.375,7,true
2023-07-25,7,21:00,18,5,N,0.3888888888888889,7,true
2023-07-25,7,22:00,20,5,N,0.45,7,true
2023-07-25,7,23:00,22,5,N,0.4090909090909091,7,true
2023-07-26,7,20:00,16,2,S,0.8125,16,true
2023-07-26,7,21:00,18,2,S,0.8333333333333334,18,true
2023-07-26,7,22:00,20,2,S,0.8,20,true
2023-07-26,7,23:00,22,2,S,0.7272727272727273,22,true
2023-07-27,7,20:00,16,2,NE,0.5625,0,true
2023-07-27,7,21:00,18,2,N,0.5,0,true
2023-07-27,7,22:00,20,2,N,0.55,0,true
2023-07-27,7,23:00,22,3,N,0.5454545454545454,0,true
2023-07-28,7,20:00,16,2,SW,0.5625,16,true
2023-07-28,7,21:00,18,2,S,0.5,18,true
2023-07-28,7,22:00,20,2,S,0.55,20,true
2023-07-28,7,23:00,22,2,S,0.5909090909090909,22,true
2023-07-29,7,20:00,16,2,N,0.5,0,true
2023-07-29,7,21:00,18,2,NE,0.5555555555555556,0,true
2023-07-29,7,22:00,20,2,N,0.5,0,true
2023-07-29,7,23:00,22,2,N,0.5454545454545454,0,true
2023-07-30,7,20:00,16,3,NE,0.75,0,true
2023-07-30,7,21:00,18,3,NE,0.7777777777777778,0,true
2023-07-30,7,22:00,20,3,NE,0.75,0,true
2023-07-30,7,23:00,22,3,NE,0.6818181818181818,0,true
2023-07-31,7,20:00,16,2,N,0.75,0,true
2023-07-31,7,21:00,18,2,N,0.7777777777777778,0,true
2023-07-31,7,22:00,20,2,N,0.8,0,true
2023-07-31,7,23:00,22,2,N,0.8181818181818182,0,true
2023-08-01,8,20:00,16,1,N,1.0,0,false
2023-08-01,8,21:00,18,1,N,1.0,0,false
2023-08-01,8,22:00,20,1,N,1.0,0,false
2023-08-01,8,23:00,22,2,N,0.9545454545454546,0,true
2023-08-02,8,20:00,16,2,NW,0.625,0,true
2023-08-02,8,21:00,18,4,NW,0.5555555555555556,1,true
2023-08-02,8,22:00,20,5,NW,0.5,3,true
2023-08-02,8,23:00,22,5,NW,0.45454545454545453,5,true
2023-08-03,8,20:00,16,2,S,0.625,16,true
2023-08-03,8,21:00,18,2,S,0.6666666666666666,18,true
2023-08-03,8,22:00,20,2,S,0.7,20,true
2023-08-03,8,23:00,22,2,S,0.7272727272727273,22,true
2023-08-04,8,20:00,16,5,S,0.5625,12,true
2023-08-04,8,21:00,18,6,S,0.5,13,true
2023-08-04,8,22:00,20,6,S,0.45,13,true
2023-08-04,8,23:00,22,6,S,0.4090909090909091,13,true
2023-08-05,8,20:00,16,4,S,0.75,12,true
2023-08-05,8,21:00,18,4,S,0.7777777777777778,14,true
2023-08-05,8,22:00,20,4,S,0.8,16,true
2023-08-05,8,23:00,22,4,S,0.8181818181818182,18,true
2023-08-06,8,20:00,16,2,N,0.5625,0,true
2023-08-06,8,21:00,18,2,N,0.6111111111111112,0,true
2023-08-06,8,22:00,20,2,N,0.65,0,true
2023-08-06,8,23:00,22,2,N,0.5909090909090909,0,true
2023-08-07,8,20:00,16,2,N,0.75,0,true
2023-08-07,8,21:00,18,2,N,0.7222222222222222,0,true
2023-08-07,8,22:00,20,2,N,0.75,0,true
2023-08-07,8,23:00,22,2,N,0.7727272727272727,0,true
2023-08-08,8,20:00,16,1,S,1.0,16,false
2023-08-08,8,21:00,18,1,S,1.0,18,false
2023-08-08,8,22:00,20,1,S,1.0,20,false
2023-08-08,8,23:00,22,2,S,0.9090909090909091,22,true
2023-08-09,8,20:00,16,2,NE,0.75,0,true
2023-08-09,8,21:00,18,2,NE,0.7222222222222222,0,true
2023-08-09,8,22:00,20,2,NE,0.7,0,true
2023-08-09,8,23:00,22,2,NE,0.6363636363636364,0,true
2023-08-10,8,20:00,16,6,S,0.5625,10,true
2023-08-10,8,21:00,18,6,S,0.6111111111111112,12,true
2023-08-10,8,22:00,20,6,S,0.65,14,true
2023-08-10,8,23:00,22,6,S,0.6818181818181818,16,true
2023-08-11,8,20:00,16,2,S,0.9375,16,true
2023-08-11,8,21:00,18,2,S,0.9444444444444444,18,true
2023-08-11,8,22:00,20,2,S,0.95,20,true
2023-08-11,8,23:00,22,2,S,0.9090909090909091,22,true
2023-08-12,8,20:00,16,2,NE,0.5625,0,true
2023-08-12,8,21:00,18,2,NE,0.5555555555555556,0,true
2023-08-12,8,22:00,20,2,NE,0.6,0,true
2023-08-12,8,23:00,22,2,NE,0.5909090909090909,0,true
2023-08-13,8,20:00,16,2,N,0.9375,0,true
2023-08-13,8,21:00,18,2,N,0.9444444444444444,0,true
2023-08-13,8,22:00,20,2,N,0.95,0,true
2023-08-13,8,23:00,22,2,N,0.9545454545454546,0,true
2023-08-14,8,20:00,16,2,N,0.875,0,true
2023-08-14,8,21:00,18,2,N,0.8888888888888888,0,true
2023-08-14,8,22:00,20,2,N,0.9,0,true
2023-08-14,8,23:00,22,2,N,0.9090909090909091,0,true
2023-08-15,8,20:00,16,2,N,0.625,0,true
2023-08-15,8,21:00,18,2,N,0.6111111111111112,0,true
2023-08-15,8,22:00,20,2,N,0.65,0,true
2023-08-15,8,23:00,22,2,N,0.5909090909090909,0,true
2023-08-16,8,20:00,16,2,NE,0.8125,0,true
2023-08-16,8,21:00,18,2,NE,0.7222222222222222,0,true
2023-08-16,8,22:00,20,2,NE,0.65,0,true
2023-08-16,8,23:00,22,2,NE,0.5909090909090909,0,true
2023-08-17,8,20:00,16,1,S,1.0,16,false
2023-08-17,8,21:00,18,1,S,1.0,18,false
2023-08-17,8,22:00,20,1,S,1.0,20,false
2023-08-17,8,23:00,22,1,S,1.0,22,false
2023-08-18,8,20:00,16,3,N,0.875,0,true
2023-08-18,8,21:00,18,3,N,0.8333333333333334,0,true
2023-08-18,8,22:00,20,3,N,0.8,0,true
2023-08-18,8,23:00,22,3,N,0.8181818181818182,0,true
2023-08-19,8,20:00,16,2,N,0.9375,0,true
2023-08-19,8,21:00,18,2,N,0.9444444444444444,0,true
2023-08-19,8,22:00,20,2,N,0.95,0,true
2023-08-19,8,23:00,22,2,N,0.9545454545454546,0,true
2023-08-20,8,20:00,16,2,N,0.9375,0,true
2023-08-20,8,21:00,18,2,N,0.9444444444444444,0,true
2023-08-20,8,22:00,19,2,N,0.9473684210526315,0,true
2023-08-20,8,23:00,21,2,N,0.9523809523809523,0,true
2023-08-21,8,20:00,16,3,N,0.8125,2,true
2023-08-21,8,21:00,18,3,N,0.7222222222222222,4,true
2023-08-21,8,22:00,20,3,N,0.65,6,true
2023-08-21,8,23:00,22,3,N,0.5909090909090909,8,true
2023-08-22,8,20:00,16,1,S,1.0,16,false
2023-08-22,8,21:00,18,1,S,1.0,18,false
2023-08-22,8,22:00,20,1,S,1.0,20,false
2023-08-22,8,23:00,22,1,S,1.0,22,false
2023-08-23,8,20:00,16,2,NE,0.75,0,true
2023-08-23,8,21:00,18,2,NE,0.7777777777777778,0,true
2023-08-23,8,22:00,20,2,NE,0.7,0,true
2023-08-23,8,23:00,22,2,NE,0.6363636363636364,0,true
2023-08-24,8,20:00,16,2,N,0.875,0,true
2023-08-24,8,21:00,18,2,N,0.8333333333333334,0,true
2023-08-24,8,22:00,20,2,N,0.85,0,true
2023-08-24,8,23:00,22,2,N,0.8636363636363636,0,true
2023-08-25,8,20:00,16,2,N,0.5,0,true
2023-08-25,8,21:00,18,2,N,0.5555555555555556,0,true
2023-08-25,8,22:00,20,4,N,0.5,0,true
2023-08-25,8,23:00,22,6,N,0.45454545454545453,2,true
2023-08-26,8,20:00,16,2,NE,0.625,0,true
2023-08-26,8,21:00,18,2,NE,0.5555555555555556,0,true
2023-08-26,8,22:00,20,2,N,0.5,0,true
2023-08-26,8,23:00,22,2,NE,0.5454545454545454,0,true
2023-08-27,8,20:00,16,4,N,0.6875,1,true
2023-08-27,8,21:00,18,4,N,0.6111111111111112,3,true
2023-08-27,8,22:00,20,4,N,0.55,5,true
2023-08-27,8,23:00,22,4,N,0.5,7,true
2023-08-28,8,20:00,16,1,S,1.0,16,false
2023-08-28,8,21:00,18,1,S,1.0,18,false
2023-08-28,8,22:00,20,1,S,1.0,20,false
2023-08-28,8,23:00,22,1,S,1.0,22,false
2023-08-29,8,20:00,16,2,N,0.75,0,true
2023-08-29,8,21:00,18,2,N,0.7222222222222222,0,true
2023-08-29,8,22:00,20,2,N,0.65,0,true
2023-08-29,8,23:00,22,2,N,0.6363636363636364,0,true
2023-08-30,8,20:00,16,1,N,1.0,0,false
2023-08-30,8,21:00,18,1,N,1.0,0,false
2023-08-30,8,22:00,20,2,N,0.9,0,true
2023-08-30,8,23:00,22,2,N,0.8636363636363636,0,true
2023-08-31,8,20:00,16,2,N,0.9375,0,true
2023-08-31,8,21:00,18,2,N,0.8888888888888888,0,true
2023-08-31,8,22:00,20,2,N,0.9,0,true
2023-08-31,8,23:00,22,2,N,0.9090909090909091,0,true
2023-09-01,9,20:00,16,1,N,1.0,0,false
2023-09-01,9,21:00,18,1,N,1.0,0,false
2023-09-01,9,22:00,20,1,N,1.0,0,false
2023-09-01,9,23:00,22,1,N,1.0,0,false
2023-09-02,9,20:00,16,2,N,0.75,0,true
2023-09-02,9,21:00,18,2,N,0.7777777777777778,0,true
2023-09-02,9,22:00,20,2,N,0.7,0,true
2023-09-02,9,23:00,22,2,N,0.7272727272727273,0,true
2023-09-03,9,20:00,16,6,NE,0.3125,6,true
2023-09-03,9,21:00,18,6,NE,0.3333333333333333,6,true
2023-09-03,9,22:00,20,6,NE,0.3,6,true
2023-09-03,9,23:00,22,6,N,0.2727272727272727,6,true
2023-09-04,9,20:00,16,5,NE,0.4375,6,true
2023-09-04,9,21:00,18,5,NE,0.3888888888888889,8,true
2023-09-04,9,22:00,20,5,SE,0.45,10,true
2023-09-04,9,23:00,22,5,SE,0.5,12,true
2023-09-05,9,20:00,16,7,N,0.5,2,true
2023-09-05,9,21:00,18,7,N,0.4444444444444444,2,true
2023-09-05,9,22:00,20,7,N,0.5,2,true
2023-09-05,9,23:00,22,7,N,0.5454545454545454,2,true
2023-09-06,9,20:00,16,1,N,1.0,0,false
2023-09-06,9,21:00,18,1,N,1.0,0,false
2023-09-06,9,22:00,20,1,N,1.0,0,false
2023-09-06,9,23:00,22,1,N,1.0,0,false
2023-09-07,9,20:00,16,2,N,0.8125,0,true
2023-09-07,9,21:00,18,2,N,0.7777777777777778,0,true
2023-09-07,9,22:00,20,2,N,0.8,0,true
2023-09-07,9,23:00,22,2,N,0.8181818181818182,0,true
2023-09-08,9,20:00,16,2,N,0.5,0,true
2023-09-08,9,21:00,18,2,N,0.5555555555555556,0,true
2023-09-08,9,22:00,20,2,N,0.6,0,true
2023-09-08,9,23:00,22,2,N,0.6363636363636364,0,true
2023-09-09,9,20:00,16,3,NE,0.75,0,true
2023-09-09,9,21:00,18,3,NE,0.6666666666666666,0,true
2023-09-09,9,22:00,20,3,NE,0.6,0,true
2023-09-09,9,23:00,22,3,NE,0.5454545454545454,0,true
2023-09-10,9,20:00,16,2,NE,0.625,0,true
2023-09-10,9,21:00,18,2,NE,0.5555555555555556,0,true
2023-09-10,9,22:00,20,2,N,0.5,0,true
2023-09-10,9,23:00,22,2,N,0.5454545454545454,0,true
2023-09-11,9,20:00,16,2,N,0.8125,0,true
2023-09-11,9,21:00,18,2,N,0.8333333333333334,0,true
2023-09-11,9,22:00,20,2,N,0.85,0,true
2023-09-11,9,23:00,22,2,N,0.8636363636363636,0,true
2023-09-12,9,20:00,16,4,N,0.5,5,true
2023-09-12,9,21:00,18,4,N,0.5555555555555556,5,true
2023-09-12,9,22:00,20,4,N,0.55,5,true
2023-09-12,9,23:00,22,4,N,0.5454545454545454,5,true
2023-09-13,9,20:00,16,1,N,1.0,0,false
2023-09-13,9,21:00,18,1,N,1.0,0,false
2023-09-13,9,22:00,20,1,N,1.0,0,false
2023-09-13,9,23:00,22,2,N,0.9545454545454546,0,true
2023-09-14,9,20:00,16,1,N,1.0,0,false
2023-09-14,9,21:00,18,1,N,1.0,0,false
2023-09-14,9,22:00,20,1,N,1.0,0,false
2023-09-14,9,23:00,22,1,N,1.0,0,false
2023-09-15,9,20:00,16,3,N,0.75,0,true
2023-09-15,9,21:00,18,3,N,0.7777777777777778,0,true
2023-09-15,9,22:00,20,5,N,0.7,1,true
2023-09-15,9,23:00,22,5,N,0.6363636363636364,3,true
2023-09-16,9,20:00,16,3,N,0.5,0,true
2023-09-16,9,21:00,18,3,N,0.5555555555555556,0,true
2023-09-16,9,22:00,20,3,N,0.6,0,true
2023-09-16,9,23:00,22,3,N,0.6363636363636364,0,true
2023-09-17,9,20:00,16,1,N,1.0,0,false
2023-09-17,9,21:00,18,1,N,1.0,0,false
2023-09-17,9,22:00,20,1,N,1.0,0,false
2023-09-17,9,23:00,22,2,N,0.9545454545454546,0,true
2023-09-18,9,20:00,16,2,N,0.625,0,true
2023-09-18,9,21:00,18,2,N,0.5555555555555556,0,true
2023-09-18,9,22:00,20,2,N,0.6,0,true
2023-09-18,9,23:00,22,2,N,0.6363636363636364,0,true
2023-09-19,9,20:00,16,3,NE,0.5,0,true
2023-09-19,9,21:00,18,3,NE,0.4444444444444444,0,true
2023-09-19,9,22:00,20,3,NE,0.4,0,true
2023-09-19,9,23:00,22,3,NE,0.36363636363636365,0,true
2023-09-20,9,20:00,16,1,N,1.0,0,false
2023-09-20,9,21:00,18,1,N,1.0,0,false
2023-09-20,9,22:00,20,1,N,1.0,0,false
2023-09-20,9,23:00,22,1,N,1.0,0,false
2023-09-21,9,20:00,16,1,N,1.0,0,false
2023-09-21,9,21:00,18,1,N,1.0,0,false
2023-09-21,9,22:00,20,1,N,1.0,0,false
2023-09-21,9,23:00,22,1,N,1.0,0,false
2023-09-22,9,20:00,16,1,N,1.0,0,false
2023-09-22,9,21:00,18,1,N,1.0,0,false
2023-09-22,9,22:00,20,1,N,1.0,0,false
2023-09-22,9,23:00,22,1,N,1.0,0,false
2023-09-23,9,20:00,16,1,N,1.0,0,false
2023-09-23,9,21:00,18,1,N,1.0,0,false
2023-09-23,9,22:00,20,3,N,0.9,0,true
2023-09-23,9,23:00,22,5,N,0.8181818181818182,1,true
2023-09-24,9,20:00,16,2,S,0.9375,16,true
2023-09-24,9,21:00,18,2,S,0.8888888888888888,18,true
2023-09-24,9,22:00,20,2,S,0.9,20,true
2023-09-24,9,23:00,22,2,S,0.9090909090909091,22,true
2023-09-25,9,20:00,18,2,SE,0.7777777777777778,18,true
2023-09-25,9,21:00,20,2,SE,0.8,20,true
2023-09-25,9,22:00,22,2,SE,0.7727272727272727,22,true
2023-09-25,9,23:00,24,2,SE,0.75,24,true
2023-09-26,9,20:00,18,2,S,0.9444444444444444,18,true
2023-09-26,9,21:00,20,2,S,0.95,20,true
2023-09-26,9,22:00,22,2,S,0.9545454545454546,22,true
2023-09-26,9,23:00,24,2,S,0.9583333333333334,24,true
2023-09-27,9,20:00,18,2,S,0.9444444444444444,18,true
2023-09-27,9,21:00,20,2,S,0.95,20,true
2023-09-27,9,22:00,22,2,S,0.9545454545454546,22,true
2023-09-27,9,23:00,24,2,S,0.9583333333333334,24,true
2023-09-28,9,20:00,18,6,N,0.3333333333333333,7,true
2023-09-28,9,21:00,20,6,N,0.35,7,true
2023-09-28,9,22:00,22,6,N,0.4090909090909091,7,true
2023-09-28,9,23:00,24,6,N,0.4166666666666667,7,true
2023-09-29,9,20:00,18,6,SW,0.2777777777777778,8,true
2023-09-29,9,21:00,20,6,SW,0.25,8,true
2023-09-29,9,22:00,22,6,N,0.2727272727272727,8,true
2023-09-29,9,23:00,24,6,N,0.3333333333333333,8,true
2023-09-30,9,20:00,18,6,SE,0.2777777777777778,8,true
2023-09-30,9,21:00,20,6,S,0.25,10,true
2023-09-30,9,22:00,22,6,S,0.3181818181818182,12,true
2023-09-30,9,23:00,24,6,S,0.375,14,true
2023-10-01,10,20:00,18,2,N,0.7777777777777778,0,true
2023-10-01,10,21:00,20,2,N,0.75,0,true
2023-10-01,10,22:00,22,2,N,0.7727272727272727,0,true
2023-10-01,10,23:00,24,2,N,0.7916666666666666,0,true
2023-10-02,10,20:00,18,3,N,0.8333333333333334,0,true
2023-10-02,10,21:00,20,3,N,0.8,0,true
2023-10-02,10,22:00,22,3,N,0.8181818181818182,0,true
2023-10-02,10,23:00,24,3,N,0.8333333333333334,0,true
2023-10-03,10,20:00,18,1,S,1.0,18,false
2023-10-03,10,21:00,20,1,S,1.0,20,false
2023-10-03,10,22:00,22,1,S,1.0,22,false
2023-10-03,10,23:00,24,1,S,1.0,24,false
2023-10-04,10,20:00,18,2,N,0.6666666666666666,0,true
2023-10-04,10,21:00,20,2,N,0.7,0,true
2023-10-04,10,22:00,22,2,N,0.7272727272727273,0,true
2023-10-04,10,23:00,24,2,N,0.75,0,true
2023-10-05,10,20:00,18,1,N,1.0,0,false
2023-10-05,10,21:00,20,1,N,1.0,0,false
2023-10-05,10,22:00,22,1,N,1.0,0,false
2023-10-05,10,23:00,24,1,N,1.0,0,false
2023-10-06,10,20:00,18,2,N,0.7777777777777778,0,true
2023-10-06,10,21:00,20,2,N,0.8,0,true
2023-10-06,10,22:00,22,2,N,0.8181818181818182,0,true
2023-10-06,10,23:00,24,2,N,0.8333333333333334,0,true
2023-10-07,10,20:00,18,2,N,0.8888888888888888,0,true
2023-10-07,10,21:00,20,3,N,0.85,1,true
2023-10-07,10,22:00,22,4,N,0.7727272727272727,3,true
2023-10-07,10,23:00,24,4,N,0.7083333333333334,5,true
2023-10-08,10,20:00,18,2,S,0.7222222222222222,18,true
2023-10-08,10,21:00,20,2,S,0.65,20,true
2023-10-08,10,22:00,22,2,S,0.6363636363636364,22,true
2023-10-08,10,23:00,24,2,S,0.5833333333333334,24,true
2023-10-09,10,20:00,18,4,NE,0.3888888888888889,5,true
2023-10-09,10,21:00,20,4,NE,0.35,5,true
2023-10-09,10,22:00,22,4,NE,0.36363636363636365,5,true
2023-10-09,10,23:00,24,4,N,0.375,5,true
2023-10-10,10,20:00,18,1,N,1.0,0,false
2023-10-10,10,21:00,20,2,N,0.9,0,true
2023-10-10,10,22:00,22,2,N,0.8181818181818182,0,true
2023-10-10,10,23:00,24,2,N,0.8333333333333334,0,true
2023-10-11,10,20:00,18,3,SE,0.7222222222222222,14,true
2023-10-11,10,21:00,20,3,SE,0.75,16,true
2023-10-11,10,22:00,22,3,SE,0.7727272727272727,18,true
2023-10-11,10,23:00,24,4,SE,0.7083333333333334,20,true
2023-10-12,10,20:00,18,2,N,0.7777777777777778,0,true
2023-10-12,10,21:00,20,2,N,0.8,0,true
2023-10-12,10,22:00,22,2,N,0.8181818181818182,0,true
2023-10-12,10,23:00,24,2,N,0.8333333333333334,0,true
2023-10-13,10,20:00,18,3,N,0.7777777777777778,0,true
2023-10-13,10,21:00,20,3,N,0.8,0,true
2023-10-13,10,22:00,22,3,N,0.8181818181818182,0,true
2023-10-13,10,23:00,24,3,N,0.8333333333333334,0,true
2023-10-14,10,20:00,18,1,N,1.0,0,false
2023-10-14,10,21:00,20,1,N,1.0,0,false
2023-10-14,10,22:00,22,1,N,1.0,0,false
2023-10-14,10,23:00,24,1,N,1.0,0,false
2023-10-15,10,20:00,18,2,N,0.6666666666666666,0,true
2023-10-15,10,21:00,20,2,N,0.7,0,true
2023-10-15,10,22:00,22,2,N,0.7272727272727273,0,true
2023-10-15,10,23:00,24,2,N,0.75,0,true
2023-10-16,10,20:00,18,2,N,0.5,0,true
2023-10-16,10,21:00,20,2,N,0.5,0,true
2023-10-16,10,22:00,22,2,N,0.5454545454545454,0,true
2023-10-16,10,23:00,24,2,N,0.5833333333333334,0,true
2023-10-17,10,20:00,18,1,N,1.0,0,false
2023-10-17,10,21:00,20,2,N,0.9,0,true
2023-10-17,10,22:00,22,2,N,0.8181818181818182,0,true
2023-10-17,10,23:00,24,2,N,0.75,0,true
2023-10-18,10,20:00,18,6,S,0.2222222222222222,9,true
2023-10-18,10,21:00,20,6,S,0.25,11,true
2023-10-18,10,22:00,22,6,S,0.22727272727272727,12,true
2023-10-18,10,23:00,24,6,S,0.25,14,true
2023-10-19,10,20:00,18,1,N,1.0,0,false
2023-10-19,10,21:00,20,1,N,1.0,0,false
2023-10-19,10,22:00,22,1,N,1.0,0,false
2023-10-19,10,23:00,24,1,N,1.0,0,false
2023-10-20,10,20:00,18,1,N,1.0,0,false
2023-10-20,10,21:00,20,1,N,1.0,0,false
2023-10-20,10,22:00,22,1,N,1.0,0,false
2023-10-20,10,23:00,24,1,N,1.0,0,false
2023-10-21,10,20:00,18,1,N,1.0,0,false
2023-10-21,10,21:00,20,1,N,1.0,0,false
2023-10-21,10,22:00,22,1,N,1.0,0,false
2023-10-21,10,23:00,24,2,N,0.9166666666666666,2,true
2023-10-22,10,20:00,18,2,SE,0.9444444444444444,18,true
2023-10-22,10,21:00,20,2,SE,0.95,20,true
2023-10-22,10,22:00,22,2,SE,0.9545454545454546,22,true
2023-10-22,10,23:00,24,2,SE,0.9583333333333334,24,true
2023-10-23,10,20:00,18,4,S,0.6666666666666666,13,true
2023-10-23,10,21:00,20,4,S,0.6,13,true
2023-10-23,10,22:00,22,4,S,0.5454545454545454,13,true
2023-10-23,10,23:00,24,6,S,0.5,14,true
2023-10-24,10,20:00,18,2,N,0.8888888888888888,0,true
2023-10-24,10,21:00,20,2,N,0.9,0,true
2023-10-24,10,22:00,22,2,N,0.9090909090909091,0,true
2023-10-24,10,23:00,24,2,N,0.9166666666666666,0,true
2023-10-25,10,20:00,18,2,N,0.8888888888888888,0,true
2023-10-25,10,21:00,20,2,N,0.9,0,true
2023-10-25,10,22:00,22,2,N,0.9090909090909091,0,true
2023-10-25,10,23:00,24,2,N,0.9166666666666666,0,true
2023-10-26,10,20:00,18,1,N,1.0,0,false
2023-10-26,10,21:00,20,1,N,1.0,0,false
2023-10-26,10,22:00,22,1,N,1.0,0,false
2023-10-26,10,23:00,24,1,N,1.0,0,false
2023-10-27,10,20:00,18,3,N,0.4444444444444444,0,true
2023-10-27,10,21:00,20,4,N,0.4,2,true
2023-10-27,10,22:00,22,4,N,0.36363636363636365,2,true
2023-10-27,10,23:00,24,4,N,0.3333333333333333,2,true
2023-10-28,10,20:00,18,5,N,0.3333333333333333,5,true
2023-10-28,10,21:00,20,5,N,0.4,5,true
2023-10-28,10,22:00,22,5,N,0.36363636363636365,6,true
2023-10-28,10,23:00,24,5,N,0.3333333333333333,8,true
2023-10-29,10,20:00,18,2,N,0.5555555555555556,0,true
2023-10-29,10,21:00,20,4,N,0.5,2,true
2023-10-29,10,22:00,22,4,N,0.45454545454545453,4,true
2023-10-29,10,23:00,24,4,N,0.4166666666666667,6,true
2023-10-30,10,20:00,18,7,NE,0.3888888888888889,6,true
2023-10-30,10,21:00,20,7,NE,0.35,8,true
2023-10-30,10,22:00,22,7,NE,0.3181818181818182,10,true
2023-10-30,10,23:00,24,7,SW,0.3333333333333333,12,true
2023-10-31,10,20:00,18,3,S,0.5555555555555556,17,true
2023-10-31,10,21:00,20,4,S,0.5,19,true
2023-10-31,10,22:00,22,4,S,0.5454545454545454,21,true
2023-10-31,10,23:00,24,4,S,0.5416666666666666,23,true
2023-11-01,11,20:00,18,3,N,0.8333333333333334,0,true
2023-11-01,11,21:00,20,3,N,0.85,0,true
2023-11-01,11,22:00,22,3,N,0.8636363636363636,0,true
2023-11-01,11,23:00,24,3,N,0.875,0,true
2023-11-02,11,20:00,18,2,N,0.8333333333333334,0,true
2023-11-02,11,21:00,20,2,N,0.85,0,true
2023-11-02,11,22:00,22,2,N,0.7727272727272727,0,true
2023-11-02,11,23:00,24,2,N,0.7916666666666666,0,true
2023-11-03,11,20:00,18,2,N,0.9444444444444444,0,true
2023-11-03,11,21:00,20,3,N,0.85,0,true
2023-11-03,11,22:00,22,3,N,0.8636363636363636,0,true
2023-11-03,11,23:00,24,3,N,0.8333333333333334,0,true
2023-11-04,11,20:00,18,2,N,0.6111111111111112,0,true
2023-11-04,11,21:00,20,2,N,0.55,0,true
2023-11-04,11,22:00,22,2,N,0.5909090909090909,0,true
2023-11-04,11,23:00,24,2,N,0.625,0,true
2023-11-05,11,20:00,18,1,N,1.0,0,false
2023-11-05,11,21:00,20,1,N,1.0,0,false
2023-11-05,11,22:00,22,1,N,1.0,0,false
2023-11-05,11,23:00,24,1,N,1.0,0,false
2023-11-06,11,20:00,18,1,S,1.0,18,false
2023-11-06,11,21:00,20,1,S,1.0,20,false
2023-11-06,11,22:00,22,1,S,1.0,22,false
2023-11-06,11,23:00,24,1,S,1.0,24,false
2023-11-07,11,20:00,18,1,S,1.0,18,false
2023-11-07,11,21:00,20,1,S,1.0,20,false
2023-11-07,11,22:00,22,1,S,1.0,22,false
2023-11-07,11,23:00,24,1,S,1.0,24,false
2023-11-08,11,20:00,18,2,S,0.5555555555555556,18,true
2023-11-08,11,21:00,20,2,S,0.5,20,true
2023-11-08,11,22:00,22,2,S,0.5454545454545454,22,true
2023-11-08,11,23:00,24,2,S,0.5833333333333334,24,true
2023-11-09,11,20:00,18,2,S,0.9444444444444444,18,true
2023-11-09,11,21:00,20,2,S,0.95,20,true
2023-11-09,11,22:00,22,2,S,0.9545454545454546,22,true
2023-11-09,11,23:00,24,2,S,0.9583333333333334,24,true
2023-11-10,11,20:00,18,1,S,1.0,18,false
2023-11-10,11,21:00,20,1,S,1.0,20,false
2023-11-10,11,22:00,22,1,S,1.0,22,false
2023-11-10,11,23:00,24,1,S,1.0,24,false
2023-11-11,11,20:00,18,5,NE,0.3333333333333333,7,true
2023-11-11,11,21:00,20,5,NE,0.35,7,true
2023-11-11,11,22:00,22,6,NE,0.3181818181818182,8,true
2023-11-11,11,23:00,24,6,S,0.375,10,true
2023-11-12,11,20:00,18,1,N,1.0,0,false
2023-11-12,11,21:00,20,1,N,1.0,0,false
2023-11-12,11,22:00,22,1,N,1.0,0,false
2023-11-12,11,23:00,24,1,N,1.0,0,false
2023-11-13,11,20:00,18,1,N,1.0,0,false
2023-11-13,11,21:00,20,1,N,1.0,0,false
2023-11-13,11,22:00,22,1,N,1.0,0,false
2023-11-13,11,23:00,24,1,N,1.0,0,false
2023-11-14,11,20:00,18,2,N,0.8888888888888888,0,true
2023-11-14,11,21:00,20,2,N,0.85,0,true
2023-11-14,11,22:00,22,2,N,0.8636363636363636,0,true
2023-11-14,11,23:00,24,2,N,0.875,0,true
2023-11-15,11,20:00,18,2,N,0.8888888888888888,0,true
2023-11-15,11,21:00,20,2,N,0.9,0,true
2023-11-15,11,22:00,22,2,N,0.8636363636363636,0,true
2023-11-15,11,23:00,24,2,N,0.875,0,true
2023-11-16,11,20:00,18,2,N,0.9444444444444444,0,true
2023-11-16,11,21:00,20,2,N,0.95,0,true
2023-11-16,11,22:00,22,2,N,0.9545454545454546,0,true
2023-11-16,11,23:00,24,2,N,0.9583333333333334,0,true
2023-11-17,11,20:00,18,2,N,0.7222222222222222,0,true
2023-11-17,11,21:00,20,2,N,0.75,0,true
2023-11-17,11,22:00,22,2,N,0.7727272727272727,0,true
2023-11-17,11,23:00,24,2,N,0.7916666666666666,0,true
2023-11-18,11,20:00,18,4,S,0.5555555555555556,14,true
2023-11-18,11,21:00,20,4,S,0.6,16,true
2023-11-18,11,22:00,22,4,S,0.6363636363636364,18,true
2023-11-18,11,23:00,24,4,S,0.6666666666666666,20,true
2023-11-19,11,20:00,18,5,SW,0.5,15,true
2023-11-19,11,21:00,20,5,SW,0.55,17,true
2023-11-19,11,22:00,22,5,SW,0.5454545454545454,19,true
2023-11-19,11,23:00,24,5,SW,0.5,21,true
2023-11-20,11,20:00,18,2,SE,0.7222222222222222,18,true
2023-11-20,11,21:00,20,2,SE,0.75,20,true
2023-11-20,11,22:00,22,2,SE,0.7727272727272727,22,true
2023-11-20,11,23:00,24,2,SE,0.7916666666666666,24,true
2023-11-21,11,20:00,18,2,S,0.8888888888888888,18,true
2023-11-21,11,21:00,20,2,S,0.9,20,true
2023-11-21,11,22:00,22,2,S,0.9090909090909091,22,true
2023-11-21,11,23:00,24,2,S,0.9166666666666666,24,true
2023-11-22,11,20:00,18,3,NE,0.6666666666666666,0,true
2023-11-22,11,21:00,20,5,NE,0.6,2,true
2023-11-22,11,22:00,22,5,NE,0.5454545454545454,4,true
2023-11-22,11,23:00,24,5,NE,0.5,6,true
2023-11-23,11,20:00,18,1,N,1.0,0,false
2023-11-23,11,21:00,20,1,N,1.0,0,false
2023-11-23,11,22:00,22,1,N,1.0,0,false
2023-11-23,11,23:00,24,1,N,1.0,0,false
2023-11-24,11,20:00,18,2,S,0.8888888888888888,18,true
2023-11-24,11,21:00,20,2,S,0.9,20,true
2023-11-24,11,22:00,22,2,S,0.9090909090909091,22,true
2023-11-24,11,23:00,24,2,S,0.9166666666666666,24,true
2023-11-25,11,20:00,18,1,S,1.0,18,false
2023-11-25,11,21:00,20,1,S,1.0,20,false
2023-11-25,11,22:00,22,1,S,1.0,22,false
2023-11-25,11,23:00,24,1,S,1.0,24,false
2023-11-26,11,20:00,18,1,S,1.0,18,false
2023-11-26,11,21:00,20,1,S,1.0,20,false
2023-11-26,11,22:00,22,1,S,1.0,22,false
2023-11-26,11,23:00,24,1,S,1.0,24,false
2023-11-27,11,20:00,18,2,N,0.6666666666666666,0,true
2023-11-27,11,21:00,20,2,N,0.7,0,true
2023-11-27,11,22:00,22,2,N,0.7272727272727273,0,true
2023-11-27,11,23:00,24,2,N,0.75,0,true
2023-11-28,11,20:00,18,1,N,1.0,0,false
2023-11-28,11,21:00,20,1,N,1.0,0,false
2023-11-28,11,22:00,22,1,N,1.0,0,false
2023-11-28,11,23:00,24,1,N,1.0,0,false
2023-11-29,11,20:00,18,2,S,0.8888888888888888,16,true
2023-11-29,11,21:00,20,2,S,0.9,18,true
2023-11-29,11,22:00,22,2,S,0.9090909090909091,20,true
2023-11-29,11,23:00,24,2,S,0.9166666666666666,22,true
2023-11-30,11,20:00,18,2,N,0.8333333333333334,0,true
2023-11-30,11,21:00,20,2,N,0.85,0,true
2023-11-30,11,22:00,22,2,N,0.8636363636363636,0,true
2023-11-30,11,23:00,24,3,N,0.8333333333333334,0,true
2023-12-01,12,20:00,18,6,S,0.3888888888888889,9,true
2023-12-01,12,21:00,20,7,S,0.35,11,true
2023-12-01,12,22:00,22,7,S,0.3181818181818182,13,true
2023-12-01,12,23:00,24,7,S,0.3333333333333333,15,true
2023-12-02,12,20:00,18,4,N,0.5,0,true
2023-12-02,12,21:00,20,4,N,0.55,0,true
2023-12-02,12,22:00,22,4,N,0.5909090909090909,0,true
2023-12-02,12,23:00,24,4,N,0.625,0,true
2023-12-03,12,20:00,18,1,N,1.0,0,false
2023-12-03,12,21:00,20,1,N,1.0,0,false
2023-12-03,12,22:00,22,1,N,1.0,0,false
2023-12-03,12,23:00,24,1,N,1.0,0,false
2023-12-04,12,20:00,18,2,S,0.9444444444444444,18,true
2023-12-04,12,21:00,20,2,S,0.85,20,true
2023-12-04,12,22:00,22,2,S,0.8181818181818182,22,true
2023-12-04,12,23:00,24,2,S,0.75,24,true
2023-12-05,12,20:00,18,1,SE,1.0,18,false
2023-12-05,12,21:00,20,2,SE,0.9,18,true
2023-12-05,12,22:00,22,2,SE,0.8181818181818182,18,true
2023-12-05,12,23:00,24,2,SE,0.75,18,true
2023-12-06,12,20:00,18,6,N,0.5555555555555556,4,true
2023-12-06,12,21:00,20,6,N,0.5,4,true
2023-12-06,12,22:00,22,6,N,0.5454545454545454,4,true
2023-12-06,12,23:00,24,6,N,0.5833333333333334,4,true
2023-12-07,12,20:00,18,1,N,1.0,0,false
2023-12-07,12,21:00,20,1,N,1.0,0,false
2023-12-07,12,22:00,22,1,N,1.0,0,false
2023-12-07,12,23:00,24,1,N,1.0,0,false
2023-12-08,12,20:00,18,2,NE,0.5555555555555556,0,true
2023-12-08,12,21:00,20,4,NE,0.5,2,true
2023-12-08,12,22:00,22,4,NE,0.45454545454545453,4,true
2023-12-08,12,23:00,24,4,NE,0.4166666666666667,6,true
2023-12-09,12,20:00,18,2,N,0.8333333333333334,0,true
2023-12-09,12,21:00,20,2,N,0.85,0,true
2023-12-09,12,22:00,22,2,N,0.8636363636363636,0,true
2023-12-09,12,23:00,24,2,N,0.875,0,true
2023-12-10,12,20:00,18,2,N,0.9444444444444444,0,true
2023-12-10,12,21:00,20,2,N,0.9,0,true
2023-12-10,12,22:00,22,2,N,0.8181818181818182,0,true
2023-12-10,12,23:00,24,2,N,0.75,0,true
2023-12-11,12,20:00,18,4,N,0.6111111111111112,0,true
2023-12-11,12,21:00,20,4,N,0.65,0,true
2023-12-11,12,22:00,22,4,N,0.6818181818181818,0,true
2023-12-11,12,23:00,24,5,N,0.6666666666666666,0,true
2023-12-12,12,20:00,18,2,N,0.7222222222222222,0,true
2023-12-12,12,21:00,20,2,N,0.75,0,true
2023-12-12,12,22:00,22,2,N,0.7727272727272727,0,true
2023-12-12,12,23:00,24,2,N,0.75,0,true
2023-12-13,12,20:00,18,4,N,0.4444444444444444,5,true
2023-12-13,12,21:00,20,5,N,0.4,6,true
2023-12-13,12,22:00,22,6,N,0.36363636363636365,8,true
2023-12-13,12,23:00,24,6,N,0.3333333333333333,10,true
2023-12-14,12,20:00,18,1,N,1.0,0,false
2023-12-14,12,21:00,20,2,N,0.9,2,true
2023-12-14,12,22:00,22,4,N,0.8181818181818182,4,true
2023-12-14,12,23:00,24,4,N,0.75,6,true
2023-12-15,12,20:00,18,1,N,1.0,0,false
2023-12-15,12,21:00,20,1,N,1.0,0,false
2023-12-15,12,22:00,22,1,N,1.0,0,false
2023-12-15,12,23:00,24,1,N,1.0,0,false
2023-12-16,12,20:00,18,1,N,1.0,0,false
2023-12-16,12,21:00,20,1,N,1.0,0,false
2023-12-16,12,22:00,22,1,N,1.0,0,false
2023-12-16,12,23:00,24,1,N,1.0,0,false
2023-12-17,12,20:00,18,1,N,1.0,0,false
2023-12-17,12,21:00,20,1,N,1.0,0,false
2023-12-17,12,22:00,22,1,N,1.0,0,false
2023-12-17,12,23:00,24,1,N,1.0,0,false
2023-12-18,12,20:00,18,3,S,0.6111111111111112,13,true
2023-12-18,12,21:00,20,3,S,0.65,15,true
2023-12-18,12,22:00,22,3,S,0.6818181818181818,17,true
2023-12-18,12,23:00,24,3,S,0.7083333333333334,19,true
2023-12-19,12,20:00,18,5,S,0.5,11,true
2023-12-19,12,21:00,20,6,S,0.5,13,true
2023-12-19,12,22:00,22,7,S,0.45454545454545453,13,true
2023-12-19,12,23:00,24,7,S,0.4166666666666667,13,true
2023-12-20,12,20:00,18,1,N,1.0,0,false
2023-12-20,12,21:00,20,1,N,1.0,0,false
2023-12-20,12,22:00,22,1,N,1.0,0,false
2023-12-20,12,23:00,24,1,N,1.0,0,false
2023-12-21,12,20:00,18,1,N,1.0,0,false
2023-12-21,12,21:00,20,1,N,1.0,0,false
2023-12-21,12,22:00,22,1,N,1.0,0,false
2023-12-21,12,23:00,24,1,N,1.0,0,false
2023-12-22,12,20:00,18,2,S,0.7222222222222222,18,true
2023-12-22,12,21:00,20,2,S,0.75,20,true
2023-12-22,12,22:00,22,2,S,0.7727272727272727,22,true
2023-12-22,12,23:00,24,2,S,0.7916666666666666,24,true
2023-12-23,12,20:00,18,3,N,0.8333333333333334,0,true
2023-12-23,12,21:00,20,3,N,0.85,0,true
2023-12-23,12,22:00,22,3,N,0.8636363636363636,0,true
2023-12-23,12,23:00,24,3,N,0.875,0,true
2023-12-24,12,20:00,18,4,N,0.5555555555555556,2,true
2023-12-24,12,21:00,20,4,N,0.6,2,true
2023-12-24,12,22:00,22,4,N,0.6363636363636364,2,true
2023-12-24,12,23:00,24,4,N,0.6666666666666666,2,true
2023-12-25,12,20:00,18,2,N,0.8333333333333334,0,true
2023-12-25,12,21:00,20,2,N,0.85,0,true
2023-12-25,12,22:00,22,2,N,0.8636363636363636,0,true
2023-12-25,12,23:00,24,2,N,0.875,0,true
2023-12-26,12,20:00,18,1,N,1.0,0,false
2023-12-26,12,21:00,20,1,N,1.0,0,false
2023-12-26,12,22:00,22,1,N,1.0,0,false
2023-12-26,12,23:00,24,1,N,1.0,0,false
2023-12-27,12,20:00,18,2,S,0.8888888888888888,18,true
2023-12-27,12,21:00,20,2,S,0.8,20,true
2023-12-27,12,22:00,22,2,S,0.8181818181818182,22,true
2023-12-27,12,23:00,24,2,S,0.8333333333333334,24,true
2023-12-28,12,20:00,18,5,S,0.3333333333333333,10,true
2023-12-28,12,21:00,20,5,S,0.4,12,true
2023-12-28,12,22:00,22,5,S,0.45454545454545453,14,true
2023-12-28,12,23:00,24,5,S,0.5,16,true
2023-12-29,12,20:00,18,1,N,1.0,0,false
2023-12-29,12,21:00,20,1,N,1.0,0,false
2023-12-29,12,22:00,22,1,N,1.0,0,false
2023-12-29,12,23:00,24,1,N,1.0,0,false
2023-12-30,12,20:00,18,2,N,0.9444444444444444,0,true
2023-12-30,12,21:00,20,2,N,0.95,0,true
2023-12-30,12,22:00,22,2,N,0.9545454545454546,0,true
2023-12-30,12,23:00,24,2,N,0.9583333333333334,0,true
2023-12-31,12,20:00,18,1,N,1.0,0,false
2023-12-31,12,21:00,20,1,N,1.0,0,false
2023-12-31,12,22:00,22,1,N,1.0,0,false
2023-12-31,12,23:00,24,1,N,1.0,0,false
2024-01-01,1,20:00,18,4,S,0.5,16,true
2024-01-01,1,21:00,20,4,S,0.55,18,true
2024-01-01,1,22:00,22,4,S,0.5,20,true
2024-01-01,1,23:00,24,4,S,0.5416666666666666,22,true
2024-01-02,1,20:00,18,2,N,0.9444444444444444,0,true
2024-01-02,1,21:00,20,2,N,0.95,0,true
2024-01-02,1,22:00,22,2,N,0.9545454545454546,0,true
2024-01-02,1,23:00,24,2,N,0.9583333333333334,0,true
2024-01-03,1,20:00,18,3,N,0.5,1,true
2024-01-03,1,21:00,20,4,N,0.45,3,true
2024-01-03,1,22:00,22,4,N,0.4090909090909091,5,true
2024-01-03,1,23:00,24,4,N,0.375,7,true
2024-01-04,1,20:00,18,1,N,1.0,0,false
2024-01-04,1,21:00,20,1,N,1.0,0,false
2024-01-04,1,22:00,22,1,N,1.0,0,false
2024-01-04,1,23:00,24,1,N,1.0,0,false
2024-01-05,1,20:00,18,1,N,1.0,0,false
2024-01-05,1,21:00,20,1,N,1.0,0,false
2024-01-05,1,22:00,22,1,N,1.0,0,false
2024-01-05,1,23:00,24,2,N,0.9583333333333334,0,true
2024-01-06,1,20:00,18,5,S,0.6111111111111112,14,true
2024-01-06,1,21:00,20,5,S,0.65,16,true
2024-01-06,1,22:00,22,5,S,0.6363636363636364,18,true
2024-01-06,1,23:00,24,5,S,0.625,20,true
2024-01-07,1,20:00,18,5,N,0.3888888888888889,4,true
2024-01-07,1,21:00,20,6,N,0.4,4,true
2024-01-07,1,22:00,22,6,N,0.36363636363636365,5,true
2024-01-07,1,23:00,24,6,N,0.3333333333333333,7,true
2024-01-08,1,20:00,18,4,N,0.4444444444444444,0,true
2024-01-08,1,21:00,20,4,N,0.45,0,true
2024-01-08,1,22:00,22,4,N,0.5,0,true
2024-01-08,1,23:00,24,4,N,0.5416666666666666,0,true
2024-01-09,1,20:00,18,1,N,1.0,0,false
2024-01-09,1,21:00,20,1,N,1.0,0,false
2024-01-09,1,22:00,22,1,N,1.0,0,false
2024-01-09,1,23:00,24,1,N,1.0,0,false
2024-01-10,1,20:00,18,4,SW,0.5,15,true
2024-01-10,1,21:00,20,4,SW,0.5,17,true
2024-01-10,1,22:00,22,4,SW,0.45454545454545453,19,true
2024-01-10,1,23:00,24,4,S,0.4583333333333333,21,true
2024-01-11,1,20:00,18,1,N,1.0,0,false
2024-01-11,1,21:00,20,1,N,1.0,0,false
2024-01-11,1,22:00,22,1,N,1.0,0,false
2024-01-11,1,23:00,24,1,N,1.0,0,false
2024-01-12,1,20:00,18,1,N,1.0,0,false
2024-01-12,1,21:00,20,1,N,1.0,0,false
2024-01-12,1,22:00,22,1,N,1.0,0,false
2024-01-12,1,23:00,24,1,N,1.0,0,false
2024-01-13,1,20:00,18,1,N,1.0,0,false
2024-01-13,1,21:00,20,1,N,1.0,0,false
2024-01-13,1,22:00,22,1,N,1.0,0,false
2024-01-13,1,23:00,24,1,N,1.0,0,false
2024-01-14,1,20:00,18,1,N,1.0,0,false
2024-01-14,1,21:00,20,1,N,1.0,0,false
2024-01-14,1,22:00,22,1,N,1.0,0,false
2024-01-14,1,23:00,24,2,N,0.9583333333333334,0,true
2024-01-15,1,20:00,18,2,NW,0.5555555555555556,0,true
2024-01-15,1,21:00,20,2,NW,0.6,0,true
2024-01-15,1,22:00,22,2,NW,0.6363636363636364,0,true
2024-01-15,1,23:00,24,3,NW,0.5833333333333334,2,true
2024-01-16,1,20:00,18,6,NE,0.2777777777777778,8,true
2024-01-16,1,21:00,20,6,NE,0.25,10,true
2024-01-16,1,22:00,22,6,S,0.2727272727272727,12,true
2024-01-16,1,23:00,24,6,S,0.3333333333333333,14,true
2024-01-17,1,20:00,18,6,N,0.5555555555555556,5,true
2024-01-17,1,21:00,20,6,N,0.6,5,true
2024-01-17,1,22:00,22,6,N,0.6363636363636364,5,true
2024-01-17,1,23:00,24,6,N,0.6666666666666666,5,true
2024-01-18,1,20:00,18,2,S,0.5555555555555556,18,true
2024-01-18,1,21:00,20,2,S,0.6,20,true
2024-01-18,1,22:00,22,2,S,0.6363636363636364,22,true
2024-01-18,1,23:00,24,2,S,0.6666666666666666,24,true
2024-01-19,1,20:00,18,2,N,0.8333333333333334,0,true
2024-01-19,1,21:00,20,2,N,0.85,0,true
2024-01-19,1,22:00,22,2,N,0.8636363636363636,0,true
2024-01-19,1,23:00,24,2,N,0.875,0,true
2024-01-20,1,20:00,18,2,N,0.9444444444444444,0,true
2024-01-20,1,21:00,20,2,N,0.9,0,true
2024-01-20,1,22:00,22,2,N,0.9090909090909091,0,true
2024-01-20,1,23:00,24,2,N,0.8333333333333334,0,true
2024-01-21,1,20:00,18,1,N,1.0,0,false
2024-01-21,1,21:00,20,1,N,1.0,0,false
2024-01-21,1,22:00,22,1,N,1.0,0,false
2024-01-21,1,23:00,24,1,N,1.0,0,false
2024-01-22,1,20:00,18,1,N,1.0,0,false
2024-01-22,1,21:00,20,1,N,1.0,0,false
2024-01-22,1,22:00,22,1,N,1.0,0,false
2024-01-22,1,23:00,24,1,N,1.0,0,false
2024-01-23,1,20:00,18,2,N,0.8888888888888888,0,true
2024-01-23,1,21:00,20,2,N,0.9,0,true
2024-01-23,1,22:00,22,2,N,0.9090909090909091,0,true
2024-01-23,1,23:00,24,2,N,0.9166666666666666,0,true
2024-01-24,1,20:00,18,4,S,0.8333333333333334,17,true
2024-01-24,1,21:00,20,4,S,0.8,19,true
2024-01-24,1,22:00,22,4,S,0.7727272727272727,21,true
2024-01-24,1,23:00,24,4,S,0.7916666666666666,23,true
2024-01-25,1,20:00,18,5,N,0.3888888888888889,2,true
2024-01-25,1,21:00,20,5,N,0.35,4,true
2024-01-25,1,22:00,22,5,N,0.3181818181818182,6,true
2024-01-25,1,23:00,24,5,N,0.2916666666666667,8,true
2024-01-26,1,20:00,18,4,N,0.5555555555555556,0,true
2024-01-26,1,21:00,20,4,N,0.5,0,true
2024-01-26,1,22:00,22,4,N,0.5,0,true
2024-01-26,1,23:00,24,4,N,0.5416666666666666,0,true
2024-01-27,1,20:00,18,1,N,1.0,0,false
2024-01-27,1,21:00,20,1,N,1.0,0,false
2024-01-27,1,22:00,22,1,N,1.0,0,false
2024-01-27,1,23:00,24,1,N,1.0,0,false
2024-01-28,1,20:00,18,1,N,1.0,0,false
2024-01-28,1,21:00,20,1,N,1.0,0,false
2024-01-28,1,22:00,22,1,N,1.0,0,false
2024-01-28,1,23:00,24,1,N,1.0,0,false
2024-01-29,1,20:00,18,4,N,0.4444444444444444,4,true
2024-01-29,1,21:00,20,4,N,0.4,6,true
2024-01-29,1,22:00,22,4,N,0.36363636363636365,8,true
2024-01-29,1,23:00,24,4,S,0.4166666666666667,10,true
2024-01-30,1,20:00,18,1,S,1.0,18,false
2024-01-30,1,21:00,20,1,S,1.0,20,false
2024-01-30,1,22:00,22,1,S,1.0,22,false
2024-01-30,1,23:00,24,1,S,1.0,24,false
2024-01-31,1,20:00,18,2,S,0.9444444444444444,18,true
2024-01-31,1,21:00,20,2,S,0.95,20,true
2024-01-31,1,22:00,22,2,S,0.9545454545454546,22,true
2024-01-31,1,23:00,24,2,S,0.9583333333333334,24,true
2024-02-01,2,20:00,18,4,N,0.7222222222222222,3,true
2024-02-01,2,21:00,20,4,N,0.65,5,true
2024-02-01,2,22:00,22,4,N,0.5909090909090909,7,true
2024-02-01,2,23:00,24,4,N,0.5416666666666666,9,true
2024-02-02,2,20:00,18,2,N,0.8333333333333334,0,true
2024-02-02,2,21:00,20,2,N,0.85,0,true
2024-02-02,2,22:00,22,2,N,0.8636363636363636,0,true
2024-02-02,2,23:00,24,2,N,0.875,0,true
2024-02-03,2,20:00,18,2,NW,0.5555555555555556,0,true
2024-02-03,2,21:00,20,2,N,0.5,0,true
2024-02-03,2,22:00,22,2,N,0.5,0,true
2024-02-03,2,23:00,24,2,N,0.5,0,true
2024-02-04,2,20:00,18,4,S,0.4444444444444444,9,true
2024-02-04,2,21:00,20,4,S,0.4,9,true
2024-02-04,2,22:00,22,4,N,0.4090909090909091,9,true
2024-02-04,2,23:00,24,4,N,0.4583333333333333,9,true
2024-02-05,2,20:00,18,2,N,0.9444444444444444,0,true
2024-02-05,2,21:00,20,2,N,0.95,0,true
2024-02-05,2,22:00,22,2,N,0.9545454545454546,0,true
2024-02-05,2,23:00,24,2,N,0.9583333333333334,0,true
2024-02-06,2,20:00,18,1,N,1.0,0,false
2024-02-06,2,21:00,20,1,N,1.0,0,false
2024-02-06,2,22:00,22,1,N,1.0,0,false
2024-02-06,2,23:00,24,1,N,1.0,0,false
2024-02-07,2,20:00,18,1,N,1.0,0,false
2024-02-07,2,21:00,20,1,N,1.0,0,false
2024-02-07,2,22:00,22,1,N,1.0,0,false
2024-02-07,2,23:00,24,1,N,1.0,0,false
2024-02-08,2,20:00,18,2,N,0.6111111111111112,0,true
2024-02-08,2,21:00,20,2,N,0.65,0,true
2024-02-08,2,22:00,22,2,N,0.6818181818181818,0,true
2024-02-08,2,23:00,24,2,N,0.7083333333333334,0,true
2024-02-09,2,20:00,18,2,SE,0.8333333333333334,18,true
2024-02-09,2,21:00,20,2,SE,0.8,20,true
2024-02-09,2,22:00,22,3,SE,0.7272727272727273,20,true
2024-02-09,2,23:00,24,3,SE,0.6666666666666666,20,true
2024-02-10,2,20:00,18,1,N,1.0,0,false
2024-02-10,2,21:00,20,1,N,1.0,0,false
2024-02-10,2,22:00,22,1,N,1.0,0,false
2024-02-10,2,23:00,24,1,N,1.0,0,false
2024-02-11,2,20:00,18,2,S,0.9444444444444444,18,true
2024-02-11,2,21:00,20,2,S,0.95,20,true
2024-02-11,2,22:00,22,2,S,0.9545454545454546,22,true
2024-02-11,2,23:00,24,2,S,0.9583333333333334,24,true
2024-02-12,2,20:00,18,4,N,0.3333333333333333,6,true
2024-02-12,2,21:00,20,4,NE,0.35,6,true
2024-02-12,2,22:00,22,4,NE,0.36363636363636365,6,true
2024-02-12,2,23:00,24,4,N,0.375,6,true
2024-02-13,2,20:00,18,2,N,0.5,0,true
2024-02-13,2,21:00,20,2,N,0.5,0,true
2024-02-13,2,22:00,22,2,N,0.5454545454545454,0,true
2024-02-13,2,23:00,24,2,N,0.5833333333333334,0,true
2024-02-14,2,20:00,18,1,N,1.0,0,false
2024-02-14,2,21:00,20,1,N,1.0,0,false
2024-02-14,2,22:00,22,1,N,1.0,0,false
2024-02-14,2,23:00,24,1,N,1.0,0,false
2024-02-15,2,20:00,18,1,N,1.0,0,false
2024-02-15,2,21:00,20,1,N,1.0,0,false
2024-02-15,2,22:00,22,1,N,1.0,0,false
2024-02-15,2,23:00,24,1,N,1.0,0,false
2024-02-16,2,20:00,18,1,N,1.0,0,false
2024-02-16,2,21:00,20,1,N,1.0,0,false
2024-02-16,2,22:00,22,1,N,1.0,0,false
2024-02-16,2,23:00,24,1,N,1.0,0,false
2024-02-17,2,20:00,18,2,N,0.8888888888888888,0,true
2024-02-17,2,21:00,20,2,N,0.9,0,true
2024-02-17,2,22:00,22,2,N,0.9090909090909091,0,true
2024-02-17,2,23:00,24,2,N,0.9166666666666666,0,true
2024-02-18,2,20:00,18,1,N,1.0,0,false
2024-02-18,2,21:00,20,1,N,1.0,0,false
2024-02-18,2,22:00,22,1,N,1.0,0,false
2024-02-18,2,23:00,24,1,N,1.0,0,false
2024-02-19,2,20:00,18,2,N,0.9444444444444444,0,true
2024-02-19,2,21:00,20,2,N,0.85,0,true
2024-02-19,2,22:00,22,2,N,0.8636363636363636,0,true
2024-02-19,2,23:00,24,2,N,0.875,0,true
2024-02-20,2,20:00,18,6,S,0.5,11,true
2024-02-20,2,21:00,20,6,S,0.55,13,true
2024-02-20,2,22:00,22,6,S,0.5909090909090909,15,true
2024-02-20,2,23:00,24,6,S,0.625,17,true
2024-02-21,2,20:00,18,3,NE,0.5555555555555556,0,true
2024-02-21,2,21:00,20,4,NE,0.5,0,true
2024-02-21,2,22:00,22,5,NE,0.45454545454545453,2,true
2024-02-21,2,23:00,24,5,NE,0.4166666666666667,4,true
2024-02-22,2,20:00,18,4,N,0.6111111111111112,1,true
2024-02-22,2,21:00,20,4,N,0.65,1,true
2024-02-22,2,22:00,22,4,N,0.6818181818181818,1,true
2024-02-22,2,23:00,24,5,N,0.625,3,true
2024-02-23,2,20:00,18,2,N,0.9444444444444444,0,true
2024-02-23,2,21:00,20,2,N,0.9,0,true
2024-02-23,2,22:00,22,2,N,0.9090909090909091,0,true
2024-02-23,2,23:00,24,2,N,0.9166666666666666,0,true
2024-02-24,2,20:00,18,1,N,1.0,0,false
2024-02-24,2,21:00,20,1,N,1.0,0,false
2024-02-24,2,22:00,22,1,N,1.0,0,false
2024-02-24,2,23:00,24,1,N,1.0,0,false
2024-02-25,2,20:00,18,4,N,0.3888888888888889,6,true
2024-02-25,2,21:00,20,4,N,0.35,8,true
2024-02-25,2,22:00,22,4,N,0.3181818181818182,10,true
2024-02-25,2,23:00,24,4,S,0.3333333333333333,12,true
2024-02-26,2,20:00,18,3,N,0.6111111111111112,0,true
2024-02-26,2,21:00,20,3,N,0.6,0,true
2024-02-26,2,22:00,22,3,N,0.5909090909090909,0,true
2024-02-26,2,23:00,24,3,N,0.625,0,true
2024-02-27,2,20:00,18,1,N,1.0,0,false
2024-02-27,2,21:00,20,1,N,1.0,0,false
2024-02-27,2,22:00,22,1,N,1.0,0,false
2024-02-27,2,23:00,24,1,N,1.0,0,false
2024-02-28,2,20:00,18,3,S,0.5,17,true
2024-02-28,2,21:00,20,3,SW,0.5,19,true
2024-02-28,2,22:00,22,3,SW,0.5454545454545454,21,true
2024-02-28,2,23:00,24,3,SW,0.5416666666666666,23,true
2024-02-29,2,20:00,18,2,S,0.8888888888888888,18,true
2024-02-29,2,21:00,20,2,S,0.8,20,true
2024-02-29,2,22:00,22,2,S,0.7727272727272727,22,true
2024-02-29,2,23:00,24,2,S,0.7916666666666666,24,true
2024-03-01,3,20:00,18,5,N,0.4444444444444444,4,true
2024-03-01,3,21:00,20,5,N,0.4,4,true
2024-03-01,3,22:00,22,5,N,0.4090909090909091,4,true
2024-03-01,3,23:00,24,5,N,0.4583333333333333,4,true
2024-03-02,3,20:00,18,1,N,1.0,0,false
2024-03-02,3,21:00,20,1,N,1.0,0,false
2024-03-02,3,22:00,22,1,N,1.0,0,false
2024-03-02,3,23:00,24,1,N,1.0,0,false
2024-03-03,3,20:00,18,2,N,0.9444444444444444,0,true
2024-03-03,3,21:00,20,2,N,0.85,0,true
2024-03-03,3,22:00,22,2,N,0.8181818181818182,0,true
2024-03-03,3,23:00,24,4,N,0.75,2,true
2024-03-04,3,20:00,18,1,N,1.0,0,false
2024-03-04,3,21:00,20,1,N,1.0,0,false
2024-03-04,3,22:00,22,1,N,1.0,0,false
2024-03-04,3,23:00,24,1,N,1.0,0,false
2024-03-05,3,20:00,18,2,NW,0.9444444444444444,1,true
2024-03-05,3,21:00,20,3,NW,0.9,1,true
2024-03-05,3,22:00,22,3,NW,0.9090909090909091,1,true
2024-03-05,3,23:00,24,3,NW,0.875,1,true
2024-03-06,3,20:00,18,1,S,1.0,18,false
2024-03-06,3,21:00,20,1,S,1.0,20,false
2024-03-06,3,22:00,22,1,S,1.0,22,false
2024-03-06,3,23:00,24,1,S,1.0,24,false
2024-03-07,3,20:00,18,2,NE,0.8333333333333334,0,true
2024-03-07,3,21:00,20,2,NE,0.75,0,true
2024-03-07,3,22:00,22,2,NE,0.6818181818181818,0,true
2024-03-07,3,23:00,24,2,NE,0.625,0,true
2024-03-08,3,20:00,18,4,N,0.5555555555555556,4,true
2024-03-08,3,21:00,20,4,N,0.5,6,true
2024-03-08,3,22:00,22,4,N,0.45454545454545453,8,true
2024-03-08,3,23:00,24,4,N,0.4166666666666667,10,true
2024-03-09,3,20:00,18,1,N,1.0,0,false
2024-03-09,3,21:00,20,2,N,0.95,0,true
2024-03-09,3,22:00,22,2,N,0.9545454545454546,0,true
2024-03-09,3,23:00,24,3,N,0.9166666666666666,1,true
2024-03-10,3,20:00,18,5,SE,0.4444444444444444,11,true
2024-03-10,3,21:00,20,5,SE,0.4,11,true
2024-03-10,3,22:00,22,5,SE,0.36363636363636365,11,true
2024-03-10,3,23:00,24,5,SE,0.3333333333333333,11,true
2024-03-11,3,20:00,18,1,N,1.0,0,false
2024-03-11,3,21:00,20,1,N,1.0,0,false
2024-03-11,3,22:00,22,1,N,1.0,0,false
2024-03-11,3,23:00,24,1,N,1.0,0,false
2024-03-12,3,20:00,18,5,S,0.5,16,true
2024-03-12,3,21:00,20,6,S,0.45,16,true
2024-03-12,3,22:00,22,7,S,0.4090909090909091,16,true
2024-03-12,3,23:00,24,7,S,0.375,16,true
2024-03-13,3,20:00,18,2,N,0.8888888888888888,0,true
2024-03-13,3,21:00,20,4,N,0.8,1,true
2024-03-13,3,22:00,22,5,N,0.7272727272727273,3,true
2024-03-13,3,23:00,24,5,N,0.6666666666666666,5,true
2024-03-14,3,20:00,18,6,N,0.3888888888888889,9,true
2024-03-14,3,21:00,20,6,N,0.4,9,true
2024-03-14,3,22:00,22,7,N,0.4090909090909091,9,true
2024-03-14,3,23:00,24,7,N,0.4583333333333333,9,true
2024-03-15,3,20:00,18,1,N,1.0,0,false
2024-03-15,3,21:00,20,1,N,1.0,0,false
2024-03-15,3,22:00,22,1,N,1.0,0,false
2024-03-15,3,23:00,24,1,N,1.0,0,false
2024-03-16,3,20:00,18,1,S,1.0,18,false
2024-03-16,3,21:00,20,1,S,1.0,20,false
2024-03-16,3,22:00,22,1,S,1.0,22,false
2024-03-16,3,23:00,24,1,S,1.0,24,false
2024-03-17,3,20:00,18,2,N,0.5,0,true
2024-03-17,3,21:00,20,2,NE,0.55,0,true
2024-03-17,3,22:00,22,2,NE,0.5909090909090909,0,true
2024-03-17,3,23:00,24,2,NE,0.5416666666666666,0,true
2024-03-18,3,20:00,18,3,N,0.6111111111111112,3,true
2024-03-18,3,21:00,20,4,N,0.55,5,true
2024-03-18,3,22:00,22,4,N,0.5,7,true
2024-03-18,3,23:00,24,4,N,0.4583333333333333,9,true
2024-03-19,3,20:00,18,1,S,1.0,18,false
2024-03-19,3,21:00,20,1,S,1.0,20,false
2024-03-19,3,22:00,22,1,S,1.0,22,false
2024-03-19,3,23:00,24,1,S,1.0,24,false
2024-03-20,3,20:00,18,4,SE,0.6111111111111112,13,true
2024-03-20,3,21:00,20,4,SE,0.65,15,true
2024-03-20,3,22:00,22,4,SE,0.6818181818181818,17,true
2024-03-20,3,23:00,24,4,SE,0.625,19,true
2024-03-21,3,20:00,18,2,N,0.5555555555555556,0,true
2024-03-21,3,21:00,20,2,N,0.55,0,true
2024-03-21,3,22:00,22,2,N,0.5454545454545454,0,true
2024-03-21,3,23:00,24,2,N,0.5833333333333334,0,true
2024-03-22,3,20:00,18,2,N,0.8333333333333334,0,true
2024-03-22,3,21:00,20,2,N,0.8,0,true
2024-03-22,3,22:00,22,2,N,0.8181818181818182,0,true
2024-03-22,3,23:00,24,2,N,0.8333333333333334,0,true
2024-03-23,3,20:00,18,6,S,0.2777777777777778,11,true
2024-03-23,3,21:00,20,6,NE,0.25,11,true
2024-03-23,3,22:00,22,6,NE,0.2727272727272727,11,true
2024-03-23,3,23:00,24,6,NE,0.2916666666666667,12,true
2024-03-24,3,20:00,18,4,N,0.5,5,true
2024-03-24,3,21:00,20,4,N,0.45,7,true
2024-03-24,3,22:00,22,4,N,0.4090909090909091,9,true
2024-03-24,3,23:00,24,4,N,0.4166666666666667,9,true
2024-03-25,3,20:00,18,2,N,0.7777777777777778,0,true
2024-03-25,3,21:00,20,2,N,0.8,0,true
2024-03-25,3,22:00,22,2,N,0.8181818181818182,0,true
2024-03-25,3,23:00,24,2,N,0.8333333333333334,0,true
2024-03-26,3,20:00,18,2,NW,0.7222222222222222,0,true
2024-03-26,3,21:00,20,2,NW,0.7,0,true
2024-03-26,3,22:00,22,2,NW,0.7272727272727273,0,true
2024-03-26,3,23:00,24,2,NW,0.75,0,true
2024-03-27,3,20:00,18,1,N,1.0,0,false
2024-03-27,3,21:00,20,2,N,0.95,0,true
2024-03-27,3,22:00,22,2,N,0.9090909090909091,0,true
2024-03-27,3,23:00,24,2,N,0.8333333333333334,0,true
2024-03-28,3,20:00,18,3,N,0.6666666666666666,0,true
2024-03-28,3,21:00,20,3,N,0.7,0,true
2024-03-28,3,22:00,22,3,N,0.7272727272727273,0,true
2024-03-28,3,23:00,24,3,N,0.7083333333333334,0,true
2024-03-29,3,20:00,18,4,SE,0.6111111111111112,11,true
2024-03-29,3,21:00,20,4,SE,0.55,11,true
2024-03-29,3,22:00,22,4,SE,0.5,11,true
2024-03-29,3,23:00,24,5,SE,0.4583333333333333,13,true
2024-03-30,3,20:00,18,2,S,0.9444444444444444,18,true
2024-03-30,3,21:00,20,2,S,0.95,20,true
2024-03-30,3,22:00,22,2,S,0.9545454545454546,22,true
2024-03-30,3,23:00,24,2,S,0.9583333333333334,24,true
2024-03-31,3,20:00,18,2,S,0.9444444444444444,18,true
2024-03-31,3,21:00,20,2,S,0.95,20,true
2024-03-31,3,22:00,22,2,S,0.9545454545454546,22,true
2024-03-31,3,23:00,24,2,S,0.9583333333333334,24,true
2024-04-01,4,20:00,18,2,S,0.9444444444444444,18,true
2024-04-01,4,21:00,20,2,S,0.9,20,true
2024-04-01,4,22:00,22,3,S,0.8181818181818182,21,true
2024-04-01,4,23:00,24,4,S,0.7916666666666666,22,true
2024-04-02,4,20:00,18,3,N,0.7777777777777778,2,true
2024-04-02,4,21:00,20,3,N,0.7,2,true
2024-04-02,4,22:00,22,3,N,0.6363636363636364,3,true
2024-04-02,4,23:00,24,3,N,0.5833333333333334,5,true
2024-04-03,4,20:00,18,2,N,0.6666666666666666,0,true
2024-04-03,4,21:00,20,2,N,0.65,0,true
2024-04-03,4,22:00,22,2,N,0.6818181818181818,0,true
2024-04-03,4,23:00,24,2,N,0.7083333333333334,0,true
2024-04-04,4,20:00,18,1,N,1.0,0,false
2024-04-04,4,21:00,20,1,N,1.0,0,false
2024-04-04,4,22:00,22,1,N,1.0,0,false
2024-04-04,4,23:00,24,1,N,1.0,0,false
2024-04-05,4,20:00,18,1,S,1.0,18,false
2024-04-05,4,21:00,20,1,S,1.0,20,false
2024-04-05,4,22:00,22,1,S,1.0,22,false
2024-04-05,4,23:00,24,1,S,1.0,24,false
2024-04-06,4,20:00,18,4,NE,0.7777777777777778,1,true
2024-04-06,4,21:00,20,4,NE,0.75,1,true
2024-04-06,4,22:00,22,4,NE,0.6818181818181818,1,true
2024-04-06,4,23:00,24,5,NE,0.625,3,true
2024-04-07,4,20:00,18,5,NE,0.2777777777777778,5,true
2024-04-07,4,21:00,20,5,NE,0.3,5,true
2024-04-07,4,22:00,22,5,NE,0.2727272727272727,5,true
2024-04-07,4,23:00,24,6,NE,0.25,7,true
2024-04-08,4,20:00,16,2,N,0.8125,0,true
2024-04-08,4,21:00,18,2,N,0.8333333333333334,0,true
2024-04-08,4,22:00,20,2,N,0.85,0,true
2024-04-08,4,23:00,22,2,N,0.8636363636363636,0,true
2024-04-09,4,20:00,16,1,N,1.0,0,false
2024-04-09,4,21:00,18,1,N,1.0,0,false
2024-04-09,4,22:00,20,1,N,1.0,0,false
2024-04-09,4,23:00,22,1,N,1.0,0,false
2024-04-10,4,20:00,16,1,N,1.0,0,false
2024-04-10,4,21:00,18,1,N,1.0,0,false
2024-04-10,4,22:00,20,1,N,1.0,0,false
2024-04-10,4,23:00,22,1,N,1.0,0,false
2024-04-11,4,20:00,16,1,N,1.0,0,false
2024-04-11,4,21:00,18,1,N,1.0,0,false
2024-04-11,4,22:00,20,1,N,1.0,0,false
2024-04-11,4,23:00,22,1,N,1.0,0,false
2024-04-12,4,20:00,16,1,N,1.0,0,false
2024-04-12,4,21:00,18,1,N,1.0,0,false
2024-04-12,4,22:00,20,1,N,1.0,0,false
2024-04-12,4,23:00,22,2,N,0.9090909090909091,2,true
2024-04-13,4,20:00,16,5,S,0.6875,12,true
2024-04-13,4,21:00,18,5,S,0.6111111111111112,12,true
2024-04-13,4,22:00,20,6,S,0.55,12,true
2024-04-13,4,23:00,22,6,S,0.5,12,true
2024-04-14,4,20:00,16,1,S,1.0,16,false
2024-04-14,4,21:00,18,1,S,1.0,18,false
2024-04-14,4,22:00,20,1,S,1.0,20,false
2024-04-14,4,23:00,22,1,S,1.0,22,false
2024-04-15,4,20:00,16,2,N,0.6875,0,true
2024-04-15,4,21:00,18,2,N,0.6666666666666666,0,true
2024-04-15,4,22:00,20,2,N,0.7,0,true
2024-04-15,4,23:00,22,2,N,0.7272727272727273,0,true
2024-04-16,4,20:00,16,2,NE,0.75,0,true
2024-04-16,4,21:00,18,2,NE,0.6666666666666666,0,true
2024-04-16,4,22:00,20,2,NE,0.6,0,true
2024-04-16,4,23:00,22,2,NE,0.5454545454545454,0,true
2024-04-17,4,20:00,16,2,N,0.625,0,true
2024-04-17,4,21:00,18,2,N,0.6111111111111112,0,true
2024-04-17,4,22:00,20,2,N,0.65,0,true
2024-04-17,4,23:00,22,3,N,0.6363636363636364,1,true
2024-04-18,4,20:00,16,2,N,0.625,0,true
2024-04-18,4,21:00,18,2,N,0.6666666666666666,0,true
2024-04-18,4,22:00,20,2,N,0.7,0,true
2024-04-18,4,23:00,22,2,N,0.7272727272727273,0,true
2024-04-19,4,20:00,16,1,N,1.0,0,false
2024-04-19,4,21:00,18,1,N,1.0,0,false
2024-04-19,4,22:00,20,1,N,1.0,0,false
2024-04-19,4,23:00,22,1,N,1.0,0,false
2024-04-20,4,20:00,16,3,N,0.8125,0,true
2024-04-20,4,21:00,18,3,N,0.7777777777777778,0,true
2024-04-20,4,22:00,20,3,N,0.75,0,true
2024-04-20,4,23:00,22,3,N,0.7727272727272727,0,true
2024-04-21,4,20:00,16,7,NE,0.5625,2,true
2024-04-21,4,21:00,18,8,NE,0.5,4,true
2024-04-21,4,22:00,20,8,NE,0.45,6,true
2024-04-21,4,23:00,22,8,NE,0.4090909090909091,8,true
2024-04-22,4,20:00,16,2,N,0.5625,0,true
2024-04-22,4,21:00,18,2,N,0.6111111111111112,0,true
2024-04-22,4,22:00,20,2,N,0.65,0,true
2024-04-22,4,23:00,22,3,N,0.5909090909090909,2,true
2024-04-23,4,20:00,16,3,S,0.625,15,true
2024-04-23,4,21:00,18,4,S,0.5555555555555556,15,true
2024-04-23,4,22:00,20,4,S,0.5,15,true
2024-04-23,4,23:00,22,4,S,0.45454545454545453,15,true
2024-04-24,4,20:00,16,1,N,1.0,0,false
2024-04-24,4,21:00,18,1,N,1.0,0,false
2024-04-24,4,22:00,20,1,N,1.0,0,false
2024-04-24,4,23:00,22,1,N,1.0,0,false
2024-04-25,4,20:00,16,1,N,1.0,0,false
2024-04-25,4,21:00,18,1,N,1.0,0,false
2024-04-25,4,22:00,20,1,N,1.0,0,false
2024-04-25,4,23:00,22,1,N,1.0,0,false
2024-04-26,4,20:00,16,2,N,0.8125,0,true
2024-04-26,4,21:00,18,2,N,0.8333333333333334,0,true
2024-04-26,4,22:00,20,2,N,0.85,0,true
2024-04-26,4,23:00,22,2,N,0.8181818181818182,0,true
2024-04-27,4,20:00,16,4,NE,0.4375,3,true
2024-04-27,4,21:00,18,4,NE,0.5,3,true
2024-04-27,4,22:00,20,4,NE,0.45,3,true
2024-04-27,4,23:00,22,4,NE,0.5,3,true
2024-04-28,4,20:00,16,2,N,0.75,0,true
2024-04-28,4,21:00,18,2,N,0.7222222222222222,0,true
2024-04-28,4,22:00,20,2,N,0.75,0,true
2024-04-28,4,23:00,22,2,N,0.7727272727272727,0,true
2024-04-29,4,20:00,16,2,N,0.6875,0,true
2024-04-29,4,21:00,18,2,N,0.7222222222222222,0,true
2024-04-29,4,22:00,20,2,N,0.75,0,true
2024-04-29,4,23:00,22,2,N,0.7727272727272727,0,true
2024-04-30,4,20:00,16,2,NE,0.9375,0,true
2024-04-30,4,21:00,18,2,NE,0.8333333333333334,0,true
2024-04-30,4,22:00,20,2,NE,0.75,0,true
2024-04-30,4,23:00,22,2,NE,0.6818181818181818,0,true
2024-05-01,5,20:00,16,1,N,1.0,0,false
2024-05-01,5,21:00,18,1,N,1.0,0,false
2024-05-01,5,22:00,20,1,N,1.0,0,false
2024-05-01,5,23:00,22,1,N,1.0,0,false
2024-05-02,5,20:00,16,1,S,1.0,16,false
2024-05-02,5,21:00,18,1,S,1.0,18,false
2024-05-02,5,22:00,20,1,S,1.0,20,false
2024-05-02,5,23:00,22,1,S,1.0,22,false
2024-05-03,5,20:00,16,3,N,0.5,0,true
2024-05-03,5,21:00,18,3,N,0.5555555555555556,0,true
2024-05-03,5,22:00,20,3,N,0.5,0,true
2024-05-03,5,23:00,22,4,N,0.5,1,true
2024-05-04,5,20:00,16,4,N,0.5625,2,true
2024-05-04,5,21:00,18,4,N,0.5555555555555556,2,true
2024-05-04,5,22:00,20,4,N,0.55,2,true
2024-05-04,5,23:00,22,4,N,0.5,2,true
2024-05-05,5,20:00,16,1,NE,1.0,0,false
2024-05-05,5,21:00,18,1,NE,1.0,0,false
2024-05-05,5,22:00,20,2,NE,0.9,0,true
2024-05-05,5,23:00,22,2,NE,0.8636363636363636,0,true
2024-05-06,5,20:00,16,2,N,0.9375,0,true
2024-05-06,5,21:00,18,2,N,0.8888888888888888,0,true
2024-05-06,5,22:00,20,2,N,0.9,0,true
2024-05-06,5,23:00,22,2,N,0.9090909090909091,0,true
2024-05-07,5,20:00,16,1,S,1.0,16,false
2024-05-07,5,21:00,18,1,S,1.0,18,false
2024-05-07,5,22:00,20,1,S,1.0,20,false
2024-05-07,5,23:00,22,1,S,1.0,22,false
2024-05-08,5,20:00,16,2,NE,0.9375,0,true
2024-05-08,5,21:00,18,2,NE,0.9444444444444444,0,true
2024-05-08,5,22:00,20,2,NE,0.85,0,true
2024-05-08,5,23:00,22,2,NE,0.8636363636363636,0,true
2024-05-09,5,20:00,16,1,S,1.0,16,false
2024-05-09,5,21:00,18,1,S,1.0,18,false
2024-05-09,5,22:00,20,1,S,1.0,20,false
2024-05-09,5,23:00,22,1,S,1.0,22,false
2024-05-10,5,20:00,16,5,S,0.5,9,true
2024-05-10,5,21:00,18,5,S,0.4444444444444444,9,true
2024-05-10,5,22:00,20,5,S,0.4,9,true
2024-05-10,5,23:00,22,5,S,0.36363636363636365,9,true
2024-05-11,5,20:00,16,1,S,1.0,16,false
2024-05-11,5,21:00,18,1,S,1.0,18,false
2024-05-11,5,22:00,20,1,S,1.0,20,false
2024-05-11,5,23:00,22,1,S,1.0,22,false
2024-05-12,5,20:00,16,3,NE,0.625,0,true
2024-05-12,5,21:00,18,3,NE,0.5555555555555556,0,true
2024-05-12,5,22:00,20,3,NE,0.55,0,true
2024-05-12,5,23:00,22,3,NE,0.5,0,true
2024-05-13,5,20:00,16,6,S,0.3125,9,true
2024-05-13,5,21:00,18,6,S,0.3888888888888889,11,true
2024-05-13,5,22:00,20,6,S,0.45,13,true
2024-05-13,5,23:00,22,6,S,0.5,15,true
2024-05-14,5,20:00,16,3,N,0.625,0,true
2024-05-14,5,21:00,18,3,N,0.6666666666666666,0,true
2024-05-14,5,22:00,20,3,N,0.7,0,true
2024-05-14,5,23:00,22,3,N,0.7272727272727273,0,true
2024-05-15,5,20:00,16,3,N,0.8125,0,true
2024-05-15,5,21:00,18,3,N,0.8333333333333334,0,true
2024-05-15,5,22:00,20,3,N,0.8,0,true
2024-05-15,5,23:00,22,3,N,0.7727272727272727,0,true
2024-05-16,5,20:00,16,7,N,0.3125,3,true
2024-05-16,5,21:00,18,7,NE,0.3888888888888889,3,true
2024-05-16,5,22:00,20,7,N,0.35,3,true
2024-05-16,5,23:00,22,7,N,0.4090909090909091,3,true
2024-05-17,5,20:00,16,4,S,0.4375,9,true
2024-05-17,5,21:00,18,4,S,0.3888888888888889,9,true
2024-05-17,5,22:00,20,4,N,0.35,9,true
2024-05-17,5,23:00,22,4,N,0.4090909090909091,9,true
2024-05-18,5,20:00,16,1,N,1.0,0,false
2024-05-18,5,21:00,18,1,N,1.0,0,false
2024-05-18,5,22:00,20,1,N,1.0,0,false
2024-05-18,5,23:00,22,1,N,1.0,0,false
2024-05-19,5,20:00,16,4,SE,0.5625,14,true
2024-05-19,5,21:00,18,6,SE,0.5,14,true
2024-05-19,5,22:00,20,6,SE,0.45,14,true
2024-05-19,5,23:00,22,6,SE,0.4090909090909091,14,true
2024-05-20,5,20:00,16,2,NE,0.875,0,true
2024-05-20,5,21:00,18,2,NE,0.8333333333333334,0,true
2024-05-20,5,22:00,20,2,NE,0.75,0,true
2024-05-20,5,23:00,22,2,NE,0.7272727272727273,0,true
2024-05-21,5,20:00,16,4,SE,0.5,13,true
2024-05-21,5,21:00,18,4,SE,0.5555555555555556,15,true
2024-05-21,5,22:00,20,4,SE,0.6,17,true
2024-05-21,5,23:00,22,4,SE,0.6363636363636364,19,true
2024-05-22,5,20:00,16,1,S,1.0,16,false
2024-05-22,5,21:00,18,1,S,1.0,18,false
2024-05-22,5,22:00,20,1,S,1.0,20,false
2024-05-22,5,23:00,22,1,S,1.0,22,false
2024-05-23,5,20:00,16,2,SE,0.8125,16,true
2024-05-23,5,21:00,18,2,SE,0.7777777777777778,18,true
2024-05-23,5,22:00,20,2,SE,0.75,20,true
2024-05-23,5,23:00,22,2,SE,0.7727272727272727,22,true
2024-05-24,5,20:00,16,2,N,0.5625,0,true
2024-05-24,5,21:00,18,2,N,0.5,0,true
2024-05-24,5,22:00,20,2,N,0.5,0,true
2024-05-24,5,23:00,22,3,N,0.5,0,true
2024-05-25,5,20:00,16,4,S,0.5625,9,true
2024-05-25,5,21:00,18,4,S,0.5,9,true
2024-05-25,5,22:00,20,4,S,0.45,9,true
2024-05-25,5,23:00,22,4,S,0.4090909090909091,9,true
2024-05-26,5,20:00,16,6,SE,0.4375,8,true
2024-05-26,5,21:00,18,6,SE,0.3888888888888889,8,true
2024-05-26,5,22:00,20,6,SE,0.35,8,true
2024-05-26,5,23:00,22,6,N,0.3181818181818182,8,true
2024-05-27,5,20:00,16,4,S,0.375,7,true
2024-05-27,5,21:00,18,4,N,0.3333333333333333,7,true
2024-05-27,5,22:00,20,4,N,0.35,7,true
2024-05-27,5,23:00,22,4,N,0.36363636363636365,7,true
2024-05-28,5,20:00,16,2,N,0.625,0,true
2024-05-28,5,21:00,18,2,N,0.6666666666666666,0,true
2024-05-28,5,22:00,20,3,N,0.65,0,true
2024-05-28,5,23:00,22,3,N,0.6818181818181818,0,true
2024-05-29,5,20:00,16,3,NE,0.625,0,true
2024-05-29,5,21:00,18,3,NE,0.5555555555555556,0,true
2024-05-29,5,22:00,20,3,NE,0.5,0,true
2024-05-29,5,23:00,22,3,NE,0.5,0,true
2024-05-30,5,20:00,16,2,S,0.875,16,true
2024-05-30,5,21:00,18,4,S,0.7777777777777778,16,true
2024-05-30,5,22:00,20,4,S,0.7,16,true
2024-05-30,5,23:00,22,4,S,0.6363636363636364,16,true
2024-05-31,5,20:00,16,2,N,0.875,0,true
2024-05-31,5,21:00,18,2,N,0.8888888888888888,0,true
2024-05-31,5,22:00,20,2,N,0.9,0,true
2024-05-31,5,23:00,22,2,N,0.9090909090909091,0,true
2024-06-01,6,20:00,16,1,N,1.0,0,false
2024-06-01,6,21:00,18,1,N,1.0,0,false
2024-06-01,6,22:00,20,1,N,1.0,0,false
2024-06-01,6,23:00,22,1,N,1.0,0,false
2024-06-02,6,20:00,16,5,S,0.4375,9,true
2024-06-02,6,21:00,18,5,S,0.5,11,true
2024-06-02,6,22:00,20,5,S,0.55,13,true
2024-06-02,6,23:00,22,5,S,0.5454545454545454,15,true
2024-06-03,6,20:00,16,1,N,1.0,0,false
2024-06-03,6,21:00,18,1,N,1.0,0,false
2024-06-03,6,22:00,20,1,N,1.0,0,false
2024-06-03,6,23:00,22,1,N,1.0,0,false
2024-06-04,6,20:00,16,1,S,1.0,16,false
2024-06-04,6,21:00,18,1,S,1.0,18,false
2024-06-04,6,22:00,20,1,S,1.0,20,false
2024-06-04,6,23:00,22,1,S,1.0,22,false
2024-06-05,6,20:00,16,2,S,0.8125,16,true
2024-06-05,6,21:00,18,2,S,0.8333333333333334,18,true
2024-06-05,6,22:00,20,3,S,0.75,20,true
2024-06-05,6,23:00,22,3,S,0.7272727272727273,22,true
2024-06-06,6,20:00,16,2,N,0.625,0,true
2024-06-06,6,21:00,18,2,N,0.6666666666666666,0,true
2024-06-06,6,22:00,20,2,N,0.7,0,true
2024-06-06,6,23:00,22,2,N,0.6818181818181818,0,true
2024-06-07,6,20:00,16,2,N,0.5,0,true
2024-06-07,6,21:00,18,2,N,0.5555555555555556,0,true
2024-06-07,6,22:00,20,2,N,0.6,0,true
2024-06-07,6,23:00,22,2,N,0.6363636363636364,0,true
2024-06-08,6,20:00,16,4,S,0.5625,9,true
2024-06-08,6,21:00,18,4,S,0.6111111111111112,11,true
2024-06-08,6,22:00,20,5,S,0.6,13,true
2024-06-08,6,23:00,22,5,S,0.6363636363636364,15,true
2024-06-09,6,20:00,16,2,N,0.9375,0,true
2024-06-09,6,21:00,18,2,N,0.9444444444444444,0,true
2024-06-09,6,22:00,20,2,N,0.95,0,true
2024-06-09,6,23:00,22,2,N,0.9545454545454546,0,true
2024-06-10,6,20:00,16,1,N,1.0,0,false
2024-06-10,6,21:00,18,2,N,0.8888888888888888,0,true
2024-06-10,6,22:00,20,2,N,0.9,0,true
2024-06-10,6,23:00,22,2,N,0.9090909090909091,0,true
2024-06-11,6,20:00,16,2,N,0.625,0,true
2024-06-11,6,21:00,18,2,N,0.6666666666666666,0,true
2024-06-11,6,22:00,20,2,N,0.7,0,true
2024-06-11,6,23:00,22,3,N,0.6818181818181818,0,true
2024-06-12,6,20:00,16,3,NE,0.5625,0,true
2024-06-12,6,21:00,18,3,NE,0.5555555555555556,0,true
2024-06-12,6,22:00,20,3,NE,0.55,0,true
2024-06-12,6,23:00,22,3,NE,0.5,0,true
2024-06-13,6,20:00,16,3,N,0.6875,0,true
2024-06-13,6,21:00,18,3,N,0.7222222222222222,0,true
2024-06-13,6,22:00,20,3,N,0.75,0,true
2024-06-13,6,23:00,22,3,N,0.7727272727272727,0,true
2024-06-14,6,20:00,16,5,N,0.5,1,true
2024-06-14,6,21:00,18,5,N,0.5,1,true
2024-06-14,6,22:00,20,5,N,0.45,1,true
2024-06-14,6,23:00,22,5,N,0.4090909090909091,1,true
2024-06-15,6,20:00,16,4,N,0.5625,0,true
2024-06-15,6,21:00,18,4,N,0.6111111111111112,0,true
2024-06-15,6,22:00,20,4,N,0.65,0,true
2024-06-15,6,23:00,22,4,N,0.6818181818181818,0,true
2024-06-16,6,20:00,16,3,N,0.75,0,true
2024-06-16,6,21:00,18,3,N,0.7777777777777778,0,true
2024-06-16,6,22:00,20,3,N,0.8,0,true
2024-06-16,6,23:00,22,3,N,0.8181818181818182,0,true
2024-06-17,6,20:00,16,5,N,0.3125,1,true
2024-06-17,6,21:00,18,5,N,0.3333333333333333,1,true
2024-06-17,6,22:00,20,5,NE,0.4,1,true
2024-06-17,6,23:00,22,5,N,0.36363636363636365,1,true
2024-06-18,6,20:00,16,1,S,1.0,16,false
2024-06-18,6,21:00,18,1,S,1.0,18,false
2024-06-18,6,22:00,20,2,S,0.95,20,true
2024-06-18,6,23:00,22,2,S,0.8636363636363636,22,true
2024-06-19,6,20:00,16,1,SE,1.0,16,false
2024-06-19,6,21:00,18,1,SE,1.0,18,false
2024-06-19,6,22:00,20,1,SE,1.0,20,false
2024-06-19,6,23:00,22,1,SE,1.0,22,false
2024-06-20,6,20:00,16,3,SE,0.75,14,true
2024-06-20,6,21:00,18,3,SE,0.7777777777777778,16,true
2024-06-20,6,22:00,20,3,SE,0.8,18,true
2024-06-20,6,23:00,22,3,SE,0.7727272727272727,20,true
2024-06-21,6,20:00,16,3,NE,0.4375,0,true
2024-06-21,6,21:00,18,3,NE,0.5,0,true
2024-06-21,6,22:00,20,3,NE,0.45,0,true
2024-06-21,6,23:00,22,3,NE,0.4090909090909091,0,true
2024-06-22,6,20:00,16,2,NE,0.6875,0,true
2024-06-22,6,21:00,18,2,NE,0.6111111111111112,0,true
2024-06-22,6,22:00,20,2,NE,0.55,0,true
2024-06-22,6,23:00,22,2,N,0.5,0,true
2024-06-23,6,20:00,16,2,N,0.8125,0,true
2024-06-23,6,21:00,18,2,N,0.8333333333333334,0,true
2024-06-23,6,22:00,20,2,N,0.85,0,true
2024-06-23,6,23:00,22,2,N,0.8636363636363636,0,true
2024-06-24,6,20:00,16,4,NE,0.4375,0,true
2024-06-24,6,21:00,18,4,NE,0.4444444444444444,0,true
2024-06-24,6,22:00,20,4,N,0.4,0,true
2024-06-24,6,23:00,22,4,NE,0.45454545454545453,0,true
2024-06-25,6,20:00,16,2,S,0.8125,16,true
2024-06-25,6,21:00,18,2,S,0.8333333333333334,18,true
2024-06-25,6,22:00,20,2,S,0.85,20,true
2024-06-25,6,23:00,22,2,S,0.8636363636363636,22,true
2024-06-26,6,20:00,16,2,SE,0.75,16,true
2024-06-26,6,21:00,18,2,SE,0.6666666666666666,18,true
2024-06-26,6,22:00,20,2,SE,0.6,20,true
2024-06-26,6,23:00,22,2,SE,0.5454545454545454,22,true
2024-06-27,6,20:00,16,2,SE,0.9375,16,true
2024-06-27,6,21:00,18,2,SE,0.9444444444444444,18,true
2024-06-27,6,22:00,20,2,SE,0.95,20,true
2024-06-27,6,23:00,22,2,SE,0.9545454545454546,22,true
2024-06-28,6,20:00,16,2,NE,0.6875,0,true
2024-06-28,6,21:00,18,2,NE,0.7222222222222222,0,true
2024-06-28,6,22:00,20,2,NE,0.75,0,true
2024-06-28,6,23:00,22,2,NE,0.6818181818181818,0,true
2024-06-29,6,20:00,16,1,N,1.0,0,false
2024-06-29,6,21:00,18,1,N,1.0,0,false
2024-06-29,6,22:00,20,2,N,0.95,0,true
2024-06-29,6,23:00,22,2,N,0.9090909090909091,0,true
2024-06-30,6,20:00,16,2,N,0.5,0,true
2024-06-30,6,21:00,18,2,N,0.5,0,true
2024-06-30,6,22:00,20,2,N,0.55,0,true
2024-06-30,6,23:00,22,2,N,0.5909090909090909,0,true
2024-07-01,7,20:00,16,1,N,1.0,0,false
2024-07-01,7,21:00,18,1,N,1.0,0,false
2024-07-01,7,22:00,20,1,N,1.0,0,false
2024-07-01,7,23:00,22,1,N,1.0,0,false
2024-07-02,7,20:00,16,3,N,0.5,1,true
2024-07-02,7,21:00,18,3,N,0.4444444444444444,3,true
2024-07-02,7,22:00,20,3,N,0.4,5,true
2024-07-02,7,23:00,22,3,N,0.36363636363636365,7,true
2024-07-03,7,20:00,16,1,S,1.0,16,false
2024-07-03,7,21:00,18,1,S,1.0,18,false
2024-07-03,7,22:00,20,1,S,1.0,20,false
2024-07-03,7,23:00,22,1,S,1.0,22,false
2024-07-04,7,20:00,16,1,S,1.0,16,false
2024-07-04,7,21:00,18,1,S,1.0,18,false
2024-07-04,7,22:00,20,1,S,1.0,20,false
2024-07-04,7,23:00,22,1,S,1.0,22,false
2024-07-05,7,20:00,16,2,N,0.6875,0,true
2024-07-05,7,21:00,18,2,N,0.7222222222222222,0,true
2024-07-05,7,22:00,20,2,N,0.75,0,true
2024-07-05,7,23:00,22,2,N,0.7727272727272727,0,true
2024-07-06,7,20:00,16,4,N,0.4375,0,true
2024-07-06,7,21:00,18,4,N,0.4444444444444444,0,true
2024-07-06,7,22:00,20,4,N,0.5,0,true
2024-07-06,7,23:00,22,4,N,0.5454545454545454,0,true
2024-07-07,7,20:00,16,2,NE,0.8125,0,true
2024-07-07,7,21:00,18,2,NE,0.7222222222222222,0,true
2024-07-07,7,22:00,20,2,NE,0.65,0,true
2024-07-07,7,23:00,22,2,NE,0.5909090909090909,0,true
2024-07-08,7,20:00,16,5,S,0.3125,7,true
2024-07-08,7,21:00,18,5,N,0.2777777777777778,7,true
2024-07-08,7,22:00,20,5,N,0.35,7,true
2024-07-08,7,23:00,22,5,N,0.4090909090909091,7,true
2024-07-09,7,20:00,16,3,NE,0.5,0,true
2024-07-09,7,21:00,18,3,NE,0.5,0,true
2024-07-09,7,22:00,20,3,N,0.45,0,true
2024-07-09,7,23:00,22,3,N,0.5,0,true
2024-07-10,7,20:00,16,2,N,0.625,0,true
2024-07-10,7,21:00,18,2,N,0.6666666666666666,0,true
2024-07-10,7,22:00,20,2,N,0.65,0,true
2024-07-10,7,23:00,22,2,N,0.5909090909090909,0,true
2024-07-11,7,20:00,16,1,S,1.0,16,false
2024-07-11,7,21:00,18,1,S,1.0,18,false
2024-07-11,7,22:00,20,1,S,1.0,20,false
2024-07-11,7,23:00,22,1,S,1.0,22,false
2024-07-12,7,20:00,16,1,S,1.0,16,false
2024-07-12,7,21:00,18,1,S,1.0,18,false
2024-07-12,7,22:00,20,1,S,1.0,20,false
2024-07-12,7,23:00,22,1,S,1.0,22,false
2024-07-13,7,20:00,16,2,S,0.6875,16,true
2024-07-13,7,21:00,18,2,S,0.6111111111111112,18,true
2024-07-13,7,22:00,20,2,S,0.6,20,true
2024-07-13,7,23:00,22,2,S,0.6363636363636364,22,true
2024-07-14,7,20:00,16,5,SE,0.4375,10,true
2024-07-14,7,21:00,18,5,SE,0.3888888888888889,12,true
2024-07-14,7,22:00,20,5,SE,0.4,14,true
2024-07-14,7,23:00,22,5,SE,0.36363636363636365,16,true
2024-07-15,7,20:00,16,5,N,0.375,1,true
2024-07-15,7,21:00,18,5,N,0.3888888888888889,2,true
2024-07-15,7,22:00,20,6,N,0.35,2,true
2024-07-15,7,23:00,22,6,N,0.36363636363636365,2,true
2024-07-16,7,20:00,16,7,E,0.25,6,true
2024-07-16,7,21:00,18,7,E,0.2222222222222222,6,true
2024-07-16,7,22:00,20,7,E,0.2,7,true
2024-07-16,7,23:00,22,7,N,0.22727272727272727,7,true
2024-07-17,7,20:00,16,2,NE,0.5625,0,true
2024-07-17,7,21:00,18,2,N,0.5,0,true
2024-07-17,7,22:00,20,2,N,0.55,0,true
2024-07-17,7,23:00,22,2,N,0.5909090909090909,0,true
2024-07-18,7,20:00,16,2,SW,0.625,16,true
2024-07-18,7,21:00,18,2,SW,0.5555555555555556,18,true
2024-07-18,7,22:00,20,2,S,0.5,20,true
2024-07-18,7,23:00,22,2,S,0.5,22,true
2024-07-19,7,20:00,16,2,N,0.6875,0,true
2024-07-19,7,21:00,18,2,N,0.6111111111111112,0,true
2024-07-19,7,22:00,20,2,N,0.65,0,true
2024-07-19,7,23:00,22,2,N,0.6818181818181818,0,true
2024-07-20,7,20:00,16,3,NE,0.5,0,true
2024-07-20,7,21:00,18,3,NE,0.5,0,true
2024-07-20,7,22:00,20,3,N,0.5,0,true
2024-07-20,7,23:00,22,3,N,0.5,0,true
2024-07-21,7,20:00,16,3,N,0.625,0,true
2024-07-21,7,21:00,18,3,N,0.6666666666666666,0,true
2024-07-21,7,22:00,20,3,N,0.7,0,true
2024-07-21,7,23:00,22,3,N,0.7272727272727273,0,true
2024-07-22,7,20:00,16,1,S,1.0,16,false
2024-07-22,7,21:00,18,1,S,1.0,18,false
2024-07-22,7,22:00,20,1,S,1.0,20,false
2024-07-22,7,23:00,22,1,S,1.0,22,false
2024-07-23,7,20:00,16,2,S,0.9375,16,true
2024-07-23,7,21:00,18,2,S,0.9444444444444444,18,true
2024-07-23,7,22:00,20,2,S,0.95,20,true
2024-07-23,7,23:00,22,2,S,0.9545454545454546,22,true
2024-07-24,7,20:00,16,3,SW,0.5625,12,true
2024-07-24,7,21:00,18,3,SW,0.5,12,true
2024-07-24,7,22:00,20,3,SW,0.45,12,true
2024-07-24,7,23:00,22,4,NE,0.4090909090909091,12,true
2024-07-25,7,20:00,16,2,N,0.625,0,true
2024-07-25,7,21:00,18,2,N,0.6666666666666666,0,true
2024-07-25,7,22:00,20,2,N,0.7,0,true
2024-07-25,7,23:00,22,2,N,0.7272727272727273,0,true
2024-07-26,7,20:00,16,3,NE,0.5,0,true
2024-07-26,7,21:00,18,3,NE,0.5,0,true
2024-07-26,7,22:00,20,3,NE,0.55,0,true
2024-07-26,7,23:00,22,3,NE,0.5,0,true
2024-07-27,7,20:00,16,1,N,1.0,0,false
2024-07-27,7,21:00,18,1,N,1.0,0,false
2024-07-27,7,22:00,20,1,N,1.0,0,false
2024-07-27,7,23:00,22,1,N,1.0,0,false
2024-07-28,7,20:00,16,1,N,1.0,0,false
2024-07-28,7,21:00,18,1,N,1.0,0,false
2024-07-28,7,22:00,20,1,N,1.0,0,false
2024-07-28,7,23:00,22,1,N,1.0,0,false
2024-07-29,7,20:00,16,1,N,1.0,0,false
2024-07-29,7,21:00,18,1,N,1.0,0,false
2024-07-29,7,22:00,20,1,N,1.0,0,false
2024-07-29,7,23:00,22,1,N,1.0,0,false
2024-07-30,7,20:00,16,2,N,0.8125,0,true
2024-07-30,7,21:00,18,2,N,0.7777777777777778,0,true
2024-07-30,7,22:00,20,3,N,0.7,1,true
2024-07-30,7,23:00,22,4,N,0.6363636363636364,3,true
2024-07-31,7,20:00,16,1,S,1.0,16,false
2024-07-31,7,21:00,18,1,S,1.0,18,false
2024-07-31,7,22:00,20,1,S,1.0,20,false
2024-07-31,7,23:00,22,1,S,1.0,22,false
2024-08-01,8,20:00,16,2,S,0.875,16,true
2024-08-01,8,21:00,18,2,S,0.8888888888888888,18,true
2024-08-01,8,22:00,20,2,S,0.85,20,true
2024-08-01,8,23:00,22,2,S,0.8636363636363636,22,true
2024-08-02,8,20:00,16,1,S,1.0,16,false
2024-08-02,8,21:00,18,1,S,1.0,18,false
2024-08-02,8,22:00,20,1,S,1.0,20,false
2024-08-02,8,23:00,22,1,S,1.0,22,false
2024-08-03,8,20:00,16,3,S,0.8125,14,true
2024-08-03,8,21:00,18,3,S,0.7222222222222222,14,true
2024-08-03,8,22:00,20,3,S,0.65,14,true
2024-08-03,8,23:00,22,4,S,0.5909090909090909,14,true
2024-08-04,8,20:00,16,2,NE,0.75,0,true
2024-08-04,8,21:00,18,2,NE,0.6666666666666666,0,true
2024-08-04,8,22:00,20,2,NE,0.6,0,true
2024-08-04,8,23:00,22,2,NE,0.5454545454545454,0,true
2024-08-05,8,20:00,16,2,N,0.625,0,true
2024-08-05,8,21:00,18,2,N,0.5555555555555556,0,true
2024-08-05,8,22:00,20,2,N,0.5,0,true
2024-08-05,8,23:00,22,2,N,0.5,0,true
2024-08-06,8,20:00,16,2,N,0.5,0,true
2024-08-06,8,21:00,18,2,N,0.5555555555555556,0,true
2024-08-06,8,22:00,20,2,N,0.6,0,true
2024-08-06,8,23:00,22,2,N,0.6363636363636364,0,true
2024-08-07,8,20:00,16,1,N,1.0,0,false
2024-08-07,8,21:00,18,1,N,1.0,0,false
2024-08-07,8,22:00,20,1,N,1.0,0,false
2024-08-07,8,23:00,22,1,N,1.0,0,false
2024-08-08,8,20:00,16,1,N,1.0,0,false
2024-08-08,8,21:00,18,1,N,1.0,0,false
2024-08-08,8,22:00,20,1,N,1.0,0,false
2024-08-08,8,23:00,22,1,N,1.0,0,false
2024-08-09,8,20:00,16,1,S,1.0,16,false
2024-08-09,8,21:00,18,1,S,1.0,18,false
2024-08-09,8,22:00,20,1,S,1.0,20,false
2024-08-09,8,23:00,22,1,S,1.0,22,false
2024-08-10,8,20:00,16,1,S,1.0,16,false
2024-08-10,8,21:00,18,1,S,1.0,18,false
2024-08-10,8,22:00,20,1,S,1.0,20,false
2024-08-10,8,23:00,22,1,S,1.0,22,false
2024-08-11,8,20:00,16,2,N,0.6875,0,true
2024-08-11,8,21:00,18,2,N,0.7222222222222222,0,true
2024-08-11,8,22:00,20,2,N,0.75,0,true
2024-08-11,8,23:00,22,2,N,0.7727272727272727,0,true
2024-08-12,8,20:00,16,2,N,0.9375,0,true
2024-08-12,8,21:00,18,3,N,0.8888888888888888,0,true
2024-08-12,8,22:00,20,3,N,0.85,0,true
2024-08-12,8,23:00,22,3,N,0.8181818181818182,0,true
2024-08-13,8,20:00,16,1,S,1.0,16,false
2024-08-13,8,21:00,18,1,S,1.0,18,false
2024-08-13,8,22:00,20,1,S,1.0,20,false
2024-08-13,8,23:00,22,1,S,1.0,22,false
2024-08-14,8,20:00,16,2,N,0.5625,0,true
2024-08-14,8,21:00,18,2,N,0.6111111111111112,0,true
2024-08-14,8,22:00,20,2,N,0.65,0,true
2024-08-14,8,23:00,22,2,N,0.5909090909090909,0,true
2024-08-15,8,20:00,16,1,N,1.0,0,false
2024-08-15,8,21:00,18,1,N,1.0,0,false
2024-08-15,8,22:00,20,1,N,1.0,0,false
2024-08-15,8,23:00,22,1,N,1.0,0,false
2024-08-16,8,20:00,16,2,N,0.8125,0,true
2024-08-16,8,21:00,18,2,N,0.8333333333333334,0,true
2024-08-16,8,22:00,20,2,N,0.85,0,true
2024-08-16,8,23:00,22,2,N,0.8636363636363636,0,true
2024-08-17,8,20:00,16,2,N,0.625,0,true
2024-08-17,8,21:00,18,2,N,0.6666666666666666,0,true
2024-08-17,8,22:00,20,2,N,0.6,0,true
2024-08-17,8,23:00,22,2,N,0.6363636363636364,0,true
2024-08-18,8,20:00,16,2,N,0.875,0,true
2024-08-18,8,21:00,18,2,N,0.8888888888888888,0,true
2024-08-18,8,22:00,20,2,N,0.9,0,true
2024-08-18,8,23:00,22,2,N,0.9090909090909091,0,true
2024-08-19,8,20:00,16,2,S,0.875,16,true
2024-08-19,8,21:00,18,4,S,0.7777777777777778,16,true
2024-08-19,8,22:00,20,5,S,0.7,16,true
2024-08-19,8,23:00,22,5,S,0.6363636363636364,16,true
2024-08-20,8,20:00,16,4,NE,0.4375,4,true
2024-08-20,8,21:00,18,4,NE,0.3888888888888889,4,true
2024-08-20,8,22:00,20,4,N,0.4,4,true
2024-08-20,8,23:00,22,5,N,0.36363636363636365,5,true
2024-08-21,8,20:00,16,2,N,0.9375,0,true
2024-08-21,8,21:00,18,2,N,0.8888888888888888,0,true
2024-08-21,8,22:00,20,2,N,0.9,0,true
2024-08-21,8,23:00,22,2,N,0.8636363636363636,0,true
2024-08-22,8,20:00,16,2,N,0.9375,0,true
2024-08-22,8,21:00,18,2,N,0.9444444444444444,0,true
2024-08-22,8,22:00,20,2,N,0.95,0,true
2024-08-22,8,23:00,22,2,N,0.9545454545454546,0,true
2024-08-23,8,20:00,16,1,N,1.0,0,false
2024-08-23,8,21:00,18,1,N,1.0,0,false
2024-08-23,8,22:00,20,1,N,1.0,0,false
2024-08-23,8,23:00,22,1,N,1.0,0,false
2024-08-24,8,20:00,16,1,N,1.0,0,false
2024-08-24,8,21:00,18,2,N,0.9444444444444444,0,true
2024-08-24,8,22:00,20,2,N,0.95,0,true
2024-08-24,8,23:00,22,2,N,0.9545454545454546,0,true
2024-08-25,8,20:00,16,1,N,1.0,0,false
2024-08-25,8,21:00,18,2,N,0.9444444444444444,0,true
2024-08-25,8,22:00,20,2,N,0.85,0,true
2024-08-25,8,23:00,22,2,N,0.7727272727272727,0,true
2024-08-26,8,20:00,16,3,N,0.6875,2,true
2024-08-26,8,21:00,18,4,N,0.6111111111111112,4,true
2024-08-26,8,22:00,20,5,N,0.55,6,true
2024-08-26,8,23:00,22,5,N,0.5,8,true
2024-08-27,8,20:00,16,1,N,1.0,0,false
2024-08-27,8,21:00,18,1,N,1.0,0,false
2024-08-27,8,22:00,20,1,N,1.0,0,false
2024-08-27,8,23:00,22,1,N,1.0,0,false
2024-08-28,8,20:00,16,4,N,0.625,1,true
2024-08-28,8,21:00,18,5,N,0.5555555555555556,3,true
2024-08-28,8,22:00,20,5,N,0.5,5,true
2024-08-28,8,23:00,22,5,N,0.45454545454545453,7,true
2024-08-29,8,20:00,16,1,N,1.0,0,false
2024-08-29,8,21:00,18,1,N,1.0,0,false
2024-08-29,8,22:00,20,1,N,1.0,0,false
2024-08-29,8,23:00,22,1,N,1.0,0,false
2024-08-30,8,20:00,16,3,N,0.75,0,true
2024-08-30,8,21:00,18,3,N,0.7777777777777778,0,true
2024-08-30,8,22:00,20,3,N,0.8,0,true
2024-08-30,8,23:00,22,3,N,0.7727272727272727,0,true
2024-08-31,8,20:00,16,1,N,1.0,0,false
2024-08-31,8,21:00,18,1,N,1.0,0,false
2024-08-31,8,22:00,20,1,N,1.0,0,false
2024-08-31,8,23:00,22,1,N,1.0,0,false
2024-09-01,9,20:00,16,2,N,0.8125,0,true
2024-09-01,9,21:00,18,2,N,0.8333333333333334,0,true
2024-09-01,9,22:00,20,2,N,0.85,0,true
2024-09-01,9,23:00,22,2,N,0.8636363636363636,0,true
2024-09-02,9,20:00,16,1,N,1.0,0,false
2024-09-02,9,21:00,18,1,N,1.0,0,false
2024-09-02,9,22:00,20,1,N,1.0,0,false
2024-09-02,9,23:00,22,1,N,1.0,0,false
2024-09-03,9,20:00,16,1,N,1.0,0,false
2024-09-03,9,21:00,18,1,N,1.0,0,false
2024-09-03,9,22:00,20,1,N,1.0,0,false
2024-09-03,9,23:00,22,1,N,1.0,0,false
2024-09-04,9,20:00,16,1,S,1.0,16,false
2024-09-04,9,21:00,18,1,S,1.0,18,false
2024-09-04,9,22:00,20,1,S,1.0,20,false
2024-09-04,9,23:00,22,1,S,1.0,22,false
2024-09-05,9,20:00,16,2,N,0.5,0,true
2024-09-05,9,21:00,18,2,N,0.5555555555555556,0,true
2024-09-05,9,22:00,20,2,N,0.5,0,true
2024-09-05,9,23:00,22,2,N,0.5454545454545454,0,true
2024-09-06,9,20:00,16,2,N,0.625,0,true
2024-09-06,9,21:00,18,2,N,0.6666666666666666,0,true
2024-09-06,9,22:00,20,2,N,0.7,0,true
2024-09-06,9,23:00,22,2,N,0.7272727272727273,0,true
2024-09-07,9,20:00,16,2,N,0.9375,0,true
2024-09-07,9,21:00,18,2,N,0.9444444444444444,0,true
2024-09-07,9,22:00,20,2,N,0.95,0,true
2024-09-07,9,23:00,22,2,N,0.9545454545454546,0,true
2024-09-08,9,20:00,16,6,N,0.4375,3,true
2024-09-08,9,21:00,18,6,N,0.4444444444444444,3,true
2024-09-08,9,22:00,20,6,N,0.45,3,true
2024-09-08,9,23:00,22,6,N,0.4090909090909091,3,true
2024-09-09,9,20:00,16,1,N,1.0,0,false
2024-09-09,9,21:00,18,1,N,1.0,0,false
2024-09-09,9,22:00,20,1,N,1.0,0,false
2024-09-09,9,23:00,22,1,N,1.0,0,false
2024-09-10,9,20:00,16,2,N,0.875,0,true
2024-09-10,9,21:00,18,2,N,0.8888888888888888,0,true
2024-09-10,9,22:00,20,2,N,0.85,0,true
2024-09-10,9,23:00,22,2,N,0.8636363636363636,0,true
2024-09-11,9,20:00,16,2,S,0.875,14,true
2024-09-11,9,21:00,18,2,S,0.8888888888888888,16,true
2024-09-11,9,22:00,20,2,S,0.9,18,true
2024-09-11,9,23:00,22,2,S,0.9090909090909091,20,true
2024-09-12,9,20:00,16,2,N,0.875,0,true
2024-09-12,9,21:00,18,2,N,0.8888888888888888,0,true
2024-09-12,9,22:00,20,2,N,0.9,0,true
2024-09-12,9,23:00,22,2,N,0.9090909090909091,0,true
2024-09-13,9,20:00,16,1,N,1.0,0,false
2024-09-13,9,21:00,18,1,N,1.0,0,false
2024-09-13,9,22:00,20,1,N,1.0,0,false
2024-09-13,9,23:00,22,1,N,1.0,0,false
2024-09-14,9,20:00,16,4,S,0.5625,14,true
2024-09-14,9,21:00,18,4,S,0.5,16,true
2024-09-14,9,22:00,20,4,S,0.45,18,true
2024-09-14,9,23:00,22,4,SW,0.5,20,true
2024-09-15,9,20:00,16,3,S,0.875,16,true
2024-09-15,9,21:00,18,3,S,0.8888888888888888,18,true
2024-09-15,9,22:00,20,3,S,0.9,20,true
2024-09-15,9,23:00,22,3,S,0.8636363636363636,22,true
2024-09-16,9,20:00,16,1,N,1.0,0,false
2024-09-16,9,21:00,18,1,N,1.0,0,false
2024-09-16,9,22:00,20,1,N,1.0,0,false
2024-09-16,9,23:00,22,1,N,1.0,0,false
2024-09-17,9,20:00,16,3,N,0.5,3,true
2024-09-17,9,21:00,18,4,N,0.5,3,true
2024-09-17,9,22:00,20,4,N,0.45,5,true
2024-09-17,9,23:00,22,4,N,0.4090909090909091,7,true
2024-09-18,9,20:00,16,4,S,0.4375,13,true
2024-09-18,9,21:00,18,4,S,0.3888888888888889,13,true
2024-09-18,9,22:00,20,4,S,0.35,13,true
2024-09-18,9,23:00,22,5,S,0.3181818181818182,13,true
2024-09-19,9,20:00,16,2,N,0.6875,0,true
2024-09-19,9,21:00,18,2,N,0.7222222222222222,0,true
2024-09-19,9,22:00,20,2,N,0.7,0,true
2024-09-19,9,23:00,22,2,N,0.6363636363636364,0,true
2024-09-20,9,20:00,16,2,N,0.875,0,true
2024-09-20,9,21:00,18,2,N,0.8888888888888888,0,true
2024-09-20,9,22:00,20,2,N,0.9,0,true
2024-09-20,9,23:00,22,2,N,0.9090909090909091,0,true
2024-09-21,9,20:00,16,6,N,0.5,5,true
2024-09-21,9,21:00,18,6,N,0.4444444444444444,7,true
2024-09-21,9,22:00,20,6,N,0.4,9,true
2024-09-21,9,23:00,22,6,N,0.36363636363636365,11,true
2024-09-22,9,20:00,16,1,N,1.0,0,false
2024-09-22,9,21:00,18,1,N,1.0,0,false
2024-09-22,9,22:00,20,1,N,1.0,0,false
2024-09-22,9,23:00,22,1,N,1.0,0,false
2024-09-23,9,20:00,16,1,N,1.0,0,false
2024-09-23,9,21:00,18,1,N,1.0,0,false
2024-09-23,9,22:00,20,1,N,1.0,0,false
2024-09-23,9,23:00,22,1,N,1.0,0,false
2024-09-24,9,20:00,16,2,N,0.9375,0,true
2024-09-24,9,21:00,18,2,N,0.9444444444444444,0,true
2024-09-24,9,22:00,20,2,N,0.95,0,true
2024-09-24,9,23:00,22,2,N,0.9545454545454546,0,true
2024-09-25,9,20:00,16,5,S,0.375,8,true
2024-09-25,9,21:00,18,5,S,0.3333333333333333,8,true
2024-09-25,9,22:00,20,5,S,0.35,10,true
2024-09-25,9,23:00,22,5,S,0.4090909090909091,12,true
2024-09-26,9,20:00,16,1,N,1.0,0,false
2024-09-26,9,21:00,18,1,N,1.0,0,false
2024-09-26,9,22:00,20,1,N,1.0,0,false
2024-09-26,9,23:00,22,1,N,1.0,0,false
2024-09-27,9,20:00,16,4,S,0.5625,10,true
2024-09-27,9,21:00,18,4,S,0.5,12,true
2024-09-27,9,22:00,20,4,S,0.5,14,true
2024-09-27,9,23:00,22,4,S,0.45454545454545453,16,true
2024-09-28,9,20:00,16,3,N,0.75,0,true
2024-09-28,9,21:00,18,3,N,0.6666666666666666,0,true
2024-09-28,9,22:00,20,3,N,0.7,0,true
2024-09-28,9,23:00,22,3,N,0.7272727272727273,0,true
2024-09-29,9,20:00,16,2,N,0.625,0,true
2024-09-29,9,21:00,18,2,N,0.6666666666666666,0,true
2024-09-29,9,22:00,20,2,N,0.7,0,true
2024-09-29,9,23:00,22,2,N,0.7272727272727273,0,true
2024-09-30,9,20:00,18,2,NE,0.5555555555555556,0,true
2024-09-30,9,21:00,20,2,NE,0.6,0,true
2024-09-30,9,22:00,22,3,NE,0.5454545454545454,0,true
2024-09-30,9,23:00,24,4,NE,0.5,2,true
2024-10-01,10,20:00,18,1,N,1.0,0,false
2024-10-01,10,21:00,20,1,N,1.0,0,false
2024-10-01,10,22:00,22,1,N,1.0,0,false
2024-10-01,10,23:00,24,1,N,1.0,0,false
2024-10-02,10,20:00,18,1,N,1.0,0,false
2024-10-02,10,21:00,20,1,N,1.0,0,false
2024-10-02,10,22:00,22,1,N,1.0,0,false
2024-10-02,10,23:00,24,1,N,1.0,0,false
2024-10-03,10,20:00,18,2,N,0.9444444444444444,0,true
2024-10-03,10,21:00,20,2,N,0.95,0,true
2024-10-03,10,22:00,22,4,N,0.8636363636363636,1,true
2024-10-03,10,23:00,24,4,N,0.7916666666666666,3,true
2024-10-04,10,20:00,18,5,S,0.7222222222222222,16,true
2024-10-04,10,21:00,20,5,S,0.7,18,true
2024-10-04,10,22:00,22,6,S,0.6363636363636364,18,true
2024-10-04,10,23:00,24,7,S,0.5833333333333334,18,true
2024-10-05,10,20:00,18,3,N,0.5,0,true
2024-10-05,10,21:00,20,3,N,0.55,0,true
2024-10-05,10,22:00,22,3,N,0.5454545454545454,0,true
2024-10-05,10,23:00,24,3,N,0.5833333333333334,0,true
2024-10-06,10,20:00,18,1,N,1.0,0,false
2024-10-06,10,21:00,20,1,N,1.0,0,false
2024-10-06,10,22:00,22,1,N,1.0,0,false
2024-10-06,10,23:00,24,1,N,1.0,0,false
2024-10-07,10,20:00,18,2,N,0.8888888888888888,0,true
2024-10-07,10,21:00,20,2,N,0.9,0,true
2024-10-07,10,22:00,22,2,N,0.9090909090909091,0,true
2024-10-07,10,23:00,24,2,N,0.9166666666666666,0,true
2024-10-08,10,20:00,18,2,N,0.8888888888888888,0,true
2024-10-08,10,21:00,20,2,N,0.9,0,true
2024-10-08,10,22:00,22,2,N,0.9090909090909091,0,true
2024-10-08,10,23:00,24,2,N,0.9166666666666666,0,true
2024-10-09,10,20:00,18,2,N,0.5,0,true
2024-10-09,10,21:00,20,2,NW,0.55,0,true
2024-10-09,10,22:00,22,2,NW,0.5909090909090909,0,true
2024-10-09,10,23:00,24,2,NW,0.5833333333333334,0,true
2024-10-10,10,20:00,18,2,S,0.8888888888888888,18,true
2024-10-10,10,21:00,20,2,S,0.9,20,true
2024-10-10,10,22:00,22,2,S,0.9090909090909091,22,true
2024-10-10,10,23:00,24,2,S,0.875,24,true
2024-10-11,10,20:00,18,2,NE,0.5555555555555556,0,true
2024-10-11,10,21:00,20,2,NE,0.55,0,true
2024-10-11,10,22:00,22,2,N,0.5,0,true
2024-10-11,10,23:00,24,2,N,0.5416666666666666,0,true
2024-10-12,10,20:00,18,2,N,0.7777777777777778,0,true
2024-10-12,10,21:00,20,2,N,0.7,0,true
2024-10-12,10,22:00,22,2,N,0.7272727272727273,0,true
2024-10-12,10,23:00,24,2,N,0.75,0,true
2024-10-13,10,20:00,18,3,N,0.4444444444444444,6,true
2024-10-13,10,21:00,20,3,N,0.4,8,true
2024-10-13,10,22:00,22,3,S,0.45454545454545453,10,true
2024-10-13,10,23:00,24,3,S,0.5,12,true
2024-10-14,10,20:00,18,1,S,1.0,18,false
2024-10-14,10,21:00,20,1,S,1.0,20,false
2024-10-14,10,22:00,22,1,S,1.0,22,false
2024-10-14,10,23:00,24,1,S,1.0,24,false
2024-10-15,10,20:00,18,2,S,0.5,18,true
2024-10-15,10,21:00,20,2,S,0.55,20,true
2024-10-15,10,22:00,22,2,S,0.5909090909090909,22,true
2024-10-15,10,23:00,24,2,S,0.625,24,true
2024-10-16,10,20:00,18,1,S,1.0,18,false
2024-10-16,10,21:00,20,1,S,1.0,20,false
2024-10-16,10,22:00,22,1,S,1.0,22,false
2024-10-16,10,23:00,24,1,S,1.0,24,false
2024-10-17,10,20:00,18,3,NE,0.5,0,true
2024-10-17,10,21:00,20,3,NE,0.45,0,true
2024-10-17,10,22:00,22,4,N,0.4090909090909091,1,true
2024-10-17,10,23:00,24,5,N,0.375,3,true
2024-10-18,10,20:00,18,2,N,0.6111111111111112,0,true
2024-10-18,10,21:00,20,2,N,0.65,0,true
2024-10-18,10,22:00,22,2,N,0.6818181818181818,0,true
2024-10-18,10,23:00,24,2,N,0.7083333333333334,0,true
2024-10-19,10,20:00,18,2,NE,0.5555555555555556,0,true
2024-10-19,10,21:00,20,2,N,0.5,0,true
2024-10-19,10,22:00,22,2,N,0.5454545454545454,0,true
2024-10-19,10,23:00,24,2,N,0.5833333333333334,0,true
2024-10-20,10,20:00,18,2,N,0.7777777777777778,0,true
2024-10-20,10,21:00,20,2,N,0.8,0,true
2024-10-20,10,22:00,22,2,N,0.8181818181818182,0,true
2024-10-20,10,23:00,24,2,N,0.8333333333333334,0,true
2024-10-21,10,20:00,18,2,N,0.8333333333333334,0,true
2024-10-21,10,21:00,20,2,N,0.85,0,true
2024-10-21,10,22:00,22,2,N,0.8636363636363636,0,true
2024-10-21,10,23:00,24,2,N,0.875,0,true
2024-10-22,10,20:00,18,2,N,0.9444444444444444,0,true
2024-10-22,10,21:00,20,2,N,0.95,0,true
2024-10-22,10,22:00,22,2,N,0.9545454545454546,0,true
2024-10-22,10,23:00,24,2,N,0.9583333333333334,0,true
2024-10-23,10,20:00,18,4,N,0.8333333333333334,1,true
2024-10-23,10,21:00,20,4,N,0.85,1,true
2024-10-23,10,22:00,22,4,N,0.8636363636363636,1,true
2024-10-23,10,23:00,24,4,N,0.875,1,true
2024-10-24,10,20:00,18,2,N,0.9444444444444444,0,true
2024-10-24,10,21:00,20,2,N,0.95,0,true
2024-10-24,10,22:00,22,2,N,0.9545454545454546,0,true
2024-10-24,10,23:00,24,2,N,0.9583333333333334,0,true
2024-10-25,10,20:00,18,1,N,1.0,0,false
2024-10-25,10,21:00,20,1,N,1.0,0,false
2024-10-25,10,22:00,22,1,N,1.0,0,false
2024-10-25,10,23:00,24,1,N,1.0,0,false
2024-10-26,10,20:00,18,1,N,1.0,0,false
2024-10-26,10,21:00,20,1,N,1.0,0,false
2024-10-26,10,22:00,22,1,N,1.0,0,false
2024-10-26,10,23:00,24,1,N,1.0,0,false
2024-10-27,10,20:00,18,2,N,0.6666666666666666,6,true
2024-10-27,10,21:00,20,2,N,0.7,6,true
2024-10-27,10,22:00,22,2,N,0.7272727272727273,6,true
2024-10-27,10,23:00,24,2,N,0.75,6,true
2024-10-28,10,20:00,18,2,N,0.6111111111111112,0,true
2024-10-28,10,21:00,20,2,N,0.6,0,true
2024-10-28,10,22:00,22,2,N,0.6363636363636364,0,true
2024-10-28,10,23:00,24,2,N,0.6666666666666666,0,true
2024-10-29,10,20:00,18,2,N,0.6666666666666666,0,true
2024-10-29,10,21:00,20,2,N,0.7,0,true
2024-10-29,10,22:00,22,2,N,0.6363636363636364,0,true
2024-10-29,10,23:00,24,2,N,0.6666666666666666,0,true
2024-10-30,10,20:00,18,5,N,0.7222222222222222,2,true
2024-10-30,10,21:00,20,5,N,0.65,4,true
2024-10-30,10,22:00,22,5,N,0.5909090909090909,6,true
2024-10-30,10,23:00,24,5,N,0.5416666666666666,8,true
2024-10-31,10,20:00,18,2,NE,0.6666666666666666,0,true
2024-10-31,10,21:00,20,2,NE,0.6,0,true
2024-10-31,10,22:00,22,2,NE,0.5454545454545454,0,true
2024-10-31,10,23:00,24,2,N,0.5,0,true
2024-11-01,11,20:00,18,2,N,0.9444444444444444,0,true
2024-11-01,11,21:00,20,2,N,0.95,0,true
2024-11-01,11,22:00,22,2,N,0.9545454545454546,0,true
2024-11-01,11,23:00,24,2,N,0.9583333333333334,0,true
2024-11-02,11,20:00,18,1,N,1.0,0,false
2024-11-02,11,21:00,20,1,N,1.0,0,false
2024-11-02,11,22:00,22,1,N,1.0,0,false
2024-11-02,11,23:00,24,1,N,1.0,0,false
2024-11-03,11,20:00,18,1,S,1.0,18,false
2024-11-03,11,21:00,20,1,S,1.0,20,false
2024-11-03,11,22:00,22,1,S,1.0,22,false
2024-11-03,11,23:00,24,1,S,1.0,24,false
2024-11-04,11,20:00,18,2,NE,0.5555555555555556,0,true
2024-11-04,11,21:00,20,2,N,0.5,0,true
2024-11-04,11,22:00,22,2,N,0.5454545454545454,0,true
2024-11-04,11,23:00,24,2,N,0.5833333333333334,0,true
2024-11-05,11,20:00,18,1,N,1.0,0,false
2024-11-05,11,21:00,20,1,N,1.0,0,false
2024-11-05,11,22:00,22,1,N,1.0,0,false
2024-11-05,11,23:00,24,1,N,1.0,0,false
2024-11-06,11,20:00,18,3,S,0.5555555555555556,16,true
2024-11-06,11,21:00,20,3,S,0.6,18,true
2024-11-06,11,22:00,22,3,S,0.6363636363636364,20,true
2024-11-06,11,23:00,24,3,S,0.6666666666666666,22,true
2024-11-07,11,20:00,18,2,N,0.8888888888888888,0,true
2024-11-07,11,21:00,20,2,N,0.9,0,true
2024-11-07,11,22:00,22,2,N,0.9090909090909091,0,true
2024-11-07,11,23:00,24,2,N,0.9166666666666666,0,true
2024-11-08,11,20:00,18,1,N,1.0,0,false
2024-11-08,11,21:00,20,1,N,1.0,0,false
2024-11-08,11,22:00,22,1,N,1.0,0,false
2024-11-08,11,23:00,24,1,N,1.0,0,false
2024-11-09,11,20:00,18,2,N,0.8888888888888888,0,true
2024-11-09,11,21:00,20,2,N,0.9,0,true
2024-11-09,11,22:00,22,2,N,0.9090909090909091,0,true
2024-11-09,11,23:00,24,2,N,0.9166666666666666,0,true
2024-11-10,11,20:00,18,5,S,0.5,14,true
2024-11-10,11,21:00,20,5,S,0.55,16,true
2024-11-10,11,22:00,22,5,S,0.5909090909090909,18,true
2024-11-10,11,23:00,24,5,S,0.625,20,true
2024-11-11,11,20:00,18,1,N,1.0,0,false
2024-11-11,11,21:00,20,1,N,1.0,0,false
2024-11-11,11,22:00,22,1,N,1.0,0,false
2024-11-11,11,23:00,24,1,N,1.0,0,false
2024-11-12,11,20:00,18,3,S,0.6111111111111112,16,true
2024-11-12,11,21:00,20,3,S,0.6,18,true
2024-11-12,11,22:00,22,3,S,0.6363636363636364,20,true
2024-11-12,11,23:00,24,3,S,0.6666666666666666,22,true
2024-11-13,11,20:00,18,2,NE,0.6111111111111112,0,true
2024-11-13,11,21:00,20,2,NE,0.55,0,true
2024-11-13,11,22:00,22,3,NE,0.5,2,true
2024-11-13,11,23:00,24,3,NE,0.4583333333333333,4,true
2024-11-14,11,20:00,18,2,N,0.8888888888888888,0,true
2024-11-14,11,21:00,20,2,N,0.9,0,true
2024-11-14,11,22:00,22,2,N,0.9090909090909091,0,true
2024-11-14,11,23:00,24,2,N,0.9166666666666666,0,true
2024-11-15,11,20:00,18,1,N,1.0,0,false
2024-11-15,11,21:00,20,1,N,1.0,0,false
2024-11-15,11,22:00,22,1,N,1.0,0,false
2024-11-15,11,23:00,24,1,N,1.0,0,false
2024-11-16,11,20:00,18,1,S,1.0,18,false
2024-11-16,11,21:00,20,1,S,1.0,20,false
2024-11-16,11,22:00,22,1,S,1.0,22,false
2024-11-16,11,23:00,24,1,S,1.0,24,false
2024-11-17,11,20:00,18,2,S,0.9444444444444444,18,true
2024-11-17,11,21:00,20,2,S,0.95,20,true
2024-11-17,11,22:00,22,2,S,0.9545454545454546,22,true
2024-11-17,11,23:00,24,2,S,0.9583333333333334,24,true
2024-11-18,11,20:00,18,3,N,0.5555555555555556,0,true
2024-11-18,11,21:00,20,3,N,0.6,0,true
2024-11-18,11,22:00,22,3,N,0.5909090909090909,0,true
2024-11-18,11,23:00,24,4,N,0.5416666666666666,2,true
2024-11-19,11,20:00,18,2,N,0.5,0,true
2024-11-19,11,21:00,20,2,N,0.55,0,true
2024-11-19,11,22:00,22,2,N,0.5909090909090909,0,true
2024-11-19,11,23:00,24,2,N,0.625,0,true
2024-11-20,11,20:00,18,2,N,0.8888888888888888,0,true
2024-11-20,11,21:00,20,2,N,0.9,0,true
2024-11-20,11,22:00,22,2,N,0.9090909090909091,0,true
2024-11-20,11,23:00,24,2,N,0.9166666666666666,0,true
2024-11-21,11,20:00,18,2,N,0.8888888888888888,0,true
2024-11-21,11,21:00,20,2,N,0.9,0,true
2024-11-21,11,22:00,22,2,N,0.8636363636363636,0,true
2024-11-21,11,23:00,24,2,N,0.8333333333333334,0,true
2024-11-22,11,20:00,18,1,S,1.0,18,false
2024-11-22,11,21:00,20,1,S,1.0,20,false
2024-11-22,11,22:00,22,1,S,1.0,22,false
2024-11-22,11,23:00,24,2,S,0.9583333333333334,24,true
2024-11-23,11,20:00,18,6,N,0.4444444444444444,6,true
2024-11-23,11,21:00,20,7,N,0.4,7,true
2024-11-23,11,22:00,22,7,N,0.45454545454545453,7,true
2024-11-23,11,23:00,24,7,N,0.4166666666666667,9,true
2024-11-24,11,20:00,18,5,SE,0.5555555555555556,11,true
2024-11-24,11,21:00,20,5,SE,0.5,11,true
2024-11-24,11,22:00,22,5,SE,0.45454545454545453,11,true
2024-11-24,11,23:00,24,5,SE,0.4166666666666667,11,true
2024-11-25,11,20:00,18,1,N,1.0,0,false
2024-11-25,11,21:00,20,1,N,1.0,0,false
2024-11-25,11,22:00,22,1,N,1.0,0,false
2024-11-25,11,23:00,24,1,N,1.0,0,false
2024-11-26,11,20:00,18,2,N,0.9444444444444444,0,true
2024-11-26,11,21:00,20,2,N,0.95,0,true
2024-11-26,11,22:00,22,2,N,0.9545454545454546,0,true
2024-11-26,11,23:00,24,2,N,0.9583333333333334,0,true
2024-11-27,11,20:00,18,2,N,0.6111111111111112,0,true
2024-11-27,11,21:00,20,2,N,0.55,0,true
2024-11-27,11,22:00,22,2,N,0.5909090909090909,0,true
2024-11-27,11,23:00,24,2,N,0.625,0,true
2024-11-28,11,20:00,18,1,N,1.0,0,false
2024-11-28,11,21:00,20,1,N,1.0,0,false
2024-11-28,11,22:00,22,1,N,1.0,0,false
2024-11-28,11,23:00,24,1,N,1.0,0,false
2024-11-29,11,20:00,18,5,S,0.3888888888888889,8,true
2024-11-29,11,21:00,20,5,S,0.45,10,true
2024-11-29,11,22:00,22,5,S,0.5,12,true
2024-11-29,11,23:00,24,5,S,0.5416666666666666,14,true
2024-11-30,11,20:00,18,1,SE,1.0,18,false
2024-11-30,11,21:00,20,1,SE,1.0,20,false
2024-11-30,11,22:00,22,2,SE,0.9545454545454546,22,true
2024-11-30,11,23:00,24,2,SE,0.875,24,true
2024-12-01,12,20:00,18,3,N,0.7777777777777778,0,true
2024-12-01,12,21:00,20,3,N,0.8,0,true
2024-12-01,12,22:00,22,3,N,0.8181818181818182,0,true
2024-12-01,12,23:00,24,3,N,0.8333333333333334,0,true
2024-12-02,12,20:00,18,2,N,0.9444444444444444,0,true
2024-12-02,12,21:00,20,2,N,0.95,0,true
2024-12-02,12,22:00,22,2,N,0.9545454545454546,0,true
2024-12-02,12,23:00,23,2,N,0.9565217391304348,0,true
2024-12-03,12,20:00,18,1,N,1.0,0,false
2024-12-03,12,21:00,20,1,N,1.0,0,false
2024-12-03,12,22:00,22,1,N,1.0,0,false
2024-12-03,12,23:00,24,1,N,1.0,0,false
2024-12-04,12,20:00,18,2,N,0.8888888888888888,0,true
2024-12-04,12,21:00,20,2,N,0.9,0,true
2024-12-04,12,22:00,22,2,N,0.9090909090909091,0,true
2024-12-04,12,23:00,24,2,N,0.9166666666666666,0,true
2024-12-05,12,20:00,18,1,N,1.0,0,false
2024-12-05,12,21:00,20,1,N,1.0,0,false
2024-12-05,12,22:00,22,1,N,1.0,0,false
2024-12-05,12,23:00,24,1,N,1.0,0,false
2024-12-06,12,20:00,18,5,N,0.2777777777777778,7,true
2024-12-06,12,21:00,20,5,N,0.25,9,true
2024-12-06,12,22:00,22,5,S,0.3181818181818182,11,true
2024-12-06,12,23:00,24,5,S,0.375,13,true
2024-12-07,12,20:00,18,6,SW,0.2777777777777778,9,true
2024-12-07,12,21:00,20,6,N,0.25,9,true
2024-12-07,12,22:00,22,6,N,0.3181818181818182,9,true
2024-12-07,12,23:00,24,6,N,0.375,9,true
2024-12-08,12,20:00,18,1,N,1.0,0,false
2024-12-08,12,21:00,20,1,N,1.0,0,false
2024-12-08,12,22:00,22,1,N,1.0,0,false
2024-12-08,12,23:00,24,1,N,1.0,0,false
2024-12-09,12,20:00,18,2,N,0.9444444444444444,0,true
2024-12-09,12,21:00,20,2,N,0.95,0,true
2024-12-09,12,22:00,22,2,N,0.9545454545454546,0,true
2024-12-09,12,23:00,24,2,N,0.9583333333333334,0,true
2024-12-10,12,20:00,18,2,N,0.7777777777777778,0,true
2024-12-10,12,21:00,20,2,N,0.75,0,true
2024-12-10,12,22:00,22,2,N,0.7727272727272727,0,true
2024-12-10,12,23:00,24,2,N,0.7916666666666666,0,true
2024-12-11,12,20:00,18,2,N,0.8888888888888888,0,true
2024-12-11,12,21:00,20,2,N,0.9,0,true
2024-12-11,12,22:00,22,2,N,0.9090909090909091,0,true
2024-12-11,12,23:00,24,2,N,0.9166666666666666,0,true
2024-12-12,12,20:00,18,2,N,0.8888888888888888,0,true
2024-12-12,12,21:00,20,2,N,0.85,0,true
2024-12-12,12,22:00,22,2,N,0.8636363636363636,0,true
2024-12-12,12,23:00,24,2,N,0.875,0,true
2024-12-13,12,20:00,18,1,N,1.0,0,false
2024-12-13,12,21:00,20,1,N,1.0,0,false
2024-12-13,12,22:00,22,1,N,1.0,0,false
2024-12-13,12,23:00,24,1,N,1.0,0,false
2024-12-14,12,20:00,18,1,N,1.0,0,false
2024-12-14,12,21:00,20,1,N,1.0,0,false
2024-12-14,12,22:00,22,1,N,1.0,0,false
2024-12-14,12,23:00,24,1,N,1.0,0,false
2024-12-15,12,20:00,18,1,N,1.0,0,false
2024-12-15,12,21:00,20,1,N,1.0,0,false
2024-12-15,12,22:00,22,1,N,1.0,0,false
2024-12-15,12,23:00,24,1,N,1.0,0,false
2024-12-16,12,20:00,18,1,N,1.0,0,false
2024-12-16,12,21:00,20,1,N,1.0,0,false
2024-12-16,12,22:00,22,1,N,1.0,0,false
2024-12-16,12,23:00,24,1,N,1.0,0,false
2024-12-17,12,20:00,18,1,S,1.0,18,false
2024-12-17,12,21:00,20,1,S,1.0,20,false
2024-12-17,12,22:00,22,1,S,1.0,22,false
2024-12-17,12,23:00,24,1,S,1.0,24,false
2024-12-18,12,20:00,18,2,SE,0.5555555555555556,18,true
2024-12-18,12,21:00,20,2,SE,0.55,20,true
2024-12-18,12,22:00,22,2,S,0.5,22,true
2024-12-18,12,23:00,24,2,S,0.5416666666666666,24,true
2024-12-19,12,20:00,18,2,S,0.9444444444444444,18,true
2024-12-19,12,21:00,20,2,S,0.95,20,true
2024-12-19,12,22:00,22,2,S,0.9545454545454546,22,true
2024-12-19,12,23:00,24,2,S,0.9583333333333334,24,true
2024-12-20,12,20:00,18,1,S,1.0,18,false
2024-12-20,12,21:00,20,1,S,1.0,20,false
2024-12-20,12,22:00,22,1,S,1.0,22,false
2024-12-20,12,23:00,24,1,S,1.0,24,false
2024-12-21,12,20:00,18,2,N,0.9444444444444444,0,true
2024-12-21,12,21:00,20,2,N,0.95,0,true
2024-12-21,12,22:00,22,2,N,0.9545454545454546,0,true
2024-12-21,12,23:00,24,2,N,0.9583333333333334,0,true
2024-12-22,12,20:00,18,1,N,1.0,0,false
2024-12-22,12,21:00,20,2,N,0.95,0,true
2024-12-22,12,22:00,22,2,N,0.9545454545454546,0,true
2024-12-22,12,23:00,24,2,N,0.9583333333333334,0,true
2024-12-23,12,20:00,18,1,N,1.0,0,false
2024-12-23,12,21:00,20,1,N,1.0,0,false
2024-12-23,12,22:00,22,1,N,1.0,0,false
2024-12-23,12,23:00,24,1,N,1.0,0,false
2024-12-24,12,20:00,18,1,N,1.0,0,false
2024-12-24,12,21:00,20,1,N,1.0,0,false
2024-12-24,12,22:00,22,1,N,1.0,0,false
2024-12-24,12,23:00,24,1,N,1.0,0,false
2024-12-25,12,20:00,18,2,N,0.9444444444444444,0,true
2024-12-25,12,21:00,20,2,N,0.95,0,true
2024-12-25,12,22:00,22,2,N,0.9545454545454546,0,true
2024-12-25,12,23:00,24,2,N,0.9583333333333334,0,true
2024-12-26,12,20:00,18,7,S,0.4444444444444444,10,true
2024-12-26,12,21:00,20,7,S,0.5,12,true
2024-12-26,12,22:00,22,7,S,0.5454545454545454,14,true
2024-12-26,12,23:00,24,7,S,0.5833333333333334,16,true
2024-12-27,12,20:00,18,1,S,1.0,18,false
2024-12-27,12,21:00,20,1,S,1.0,20,false
2024-12-27,12,22:00,22,1,S,1.0,22,false
2024-12-27,12,23:00,24,1,S,1.0,24,false
2024-12-28,12,20:00,18,1,S,1.0,18,false
2024-12-28,12,21:00,20,1,S,1.0,20,false
2024-12-28,12,22:00,22,1,S,1.0,22,false
2024-12-28,12,23:00,24,1,S,1.0,24,false
2024-12-29,12,20:00,18,2,N,0.7222222222222222,0,true
2024-12-29,12,21:00,20,2,N,0.75,0,true
2024-12-29,12,22:00,22,2,N,0.7727272727272727,0,true
2024-12-29,12,23:00,24,2,N,0.7916666666666666,0,true
2024-12-30,12,20:00,18,1,N,1.0,0,false
2024-12-30,12,21:00,20,1,N,1.0,0,false
2024-12-30,12,22:00,22,1,N,1.0,0,false
2024-12-30,12,23:00,24,1,N,1.0,0,false
2024-12-31,12,20:00,18,1,S,1.0,18,false
2024-12-31,12,21:00,20,1,S,1.0,20,false
2024-12-31,12,22:00,22,1,S,1.0,22,false
2024-12-31,12,23:00,24,1,S,1.0,24,false
2025-01-01,1,20:00,18,2,S,0.8333333333333334,18,true
2025-01-01,1,21:00,20,2,S,0.85,20,true
2025-01-01,1,22:00,22,2,S,0.8636363636363636,22,true
2025-01-01,1,23:00,24,2,S,0.875,24,true
2025-01-02,1,20:00,18,2,S,0.5,18,true
2025-01-02,1,21:00,20,2,S,0.5,20,true
2025-01-02,1,22:00,22,2,SW,0.5454545454545454,22,true
2025-01-02,1,23:00,24,2,SW,0.5416666666666666,24,true
2025-01-03,1,20:00,18,1,N,1.0,0,false
2025-01-03,1,21:00,20,1,N,1.0,0,false
2025-01-03,1,22:00,22,1,N,1.0,0,false
2025-01-03,1,23:00,24,1,N,1.0,0,false
2025-01-04,1,20:00,18,1,S,1.0,18,false
2025-01-04,1,21:00,20,1,S,1.0,20,false
2025-01-04,1,22:00,22,1,S,1.0,22,false
2025-01-04,1,23:00,24,1,S,1.0,24,false
2025-01-05,1,20:00,18,1,S,1.0,18,false
2025-01-05,1,21:00,20,1,S,1.0,20,false
2025-01-05,1,22:00,22,1,S,1.0,22,false
2025-01-05,1,23:00,24,1,S,1.0,24,false
2025-01-06,1,20:00,18,1,S,1.0,18,false
2025-01-06,1,21:00,20,1,S,1.0,20,false
2025-01-06,1,22:00,22,1,S,1.0,22,false
2025-01-06,1,23:00,24,1,S,1.0,24,false
2025-01-07,1,20:00,18,2,S,0.6666666666666666,18,true
2025-01-07,1,21:00,20,2,S,0.6,20,true
2025-01-07,1,22:00,22,2,S,0.5454545454545454,22,true
2025-01-07,1,23:00,24,2,S,0.5416666666666666,24,true
2025-01-08,1,20:00,18,4,N,0.5,8,true
2025-01-08,1,21:00,20,4,N,0.45,10,true
2025-01-08,1,22:00,22,4,S,0.45454545454545453,12,true
2025-01-08,1,23:00,24,4,S,0.5,14,true
2025-01-09,1,20:00,18,2,S,0.6666666666666666,18,true
2025-01-09,1,21:00,20,2,S,0.6,20,true
2025-01-09,1,22:00,22,2,S,0.5909090909090909,22,true
2025-01-09,1,23:00,24,2,S,0.625,24,true
2025-01-10,1,20:00,18,2,SE,0.5555555555555556,18,true
2025-01-10,1,21:00,20,2,S,0.5,20,true
2025-01-10,1,22:00,22,2,S,0.5454545454545454,22,true
2025-01-10,1,23:00,24,2,S,0.5833333333333334,24,true
2025-01-11,1,20:00,18,1,S,1.0,18,false
2025-01-11,1,21:00,20,1,S,1.0,20,false
2025-01-11,1,22:00,22,1,S,1.0,22,false
2025-01-11,1,23:00,24,1,S,1.0,24,false
2025-01-12,1,20:00,18,1,S,1.0,18,false
2025-01-12,1,21:00,20,1,S,1.0,20,false
2025-01-12,1,22:00,22,1,S,1.0,22,false
2025-01-12,1,23:00,24,1,S,1.0,24,false
2025-01-13,1,20:00,18,1,S,1.0,18,false
2025-01-13,1,21:00,20,1,S,1.0,20,false
2025-01-13,1,22:00,22,1,S,1.0,22,false
2025-01-13,1,23:00,24,1,S,1.0,24,false
2025-01-14,1,20:00,18,1,S,1.0,18,false
2025-01-14,1,21:00,20,1,S,1.0,20,false
2025-01-14,1,22:00,22,1,S,1.0,22,false
2025-01-14,1,23:00,24,1,S,1.0,24,false
2025-01-15,1,20:00,18,1,S,1.0,18,false
2025-01-15,1,21:00,20,1,S,1.0,20,false
2025-01-15,1,22:00,22,1,S,1.0,22,false
2025-01-15,1,23:00,24,1,S,1.0,24,false
2025-01-16,1,20:00,18,2,S,0.9444444444444444,18,true
2025-01-16,1,21:00,20,2,S,0.95,20,true
2025-01-16,1,22:00,22,2,S,0.9545454545454546,22,true
2025-01-16,1,23:00,24,2,S,0.9583333333333334,24,true
2025-01-17,1,20:00,18,7,NE,0.3888888888888889,2,true
2025-01-17,1,21:00,20,7,NE,0.35,4,true
2025-01-17,1,22:00,22,7,NE,0.3181818181818182,6,true
2025-01-17,1,23:00,24,7,NE,0.2916666666666667,8,true
2025-01-18,1,20:00,18,4,S,0.5,17,true
2025-01-18,1,21:00,20,4,S,0.55,19,true
2025-01-18,1,22:00,22,4,S,0.5909090909090909,21,true
2025-01-18,1,23:00,24,4,S,0.5833333333333334,23,true
2025-01-19,1,20:00,18,5,S,0.3888888888888889,8,true
2025-01-19,1,21:00,20,5,S,0.45,10,true
2025-01-19,1,22:00,22,5,S,0.5,12,true
2025-01-19,1,23:00,24,5,S,0.5416666666666666,14,true
2025-01-20,1,20:00,18,2,S,0.7222222222222222,18,true
2025-01-20,1,21:00,20,2,S,0.75,20,true
2025-01-20,1,22:00,22,2,S,0.7272727272727273,22,true
2025-01-20,1,23:00,24,2,S,0.7083333333333334,24,true
2025-01-21,1,20:00,18,5,NE,0.5,1,true
2025-01-21,1,21:00,20,5,NE,0.45,1,true
2025-01-21,1,22:00,22,6,NE,0.4090909090909091,1,true
2025-01-21,1,23:00,24,6,NE,0.375,3,true
2025-01-22,1,20:00,18,5,S,0.3888888888888889,16,true
2025-01-22,1,21:00,20,5,SW,0.45,18,true
2025-01-22,1,22:00,22,5,S,0.4090909090909091,20,true
2025-01-22,1,23:00,24,5,S,0.4583333333333333,22,true
2025-01-23,1,20:00,18,2,N,0.9444444444444444,0,true
2025-01-23,1,21:00,20,2,N,0.95,0,true
2025-01-23,1,22:00,22,2,N,0.9545454545454546,0,true
2025-01-23,1,23:00,24,2,N,0.9583333333333334,0,true
2025-01-24,1,20:00,18,4,S,0.6666666666666666,14,true
2025-01-24,1,21:00,20,4,S,0.7,16,true
2025-01-24,1,22:00,22,4,S,0.7272727272727273,18,true
2025-01-24,1,23:00,24,4,S,0.75,20,true
2025-01-25,1,20:00,18,2,N,0.5,0,true
2025-01-25,1,21:00,20,2,NE,0.55,0,true
2025-01-25,1,22:00,22,2,N,0.5,0,true
2025-01-25,1,23:00,24,2,N,0.5416666666666666,0,true
2025-01-26,1,20:00,18,4,N,0.7777777777777778,3,true
2025-01-26,1,21:00,20,5,N,0.7,5,true
2025-01-26,1,22:00,22,5,N,0.6818181818181818,5,true
2025-01-26,1,23:00,24,5,N,0.6666666666666666,5,true
2025-01-27,1,20:00,18,3,S,0.6666666666666666,17,true
2025-01-27,1,21:00,20,3,S,0.7,19,true
2025-01-27,1,22:00,22,3,S,0.7272727272727273,21,true
2025-01-27,1,23:00,24,3,S,0.75,23,true
2025-01-28,1,20:00,18,5,NE,0.6666666666666666,3,true
2025-01-28,1,21:00,20,5,NE,0.65,3,true
2025-01-28,1,22:00,22,5,NE,0.5909090909090909,3,true
2025-01-28,1,23:00,24,5,NE,0.5416666666666666,3,true
2025-01-29,1,20:00,18,1,N,1.0,0,false
2025-01-29,1,21:00,20,1,N,1.0,0,false
2025-01-29,1,22:00,22,1,N,1.0,0,false
2025-01-29,1,23:00,24,1,N,1.0,0,false
2025-01-30,1,20:00,18,5,SW,0.5,11,true
2025-01-30,1,21:00,20,5,SW,0.55,13,true
2025-01-30,1,22:00,22,5,SW,0.5,15,true
2025-01-30,1,23:00,24,5,SW,0.4583333333333333,17,true
2025-01-31,1,20:00,18,4,N,0.7222222222222222,2,true
2025-01-31,1,21:00,20,4,N,0.75,2,true
2025-01-31,1,22:00,22,4,N,0.7727272727272727,2,true
2025-01-31,1,23:00,24,4,N,0.7916666666666666,2,true
2025-02-01,2,20:00,18,2,N,0.5,0,true
2025-02-01,2,21:00,20,2,N,0.55,0,true
2025-02-01,2,22:00,22,2,N,0.5909090909090909,0,true
2025-02-01,2,23:00,24,2,N,0.625,0,true
2025-02-02,2,20:00,18,3,S,0.6666666666666666,16,true
2025-02-02,2,21:00,20,3,S,0.7,18,true
2025-02-02,2,22:00,22,3,S,0.7272727272727273,20,true
2025-02-02,2,23:00,24,3,S,0.75,22,true
2025-02-03,2,20:00,18,3,NE,0.4444444444444444,0,true
2025-02-03,2,21:00,20,3,N,0.45,0,true
2025-02-03,2,22:00,22,3,N,0.5,0,true
2025-02-03,2,23:00,24,3,N,0.5416666666666666,0,true
2025-02-04,2,20:00,18,5,N,0.5555555555555556,2,true
2025-02-04,2,21:00,20,5,N,0.5,4,true
2025-02-04,2,22:00,22,5,N,0.45454545454545453,6,true
2025-02-04,2,23:00,24,5,N,0.4166666666666667,8,true
2025-02-05,2,20:00,18,2,S,0.5,18,true
2025-02-05,2,21:00,20,2,S,0.55,20,true
2025-02-05,2,22:00,22,2,S,0.5,22,true
2025-02-05,2,23:00,24,2,S,0.5,24,true
2025-02-06,2,20:00,18,1,N,1.0,0,false
2025-02-06,2,21:00,20,2,N,0.95,0,true
2025-02-06,2,22:00,22,2,N,0.9545454545454546,0,true
2025-02-06,2,23:00,24,4,N,0.875,2,true
2025-02-07,2,20:00,18,1,S,1.0,18,false
2025-02-07,2,21:00,20,1,S,1.0,20,false
2025-02-07,2,22:00,22,1,S,1.0,22,false
2025-02-07,2,23:00,24,1,S,1.0,24,false
2025-02-08,2,20:00,18,4,N,0.6111111111111112,2,true
2025-02-08,2,21:00,20,4,N,0.65,2,true
2025-02-08,2,22:00,22,4,N,0.6363636363636364,2,true
2025-02-08,2,23:00,24,4,N,0.6666666666666666,2,true
2025-02-09,2,20:00,18,1,N,1.0,0,false
2025-02-09,2,21:00,20,1,N,1.0,0,false
2025-02-09,2,22:00,22,1,N,1.0,0,false
2025-02-09,2,23:00,24,1,N,1.0,0,false
2025-02-10,2,20:00,18,2,S,0.9444444444444444,18,true
2025-02-10,2,21:00,20,2,S,0.95,20,true
2025-02-10,2,22:00,22,2,S,0.9545454545454546,22,true
2025-02-10,2,23:00,24,2,S,0.9583333333333334,24,true
2025-02-11,2,20:00,18,2,S,0.8888888888888888,18,true
2025-02-11,2,21:00,20,2,S,0.8,20,true
2025-02-11,2,22:00,22,2,S,0.7272727272727273,22,true
2025-02-11,2,23:00,24,2,S,0.7083333333333334,24,true
2025-02-12,2,20:00,18,4,SE,0.5,16,true
2025-02-12,2,21:00,20,4,S,0.45,18,true
2025-02-12,2,22:00,22,4,S,0.5,20,true
2025-02-12,2,23:00,24,4,S,0.5416666666666666,22,true
2025-02-13,2,20:00,18,5,S,0.3333333333333333,10,true
2025-02-13,2,21:00,20,6,S,0.3,12,true
2025-02-13,2,22:00,22,6,S,0.36363636363636365,14,true
2025-02-13,2,23:00,24,6,S,0.4166666666666667,16,true
2025-02-14,2,20:00,18,8,NE,0.4444444444444444,3,true
2025-02-14,2,21:00,20,8,NE,0.4,4,true
2025-02-14,2,22:00,22,8,NE,0.36363636363636365,6,true
2025-02-14,2,23:00,24,8,NE,0.3333333333333333,8,true
2025-02-15,2,20:00,18,3,N,0.7777777777777778,0,true
2025-02-15,2,21:00,20,3,N,0.8,0,true
2025-02-15,2,22:00,22,3,N,0.8181818181818182,0,true
2025-02-15,2,23:00,24,3,N,0.8333333333333334,0,true
2025-02-16,2,20:00,18,2,N,0.8888888888888888,0,true
2025-02-16,2,21:00,20,2,N,0.9,0,true
2025-02-16,2,22:00,22,2,N,0.9090909090909091,0,true
2025-02-16,2,23:00,24,2,N,0.9166666666666666,0,true
2025-02-17,2,20:00,18,6,N,0.3888888888888889,2,true
2025-02-17,2,21:00,20,6,N,0.35,4,true
2025-02-17,2,22:00,22,6,N,0.3181818181818182,6,true
2025-02-17,2,23:00,24,6,N,0.2916666666666667,8,true
2025-02-18,2,20:00,18,5,N,0.3888888888888889,7,true
2025-02-18,2,21:00,20,5,N,0.4,7,true
2025-02-18,2,22:00,22,5,N,0.4090909090909091,7,true
2025-02-18,2,23:00,24,5,N,0.4166666666666667,7,true
2025-02-19,2,20:00,18,1,N,1.0,0,false
2025-02-19,2,21:00,20,1,N,1.0,0,false
2025-02-19,2,22:00,22,1,N,1.0,0,false
2025-02-19,2,23:00,24,1,N,1.0,0,false
2025-02-20,2,20:00,18,2,N,0.5,0,true
2025-02-20,2,21:00,20,2,N,0.55,0,true
2025-02-20,2,22:00,22,2,N,0.5909090909090909,0,true
2025-02-20,2,23:00,24,2,N,0.625,0,true
2025-02-21,2,20:00,18,2,N,0.7222222222222222,0,true
2025-02-21,2,21:00,20,2,N,0.7,0,true
2025-02-21,2,22:00,22,2,N,0.6363636363636364,0,true
2025-02-21,2,23:00,24,2,N,0.625,0,true
2025-02-22,2,20:00,18,3,N,0.5,1,true
2025-02-22,2,21:00,20,3,N,0.5,1,true
2025-02-22,2,22:00,22,3,N,0.5454545454545454,1,true
2025-02-22,2,23:00,24,3,N,0.5416666666666666,1,true
2025-02-23,2,20:00,18,4,N,0.6666666666666666,3,true
2025-02-23,2,21:00,20,4,N,0.6,5,true
2025-02-23,2,22:00,22,4,N,0.5454545454545454,7,true
2025-02-23,2,23:00,24,5,N,0.5,9,true
2025-02-24,2,20:00,18,5,NE,0.4444444444444444,2,true
2025-02-24,2,21:00,20,5,NE,0.45,2,true
2025-02-24,2,22:00,22,5,NE,0.45454545454545453,3,true
2025-02-24,2,23:00,24,5,NE,0.4166666666666667,5,true
2025-02-25,2,20:00,18,1,N,1.0,0,false
2025-02-25,2,21:00,20,1,N,1.0,0,false
2025-02-25,2,22:00,22,1,N,1.0,0,false
2025-02-25,2,23:00,24,1,N,1.0,0,false
2025-02-26,2,20:00,18,3,N,0.7777777777777778,4,true
2025-02-26,2,21:00,20,3,N,0.7,6,true
2025-02-26,2,22:00,22,3,N,0.6363636363636364,8,true
2025-02-26,2,23:00,24,3,N,0.5833333333333334,10,true
2025-02-27,2,20:00,18,4,N,0.3888888888888889,2,true
2025-02-27,2,21:00,20,5,N,0.35,3,true
2025-02-27,2,22:00,22,6,N,0.3181818181818182,5,true
2025-02-27,2,23:00,24,6,N,0.2916666666666667,7,true
2025-02-28,2,20:00,18,3,N,0.5555555555555556,0,true
2025-02-28,2,21:00,20,5,N,0.5,1,true
2025-02-28,2,22:00,22,5,N,0.45454545454545453,3,true
2025-02-28,2,23:00,24,5,N,0.4166666666666667,5,true
2025-03-01,3,20:00,18,1,N,1.0,0,false
2025-03-01,3,21:00,20,1,N,1.0,0,false
2025-03-01,3,22:00,22,1,N,1.0,0,false
2025-03-01,3,23:00,24,1,N,1.0,0,false
2025-03-02,3,20:00,18,1,N,1.0,0,false
2025-03-02,3,21:00,20,1,N,1.0,0,false
2025-03-02,3,22:00,22,1,N,1.0,0,false
2025-03-02,3,23:00,24,1,N,1.0,0,false
2025-03-03,3,20:00,18,1,N,1.0,0,false
2025-03-03,3,21:00,20,1,N,1.0,0,false
2025-03-03,3,22:00,22,1,N,1.0,0,false
2025-03-03,3,23:00,24,1,N,1.0,0,false
2025-03-04,3,20:00,18,4,S,0.5555555555555556,14,true
2025-03-04,3,21:00,20,4,S,0.5,14,true
2025-03-04,3,22:00,22,5,S,0.45454545454545453,14,true
2025-03-04,3,23:00,24,6,S,0.4166666666666667,14,true
2025-03-05,3,20:00,18,1,S,1.0,18,false
2025-03-05,3,21:00,20,1,S,1.0,20,false
2025-03-05,3,22:00,22,1,S,1.0,22,false
2025-03-05,3,23:00,24,1,S,1.0,24,false
2025-03-06,3,20:00,18,1,S,1.0,18,false
2025-03-06,3,21:00,20,1,S,1.0,20,false
2025-03-06,3,22:00,22,1,S,1.0,22,false
2025-03-06,3,23:00,24,1,S,1.0,24,false
2025-03-07,3,20:00,18,4,NE,0.7222222222222222,3,true
2025-03-07,3,21:00,20,4,NE,0.7,3,true
2025-03-07,3,22:00,22,4,NE,0.6818181818181818,3,true
2025-03-07,3,23:00,24,4,NE,0.7083333333333334,3,true
2025-03-08,3,20:00,18,2,NE,0.6666666666666666,0,true
2025-03-08,3,21:00,20,2,NE,0.7,0,true
2025-03-08,3,22:00,22,2,NE,0.6363636363636364,0,true
2025-03-08,3,23:00,24,3,NE,0.5833333333333334,1,true
2025-03-09,3,20:00,18,1,S,1.0,18,false
2025-03-09,3,21:00,20,1,S,1.0,20,false
2025-03-09,3,22:00,22,1,S,1.0,22,false
2025-03-09,3,23:00,24,1,S,1.0,24,false
2025-03-10,3,20:00,18,5,SW,0.3888888888888889,14,true
2025-03-10,3,21:00,20,6,SW,0.35,14,true
2025-03-10,3,22:00,22,7,SW,0.36363636363636365,15,true
2025-03-10,3,23:00,24,7,SW,0.375,17,true
2025-03-11,3,20:00,18,2,N,0.9444444444444444,0,true
2025-03-11,3,21:00,20,2,N,0.95,0,true
2025-03-11,3,22:00,22,2,N,0.9545454545454546,0,true
2025-03-11,3,23:00,24,2,N,0.9583333333333334,0,true
2025-03-12,3,20:00,18,5,N,0.4444444444444444,6,true
2025-03-12,3,21:00,20,5,N,0.4,8,true
2025-03-12,3,22:00,22,5,S,0.4090909090909091,10,true
2025-03-12,3,23:00,24,5,S,0.4583333333333333,12,true
2025-03-13,3,20:00,18,1,S,1.0,18,false
2025-03-13,3,21:00,20,1,S,1.0,20,false
2025-03-13,3,22:00,22,1,S,1.0,22,false
2025-03-13,3,23:00,24,1,S,1.0,24,false
2025-03-14,3,20:00,18,2,N,0.7777777777777778,0,true
2025-03-14,3,21:00,20,2,N,0.8,0,true
2025-03-14,3,22:00,22,2,N,0.7727272727272727,0,true
2025-03-14,3,23:00,24,2,N,0.7916666666666666,0,true
2025-03-15,3,20:00,18,2,N,0.9444444444444444,0,true
2025-03-15,3,21:00,20,2,N,0.95,0,true
2025-03-15,3,22:00,22,2,N,0.9545454545454546,0,true
2025-03-15,3,23:00,24,2,N,0.9583333333333334,0,true
2025-03-16,3,20:00,18,1,N,1.0,0,false
2025-03-16,3,21:00,20,1,N,1.0,0,false
2025-03-16,3,22:00,22,1,N,1.0,0,false
2025-03-16,3,23:00,24,1,N,1.0,0,false
2025-03-17,3,20:00,18,1,N,1.0,0,false
2025-03-17,3,21:00,20,1,N,1.0,0,false
2025-03-17,3,22:00,22,1,N,1.0,0,false
2025-03-17,3,23:00,24,1,N,1.0,0,false
2025-03-18,3,20:00,18,1,N,1.0,0,false
2025-03-18,3,21:00,20,1,N,1.0,0,false
2025-03-18,3,22:00,22,1,N,1.0,0,false
2025-03-18,3,23:00,24,1,N,1.0,0,false
2025-03-19,3,20:00,18,4,S,0.7222222222222222,17,true
2025-03-19,3,21:00,20,5,S,0.65,17,true
2025-03-19,3,22:00,22,6,S,0.5909090909090909,17,true
2025-03-19,3,23:00,24,6,S,0.5416666666666666,17,true
2025-03-20,3,20:00,18,1,S,1.0,18,false
2025-03-20,3,21:00,20,1,S,1.0,20,false
2025-03-20,3,22:00,22,1,S,1.0,22,false
2025-03-20,3,23:00,24,1,S,1.0,24,false
2025-03-21,3,20:00,18,2,S,0.5,18,true
2025-03-21,3,21:00,20,2,S,0.55,20,true
2025-03-21,3,22:00,22,2,S,0.5909090909090909,22,true
2025-03-21,3,23:00,24,2,S,0.625,24,true
2025-03-22,3,20:00,18,2,N,0.6666666666666666,0,true
2025-03-22,3,21:00,20,2,N,0.7,0,true
2025-03-22,3,22:00,22,2,N,0.7272727272727273,0,true
2025-03-22,3,23:00,24,2,N,0.75,0,true
2025-03-23,3,20:00,18,1,N,1.0,0,false
2025-03-23,3,21:00,20,1,N,1.0,0,false
2025-03-23,3,22:00,22,1,N,1.0,0,false
2025-03-23,3,23:00,24,1,N,1.0,0,false
2025-03-24,3,20:00,18,3,N,0.5555555555555556,8,true
2025-03-24,3,21:00,20,3,N,0.5,10,true
2025-03-24,3,22:00,22,3,N,0.45454545454545453,12,true
2025-03-24,3,23:00,24,3,S,0.4583333333333333,14,true
2025-03-25,3,20:00,18,5,N,0.3333333333333333,1,true
2025-03-25,3,21:00,20,5,N,0.4,1,true
2025-03-25,3,22:00,22,5,N,0.45454545454545453,1,true
2025-03-25,3,23:00,24,5,N,0.4166666666666667,1,true
2025-03-26,3,20:00,18,2,S,0.9444444444444444,18,true
2025-03-26,3,21:00,20,3,S,0.85,20,true
2025-03-26,3,22:00,22,3,S,0.7727272727272727,22,true
2025-03-26,3,23:00,24,3,S,0.7083333333333334,24,true
2025-03-27,3,20:00,18,2,N,0.7777777777777778,0,true
2025-03-27,3,21:00,20,2,N,0.8,0,true
2025-03-27,3,22:00,22,2,N,0.8181818181818182,0,true
2025-03-27,3,23:00,24,2,N,0.8333333333333334,0,true
2025-03-28,3,20:00,18,4,S,0.4444444444444444,13,true
2025-03-28,3,21:00,20,4,S,0.45,15,true
2025-03-28,3,22:00,22,4,S,0.5,17,true
2025-03-28,3,23:00,24,5,S,0.5,19,true
2025-03-29,3,20:00,18,5,NE,0.5555555555555556,2,true
2025-03-29,3,21:00,20,5,NE,0.6,2,true
2025-03-29,3,22:00,22,6,NE,0.5454545454545454,2,true
2025-03-29,3,23:00,24,6,NE,0.5,4,true
2025-03-30,3,20:00,18,2,N,0.7222222222222222,0,true
2025-03-30,3,21:00,20,2,N,0.75,0,true
2025-03-30,3,22:00,22,2,N,0.7727272727272727,0,true
2025-03-30,3,23:00,24,2,N,0.7916666666666666,0,true
2025-03-31,3,20:00,18,1,S,1.0,18,false
2025-03-31,3,21:00,20,1,S,1.0,20,false
2025-03-31,3,22:00,22,2,S,0.9545454545454546,22,true
2025-03-31,3,23:00,24,2,S,0.9166666666666666,24,true
2025-04-01,4,20:00,18,2,N,0.8333333333333334,0,true
2025-04-01,4,21:00,20,2,N,0.85,0,true
2025-04-01,4,22:00,22,2,N,0.8636363636363636,0,true
2025-04-01,4,23:00,24,3,N,0.8333333333333334,0,true
2025-04-02,4,20:00,18,4,S,0.5,17,true
2025-04-02,4,21:00,20,4,S,0.5,19,true
2025-04-02,4,22:00,22,4,S,0.5454545454545454,21,true
2025-04-02,4,23:00,24,4,S,0.5833333333333334,23,true
2025-04-03,4,20:00,18,6,S,0.3333333333333333,9,true
2025-04-03,4,21:00,20,6,S,0.3,9,true
2025-04-03,4,22:00,22,6,N,0.2727272727272727,9,true
2025-04-03,4,23:00,24,6,N,0.3333333333333333,9,true
2025-04-04,4,20:00,18,2,N,0.9444444444444444,0,true
2025-04-04,4,21:00,20,2,N,0.95,0,true
2025-04-04,4,22:00,22,2,N,0.9545454545454546,0,true
2025-04-04,4,23:00,24,2,N,0.9583333333333334,0,true
2025-04-05,4,20:00,18,4,N,0.5,8,true
2025-04-05,4,21:00,20,4,N,0.45,10,true
2025-04-05,4,22:00,22,4,S,0.45454545454545453,12,true
2025-04-05,4,23:00,24,4,S,0.5,14,true
2025-04-06,4,20:00,18,2,N,0.8888888888888888,0,true
2025-04-06,4,21:00,20,2,N,0.9,0,true
2025-04-06,4,22:00,22,2,N,0.9090909090909091,0,true
2025-04-06,4,23:00,24,2,N,0.9166666666666666,0,true
2025-04-07,4,20:00,16,2,N,0.875,0,true
2025-04-07,4,21:00,18,2,N,0.8888888888888888,0,true
2025-04-07,4,22:00,20,2,N,0.9,0,true
2025-04-07,4,23:00,22,3,N,0.8636363636363636,0,true
2025-04-08,4,20:00,16,2,N,0.6875,0,true
2025-04-08,4,21:00,18,2,N,0.7222222222222222,0,true
2025-04-08,4,22:00,20,2,N,0.7,0,true
2025-04-08,4,23:00,22,2,N,0.6363636363636364,0,true
2025-04-09,4,20:00,16,1,S,1.0,16,false
2025-04-09,4,21:00,18,3,S,0.8888888888888888,17,true
2025-04-09,4,22:00,20,5,S,0.8,17,true
2025-04-09,4,23:00,22,5,S,0.8181818181818182,19,true
2025-04-10,4,20:00,16,2,N,0.875,0,true
2025-04-10,4,21:00,18,2,N,0.8333333333333334,0,true
2025-04-10,4,22:00,20,2,N,0.75,0,true
2025-04-10,4,23:00,22,2,N,0.7272727272727273,0,true
2025-04-11,4,20:00,16,2,N,0.625,0,true
2025-04-11,4,21:00,18,2,N,0.6111111111111112,0,true
2025-04-11,4,22:00,20,2,N,0.65,0,true
2025-04-11,4,23:00,22,2,N,0.6818181818181818,0,true
2025-04-12,4,20:00,16,1,N,1.0,0,false
2025-04-12,4,21:00,18,1,N,1.0,0,false
2025-04-12,4,22:00,20,1,N,1.0,0,false
2025-04-12,4,23:00,22,1,N,1.0,0,false
2025-04-13,4,20:00,16,2,SE,0.6875,16,true
2025-04-13,4,21:00,18,2,SE,0.7222222222222222,18,true
2025-04-13,4,22:00,20,2,SE,0.65,20,true
2025-04-13,4,23:00,22,2,SE,0.5909090909090909,22,true
2025-04-14,4,20:00,16,2,N,0.9375,0,true
2025-04-14,4,21:00,18,2,N,0.9444444444444444,0,true
2025-04-14,4,22:00,20,2,N,0.95,0,true
2025-04-14,4,23:00,22,2,N,0.9545454545454546,0,true
2025-04-15,4,20:00,16,1,S,1.0,16,false
2025-04-15,4,21:00,18,1,S,1.0,18,false
2025-04-15,4,22:00,20,1,S,1.0,20,false
2025-04-15,4,23:00,22,2,S,0.9545454545454546,22,true
2025-04-16,4,20:00,16,1,SE,1.0,16,false
2025-04-16,4,21:00,18,1,SE,1.0,18,false
2025-04-16,4,22:00,20,2,SE,0.95,19,true
2025-04-16,4,23:00,22,2,SE,0.9090909090909091,20,true
2025-04-17,4,20:00,16,6,E,0.375,3,true
2025-04-17,4,21:00,18,8,E,0.3333333333333333,4,true
2025-04-17,4,22:00,20,8,E,0.3,5,true
2025-04-17,4,23:00,22,8,E,0.2727272727272727,6,true
2025-04-18,4,20:00,16,7,S,0.375,9,true
2025-04-18,4,21:00,18,7,S,0.3333333333333333,10,true
2025-04-18,4,22:00,20,7,S,0.35,12,true
2025-04-18,4,23:00,22,7,S,0.4090909090909091,14,true
2025-04-19,4,20:00,16,3,N,0.5,0,true
2025-04-19,4,21:00,18,3,N,0.5555555555555556,0,true
2025-04-19,4,22:00,20,3,N,0.55,0,true
2025-04-19,4,23:00,22,4,N,0.5454545454545454,0,true
2025-04-20,4,20:00,16,1,N,1.0,0,false
2025-04-20,4,21:00,18,1,N,1.0,0,false
2025-04-20,4,22:00,20,1,N,1.0,0,false
2025-04-20,4,23:00,22,1,N,1.0,0,false
2025-04-21,4,20:00,16,2,S,0.8125,13,true
2025-04-21,4,21:00,18,2,S,0.8333333333333334,15,true
2025-04-21,4,22:00,20,2,S,0.85,17,true
2025-04-21,4,23:00,22,2,S,0.8636363636363636,19,true
2025-04-22,4,20:00,16,1,S,1.0,16,false
2025-04-22,4,21:00,18,1,S,1.0,18,false
2025-04-22,4,22:00,20,1,S,1.0,20,false
2025-04-22,4,23:00,22,1,S,1.0,22,false
2025-04-23,4,20:00,16,2,S,0.9375,16,true
2025-04-23,4,21:00,18,2,S,0.9444444444444444,18,true
2025-04-23,4,22:00,20,2,S,0.95,20,true
2025-04-23,4,23:00,22,2,S,0.9545454545454546,22,true
2025-04-24,4,20:00,16,5,NE,0.25,6,true
2025-04-24,4,21:00,18,5,NE,0.2777777777777778,6,true
2025-04-24,4,22:00,20,5,N,0.3,6,true
2025-04-24,4,23:00,22,5,N,0.36363636363636365,6,true
2025-04-25,4,20:00,16,2,NE,0.875,0,true
2025-04-25,4,21:00,18,2,NE,0.7777777777777778,0,true
2025-04-25,4,22:00,20,2,NE,0.7,0,true
2025-04-25,4,23:00,22,2,NE,0.6363636363636364,0,true
2025-04-26,4,20:00,16,2,NE,0.5625,0,true
2025-04-26,4,21:00,18,2,NE,0.5555555555555556,0,true
2025-04-26,4,22:00,20,2,N,0.5,0,true
2025-04-26,4,23:00,22,2,N,0.5,0,true
2025-04-27,4,20:00,16,1,N,1.0,0,false
2025-04-27,4,21:00,18,1,N,1.0,0,false
2025-04-27,4,22:00,20,1,N,1.0,0,false
2025-04-27,4,23:00,22,1,N,1.0,0,false
2025-04-28,4,20:00,16,2,N,0.6875,0,true
2025-04-28,4,21:00,18,2,N,0.7222222222222222,0,true
2025-04-28,4,22:00,20,2,N,0.75,0,true
2025-04-28,4,23:00,22,2,N,0.7727272727272727,0,true
2025-04-29,4,20:00,16,1,S,1.0,16,false
2025-04-29,4,21:00,18,1,S,1.0,18,false
2025-04-29,4,22:00,20,1,S,1.0,20,false
2025-04-29,4,23:00,22,1,S,1.0,22,false
2025-04-30,4,20:00,16,2,S,0.5,16,true
2025-04-30,4,21:00,18,2,S,0.5555555555555556,18,true
2025-04-30,4,22:00,20,2,S,0.6,20,true
2025-04-30,4,23:00,22,2,S,0.6363636363636364,22,true
2025-05-01,5,20:00,16,2,SW,0.875,16,true
2025-05-01,5,21:00,18,2,SW,0.8888888888888888,18,true
2025-05-01,5,22:00,20,2,SW,0.9,20,true
2025-05-01,5,23:00,22,2,SW,0.9090909090909091,22,true
2025-05-02,5,20:00,16,1,S,1.0,16,false
2025-05-02,5,21:00,18,1,S,1.0,18,false
2025-05-02,5,22:00,20,1,S,1.0,20,false
2025-05-02,5,23:00,22,1,S,1.0,22,false
2025-05-03,5,20:00,16,1,S,1.0,16,false
2025-05-03,5,21:00,18,2,S,0.8888888888888888,18,true
2025-05-03,5,22:00,20,2,S,0.8,20,true
2025-05-03,5,23:00,22,2,S,0.7272727272727273,22,true
2025-05-04,5,20:00,16,3,S,0.75,12,true
2025-05-04,5,21:00,18,3,S,0.7777777777777778,14,true
2025-05-04,5,22:00,20,3,S,0.8,16,true
2025-05-04,5,23:00,22,3,S,0.8181818181818182,18,true
2025-05-05,5,20:00,16,3,NE,0.8125,2,true
2025-05-05,5,21:00,18,4,NE,0.7222222222222222,2,true
2025-05-05,5,22:00,20,4,NE,0.65,2,true
2025-05-05,5,23:00,22,4,NE,0.6363636363636364,2,true
2025-05-06,5,20:00,16,2,N,0.6875,0,true
2025-05-06,5,21:00,18,2,N,0.7222222222222222,0,true
2025-05-06,5,22:00,20,2,N,0.75,0,true
2025-05-06,5,23:00,22,2,N,0.7727272727272727,0,true
2025-05-07,5,20:00,16,1,N,1.0,0,false
2025-05-07,5,21:00,18,1,N,1.0,0,false
2025-05-07,5,22:00,20,1,N,1.0,0,false
2025-05-07,5,23:00,22,1,N,1.0,0,false
2025-05-08,5,20:00,16,1,N,1.0,0,false
2025-05-08,5,21:00,18,1,N,1.0,0,false
2025-05-08,5,22:00,20,1,N,1.0,0,false
2025-05-08,5,23:00,22,1,N,1.0,0,false
2025-05-09,5,20:00,16,1,N,1.0,0,false
2025-05-09,5,21:00,18,1,N,1.0,0,false
2025-05-09,5,22:00,20,1,N,1.0,0,false
2025-05-09,5,23:00,22,1,N,1.0,0,false
2025-05-10,5,20:00,16,1,S,1.0,16,false
2025-05-10,5,21:00,18,3,S,0.8888888888888888,16,true
2025-05-10,5,22:00,20,3,S,0.8,16,true
2025-05-10,5,23:00,22,3,S,0.7272727272727273,16,true
2025-05-11,5,20:00,16,3,N,0.625,0,true
2025-05-11,5,21:00,18,4,N,0.6111111111111112,1,true
2025-05-11,5,22:00,20,4,N,0.55,3,true
2025-05-11,5,23:00,22,4,N,0.5,5,true
2025-05-12,5,20:00,16,2,N,0.875,0,true
2025-05-12,5,21:00,18,2,N,0.8888888888888888,0,true
2025-05-12,5,22:00,20,2,N,0.9,0,true
2025-05-12,5,23:00,22,2,N,0.9090909090909091,0,true
2025-05-13,5,20:00,16,1,N,1.0,0,false
2025-05-13,5,21:00,18,1,N,1.0,0,false
2025-05-13,5,22:00,20,1,N,1.0,0,false
2025-05-13,5,23:00,22,1,N,1.0,0,false
2025-05-14,5,20:00,16,3,S,0.5625,15,true
2025-05-14,5,21:00,18,5,S,0.5,15,true
2025-05-14,5,22:00,20,5,S,0.45,15,true
2025-05-14,5,23:00,22,6,S,0.4090909090909091,17,true
2025-05-15,5,20:00,16,1,N,1.0,0,false
2025-05-15,5,21:00,18,1,N,1.0,0,false
2025-05-15,5,22:00,20,1,N,1.0,0,false
2025-05-15,5,23:00,22,1,N,1.0,0,false
2025-05-16,5,20:00,16,2,NE,0.5625,0,true
2025-05-16,5,21:00,18,2,NE,0.5555555555555556,0,true
2025-05-16,5,22:00,20,2,N,0.5,0,true
2025-05-16,5,23:00,22,2,N,0.5454545454545454,0,true
2025-05-17,5,20:00,16,2,N,0.9375,0,true
2025-05-17,5,21:00,18,2,N,0.9444444444444444,0,true
2025-05-17,5,22:00,20,2,N,0.95,0,true
2025-05-17,5,23:00,22,2,N,0.9545454545454546,0,true
2025-05-18,5,20:00,16,2,N,0.9375,0,true
2025-05-18,5,21:00,18,2,N,0.9444444444444444,0,true
2025-05-18,5,22:00,20,2,N,0.95,0,true
2025-05-18,5,23:00,22,2,N,0.9090909090909091,0,true
2025-05-19,5,20:00,16,1,S,1.0,16,false
2025-05-19,5,21:00,18,1,S,1.0,18,false
2025-05-19,5,22:00,20,1,S,1.0,20,false
2025-05-19,5,23:00,22,1,S,1.0,22,false
2025-05-20,5,20:00,16,2,NE,0.8125,0,true
2025-05-20,5,21:00,18,2,NE,0.8333333333333334,0,true
2025-05-20,5,22:00,20,2,NE,0.85,0,true
2025-05-20,5,23:00,22,2,NE,0.8181818181818182,0,true
2025-05-21,5,20:00,16,2,S,0.9375,16,true
2025-05-21,5,21:00,18,2,S,0.8333333333333334,18,true
2025-05-21,5,22:00,20,2,S,0.85,20,true
2025-05-21,5,23:00,22,2,S,0.8636363636363636,22,true
2025-05-22,5,20:00,16,2,N,0.8125,0,true
2025-05-22,5,21:00,18,2,N,0.8333333333333334,0,true
2025-05-22,5,22:00,20,2,N,0.85,0,true
2025-05-22,5,23:00,22,2,N,0.8636363636363636,0,true
2025-05-23,5,20:00,16,2,N,0.9375,0,true
2025-05-23,5,21:00,18,2,N,0.9444444444444444,0,true
2025-05-23,5,22:00,20,2,N,0.95,0,true
2025-05-23,5,23:00,22,3,N,0.9090909090909091,1,true
2025-05-24,5,20:00,16,2,N,0.5,0,true
2025-05-24,5,21:00,18,2,N,0.5555555555555556,0,true
2025-05-24,5,22:00,20,2,N,0.6,0,true
2025-05-24,5,23:00,22,2,N,0.5909090909090909,0,true
2025-05-25,5,20:00,16,2,N,0.8125,0,true
2025-05-25,5,21:00,18,2,N,0.8333333333333334,0,true
2025-05-25,5,22:00,20,2,N,0.85,0,true
2025-05-25,5,23:00,22,2,N,0.8636363636363636,0,true
2025-05-26,5,20:00,16,1,N,1.0,0,false
2025-05-26,5,21:00,18,1,N,1.0,0,false
2025-05-26,5,22:00,20,1,N,1.0,0,false
2025-05-26,5,23:00,22,1,N,1.0,0,false
2025-05-27,5,20:00,16,4,N,0.5625,0,true
2025-05-27,5,21:00,18,5,N,0.5,1,true
2025-05-27,5,22:00,20,5,N,0.45,3,true
2025-05-27,5,23:00,22,7,N,0.4090909090909091,5,true
2025-05-28,5,20:00,16,2,N,0.625,0,true
2025-05-28,5,21:00,18,2,N,0.6666666666666666,0,true
2025-05-28,5,22:00,20,2,N,0.7,0,true
2025-05-28,5,23:00,22,2,N,0.6818181818181818,0,true
2025-05-29,5,20:00,16,2,N,0.9375,0,true
2025-05-29,5,21:00,18,2,N,0.9444444444444444,0,true
2025-05-29,5,22:00,20,2,N,0.95,0,true
2025-05-29,5,23:00,22,2,N,0.9545454545454546,0,true
2025-05-30,5,20:00,16,4,S,0.5625,10,true
2025-05-30,5,21:00,18,4,S,0.5,10,true
2025-05-30,5,22:00,20,4,S,0.45,10,true
2025-05-30,5,23:00,22,4,S,0.4090909090909091,10,true
2025-05-31,5,20:00,16,2,N,0.6875,0,true
2025-05-31,5,21:00,18,2,N,0.7222222222222222,0,true
2025-05-31,5,22:00,20,2,N,0.75,0,true
2025-05-31,5,23:00,22,2,N,0.7727272727272727,0,true
2025-06-01,6,20:00,16,4,N,0.625,1,true
2025-06-01,6,21:00,18,6,N,0.5555555555555556,2,true
2025-06-01,6,22:00,20,7,N,0.5,4,true
2025-06-01,6,23:00,22,7,N,0.45454545454545453,6,true
2025-06-02,6,20:00,16,2,N,0.9375,0,true
2025-06-02,6,21:00,18,2,N,0.9444444444444444,0,true
2025-06-02,6,22:00,20,2,N,0.95,0,true
2025-06-02,6,23:00,22,2,N,0.9545454545454546,0,true
2025-06-03,6,20:00,16,2,N,0.9375,0,true
2025-06-03,6,21:00,18,2,N,0.9444444444444444,0,true
2025-06-03,6,22:00,20,2,N,0.95,0,true
2025-06-03,6,23:00,22,2,N,0.9545454545454546,0,true
2025-06-04,6,20:00,16,1,N,1.0,0,false
2025-06-04,6,21:00,18,1,N,1.0,0,false
2025-06-04,6,22:00,20,2,N,0.95,0,true
2025-06-04,6,23:00,22,2,N,0.8636363636363636,0,true
2025-06-05,6,20:00,16,1,N,1.0,0,false
2025-06-05,6,21:00,18,2,N,0.8888888888888888,2,true
2025-06-05,6,22:00,20,3,N,0.8,4,true
2025-06-05,6,23:00,22,4,N,0.7727272727272727,4,true
2025-06-06,6,20:00,16,4,N,0.5625,0,true
2025-06-06,6,21:00,18,4,N,0.6111111111111112,0,true
2025-06-06,6,22:00,20,5,N,0.55,2,true
2025-06-06,6,23:00,22,6,N,0.5,2,true
2025-06-07,6,20:00,16,1,S,1.0,16,false
2025-06-07,6,21:00,18,1,S,1.0,18,false
2025-06-07,6,22:00,20,1,S,1.0,20,false
2025-06-07,6,23:00,22,1,S,1.0,22,false
2025-06-08,6,20:00,16,3,SW,0.8125,14,true
2025-06-08,6,21:00,18,3,SW,0.7777777777777778,15,true
2025-06-08,6,22:00,20,3,SW,0.8,17,true
2025-06-08,6,23:00,22,3,SW,0.7727272727272727,18,true
2025-06-09,6,20:00,16,5,NE,0.25,8,true
2025-06-09,6,21:00,18,5,S,0.2777777777777778,10,true
2025-06-09,6,22:00,20,5,S,0.3,12,true
2025-06-09,6,23:00,22,5,S,0.36363636363636365,14,true
2025-06-10,6,20:00,16,2,S,0.9375,16,true
2025-06-10,6,21:00,18,2,S,0.9444444444444444,18,true
2025-06-10,6,22:00,20,3,S,0.85,19,true
2025-06-10,6,23:00,22,4,S,0.8181818181818182,20,true
2025-06-11,6,20:00,16,3,N,0.75,0,true
2025-06-11,6,21:00,18,3,N,0.7777777777777778,0,true
2025-06-11,6,22:00,20,3,N,0.8,0,true
2025-06-11,6,23:00,22,3,N,0.8181818181818182,0,true
2025-06-12,6,20:00,16,4,S,0.5,9,true
2025-06-12,6,21:00,18,4,S,0.5555555555555556,11,true
2025-06-12,6,22:00,20,4,S,0.6,13,true
2025-06-12,6,23:00,22,4,S,0.6363636363636364,15,true
2025-06-13,6,20:00,16,4,S,0.5,8,true
2025-06-13,6,21:00,18,4,S,0.5555555555555556,10,true
2025-06-13,6,22:00,20,4,S,0.6,12,true
2025-06-13,6,23:00,22,4,S,0.6363636363636364,14,true
2025-06-14,6,20:00,16,1,S,1.0,16,false
2025-06-14,6,21:00,18,2,S,0.9444444444444444,18,true
2025-06-14,6,22:00,20,2,S,0.9,20,true
2025-06-14,6,23:00,22,2,S,0.8636363636363636,22,true
2025-06-15,6,20:00,16,2,NE,0.75,0,true
2025-06-15,6,21:00,18,2,NE,0.7777777777777778,0,true
2025-06-15,6,22:00,20,2,NE,0.8,0,true
2025-06-15,6,23:00,22,2,NE,0.7727272727272727,0,true
2025-06-16,6,20:00,16,2,SE,0.875,16,true
2025-06-16,6,21:00,18,2,SE,0.8888888888888888,18,true
2025-06-16,6,22:00,20,2,SE,0.9,20,true
2025-06-16,6,23:00,22,2,SE,0.9090909090909091,22,true
2025-06-17,6,20:00,16,4,SE,0.6875,13,true
2025-06-17,6,21:00,18,4,SE,0.6111111111111112,13,true
2025-06-17,6,22:00,20,4,SE,0.55,13,true
2025-06-17,6,23:00,22,4,SE,0.5,15,true
2025-06-18,6,20:00,16,2,NE,0.8125,0,true
2025-06-18,6,21:00,18,2,NE,0.7777777777777778,0,true
2025-06-18,6,22:00,20,2,NE,0.75,0,true
2025-06-18,6,23:00,22,2,NE,0.6818181818181818,0,true
2025-06-19,6,20:00,16,2,N,0.8125,0,true
2025-06-19,6,21:00,18,2,N,0.8333333333333334,0,true
2025-06-19,6,22:00,20,2,N,0.75,0,true
2025-06-19,6,23:00,22,2,N,0.7272727272727273,0,true
2025-06-20,6,20:00,16,2,N,0.9375,0,true
2025-06-20,6,21:00,18,2,N,0.9444444444444444,0,true
2025-06-20,6,22:00,20,2,N,0.95,0,true
2025-06-20,6,23:00,22,2,N,0.9545454545454546,0,true
2025-06-21,6,20:00,16,1,S,1.0,16,false
2025-06-21,6,21:00,18,1,S,1.0,18,false
2025-06-21,6,22:00,20,1,S,1.0,20,false
2025-06-21,6,23:00,22,1,S,1.0,22,false
2025-06-22,6,20:00,16,3,S,0.875,14,true
2025-06-22,6,21:00,18,4,S,0.7777777777777778,14,true
2025-06-22,6,22:00,20,4,S,0.7,14,true
2025-06-22,6,23:00,22,4,S,0.6363636363636364,14,true
2025-06-23,6,20:00,16,3,S,0.75,14,true
2025-06-23,6,21:00,18,3,S,0.6666666666666666,16,true
2025-06-23,6,22:00,20,3,S,0.7,18,true
2025-06-23,6,23:00,22,3,S,0.7272727272727273,20,true
2025-06-24,6,20:00,16,2,N,0.8125,0,true
2025-06-24,6,21:00,18,2,N,0.8333333333333334,0,true
2025-06-24,6,22:00,20,2,N,0.85,0,true
2025-06-24,6,23:00,22,2,N,0.8636363636363636,0,true
2025-06-25,6,20:00,16,1,N,1.0,0,false
2025-06-25,6,21:00,18,1,N,1.0,0,false
2025-06-25,6,22:00,20,1,N,1.0,0,false
2025-06-25,6,23:00,22,2,N,0.9545454545454546,0,true
2025-06-26,6,20:00,16,1,N,1.0,0,false
2025-06-26,6,21:00,18,1,N,1.0,0,false
2025-06-26,6,22:00,20,1,N,1.0,0,false
2025-06-26,6,23:00,22,1,N,1.0,0,false
2025-06-27,6,20:00,16,4,N,0.6875,1,true
2025-06-27,6,21:00,18,5,N,0.6111111111111112,3,true
2025-06-27,6,22:00,20,6,N,0.55,5,true
2025-06-27,6,23:00,22,6,N,0.5,7,true
2025-06-28,6,20:00,16,7,N,0.4375,2,true
2025-06-28,6,21:00,18,7,N,0.5,2,true
2025-06-28,6,22:00,20,7,N,0.45,2,true
2025-06-28,6,23:00,22,7,N,0.5,2,true
2025-06-29,6,20:00,16,1,S,1.0,16,false
2025-06-29,6,21:00,18,2,S,0.9444444444444444,18,true
2025-06-29,6,22:00,20,2,S,0.85,20,true
2025-06-29,6,23:00,22,2,S,0.8636363636363636,22,true
2025-06-30,6,20:00,16,2,N,0.6875,0,true
2025-06-30,6,21:00,18,2,N,0.6666666666666666,0,true
2025-06-30,6,22:00,20,2,N,0.6,0,true
2025-06-30,6,23:00,22,2,N,0.5454545454545454,0,true
2025-07-01,7,20:00,16,2,NE,0.625,0,true
2025-07-01,7,21:00,18,2,NE,0.6666666666666666,0,true
2025-07-01,7,22:00,20,2,NE,0.7,0,true
2025-07-01,7,23:00,22,2,NE,0.6818181818181818,0,true
2025-07-02,7,20:00,16,2,N,0.8125,0,true
2025-07-02,7,21:00,18,2,N,0.8333333333333334,0,true
2025-07-02,7,22:00,20,2,N,0.85,0,true
2025-07-02,7,23:00,22,2,N,0.8636363636363636,0,true
2025-07-03,7,20:00,16,5,N,0.4375,0,true
2025-07-03,7,21:00,18,5,N,0.3888888888888889,0,true
2025-07-03,7,22:00,20,5,N,0.4,0,true
2025-07-03,7,23:00,22,5,NE,0.4090909090909091,0,true
2025-07-04,7,20:00,16,4,S,0.4375,12,true
2025-07-04,7,21:00,18,4,S,0.4444444444444444,14,true
2025-07-04,7,22:00,20,4,S,0.4,15,true
2025-07-04,7,23:00,22,4,S,0.36363636363636365,15,true
2025-07-05,7,20:00,16,1,S,1.0,16,false
2025-07-05,7,21:00,18,1,S,1.0,18,false
2025-07-05,7,22:00,20,1,S,1.0,20,false
2025-07-05,7,23:00,22,1,S,1.0,22,false
2025-07-06,7,20:00,16,2,S,0.75,16,true
2025-07-06,7,21:00,18,2,S,0.7777777777777778,18,true
2025-07-06,7,22:00,20,2,S,0.8,20,true
2025-07-06,7,23:00,22,2,S,0.8181818181818182,22,true
2025-07-07,7,20:00,16,2,SE,0.75,16,true
2025-07-07,7,21:00,18,2,SE,0.7777777777777778,18,true
2025-07-07,7,22:00,20,2,SE,0.8,20,true
2025-07-07,7,23:00,22,2,SE,0.8181818181818182,22,true
2025-07-08,7,20:00,16,3,NE,0.6875,0,true
2025-07-08,7,21:00,18,3,NE,0.6666666666666666,0,true
2025-07-08,7,22:00,20,3,NE,0.7,0,true
2025-07-08,7,23:00,22,3,NE,0.6818181818181818,0,true
2025-07-09,7,20:00,16,3,NE,0.75,0,true
2025-07-09,7,21:00,18,3,NE,0.6666666666666666,0,true
2025-07-09,7,22:00,20,3,NE,0.65,0,true
2025-07-09,7,23:00,22,3,NE,0.5909090909090909,0,true
2025-07-10,7,20:00,16,2,N,0.6875,0,true
2025-07-10,7,21:00,18,2,N,0.7222222222222222,0,true
2025-07-10,7,22:00,20,2,N,0.7,0,true
2025-07-10,7,23:00,22,2,N,0.7272727272727273,0,true
2025-07-11,7,20:00,16,1,N,1.0,0,false
2025-07-11,7,21:00,18,2,N,0.9444444444444444,0,true
2025-07-11,7,22:00,20,3,N,0.85,0,true
2025-07-11,7,23:00,22,3,N,0.8636363636363636,0,true
2025-07-12,7,20:00,16,2,N,0.625,0,true
2025-07-12,7,21:00,18,2,N,0.6111111111111112,0,true
2025-07-12,7,22:00,20,2,N,0.65,0,true
2025-07-12,7,23:00,22,2,N,0.6818181818181818,0,true
2025-07-13,7,20:00,16,2,N,0.9375,0,true
2025-07-13,7,21:00,18,2,N,0.8888888888888888,0,true
2025-07-13,7,22:00,20,2,N,0.85,0,true
2025-07-13,7,23:00,22,2,N,0.8181818181818182,0,true
2025-07-14,7,20:00,16,2,N,0.6875,0,true
2025-07-14,7,21:00,18,2,N,0.7222222222222222,0,true
2025-07-14,7,22:00,20,2,N,0.75,0,true
2025-07-14,7,23:00,22,2,N,0.7727272727272727,0,true
2025-07-15,7,20:00,16,2,N,0.75,0,true
2025-07-15,7,21:00,18,2,N,0.7222222222222222,0,true
2025-07-15,7,22:00,20,2,N,0.75,0,true
2025-07-15,7,23:00,22,2,N,0.7272727272727273,0,true
2025-07-16,7,20:00,16,4,S,0.5,13,true
2025-07-16,7,21:00,18,5,S,0.4444444444444444,13,true
2025-07-16,7,22:00,20,5,S,0.4,13,true
2025-07-16,7,23:00,22,5,S,0.36363636363636365,13,true
2025-07-17,7,20:00,16,4,N,0.5,0,true
2025-07-17,7,21:00,18,4,N,0.4444444444444444,0,true
2025-07-17,7,22:00,20,4,N,0.5,0,true
2025-07-17,7,23:00,22,5,N,0.5,0,true
2025-07-18,7,20:00,16,2,SE,0.9375,16,true
2025-07-18,7,21:00,18,2,SE,0.8888888888888888,18,true
2025-07-18,7,22:00,20,2,SE,0.85,20,true
2025-07-18,7,23:00,22,2,SE,0.8636363636363636,22,true
2025-07-19,7,20:00,16,2,NE,0.875,0,true
2025-07-19,7,21:00,18,2,NE,0.8333333333333334,0,true
2025-07-19,7,22:00,20,2,NE,0.85,0,true
2025-07-19,7,23:00,22,2,NE,0.8181818181818182,0,true
2025-07-20,7,20:00,16,2,S,0.875,16,true
2025-07-20,7,21:00,18,2,S,0.8888888888888888,18,true
2025-07-20,7,22:00,20,2,S,0.9,20,true
2025-07-20,7,23:00,22,2,S,0.9090909090909091,22,true
2025-07-21,7,20:00,16,1,S,1.0,16,false
2025-07-21,7,21:00,18,1,S,1.0,18,false
2025-07-21,7,22:00,20,1,S,1.0,20,false
2025-07-21,7,23:00,22,1,S,1.0,22,false
2025-07-22,7,20:00,16,1,S,1.0,16,false
2025-07-22,7,21:00,18,2,S,0.9444444444444444,18,true
2025-07-22,7,22:00,20,2,S,0.95,20,true
2025-07-22,7,23:00,22,2,S,0.9545454545454546,22,true
2025-07-23,7,20:00,16,1,S,1.0,16,false
2025-07-23,7,21:00,18,1,S,1.0,18,false
2025-07-23,7,22:00,20,1,S,1.0,20,false
2025-07-23,7,23:00,22,1,S,1.0,22,false
2025-07-24,7,20:00,16,2,NE,0.9375,0,true
2025-07-24,7,21:00,18,2,NE,0.8888888888888888,0,true
2025-07-24,7,22:00,20,2,NE,0.8,0,true
2025-07-24,7,23:00,22,2,NE,0.7727272727272727,0,true
2025-07-25,7,20:00,16,2,NE,0.875,0,true
2025-07-25,7,21:00,18,2,NE,0.7777777777777778,0,true
2025-07-25,7,22:00,20,2,NE,0.7,0,true
2025-07-25,7,23:00,22,2,NE,0.7272727272727273,0,true
2025-07-26,7,20:00,16,2,NE,0.5625,0,true
2025-07-26,7,21:00,18,2,NE,0.6111111111111112,0,true
2025-07-26,7,22:00,20,2,NE,0.55,0,true
2025-07-26,7,23:00,22,2,NE,0.5454545454545454,0,true
2025-07-27,7,20:00,16,2,NE,0.6875,0,true
2025-07-27,7,21:00,18,2,NE,0.7222222222222222,0,true
2025-07-27,7,22:00,20,2,NE,0.75,0,true
2025-07-27,7,23:00,22,2,NE,0.6818181818181818,0,true
2025-07-28,7,20:00,16,1,N,1.0,0,false
2025-07-28,7,21:00,18,2,N,0.9444444444444444,0,true
2025-07-28,7,22:00,20,2,N,0.95,0,true
2025-07-28,7,23:00,22,2,N,0.9545454545454546,0,true
2025-07-29,7,20:00,16,2,NE,0.6875,0,true
2025-07-29,7,21:00,18,2,NE,0.6666666666666666,0,true
2025-07-29,7,22:00,20,2,NE,0.6,0,true
2025-07-29,7,23:00,22,2,NE,0.5454545454545454,0,true
2025-07-30,7,20:00,16,4,N,0.625,0,true
2025-07-30,7,21:00,18,4,N,0.6666666666666666,0,true
2025-07-30,7,22:00,20,4,N,0.7,0,true
2025-07-30,7,23:00,22,4,N,0.7272727272727273,0,true
2025-07-31,7,20:00,16,2,S,0.6875,16,true
2025-07-31,7,21:00,18,2,S,0.7222222222222222,18,true
2025-07-31,7,22:00,20,2,S,0.75,20,true
2025-07-31,7,23:00,22,2,S,0.7727272727272727,22,true
2025-08-01,8,20:00,16,1,S,1.0,16,false
2025-08-01,8,21:00,18,1,S,1.0,18,false
2025-08-01,8,22:00,20,1,S,1.0,20,false
2025-08-01,8,23:00,22,1,S,1.0,22,false
2025-08-02,8,20:00,16,5,N,0.5,2,true
2025-08-02,8,21:00,18,5,N,0.5555555555555556,2,true
2025-08-02,8,22:00,20,5,N,0.55,2,true
2025-08-02,8,23:00,22,5,N,0.5909090909090909,2,true
2025-08-03,8,20:00,16,1,S,1.0,16,false
2025-08-03,8,21:00,18,1,S,1.0,18,false
2025-08-03,8,22:00,20,1,S,1.0,20,false
2025-08-03,8,23:00,22,1,S,1.0,22,false
2025-08-04,8,20:00,16,2,S,0.8125,16,true
2025-08-04,8,21:00,18,2,S,0.7777777777777778,18,true
2025-08-04,8,22:00,20,2,S,0.8,20,true
2025-08-04,8,23:00,22,2,S,0.7272727272727273,22,true
2025-08-05,8,20:00,16,4,SE,0.6875,11,true
2025-08-05,8,21:00,18,4,SE,0.6111111111111112,11,true
2025-08-05,8,22:00,20,4,SE,0.55,11,true
2025-08-05,8,23:00,22,4,SE,0.5,11,true
2025-08-06,8,20:00,16,3,NE,0.625,0,true
2025-08-06,8,21:00,18,3,NE,0.6666666666666666,0,true
2025-08-06,8,22:00,20,3,NE,0.6,0,true
2025-08-06,8,23:00,22,3,NE,0.5454545454545454,0,true
2025-08-07,8,20:00,16,2,N,0.625,0,true
2025-08-07,8,21:00,18,2,N,0.6666666666666666,0,true
2025-08-07,8,22:00,20,2,N,0.7,0,true
2025-08-07,8,23:00,22,2,N,0.7272727272727273,0,true
2025-08-08,8,20:00,16,2,N,0.9375,0,true
2025-08-08,8,21:00,18,2,N,0.8888888888888888,0,true
2025-08-08,8,22:00,20,2,N,0.9,0,true
2025-08-08,8,23:00,22,2,N,0.9090909090909091,0,true
2025-08-09,8,20:00,16,1,S,1.0,16,false
2025-08-09,8,21:00,18,1,S,1.0,18,false
2025-08-09,8,22:00,20,1,S,1.0,20,false
2025-08-09,8,23:00,22,1,S,1.0,22,false
2025-08-10,8,20:00,16,1,S,1.0,16,false
2025-08-10,8,21:00,18,1,S,1.0,18,false
2025-08-10,8,22:00,20,1,S,1.0,20,false
2025-08-10,8,23:00,22,1,S,1.0,22,false
2025-08-11,8,20:00,16,1,S,1.0,16,false
2025-08-11,8,21:00,18,1,S,1.0,18,false
2025-08-11,8,22:00,20,1,S,1.0,20,false
2025-08-11,8,23:00,22,1,S,1.0,22,false
2025-08-12,8,20:00,16,1,S,1.0,16,false
2025-08-12,8,21:00,18,1,S,1.0,18,false
2025-08-12,8,22:00,20,1,S,1.0,20,false
2025-08-12,8,23:00,22,1,S,1.0,22,false
2025-08-13,8,20:00,16,1,S,1.0,16,false
2025-08-13,8,21:00,18,2,S,0.9444444444444444,18,true
2025-08-13,8,22:00,20,2,S,0.85,20,true
2025-08-13,8,23:00,22,3,S,0.7727272727272727,22,true
2025-08-14,8,20:00,16,2,NE,0.625,0,true
2025-08-14,8,21:00,18,2,NE,0.5555555555555556,0,true
2025-08-14,8,22:00,20,2,NE,0.55,0,true
2025-08-14,8,23:00,22,3,NE,0.5,0,true
2025-08-15,8,20:00,16,2,N,0.9375,0,true
2025-08-15,8,21:00,18,2,N,0.9444444444444444,0,true
2025-08-15,8,22:00,20,2,N,0.95,0,true
2025-08-15,8,23:00,22,2,N,0.9545454545454546,0,true
2025-08-16,8,20:00,16,2,N,0.625,0,true
2025-08-16,8,21:00,18,2,N,0.6111111111111112,0,true
2025-08-16,8,22:00,20,2,N,0.65,0,true
2025-08-16,8,23:00,22,2,N,0.6818181818181818,0,true
2025-08-17,8,20:00,16,3,NE,0.5,0,true
2025-08-17,8,21:00,18,3,NE,0.5,0,true
2025-08-17,8,22:00,20,3,N,0.5,0,true
2025-08-17,8,23:00,22,3,N,0.5,0,true
2025-08-18,8,20:00,16,2,N,0.5625,0,true
2025-08-18,8,21:00,18,2,N,0.6111111111111112,0,true
2025-08-18,8,22:00,20,2,N,0.65,0,true
2025-08-18,8,23:00,22,2,N,0.6818181818181818,0,true
2025-08-19,8,20:00,16,5,S,0.4375,13,true
2025-08-19,8,21:00,18,5,S,0.5,15,true
2025-08-19,8,22:00,20,5,S,0.55,17,true
2025-08-19,8,23:00,22,5,S,0.5909090909090909,19,true
2025-08-20,8,20:00,16,1,S,1.0,16,false
2025-08-20,8,21:00,18,1,S,1.0,18,false
2025-08-20,8,22:00,20,1,S,1.0,20,false
2025-08-20,8,23:00,22,1,S,1.0,22,false
2025-08-21,8,20:00,16,1,S,1.0,16,false
2025-08-21,8,21:00,18,1,S,1.0,18,false
2025-08-21,8,22:00,20,1,S,1.0,20,false
2025-08-21,8,23:00,22,1,S,1.0,22,false
2025-08-22,8,20:00,16,1,S,1.0,16,false
2025-08-22,8,21:00,18,1,S,1.0,18,false
2025-08-22,8,22:00,20,1,S,1.0,20,false
2025-08-22,8,23:00,22,1,S,1.0,22,false
2025-08-23,8,20:00,16,3,NE,0.5625,0,true
2025-08-23,8,21:00,18,3,NE,0.5555555555555556,0,true
2025-08-23,8,22:00,20,3,NE,0.55,0,true
2025-08-23,8,23:00,22,3,NE,0.5,0,true
2025-08-24,8,20:00,16,2,N,0.875,0,true
2025-08-24,8,21:00,18,2,N,0.8888888888888888,0,true
2025-08-24,8,22:00,20,2,N,0.9,0,true
2025-08-24,8,23:00,22,2,N,0.9090909090909091,0,true
2025-08-25,8,20:00,16,2,N,0.625,0,true
2025-08-25,8,21:00,18,2,N,0.6666666666666666,0,true
2025-08-25,8,22:00,20,2,N,0.7,0,true
2025-08-25,8,23:00,22,3,N,0.6818181818181818,0,true
2025-08-26,8,20:00,16,2,NE,0.6875,0,true
2025-08-26,8,21:00,18,2,NE,0.6666666666666666,0,true
2025-08-26,8,22:00,20,2,NE,0.6,0,true
2025-08-26,8,23:00,22,2,NE,0.5454545454545454,0,true
2025-08-27,8,20:00,16,3,N,0.875,0,true
2025-08-27,8,21:00,18,3,N,0.8333333333333334,0,true
2025-08-27,8,22:00,20,3,N,0.85,0,true
2025-08-27,8,23:00,22,3,N,0.8636363636363636,0,true
2025-08-28,8,20:00,16,2,N,0.75,0,true
2025-08-28,8,21:00,18,2,N,0.7222222222222222,0,true
2025-08-28,8,22:00,20,2,N,0.75,0,true
2025-08-28,8,23:00,22,2,N,0.7727272727272727,0,true
2025-08-29,8,20:00,16,3,N,0.875,0,true
2025-08-29,8,21:00,18,3,N,0.8888888888888888,0,true
2025-08-29,8,22:00,20,3,N,0.9,0,true
2025-08-29,8,23:00,22,3,N,0.8636363636363636,0,true
2025-08-30,8,20:00,16,3,N,0.5625,0,true
2025-08-30,8,21:00,18,3,N,0.5555555555555556,0,true
2025-08-30,8,22:00,20,3,N,0.5,0,true
2025-08-30,8,23:00,22,3,N,0.5,0,true
2025-08-31,8,20:00,16,1,N,1.0,0,false
2025-08-31,8,21:00,18,1,N,1.0,0,false
2025-08-31,8,22:00,20,1,N,1.0,0,false
2025-08-31,8,23:00,22,2,N,0.9545454545454546,0,true
2025-09-01,9,20:00,16,2,N,0.625,0,true
2025-09-01,9,21:00,18,2,N,0.6111111111111112,0,true
2025-09-01,9,22:00,20,2,N,0.65,0,true
2025-09-01,9,23:00,22,2,N,0.6818181818181818,0,true
2025-09-02,9,20:00,16,5,NW,0.3125,1,true
2025-09-02,9,21:00,18,5,N,0.3333333333333333,1,true
2025-09-02,9,22:00,20,5,N,0.35,1,true
2025-09-02,9,23:00,22,5,N,0.4090909090909091,1,true
2025-09-03,9,20:00,16,2,S,0.9375,15,true
2025-09-03,9,21:00,18,4,S,0.8333333333333334,15,true
2025-09-03,9,22:00,20,4,S,0.75,15,true
2025-09-03,9,23:00,22,4,S,0.7272727272727273,16,true
2025-09-04,9,20:00,16,1,N,1.0,0,false
2025-09-04,9,21:00,18,1,N,1.0,0,false
2025-09-04,9,22:00,20,1,N,1.0,0,false
2025-09-04,9,23:00,22,1,N,1.0,0,false
2025-09-05,9,20:00,16,2,N,0.875,0,true
2025-09-05,9,21:00,18,2,N,0.8888888888888888,0,true
2025-09-05,9,22:00,20,2,N,0.9,0,true
2025-09-05,9,23:00,22,2,N,0.9090909090909091,0,true
2025-09-06,9,20:00,16,3,NW,0.5625,0,true
2025-09-06,9,21:00,18,3,NW,0.5,0,true
2025-09-06,9,22:00,20,4,NW,0.5,1,true
2025-09-06,9,23:00,22,4,NW,0.45454545454545453,3,true
2025-09-07,9,20:00,16,3,N,0.8125,0,true
2025-09-07,9,21:00,18,3,N,0.8333333333333334,0,true
2025-09-07,9,22:00,20,3,N,0.8,0,true
2025-09-07,9,23:00,22,4,N,0.7272727272727273,0,true
2025-09-08,9,20:00,16,2,S,0.75,16,true
2025-09-08,9,21:00,18,2,S,0.6666666666666666,18,true
2025-09-08,9,22:00,20,2,S,0.65,20,true
2025-09-08,9,23:00,22,2,S,0.6363636363636364,22,true
2025-09-09,9,20:00,16,2,NE,0.75,0,true
2025-09-09,9,21:00,18,2,NE,0.6666666666666666,0,true
2025-09-09,9,22:00,20,2,NE,0.6,0,true
2025-09-09,9,23:00,22,2,NE,0.5454545454545454,0,true
2025-09-10,9,20:00,16,1,N,1.0,0,false
2025-09-10,9,21:00,18,1,N,1.0,0,false
2025-09-10,9,22:00,20,2,N,0.95,0,true
2025-09-10,9,23:00,22,2,N,0.9545454545454546,0,true
2025-09-11,9,20:00,16,5,S,0.375,7,true
2025-09-11,9,21:00,18,5,S,0.3333333333333333,7,true
2025-09-11,9,22:00,20,5,S,0.3,7,true
2025-09-11,9,23:00,22,6,S,0.2727272727272727,7,true
2025-09-12,9,20:00,16,3,NE,0.5,0,true
2025-09-12,9,21:00,18,3,N,0.5,0,true
2025-09-12,9,22:00,20,4,N,0.45,2,true
2025-09-12,9,23:00,21,4,N,0.42857142857142855,3,true
2025-09-13,9,20:00,16,4,N,0.4375,7,true
2025-09-13,9,21:00,18,5,N,0.4444444444444444,7,true
2025-09-13,9,22:00,20,5,N,0.5,7,true
2025-09-13,9,23:00,22,5,N,0.5454545454545454,7,true
2025-09-14,9,20:00,16,3,S,0.75,16,true
2025-09-14,9,21:00,18,3,S,0.7222222222222222,18,true
2025-09-14,9,22:00,20,3,S,0.75,20,true
2025-09-14,9,23:00,22,3,S,0.7727272727272727,22,true
2025-09-15,9,20:00,16,2,N,0.5,0,true
2025-09-15,9,21:00,18,2,N,0.5555555555555556,0,true
2025-09-15,9,22:00,20,2,N,0.6,0,true
2025-09-15,9,23:00,22,2,N,0.6363636363636364,0,true
2025-09-16,9,20:00,16,2,N,0.5,0,true
2025-09-16,9,21:00,18,2,NE,0.5555555555555556,0,true
2025-09-16,9,22:00,20,2,NE,0.6,0,true
2025-09-16,9,23:00,22,2,NE,0.5454545454545454,0,true
2025-09-17,9,20:00,16,1,N,1.0,0,false
2025-09-17,9,21:00,18,1,N,1.0,0,false
2025-09-17,9,22:00,20,2,N,0.95,0,true
2025-09-17,9,23:00,22,2,N,0.9090909090909091,0,true
2025-09-18,9,20:00,16,2,NW,0.625,0,true
2025-09-18,9,21:00,18,2,NW,0.6111111111111112,0,true
2025-09-18,9,22:00,20,2,NW,0.65,0,true
2025-09-18,9,23:00,22,2,NW,0.6818181818181818,0,true
2025-09-19,9,20:00,16,1,S,1.0,16,false
2025-09-19,9,21:00,18,1,S,1.0,18,false
2025-09-19,9,22:00,20,1,S,1.0,20,false
2025-09-19,9,23:00,22,1,S,1.0,22,false
2025-09-20,9,20:00,16,2,NE,0.6875,0,true
2025-09-20,9,21:00,18,2,NE,0.7222222222222222,0,true
2025-09-20,9,22:00,20,2,NE,0.65,0,true
2025-09-20,9,23:00,22,2,NE,0.5909090909090909,0,true
2025-09-21,9,20:00,16,1,N,1.0,0,false
2025-09-21,9,21:00,18,1,N,1.0,0,false
2025-09-21,9,22:00,20,1,N,1.0,0,false
2025-09-21,9,23:00,22,1,N,1.0,0,false
2025-09-22,9,20:00,16,1,N,1.0,0,false
2025-09-22,9,21:00,18,1,N,1.0,0,false
2025-09-22,9,22:00,20,1,N,1.0,0,false
2025-09-22,9,23:00,22,1,N,1.0,0,false
2025-09-23,9,20:00,16,1,N,1.0,0,false
2025-09-23,9,21:00,18,1,N,1.0,0,false
2025-09-23,9,22:00,20,1,N,1.0,0,false
2025-09-23,9,23:00,22,1,N,1.0,0,false
2025-09-24,9,20:00,16,1,N,1.0,0,false
2025-09-24,9,21:00,18,1,N,1.0,0,false
2025-09-24,9,22:00,20,1,N,1.0,0,false
2025-09-24,9,23:00,22,1,N,1.0,0,false
2025-09-25,9,20:00,16,1,N,1.0,0,false
2025-09-25,9,21:00,18,1,N,1.0,0,false
2025-09-25,9,22:00,20,1,N,1.0,0,false
2025-09-25,9,23:00,22,1,N,1.0,0,false
2025-09-26,9,20:00,16,2,N,0.875,0,true
2025-09-26,9,21:00,18,2,N,0.8888888888888888,0,true
2025-09-26,9,22:00,20,2,N,0.85,0,true
2025-09-26,9,23:00,22,2,N,0.8181818181818182,0,true
2025-09-27,9,20:00,16,3,N,0.5625,0,true
2025-09-27,9,21:00,18,3,N,0.6111111111111112,0,true
2025-09-27,9,22:00,20,3,N,0.65,0,true
2025-09-27,9,23:00,22,3,N,0.6818181818181818,0,true
2025-09-28,9,20:00,16,1,N,1.0,0,false
2025-09-28,9,21:00,18,1,N,1.0,0,false
2025-09-28,9,22:00,20,1,N,1.0,0,false
2025-09-28,9,23:00,22,1,N,1.0,0,false
2025-09-29,9,20:00,18,2,N,0.8888888888888888,0,true
2025-09-29,9,21:00,20,2,N,0.9,0,true
2025-09-29,9,22:00,22,2,N,0.9090909090909091,0,true
2025-09-29,9,23:00,24,2,N,0.9166666666666666,0,true
2025-09-30,9,20:00,18,4,N,0.5,0,true
2025-09-30,9,21:00,20,4,N,0.5,0,true
2025-09-30,9,22:00,22,4,N,0.5454545454545454,0,true
2025-09-30,9,23:00,24,4,N,0.5833333333333334,0,true
2025-10-01,10,20:00,18,2,N,0.7777777777777778,0,true
2025-10-01,10,21:00,20,2,N,0.8,0,true
2025-10-01,10,22:00,22,2,N,0.8181818181818182,0,true
2025-10-01,10,23:00,24,3,N,0.75,1,true
2025-10-02,10,20:00,18,2,N,0.5555555555555556,0,true
2025-10-02,10,21:00,20,2,N,0.5,0,true
2025-10-02,10,22:00,22,2,NE,0.5454545454545454,0,true
2025-10-02,10,23:00,24,2,NE,0.5833333333333334,0,true
2025-10-03,10,20:00,18,2,S,0.9444444444444444,18,true
2025-10-03,10,21:00,20,2,S,0.85,20,true
2025-10-03,10,22:00,22,2,S,0.8181818181818182,22,true
2025-10-03,10,23:00,24,2,S,0.8333333333333334,24,true
2025-10-04,10,20:00,18,6,N,0.5,3,true
2025-10-04,10,21:00,20,7,N,0.5,3,true
2025-10-04,10,22:00,22,7,N,0.5454545454545454,3,true
2025-10-04,10,23:00,24,7,N,0.5416666666666666,3,true
2025-10-05,10,20:00,18,3,N,0.6111111111111112,7,true
2025-10-05,10,21:00,20,3,N,0.55,9,true
2025-10-05,10,22:00,22,3,N,0.5,11,true
2025-10-05,10,23:00,24,3,N,0.4583333333333333,13,true
2025-10-06,10,20:00,18,1,S,1.0,18,false
2025-10-06,10,21:00,20,1,S,1.0,20,false
2025-10-06,10,22:00,22,1,S,1.0,22,false
2025-10-06,10,23:00,24,3,S,0.9166666666666666,22,true
2025-10-07,10,20:00,18,4,N,0.7222222222222222,0,true
2025-10-07,10,21:00,20,5,N,0.65,0,true
2025-10-07,10,22:00,22,6,N,0.5909090909090909,1,true
2025-10-07,10,23:00,24,6,N,0.5416666666666666,3,true
2025-10-08,10,20:00,18,2,N,0.8888888888888888,0,true
2025-10-08,10,21:00,20,2,N,0.9,0,true
2025-10-08,10,22:00,22,2,N,0.9090909090909091,0,true
2025-10-08,10,23:00,24,2,N,0.9166666666666666,0,true
2025-10-09,10,20:00,18,1,N,1.0,0,false
2025-10-09,10,21:00,20,1,N,1.0,0,false
2025-10-09,10,22:00,22,1,N,1.0,0,false
2025-10-09,10,23:00,24,1,N,1.0,0,false
2025-10-10,10,20:00,18,2,N,0.7777777777777778,0,true
2025-10-10,10,21:00,20,2,N,0.8,0,true
2025-10-10,10,22:00,22,2,N,0.8181818181818182,0,true
2025-10-10,10,23:00,24,2,N,0.8333333333333334,0,true
2025-10-11,10,20:00,18,1,N,1.0,0,false
2025-10-11,10,21:00,20,1,N,1.0,0,false
2025-10-11,10,22:00,22,1,N,1.0,0,false
2025-10-11,10,23:00,24,1,N,1.0,0,false
2025-10-12,10,20:00,18,2,N,0.7222222222222222,0,true
2025-10-12,10,21:00,20,2,N,0.75,0,true
2025-10-12,10,22:00,22,2,N,0.7272727272727273,0,true
2025-10-12,10,23:00,24,2,N,0.75,0,true
2025-10-13,10,20:00,18,1,N,1.0,0,false
2025-10-13,10,21:00,20,1,N,1.0,0,false
2025-10-13,10,22:00,22,2,N,0.9545454545454546,0,true
2025-10-13,10,23:00,24,2,N,0.9583333333333334,0,true
2025-10-14,10,20:00,18,3,NW,0.5555555555555556,3,true
2025-10-14,10,21:00,20,3,NW,0.5,5,true
2025-10-14,10,22:00,22,3,NW,0.45454545454545453,7,true
2025-10-14,10,23:00,24,3,NW,0.4166666666666667,9,true
2025-10-15,10,20:00,18,4,N,0.4444444444444444,2,true
2025-10-15,10,21:00,20,4,N,0.5,2,true
2025-10-15,10,22:00,22,4,N,0.5454545454545454,2,true
2025-10-15,10,23:00,24,4,N,0.5833333333333334,2,true
2025-10-16,10,20:00,18,2,N,0.9444444444444444,0,true
2025-10-16,10,21:00,20,2,N,0.95,0,true
2025-10-16,10,22:00,22,2,N,0.9545454545454546,0,true
2025-10-16,10,23:00,24,2,N,0.9583333333333334,0,true
2025-10-17,10,20:00,18,4,N,0.3333333333333333,5,true
2025-10-17,10,21:00,20,4,N,0.35,5,true
2025-10-17,10,22:00,22,4,N,0.4090909090909091,5,true
2025-10-17,10,23:00,24,4,N,0.4583333333333333,5,true
2025-10-18,10,20:00,18,1,N,1.0,0,false
2025-10-18,10,21:00,20,1,N,1.0,0,false
2025-10-18,10,22:00,22,1,N,1.0,0,false
2025-10-18,10,23:00,24,1,N,1.0,0,false
2025-10-19,10,20:00,18,1,N,1.0,0,false
2025-10-19,10,21:00,20,2,N,0.95,0,true
2025-10-19,10,22:00,22,2,N,0.9090909090909091,0,true
2025-10-19,10,23:00,24,2,N,0.9166666666666666,0,true
2025-10-20,10,20:00,18,2,N,0.8888888888888888,0,true
2025-10-20,10,21:00,20,2,N,0.9,0,true
2025-10-20,10,22:00,22,2,N,0.9090909090909091,0,true
2025-10-20,10,23:00,24,2,N,0.9166666666666666,0,true
2025-10-21,10,20:00,18,2,N,0.8333333333333334,0,true
2025-10-21,10,21:00,20,2,N,0.75,0,true
2025-10-21,10,22:00,22,2,N,0.7272727272727273,0,true
2025-10-21,10,23:00,24,2,N,0.7083333333333334,0,true
2025-10-22,10,20:00,18,1,N,1.0,0,false
2025-10-22,10,21:00,20,1,N,1.0,0,false
2025-10-22,10,22:00,22,1,N,1.0,0,false
2025-10-22,10,23:00,24,1,N,1.0,0,false
2025-10-23,10,20:00,18,2,N,0.8888888888888888,0,true
2025-10-23,10,21:00,20,2,N,0.9,0,true
2025-10-23,10,22:00,22,2,N,0.9090909090909091,0,true
2025-10-23,10,23:00,24,2,N,0.9166666666666666,0,true
2025-10-24,10,20:00,18,2,N,0.8333333333333334,0,true
2025-10-24,10,21:00,20,2,N,0.8,0,true
2025-10-24,10,22:00,22,2,N,0.8181818181818182,0,true
2025-10-24,10,23:00,24,2,N,0.8333333333333334,0,true
2025-10-25,10,20:00,18,1,N,1.0,0,false
2025-10-25,10,21:00,20,1,N,1.0,0,false
2025-10-25,10,22:00,22,1,N,1.0,0,false
2025-10-25,10,23:00,24,1,N,1.0,0,false
2025-10-26,10,20:00,18,2,N,0.8888888888888888,0,true
2025-10-26,10,21:00,20,2,N,0.9,0,true
2025-10-26,10,22:00,22,2,N,0.9090909090909091,0,true
2025-10-26,10,23:00,24,3,N,0.875,0,true
2025-10-27,10,20:00,18,1,N,1.0,0,false
2025-10-27,10,21:00,20,1,N,1.0,0,false
2025-10-27,10,22:00,22,1,N,1.0,0,false
2025-10-27,10,23:00,24,1,N,1.0,0,false
2025-10-28,10,20:00,18,3,S,0.6111111111111112,11,true
2025-10-28,10,21:00,20,4,S,0.6,13,true
2025-10-28,10,22:00,22,5,S,0.5909090909090909,15,true
2025-10-28,10,23:00,24,5,S,0.625,17,true
2025-10-29,10,20:00,18,3,N,0.5555555555555556,0,true
2025-10-29,10,21:00,20,3,N,0.5,0,true
2025-10-29,10,22:00,22,4,N,0.45454545454545453,0,true
2025-10-29,10,23:00,24,6,N,0.4166666666666667,2,true
2025-10-30,10,20:00,18,2,N,0.9444444444444444,0,true
2025-10-30,10,21:00,20,2,N,0.95,0,true
2025-10-30,10,22:00,22,2,N,0.9545454545454546,0,true
2025-10-30,10,23:00,24,2,N,0.9583333333333334,0,true
2025-10-31,10,20:00,18,3,N,0.7777777777777778,0,true
2025-10-31,10,21:00,20,3,N,0.8,0,true
2025-10-31,10,22:00,22,3,N,0.8181818181818182,0,true
2025-10-31,10,23:00,24,3,N,0.8333333333333334,0,true
2025-11-01,11,20:00,18,2,SE,0.8333333333333334,18,true
2025-11-01,11,21:00,20,2,SE,0.8,20,true
2025-11-01,11,22:00,22,2,SE,0.7727272727272727,22,true
2025-11-01,11,23:00,24,2,SE,0.7083333333333334,24,true
2025-11-02,11,20:00,18,2,N,0.5,0,true
2025-11-02,11,21:00,20,2,N,0.55,0,true
2025-11-02,11,22:00,22,2,N,0.5909090909090909,0,true
2025-11-02,11,23:00,24,2,N,0.625,0,true
2025-11-03,11,20:00,18,2,N,0.8888888888888888,0,true
2025-11-03,11,21:00,20,2,N,0.9,0,true
2025-11-03,11,22:00,22,2,N,0.9090909090909091,0,true
2025-11-03,11,23:00,24,2,N,0.9166666666666666,0,true
2025-11-04,11,20:00,18,1,N,1.0,0,false
2025-11-04,11,21:00,20,1,N,1.0,0,false
2025-11-04,11,22:00,22,1,N,1.0,0,false
2025-11-04,11,23:00,24,1,N,1.0,0,false
2025-11-05,11,20:00,18,2,N,0.5555555555555556,0,true
2025-11-05,11,21:00,20,2,N,0.5,0,true
2025-11-05,11,22:00,22,2,N,0.5454545454545454,0,true
2025-11-05,11,23:00,24,2,N,0.5833333333333334,0,true
2025-11-06,11,20:00,18,1,N,1.0,0,false
2025-11-06,11,21:00,20,1,N,1.0,0,false
2025-11-06,11,22:00,22,1,N,1.0,0,false
2025-11-06,11,23:00,24,1,N,1.0,0,false
2025-11-07,11,20:00,18,2,N,0.9444444444444444,1,true
2025-11-07,11,21:00,20,3,N,0.85,3,true
2025-11-07,11,22:00,22,3,N,0.7727272727272727,5,true
2025-11-07,11,23:00,24,3,N,0.7083333333333334,7,true
2025-11-08,11,20:00,18,1,N,1.0,0,false
2025-11-08,11,21:00,20,1,N,1.0,0,false
2025-11-08,11,22:00,22,1,N,1.0,0,false
2025-11-08,11,23:00,24,1,N,1.0,0,false
2025-11-09,11,20:00,18,2,N,0.9444444444444444,0,true
2025-11-09,11,21:00,20,2,N,0.95,0,true
2025-11-09,11,22:00,22,2,N,0.9545454545454546,0,true
2025-11-09,11,23:00,24,2,N,0.9583333333333334,0,true
2025-11-10,11,20:00,18,1,N,1.0,0,false
2025-11-10,11,21:00,20,1,N,1.0,0,false
2025-11-10,11,22:00,22,1,N,1.0,0,false
2025-11-10,11,23:00,24,1,N,1.0,0,false
2025-11-11,11,20:00,18,1,N,1.0,0,false
2025-11-11,11,21:00,20,2,N,0.95,1,true
2025-11-11,11,22:00,22,2,N,0.8636363636363636,3,true
2025-11-11,11,23:00,24,2,N,0.7916666666666666,5,true
2025-11-12,11,20:00,18,5,SE,0.4444444444444444,14,true
2025-11-12,11,21:00,20,5,SE,0.45,16,true
2025-11-12,11,22:00,22,6,SE,0.4090909090909091,18,true
2025-11-12,11,23:00,24,6,SE,0.375,20,true
2025-11-13,11,20:00,18,2,S,0.5,18,true
2025-11-13,11,21:00,20,2,SW,0.55,20,true
2025-11-13,11,22:00,22,3,SW,0.5,21,true
2025-11-13,11,23:00,24,4,SW,0.4583333333333333,21,true
2025-11-14,11,20:00,18,2,N,0.9444444444444444,0,true
2025-11-14,11,21:00,20,2,N,0.9,0,true
2025-11-14,11,22:00,22,2,N,0.9090909090909091,0,true
2025-11-14,11,23:00,24,2,N,0.9166666666666666,0,true
2025-11-15,11,20:00,18,4,N,0.5555555555555556,1,true
2025-11-15,11,21:00,20,6,N,0.5,3,true
2025-11-15,11,22:00,22,6,N,0.45454545454545453,5,true
2025-11-15,11,23:00,24,6,N,0.4166666666666667,7,true
2025-11-16,11,20:00,18,5,NE,0.4444444444444444,3,true
2025-11-16,11,21:00,20,5,NE,0.45,3,true
2025-11-16,11,22:00,22,5,N,0.4090909090909091,3,true
2025-11-16,11,23:00,24,6,N,0.4166666666666667,4,true
2025-11-17,11,20:00,18,2,N,0.5555555555555556,0,true
2025-11-17,11,21:00,20,2,N,0.6,0,true
2025-11-17,11,22:00,22,2,N,0.6363636363636364,0,true
2025-11-17,11,23:00,24,2,N,0.6666666666666666,0,true
2025-11-18,11,20:00,18,2,N,0.7777777777777778,0,true
2025-11-18,11,21:00,20,2,N,0.8,0,true
2025-11-18,11,22:00,22,2,N,0.8181818181818182,0,true
2025-11-18,11,23:00,24,2,N,0.8333333333333334,0,true
2025-11-19,11,20:00,18,2,N,0.8888888888888888,0,true
2025-11-19,11,21:00,20,2,N,0.9,0,true
2025-11-19,11,22:00,22,2,N,0.9090909090909091,0,true
2025-11-19,11,23:00,24,2,N,0.9166666666666666,0,true
2025-11-20,11,20:00,18,1,N,1.0,0,false
2025-11-20,11,21:00,20,1,N,1.0,0,false
2025-11-20,11,22:00,22,1,N,1.0,0,false
2025-11-20,11,23:00,24,1,N,1.0,0,false
2025-11-21,11,20:00,18,1,N,1.0,0,false
2025-11-21,11,21:00,20,1,N,1.0,0,false
2025-11-21,11,22:00,22,1,N,1.0,0,false
2025-11-21,11,23:00,24,1,N,1.0,0,false
2025-11-22,11,20:00,18,3,N,0.4444444444444444,8,true
2025-11-22,11,21:00,20,3,S,0.5,10,true
2025-11-22,11,22:00,22,3,S,0.5454545454545454,12,true
2025-11-22,11,23:00,24,3,S,0.5833333333333334,14,true
2025-11-23,11,20:00,18,6,N,0.3888888888888889,5,true
2025-11-23,11,21:00,20,6,N,0.45,5,true
2025-11-23,11,22:00,22,6,N,0.5,5,true
2025-11-23,11,23:00,24,6,N,0.5416666666666666,5,true
2025-11-24,11,20:00,18,5,N,0.3333333333333333,9,true
2025-11-24,11,21:00,20,5,N,0.3,11,true
2025-11-24,11,22:00,22,5,S,0.36363636363636365,13,true
2025-11-24,11,23:00,24,5,S,0.375,15,true
2025-11-25,11,20:00,18,4,NE,0.4444444444444444,0,true
2025-11-25,11,21:00,20,5,NE,0.4,1,true
2025-11-25,11,22:00,22,5,NE,0.36363636363636365,3,true
2025-11-25,11,23:00,24,5,NE,0.3333333333333333,5,true
2025-11-26,11,20:00,18,1,N,1.0,0,false
2025-11-26,11,21:00,20,1,N,1.0,0,false
2025-11-26,11,22:00,22,1,N,1.0,0,false
2025-11-26,11,23:00,24,1,N,1.0,0,false
2025-11-27,11,20:00,18,1,N,1.0,0,false
2025-11-27,11,21:00,20,1,N,1.0,0,false
2025-11-27,11,22:00,22,1,N,1.0,0,false
2025-11-27,11,23:00,24,1,N,1.0,0,false
2025-11-28,11,20:00,18,3,N,0.8333333333333334,0,true
2025-11-28,11,21:00,20,3,N,0.85,0,true
2025-11-28,11,22:00,22,3,N,0.8636363636363636,0,true
2025-11-28,11,23:00,24,3,N,0.875,0,true
2025-11-29,11,20:00,18,5,N,0.6111111111111112,3,true
2025-11-29,11,21:00,20,5,N,0.65,3,true
2025-11-29,11,22:00,22,5,N,0.6818181818181818,3,true
2025-11-29,11,23:00,24,5,N,0.7083333333333334,3,true
2025-11-30,11,20:00,18,1,N,1.0,0,false
2025-11-30,11,21:00,20,1,N,1.0,0,false
2025-11-30,11,22:00,22,1,N,1.0,0,false
2025-11-30,11,23:00,24,1,N,1.0,0,false
2025-12-01,12,20:00,18,1,N,1.0,0,false
2025-12-01,12,21:00,20,1,N,1.0,0,false
2025-12-01,12,22:00,22,1,N,1.0,0,false
2025-12-01,12,23:00,24,1,N,1.0,0,false
2025-12-02,12,20:00,18,3,N,0.5,0,true
2025-12-02,12,21:00,20,3,N,0.55,0,true
2025-12-02,12,22:00,22,3,N,0.5909090909090909,0,true
2025-12-02,12,23:00,24,3,N,0.625,0,true
2025-12-03,12,20:00,18,2,S,0.8333333333333334,18,true
2025-12-03,12,21:00,20,2,S,0.85,20,true
2025-12-03,12,22:00,22,2,S,0.8636363636363636,22,true
2025-12-03,12,23:00,24,2,S,0.875,24,true
2025-12-04,12,20:00,18,1,S,1.0,18,false
2025-12-04,12,21:00,20,1,S,1.0,20,false
2025-12-04,12,22:00,22,1,S,1.0,22,false
2025-12-04,12,23:00,24,1,S,1.0,24,false
2025-12-05,12,20:00,18,2,N,0.7222222222222222,0,true
2025-12-05,12,21:00,20,2,N,0.75,0,true
2025-12-05,12,22:00,22,2,N,0.7727272727272727,0,true
2025-12-05,12,23:00,24,2,N,0.7916666666666666,0,true
2025-12-06,12,20:00,18,2,N,0.8888888888888888,0,true
2025-12-06,12,21:00,20,2,N,0.9,0,true
2025-12-06,12,22:00,22,2,N,0.8181818181818182,0,true
2025-12-06,12,23:00,24,2,N,0.8333333333333334,0,true
2025-12-07,12,20:00,18,2,N,0.9444444444444444,0,true
2025-12-07,12,21:00,20,2,N,0.95,0,true
2025-12-07,12,22:00,22,2,N,0.9545454545454546,0,true
2025-12-07,12,23:00,24,2,N,0.9583333333333334,0,true
2025-12-08,12,20:00,18,1,N,1.0,0,false
2025-12-08,12,21:00,20,1,N,1.0,0,false
2025-12-08,12,22:00,22,1,N,1.0,0,false
2025-12-08,12,23:00,24,1,N,1.0,0,false
2025-12-09,12,20:00,18,2,N,0.7777777777777778,0,true
2025-12-09,12,21:00,20,2,N,0.8,0,true
2025-12-09,12,22:00,22,2,N,0.8181818181818182,0,true
2025-12-09,12,23:00,24,2,N,0.8333333333333334,0,true
2025-12-10,12,20:00,18,1,N,1.0,0,false
2025-12-10,12,21:00,20,1,N,1.0,0,false
2025-12-10,12,22:00,21,1,N,1.0,0,false
2025-12-10,12,23:00,23,1,N,1.0,0,false
2025-12-11,12,20:00,18,2,S,0.8888888888888888,18,true
2025-12-11,12,21:00,20,2,S,0.9,20,true
2025-12-11,12,22:00,22,2,S,0.9090909090909091,22,true
2025-12-11,12,23:00,24,2,S,0.9166666666666666,24,true
2025-12-12,12,20:00,18,4,S,0.6111111111111112,12,true
2025-12-12,12,21:00,20,4,S,0.65,14,true
2025-12-12,12,22:00,22,4,S,0.6818181818181818,16,true
2025-12-12,12,23:00,24,4,S,0.7083333333333334,18,true
2025-12-13,12,20:00,18,3,S,0.6666666666666666,17,true
2025-12-13,12,21:00,20,3,S,0.7,19,true
2025-12-13,12,22:00,22,3,S,0.7272727272727273,21,true
2025-12-13,12,23:00,24,3,S,0.75,23,true
2025-12-14,12,20:00,18,2,N,0.5,0,true
2025-12-14,12,21:00,20,2,N,0.55,0,true
2025-12-14,12,22:00,22,2,N,0.5909090909090909,0,true
2025-12-14,12,23:00,24,2,N,0.625,0,true
2025-12-15,12,20:00,18,1,N,1.0,0,false
2025-12-15,12,21:00,20,1,N,1.0,0,false
2025-12-15,12,22:00,22,1,N,1.0,0,false
2025-12-15,12,23:00,24,1,N,1.0,0,false
2025-12-16,12,20:00,18,1,N,1.0,0,false
2025-12-16,12,21:00,20,1,N,1.0,0,false
2025-12-16,12,22:00,22,1,N,1.0,0,false
2025-12-16,12,23:00,24,2,N,0.9583333333333334,0,true
2025-12-17,12,20:00,18,6,S,0.4444444444444444,10,true
2025-12-17,12,21:00,20,6,S,0.4,12,true
2025-12-17,12,22:00,22,6,S,0.36363636363636365,14,true
2025-12-17,12,23:00,24,6,S,0.3333333333333333,16,true
2025-12-18,12,20:00,18,5,NE,0.4444444444444444,6,true
2025-12-18,12,21:00,20,5,NE,0.4,7,true
2025-12-18,12,22:00,22,6,NE,0.36363636363636365,7,true
2025-12-18,12,23:00,24,6,NE,0.3333333333333333,9,true
2025-12-19,12,20:00,18,1,N,1.0,0,false
2025-12-19,12,21:00,20,1,N,1.0,0,false
2025-12-19,12,22:00,22,1,N,1.0,0,false
2025-12-19,12,23:00,24,1,N,1.0,0,false
2025-12-20,12,20:00,18,3,S,0.7777777777777778,16,true
2025-12-20,12,21:00,20,5,S,0.7,16,true
2025-12-20,12,22:00,22,5,S,0.6363636363636364,16,true
2025-12-20,12,23:00,24,5,S,0.5833333333333334,16,true
2025-12-21,12,20:00,18,4,S,0.7222222222222222,15,true
2025-12-21,12,21:00,20,4,S,0.75,17,true
2025-12-21,12,22:00,22,5,S,0.7272727272727273,19,true
2025-12-21,12,23:00,24,5,S,0.75,21,true
2025-12-22,12,20:00,18,5,N,0.3888888888888889,3,true
2025-12-22,12,21:00,20,5,N,0.35,5,true
2025-12-22,12,22:00,22,5,N,0.3181818181818182,6,true
2025-12-22,12,23:00,24,6,N,0.3333333333333333,6,true
2025-12-23,12,20:00,18,1,N,1.0,0,false
2025-12-23,12,21:00,20,1,N,1.0,0,false
2025-12-23,12,22:00,22,1,N,1.0,0,false
2025-12-23,12,23:00,24,1,N,1.0,0,false
2025-12-24,12,20:00,18,1,N,1.0,0,false
2025-12-24,12,21:00,20,2,N,0.95,0,true
2025-12-24,12,22:00,22,2,N,0.8636363636363636,0,true
2025-12-24,12,23:00,24,2,N,0.875,0,true
2025-12-25,12,20:00,18,2,N,0.9444444444444444,0,true
2025-12-25,12,21:00,20,2,N,0.95,0,true
2025-12-25,12,22:00,22,2,N,0.9545454545454546,0,true
2025-12-25,12,23:00,24,2,N,0.9583333333333334,0,true
2025-12-26,12,20:00,18,1,N,1.0,0,false
2025-12-26,12,21:00,20,1,N,1.0,0,false
2025-12-26,12,22:00,22,1,N,1.0,0,false
2025-12-26,12,23:00,24,1,N,1.0,0,false
2025-12-27,12,20:00,18,2,N,0.7777777777777778,0,true
2025-12-27,12,21:00,20,2,N,0.75,0,true
2025-12-27,12,22:00,22,2,N,0.7272727272727273,0,true
2025-12-27,12,23:00,24,2,N,0.75,0,true
2025-12-28,12,20:00,18,2,NE,0.7222222222222222,0,true
2025-12-28,12,21:00,20,3,NE,0.65,1,true
2025-12-28,12,22:00,22,3,NE,0.5909090909090909,3,true
2025-12-28,12,23:00,24,4,NE,0.5416666666666666,5,true
2025-12-29,12,20:00,18,6,SE,0.5555555555555556,15,true
2025-12-29,12,21:00,20,6,SE,0.6,17,true
2025-12-29,12,22:00,22,6,SE,0.6363636363636364,19,true
2025-12-29,12,23:00,24,6,SE,0.625,21,true
2025-12-30,12,20:00,18,2,SE,0.9444444444444444,18,true
2025-12-30,12,21:00,20,2,SE,0.95,20,true
2025-12-30,12,22:00,22,2,SE,0.9545454545454546,22,true
2025-12-30,12,23:00,24,2,SE,0.9166666666666666,24,true
2025-12-31,12,20:00,18,1,S,1.0,18,false
2025-12-31,12,21:00,20,1,S,1.0,20,false
2025-12-31,12,22:00,22,1,S,1.0,22,false
2025-12-31,12,23:00,24,1,S,1.0,24,false
2026-01-01,1,20:00,18,2,N,0.8888888888888888,0,true
2026-01-01,1,21:00,20,2,N,0.9,0,true
2026-01-01,1,22:00,22,2,N,0.9090909090909091,0,true
2026-01-01,1,23:00,24,2,N,0.9166666666666666,0,true
2026-01-02,1,20:00,18,1,N,1.0,0,false
2026-01-02,1,21:00,20,1,N,1.0,0,false
2026-01-02,1,22:00,22,1,N,1.0,0,false
2026-01-02,1,23:00,24,1,N,1.0,0,false
2026-01-03,1,20:00,18,1,S,1.0,18,false
2026-01-03,1,21:00,20,1,S,1.0,20,false
2026-01-03,1,22:00,22,1,S,1.0,22,false
2026-01-03,1,23:00,24,1,S,1.0,24,false
2026-01-04,1,20:00,18,2,S,0.5,18,true
2026-01-04,1,21:00,20,2,S,0.55,20,true
2026-01-04,1,22:00,22,2,S,0.5909090909090909,22,true
2026-01-04,1,23:00,24,2,S,0.625,24,true
2026-01-05,1,20:00,18,2,N,0.8888888888888888,0,true
2026-01-05,1,21:00,20,2,N,0.8,0,true
2026-01-05,1,22:00,22,2,N,0.7727272727272727,0,true
2026-01-05,1,23:00,24,2,N,0.7916666666666666,0,true
2026-01-06,1,20:00,18,1,N,1.0,0,false
2026-01-06,1,21:00,20,1,N,1.0,0,false
2026-01-06,1,22:00,22,1,N,1.0,0,false
2026-01-06,1,23:00,24,1,N,1.0,0,false
2026-01-07,1,20:00,18,1,N,1.0,0,false
2026-01-07,1,21:00,20,1,N,1.0,0,false
2026-01-07,1,22:00,22,1,N,1.0,0,false
2026-01-07,1,23:00,24,1,N,1.0,0,false
2026-01-08,1,20:00,18,3,N,0.6111111111111112,0,true
2026-01-08,1,21:00,20,3,N,0.6,0,true
2026-01-08,1,22:00,22,5,N,0.5454545454545454,2,true
2026-01-08,1,23:00,24,5,N,0.5,4,true
2026-01-09,1,20:00,18,2,N,0.8888888888888888,0,true
2026-01-09,1,21:00,20,2,N,0.9,0,true
2026-01-09,1,22:00,22,2,N,0.9090909090909091,0,true
2026-01-09,1,23:00,24,2,N,0.9166666666666666,0,true
2026-01-10,1,20:00,18,2,N,0.8888888888888888,0,true
2026-01-10,1,21:00,20,2,N,0.9,0,true
2026-01-10,1,22:00,22,2,N,0.9090909090909091,0,true
2026-01-10,1,23:00,24,2,N,0.9166666666666666,0,true
2026-01-11,1,20:00,18,2,N,0.8888888888888888,0,true
2026-01-11,1,21:00,20,2,N,0.9,0,true
2026-01-11,1,22:00,22,2,N,0.9090909090909091,0,true
2026-01-11,1,23:00,24,2,N,0.9166666666666666,0,true
2026-01-12,1,20:00,18,6,N,0.3888888888888889,9,true
2026-01-12,1,21:00,20,6,N,0.35,11,true
2026-01-12,1,22:00,22,6,S,0.4090909090909091,13,true
2026-01-12,1,23:00,24,6,S,0.4583333333333333,15,true
2026-01-13,1,20:00,18,2,N,0.5555555555555556,0,true
2026-01-13,1,21:00,20,2,N,0.6,0,true
2026-01-13,1,22:00,22,2,N,0.6363636363636364,0,true
2026-01-13,1,23:00,24,2,N,0.6666666666666666,0,true
2026-01-14,1,20:00,18,1,N,1.0,0,false
2026-01-14,1,21:00,20,1,N,1.0,0,false
2026-01-14,1,22:00,22,1,N,1.0,0,false
2026-01-14,1,23:00,24,1,N,1.0,0,false
2026-01-15,1,20:00,18,6,N,0.3333333333333333,1,true
2026-01-15,1,21:00,20,6,N,0.3,1,true
2026-01-15,1,22:00,22,7,N,0.2727272727272727,2,true
2026-01-15,1,23:00,24,7,N,0.3333333333333333,2,true
2026-01-16,1,20:00,18,2,S,0.8888888888888888,18,true
2026-01-16,1,21:00,20,2,S,0.9,20,true
2026-01-16,1,22:00,22,2,S,0.9090909090909091,22,true
2026-01-16,1,23:00,24,2,S,0.9166666666666666,24,true
2026-01-17,1,20:00,18,1,S,1.0,18,false
2026-01-17,1,21:00,20,1,S,1.0,20,false
2026-01-17,1,22:00,22,1,S,1.0,22,false
2026-01-17,1,23:00,24,1,S,1.0,24,false
2026-01-18,1,20:00,18,2,SE,0.6111111111111112,18,true
2026-01-18,1,21:00,20,2,SE,0.65,20,true
2026-01-18,1,22:00,22,2,SE,0.6818181818181818,22,true
2026-01-18,1,23:00,24,2,SE,0.7083333333333334,24,true
2026-01-19,1,20:00,18,2,SE,0.5555555555555556,18,true
2026-01-19,1,21:00,20,2,SE,0.6,20,true
2026-01-19,1,22:00,22,2,SE,0.6363636363636364,22,true
2026-01-19,1,23:00,24,2,SE,0.6666666666666666,24,true
2026-01-20,1,20:00,18,1,SE,1.0,18,false
2026-01-20,1,21:00,20,1,SE,1.0,20,false
2026-01-20,1,22:00,22,1,SE,1.0,22,false
2026-01-20,1,23:00,24,1,SE,1.0,24,false
2026-01-21,1,20:00,18,6,E,0.2777777777777778,8,true
2026-01-21,1,21:00,20,7,E,0.25,8,true
2026-01-21,1,22:00,22,7,E,0.22727272727272727,10,true
2026-01-21,1,23:00,24,7,E,0.20833333333333334,11,true
2026-01-22,1,20:00,18,4,NE,0.6666666666666666,2,true
2026-01-22,1,21:00,20,4,NE,0.6,4,true
2026-01-22,1,22:00,22,5,NE,0.5454545454545454,6,true
2026-01-22,1,23:00,24,5,NE,0.5,8,true
2026-01-23,1,20:00,18,5,N,0.5555555555555556,6,true
2026-01-23,1,21:00,20,5,N,0.6,6,true
2026-01-23,1,22:00,22,5,N,0.6363636363636364,6,true
2026-01-23,1,23:00,24,6,N,0.625,6,true
2026-01-24,1,20:00,18,4,N,0.5555555555555556,5,true
2026-01-24,1,21:00,20,4,N,0.5,7,true
2026-01-24,1,22:00,22,4,N,0.45454545454545453,9,true
2026-01-24,1,23:00,24,4,SW,0.4583333333333333,11,true
2026-01-25,1,20:00,18,5,N,0.4444444444444444,2,true
2026-01-25,1,21:00,20,5,N,0.5,2,true
2026-01-25,1,22:00,22,5,N,0.5454545454545454,2,true
2026-01-25,1,23:00,24,6,N,0.5416666666666666,2,true
2026-01-26,1,20:00,18,5,N,0.4444444444444444,2,true
2026-01-26,1,21:00,20,5,N,0.5,2,true
2026-01-26,1,22:00,22,5,N,0.5454545454545454,2,true
2026-01-26,1,23:00,24,5,N,0.5833333333333334,2,true
2026-01-27,1,20:00,18,3,SE,0.6666666666666666,15,true
2026-01-27,1,21:00,20,3,SE,0.65,17,true
2026-01-27,1,22:00,22,3,SE,0.6818181818181818,19,true
2026-01-27,1,23:00,24,3,SE,0.6666666666666666,21,true
2026-01-28,1,20:00,18,4,S,0.6111111111111112,13,true
2026-01-28,1,21:00,20,5,S,0.55,15,true
2026-01-28,1,22:00,22,5,S,0.5909090909090909,17,true
2026-01-28,1,23:00,24,5,S,0.625,19,true
2026-01-29,1,20:00,18,1,N,1.0,0,false
2026-01-29,1,21:00,20,1,N,1.0,0,false
2026-01-29,1,22:00,22,1,N,1.0,0,false
2026-01-29,1,23:00,24,1,N,1.0,0,false
2026-01-30,1,20:00,18,4,S,0.7222222222222222,15,true
2026-01-30,1,21:00,20,4,S,0.75,17,true
2026-01-30,1,22:00,22,4,S,0.7727272727272727,19,true
2026-01-30,1,23:00,24,4,S,0.7916666666666666,21,true
2026-01-31,1,20:00,18,2,N,0.6111111111111112,0,true
2026-01-31,1,21:00,20,2,N,0.65,0,true
2026-01-31,1,22:00,22,2,N,0.6818181818181818,0,true
2026-01-31,1,23:00,24,2,N,0.7083333333333334,0,true
2026-02-01,2,20:00,18,1,N,1.0,0,false
2026-02-01,2,21:00,20,1,N,1.0,0,false
2026-02-01,2,22:00,22,1,N,1.0,0,false
2026-02-01,2,23:00,24,1,N,1.0,0,false
2026-02-02,2,20:00,18,1,N,1.0,0,false
2026-02-02,2,21:00,20,1,N,1.0,0,false
2026-02-02,2,22:00,22,1,N,1.0,0,false
2026-02-02,2,23:00,24,1,N,1.0,0,false
2026-02-03,2,20:00,18,3,S,0.6111111111111112,12,true
2026-02-03,2,21:00,20,4,S,0.6,14,true
2026-02-03,2,22:00,22,4,S,0.5454545454545454,16,true
2026-02-03,2,23:00,24,4,S,0.5833333333333334,18,true
2026-02-04,2,20:00,18,1,S,1.0,18,false
2026-02-04,2,21:00,20,1,S,1.0,20,false
2026-02-04,2,22:00,22,1,S,1.0,22,false
2026-02-04,2,23:00,24,1,S,1.0,24,false
2026-02-05,2,20:00,18,2,NE,0.7222222222222222,0,true
2026-02-05,2,21:00,20,2,NE,0.65,0,true
2026-02-05,2,22:00,22,2,NE,0.5909090909090909,0,true
2026-02-05,2,23:00,24,4,NE,0.5416666666666666,2,true
2026-02-06,2,20:00,18,1,N,1.0,0,false
2026-02-06,2,21:00,20,1,N,1.0,0,false
2026-02-06,2,22:00,22,1,N,1.0,0,false
2026-02-06,2,23:00,24,1,N,1.0,0,false
2026-02-07,2,20:00,18,1,N,1.0,0,false
2026-02-07,2,21:00,20,1,N,1.0,0,false
2026-02-07,2,22:00,22,1,N,1.0,0,false
2026-02-07,2,23:00,24,1,N,1.0,0,false
2026-02-08,2,20:00,18,2,NE,0.6111111111111112,0,true
2026-02-08,2,21:00,20,3,NE,0.55,2,true
2026-02-08,2,22:00,22,4,NE,0.5,4,true
2026-02-08,2,23:00,24,4,NE,0.4583333333333333,6,true
2026-02-09,2,20:00,18,4,NE,0.5,0,true
2026-02-09,2,21:00,20,4,N,0.45,0,true
2026-02-09,2,22:00,22,5,N,0.4090909090909091,2,true
2026-02-09,2,23:00,24,5,N,0.375,4,true
2026-02-10,2,20:00,18,5,N,0.3333333333333333,5,true
2026-02-10,2,21:00,20,5,N,0.35,5,true
2026-02-10,2,22:00,22,5,N,0.36363636363636365,5,true
2026-02-10,2,23:00,24,5,N,0.4166666666666667,5,true
2026-02-11,2,20:00,18,2,N,0.9444444444444444,0,true
2026-02-11,2,21:00,20,2,N,0.85,0,true
2026-02-11,2,22:00,22,2,N,0.8636363636363636,0,true
2026-02-11,2,23:00,24,2,N,0.875,0,true
2026-02-12,2,20:00,18,5,SW,0.3888888888888889,10,true
2026-02-12,2,21:00,20,5,SW,0.35,10,true
2026-02-12,2,22:00,22,5,SW,0.3181818181818182,11,true
2026-02-12,2,23:00,24,5,SW,0.3333333333333333,13,true
2026-02-13,2,20:00,18,2,N,0.9444444444444444,0,true
2026-02-13,2,21:00,20,2,N,0.95,0,true
2026-02-13,2,22:00,22,2,N,0.9545454545454546,0,true
2026-02-13,2,23:00,24,2,N,0.9583333333333334,0,true
2026-02-14,2,20:00,18,3,S,0.6666666666666666,13,true
2026-02-14,2,21:00,20,3,S,0.7,15,true
2026-02-14,2,22:00,22,3,S,0.7272727272727273,17,true
2026-02-14,2,23:00,24,3,S,0.75,19,true
2026-02-15,2,20:00,18,1,S,1.0,18,false
2026-02-15,2,21:00,20,1,S,1.0,20,false
2026-02-15,2,22:00,22,1,S,1.0,22,false
2026-02-15,2,23:00,24,1,S,1.0,24,false
2026-02-16,2,20:00,18,2,SW,0.7777777777777778,18,true
2026-02-16,2,21:00,20,2,SW,0.75,20,true
2026-02-16,2,22:00,22,2,SW,0.6818181818181818,22,true
2026-02-16,2,23:00,24,2,SW,0.625,24,true
2026-02-17,2,20:00,18,3,N,0.6666666666666666,1,true
2026-02-17,2,21:00,20,3,N,0.7,1,true
2026-02-17,2,22:00,22,3,N,0.7272727272727273,1,true
2026-02-17,2,23:00,24,3,N,0.75,1,true
2026-02-18,2,20:00,18,1,N,1.0,0,false
2026-02-18,2,21:00,20,1,N,1.0,0,false
2026-02-18,2,22:00,22,1,N,1.0,0,false
2026-02-18,2,23:00,24,1,N,1.0,0,false
2026-02-19,2,20:00,18,1,N,1.0,0,false
2026-02-19,2,21:00,20,1,N,1.0,0,false
2026-02-19,2,22:00,22,1,N,1.0,0,false
2026-02-19,2,23:00,24,1,N,1.0,0,false
2026-02-20,2,20:00,18,3,N,0.6666666666666666,0,true
2026-02-20,2,21:00,20,3,N,0.65,0,true
2026-02-20,2,22:00,22,3,N,0.6363636363636364,0,true
2026-02-20,2,23:00,24,3,N,0.6666666666666666,0,true
2026-02-21,2,20:00,18,6,SW,0.3333333333333333,11,true
2026-02-21,2,21:00,20,6,SW,0.3,11,true
2026-02-21,2,22:00,22,6,SW,0.2727272727272727,11,true
2026-02-21,2,23:00,24,6,SW,0.2916666666666667,12,true
2026-02-22,2,20:00,18,1,N,1.0,0,false
2026-02-22,2,21:00,20,1,N,1.0,0,false
2026-02-22,2,22:00,22,1,N,1.0,0,false
2026-02-22,2,23:00,24,1,N,1.0,0,false
2026-02-23,2,20:00,18,4,S,0.5,15,true
2026-02-23,2,21:00,20,4,S,0.45,16,true
2026-02-23,2,22:00,22,4,S,0.45454545454545453,18,true
2026-02-23,2,23:00,24,4,S,0.4583333333333333,20,true
2026-02-24,2,20:00,18,1,N,1.0,0,false
2026-02-24,2,21:00,20,1,N,1.0,0,false
2026-02-24,2,22:00,22,1,N,1.0,0,false
2026-02-24,2,23:00,24,1,N,1.0,0,false
2026-02-25,2,20:00,18,4,S,0.5555555555555556,13,true
2026-02-25,2,21:00,20,4,S,0.5,13,true
2026-02-25,2,22:00,22,5,S,0.5,14,true
2026-02-25,2,23:00,24,5,S,0.5416666666666666,16,true
2026-02-26,2,20:00,18,1,N,1.0,0,false
2026-02-26,2,21:00,20,1,N,1.0,0,false
2026-02-26,2,22:00,22,1,N,1.0,0,false
2026-02-26,2,23:00,24,1,N,1.0,0,false
2026-02-27,2,20:00,18,1,S,1.0,18,false
2026-02-27,2,21:00,20,1,S,1.0,20,false
2026-02-27,2,22:00,22,1,S,1.0,22,false
2026-02-27,2,23:00,24,1,S,1.0,24,false
2026-02-28,2,20:00,18,2,SE,0.6111111111111112,18,true
2026-02-28,2,21:00,20,2,SE,0.55,20,true
2026-02-28,2,22:00,22,2,S,0.5,22,true
2026-02-28,2,23:00,24,2,S,0.5416666666666666,24,true
2026-03-01,3,20:00,18,2,N,0.5555555555555556,0,true
2026-03-01,3,21:00,20,2,N,0.6,0,true
2026-03-01,3,22:00,22,2,N,0.6363636363636364,0,true
2026-03-01,3,23:00,24,2,N,0.6666666666666666,0,true
2026-03-02,3,20:00,18,2,S,0.9444444444444444,18,true
2026-03-02,3,21:00,20,2,S,0.95,20,true
2026-03-02,3,22:00,22,2,S,0.9545454545454546,22,true
2026-03-02,3,23:00,24,2,S,0.9583333333333334,24,true
2026-03-03,3,20:00,18,2,S,0.9444444444444444,18,true
2026-03-03,3,21:00,20,2,S,0.95,20,true
2026-03-03,3,22:00,22,2,S,0.9545454545454546,22,true
2026-03-03,3,23:00,24,2,S,0.9583333333333334,24,true
2026-03-04,3,20:00,18,2,S,0.9444444444444444,18,true
2026-03-04,3,21:00,20,2,S,0.95,20,true
2026-03-04,3,22:00,22,2,S,0.9545454545454546,22,true
2026-03-04,3,23:00,24,2,S,0.9166666666666666,24,true
2026-03-05,3,20:00,18,2,N,0.7222222222222222,0,true
2026-03-05,3,21:00,20,2,N,0.65,0,true
2026-03-05,3,22:00,22,2,N,0.6818181818181818,0,true
2026-03-05,3,23:00,24,2,N,0.7083333333333334,0,true
2026-03-06,3,20:00,18,2,N,0.8888888888888888,0,true
2026-03-06,3,21:00,20,2,N,0.9,0,true
2026-03-06,3,22:00,22,2,N,0.9090909090909091,0,true
2026-03-06,3,23:00,24,2,N,0.9166666666666666,0,true
2026-03-07,3,20:00,18,1,N,1.0,0,false
2026-03-07,3,21:00,20,1,N,1.0,0,false
2026-03-07,3,22:00,22,1,N,1.0,0,false
2026-03-07,3,23:00,24,1,N,1.0,0,false
2026-03-08,3,20:00,18,1,N,1.0,0,false
2026-03-08,3,21:00,20,1,N,1.0,0,false
2026-03-08,3,22:00,22,1,N,1.0,0,false
2026-03-08,3,23:00,24,1,N,1.0,0,false
2026-03-09,3,20:00,18,3,N,0.6111111111111112,7,true
2026-03-09,3,21:00,20,3,N,0.55,9,true
2026-03-09,3,22:00,22,3,N,0.5,11,true
2026-03-09,3,23:00,24,3,N,0.4583333333333333,13,true
2026-03-10,3,20:00,18,2,S,0.8888888888888888,18,true
2026-03-10,3,21:00,20,2,S,0.9,20,true
2026-03-10,3,22:00,22,2,S,0.8181818181818182,22,true
2026-03-10,3,23:00,24,2,S,0.75,24,true
2026-03-11,3,20:00,18,5,NE,0.5,7,true
2026-03-11,3,21:00,20,5,NE,0.5,8,true
2026-03-11,3,22:00,22,5,NE,0.45454545454545453,10,true
2026-03-11,3,23:00,24,5,NE,0.4166666666666667,12,true
2026-03-12,3,20:00,18,3,NE,0.5555555555555556,0,true
2026-03-12,3,21:00,20,3,NE,0.6,0,true
2026-03-12,3,22:00,22,3,NE,0.5909090909090909,0,true
2026-03-12,3,23:00,24,3,NE,0.5416666666666666,0,true
2026-03-13,3,20:00,18,2,N,0.8333333333333334,0,true
2026-03-13,3,21:00,20,2,N,0.85,0,true
2026-03-13,3,22:00,22,2,N,0.7727272727272727,0,true
2026-03-13,3,23:00,24,2,N,0.75,0,true
2026-03-14,3,20:00,18,3,S,0.8333333333333334,17,true
2026-03-14,3,21:00,20,3,S,0.85,19,true
2026-03-14,3,22:00,22,3,S,0.8636363636363636,21,true
2026-03-14,3,23:00,24,3,S,0.875,23,true
2026-03-15,3,20:00,18,2,N,0.8333333333333334,0,true
2026-03-15,3,21:00,20,2,N,0.8,0,true
2026-03-15,3,22:00,22,2,N,0.7272727272727273,0,true
2026-03-15,3,23:00,24,2,N,0.75,0,true
2026-03-16,3,20:00,18,2,N,0.6666666666666666,0,true
2026-03-16,3,21:00,20,2,N,0.7,0,true
2026-03-16,3,22:00,22,2,N,0.7272727272727273,0,true
2026-03-16,3,23:00,24,2,N,0.75,0,true
2026-03-17,3,20:00,18,2,NE,0.5555555555555556,0,true
2026-03-17,3,21:00,20,2,N,0.5,0,true
2026-03-17,3,22:00,22,2,N,0.5454545454545454,0,true
2026-03-17,3,23:00,24,2,N,0.5833333333333334,0,true
2026-03-18,3,20:00,18,2,N,0.8888888888888888,0,true
2026-03-18,3,21:00,20,2,N,0.9,0,true
2026-03-18,3,22:00,22,2,N,0.9090909090909091,0,true
2026-03-18,3,23:00,24,2,N,0.9166666666666666,0,true
2026-03-19,3,20:00,18,1,S,1.0,18,false
2026-03-19,3,21:00,20,1,S,1.0,20,false
2026-03-19,3,22:00,22,1,S,1.0,22,false
2026-03-19,3,23:00,24,1,S,1.0,24,false
2026-03-20,3,20:00,18,2,S,0.6111111111111112,18,true
2026-03-20,3,21:00,20,2,S,0.65,20,true
2026-03-20,3,22:00,22,2,S,0.6818181818181818,22,true
2026-03-20,3,23:00,24,2,S,0.7083333333333334,24,true
2026-03-21,3,20:00,18,2,S,0.6666666666666666,18,true
2026-03-21,3,21:00,20,2,S,0.6,20,true
2026-03-21,3,22:00,22,2,S,0.6363636363636364,22,true
2026-03-21,3,23:00,24,2,S,0.625,24,true
2026-03-22,3,20:00,18,2,NE,0.7222222222222222,0,true
2026-03-22,3,21:00,20,2,NE,0.65,0,true
2026-03-22,3,22:00,22,2,NE,0.6818181818181818,0,true
2026-03-22,3,23:00,24,2,NE,0.625,0,true
2026-03-23,3,20:00,18,3,NE,0.7777777777777778,0,true
2026-03-23,3,21:00,20,4,NE,0.75,1,true
2026-03-23,3,22:00,22,4,NE,0.6818181818181818,3,true
2026-03-23,3,23:00,24,4,NE,0.625,5,true
2026-03-24,3,20:00,18,2,N,0.5555555555555556,0,true
2026-03-24,3,21:00,20,2,N,0.6,0,true
2026-03-24,3,22:00,22,2,N,0.6363636363636364,0,true
2026-03-24,3,23:00,24,2,N,0.6666666666666666,0,true
2026-03-25,3,20:00,18,3,N,0.7777777777777778,0,true
2026-03-25,3,21:00,20,4,N,0.7,1,true
2026-03-25,3,22:00,22,4,N,0.6363636363636364,3,true
2026-03-25,3,23:00,24,4,N,0.5833333333333334,5,true
2026-03-26,3,20:00,18,7,NE,0.5,6,true
2026-03-26,3,21:00,20,7,NE,0.55,6,true
2026-03-26,3,22:00,22,7,NE,0.5909090909090909,6,true
2026-03-26,3,23:00,24,7,NE,0.625,6,true
2026-03-27,3,20:00,18,2,N,0.6111111111111112,0,true
2026-03-27,3,21:00,20,2,N,0.6,0,true
2026-03-27,3,22:00,22,2,N,0.5909090909090909,0,true
2026-03-27,3,23:00,24,2,N,0.5416666666666666,0,true
2026-03-28,3,20:00,18,1,N,1.0,0,false
2026-03-28,3,21:00,20,1,N,1.0,0,false
2026-03-28,3,22:00,22,1,N,1.0,0,false
2026-03-28,3,23:00,24,1,N,1.0,0,false
2026-03-29,3,20:00,18,2,N,0.5,0,true
2026-03-29,3,21:00,20,2,N,0.55,0,true
2026-03-29,3,22:00,22,2,N,0.5909090909090909,0,true
2026-03-29,3,23:00,24,2,N,0.625,0,true
2026-03-30,3,20:00,18,3,N,0.8333333333333334,0,true
2026-03-30,3,21:00,20,3,N,0.85,0,true
2026-03-30,3,22:00,22,3,N,0.8636363636363636,0,true
2026-03-30,3,23:00,24,3,N,0.875,0,true
2026-03-31,3,20:00,18,5,N,0.7222222222222222,3,true
2026-03-31,3,21:00,20,5,N,0.65,5,true
2026-03-31,3,22:00,22,5,N,0.5909090909090909,7,true
2026-03-31,3,23:00,24,5,N,0.5416666666666666,9,true
2026-04-01,4,20:00,18,4,E,0.3888888888888889,3,true
2026-04-01,4,21:00,20,4,N,0.4,3,true
2026-04-01,4,22:00,22,4,N,0.36363636363636365,3,true
2026-04-01,4,23:00,24,5,E,0.3333333333333333,4,true
2026-04-02,4,20:00,18,2,NE,0.8888888888888888,0,true
2026-04-02,4,21:00,20,2,NE,0.8,0,true
2026-04-02,4,22:00,22,2,NE,0.7272727272727273,0,true
2026-04-02,4,23:00,24,2,NE,0.6666666666666666,0,true
2026-04-03,4,20:00,18,2,N,0.6666666666666666,0,true
2026-04-03,4,21:00,20,2,N,0.6,0,true
2026-04-03,4,22:00,22,2,N,0.6363636363636364,0,true
2026-04-03,4,23:00,24,2,N,0.6666666666666666,0,true
2026-04-04,4,20:00,18,2,N,0.9444444444444444,0,true
2026-04-04,4,21:00,20,2,N,0.95,0,true
2026-04-04,4,22:00,22,2,N,0.8636363636363636,0,true
2026-04-04,4,23:00,24,2,N,0.8333333333333334,0,true
2026-04-05,4,20:00,18,1,S,1.0,18,false
2026-04-05,4,21:00,20,1,S,1.0,20,false
2026-04-05,4,22:00,22,1,S,1.0,22,false
2026-04-05,4,23:00,24,1,S,1.0,24,false
2026-04-06,4,20:00,16,2,SE,0.5625,16,true
2026-04-06,4,21:00,18,2,SE,0.6111111111111112,18,true
2026-04-06,4,22:00,20,2,SE,0.55,20,true
2026-04-06,4,23:00,22,3,SE,0.5,21,true
2026-04-07,4,20:00,16,1,NE,1.0,0,false
2026-04-07,4,21:00,18,1,NE,1.0,0,false
2026-04-07,4,22:00,20,1,NE,1.0,0,false
2026-04-07,4,23:00,22,1,NE,1.0,0,false
2026-04-08,4,20:00,16,6,SW,0.5,10,true
2026-04-08,4,21:00,18,6,SW,0.4444444444444444,10,true
2026-04-08,4,22:00,20,6,SW,0.4,10,true
2026-04-08,4,23:00,22,6,N,0.36363636363636365,10,true
2026-04-09,4,20:00,16,1,N,1.0,0,false
2026-04-09,4,21:00,18,1,N,1.0,0,false
2026-04-09,4,22:00,20,1,N,1.0,0,false
2026-04-09,4,23:00,22,1,N,1.0,0,false
2026-04-10,4,20:00,16,5,N,0.625,1,true
2026-04-10,4,21:00,18,6,N,0.5555555555555556,3,true
2026-04-10,4,22:00,20,6,N,0.5,4,true
2026-04-10,4,23:00,22,6,N,0.45454545454545453,6,true
2026-04-11,4,20:00,16,3,NE,0.6875,0,true
2026-04-11,4,21:00,18,3,NE,0.6111111111111112,0,true
2026-04-11,4,22:00,20,3,NE,0.55,0,true
2026-04-11,4,23:00,22,4,NE,0.5454545454545454,1,true
2026-04-12,4,20:00,16,6,SW,0.3125,9,true
2026-04-12,4,21:00,18,6,SW,0.3888888888888889,11,true
2026-04-12,4,22:00,20,6,SW,0.45,13,true
2026-04-12,4,23:00,22,6,SW,0.4090909090909091,15,true
2026-04-13,4,20:00,16,2,N,0.75,0,true
2026-04-13,4,21:00,18,2,N,0.7777777777777778,0,true
2026-04-13,4,22:00,20,2,N,0.8,0,true
2026-04-13,4,23:00,22,2,N,0.8181818181818182,0,true
2026-04-14,4,20:00,16,2,N,0.9375,0,true
2026-04-14,4,21:00,18,2,N,0.9444444444444444,0,true
2026-04-14,4,22:00,20,2,N,0.9,0,true
2026-04-14,4,23:00,22,2,N,0.8181818181818182,0,true
2026-04-15,4,20:00,16,4,N,0.625,0,true
2026-04-15,4,21:00,18,4,N,0.5555555555555556,0,true
2026-04-15,4,22:00,20,4,N,0.6,0,true
2026-04-15,4,23:00,22,4,N,0.5454545454545454,0,true
2026-04-16,4,20:00,16,3,NW,0.375,0,true
2026-04-16,4,21:00,18,3,W,0.3888888888888889,0,true
2026-04-16,4,22:00,20,3,NW,0.4,0,true
2026-04-16,4,23:00,22,3,NW,0.45454545454545453,0,true
2026-04-17,4,20:00,16,3,N,0.8125,0,true
2026-04-17,4,21:00,18,3,N,0.8333333333333334,0,true
2026-04-17,4,22:00,20,3,N,0.85,0,true
2026-04-17,4,23:00,22,3,N,0.8636363636363636,0,true
2026-04-18,4,20:00,16,1,N,1.0,0,false
2026-04-18,4,21:00,18,2,N,0.9444444444444444,0,true
2026-04-18,4,22:00,20,2,N,0.95,0,true
2026-04-18,4,23:00,22,2,N,0.9545454545454546,0,true
2026-04-19,4,20:00,16,2,N,0.8125,0,true
2026-04-19,4,21:00,18,2,N,0.7222222222222222,0,true
2026-04-19,4,22:00,20,2,N,0.75,0,true
2026-04-19,4,23:00,22,2,N,0.7727272727272727,0,true
2026-04-20,4,20:00,16,4,S,0.6875,15,true
2026-04-20,4,21:00,18,4,S,0.7222222222222222,17,true
2026-04-20,4,22:00,20,4,S,0.75,19,true
2026-04-20,4,23:00,22,4,S,0.7727272727272727,21,true
2026-04-21,4,20:00,16,1,S,1.0,16,false
2026-04-21,4,21:00,18,1,S,1.0,18,false
2026-04-21,4,22:00,20,1,S,1.0,20,false
2026-04-21,4,23:00,22,1,S,1.0,22,false
2026-04-22,4,20:00,16,1,S,1.0,16,false
2026-04-22,4,21:00,18,1,S,1.0,18,false
2026-04-22,4,22:00,20,1,S,1.0,20,false
2026-04-22,4,23:00,22,1,S,1.0,22,false
2026-04-23,4,20:00,16,2,S,0.875,16,true
2026-04-23,4,21:00,18,2,S,0.8888888888888888,18,true
2026-04-23,4,22:00,20,2,S,0.9,20,true
2026-04-23,4,23:00,22,2,S,0.9090909090909091,22,true
2026-04-24,4,20:00,16,1,NE,1.0,0,false
2026-04-24,4,21:00,18,1,NE,1.0,0,false
2026-04-24,4,22:00,20,2,NE,0.9,0,true
2026-04-24,4,23:00,22,2,NE,0.8181818181818182,0,true
2026-04-25,4,20:00,16,2,N,0.9375,0,true
2026-04-25,4,21:00,18,2,N,0.9444444444444444,0,true
2026-04-25,4,22:00,20,2,N,0.95,0,true
2026-04-25,4,23:00,22,2,N,0.8636363636363636,0,true
2026-04-26,4,20:00,16,2,N,0.625,0,true
2026-04-26,4,21:00,18,2,N,0.6111111111111112,0,true
2026-04-26,4,22:00,20,2,N,0.65,0,true
2026-04-26,4,23:00,22,2,N,0.6818181818181818,0,true
2026-04-27,4,20:00,16,3,NE,0.5,0,true
2026-04-27,4,21:00,18,3,N,0.5,0,true
2026-04-27,4,22:00,20,4,N,0.45,1,true
2026-04-27,4,23:00,22,4,N,0.4090909090909091,3,true
2026-04-28,4,20:00,16,2,N,0.8125,0,true
2026-04-28,4,21:00,18,2,N,0.7777777777777778,0,true
2026-04-28,4,22:00,20,2,N,0.7,0,true
2026-04-28,4,23:00,22,2,N,0.7272727272727273,0,true
2026-04-29,4,20:00,16,1,N,1.0,0,false
2026-04-29,4,21:00,18,1,N,1.0,0,false
2026-04-29,4,22:00,20,1,N,1.0,0,false
2026-04-29,4,23:00,22,1,N,1.0,0,false
2026-04-30,4,20:00,16,3,S,0.8125,14,true
2026-04-30,4,21:00,18,3,S,0.8333333333333334,16,true
2026-04-30,4,22:00,20,3,S,0.85,18,true
2026-04-30,4,23:00,22,3,S,0.8636363636363636,20,true
2026-05-01,5,20:00,16,2,NE,0.75,0,true
2026-05-01,5,21:00,18,3,NE,0.6666666666666666,0,true
2026-05-01,5,22:00,20,3,NE,0.6,0,true
2026-05-01,5,23:00,22,3,NE,0.6363636363636364,0,true
2026-05-02,5,20:00,16,2,NE,0.6875,0,true
2026-05-02,5,21:00,18,2,NE,0.7222222222222222,0,true
2026-05-02,5,22:00,20,2,NE,0.65,0,true
2026-05-02,5,23:00,22,2,NE,0.5909090909090909,0,true
2026-05-03,5,20:00,16,2,NE,0.5625,0,true
2026-05-03,5,21:00,18,2,N,0.5,0,true
2026-05-03,5,22:00,20,2,NE,0.55,0,true
2026-05-03,5,23:00,22,2,NE,0.5909090909090909,0,true
2026-05-04,5,20:00,16,2,NE,0.8125,0,true
2026-05-04,5,21:00,18,2,NE,0.7222222222222222,0,true
2026-05-04,5,22:00,20,2,NE,0.65,0,true
2026-05-04,5,23:00,22,2,NE,0.5909090909090909,0,true
2026-05-05,5,20:00,16,1,N,1.0,0,false
2026-05-05,5,21:00,18,1,N,1.0,0,false
2026-05-05,5,22:00,20,1,N,1.0,0,false
2026-05-05,5,23:00,22,1,N,1.0,0,false
2026-05-06,5,20:00,16,2,N,0.9375,0,true
2026-05-06,5,21:00,18,2,N,0.9444444444444444,0,true
2026-05-06,5,22:00,20,2,N,0.95,0,true
2026-05-06,5,23:00,22,2,N,0.9545454545454546,0,true
2026-05-07,5,20:00,16,1,N,1.0,0,false
2026-05-07,5,21:00,18,1,N,1.0,0,false
2026-05-07,5,22:00,20,1,N,1.0,0,false
2026-05-07,5,23:00,22,1,N,1.0,0,false
2026-05-08,5,20:00,16,1,N,1.0,0,false
2026-05-08,5,21:00,18,1,N,1.0,0,false
2026-05-08,5,22:00,20,1,N,1.0,0,false
2026-05-08,5,23:00,22,1,N,1.0,0,false
2026-05-09,5,20:00,16,1,N,1.0,0,false
2026-05-09,5,21:00,18,2,N,0.9444444444444444,0,true
2026-05-09,5,22:00,20,2,N,0.95,0,true
2026-05-09,5,23:00,22,2,N,0.9545454545454546,0,true
2026-05-10,5,20:00,16,1,N,1.0,0,false
2026-05-10,5,21:00,18,1,N,1.0,0,false
2026-05-10,5,22:00,20,1,N,1.0,0,false
2026-05-10,5,23:00,22,1,N,1.0,0,false
2026-05-11,5,20:00,16,2,S,0.9375,16,true
2026-05-11,5,21:00,18,2,S,0.9444444444444444,18,true
2026-05-11,5,22:00,20,2,S,0.95,20,true
2026-05-11,5,23:00,22,2,S,0.9545454545454546,22,true
2026-05-12,5,20:00,16,2,NE,0.75,0,true
2026-05-12,5,21:00,18,2,NE,0.6666666666666666,0,true
2026-05-12,5,22:00,20,2,NE,0.65,0,true
2026-05-12,5,23:00,22,2,NE,0.5909090909090909,0,true
2026-05-13,5,20:00,16,2,S,0.8125,16,true
2026-05-13,5,21:00,18,2,S,0.8333333333333334,18,true
2026-05-13,5,22:00,20,2,S,0.85,20,true
2026-05-13,5,23:00,22,2,S,0.8636363636363636,22,true
2026-05-14,5,20:00,16,2,S,0.6875,16,true
2026-05-14,5,21:00,18,2,S,0.7222222222222222,18,true
2026-05-14,5,22:00,20,2,S,0.65,20,true
2026-05-14,5,23:00,22,2,S,0.5909090909090909,22,true
2026-05-15,5,20:00,16,1,S,1.0,16,false
2026-05-15,5,21:00,18,1,S,1.0,18,false
2026-05-15,5,22:00,20,1,S,1.0,20,false
2026-05-15,5,23:00,22,1,S,1.0,22,false
2026-05-16,5,20:00,16,2,S,0.875,16,true
2026-05-16,5,21:00,18,2,S,0.8888888888888888,18,true
2026-05-16,5,22:00,20,2,S,0.9,20,true
2026-05-16,5,23:00,22,2,S,0.9090909090909091,22,true
2026-05-17,5,20:00,16,4,S,0.4375,13,true
2026-05-17,5,21:00,18,4,S,0.3888888888888889,15,true
2026-05-17,5,22:00,20,4,SE,0.4,17,true
2026-05-17,5,23:00,22,4,SE,0.45454545454545453,19,true
2026-05-18,5,20:00,16,3,SE,0.625,15,true
2026-05-18,5,21:00,18,4,SE,0.5555555555555556,15,true
2026-05-18,5,22:00,20,5,SE,0.5,16,true
2026-05-18,5,23:00,22,6,SE,0.45454545454545453,18,true
2026-05-19,5,20:00,16,2,NE,0.75,0,true
2026-05-19,5,21:00,18,2,NE,0.6666666666666666,0,true
2026-05-19,5,22:00,20,2,NE,0.6,0,true
2026-05-19,5,23:00,22,2,NE,0.5454545454545454,0,true
2026-05-20,5,20:00,16,2,NE,0.625,0,true
2026-05-20,5,21:00,18,2,NE,0.6666666666666666,0,true
2026-05-20,5,22:00,20,2,NE,0.6,0,true
2026-05-20,5,23:00,22,2,NE,0.5454545454545454,0,true
2026-05-21,5,20:00,16,1,N,1.0,0,false
2026-05-21,5,21:00,18,1,N,1.0,0,false
2026-05-21,5,22:00,20,1,N,1.0,0,false
2026-05-21,5,23:00,22,1,N,1.0,0,false
2026-05-22,5,20:00,16,5,S,0.6875,14,true
2026-05-22,5,21:00,18,6,S,0.6111111111111112,14,true
2026-05-22,5,22:00,20,6,S,0.55,14,true
2026-05-22,5,23:00,22,6,S,0.5,14,true
2026-05-23,5,20:00,16,2,N,0.625,0,true
2026-05-23,5,21:00,18,3,N,0.6111111111111112,1,true
2026-05-23,5,22:00,20,4,N,0.55,3,true
2026-05-23,5,23:00,22,4,N,0.5,5,true
2026-05-24,5,20:00,16,5,E,0.3125,5,true
2026-05-24,5,21:00,18,5,E,0.3888888888888889,5,true
2026-05-24,5,22:00,20,5,E,0.35,7,true
2026-05-24,5,23:00,22,5,E,0.3181818181818182,9,true
2026-05-25,5,20:00,16,2,N,0.625,0,true
2026-05-25,5,21:00,18,2,N,0.6666666666666666,0,true
2026-05-25,5,22:00,20,2,N,0.6,0,true
2026-05-25,5,23:00,22,2,N,0.5454545454545454,0,true
2026-05-26,5,20:00,16,2,N,0.75,0,true
2026-05-26,5,21:00,18,2,N,0.7777777777777778,0,true
2026-05-26,5,22:00,20,2,N,0.8,0,true
2026-05-26,5,23:00,22,2,N,0.8181818181818182,0,true
2026-05-27,5,20:00,16,5,N,0.25,6,true
2026-05-27,5,21:00,18,5,N,0.2777777777777778,6,true
2026-05-27,5,22:00,20,5,N,0.3,6,true
2026-05-27,5,23:00,22,5,N,0.36363636363636365,6,true
2026-05-28,5,20:00,16,2,N,0.625,0,true
2026-05-28,5,21:00,18,2,N,0.6666666666666666,0,true
2026-05-28,5,22:00,20,2,N,0.65,0,true
2026-05-28,5,23:00,22,3,N,0.5909090909090909,2,true
2026-05-29,5,20:00,16,3,NE,0.5,0,true
2026-05-29,5,21:00,18,3,N,0.4444444444444444,0,true
2026-05-29,5,22:00,20,3,N,0.5,0,true
2026-05-29,5,23:00,22,4,N,0.5,0,true
2026-05-30,5,20:00,16,2,N,0.8125,0,true
2026-05-30,5,21:00,18,2,N,0.7777777777777778,0,true
2026-05-30,5,22:00,20,2,N,0.75,0,true
2026-05-30,5,23:00,22,2,N,0.7727272727272727,0,true
2026-05-31,5,20:00,16,1,N,1.0,0,false
2026-05-31,5,21:00,18,1,N,1.0,0,false
2026-05-31,5,22:00,20,1,N,1.0,0,false
2026-05-31,5,23:00,22,1,N,1.0,0,false
2026-06-01,6,20:00,16,1,N,1.0,0,false
2026-06-01,6,21:00,18,1,N,1.0,0,false
2026-06-01,6,22:00,20,1,N,1.0,0,false
2026-06-01,6,23:00,22,1,N,1.0,0,false
2026-06-02,6,20:00,16,1,N,1.0,0,false
2026-06-02,6,21:00,18,1,N,1.0,0,false
2026-06-02,6,22:00,20,1,N,1.0,0,false
2026-06-02,6,23:00,22,2,N,0.9545454545454546,0,true
2026-06-03,6,20:00,16,4,N,0.625,5,true
2026-06-03,6,21:00,18,4,N,0.5555555555555556,7,true
2026-06-03,6,22:00,20,4,N,0.5,9,true
2026-06-03,6,23:00,22,4,N,0.45454545454545453,11,true
