date_local,cp,test_year,candidate_id,actual,prediction,absolute_error,actual_bracket,pred_bracket,production_status,exact_bracket
2024-01-01,23:00,2024,local_only_reference,19,19.325968521093834,0.32596852109383434,19,19,EXPERIMENT_ONLY,true
2024-01-02,23:00,2024,local_only_reference,23,21.597655847347987,1.402344152652013,23,22,EXPERIMENT_ONLY,false
2024-01-03,23:00,2024,local_only_reference,21,20.226415018180973,0.7735849818190275,21,20,EXPERIMENT_ONLY,false
2024-01-04,23:00,2024,local_only_reference,21,22.123866765152815,1.1238667651528154,21,22,EXPERIMENT_ONLY,false
2024-01-05,23:00,2024,local_only_reference,19,21.790126070834393,2.7901260708343933,19,22,EXPERIMENT_ONLY,false
2024-01-06,23:00,2024,local_only_reference,18,17.443334980434905,0.5566650195650951,18,17,EXPERIMENT_ONLY,false
2024-01-07,23:00,2024,local_only_reference,20,19.346765740695588,0.653234259304412,20,19,EXPERIMENT_ONLY,false
2024-01-08,23:00,2024,local_only_reference,25,21.910878790595177,3.089121209404823,25,22,EXPERIMENT_ONLY,false
2024-01-09,23:00,2024,local_only_reference,24,23.771951769458337,0.22804823054166334,24,24,EXPERIMENT_ONLY,true
2024-01-10,23:00,2024,local_only_reference,24,22.5569795144664,1.4430204855336015,24,23,EXPERIMENT_ONLY,false
2024-01-11,23:00,2024,local_only_reference,25,24.288710797586326,0.7112892024136741,25,24,EXPERIMENT_ONLY,false
2024-01-12,23:00,2024,local_only_reference,26,23.969603025361867,2.0303969746381334,26,24,EXPERIMENT_ONLY,false
2024-01-13,23:00,2024,local_only_reference,22,23.032754165537135,1.0327541655371348,22,23,EXPERIMENT_ONLY,false
2024-01-14,23:00,2024,local_only_reference,22,22.685775607341643,0.6857756073416432,22,23,EXPERIMENT_ONLY,false
2024-01-15,23:00,2024,local_only_reference,21,21.44361083551476,0.443610835514761,21,21,EXPERIMENT_ONLY,true
2024-01-16,23:00,2024,local_only_reference,25,20.141439145153726,4.858560854846274,25,20,EXPERIMENT_ONLY,false
2024-01-17,23:00,2024,local_only_reference,27,24.938894231169893,2.0611057688301067,27,25,EXPERIMENT_ONLY,false
2024-01-18,23:00,2024,local_only_reference,26,22.33638936211497,3.6636106378850286,26,22,EXPERIMENT_ONLY,false
2024-01-19,23:00,2024,local_only_reference,26,24.284928794192254,1.715071205807746,26,24,EXPERIMENT_ONLY,false
2024-01-20,23:00,2024,local_only_reference,25,23.133207387686227,1.8667926123137732,25,23,EXPERIMENT_ONLY,false
2024-01-21,23:00,2024,local_only_reference,29,24.758998300978863,4.241001699021137,29,25,EXPERIMENT_ONLY,false
2024-01-22,23:00,2024,local_only_reference,29,26.409576491731386,2.5904235082686142,29,26,EXPERIMENT_ONLY,false
2024-01-23,23:00,2024,local_only_reference,24,22.83610741460951,1.1638925853904887,24,23,EXPERIMENT_ONLY,false
2024-01-24,23:00,2024,local_only_reference,22,18.343744943955933,3.656255056044067,22,18,EXPERIMENT_ONLY,false
2024-01-25,23:00,2024,local_only_reference,23,20.180918831901106,2.8190811680988936,23,20,EXPERIMENT_ONLY,false
2024-01-26,23:00,2024,local_only_reference,23,22.491328080969947,0.5086719190300535,23,22,EXPERIMENT_ONLY,false
2024-01-27,23:00,2024,local_only_reference,24,21.11262486710576,2.8873751328942383,24,21,EXPERIMENT_ONLY,false
2024-01-28,23:00,2024,local_only_reference,22,23.514075793601098,1.5140757936010978,22,24,EXPERIMENT_ONLY,false
2024-01-29,23:00,2024,local_only_reference,19,21.062337847106917,2.0623378471069174,19,21,EXPERIMENT_ONLY,false
2024-01-30,23:00,2024,local_only_reference,20,20.28490081659895,0.28490081659894884,20,20,EXPERIMENT_ONLY,true
2024-01-31,23:00,2024,local_only_reference,20,20.22695971741356,0.22695971741356047,20,20,EXPERIMENT_ONLY,true
2024-02-01,23:00,2024,local_only_reference,24,20.573113873751154,3.4268861262488457,24,21,EXPERIMENT_ONLY,false
2024-02-02,23:00,2024,local_only_reference,22,22.352406123010788,0.35240612301078755,22,22,EXPERIMENT_ONLY,true
2024-02-03,23:00,2024,local_only_reference,20,22.27092729862627,2.270927298626269,20,22,EXPERIMENT_ONLY,false
2024-02-04,23:00,2024,local_only_reference,22,20.467548972817475,1.5324510271825247,22,20,EXPERIMENT_ONLY,false
2024-02-05,23:00,2024,local_only_reference,24,22.86346901315672,1.1365309868432796,24,23,EXPERIMENT_ONLY,false
2024-02-06,23:00,2024,local_only_reference,23,23.01979545363585,0.01979545363585089,23,23,EXPERIMENT_ONLY,true
2024-02-07,23:00,2024,local_only_reference,23,23.09410799655039,0.0941079965503917,23,23,EXPERIMENT_ONLY,true
2024-02-08,23:00,2024,local_only_reference,25,22.32564132639238,2.674358673607621,25,22,EXPERIMENT_ONLY,false
2024-02-09,23:00,2024,local_only_reference,22,20.51457388560328,1.48542611439672,22,21,EXPERIMENT_ONLY,false
2024-02-10,23:00,2024,local_only_reference,22,22.97747179463621,0.9774717946362088,22,23,EXPERIMENT_ONLY,false
2024-02-11,23:00,2024,local_only_reference,16,17.53497218496302,1.5349721849630207,16,18,EXPERIMENT_ONLY,false
2024-02-12,23:00,2024,local_only_reference,20,19.01545786463142,0.9845421353685815,20,19,EXPERIMENT_ONLY,false
2024-02-13,23:00,2024,local_only_reference,22,20.935647250408316,1.0643527495916842,22,21,EXPERIMENT_ONLY,false
2024-02-14,23:00,2024,local_only_reference,21,22.004535495171275,1.0045354951712753,21,22,EXPERIMENT_ONLY,false
2024-02-15,23:00,2024,local_only_reference,23,22.562392690622794,0.4376073093772064,23,23,EXPERIMENT_ONLY,true
2024-02-16,23:00,2024,local_only_reference,24,22.67884406434441,1.3211559356555895,24,23,EXPERIMENT_ONLY,false
2024-02-17,23:00,2024,local_only_reference,24,22.55590830352661,1.4440916964733894,24,23,EXPERIMENT_ONLY,false
2024-02-18,23:00,2024,local_only_reference,22,22.6489778211709,0.6489778211708987,22,23,EXPERIMENT_ONLY,false
2024-02-19,23:00,2024,local_only_reference,23,22.73754308252686,0.26245691747314126,23,23,EXPERIMENT_ONLY,true
2024-02-20,23:00,2024,local_only_reference,19,16.527497798630083,2.4725022013699167,19,17,EXPERIMENT_ONLY,false
2024-02-21,23:00,2024,local_only_reference,19,19.020951859010516,0.020951859010516216,19,19,EXPERIMENT_ONLY,true
2024-02-22,23:00,2024,local_only_reference,24,18.751533982419563,5.248466017580437,24,19,EXPERIMENT_ONLY,false
2024-02-23,23:00,2024,local_only_reference,23,22.10764035552898,0.8923596444710213,23,22,EXPERIMENT_ONLY,false
2024-02-24,23:00,2024,local_only_reference,21,22.38126477800223,1.3812647780022296,21,22,EXPERIMENT_ONLY,false
2024-02-25,23:00,2024,local_only_reference,20,19.01047382560664,0.9895261743933617,20,19,EXPERIMENT_ONLY,false
2024-02-26,23:00,2024,local_only_reference,22,20.827055555233397,1.1729444447666033,22,21,EXPERIMENT_ONLY,false
2024-02-27,23:00,2024,local_only_reference,22,21.251866916680292,0.7481330833197077,22,21,EXPERIMENT_ONLY,false
2024-02-28,23:00,2024,local_only_reference,18,19.981701186062793,1.9817011860627929,18,20,EXPERIMENT_ONLY,false
2024-02-29,23:00,2024,local_only_reference,18,17.783027588241158,0.2169724117588423,18,18,EXPERIMENT_ONLY,true
2024-03-01,23:00,2024,local_only_reference,23,20.48479824893644,2.515201751063561,23,20,EXPERIMENT_ONLY,false
2024-03-02,23:00,2024,local_only_reference,20,21.62033482501871,1.620334825018709,20,22,EXPERIMENT_ONLY,false
2024-03-03,23:00,2024,local_only_reference,22,20.55566966326257,1.4443303367374298,22,21,EXPERIMENT_ONLY,false
2024-03-04,23:00,2024,local_only_reference,20,22.413628963924058,2.413628963924058,20,22,EXPERIMENT_ONLY,false
2024-03-05,23:00,2024,local_only_reference,19,17.794590950183,1.2054090498169998,19,18,EXPERIMENT_ONLY,false
2024-03-06,23:00,2024,local_only_reference,17,15.818440412793969,1.1815595872060314,17,16,EXPERIMENT_ONLY,false
2024-03-07,23:00,2024,local_only_reference,19,19.014589078506546,0.014589078506546116,19,19,EXPERIMENT_ONLY,true
2024-03-08,23:00,2024,local_only_reference,19,18.395600108709285,0.6043998912907149,19,18,EXPERIMENT_ONLY,false
2024-03-09,23:00,2024,local_only_reference,20,20.91523122713174,0.9152312271317413,20,21,EXPERIMENT_ONLY,false
2024-03-10,23:00,2024,local_only_reference,20,18.00756501688398,1.99243498311602,20,18,EXPERIMENT_ONLY,false
2024-03-11,23:00,2024,local_only_reference,21,20.920662885947753,0.07933711405224741,21,21,EXPERIMENT_ONLY,true
2024-03-12,23:00,2024,local_only_reference,22,20.678197716274983,1.3218022837250167,22,21,EXPERIMENT_ONLY,false
2024-03-13,23:00,2024,local_only_reference,18,19.546256745977434,1.5462567459774341,18,20,EXPERIMENT_ONLY,false
2024-03-14,23:00,2024,local_only_reference,19,18.430664493060814,0.5693355069391863,19,18,EXPERIMENT_ONLY,false
2024-03-15,23:00,2024,local_only_reference,20,20.652216834776848,0.6522168347768478,20,21,EXPERIMENT_ONLY,false
2024-03-16,23:00,2024,local_only_reference,17,16.22003074042482,0.7799692595751786,17,16,EXPERIMENT_ONLY,false
2024-03-17,23:00,2024,local_only_reference,20,18.905660178604048,1.0943398213959519,20,19,EXPERIMENT_ONLY,false
2024-03-18,23:00,2024,local_only_reference,17,18.94985847772978,1.94985847772978,17,19,EXPERIMENT_ONLY,false
2024-03-19,23:00,2024,local_only_reference,15,16.033250374623613,1.0332503746236128,15,16,EXPERIMENT_ONLY,false
2024-03-20,23:00,2024,local_only_reference,16,15.895521350317685,0.10447864968231535,16,16,EXPERIMENT_ONLY,true
2024-03-21,23:00,2024,local_only_reference,19,17.41826701030887,1.5817329896911296,19,17,EXPERIMENT_ONLY,false
2024-03-22,23:00,2024,local_only_reference,20,19.56747700404108,0.4325229959589194,20,20,EXPERIMENT_ONLY,true
2024-03-23,23:00,2024,local_only_reference,21,19.23403300256355,1.7659669974364505,21,19,EXPERIMENT_ONLY,false
2024-03-24,23:00,2024,local_only_reference,21,18.642054838090232,2.357945161909768,21,19,EXPERIMENT_ONLY,false
2024-03-25,23:00,2024,local_only_reference,21,20.63120245681373,0.36879754318626823,21,21,EXPERIMENT_ONLY,true
2024-03-26,23:00,2024,local_only_reference,22,21.01604253912832,0.9839574608716788,22,21,EXPERIMENT_ONLY,false
2024-03-27,23:00,2024,local_only_reference,21,21.71233821274066,0.7123382127406614,21,22,EXPERIMENT_ONLY,false
2024-03-28,23:00,2024,local_only_reference,17,18.253354270955406,1.2533542709554055,17,18,EXPERIMENT_ONLY,false
2024-03-29,23:00,2024,local_only_reference,15,15.539162990944456,0.5391629909444564,15,16,EXPERIMENT_ONLY,false
2024-03-30,23:00,2024,local_only_reference,15,15.322644739545272,0.3226447395452716,15,15,EXPERIMENT_ONLY,true
2024-03-31,23:00,2024,local_only_reference,16,17.837596636575835,1.8375966365758352,16,18,EXPERIMENT_ONLY,false
2024-04-01,23:00,2024,local_only_reference,16,15.800362313144252,0.19963768685574834,16,16,EXPERIMENT_ONLY,true
2024-04-02,23:00,2024,local_only_reference,15,16.816372087717898,1.8163720877178982,15,17,EXPERIMENT_ONLY,false
2024-04-03,23:00,2024,local_only_reference,19,17.301093641673102,1.698906358326898,19,17,EXPERIMENT_ONLY,false
2024-04-04,23:00,2024,local_only_reference,18,20.47643607128621,2.4764360712862086,18,20,EXPERIMENT_ONLY,false
2024-04-05,23:00,2024,local_only_reference,17,17.7479097780809,0.7479097780808992,17,18,EXPERIMENT_ONLY,false
2024-04-06,23:00,2024,local_only_reference,17,15.226224098476962,1.773775901523038,17,15,EXPERIMENT_ONLY,false
2024-04-07,23:00,2024,local_only_reference,16,17.79995584262982,1.7999558426298208,16,18,EXPERIMENT_ONLY,false
2024-04-08,23:00,2024,local_only_reference,19,19.00871477403726,0.008714774037258621,19,19,EXPERIMENT_ONLY,true
2024-04-09,23:00,2024,local_only_reference,20,20.75753281295102,0.7575328129510197,20,21,EXPERIMENT_ONLY,false
2024-04-10,23:00,2024,local_only_reference,22,21.394949777175956,0.605050222824044,22,21,EXPERIMENT_ONLY,false
2024-04-11,23:00,2024,local_only_reference,23,22.895198550516362,0.10480144948363801,23,23,EXPERIMENT_ONLY,true
2024-04-12,23:00,2024,local_only_reference,21,18.60543048817453,2.3945695118254697,21,19,EXPERIMENT_ONLY,false
2024-04-13,23:00,2024,local_only_reference,18,19.323535508756503,1.3235355087565033,18,19,EXPERIMENT_ONLY,false
2024-04-14,23:00,2024,local_only_reference,15,16.832259425502947,1.8322594255029472,15,17,EXPERIMENT_ONLY,false
2024-04-15,23:00,2024,local_only_reference,18,17.464412697484168,0.5355873025158324,18,17,EXPERIMENT_ONLY,false
2024-04-16,23:00,2024,local_only_reference,19,18.776247962066062,0.22375203793393794,19,19,EXPERIMENT_ONLY,true
2024-04-17,23:00,2024,local_only_reference,19,20.37728730075092,1.3772873007509183,19,20,EXPERIMENT_ONLY,false
2024-04-18,23:00,2024,local_only_reference,18,19.21016117970113,1.2101611797011316,18,19,EXPERIMENT_ONLY,false
2024-04-19,23:00,2024,local_only_reference,18,19.533727017132104,1.5337270171321045,18,20,EXPERIMENT_ONLY,false
2024-04-20,23:00,2024,local_only_reference,16,17.999871536497654,1.999871536497654,16,18,EXPERIMENT_ONLY,false
2024-04-21,23:00,2024,local_only_reference,15,16.642998503937207,1.642998503937207,15,17,EXPERIMENT_ONLY,false
2024-04-22,23:00,2024,local_only_reference,17,17.89825734993077,0.8982573499307698,17,18,EXPERIMENT_ONLY,false
2024-04-23,23:00,2024,local_only_reference,16,15.533669094957586,0.4663309050424136,16,16,EXPERIMENT_ONLY,true
2024-04-24,23:00,2024,local_only_reference,18,18.23038402043922,0.2303840204392209,18,18,EXPERIMENT_ONLY,true
2024-04-25,23:00,2024,local_only_reference,17,19.799989251361687,2.799989251361687,17,20,EXPERIMENT_ONLY,false
2024-04-26,23:00,2024,local_only_reference,18,18.204897748620887,0.20489774862088694,18,18,EXPERIMENT_ONLY,true
2024-04-27,23:00,2024,local_only_reference,16,16.552169838561735,0.5521698385617348,16,17,EXPERIMENT_ONLY,false
2024-04-28,23:00,2024,local_only_reference,19,15.76866596799134,3.231334032008659,19,16,EXPERIMENT_ONLY,false
2024-04-29,23:00,2024,local_only_reference,18,17.591153718562797,0.4088462814372029,18,18,EXPERIMENT_ONLY,true
2024-04-30,23:00,2024,local_only_reference,17,18.901021186774898,1.9010211867748978,17,19,EXPERIMENT_ONLY,false
2024-05-01,23:00,2024,local_only_reference,17,18.67789434839332,1.6778943483933197,17,19,EXPERIMENT_ONLY,false
2024-05-02,23:00,2024,local_only_reference,13,15.126522552181946,2.126522552181946,13,15,EXPERIMENT_ONLY,false
2024-05-03,23:00,2024,local_only_reference,15,15.76091746426389,0.7609174642638905,15,16,EXPERIMENT_ONLY,false
2024-05-04,23:00,2024,local_only_reference,15,16.008959017614796,1.0089590176147958,15,16,EXPERIMENT_ONLY,false
2024-05-05,23:00,2024,local_only_reference,16,15.985316722929982,0.014683277070018264,16,16,EXPERIMENT_ONLY,true
2024-05-06,23:00,2024,local_only_reference,18,17.977102420985332,0.022897579014667713,18,18,EXPERIMENT_ONLY,true
2024-05-07,23:00,2024,local_only_reference,13,14.921657286874124,1.9216572868741242,13,15,EXPERIMENT_ONLY,false
2024-05-08,23:00,2024,local_only_reference,14,13.677013790269873,0.3229862097301268,14,14,EXPERIMENT_ONLY,true
2024-05-09,23:00,2024,local_only_reference,11,13.330272534980942,2.330272534980942,11,13,EXPERIMENT_ONLY,false
2024-05-10,23:00,2024,local_only_reference,12,12.42635455954959,0.42635455954959056,12,12,EXPERIMENT_ONLY,true
2024-05-11,23:00,2024,local_only_reference,12,13.47798802515854,1.47798802515854,12,13,EXPERIMENT_ONLY,false
2024-05-12,23:00,2024,local_only_reference,13,13.791141755275211,0.7911417552752109,13,14,EXPERIMENT_ONLY,false
2024-05-13,23:00,2024,local_only_reference,13,14.225473167828046,1.2254731678280457,13,14,EXPERIMENT_ONLY,false
2024-05-14,23:00,2024,local_only_reference,15,15.519605748912813,0.519605748912813,15,16,EXPERIMENT_ONLY,false
2024-05-15,23:00,2024,local_only_reference,15,15.930721626786347,0.9307216267863474,15,16,EXPERIMENT_ONLY,false
2024-05-16,23:00,2024,local_only_reference,17,16.428663752052437,0.5713362479475634,17,16,EXPERIMENT_ONLY,false
2024-05-17,23:00,2024,local_only_reference,15,15.222458110113774,0.2224581101137737,15,15,EXPERIMENT_ONLY,true
2024-05-18,23:00,2024,local_only_reference,15,17.544551482805307,2.544551482805307,15,18,EXPERIMENT_ONLY,false
2024-05-19,23:00,2024,local_only_reference,14,15.62381567853535,1.6238156785353492,14,16,EXPERIMENT_ONLY,false
2024-05-20,23:00,2024,local_only_reference,14,14.656538994253102,0.6565389942531024,14,15,EXPERIMENT_ONLY,false
2024-05-21,23:00,2024,local_only_reference,14,15.57716527442461,1.57716527442461,14,16,EXPERIMENT_ONLY,false
2024-05-22,23:00,2024,local_only_reference,13,14.44021903154713,1.4402190315471302,13,14,EXPERIMENT_ONLY,false
2024-05-23,23:00,2024,local_only_reference,12,14.20882835855728,2.2088283585572803,12,14,EXPERIMENT_ONLY,false
2024-05-24,23:00,2024,local_only_reference,11,12.433617580287393,1.4336175802873932,11,12,EXPERIMENT_ONLY,false
2024-05-25,23:00,2024,local_only_reference,14,12.99953787592422,1.0004621240757796,14,13,EXPERIMENT_ONLY,false
2024-05-26,23:00,2024,local_only_reference,13,13.421555605606724,0.42155560560672356,13,13,EXPERIMENT_ONLY,true
2024-05-27,23:00,2024,local_only_reference,14,14.099018993558142,0.09901899355814159,14,14,EXPERIMENT_ONLY,true
2024-05-28,23:00,2024,local_only_reference,15,15.070216964914055,0.07021696491405471,15,15,EXPERIMENT_ONLY,true
2024-05-29,23:00,2024,local_only_reference,13,14.538798705957428,1.5387987059574275,13,15,EXPERIMENT_ONLY,false
2024-05-30,23:00,2024,local_only_reference,14,11.39245029455797,2.6075497054420307,14,11,EXPERIMENT_ONLY,false
2024-05-31,23:00,2024,local_only_reference,17,15.934750657485292,1.0652493425147078,17,16,EXPERIMENT_ONLY,false
2024-06-01,23:00,2024,local_only_reference,17,18.034246970536625,1.0342469705366248,17,18,EXPERIMENT_ONLY,false
2024-06-02,23:00,2024,local_only_reference,16,15.34553795926677,0.6544620407332307,16,15,EXPERIMENT_ONLY,false
2024-06-03,23:00,2024,local_only_reference,14,16.026534457172026,2.0265344571720263,14,16,EXPERIMENT_ONLY,false
2024-06-04,23:00,2024,local_only_reference,13,14.36206088864318,1.36206088864318,13,14,EXPERIMENT_ONLY,false
2024-06-05,23:00,2024,local_only_reference,12,13.974514172160756,1.974514172160756,12,14,EXPERIMENT_ONLY,false
2024-06-06,23:00,2024,local_only_reference,14,14.535630922440236,0.5356309224402356,14,15,EXPERIMENT_ONLY,false
2024-06-07,23:00,2024,local_only_reference,16,15.98997212330116,0.010027876698840643,16,16,EXPERIMENT_ONLY,true
2024-06-08,23:00,2024,local_only_reference,14,14.52269361084675,0.5226936108467495,14,15,EXPERIMENT_ONLY,false
2024-06-09,23:00,2024,local_only_reference,16,13.506161950273688,2.493838049726312,16,14,EXPERIMENT_ONLY,false
2024-06-10,23:00,2024,local_only_reference,17,16.601915787488196,0.3980842125118045,17,17,EXPERIMENT_ONLY,true
2024-06-11,23:00,2024,local_only_reference,15,13.93512667682964,1.0648733231703602,15,14,EXPERIMENT_ONLY,false
2024-06-12,23:00,2024,local_only_reference,12,12.525077911406813,0.5250779114068127,12,13,EXPERIMENT_ONLY,false
2024-06-13,23:00,2024,local_only_reference,13,13.181296826247957,0.18129682624795684,13,13,EXPERIMENT_ONLY,true
2024-06-14,23:00,2024,local_only_reference,13,13.427735200431117,0.42773520043111724,13,13,EXPERIMENT_ONLY,true
2024-06-15,23:00,2024,local_only_reference,14,13.06736737407388,0.9326326259261197,14,13,EXPERIMENT_ONLY,false
2024-06-16,23:00,2024,local_only_reference,15,14.379171870578098,0.620828129421902,15,14,EXPERIMENT_ONLY,false
2024-06-17,23:00,2024,local_only_reference,13,13.769161421115992,0.7691614211159923,13,14,EXPERIMENT_ONLY,false
2024-06-18,23:00,2024,local_only_reference,13,14.63125703004881,1.6312570300488094,13,15,EXPERIMENT_ONLY,false
2024-06-19,23:00,2024,local_only_reference,12,11.769937052139044,0.23006294786095616,12,12,EXPERIMENT_ONLY,true
2024-06-20,23:00,2024,local_only_reference,13,14.092171217813004,1.0921712178130036,13,14,EXPERIMENT_ONLY,false
2024-06-21,23:00,2024,local_only_reference,14,11.094681504173169,2.9053184958268314,14,11,EXPERIMENT_ONLY,false
2024-06-22,23:00,2024,local_only_reference,14,13.055113974062055,0.9448860259379455,14,13,EXPERIMENT_ONLY,false
2024-06-23,23:00,2024,local_only_reference,13,13.968139440717575,0.9681394407175752,13,14,EXPERIMENT_ONLY,false
2024-06-24,23:00,2024,local_only_reference,13,13.099387755850465,0.099387755850465,13,13,EXPERIMENT_ONLY,true
2024-06-25,23:00,2024,local_only_reference,13,13.608976404406093,0.6089764044060928,13,14,EXPERIMENT_ONLY,false
2024-06-26,23:00,2024,local_only_reference,14,12.61180192023421,1.3881980797657896,14,13,EXPERIMENT_ONLY,false
2024-06-27,23:00,2024,local_only_reference,13,12.710017223485764,0.2899827765142362,13,13,EXPERIMENT_ONLY,true
2024-06-28,23:00,2024,local_only_reference,13,13.171992725340058,0.17199272534005772,13,13,EXPERIMENT_ONLY,true
2024-06-29,23:00,2024,local_only_reference,14,14.245120683782154,0.24512068378215446,14,14,EXPERIMENT_ONLY,true
2024-06-30,23:00,2024,local_only_reference,13,13.83847890296014,0.8384789029601407,13,14,EXPERIMENT_ONLY,false
2024-07-01,23:00,2024,local_only_reference,14,14.098765011156463,0.09876501115646263,14,14,EXPERIMENT_ONLY,true
2024-07-02,23:00,2024,local_only_reference,13,11.48014344738441,1.5198565526155896,13,11,EXPERIMENT_ONLY,false
2024-07-03,23:00,2024,local_only_reference,11,12.683753529542244,1.683753529542244,11,13,EXPERIMENT_ONLY,false
2024-07-04,23:00,2024,local_only_reference,11,11.804409268038734,0.804409268038734,11,12,EXPERIMENT_ONLY,false
2024-07-05,23:00,2024,local_only_reference,12,12.262350015155743,0.26235001515574297,12,12,EXPERIMENT_ONLY,true
2024-07-06,23:00,2024,local_only_reference,12,11.64575569778847,0.35424430221153,12,12,EXPERIMENT_ONLY,true
2024-07-07,23:00,2024,local_only_reference,13,12.750695231648548,0.2493047683514522,13,13,EXPERIMENT_ONLY,true
2024-07-08,23:00,2024,local_only_reference,13,11.594827007323323,1.4051729926766772,13,12,EXPERIMENT_ONLY,false
2024-07-09,23:00,2024,local_only_reference,14,11.573419656996094,2.4265803430039057,14,12,EXPERIMENT_ONLY,false
2024-07-10,23:00,2024,local_only_reference,13,13.479262637082003,0.47926263708200345,13,13,EXPERIMENT_ONLY,true
2024-07-11,23:00,2024,local_only_reference,13,13.15157761875484,0.15157761875484077,13,13,EXPERIMENT_ONLY,true
2024-07-12,23:00,2024,local_only_reference,10,11.480583464263706,1.480583464263706,10,11,EXPERIMENT_ONLY,false
2024-07-13,23:00,2024,local_only_reference,12,12.114046342252681,0.1140463422526814,12,12,EXPERIMENT_ONLY,true
2024-07-14,23:00,2024,local_only_reference,13,12.923585158715598,0.0764148412844019,13,13,EXPERIMENT_ONLY,true
2024-07-15,23:00,2024,local_only_reference,13,13.401541993406138,0.4015419934061377,13,13,EXPERIMENT_ONLY,true
2024-07-16,23:00,2024,local_only_reference,14,12.58729313899596,1.4127068610040396,14,13,EXPERIMENT_ONLY,false
2024-07-17,23:00,2024,local_only_reference,13,14.439414438370656,1.4394144383706564,13,14,EXPERIMENT_ONLY,false
2024-07-18,23:00,2024,local_only_reference,13,14.014501103422738,1.014501103422738,13,14,EXPERIMENT_ONLY,false
2024-07-19,23:00,2024,local_only_reference,13,12.800975526047147,0.1990244739528535,13,13,EXPERIMENT_ONLY,true
2024-07-20,23:00,2024,local_only_reference,13,13.581922071843971,0.5819220718439713,13,14,EXPERIMENT_ONLY,false
2024-07-21,23:00,2024,local_only_reference,14,13.776757936876688,0.22324206312331185,14,14,EXPERIMENT_ONLY,true
2024-07-22,23:00,2024,local_only_reference,12,11.894069276858911,0.10593072314108909,12,12,EXPERIMENT_ONLY,true
2024-07-23,23:00,2024,local_only_reference,12,12.93312945022823,0.9331294502282308,12,13,EXPERIMENT_ONLY,false
2024-07-24,23:00,2024,local_only_reference,13,12.611044385962831,0.38895561403716883,13,13,EXPERIMENT_ONLY,true
2024-07-25,23:00,2024,local_only_reference,15,14.09774339866819,0.9022566013318105,15,14,EXPERIMENT_ONLY,false
2024-07-26,23:00,2024,local_only_reference,14,14.378869179909534,0.3788691799095343,14,14,EXPERIMENT_ONLY,true
2024-07-27,23:00,2024,local_only_reference,16,14.920314473541064,1.0796855264589365,16,15,EXPERIMENT_ONLY,false
2024-07-28,23:00,2024,local_only_reference,14,15.563176295016786,1.5631762950167865,14,16,EXPERIMENT_ONLY,false
2024-07-29,23:00,2024,local_only_reference,15,13.90665308137139,1.09334691862861,15,14,EXPERIMENT_ONLY,false
2024-07-30,23:00,2024,local_only_reference,14,13.887078271433708,0.11292172856629179,14,14,EXPERIMENT_ONLY,true
2024-07-31,23:00,2024,local_only_reference,10,12.159616529271622,2.159616529271622,10,12,EXPERIMENT_ONLY,false
2024-08-01,23:00,2024,local_only_reference,9,10.733919718852356,1.7339197188523556,9,11,EXPERIMENT_ONLY,false
2024-08-02,23:00,2024,local_only_reference,10,11.445276970505809,1.4452769705058088,10,11,EXPERIMENT_ONLY,false
2024-08-03,23:00,2024,local_only_reference,11,8.817523979567431,2.182476020432569,11,9,EXPERIMENT_ONLY,false
2024-08-04,23:00,2024,local_only_reference,12,11.667238441566901,0.3327615584330985,12,12,EXPERIMENT_ONLY,true
2024-08-05,23:00,2024,local_only_reference,12,13.738777118328112,1.7387771183281124,12,14,EXPERIMENT_ONLY,false
2024-08-06,23:00,2024,local_only_reference,14,12.396706186361182,1.6032938136388175,14,12,EXPERIMENT_ONLY,false
2024-08-07,23:00,2024,local_only_reference,14,14.191345597429759,0.1913455974297591,14,14,EXPERIMENT_ONLY,true
2024-08-08,23:00,2024,local_only_reference,12,13.862977505962892,1.862977505962892,12,14,EXPERIMENT_ONLY,false
2024-08-09,23:00,2024,local_only_reference,11,12.394432963039215,1.3944329630392147,11,12,EXPERIMENT_ONLY,false
2024-08-10,23:00,2024,local_only_reference,13,13.66925449035552,0.6692544903555202,13,14,EXPERIMENT_ONLY,false
2024-08-11,23:00,2024,local_only_reference,14,14.037292212663662,0.03729221266366167,14,14,EXPERIMENT_ONLY,true
2024-08-12,23:00,2024,local_only_reference,17,15.453466464508903,1.546533535491097,17,15,EXPERIMENT_ONLY,false
2024-08-13,23:00,2024,local_only_reference,11,13.405991942068772,2.4059919420687716,11,13,EXPERIMENT_ONLY,false
2024-08-14,23:00,2024,local_only_reference,12,13.168604741627258,1.1686047416272576,12,13,EXPERIMENT_ONLY,false
2024-08-15,23:00,2024,local_only_reference,15,14.194394085596937,0.8056059144030634,15,14,EXPERIMENT_ONLY,false
2024-08-16,23:00,2024,local_only_reference,16,15.688249526696087,0.31175047330391337,16,16,EXPERIMENT_ONLY,true
2024-08-17,23:00,2024,local_only_reference,15,16.744481997363607,1.7444819973636072,15,17,EXPERIMENT_ONLY,false
2024-08-18,23:00,2024,local_only_reference,15,14.303417330922134,0.6965826690778663,15,14,EXPERIMENT_ONLY,false
2024-08-19,23:00,2024,local_only_reference,13,11.555218509863684,1.4447814901363163,13,12,EXPERIMENT_ONLY,false
2024-08-20,23:00,2024,local_only_reference,11,11.370169584010535,0.3701695840105348,11,11,EXPERIMENT_ONLY,true
2024-08-21,23:00,2024,local_only_reference,13,12.455787728643633,0.5442122713563666,13,12,EXPERIMENT_ONLY,false
2024-08-22,23:00,2024,local_only_reference,14,12.914543948849268,1.0854560511507323,14,13,EXPERIMENT_ONLY,false
2024-08-23,23:00,2024,local_only_reference,14,15.896813308182937,1.8968133081829368,14,16,EXPERIMENT_ONLY,false
2024-08-24,23:00,2024,local_only_reference,16,14.817813612076346,1.1821863879236538,16,15,EXPERIMENT_ONLY,false
2024-08-25,23:00,2024,local_only_reference,15,16.639741966861596,1.639741966861596,15,17,EXPERIMENT_ONLY,false
2024-08-26,23:00,2024,local_only_reference,15,13.40306583023118,1.5969341697688204,15,13,EXPERIMENT_ONLY,false
2024-08-27,23:00,2024,local_only_reference,15,14.358461494678343,0.6415385053216571,15,14,EXPERIMENT_ONLY,false
2024-08-28,23:00,2024,local_only_reference,16,13.891749396356879,2.1082506036431212,16,14,EXPERIMENT_ONLY,false
2024-08-29,23:00,2024,local_only_reference,16,16.110952681254467,0.11095268125446722,16,16,EXPERIMENT_ONLY,true
2024-08-30,23:00,2024,local_only_reference,16,16.173308772934828,0.17330877293482772,16,16,EXPERIMENT_ONLY,true
2024-08-31,23:00,2024,local_only_reference,17,15.21841620634378,1.7815837936562193,17,15,EXPERIMENT_ONLY,false
2024-09-01,23:00,2024,local_only_reference,17,16.325110146329873,0.6748898536701269,17,16,EXPERIMENT_ONLY,false
2024-09-02,23:00,2024,local_only_reference,16,16.95064012524569,0.9506401252456911,16,17,EXPERIMENT_ONLY,false
2024-09-03,23:00,2024,local_only_reference,15,15.222444839181907,0.22244483918190738,15,15,EXPERIMENT_ONLY,true
2024-09-04,23:00,2024,local_only_reference,12,12.372053779930502,0.3720537799305017,12,12,EXPERIMENT_ONLY,true
2024-09-05,23:00,2024,local_only_reference,14,14.706308144758653,0.706308144758653,14,15,EXPERIMENT_ONLY,false
2024-09-06,23:00,2024,local_only_reference,16,14.783992325018586,1.2160076749814142,16,15,EXPERIMENT_ONLY,false
2024-09-07,23:00,2024,local_only_reference,16,16.83475216399441,0.8347521639944091,16,17,EXPERIMENT_ONLY,false
2024-09-08,23:00,2024,local_only_reference,17,14.952191588155928,2.0478084118440716,17,15,EXPERIMENT_ONLY,false
2024-09-09,23:00,2024,local_only_reference,16,17.440649585057965,1.4406495850579653,16,17,EXPERIMENT_ONLY,false
2024-09-10,23:00,2024,local_only_reference,16,15.941231618935685,0.05876838106431492,16,16,EXPERIMENT_ONLY,true
2024-09-11,23:00,2024,local_only_reference,13,12.998065212860778,0.001934787139221683,13,13,EXPERIMENT_ONLY,true
2024-09-12,23:00,2024,local_only_reference,14,14.355961680700565,0.355961680700565,14,14,EXPERIMENT_ONLY,true
2024-09-13,23:00,2024,local_only_reference,14,15.074644837245847,1.074644837245847,14,15,EXPERIMENT_ONLY,false
2024-09-14,23:00,2024,local_only_reference,13,13.243807872782526,0.2438078727825257,13,13,EXPERIMENT_ONLY,true
2024-09-15,23:00,2024,local_only_reference,14,12.864603221187497,1.1353967788125026,14,13,EXPERIMENT_ONLY,false
2024-09-16,23:00,2024,local_only_reference,13,13.529502383276784,0.5295023832767836,13,14,EXPERIMENT_ONLY,false
2024-09-17,23:00,2024,local_only_reference,10,12.51636474882519,2.5163647488251897,10,13,EXPERIMENT_ONLY,false
2024-09-18,23:00,2024,local_only_reference,13,11.137087337593146,1.8629126624068544,13,11,EXPERIMENT_ONLY,false
2024-09-19,23:00,2024,local_only_reference,16,15.466835391811495,0.5331646081885051,16,15,EXPERIMENT_ONLY,false
2024-09-20,23:00,2024,local_only_reference,15,16.588954492163698,1.5889544921636976,15,17,EXPERIMENT_ONLY,false
2024-09-21,23:00,2024,local_only_reference,16,14.587551067463359,1.4124489325366412,16,15,EXPERIMENT_ONLY,false
2024-09-22,23:00,2024,local_only_reference,16,16.194852814059697,0.194852814059697,16,16,EXPERIMENT_ONLY,true
2024-09-23,23:00,2024,local_only_reference,16,16.597790801544452,0.597790801544452,16,17,EXPERIMENT_ONLY,false
2024-09-24,23:00,2024,local_only_reference,19,17.022854861185593,1.9771451388144072,19,17,EXPERIMENT_ONLY,false
2024-09-25,23:00,2024,local_only_reference,14,14.50407769119283,0.5040776911928297,14,15,EXPERIMENT_ONLY,false
2024-09-26,23:00,2024,local_only_reference,15,16.339029590231235,1.3390295902312346,15,16,EXPERIMENT_ONLY,false
2024-09-27,23:00,2024,local_only_reference,15,12.852997404187276,2.147002595812724,15,13,EXPERIMENT_ONLY,false
2024-09-28,23:00,2024,local_only_reference,15,16.388340078718894,1.388340078718894,15,16,EXPERIMENT_ONLY,false
2024-09-29,23:00,2024,local_only_reference,16,15.564302314658859,0.4356976853411414,16,16,EXPERIMENT_ONLY,true
2024-09-30,23:00,2024,local_only_reference,18,15.175966220487783,2.8240337795122166,18,15,EXPERIMENT_ONLY,false
2024-10-01,23:00,2024,local_only_reference,17,17.450143027937916,0.4501430279379157,17,17,EXPERIMENT_ONLY,true
2024-10-02,23:00,2024,local_only_reference,18,17.183845609798468,0.8161543902015325,18,17,EXPERIMENT_ONLY,false
2024-10-03,23:00,2024,local_only_reference,16,16.231604453798475,0.23160445379847516,16,16,EXPERIMENT_ONLY,true
2024-10-04,23:00,2024,local_only_reference,16,16.286460318092182,0.28646031809218186,16,16,EXPERIMENT_ONLY,true
2024-10-05,23:00,2024,local_only_reference,18,16.833173478719523,1.166826521280477,18,17,EXPERIMENT_ONLY,false
2024-10-06,23:00,2024,local_only_reference,16,16.642293502966034,0.6422935029660337,16,17,EXPERIMENT_ONLY,false
2024-10-07,23:00,2024,local_only_reference,17,16.863227984850788,0.13677201514921222,17,17,EXPERIMENT_ONLY,true
2024-10-08,23:00,2024,local_only_reference,16,16.807807483065496,0.8078074830654955,16,17,EXPERIMENT_ONLY,false
2024-10-09,23:00,2024,local_only_reference,16,16.667828865443138,0.6678288654431377,16,17,EXPERIMENT_ONLY,false
2024-10-10,23:00,2024,local_only_reference,13,13.040233214579033,0.040233214579032506,13,13,EXPERIMENT_ONLY,true
2024-10-11,23:00,2024,local_only_reference,16,15.42246493829969,0.5775350617003099,16,15,EXPERIMENT_ONLY,false
2024-10-12,23:00,2024,local_only_reference,17,16.82590788047838,0.17409211952162096,17,17,EXPERIMENT_ONLY,true
2024-10-13,23:00,2024,local_only_reference,13,14.172027521891206,1.1720275218912057,13,14,EXPERIMENT_ONLY,false
2024-10-14,23:00,2024,local_only_reference,10,13.684093332852388,3.684093332852388,10,14,EXPERIMENT_ONLY,false
2024-10-15,23:00,2024,local_only_reference,14,13.96116083901564,0.038839160984359467,14,14,EXPERIMENT_ONLY,true
2024-10-16,23:00,2024,local_only_reference,13,13.079937384854702,0.07993738485470203,13,13,EXPERIMENT_ONLY,true
2024-10-17,23:00,2024,local_only_reference,15,14.24841737036654,0.7515826296334591,15,14,EXPERIMENT_ONLY,false
2024-10-18,23:00,2024,local_only_reference,16,16.27139114105073,0.2713911410507315,16,16,EXPERIMENT_ONLY,true
2024-10-19,23:00,2024,local_only_reference,19,16.819747678845907,2.180252321154093,19,17,EXPERIMENT_ONLY,false
2024-10-20,23:00,2024,local_only_reference,19,17.704188168214877,1.295811831785123,19,18,EXPERIMENT_ONLY,false
2024-10-21,23:00,2024,local_only_reference,18,18.648278756646818,0.6482787566468176,18,19,EXPERIMENT_ONLY,false
2024-10-22,23:00,2024,local_only_reference,20,18.731615254190512,1.2683847458094881,20,19,EXPERIMENT_ONLY,false
2024-10-23,23:00,2024,local_only_reference,16,17.28031686784895,1.2803168678489492,16,17,EXPERIMENT_ONLY,false
2024-10-24,23:00,2024,local_only_reference,18,18.042401909100107,0.042401909100107105,18,18,EXPERIMENT_ONLY,true
2024-10-25,23:00,2024,local_only_reference,17,17.921808360884267,0.9218083608842669,17,18,EXPERIMENT_ONLY,false
2024-10-26,23:00,2024,local_only_reference,20,18.823097493944903,1.1769025060550966,20,19,EXPERIMENT_ONLY,false
2024-10-27,23:00,2024,local_only_reference,17,17.484524480481028,0.4845244804810278,17,17,EXPERIMENT_ONLY,true
2024-10-28,23:00,2024,local_only_reference,15,16.810239559486746,1.810239559486746,15,17,EXPERIMENT_ONLY,false
2024-10-29,23:00,2024,local_only_reference,17,16.64135597834638,0.3586440216536211,17,17,EXPERIMENT_ONLY,true
2024-10-30,23:00,2024,local_only_reference,15,14.21155580976476,0.7884441902352393,15,14,EXPERIMENT_ONLY,false
2024-10-31,23:00,2024,local_only_reference,17,17.182043808921637,0.1820438089216374,17,17,EXPERIMENT_ONLY,true
2024-11-01,23:00,2024,local_only_reference,18,18.05988283093776,0.05988283093775948,18,18,EXPERIMENT_ONLY,true
2024-11-02,23:00,2024,local_only_reference,18,19.019506151414067,1.0195061514140669,18,19,EXPERIMENT_ONLY,false
2024-11-03,23:00,2024,local_only_reference,13,13.767764304556248,0.7677643045562483,13,14,EXPERIMENT_ONLY,false
2024-11-04,23:00,2024,local_only_reference,16,15.751370131106995,0.24862986889300487,16,16,EXPERIMENT_ONLY,true
2024-11-05,23:00,2024,local_only_reference,17,17.866781462041157,0.8667814620411569,17,18,EXPERIMENT_ONLY,false
2024-11-06,23:00,2024,local_only_reference,16,16.259292142583178,0.25929214258317757,16,16,EXPERIMENT_ONLY,true
2024-11-07,23:00,2024,local_only_reference,18,18.913273405716463,0.9132734057164633,18,19,EXPERIMENT_ONLY,false
2024-11-08,23:00,2024,local_only_reference,19,19.41527280270454,0.41527280270453915,19,19,EXPERIMENT_ONLY,true
2024-11-09,23:00,2024,local_only_reference,19,20.02012893127166,1.0201289312716604,19,20,EXPERIMENT_ONLY,false
2024-11-10,23:00,2024,local_only_reference,19,17.583683434267314,1.4163165657326857,19,18,EXPERIMENT_ONLY,false
2024-11-11,23:00,2024,local_only_reference,19,18.95215540768365,0.04784459231634841,19,19,EXPERIMENT_ONLY,true
2024-11-12,23:00,2024,local_only_reference,18,17.321036156175172,0.6789638438248282,18,17,EXPERIMENT_ONLY,false
2024-11-13,23:00,2024,local_only_reference,20,18.901989511296687,1.0980104887033129,20,19,EXPERIMENT_ONLY,false
2024-11-14,23:00,2024,local_only_reference,21,20.16071269593758,0.8392873040624202,21,20,EXPERIMENT_ONLY,false
2024-11-15,23:00,2024,local_only_reference,18,18.938596953830658,0.9385969538306576,18,19,EXPERIMENT_ONLY,false
2024-11-16,23:00,2024,local_only_reference,14,14.179242512921908,0.17924251292190796,14,14,EXPERIMENT_ONLY,true
2024-11-17,23:00,2024,local_only_reference,15,15.196922152146666,0.19692215214666575,15,15,EXPERIMENT_ONLY,true
2024-11-18,23:00,2024,local_only_reference,20,17.313855873642634,2.686144126357366,20,17,EXPERIMENT_ONLY,false
2024-11-19,23:00,2024,local_only_reference,19,20.32414645086914,1.32414645086914,19,20,EXPERIMENT_ONLY,false
2024-11-20,23:00,2024,local_only_reference,19,18.222508722567152,0.7774912774328477,19,18,EXPERIMENT_ONLY,false
2024-11-21,23:00,2024,local_only_reference,17,19.335810006908844,2.3358100069088437,17,19,EXPERIMENT_ONLY,false
2024-11-22,23:00,2024,local_only_reference,17,16.639111729075093,0.3608882709249066,17,17,EXPERIMENT_ONLY,true
2024-11-23,23:00,2024,local_only_reference,16,17.18302911689253,1.1830291168925307,16,17,EXPERIMENT_ONLY,false
2024-11-24,23:00,2024,local_only_reference,18,16.68916370578067,1.3108362942193317,18,17,EXPERIMENT_ONLY,false
2024-11-25,23:00,2024,local_only_reference,20,20.69354360032443,0.6935436003244284,20,21,EXPERIMENT_ONLY,false
2024-11-26,23:00,2024,local_only_reference,21,20.020629308717616,0.9793706912823836,21,20,EXPERIMENT_ONLY,false
2024-11-27,23:00,2024,local_only_reference,21,19.91511917787972,1.0848808221202795,21,20,EXPERIMENT_ONLY,false
2024-11-28,23:00,2024,local_only_reference,19,20.22920181550295,1.2292018155029503,19,20,EXPERIMENT_ONLY,false
2024-11-29,23:00,2024,local_only_reference,17,18.82317763681826,1.8231776368182615,17,19,EXPERIMENT_ONLY,false
2024-11-30,23:00,2024,local_only_reference,17,17.52684900830026,0.5268490083002604,17,18,EXPERIMENT_ONLY,false
2024-12-01,23:00,2024,local_only_reference,22,20.01835617118397,1.9816438288160292,22,20,EXPERIMENT_ONLY,false
2024-12-02,23:00,2024,local_only_reference,22,20.77349440736989,1.2265055926301116,22,21,EXPERIMENT_ONLY,false
2024-12-03,23:00,2024,local_only_reference,21,21.497415384544496,0.49741538454449596,21,21,EXPERIMENT_ONLY,true
2024-12-04,23:00,2024,local_only_reference,21,21.255809991612193,0.25580999161219253,21,21,EXPERIMENT_ONLY,true
2024-12-05,23:00,2024,local_only_reference,22,21.890740631493216,0.10925936850678397,22,22,EXPERIMENT_ONLY,true
2024-12-06,23:00,2024,local_only_reference,19,20.3982572732407,1.3982572732406986,19,20,EXPERIMENT_ONLY,false
2024-12-07,23:00,2024,local_only_reference,21,20.97967240605168,0.020327593948319844,21,21,EXPERIMENT_ONLY,true
2024-12-08,23:00,2024,local_only_reference,20,20.435700170324484,0.43570017032448405,20,20,EXPERIMENT_ONLY,true
2024-12-09,23:00,2024,local_only_reference,22,20.383835853684886,1.6161641463151142,22,20,EXPERIMENT_ONLY,false
2024-12-10,23:00,2024,local_only_reference,21,21.709708990739607,0.7097089907396068,21,22,EXPERIMENT_ONLY,false
2024-12-11,23:00,2024,local_only_reference,21,20.9156020732436,0.08439792675639879,21,21,EXPERIMENT_ONLY,true
2024-12-12,23:00,2024,local_only_reference,20,21.737097532670088,1.737097532670088,20,22,EXPERIMENT_ONLY,false
2024-12-13,23:00,2024,local_only_reference,24,21.692492346233493,2.307507653766507,24,22,EXPERIMENT_ONLY,false
2024-12-14,23:00,2024,local_only_reference,22,22.629497704200457,0.6294977042004568,22,23,EXPERIMENT_ONLY,false
2024-12-15,23:00,2024,local_only_reference,23,22.629971699869767,0.37002830013023313,23,23,EXPERIMENT_ONLY,true
2024-12-16,23:00,2024,local_only_reference,20,22.833686281370674,2.8336862813706745,20,23,EXPERIMENT_ONLY,false
2024-12-17,23:00,2024,local_only_reference,15,16.31753186962248,1.3175318696224814,15,16,EXPERIMENT_ONLY,false
2024-12-18,23:00,2024,local_only_reference,17,16.87011970444135,0.12988029555864955,17,17,EXPERIMENT_ONLY,true
2024-12-19,23:00,2024,local_only_reference,14,18.09578994897006,4.0957899489700615,14,18,EXPERIMENT_ONLY,false
2024-12-20,23:00,2024,local_only_reference,16,17.54112444970421,1.5411244497042098,16,18,EXPERIMENT_ONLY,false
2024-12-21,23:00,2024,local_only_reference,23,19.757576618829454,3.2424233811705463,23,20,EXPERIMENT_ONLY,false
2024-12-22,23:00,2024,local_only_reference,21,20.674778953603422,0.3252210463965781,21,21,EXPERIMENT_ONLY,true
2024-12-23,23:00,2024,local_only_reference,22,21.409866761781515,0.5901332382184847,22,21,EXPERIMENT_ONLY,false
2024-12-24,23:00,2024,local_only_reference,22,22.12244798204168,0.12244798204168106,22,22,EXPERIMENT_ONLY,true
2024-12-25,23:00,2024,local_only_reference,23,21.780589473423678,1.219410526576322,23,22,EXPERIMENT_ONLY,false
2024-12-26,23:00,2024,local_only_reference,18,20.741853644096043,2.741853644096043,18,21,EXPERIMENT_ONLY,false
2024-12-27,23:00,2024,local_only_reference,16,17.369166019503318,1.369166019503318,16,17,EXPERIMENT_ONLY,false
2024-12-28,23:00,2024,local_only_reference,18,18.367572643607453,0.3675726436074527,18,18,EXPERIMENT_ONLY,true
2024-12-29,23:00,2024,local_only_reference,22,20.40927162035854,1.5907283796414617,22,20,EXPERIMENT_ONLY,false
2024-12-30,23:00,2024,local_only_reference,21,22.26059680498276,1.260596804982761,21,22,EXPERIMENT_ONLY,false
2024-12-31,23:00,2024,local_only_reference,16,17.44958419540533,1.449584195405329,16,17,EXPERIMENT_ONLY,false
2024-01-01,23:00,2024,open_meteo_augmented,19,18.124667683610376,0.875332316389624,19,18,EXPERIMENT_ONLY,false
2024-01-02,23:00,2024,open_meteo_augmented,23,18.916048535044,4.083951464956002,23,19,EXPERIMENT_ONLY,false
2024-01-03,23:00,2024,open_meteo_augmented,21,18.183317695181614,2.8166823048183858,21,18,EXPERIMENT_ONLY,false
2024-01-04,23:00,2024,open_meteo_augmented,21,19.19358064020642,1.8064193597935798,21,19,EXPERIMENT_ONLY,false
2024-01-05,23:00,2024,open_meteo_augmented,19,19.006767605001848,0.0067676050018476985,19,19,EXPERIMENT_ONLY,true
2024-01-06,23:00,2024,open_meteo_augmented,18,16.95982469451993,1.0401753054800693,18,17,EXPERIMENT_ONLY,false
2024-01-07,23:00,2024,open_meteo_augmented,20,17.667142807929327,2.332857192070673,20,18,EXPERIMENT_ONLY,false
2024-01-08,23:00,2024,open_meteo_augmented,25,18.9217989585108,6.078201041489201,25,19,EXPERIMENT_ONLY,false
2024-01-09,23:00,2024,open_meteo_augmented,24,19.997804522653123,4.002195477346877,24,20,EXPERIMENT_ONLY,false
2024-01-10,23:00,2024,open_meteo_augmented,24,19.096116740239484,4.903883259760516,24,19,EXPERIMENT_ONLY,false
2024-01-11,23:00,2024,open_meteo_augmented,25,20.266472624840496,4.733527375159504,25,20,EXPERIMENT_ONLY,false
2024-01-12,23:00,2024,open_meteo_augmented,26,20.074874806826912,5.925125193173088,26,20,EXPERIMENT_ONLY,false
2024-01-13,23:00,2024,open_meteo_augmented,22,19.52775686856906,2.4722431314309397,22,20,EXPERIMENT_ONLY,false
2024-01-14,23:00,2024,open_meteo_augmented,22,19.341598817642442,2.658401182357558,22,19,EXPERIMENT_ONLY,false
2024-01-15,23:00,2024,open_meteo_augmented,21,18.865041317411144,2.134958682588856,21,19,EXPERIMENT_ONLY,false
2024-01-16,23:00,2024,open_meteo_augmented,25,18.354119345293046,6.6458806547069535,25,18,EXPERIMENT_ONLY,false
2024-01-17,23:00,2024,open_meteo_augmented,27,20.310447749517387,6.689552250482613,27,20,EXPERIMENT_ONLY,false
2024-01-18,23:00,2024,open_meteo_augmented,26,18.940391350943475,7.059608649056525,26,19,EXPERIMENT_ONLY,false
2024-01-19,23:00,2024,open_meteo_augmented,26,20.007978739594922,5.992021260405078,26,20,EXPERIMENT_ONLY,false
2024-01-20,23:00,2024,open_meteo_augmented,25,24.10125258925547,0.8987474107445301,25,24,EXPERIMENT_ONLY,false
2024-01-21,23:00,2024,open_meteo_augmented,29,25.35424625839635,3.6457537416036487,29,25,EXPERIMENT_ONLY,false
2024-01-22,23:00,2024,open_meteo_augmented,29,25.929554730736665,3.0704452692633346,29,26,EXPERIMENT_ONLY,false
2024-01-23,23:00,2024,open_meteo_augmented,24,23.124224294818788,0.8757757051812121,24,23,EXPERIMENT_ONLY,false
2024-01-24,23:00,2024,open_meteo_augmented,22,18.647357051871644,3.3526429481283557,22,19,EXPERIMENT_ONLY,false
2024-01-25,23:00,2024,open_meteo_augmented,23,21.281136210661675,1.7188637893383252,23,21,EXPERIMENT_ONLY,false
2024-01-26,23:00,2024,open_meteo_augmented,23,22.36247776218643,0.6375222378135703,23,22,EXPERIMENT_ONLY,false
2024-01-27,23:00,2024,open_meteo_augmented,24,22.382821553724288,1.6171784462757124,24,22,EXPERIMENT_ONLY,false
2024-01-28,23:00,2024,open_meteo_augmented,22,22.73028653516881,0.7302865351688084,22,23,EXPERIMENT_ONLY,false
2024-01-29,23:00,2024,open_meteo_augmented,19,20.740694481081412,1.7406944810814124,19,21,EXPERIMENT_ONLY,false
2024-01-30,23:00,2024,open_meteo_augmented,20,20.775439400577547,0.7754394005775467,20,21,EXPERIMENT_ONLY,false
2024-01-31,23:00,2024,open_meteo_augmented,20,22.29267419754582,2.2926741975458214,20,22,EXPERIMENT_ONLY,false
2024-02-01,23:00,2024,open_meteo_augmented,24,22.651018946023164,1.3489810539768357,24,23,EXPERIMENT_ONLY,false
2024-02-02,23:00,2024,open_meteo_augmented,22,21.71794149955559,0.2820585004444105,22,22,EXPERIMENT_ONLY,true
2024-02-03,23:00,2024,open_meteo_augmented,20,20.853365920143098,0.8533659201430979,20,21,EXPERIMENT_ONLY,false
2024-02-04,23:00,2024,open_meteo_augmented,22,21.355355914199613,0.6446440858003868,22,21,EXPERIMENT_ONLY,false
2024-02-05,23:00,2024,open_meteo_augmented,24,23.247469011731987,0.7525309882680133,24,23,EXPERIMENT_ONLY,false
2024-02-06,23:00,2024,open_meteo_augmented,23,22.81770982296384,0.18229017703615824,23,23,EXPERIMENT_ONLY,true
2024-02-07,23:00,2024,open_meteo_augmented,23,23.25830332266425,0.2583033226642506,23,23,EXPERIMENT_ONLY,true
2024-02-08,23:00,2024,open_meteo_augmented,25,22.708486776017118,2.291513223982882,25,23,EXPERIMENT_ONLY,false
2024-02-09,23:00,2024,open_meteo_augmented,22,21.79173898924885,0.20826101075115133,22,22,EXPERIMENT_ONLY,true
2024-02-10,23:00,2024,open_meteo_augmented,22,21.90385713494958,0.09614286505042102,22,22,EXPERIMENT_ONLY,true
2024-02-11,23:00,2024,open_meteo_augmented,16,17.3829986192569,1.3829986192568988,16,17,EXPERIMENT_ONLY,false
2024-02-12,23:00,2024,open_meteo_augmented,20,18.955751949396614,1.044248050603386,20,19,EXPERIMENT_ONLY,false
2024-02-13,23:00,2024,open_meteo_augmented,22,20.932944985333982,1.0670550146660176,22,21,EXPERIMENT_ONLY,false
2024-02-14,23:00,2024,open_meteo_augmented,21,21.638751153913507,0.6387511539135069,21,22,EXPERIMENT_ONLY,false
2024-02-15,23:00,2024,open_meteo_augmented,23,22.62958555657187,0.37041444342812824,23,23,EXPERIMENT_ONLY,true
2024-02-16,23:00,2024,open_meteo_augmented,24,22.730590758749972,1.2694092412500275,24,23,EXPERIMENT_ONLY,false
2024-02-17,23:00,2024,open_meteo_augmented,24,22.563364708451434,1.4366352915485656,24,23,EXPERIMENT_ONLY,false
2024-02-18,23:00,2024,open_meteo_augmented,22,22.138727824314866,0.1387278243148664,22,22,EXPERIMENT_ONLY,true
2024-02-19,23:00,2024,open_meteo_augmented,23,22.465709581307134,0.5342904186928656,23,22,EXPERIMENT_ONLY,false
2024-02-20,23:00,2024,open_meteo_augmented,19,17.92072062824907,1.0792793717509284,19,18,EXPERIMENT_ONLY,false
2024-02-21,23:00,2024,open_meteo_augmented,19,18.63165017889475,0.3683498211052516,19,19,EXPERIMENT_ONLY,true
2024-02-22,23:00,2024,open_meteo_augmented,24,20.48845892794595,3.511541072054051,24,20,EXPERIMENT_ONLY,false
2024-02-23,23:00,2024,open_meteo_augmented,23,21.600627811757693,1.3993721882423067,23,22,EXPERIMENT_ONLY,false
2024-02-24,23:00,2024,open_meteo_augmented,21,21.843192386973122,0.8431923869731222,21,22,EXPERIMENT_ONLY,false
2024-02-25,23:00,2024,open_meteo_augmented,20,19.890663922109095,0.10933607789090516,20,20,EXPERIMENT_ONLY,true
2024-02-26,23:00,2024,open_meteo_augmented,22,21.09506312508332,0.9049368749166788,22,21,EXPERIMENT_ONLY,false
2024-02-27,23:00,2024,open_meteo_augmented,22,21.153186524115505,0.8468134758844954,22,21,EXPERIMENT_ONLY,false
2024-02-28,23:00,2024,open_meteo_augmented,18,19.203941724284775,1.2039417242847748,18,19,EXPERIMENT_ONLY,false
2024-02-29,23:00,2024,open_meteo_augmented,18,18.383975363317745,0.3839753633177452,18,18,EXPERIMENT_ONLY,true
2024-03-01,23:00,2024,open_meteo_augmented,23,20.573377131336755,2.4266228686632445,23,21,EXPERIMENT_ONLY,false
2024-03-02,23:00,2024,open_meteo_augmented,20,22.144455180647377,2.144455180647377,20,22,EXPERIMENT_ONLY,false
2024-03-03,23:00,2024,open_meteo_augmented,22,21.278622541664895,0.7213774583351054,22,21,EXPERIMENT_ONLY,false
2024-03-04,23:00,2024,open_meteo_augmented,20,22.21863914537733,2.218639145377331,20,22,EXPERIMENT_ONLY,false
2024-03-05,23:00,2024,open_meteo_augmented,19,18.647366754378872,0.35263324562112786,19,19,EXPERIMENT_ONLY,true
2024-03-06,23:00,2024,open_meteo_augmented,17,16.711843627601933,0.2881563723980669,17,17,EXPERIMENT_ONLY,true
2024-03-07,23:00,2024,open_meteo_augmented,19,19.2713810211069,0.271381021106901,19,19,EXPERIMENT_ONLY,true
2024-03-08,23:00,2024,open_meteo_augmented,19,18.1583574051684,0.8416425948316011,19,18,EXPERIMENT_ONLY,false
2024-03-09,23:00,2024,open_meteo_augmented,20,20.118988575675942,0.11898857567594234,20,20,EXPERIMENT_ONLY,true
2024-03-10,23:00,2024,open_meteo_augmented,20,18.742725360552775,1.2572746394472247,20,19,EXPERIMENT_ONLY,false
2024-03-11,23:00,2024,open_meteo_augmented,21,21.016505041245264,0.01650504124526364,21,21,EXPERIMENT_ONLY,true
2024-03-12,23:00,2024,open_meteo_augmented,22,20.53108465843965,1.4689153415603506,22,21,EXPERIMENT_ONLY,false
2024-03-13,23:00,2024,open_meteo_augmented,18,18.759585176750164,0.7595851767501642,18,19,EXPERIMENT_ONLY,false
2024-03-14,23:00,2024,open_meteo_augmented,19,18.999225697606455,0.0007743023935447013,19,19,EXPERIMENT_ONLY,true
2024-03-15,23:00,2024,open_meteo_augmented,20,19.601177956375157,0.3988220436248433,20,20,EXPERIMENT_ONLY,true
2024-03-16,23:00,2024,open_meteo_augmented,17,16.643337605651965,0.35666239434803515,17,17,EXPERIMENT_ONLY,true
2024-03-17,23:00,2024,open_meteo_augmented,20,18.780572805298988,1.2194271947010122,20,19,EXPERIMENT_ONLY,false
2024-03-18,23:00,2024,open_meteo_augmented,17,17.114601726911417,0.11460172691141679,17,17,EXPERIMENT_ONLY,true
2024-03-19,23:00,2024,open_meteo_augmented,15,15.95177938106436,0.9517793810643607,15,16,EXPERIMENT_ONLY,false
2024-03-20,23:00,2024,open_meteo_augmented,16,15.344892039328027,0.6551079606719732,16,15,EXPERIMENT_ONLY,false
2024-03-21,23:00,2024,open_meteo_augmented,19,17.852632077156823,1.147367922843177,19,18,EXPERIMENT_ONLY,false
2024-03-22,23:00,2024,open_meteo_augmented,20,18.352076427374687,1.647923572625313,20,18,EXPERIMENT_ONLY,false
2024-03-23,23:00,2024,open_meteo_augmented,21,19.136469792179714,1.8635302078202862,21,19,EXPERIMENT_ONLY,false
2024-03-24,23:00,2024,open_meteo_augmented,21,19.222106829379083,1.7778931706209171,21,19,EXPERIMENT_ONLY,false
2024-03-25,23:00,2024,open_meteo_augmented,21,20.85733041353891,0.14266958646108918,21,21,EXPERIMENT_ONLY,true
2024-03-26,23:00,2024,open_meteo_augmented,22,21.047593515650583,0.9524064843494173,22,21,EXPERIMENT_ONLY,false
2024-03-27,23:00,2024,open_meteo_augmented,21,20.83147524521597,0.1685247547840305,21,21,EXPERIMENT_ONLY,true
2024-03-28,23:00,2024,open_meteo_augmented,17,16.982903956715226,0.017096043284773543,17,17,EXPERIMENT_ONLY,true
2024-03-29,23:00,2024,open_meteo_augmented,15,15.213143359459005,0.2131433594590053,15,15,EXPERIMENT_ONLY,true
2024-03-30,23:00,2024,open_meteo_augmented,15,15.610708931852017,0.6107089318520167,15,16,EXPERIMENT_ONLY,false
2024-03-31,23:00,2024,open_meteo_augmented,16,16.448629238121868,0.4486292381218675,16,16,EXPERIMENT_ONLY,true
2024-04-01,23:00,2024,open_meteo_augmented,16,16.280766133548376,0.28076613354837576,16,16,EXPERIMENT_ONLY,true
2024-04-02,23:00,2024,open_meteo_augmented,15,16.200705574428554,1.2007055744285537,15,16,EXPERIMENT_ONLY,false
2024-04-03,23:00,2024,open_meteo_augmented,19,18.507323326201544,0.4926766737984565,19,19,EXPERIMENT_ONLY,true
2024-04-04,23:00,2024,open_meteo_augmented,18,19.073138118165804,1.0731381181658044,18,19,EXPERIMENT_ONLY,false
2024-04-05,23:00,2024,open_meteo_augmented,17,16.794253953306253,0.20574604669374708,17,17,EXPERIMENT_ONLY,true
2024-04-06,23:00,2024,open_meteo_augmented,17,15.656994229541345,1.3430057704586549,17,16,EXPERIMENT_ONLY,false
2024-04-07,23:00,2024,open_meteo_augmented,16,17.88833445944818,1.8883344594481812,16,18,EXPERIMENT_ONLY,false
2024-04-08,23:00,2024,open_meteo_augmented,19,18.277004933321745,0.722995066678255,19,18,EXPERIMENT_ONLY,false
2024-04-09,23:00,2024,open_meteo_augmented,20,20.272566317574213,0.27256631757421346,20,20,EXPERIMENT_ONLY,true
2024-04-10,23:00,2024,open_meteo_augmented,22,21.34682894456979,0.6531710554302101,22,21,EXPERIMENT_ONLY,false
2024-04-11,23:00,2024,open_meteo_augmented,23,23.087284431978972,0.08728443197897207,23,23,EXPERIMENT_ONLY,true
2024-04-12,23:00,2024,open_meteo_augmented,21,18.841942409375353,2.1580575906246473,21,19,EXPERIMENT_ONLY,false
2024-04-13,23:00,2024,open_meteo_augmented,18,16.928917620448654,1.0710823795513456,18,17,EXPERIMENT_ONLY,false
2024-04-14,23:00,2024,open_meteo_augmented,15,15.732911041772125,0.732911041772125,15,16,EXPERIMENT_ONLY,false
2024-04-15,23:00,2024,open_meteo_augmented,18,17.264914333772403,0.7350856662275973,18,17,EXPERIMENT_ONLY,false
2024-04-16,23:00,2024,open_meteo_augmented,19,18.116890562231358,0.8831094377686419,19,18,EXPERIMENT_ONLY,false
2024-04-17,23:00,2024,open_meteo_augmented,19,18.598742400587355,0.40125759941264505,19,19,EXPERIMENT_ONLY,true
2024-04-18,23:00,2024,open_meteo_augmented,18,17.896640092274016,0.10335990772598436,18,18,EXPERIMENT_ONLY,true
2024-04-19,23:00,2024,open_meteo_augmented,18,17.82423408701574,0.1757659129842608,18,18,EXPERIMENT_ONLY,true
2024-04-20,23:00,2024,open_meteo_augmented,16,17.156693839167723,1.1566938391677226,16,17,EXPERIMENT_ONLY,false
2024-04-21,23:00,2024,open_meteo_augmented,15,16.231557430021653,1.2315574300216525,15,16,EXPERIMENT_ONLY,false
2024-04-22,23:00,2024,open_meteo_augmented,17,17.105745806207782,0.10574580620778207,17,17,EXPERIMENT_ONLY,true
2024-04-23,23:00,2024,open_meteo_augmented,16,15.804686539475705,0.19531346052429477,16,16,EXPERIMENT_ONLY,true
2024-04-24,23:00,2024,open_meteo_augmented,18,18.21896449949695,0.2189644994969484,18,18,EXPERIMENT_ONLY,true
2024-04-25,23:00,2024,open_meteo_augmented,17,19.219317986235996,2.219317986235996,17,19,EXPERIMENT_ONLY,false
2024-04-26,23:00,2024,open_meteo_augmented,18,18.234641110109443,0.23464111010944322,18,18,EXPERIMENT_ONLY,true
2024-04-27,23:00,2024,open_meteo_augmented,16,15.435028631835433,0.5649713681645672,16,15,EXPERIMENT_ONLY,false
2024-04-28,23:00,2024,open_meteo_augmented,19,16.16035797083812,2.8396420291618796,19,16,EXPERIMENT_ONLY,false
2024-04-29,23:00,2024,open_meteo_augmented,18,17.013563877683243,0.986436122316757,18,17,EXPERIMENT_ONLY,false
2024-04-30,23:00,2024,open_meteo_augmented,17,18.19443885664084,1.19443885664084,17,18,EXPERIMENT_ONLY,false
2024-05-01,23:00,2024,open_meteo_augmented,17,17.91908720396894,0.9190872039689388,17,18,EXPERIMENT_ONLY,false
2024-05-02,23:00,2024,open_meteo_augmented,13,13.585637851196328,0.5856378511963278,13,14,EXPERIMENT_ONLY,false
2024-05-03,23:00,2024,open_meteo_augmented,15,15.01942286700005,0.019422867000049138,15,15,EXPERIMENT_ONLY,true
2024-05-04,23:00,2024,open_meteo_augmented,15,14.91221855649067,0.08778144350933026,15,15,EXPERIMENT_ONLY,true
2024-05-05,23:00,2024,open_meteo_augmented,16,15.814876089061528,0.18512391093847214,16,16,EXPERIMENT_ONLY,true
2024-05-06,23:00,2024,open_meteo_augmented,18,16.93307868958897,1.0669213104110291,18,17,EXPERIMENT_ONLY,false
2024-05-07,23:00,2024,open_meteo_augmented,13,13.15335896421342,0.1533589642134192,13,13,EXPERIMENT_ONLY,true
2024-05-08,23:00,2024,open_meteo_augmented,14,13.44552687719437,0.5544731228056303,14,13,EXPERIMENT_ONLY,false
2024-05-09,23:00,2024,open_meteo_augmented,11,11.932915259800156,0.932915259800156,11,12,EXPERIMENT_ONLY,false
2024-05-10,23:00,2024,open_meteo_augmented,12,12.034241838440376,0.034241838440376426,12,12,EXPERIMENT_ONLY,true
2024-05-11,23:00,2024,open_meteo_augmented,12,12.713035871563822,0.7130358715638216,12,13,EXPERIMENT_ONLY,false
2024-05-12,23:00,2024,open_meteo_augmented,13,13.846950799082288,0.846950799082288,13,14,EXPERIMENT_ONLY,false
2024-05-13,23:00,2024,open_meteo_augmented,13,13.77931461612609,0.77931461612609,13,14,EXPERIMENT_ONLY,false
2024-05-14,23:00,2024,open_meteo_augmented,15,14.833008305178199,0.16699169482180132,15,15,EXPERIMENT_ONLY,true
2024-05-15,23:00,2024,open_meteo_augmented,15,14.753870183003764,0.24612981699623582,15,15,EXPERIMENT_ONLY,true
2024-05-16,23:00,2024,open_meteo_augmented,17,16.009868982283948,0.9901310177160525,17,16,EXPERIMENT_ONLY,false
2024-05-17,23:00,2024,open_meteo_augmented,15,14.867091878612092,0.1329081213879082,15,15,EXPERIMENT_ONLY,true
2024-05-18,23:00,2024,open_meteo_augmented,15,16.466491895947666,1.4664918959476658,15,16,EXPERIMENT_ONLY,false
2024-05-19,23:00,2024,open_meteo_augmented,14,14.874492308809575,0.8744923088095753,14,15,EXPERIMENT_ONLY,false
2024-05-20,23:00,2024,open_meteo_augmented,14,15.038307565062418,1.0383075650624178,14,15,EXPERIMENT_ONLY,false
2024-05-21,23:00,2024,open_meteo_augmented,14,14.697260213580506,0.6972602135805062,14,15,EXPERIMENT_ONLY,false
2024-05-22,23:00,2024,open_meteo_augmented,13,13.699989538096938,0.6999895380969381,13,14,EXPERIMENT_ONLY,false
2024-05-23,23:00,2024,open_meteo_augmented,12,12.978692915444714,0.9786929154447144,12,13,EXPERIMENT_ONLY,false
2024-05-24,23:00,2024,open_meteo_augmented,11,12.367498079654467,1.3674980796544673,11,12,EXPERIMENT_ONLY,false
2024-05-25,23:00,2024,open_meteo_augmented,14,13.089160563548946,0.9108394364510541,14,13,EXPERIMENT_ONLY,false
2024-05-26,23:00,2024,open_meteo_augmented,13,11.632165667259093,1.367834332740907,13,12,EXPERIMENT_ONLY,false
2024-05-27,23:00,2024,open_meteo_augmented,14,12.906668265301485,1.0933317346985145,14,13,EXPERIMENT_ONLY,false
2024-05-28,23:00,2024,open_meteo_augmented,15,13.379437577018866,1.6205624229811342,15,13,EXPERIMENT_ONLY,false
2024-05-29,23:00,2024,open_meteo_augmented,13,13.152385869300907,0.15238586930090747,13,13,EXPERIMENT_ONLY,true
2024-05-30,23:00,2024,open_meteo_augmented,14,12.343207526501038,1.656792473498962,14,12,EXPERIMENT_ONLY,false
2024-05-31,23:00,2024,open_meteo_augmented,17,16.42608894000583,0.5739110599941704,17,16,EXPERIMENT_ONLY,false
2024-06-01,23:00,2024,open_meteo_augmented,17,17.593604926362342,0.5936049263623424,17,18,EXPERIMENT_ONLY,false
2024-06-02,23:00,2024,open_meteo_augmented,16,15.425001629266403,0.5749983707335975,16,15,EXPERIMENT_ONLY,false
2024-06-03,23:00,2024,open_meteo_augmented,14,14.593261102190317,0.5932611021903167,14,15,EXPERIMENT_ONLY,false
2024-06-04,23:00,2024,open_meteo_augmented,13,13.321945796417847,0.3219457964178467,13,13,EXPERIMENT_ONLY,true
2024-06-05,23:00,2024,open_meteo_augmented,12,13.77972282859627,1.7797228285962703,12,14,EXPERIMENT_ONLY,false
2024-06-06,23:00,2024,open_meteo_augmented,14,14.592781881146909,0.5927818811469088,14,15,EXPERIMENT_ONLY,false
2024-06-07,23:00,2024,open_meteo_augmented,16,15.60980852166402,0.39019147833598034,16,16,EXPERIMENT_ONLY,true
2024-06-08,23:00,2024,open_meteo_augmented,14,14.531531340184685,0.5315313401846851,14,15,EXPERIMENT_ONLY,false
2024-06-09,23:00,2024,open_meteo_augmented,16,15.243855271593432,0.7561447284065679,16,15,EXPERIMENT_ONLY,false
2024-06-10,23:00,2024,open_meteo_augmented,17,16.761471622047942,0.23852837795205772,17,17,EXPERIMENT_ONLY,true
2024-06-11,23:00,2024,open_meteo_augmented,15,13.994308262875531,1.0056917371244687,15,14,EXPERIMENT_ONLY,false
2024-06-12,23:00,2024,open_meteo_augmented,12,11.989928654415074,0.01007134558492595,12,12,EXPERIMENT_ONLY,true
2024-06-13,23:00,2024,open_meteo_augmented,13,12.427044709976347,0.5729552900236534,13,12,EXPERIMENT_ONLY,false
2024-06-14,23:00,2024,open_meteo_augmented,13,13.252079425677106,0.2520794256771062,13,13,EXPERIMENT_ONLY,true
2024-06-15,23:00,2024,open_meteo_augmented,14,13.85821757413503,0.14178242586496914,14,14,EXPERIMENT_ONLY,true
2024-06-16,23:00,2024,open_meteo_augmented,15,14.614123310053325,0.38587668994667546,15,15,EXPERIMENT_ONLY,true
2024-06-17,23:00,2024,open_meteo_augmented,13,13.12335923142393,0.12335923142392957,13,13,EXPERIMENT_ONLY,true
2024-06-18,23:00,2024,open_meteo_augmented,13,14.431881546451995,1.4318815464519954,13,14,EXPERIMENT_ONLY,false
2024-06-19,23:00,2024,open_meteo_augmented,12,12.121596588978234,0.12159658897823356,12,12,EXPERIMENT_ONLY,true
2024-06-20,23:00,2024,open_meteo_augmented,13,13.691121503153045,0.6911215031530453,13,14,EXPERIMENT_ONLY,false
2024-06-21,23:00,2024,open_meteo_augmented,14,11.732580143513612,2.267419856486388,14,12,EXPERIMENT_ONLY,false
2024-06-22,23:00,2024,open_meteo_augmented,14,13.341749267159807,0.6582507328401928,14,13,EXPERIMENT_ONLY,false
2024-06-23,23:00,2024,open_meteo_augmented,13,13.406286651976664,0.40628665197666436,13,13,EXPERIMENT_ONLY,true
2024-06-24,23:00,2024,open_meteo_augmented,13,13.199650065259247,0.199650065259247,13,13,EXPERIMENT_ONLY,true
2024-06-25,23:00,2024,open_meteo_augmented,13,13.745557752315415,0.7455577523154151,13,14,EXPERIMENT_ONLY,false
2024-06-26,23:00,2024,open_meteo_augmented,14,12.95743072350071,1.0425692764992895,14,13,EXPERIMENT_ONLY,false
2024-06-27,23:00,2024,open_meteo_augmented,13,13.131598909124218,0.131598909124218,13,13,EXPERIMENT_ONLY,true
2024-06-28,23:00,2024,open_meteo_augmented,13,13.31469581934257,0.3146958193425693,13,13,EXPERIMENT_ONLY,true
2024-06-29,23:00,2024,open_meteo_augmented,14,13.739422192905636,0.2605778070943643,14,14,EXPERIMENT_ONLY,true
2024-06-30,23:00,2024,open_meteo_augmented,13,14.095767954652711,1.095767954652711,13,14,EXPERIMENT_ONLY,false
2024-07-01,23:00,2024,open_meteo_augmented,14,15.080355517755141,1.080355517755141,14,15,EXPERIMENT_ONLY,false
2024-07-02,23:00,2024,open_meteo_augmented,13,12.10884248292898,0.8911575170710204,13,12,EXPERIMENT_ONLY,false
2024-07-03,23:00,2024,open_meteo_augmented,11,11.38106380499328,0.3810638049932802,11,11,EXPERIMENT_ONLY,true
2024-07-04,23:00,2024,open_meteo_augmented,11,10.888384992136071,0.11161500786392864,11,11,EXPERIMENT_ONLY,true
2024-07-05,23:00,2024,open_meteo_augmented,12,11.842283518750072,0.15771648124992765,12,12,EXPERIMENT_ONLY,true
2024-07-06,23:00,2024,open_meteo_augmented,12,11.630755527596502,0.3692444724034978,12,12,EXPERIMENT_ONLY,true
2024-07-07,23:00,2024,open_meteo_augmented,13,12.720831316373465,0.27916868362653524,13,13,EXPERIMENT_ONLY,true
2024-07-08,23:00,2024,open_meteo_augmented,13,12.124541973359142,0.8754580266408585,13,12,EXPERIMENT_ONLY,false
2024-07-09,23:00,2024,open_meteo_augmented,14,12.048523557849432,1.9514764421505681,14,12,EXPERIMENT_ONLY,false
2024-07-10,23:00,2024,open_meteo_augmented,13,13.346451295697582,0.34645129569758204,13,13,EXPERIMENT_ONLY,true
2024-07-11,23:00,2024,open_meteo_augmented,13,12.728630340653865,0.271369659346135,13,13,EXPERIMENT_ONLY,true
2024-07-12,23:00,2024,open_meteo_augmented,10,10.710813140928321,0.7108131409283214,10,11,EXPERIMENT_ONLY,false
2024-07-13,23:00,2024,open_meteo_augmented,12,12.816476613890195,0.8164766138901953,12,13,EXPERIMENT_ONLY,false
2024-07-14,23:00,2024,open_meteo_augmented,13,12.775810104579211,0.22418989542078904,13,13,EXPERIMENT_ONLY,true
2024-07-15,23:00,2024,open_meteo_augmented,13,13.683581328302132,0.6835813283021324,13,14,EXPERIMENT_ONLY,false
2024-07-16,23:00,2024,open_meteo_augmented,14,14.247951334013031,0.24795133401303104,14,14,EXPERIMENT_ONLY,true
2024-07-17,23:00,2024,open_meteo_augmented,13,14.574780146432241,1.574780146432241,13,15,EXPERIMENT_ONLY,false
2024-07-18,23:00,2024,open_meteo_augmented,13,14.308040560789548,1.3080405607895482,13,14,EXPERIMENT_ONLY,false
2024-07-19,23:00,2024,open_meteo_augmented,13,14.15915657448879,1.1591565744887902,13,14,EXPERIMENT_ONLY,false
2024-07-20,23:00,2024,open_meteo_augmented,13,13.358654309131325,0.35865430913132457,13,13,EXPERIMENT_ONLY,true
2024-07-21,23:00,2024,open_meteo_augmented,14,13.652618225495594,0.3473817745044059,14,14,EXPERIMENT_ONLY,true
2024-07-22,23:00,2024,open_meteo_augmented,12,11.98079915332604,0.019200846673960825,12,12,EXPERIMENT_ONLY,true
2024-07-23,23:00,2024,open_meteo_augmented,12,12.174286246996195,0.17428624699619455,12,12,EXPERIMENT_ONLY,true
2024-07-24,23:00,2024,open_meteo_augmented,13,13.270782147741611,0.27078214774161147,13,13,EXPERIMENT_ONLY,true
2024-07-25,23:00,2024,open_meteo_augmented,15,13.980045272456573,1.0199547275434266,15,14,EXPERIMENT_ONLY,false
2024-07-26,23:00,2024,open_meteo_augmented,14,14.27120096438467,0.27120096438467023,14,14,EXPERIMENT_ONLY,true
2024-07-27,23:00,2024,open_meteo_augmented,16,15.252710834911767,0.7472891650882332,16,15,EXPERIMENT_ONLY,false
2024-07-28,23:00,2024,open_meteo_augmented,14,15.76730877223548,1.7673087722354808,14,16,EXPERIMENT_ONLY,false
2024-07-29,23:00,2024,open_meteo_augmented,15,14.584203380710774,0.4157966192892264,15,15,EXPERIMENT_ONLY,true
2024-07-30,23:00,2024,open_meteo_augmented,14,13.5404277946842,0.45957220531579956,14,14,EXPERIMENT_ONLY,true
2024-07-31,23:00,2024,open_meteo_augmented,10,10.685786766332086,0.685786766332086,10,11,EXPERIMENT_ONLY,false
2024-08-01,23:00,2024,open_meteo_augmented,9,10.007625506727699,1.007625506727699,9,10,EXPERIMENT_ONLY,false
2024-08-02,23:00,2024,open_meteo_augmented,10,10.449821527209762,0.4498215272097621,10,10,EXPERIMENT_ONLY,true
2024-08-03,23:00,2024,open_meteo_augmented,11,9.466776489135245,1.5332235108647545,11,9,EXPERIMENT_ONLY,false
2024-08-04,23:00,2024,open_meteo_augmented,12,11.195937358523175,0.8040626414768255,12,11,EXPERIMENT_ONLY,false
2024-08-05,23:00,2024,open_meteo_augmented,12,11.850437575697601,0.14956242430239897,12,12,EXPERIMENT_ONLY,true
2024-08-06,23:00,2024,open_meteo_augmented,14,13.230155473477891,0.7698445265221086,14,13,EXPERIMENT_ONLY,false
2024-08-07,23:00,2024,open_meteo_augmented,14,14.140784606098563,0.14078460609856336,14,14,EXPERIMENT_ONLY,true
2024-08-08,23:00,2024,open_meteo_augmented,12,13.810182513192517,1.810182513192517,12,14,EXPERIMENT_ONLY,false
2024-08-09,23:00,2024,open_meteo_augmented,11,11.767794825461394,0.7677948254613938,11,12,EXPERIMENT_ONLY,false
2024-08-10,23:00,2024,open_meteo_augmented,13,12.970393107896825,0.029606892103174687,13,13,EXPERIMENT_ONLY,true
2024-08-11,23:00,2024,open_meteo_augmented,14,14.109378350177648,0.10937835017764819,14,14,EXPERIMENT_ONLY,true
2024-08-12,23:00,2024,open_meteo_augmented,17,16.303015083127132,0.6969849168728679,17,16,EXPERIMENT_ONLY,false
2024-08-13,23:00,2024,open_meteo_augmented,11,12.011578723647428,1.0115787236474283,11,12,EXPERIMENT_ONLY,false
2024-08-14,23:00,2024,open_meteo_augmented,12,13.162571186715187,1.162571186715187,12,13,EXPERIMENT_ONLY,false
2024-08-15,23:00,2024,open_meteo_augmented,15,14.609556828665362,0.39044317133463835,15,15,EXPERIMENT_ONLY,true
2024-08-16,23:00,2024,open_meteo_augmented,16,15.88766084498403,0.11233915501597025,16,16,EXPERIMENT_ONLY,true
2024-08-17,23:00,2024,open_meteo_augmented,15,16.152732105483974,1.1527321054839739,15,16,EXPERIMENT_ONLY,false
2024-08-18,23:00,2024,open_meteo_augmented,15,14.504009779233082,0.49599022076691845,15,15,EXPERIMENT_ONLY,true
2024-08-19,23:00,2024,open_meteo_augmented,13,10.181976965748436,2.8180230342515635,13,10,EXPERIMENT_ONLY,false
2024-08-20,23:00,2024,open_meteo_augmented,11,10.000606136230655,0.9993938637693454,11,10,EXPERIMENT_ONLY,false
2024-08-21,23:00,2024,open_meteo_augmented,13,12.662785710721955,0.33721428927804453,13,13,EXPERIMENT_ONLY,true
2024-08-22,23:00,2024,open_meteo_augmented,14,14.2124154804352,0.2124154804351992,14,14,EXPERIMENT_ONLY,true
2024-08-23,23:00,2024,open_meteo_augmented,14,16.019228402220524,2.0192284022205236,14,16,EXPERIMENT_ONLY,false
2024-08-24,23:00,2024,open_meteo_augmented,16,15.70297758145025,0.29702241854974964,16,16,EXPERIMENT_ONLY,true
2024-08-25,23:00,2024,open_meteo_augmented,15,16.35523658209877,1.3552365820987688,15,16,EXPERIMENT_ONLY,false
2024-08-26,23:00,2024,open_meteo_augmented,15,14.141186983270538,0.8588130167294619,15,14,EXPERIMENT_ONLY,false
2024-08-27,23:00,2024,open_meteo_augmented,15,15.164215259993405,0.16421525999340503,15,15,EXPERIMENT_ONLY,true
2024-08-28,23:00,2024,open_meteo_augmented,16,15.757511850048665,0.24248814995133472,16,16,EXPERIMENT_ONLY,true
2024-08-29,23:00,2024,open_meteo_augmented,16,16.521598158060524,0.5215981580605238,16,17,EXPERIMENT_ONLY,false
2024-08-30,23:00,2024,open_meteo_augmented,16,15.866956871755532,0.13304312824446818,16,16,EXPERIMENT_ONLY,true
2024-08-31,23:00,2024,open_meteo_augmented,17,16.70710476843185,0.29289523156814923,17,17,EXPERIMENT_ONLY,true
2024-09-01,23:00,2024,open_meteo_augmented,17,16.883687730190672,0.11631226980932752,17,17,EXPERIMENT_ONLY,true
2024-09-02,23:00,2024,open_meteo_augmented,16,16.934185156081966,0.9341851560819663,16,17,EXPERIMENT_ONLY,false
2024-09-03,23:00,2024,open_meteo_augmented,15,15.36202094062226,0.3620209406222603,15,15,EXPERIMENT_ONLY,true
2024-09-04,23:00,2024,open_meteo_augmented,12,12.33288716134428,0.33288716134427965,12,12,EXPERIMENT_ONLY,true
2024-09-05,23:00,2024,open_meteo_augmented,14,14.109116266362982,0.10911626636298166,14,14,EXPERIMENT_ONLY,true
2024-09-06,23:00,2024,open_meteo_augmented,16,15.034446783733394,0.9655532162666063,16,15,EXPERIMENT_ONLY,false
2024-09-07,23:00,2024,open_meteo_augmented,16,16.976279452355406,0.9762794523554064,16,17,EXPERIMENT_ONLY,false
2024-09-08,23:00,2024,open_meteo_augmented,17,15.632148700465486,1.3678512995345145,17,16,EXPERIMENT_ONLY,false
2024-09-09,23:00,2024,open_meteo_augmented,16,16.891367582497104,0.8913675824971037,16,17,EXPERIMENT_ONLY,false
2024-09-10,23:00,2024,open_meteo_augmented,16,16.276765166333234,0.27676516633323445,16,16,EXPERIMENT_ONLY,true
2024-09-11,23:00,2024,open_meteo_augmented,13,13.741292521850928,0.7412925218509283,13,14,EXPERIMENT_ONLY,false
2024-09-12,23:00,2024,open_meteo_augmented,14,14.690234248317715,0.6902342483177151,14,15,EXPERIMENT_ONLY,false
2024-09-13,23:00,2024,open_meteo_augmented,14,15.885451227067467,1.8854512270674668,14,16,EXPERIMENT_ONLY,false
2024-09-14,23:00,2024,open_meteo_augmented,13,13.258420738210164,0.2584207382101642,13,13,EXPERIMENT_ONLY,true
2024-09-15,23:00,2024,open_meteo_augmented,14,13.581456935952742,0.41854306404725783,14,14,EXPERIMENT_ONLY,true
2024-09-16,23:00,2024,open_meteo_augmented,13,13.35574798389255,0.3557479838925506,13,13,EXPERIMENT_ONLY,true
2024-09-17,23:00,2024,open_meteo_augmented,10,10.467211089833501,0.46721108983350135,10,10,EXPERIMENT_ONLY,true
2024-09-18,23:00,2024,open_meteo_augmented,13,12.489293398195263,0.5107066018047366,13,12,EXPERIMENT_ONLY,false
2024-09-19,23:00,2024,open_meteo_augmented,16,15.576186269815658,0.4238137301843423,16,16,EXPERIMENT_ONLY,true
2024-09-20,23:00,2024,open_meteo_augmented,15,16.236016011112913,1.2360160111129126,15,16,EXPERIMENT_ONLY,false
2024-09-21,23:00,2024,open_meteo_augmented,16,15.30504963889236,0.6949503611076402,16,15,EXPERIMENT_ONLY,false
2024-09-22,23:00,2024,open_meteo_augmented,16,16.914525230399935,0.9145252303999349,16,17,EXPERIMENT_ONLY,false
2024-09-23,23:00,2024,open_meteo_augmented,16,16.28693098533299,0.2869309853329902,16,16,EXPERIMENT_ONLY,true
2024-09-24,23:00,2024,open_meteo_augmented,19,17.580152512684673,1.4198474873153266,19,18,EXPERIMENT_ONLY,false
2024-09-25,23:00,2024,open_meteo_augmented,14,14.611669238446447,0.6116692384464475,14,15,EXPERIMENT_ONLY,false
2024-09-26,23:00,2024,open_meteo_augmented,15,16.64952291616459,1.6495229161645888,15,17,EXPERIMENT_ONLY,false
2024-09-27,23:00,2024,open_meteo_augmented,15,13.339485949607536,1.6605140503924645,15,13,EXPERIMENT_ONLY,false
2024-09-28,23:00,2024,open_meteo_augmented,15,15.667363587198235,0.6673635871982349,15,16,EXPERIMENT_ONLY,false
2024-09-29,23:00,2024,open_meteo_augmented,16,15.312144148054223,0.6878558519457769,16,15,EXPERIMENT_ONLY,false
2024-09-30,23:00,2024,open_meteo_augmented,18,16.42022543742381,1.5797745625761905,18,16,EXPERIMENT_ONLY,false
2024-10-01,23:00,2024,open_meteo_augmented,17,17.2247500434717,0.22475004347170113,17,17,EXPERIMENT_ONLY,true
2024-10-02,23:00,2024,open_meteo_augmented,18,18.01333774784633,0.013337747846328796,18,18,EXPERIMENT_ONLY,true
2024-10-03,23:00,2024,open_meteo_augmented,16,16.182867954265113,0.18286795426511304,16,16,EXPERIMENT_ONLY,true
2024-10-04,23:00,2024,open_meteo_augmented,16,16.34079490614986,0.34079490614985986,16,16,EXPERIMENT_ONLY,true
2024-10-05,23:00,2024,open_meteo_augmented,18,16.83624272415894,1.1637572758410606,18,17,EXPERIMENT_ONLY,false
2024-10-06,23:00,2024,open_meteo_augmented,16,17.345585213431058,1.3455852134310575,16,17,EXPERIMENT_ONLY,false
2024-10-07,23:00,2024,open_meteo_augmented,17,17.376499035921498,0.3764990359214977,17,17,EXPERIMENT_ONLY,true
2024-10-08,23:00,2024,open_meteo_augmented,16,16.756354864934718,0.7563548649347176,16,17,EXPERIMENT_ONLY,false
2024-10-09,23:00,2024,open_meteo_augmented,16,16.189497285415158,0.18949728541515753,16,16,EXPERIMENT_ONLY,true
2024-10-10,23:00,2024,open_meteo_augmented,13,12.643710095443529,0.3562899045564709,13,13,EXPERIMENT_ONLY,true
2024-10-11,23:00,2024,open_meteo_augmented,16,15.62088873552831,0.37911126447169075,16,16,EXPERIMENT_ONLY,true
2024-10-12,23:00,2024,open_meteo_augmented,17,16.677915596292795,0.3220844037072048,17,17,EXPERIMENT_ONLY,true
2024-10-13,23:00,2024,open_meteo_augmented,13,14.007830002647315,1.0078300026473155,13,14,EXPERIMENT_ONLY,false
2024-10-14,23:00,2024,open_meteo_augmented,10,12.229868868838674,2.2298688688386736,10,12,EXPERIMENT_ONLY,false
2024-10-15,23:00,2024,open_meteo_augmented,14,13.816398652599029,0.18360134740097145,14,14,EXPERIMENT_ONLY,true
2024-10-16,23:00,2024,open_meteo_augmented,13,12.869515860708011,0.13048413929198865,13,13,EXPERIMENT_ONLY,true
2024-10-17,23:00,2024,open_meteo_augmented,15,15.123380383353535,0.12338038335353474,15,15,EXPERIMENT_ONLY,true
2024-10-18,23:00,2024,open_meteo_augmented,16,16.260142699588982,0.2601426995889824,16,16,EXPERIMENT_ONLY,true
2024-10-19,23:00,2024,open_meteo_augmented,19,17.605691851070677,1.3943081489293228,19,18,EXPERIMENT_ONLY,false
2024-10-20,23:00,2024,open_meteo_augmented,19,17.932197147807834,1.067802852192166,19,18,EXPERIMENT_ONLY,false
2024-10-21,23:00,2024,open_meteo_augmented,18,18.029720502111548,0.029720502111548086,18,18,EXPERIMENT_ONLY,true
2024-10-22,23:00,2024,open_meteo_augmented,20,19.480435527995294,0.5195644720047063,20,19,EXPERIMENT_ONLY,false
2024-10-23,23:00,2024,open_meteo_augmented,16,18.101330748032996,2.1013307480329964,16,18,EXPERIMENT_ONLY,false
2024-10-24,23:00,2024,open_meteo_augmented,18,18.70087328213504,0.7008732821350385,18,19,EXPERIMENT_ONLY,false
2024-10-25,23:00,2024,open_meteo_augmented,17,17.939444341952324,0.9394443419523242,17,18,EXPERIMENT_ONLY,false
2024-10-26,23:00,2024,open_meteo_augmented,20,19.345259219609698,0.654740780390302,20,19,EXPERIMENT_ONLY,false
2024-10-27,23:00,2024,open_meteo_augmented,17,17.54840374777313,0.5484037477731292,17,18,EXPERIMENT_ONLY,false
2024-10-28,23:00,2024,open_meteo_augmented,15,16.23089713852449,1.2308971385244902,15,16,EXPERIMENT_ONLY,false
2024-10-29,23:00,2024,open_meteo_augmented,17,16.750118024112567,0.24988197588743333,17,17,EXPERIMENT_ONLY,true
2024-10-30,23:00,2024,open_meteo_augmented,15,13.113261877226977,1.886738122773023,15,13,EXPERIMENT_ONLY,false
2024-10-31,23:00,2024,open_meteo_augmented,17,17.945758700900083,0.9457587009000825,17,18,EXPERIMENT_ONLY,false
2024-11-01,23:00,2024,open_meteo_augmented,18,18.613740280929733,0.6137402809297328,18,19,EXPERIMENT_ONLY,false
2024-11-02,23:00,2024,open_meteo_augmented,18,18.52194815111065,0.5219481511106494,18,19,EXPERIMENT_ONLY,false
2024-11-03,23:00,2024,open_meteo_augmented,13,12.802235271645502,0.19776472835449788,13,13,EXPERIMENT_ONLY,true
2024-11-04,23:00,2024,open_meteo_augmented,16,15.900030770090812,0.09996922990918833,16,16,EXPERIMENT_ONLY,true
2024-11-05,23:00,2024,open_meteo_augmented,17,18.041375099246583,1.041375099246583,17,18,EXPERIMENT_ONLY,false
2024-11-06,23:00,2024,open_meteo_augmented,16,16.82480823706249,0.8248082370624914,16,17,EXPERIMENT_ONLY,false
2024-11-07,23:00,2024,open_meteo_augmented,18,18.982155949807627,0.9821559498076269,18,19,EXPERIMENT_ONLY,false
2024-11-08,23:00,2024,open_meteo_augmented,19,19.37847815658024,0.37847815658023976,19,19,EXPERIMENT_ONLY,true
2024-11-09,23:00,2024,open_meteo_augmented,19,19.912108361746053,0.9121083617460535,19,20,EXPERIMENT_ONLY,false
2024-11-10,23:00,2024,open_meteo_augmented,19,18.979556992379564,0.02044300762043605,19,19,EXPERIMENT_ONLY,true
2024-11-11,23:00,2024,open_meteo_augmented,19,19.413634110659128,0.41363411065912814,19,19,EXPERIMENT_ONLY,true
2024-11-12,23:00,2024,open_meteo_augmented,18,18.630920117130746,0.6309201171307457,18,19,EXPERIMENT_ONLY,false
2024-11-13,23:00,2024,open_meteo_augmented,20,19.676856154384474,0.323143845615526,20,20,EXPERIMENT_ONLY,true
2024-11-14,23:00,2024,open_meteo_augmented,21,20.165212310395024,0.8347876896049762,21,20,EXPERIMENT_ONLY,false
2024-11-15,23:00,2024,open_meteo_augmented,18,18.551234159446572,0.5512341594465724,18,19,EXPERIMENT_ONLY,false
2024-11-16,23:00,2024,open_meteo_augmented,14,13.811517397698982,0.18848260230101843,14,14,EXPERIMENT_ONLY,true
2024-11-17,23:00,2024,open_meteo_augmented,15,14.47802111090783,0.5219788890921695,15,14,EXPERIMENT_ONLY,false
2024-11-18,23:00,2024,open_meteo_augmented,20,17.74097002417434,2.2590299758256585,20,18,EXPERIMENT_ONLY,false
2024-11-19,23:00,2024,open_meteo_augmented,19,19.340221777393936,0.34022177739393555,19,19,EXPERIMENT_ONLY,true
2024-11-20,23:00,2024,open_meteo_augmented,19,18.56124920388713,0.4387507961128705,19,19,EXPERIMENT_ONLY,true
2024-11-21,23:00,2024,open_meteo_augmented,17,17.036139224370924,0.036139224370923984,17,17,EXPERIMENT_ONLY,true
2024-11-22,23:00,2024,open_meteo_augmented,17,15.737163590806787,1.2628364091932127,17,16,EXPERIMENT_ONLY,false
2024-11-23,23:00,2024,open_meteo_augmented,16,16.077774464343783,0.07777446434378277,16,16,EXPERIMENT_ONLY,true
2024-11-24,23:00,2024,open_meteo_augmented,18,17.275654170319676,0.724345829680324,18,17,EXPERIMENT_ONLY,false
2024-11-25,23:00,2024,open_meteo_augmented,20,20.253482110540812,0.25348211054081204,20,20,EXPERIMENT_ONLY,true
2024-11-26,23:00,2024,open_meteo_augmented,21,20.56219492585806,0.4378050741419415,21,21,EXPERIMENT_ONLY,true
2024-11-27,23:00,2024,open_meteo_augmented,21,20.123534623707823,0.8764653762921775,21,20,EXPERIMENT_ONLY,false
2024-11-28,23:00,2024,open_meteo_augmented,19,20.400524041546326,1.4005240415463263,19,20,EXPERIMENT_ONLY,false
2024-11-29,23:00,2024,open_meteo_augmented,17,17.61248499047268,0.6124849904726801,17,18,EXPERIMENT_ONLY,false
2024-11-30,23:00,2024,open_meteo_augmented,17,17.06490826592958,0.06490826592958143,17,17,EXPERIMENT_ONLY,true
2024-12-01,23:00,2024,open_meteo_augmented,22,20.575142876474388,1.4248571235256122,22,21,EXPERIMENT_ONLY,false
2024-12-02,23:00,2024,open_meteo_augmented,22,20.943733867186175,1.0562661328138248,22,21,EXPERIMENT_ONLY,false
2024-12-03,23:00,2024,open_meteo_augmented,21,21.37866010891402,0.37866010891401913,21,21,EXPERIMENT_ONLY,true
2024-12-04,23:00,2024,open_meteo_augmented,21,21.21977049400159,0.21977049400159032,21,21,EXPERIMENT_ONLY,true
2024-12-05,23:00,2024,open_meteo_augmented,22,22.44898791613549,0.44898791613548994,22,22,EXPERIMENT_ONLY,true
2024-12-06,23:00,2024,open_meteo_augmented,19,19.116376652714692,0.11637665271469189,19,19,EXPERIMENT_ONLY,true
2024-12-07,23:00,2024,open_meteo_augmented,21,20.780367608280727,0.21963239171927285,21,21,EXPERIMENT_ONLY,true
2024-12-08,23:00,2024,open_meteo_augmented,20,20.452726462539697,0.4527264625396974,20,20,EXPERIMENT_ONLY,true
2024-12-09,23:00,2024,open_meteo_augmented,22,21.271594550236102,0.7284054497638976,22,21,EXPERIMENT_ONLY,false
2024-12-10,23:00,2024,open_meteo_augmented,21,21.4779310624498,0.47793106244980166,21,21,EXPERIMENT_ONLY,true
2024-12-11,23:00,2024,open_meteo_augmented,21,21.062008606093173,0.0620086060931726,21,21,EXPERIMENT_ONLY,true
2024-12-12,23:00,2024,open_meteo_augmented,20,19.865739890434085,0.13426010956591483,20,20,EXPERIMENT_ONLY,true
2024-12-13,23:00,2024,open_meteo_augmented,24,22.646192807586946,1.3538071924130541,24,23,EXPERIMENT_ONLY,false
2024-12-14,23:00,2024,open_meteo_augmented,22,22.733603945340874,0.7336039453408745,22,23,EXPERIMENT_ONLY,false
2024-12-15,23:00,2024,open_meteo_augmented,23,22.75124400035864,0.24875599964136086,23,23,EXPERIMENT_ONLY,true
2024-12-16,23:00,2024,open_meteo_augmented,20,21.485038637176743,1.4850386371767428,20,21,EXPERIMENT_ONLY,false
2024-12-17,23:00,2024,open_meteo_augmented,15,15.622786531788124,0.6227865317881243,15,16,EXPERIMENT_ONLY,false
2024-12-18,23:00,2024,open_meteo_augmented,17,17.05805467929963,0.05805467929963015,17,17,EXPERIMENT_ONLY,true
2024-12-19,23:00,2024,open_meteo_augmented,14,16.48832474288361,2.4883247428836093,14,16,EXPERIMENT_ONLY,false
2024-12-20,23:00,2024,open_meteo_augmented,16,16.08754415352048,0.08754415352047928,16,16,EXPERIMENT_ONLY,true
2024-12-21,23:00,2024,open_meteo_augmented,23,22.230163593140418,0.7698364068595822,23,22,EXPERIMENT_ONLY,false
2024-12-22,23:00,2024,open_meteo_augmented,21,21.021338561964942,0.021338561964942215,21,21,EXPERIMENT_ONLY,true
2024-12-23,23:00,2024,open_meteo_augmented,22,21.17471526568249,0.8252847343175098,22,21,EXPERIMENT_ONLY,false
2024-12-24,23:00,2024,open_meteo_augmented,22,21.62180344294936,0.37819655705063937,22,22,EXPERIMENT_ONLY,true
2024-12-25,23:00,2024,open_meteo_augmented,23,21.760980250155853,1.2390197498441466,23,22,EXPERIMENT_ONLY,false
2024-12-26,23:00,2024,open_meteo_augmented,18,19.402589702301935,1.4025897023019347,18,19,EXPERIMENT_ONLY,false
2024-12-27,23:00,2024,open_meteo_augmented,16,17.311061089933325,1.3110610899333253,16,17,EXPERIMENT_ONLY,false
2024-12-28,23:00,2024,open_meteo_augmented,18,18.774238473803766,0.7742384738037664,18,19,EXPERIMENT_ONLY,false
2024-12-29,23:00,2024,open_meteo_augmented,22,21.323278253199163,0.6767217468008369,22,21,EXPERIMENT_ONLY,false
2024-12-30,23:00,2024,open_meteo_augmented,21,19.792174609258684,1.2078253907413163,21,20,EXPERIMENT_ONLY,false
2024-12-31,23:00,2024,open_meteo_augmented,16,16.749525083575787,0.7495250835757865,16,17,EXPERIMENT_ONLY,false
2025-01-01,23:00,2025,local_only_reference,15,16.819863728731086,1.819863728731086,15,17,EXPERIMENT_ONLY,false
2025-01-02,23:00,2025,local_only_reference,19,17.27141517191198,1.728584828088021,19,17,EXPERIMENT_ONLY,false
2025-01-03,23:00,2025,local_only_reference,21,19.59687314121096,1.4031268587890402,21,20,EXPERIMENT_ONLY,false
2025-01-04,23:00,2025,local_only_reference,17,17.832828832150593,0.832828832150593,17,18,EXPERIMENT_ONLY,false
2025-01-05,23:00,2025,local_only_reference,14,16.692168171383457,2.6921681713834573,14,17,EXPERIMENT_ONLY,false
2025-01-06,23:00,2025,local_only_reference,15,15.989949773503692,0.9899497735036924,15,16,EXPERIMENT_ONLY,false
2025-01-07,23:00,2025,local_only_reference,21,17.318054710687193,3.6819452893128073,21,17,EXPERIMENT_ONLY,false
2025-01-08,23:00,2025,local_only_reference,17,17.99858099498112,0.9985809949811184,17,18,EXPERIMENT_ONLY,false
2025-01-09,23:00,2025,local_only_reference,18,18.633996410586075,0.6339964105860751,18,19,EXPERIMENT_ONLY,false
2025-01-10,23:00,2025,local_only_reference,17,18.87335524421234,1.8733552442123411,17,19,EXPERIMENT_ONLY,false
2025-01-11,23:00,2025,local_only_reference,18,17.915332222952188,0.08466777704781236,18,18,EXPERIMENT_ONLY,true
2025-01-12,23:00,2025,local_only_reference,16,17.575800167987605,1.5758001679876052,16,18,EXPERIMENT_ONLY,false
2025-01-13,23:00,2025,local_only_reference,17,17.993604460241095,0.9936044602410945,17,18,EXPERIMENT_ONLY,false
2025-01-14,23:00,2025,local_only_reference,17,18.257162829370053,1.2571628293700527,17,18,EXPERIMENT_ONLY,false
2025-01-15,23:00,2025,local_only_reference,17,16.89741437867063,0.10258562132937143,17,17,EXPERIMENT_ONLY,true
2025-01-16,23:00,2025,local_only_reference,17,18.573747478199085,1.5737474781990848,17,19,EXPERIMENT_ONLY,false
2025-01-17,23:00,2025,local_only_reference,20,20.582962737386126,0.5829627373861257,20,21,EXPERIMENT_ONLY,false
2025-01-18,23:00,2025,local_only_reference,19,20.594671182634492,1.5946711826344924,19,21,EXPERIMENT_ONLY,false
2025-01-19,23:00,2025,local_only_reference,19,19.043337592114938,0.043337592114937706,19,19,EXPERIMENT_ONLY,true
2025-01-20,23:00,2025,local_only_reference,18,18.77429108199368,0.774291081993681,18,19,EXPERIMENT_ONLY,false
2025-01-21,23:00,2025,local_only_reference,21,20.693145517918165,0.3068544820818353,21,21,EXPERIMENT_ONLY,true
2025-01-22,23:00,2025,local_only_reference,23,20.106364345944666,2.893635654055334,23,20,EXPERIMENT_ONLY,false
2025-01-23,23:00,2025,local_only_reference,24,22.86428644386871,1.1357135561312894,24,23,EXPERIMENT_ONLY,false
2025-01-24,23:00,2025,local_only_reference,19,21.338124464581846,2.3381244645818455,19,21,EXPERIMENT_ONLY,false
2025-01-25,23:00,2025,local_only_reference,26,21.372816009816983,4.627183990183017,26,21,EXPERIMENT_ONLY,false
2025-01-26,23:00,2025,local_only_reference,25,21.608497031614327,3.391502968385673,25,22,EXPERIMENT_ONLY,false
2025-01-27,23:00,2025,local_only_reference,17,19.245271332092386,2.2452713320923863,17,19,EXPERIMENT_ONLY,false
2025-01-28,23:00,2025,local_only_reference,21,18.312785948569655,2.6872140514303453,21,18,EXPERIMENT_ONLY,false
2025-01-29,23:00,2025,local_only_reference,20,21.72563889213261,1.7256388921326113,20,22,EXPERIMENT_ONLY,false
2025-01-30,23:00,2025,local_only_reference,19,19.556329553601753,0.5563295536017527,19,20,EXPERIMENT_ONLY,false
2025-01-31,23:00,2025,local_only_reference,22,21.367059137044162,0.632940862955838,22,21,EXPERIMENT_ONLY,false
2025-02-01,23:00,2025,local_only_reference,22,22.954997758280737,0.9549977582807365,22,23,EXPERIMENT_ONLY,false
2025-02-02,23:00,2025,local_only_reference,19,20.068601247508166,1.068601247508166,19,20,EXPERIMENT_ONLY,false
2025-02-03,23:00,2025,local_only_reference,23,21.41800844139811,1.5819915586018887,23,21,EXPERIMENT_ONLY,false
2025-02-04,23:00,2025,local_only_reference,20,21.48635458445217,1.4863545844521688,20,21,EXPERIMENT_ONLY,false
2025-02-05,23:00,2025,local_only_reference,19,19.97326552154599,0.97326552154599,19,20,EXPERIMENT_ONLY,false
2025-02-06,23:00,2025,local_only_reference,21,20.96661128033665,0.033388719663349775,21,21,EXPERIMENT_ONLY,true
2025-02-07,23:00,2025,local_only_reference,19,20.88370297994344,1.8837029799434397,19,21,EXPERIMENT_ONLY,false
2025-02-08,23:00,2025,local_only_reference,25,21.71186004120015,3.2881399587998494,25,22,EXPERIMENT_ONLY,false
2025-02-09,23:00,2025,local_only_reference,24,24.110826311236305,0.11082631123630549,24,24,EXPERIMENT_ONLY,true
2025-02-10,23:00,2025,local_only_reference,19,21.839467765139993,2.839467765139993,19,22,EXPERIMENT_ONLY,false
2025-02-11,23:00,2025,local_only_reference,19,19.663787951335713,0.6637879513357134,19,20,EXPERIMENT_ONLY,false
2025-02-12,23:00,2025,local_only_reference,20,20.23965246791046,0.23965246791046013,20,20,EXPERIMENT_ONLY,true
2025-02-13,23:00,2025,local_only_reference,20,20.939285219422487,0.9392852194224872,20,21,EXPERIMENT_ONLY,false
2025-02-14,23:00,2025,local_only_reference,22,21.63558788639153,0.3644121136084699,22,22,EXPERIMENT_ONLY,true
2025-02-15,23:00,2025,local_only_reference,25,22.704314763318,2.295685236682001,25,23,EXPERIMENT_ONLY,false
2025-02-16,23:00,2025,local_only_reference,24,22.734125890697776,1.2658741093022243,24,23,EXPERIMENT_ONLY,false
2025-02-17,23:00,2025,local_only_reference,24,23.16590904773212,0.8340909522678785,24,23,EXPERIMENT_ONLY,false
2025-02-18,23:00,2025,local_only_reference,23,20.849903134848184,2.1500968651518164,23,21,EXPERIMENT_ONLY,false
2025-02-19,23:00,2025,local_only_reference,23,21.83323417209221,1.1667658279077884,23,22,EXPERIMENT_ONLY,false
2025-02-20,23:00,2025,local_only_reference,24,23.48076136781597,0.519238632184031,24,23,EXPERIMENT_ONLY,false
2025-02-21,23:00,2025,local_only_reference,22,23.28947907272718,1.289479072727179,22,23,EXPERIMENT_ONLY,false
2025-02-22,23:00,2025,local_only_reference,24,20.973062602783667,3.026937397216333,24,21,EXPERIMENT_ONLY,false
2025-02-23,23:00,2025,local_only_reference,21,21.989054483688548,0.9890544836885482,21,22,EXPERIMENT_ONLY,false
2025-02-24,23:00,2025,local_only_reference,23,20.654614648345714,2.3453853516542864,23,21,EXPERIMENT_ONLY,false
2025-02-25,23:00,2025,local_only_reference,23,23.69123106539796,0.691231065397961,23,24,EXPERIMENT_ONLY,false
2025-02-26,23:00,2025,local_only_reference,19,21.69006732531051,2.6900673253105083,19,22,EXPERIMENT_ONLY,false
2025-02-27,23:00,2025,local_only_reference,21,20.359411899600147,0.640588100399853,21,20,EXPERIMENT_ONLY,false
2025-02-28,23:00,2025,local_only_reference,21,21.425211688424152,0.42521168842415236,21,21,EXPERIMENT_ONLY,true
2025-03-01,23:00,2025,local_only_reference,24,22.073601643450857,1.926398356549143,24,22,EXPERIMENT_ONLY,false
2025-03-02,23:00,2025,local_only_reference,26,23.39715053425391,2.6028494657460897,26,23,EXPERIMENT_ONLY,false
2025-03-03,23:00,2025,local_only_reference,25,24.47549271554527,0.5245072844547316,25,24,EXPERIMENT_ONLY,false
2025-03-04,23:00,2025,local_only_reference,21,21.617325287550408,0.6173252875504076,21,22,EXPERIMENT_ONLY,false
2025-03-05,23:00,2025,local_only_reference,16,17.521025515993816,1.5210255159938164,16,18,EXPERIMENT_ONLY,false
2025-03-06,23:00,2025,local_only_reference,17,16.424994768524282,0.5750052314757177,17,16,EXPERIMENT_ONLY,false
2025-03-07,23:00,2025,local_only_reference,20,17.604025344534108,2.395974655465892,20,18,EXPERIMENT_ONLY,false
2025-03-08,23:00,2025,local_only_reference,17,19.46473701033256,2.464737010332559,17,19,EXPERIMENT_ONLY,false
2025-03-09,23:00,2025,local_only_reference,19,19.132123493865787,0.13212349386578737,19,19,EXPERIMENT_ONLY,true
2025-03-10,23:00,2025,local_only_reference,22,18.326097398937797,3.6739026010622027,22,18,EXPERIMENT_ONLY,false
2025-03-11,23:00,2025,local_only_reference,22,21.462967715500454,0.5370322844995457,22,21,EXPERIMENT_ONLY,false
2025-03-12,23:00,2025,local_only_reference,18,19.27081455929137,1.2708145592913702,18,19,EXPERIMENT_ONLY,false
2025-03-13,23:00,2025,local_only_reference,17,16.758170268380354,0.24182973161964583,17,17,EXPERIMENT_ONLY,true
2025-03-14,23:00,2025,local_only_reference,21,19.022910245028086,1.9770897549719137,21,19,EXPERIMENT_ONLY,false
2025-03-15,23:00,2025,local_only_reference,22,21.95689444358495,0.04310555641504976,22,22,EXPERIMENT_ONLY,true
2025-03-16,23:00,2025,local_only_reference,23,22.177027844187407,0.8229721558125931,23,22,EXPERIMENT_ONLY,false
2025-03-17,23:00,2025,local_only_reference,22,22.56295306546781,0.5629530654678092,22,23,EXPERIMENT_ONLY,false
2025-03-18,23:00,2025,local_only_reference,22,22.61597730311115,0.6159773031111513,22,23,EXPERIMENT_ONLY,false
2025-03-19,23:00,2025,local_only_reference,16,16.844212567236802,0.8442125672368022,16,17,EXPERIMENT_ONLY,false
2025-03-20,23:00,2025,local_only_reference,16,17.015178951879903,1.0151789518799035,16,17,EXPERIMENT_ONLY,false
2025-03-21,23:00,2025,local_only_reference,18,17.946869036748623,0.053130963251376784,18,18,EXPERIMENT_ONLY,true
2025-03-22,23:00,2025,local_only_reference,21,19.507553360739116,1.4924466392608835,21,20,EXPERIMENT_ONLY,false
2025-03-23,23:00,2025,local_only_reference,22,21.534351561221055,0.46564843877894546,22,22,EXPERIMENT_ONLY,true
2025-03-24,23:00,2025,local_only_reference,19,19.2228854161471,0.22288541614710056,19,19,EXPERIMENT_ONLY,true
2025-03-25,23:00,2025,local_only_reference,20,20.879949235889324,0.8799492358893239,20,21,EXPERIMENT_ONLY,false
2025-03-26,23:00,2025,local_only_reference,18,20.213112629645433,2.2131126296454333,18,20,EXPERIMENT_ONLY,false
2025-03-27,23:00,2025,local_only_reference,22,20.153474207875174,1.846525792124826,22,20,EXPERIMENT_ONLY,false
2025-03-28,23:00,2025,local_only_reference,18,18.08494300883145,0.08494300883144845,18,18,EXPERIMENT_ONLY,true
2025-03-29,23:00,2025,local_only_reference,19,19.39825782327583,0.3982578232758307,19,19,EXPERIMENT_ONLY,true
2025-03-30,23:00,2025,local_only_reference,21,20.525113788314293,0.4748862116857069,21,21,EXPERIMENT_ONLY,true
2025-03-31,23:00,2025,local_only_reference,18,19.008612387252644,1.0086123872526436,18,19,EXPERIMENT_ONLY,false
2025-04-01,23:00,2025,local_only_reference,19,19.845082661309608,0.8450826613096076,19,20,EXPERIMENT_ONLY,false
2025-04-02,23:00,2025,local_only_reference,19,19.33603169272234,0.3360316927223401,19,19,EXPERIMENT_ONLY,true
2025-04-03,23:00,2025,local_only_reference,21,19.29012193964235,1.7098780603576493,21,19,EXPERIMENT_ONLY,false
2025-04-04,23:00,2025,local_only_reference,20,19.922193409128898,0.07780659087110209,20,20,EXPERIMENT_ONLY,true
2025-04-05,23:00,2025,local_only_reference,18,18.88544989790239,0.8854498979023901,18,19,EXPERIMENT_ONLY,false
2025-04-06,23:00,2025,local_only_reference,20,18.726192046882637,1.2738079531173625,20,19,EXPERIMENT_ONLY,false
2025-04-07,23:00,2025,local_only_reference,20,19.75881379074977,0.24118620925023038,20,20,EXPERIMENT_ONLY,true
2025-04-08,23:00,2025,local_only_reference,19,18.195357696659013,0.8046423033409873,19,18,EXPERIMENT_ONLY,false
2025-04-09,23:00,2025,local_only_reference,17,16.629991374989473,0.3700086250105272,17,17,EXPERIMENT_ONLY,true
2025-04-10,23:00,2025,local_only_reference,20,18.793603407103397,1.2063965928966027,20,19,EXPERIMENT_ONLY,false
2025-04-11,23:00,2025,local_only_reference,19,20.686355186570232,1.686355186570232,19,21,EXPERIMENT_ONLY,false
2025-04-12,23:00,2025,local_only_reference,20,20.192987536093415,0.19298753609341546,20,20,EXPERIMENT_ONLY,true
2025-04-13,23:00,2025,local_only_reference,18,18.662240000918842,0.6622400009188425,18,19,EXPERIMENT_ONLY,false
2025-04-14,23:00,2025,local_only_reference,20,20.232665396987716,0.23266539698771638,20,20,EXPERIMENT_ONLY,true
2025-04-15,23:00,2025,local_only_reference,16,18.23900835384996,2.239008353849961,16,18,EXPERIMENT_ONLY,false
2025-04-16,23:00,2025,local_only_reference,16,16.625807397231153,0.6258073972311529,16,17,EXPERIMENT_ONLY,false
2025-04-17,23:00,2025,local_only_reference,19,18.487278712169037,0.5127212878309635,19,18,EXPERIMENT_ONLY,false
2025-04-18,23:00,2025,local_only_reference,20,19.09477069052514,0.9052293094748585,20,19,EXPERIMENT_ONLY,false
2025-04-19,23:00,2025,local_only_reference,25,20.87415882627307,4.125841173726929,25,21,EXPERIMENT_ONLY,false
2025-04-20,23:00,2025,local_only_reference,21,21.54961275024704,0.5496127502470394,21,22,EXPERIMENT_ONLY,false
2025-04-21,23:00,2025,local_only_reference,18,18.548064289378893,0.5480642893788925,18,19,EXPERIMENT_ONLY,false
2025-04-22,23:00,2025,local_only_reference,16,18.204689269434628,2.2046892694346276,16,18,EXPERIMENT_ONLY,false
2025-04-23,23:00,2025,local_only_reference,15,13.568264153831157,1.4317358461688432,15,14,EXPERIMENT_ONLY,false
2025-04-24,23:00,2025,local_only_reference,15,15.357372350853979,0.35737235085397856,15,15,EXPERIMENT_ONLY,true
2025-04-25,23:00,2025,local_only_reference,18,16.503973986909262,1.496026013090738,18,17,EXPERIMENT_ONLY,false
2025-04-26,23:00,2025,local_only_reference,19,18.788328317562154,0.21167168243784573,19,19,EXPERIMENT_ONLY,true
2025-04-27,23:00,2025,local_only_reference,20,19.71619555247047,0.2838044475295298,20,20,EXPERIMENT_ONLY,true
2025-04-28,23:00,2025,local_only_reference,20,20.30458518355934,0.3045851835593396,20,20,EXPERIMENT_ONLY,true
2025-04-29,23:00,2025,local_only_reference,16,18.345335321175924,2.3453353211759236,16,18,EXPERIMENT_ONLY,false
2025-04-30,23:00,2025,local_only_reference,16,16.950784255400823,0.9507842554008228,16,17,EXPERIMENT_ONLY,false
2025-05-01,23:00,2025,local_only_reference,14,15.629848784244071,1.6298487842440714,14,16,EXPERIMENT_ONLY,false
2025-05-02,23:00,2025,local_only_reference,13,14.478773180255793,1.4787731802557929,13,14,EXPERIMENT_ONLY,false
2025-05-03,23:00,2025,local_only_reference,14,13.401985874196459,0.598014125803541,14,13,EXPERIMENT_ONLY,false
2025-05-04,23:00,2025,local_only_reference,14,13.527610595007811,0.47238940499218884,14,14,EXPERIMENT_ONLY,true
2025-05-05,23:00,2025,local_only_reference,15,15.295078616178314,0.2950786161783139,15,15,EXPERIMENT_ONLY,true
2025-05-06,23:00,2025,local_only_reference,15,15.169996488817512,0.16999648881751206,15,15,EXPERIMENT_ONLY,true
2025-05-07,23:00,2025,local_only_reference,18,18.465984801245288,0.4659848012452876,18,18,EXPERIMENT_ONLY,true
2025-05-08,23:00,2025,local_only_reference,18,18.338321107531915,0.3383211075319146,18,18,EXPERIMENT_ONLY,true
2025-05-09,23:00,2025,local_only_reference,18,17.881877107236082,0.11812289276391752,18,18,EXPERIMENT_ONLY,true
2025-05-10,23:00,2025,local_only_reference,16,14.783628173830873,1.2163718261691265,16,15,EXPERIMENT_ONLY,false
2025-05-11,23:00,2025,local_only_reference,15,17.472076202861267,2.472076202861267,15,17,EXPERIMENT_ONLY,false
2025-05-12,23:00,2025,local_only_reference,17,16.62459109973915,0.37540890026085094,17,17,EXPERIMENT_ONLY,true
2025-05-13,23:00,2025,local_only_reference,17,18.03221087014112,1.032210870141121,17,18,EXPERIMENT_ONLY,false
2025-05-14,23:00,2025,local_only_reference,15,15.546268487289936,0.5462684872899359,15,16,EXPERIMENT_ONLY,false
2025-05-15,23:00,2025,local_only_reference,16,16.532070906162513,0.5320709061625131,16,17,EXPERIMENT_ONLY,false
2025-05-16,23:00,2025,local_only_reference,19,17.608441743340244,1.3915582566597564,19,18,EXPERIMENT_ONLY,false
2025-05-17,23:00,2025,local_only_reference,18,18.3509756229968,0.3509756229967991,18,18,EXPERIMENT_ONLY,true
2025-05-18,23:00,2025,local_only_reference,18,17.38542458200756,0.614575417992441,18,17,EXPERIMENT_ONLY,false
2025-05-19,23:00,2025,local_only_reference,12,15.002866343848595,3.002866343848595,12,15,EXPERIMENT_ONLY,false
2025-05-20,23:00,2025,local_only_reference,15,13.788020441257933,1.2119795587420672,15,14,EXPERIMENT_ONLY,false
2025-05-21,23:00,2025,local_only_reference,15,14.917505068120574,0.08249493187942569,15,15,EXPERIMENT_ONLY,true
2025-05-22,23:00,2025,local_only_reference,16,15.620266854979592,0.379733145020408,16,16,EXPERIMENT_ONLY,true
2025-05-23,23:00,2025,local_only_reference,15,15.185605328833073,0.18560532883307346,15,15,EXPERIMENT_ONLY,true
2025-05-24,23:00,2025,local_only_reference,16,15.100927834267363,0.8990721657326368,16,15,EXPERIMENT_ONLY,false
2025-05-25,23:00,2025,local_only_reference,17,15.882695532401927,1.117304467598073,17,16,EXPERIMENT_ONLY,false
2025-05-26,23:00,2025,local_only_reference,17,16.465668731143897,0.5343312688561035,17,16,EXPERIMENT_ONLY,false
2025-05-27,23:00,2025,local_only_reference,17,15.83541908361764,1.1645809163823593,17,16,EXPERIMENT_ONLY,false
2025-05-28,23:00,2025,local_only_reference,17,17.899174487209418,0.8991744872094181,17,18,EXPERIMENT_ONLY,false
2025-05-29,23:00,2025,local_only_reference,16,15.90097116597077,0.09902883402923024,16,16,EXPERIMENT_ONLY,true
2025-05-30,23:00,2025,local_only_reference,18,16.760378231879685,1.2396217681203154,18,17,EXPERIMENT_ONLY,false
2025-05-31,23:00,2025,local_only_reference,18,17.245927518261304,0.7540724817386959,18,17,EXPERIMENT_ONLY,false
2025-06-01,23:00,2025,local_only_reference,15,14.618687740342201,0.3813122596577987,15,15,EXPERIMENT_ONLY,true
2025-06-02,23:00,2025,local_only_reference,17,14.72821207797762,2.27178792202238,17,15,EXPERIMENT_ONLY,false
2025-06-03,23:00,2025,local_only_reference,16,17.199796418573182,1.1997964185731824,16,17,EXPERIMENT_ONLY,false
2025-06-04,23:00,2025,local_only_reference,18,14.552909013507685,3.4470909864923147,18,15,EXPERIMENT_ONLY,false
2025-06-05,23:00,2025,local_only_reference,18,11.58828058867968,6.41171941132032,18,12,EXPERIMENT_ONLY,false
2025-06-06,23:00,2025,local_only_reference,12,14.47480190872369,2.4748019087236894,12,14,EXPERIMENT_ONLY,false
2025-06-07,23:00,2025,local_only_reference,11,11.961817875272398,0.9618178752723985,11,12,EXPERIMENT_ONLY,false
2025-06-08,23:00,2025,local_only_reference,11,11.791470840195716,0.791470840195716,11,12,EXPERIMENT_ONLY,false
2025-06-09,23:00,2025,local_only_reference,11,10.610159903762892,0.38984009623710847,11,11,EXPERIMENT_ONLY,true
2025-06-10,23:00,2025,local_only_reference,11,12.630778857827453,1.630778857827453,11,13,EXPERIMENT_ONLY,false
2025-06-11,23:00,2025,local_only_reference,16,13.90550607828984,2.0944939217101606,16,14,EXPERIMENT_ONLY,false
2025-06-12,23:00,2025,local_only_reference,15,14.273936967474508,0.7260630325254915,15,14,EXPERIMENT_ONLY,false
2025-06-13,23:00,2025,local_only_reference,13,13.161175346726262,0.161175346726262,13,13,EXPERIMENT_ONLY,true
2025-06-14,23:00,2025,local_only_reference,11,12.862434389610563,1.8624343896105628,11,13,EXPERIMENT_ONLY,false
2025-06-15,23:00,2025,local_only_reference,12,11.582916590937138,0.4170834090628617,12,12,EXPERIMENT_ONLY,true
2025-06-16,23:00,2025,local_only_reference,12,11.833686975254464,0.166313024745536,12,12,EXPERIMENT_ONLY,true
2025-06-17,23:00,2025,local_only_reference,12,11.398447758623508,0.601552241376492,12,11,EXPERIMENT_ONLY,false
2025-06-18,23:00,2025,local_only_reference,13,12.962602704204597,0.03739729579540274,13,13,EXPERIMENT_ONLY,true
2025-06-19,23:00,2025,local_only_reference,15,13.788219125804783,1.2117808741952167,15,14,EXPERIMENT_ONLY,false
2025-06-20,23:00,2025,local_only_reference,15,15.552590624318004,0.5525906243180039,15,16,EXPERIMENT_ONLY,false
2025-06-21,23:00,2025,local_only_reference,12,12.37676799864596,0.3767679986459598,12,12,EXPERIMENT_ONLY,true
2025-06-22,23:00,2025,local_only_reference,13,10.41105876136577,2.5889412386342308,13,10,EXPERIMENT_ONLY,false
2025-06-23,23:00,2025,local_only_reference,13,11.961510493849762,1.0384895061502384,13,12,EXPERIMENT_ONLY,false
2025-06-24,23:00,2025,local_only_reference,14,14.220247016919895,0.22024701691989534,14,14,EXPERIMENT_ONLY,true
2025-06-25,23:00,2025,local_only_reference,15,14.236422031349239,0.7635779686507611,15,14,EXPERIMENT_ONLY,false
2025-06-26,23:00,2025,local_only_reference,17,15.763309302600419,1.236690697399581,17,16,EXPERIMENT_ONLY,false
2025-06-27,23:00,2025,local_only_reference,17,15.272397398108803,1.7276026018911974,17,15,EXPERIMENT_ONLY,false
2025-06-28,23:00,2025,local_only_reference,13,15.474773049150103,2.4747730491501034,13,15,EXPERIMENT_ONLY,false
2025-06-29,23:00,2025,local_only_reference,13,13.511337039572716,0.5113370395727159,13,14,EXPERIMENT_ONLY,false
2025-06-30,23:00,2025,local_only_reference,16,13.513190262333831,2.486809737666169,16,14,EXPERIMENT_ONLY,false
2025-07-01,23:00,2025,local_only_reference,12,13.532118392283843,1.5321183922838433,12,14,EXPERIMENT_ONLY,false
2025-07-02,23:00,2025,local_only_reference,13,13.867656380274145,0.8676563802741448,13,14,EXPERIMENT_ONLY,false
2025-07-03,23:00,2025,local_only_reference,12,13.11914948853371,1.1191494885337097,12,13,EXPERIMENT_ONLY,false
2025-07-04,23:00,2025,local_only_reference,13,13.262630665276196,0.2626306652761965,13,13,EXPERIMENT_ONLY,true
2025-07-05,23:00,2025,local_only_reference,12,13.14011402631057,1.1401140263105702,12,13,EXPERIMENT_ONLY,false
2025-07-06,23:00,2025,local_only_reference,10,11.9205543598208,1.9205543598208,10,12,EXPERIMENT_ONLY,false
2025-07-07,23:00,2025,local_only_reference,10,10.712099191003846,0.7120991910038459,10,11,EXPERIMENT_ONLY,false
2025-07-08,23:00,2025,local_only_reference,13,12.081448153890982,0.9185518461090183,13,12,EXPERIMENT_ONLY,false
2025-07-09,23:00,2025,local_only_reference,12,12.41092592618451,0.4109259261845093,12,12,EXPERIMENT_ONLY,true
2025-07-10,23:00,2025,local_only_reference,16,13.337162905289603,2.6628370947103974,16,13,EXPERIMENT_ONLY,false
2025-07-11,23:00,2025,local_only_reference,16,14.390605454287325,1.609394545712675,16,14,EXPERIMENT_ONLY,false
2025-07-12,23:00,2025,local_only_reference,15,14.362117848073861,0.6378821519261386,15,14,EXPERIMENT_ONLY,false
2025-07-13,23:00,2025,local_only_reference,15,13.531832368993669,1.468167631006331,15,14,EXPERIMENT_ONLY,false
2025-07-14,23:00,2025,local_only_reference,14,14.118957684473896,0.11895768447389621,14,14,EXPERIMENT_ONLY,true
2025-07-15,23:00,2025,local_only_reference,15,14.944550867360972,0.055449132639028065,15,15,EXPERIMENT_ONLY,true
2025-07-16,23:00,2025,local_only_reference,14,12.142707439109197,1.8572925608908033,14,12,EXPERIMENT_ONLY,false
2025-07-17,23:00,2025,local_only_reference,13,14.592793129178698,1.5927931291786983,13,15,EXPERIMENT_ONLY,false
2025-07-18,23:00,2025,local_only_reference,12,12.371711460253282,0.37171146025328206,12,12,EXPERIMENT_ONLY,true
2025-07-19,23:00,2025,local_only_reference,13,12.973919394866938,0.026080605133062207,13,13,EXPERIMENT_ONLY,true
2025-07-20,23:00,2025,local_only_reference,12,12.130386472828238,0.13038647282823845,12,12,EXPERIMENT_ONLY,true
2025-07-21,23:00,2025,local_only_reference,12,11.110935822482178,0.8890641775178221,12,11,EXPERIMENT_ONLY,false
2025-07-22,23:00,2025,local_only_reference,12,11.654915346071142,0.3450846539288577,12,12,EXPERIMENT_ONLY,true
2025-07-23,23:00,2025,local_only_reference,12,13.110556948578429,1.110556948578429,12,13,EXPERIMENT_ONLY,false
2025-07-24,23:00,2025,local_only_reference,14,12.116631965902553,1.8833680340974475,14,12,EXPERIMENT_ONLY,false
2025-07-25,23:00,2025,local_only_reference,14,13.516581713734286,0.4834182862657137,14,14,EXPERIMENT_ONLY,true
2025-07-26,23:00,2025,local_only_reference,15,12.937028053733307,2.0629719462666927,15,13,EXPERIMENT_ONLY,false
2025-07-27,23:00,2025,local_only_reference,15,14.14940500308005,0.8505949969199502,15,14,EXPERIMENT_ONLY,false
2025-07-28,23:00,2025,local_only_reference,14,14.977679547182184,0.9776795471821842,14,15,EXPERIMENT_ONLY,false
2025-07-29,23:00,2025,local_only_reference,16,15.19165773726692,0.8083422627330794,16,15,EXPERIMENT_ONLY,false
2025-07-30,23:00,2025,local_only_reference,15,13.631303775156374,1.3686962248436263,15,14,EXPERIMENT_ONLY,false
2025-07-31,23:00,2025,local_only_reference,12,12.633506115170665,0.6335061151706647,12,13,EXPERIMENT_ONLY,false
2025-08-01,23:00,2025,local_only_reference,11,11.413724361680515,0.4137243616805151,11,11,EXPERIMENT_ONLY,true
2025-08-02,23:00,2025,local_only_reference,14,12.36684522278125,1.6331547772187491,14,12,EXPERIMENT_ONLY,false
2025-08-03,23:00,2025,local_only_reference,11,11.734222290154507,0.7342222901545075,11,12,EXPERIMENT_ONLY,false
2025-08-04,23:00,2025,local_only_reference,11,12.532646840518188,1.5326468405181881,11,13,EXPERIMENT_ONLY,false
2025-08-05,23:00,2025,local_only_reference,15,11.416280426632309,3.5837195733676914,15,11,EXPERIMENT_ONLY,false
2025-08-06,23:00,2025,local_only_reference,13,13.211152393372263,0.211152393372263,13,13,EXPERIMENT_ONLY,true
2025-08-07,23:00,2025,local_only_reference,15,13.687822936303526,1.312177063696474,15,14,EXPERIMENT_ONLY,false
2025-08-08,23:00,2025,local_only_reference,14,13.216559587372528,0.7834404126274723,14,13,EXPERIMENT_ONLY,false
2025-08-09,23:00,2025,local_only_reference,9,11.353056375860891,2.3530563758608913,9,11,EXPERIMENT_ONLY,false
2025-08-10,23:00,2025,local_only_reference,9,10.275886197026008,1.2758861970260078,9,10,EXPERIMENT_ONLY,false
2025-08-11,23:00,2025,local_only_reference,10,10.35568294655712,0.3556829465571205,10,10,EXPERIMENT_ONLY,true
2025-08-12,23:00,2025,local_only_reference,11,11.115236452539865,0.11523645253986459,11,11,EXPERIMENT_ONLY,true
2025-08-13,23:00,2025,local_only_reference,11,12.028821440201158,1.028821440201158,11,12,EXPERIMENT_ONLY,false
2025-08-14,23:00,2025,local_only_reference,12,12.364508481584537,0.3645084815845365,12,12,EXPERIMENT_ONLY,true
2025-08-15,23:00,2025,local_only_reference,15,12.777891076585531,2.222108923414469,15,13,EXPERIMENT_ONLY,false
2025-08-16,23:00,2025,local_only_reference,13,14.590782444994773,1.5907824449947725,13,15,EXPERIMENT_ONLY,false
2025-08-17,23:00,2025,local_only_reference,14,13.375470970984773,0.6245290290152266,14,13,EXPERIMENT_ONLY,false
2025-08-18,23:00,2025,local_only_reference,14,15.59910482952047,1.5991048295204706,14,16,EXPERIMENT_ONLY,false
2025-08-19,23:00,2025,local_only_reference,12,12.01063624677428,0.010636246774280878,12,12,EXPERIMENT_ONLY,true
2025-08-20,23:00,2025,local_only_reference,11,11.818316490814082,0.8183164908140821,11,12,EXPERIMENT_ONLY,false
2025-08-21,23:00,2025,local_only_reference,11,10.649127323474557,0.35087267652544263,11,11,EXPERIMENT_ONLY,true
2025-08-22,23:00,2025,local_only_reference,12,11.538388999231413,0.4616110007685865,12,12,EXPERIMENT_ONLY,true
2025-08-23,23:00,2025,local_only_reference,12,12.279433792493585,0.2794337924935846,12,12,EXPERIMENT_ONLY,true
2025-08-24,23:00,2025,local_only_reference,15,12.260898774143097,2.7391012258569027,15,12,EXPERIMENT_ONLY,false
2025-08-25,23:00,2025,local_only_reference,13,13.62650600837408,0.6265060083740792,13,14,EXPERIMENT_ONLY,false
2025-08-26,23:00,2025,local_only_reference,14,13.82803917676914,0.17196082323085982,14,14,EXPERIMENT_ONLY,true
2025-08-27,23:00,2025,local_only_reference,16,14.784354829435113,1.215645170564887,16,15,EXPERIMENT_ONLY,false
2025-08-28,23:00,2025,local_only_reference,15,13.650570086108738,1.349429913891262,15,14,EXPERIMENT_ONLY,false
2025-08-29,23:00,2025,local_only_reference,16,15.396292086058017,0.6037079139419834,16,15,EXPERIMENT_ONLY,false
2025-08-30,23:00,2025,local_only_reference,16,15.052463583266476,0.9475364167335236,16,15,EXPERIMENT_ONLY,false
2025-08-31,23:00,2025,local_only_reference,14,12.246451664363319,1.7535483356366814,14,12,EXPERIMENT_ONLY,false
2025-09-01,23:00,2025,local_only_reference,16,15.132956133423018,0.8670438665769815,16,15,EXPERIMENT_ONLY,false
2025-09-02,23:00,2025,local_only_reference,16,15.978475879564659,0.021524120435341132,16,16,EXPERIMENT_ONLY,true
2025-09-03,23:00,2025,local_only_reference,14,12.382241643324397,1.617758356675603,14,12,EXPERIMENT_ONLY,false
2025-09-04,23:00,2025,local_only_reference,16,15.452222170855586,0.5477778291444135,16,15,EXPERIMENT_ONLY,false
2025-09-05,23:00,2025,local_only_reference,16,16.423590404001654,0.42359040400165426,16,16,EXPERIMENT_ONLY,true
2025-09-06,23:00,2025,local_only_reference,13,14.976833226039348,1.9768332260393482,13,15,EXPERIMENT_ONLY,false
2025-09-07,23:00,2025,local_only_reference,14,13.421512863381087,0.5784871366189126,14,13,EXPERIMENT_ONLY,false
2025-09-08,23:00,2025,local_only_reference,13,12.240290596711464,0.7597094032885359,13,12,EXPERIMENT_ONLY,false
2025-09-09,23:00,2025,local_only_reference,14,14.155560820575595,0.1555608205755945,14,14,EXPERIMENT_ONLY,true
2025-09-10,23:00,2025,local_only_reference,16,14.391975954452946,1.6080240455470545,16,14,EXPERIMENT_ONLY,false
2025-09-11,23:00,2025,local_only_reference,14,15.072151658140525,1.072151658140525,14,15,EXPERIMENT_ONLY,false
2025-09-12,23:00,2025,local_only_reference,13,13.591987003703979,0.5919870037039789,13,14,EXPERIMENT_ONLY,false
2025-09-13,23:00,2025,local_only_reference,17,13.96525656262927,3.0347434373707305,17,14,EXPERIMENT_ONLY,false
2025-09-14,23:00,2025,local_only_reference,13,14.458016993989126,1.4580169939891263,13,14,EXPERIMENT_ONLY,false
2025-09-15,23:00,2025,local_only_reference,17,13.991545109091124,3.008454890908876,17,14,EXPERIMENT_ONLY,false
2025-09-16,23:00,2025,local_only_reference,20,17.711711722656265,2.288288277343735,20,18,EXPERIMENT_ONLY,false
2025-09-17,23:00,2025,local_only_reference,16,17.525104393664755,1.5251043936647548,16,18,EXPERIMENT_ONLY,false
2025-09-18,23:00,2025,local_only_reference,17,16.64931158904614,0.35068841095386105,17,17,EXPERIMENT_ONLY,true
2025-09-19,23:00,2025,local_only_reference,11,12.339538527988589,1.339538527988589,11,12,EXPERIMENT_ONLY,false
2025-09-20,23:00,2025,local_only_reference,14,14.806591665571407,0.8065916655714069,14,15,EXPERIMENT_ONLY,false
2025-09-21,23:00,2025,local_only_reference,16,15.99198049448694,0.008019505513059855,16,16,EXPERIMENT_ONLY,true
2025-09-22,23:00,2025,local_only_reference,15,15.308750522907593,0.30875052290759264,15,15,EXPERIMENT_ONLY,true
2025-09-23,23:00,2025,local_only_reference,15,15.651992869743376,0.6519928697433759,15,16,EXPERIMENT_ONLY,false
2025-09-24,23:00,2025,local_only_reference,15,16.79268852227354,1.79268852227354,15,17,EXPERIMENT_ONLY,false
2025-09-25,23:00,2025,local_only_reference,16,15.85457581005065,0.1454241899493507,16,16,EXPERIMENT_ONLY,true
2025-09-26,23:00,2025,local_only_reference,15,14.537934516975037,0.4620654830249631,15,15,EXPERIMENT_ONLY,true
2025-09-27,23:00,2025,local_only_reference,16,14.488255212646903,1.5117447873530967,16,14,EXPERIMENT_ONLY,false
2025-09-28,23:00,2025,local_only_reference,18,17.186139562910448,0.8138604370895521,18,17,EXPERIMENT_ONLY,false
2025-09-29,23:00,2025,local_only_reference,19,17.401112474420756,1.5988875255792436,19,17,EXPERIMENT_ONLY,false
2025-09-30,23:00,2025,local_only_reference,15,15.901032757188696,0.9010327571886965,15,16,EXPERIMENT_ONLY,false
2025-10-01,23:00,2025,local_only_reference,15,14.015016412067006,0.9849835879329945,15,14,EXPERIMENT_ONLY,false
2025-10-02,23:00,2025,local_only_reference,13,13.644894241647469,0.644894241647469,13,14,EXPERIMENT_ONLY,false
2025-10-03,23:00,2025,local_only_reference,14,14.306700549572117,0.3067005495721169,14,14,EXPERIMENT_ONLY,true
2025-10-04,23:00,2025,local_only_reference,17,15.64801221197507,1.35198778802493,17,16,EXPERIMENT_ONLY,false
2025-10-05,23:00,2025,local_only_reference,14,15.427361742126294,1.427361742126294,14,15,EXPERIMENT_ONLY,false
2025-10-06,23:00,2025,local_only_reference,15,13.62411919805637,1.3758808019436302,15,14,EXPERIMENT_ONLY,false
2025-10-07,23:00,2025,local_only_reference,16,15.705631548924687,0.2943684510753126,16,16,EXPERIMENT_ONLY,true
2025-10-08,23:00,2025,local_only_reference,17,15.820957536731262,1.179042463268738,17,16,EXPERIMENT_ONLY,false
2025-10-09,23:00,2025,local_only_reference,17,17.281444169244818,0.28144416924481774,17,17,EXPERIMENT_ONLY,true
2025-10-10,23:00,2025,local_only_reference,18,17.294074394718304,0.7059256052816956,18,17,EXPERIMENT_ONLY,false
2025-10-11,23:00,2025,local_only_reference,17,17.679706173784606,0.6797061737846057,17,18,EXPERIMENT_ONLY,false
2025-10-12,23:00,2025,local_only_reference,18,17.008760767784715,0.9912392322152854,18,17,EXPERIMENT_ONLY,false
2025-10-13,23:00,2025,local_only_reference,17,18.323492392659233,1.323492392659233,17,18,EXPERIMENT_ONLY,false
2025-10-14,23:00,2025,local_only_reference,16,13.22095781883355,2.7790421811664494,16,13,EXPERIMENT_ONLY,false
2025-10-15,23:00,2025,local_only_reference,16,15.170506492729377,0.8294935072706231,16,15,EXPERIMENT_ONLY,false
2025-10-16,23:00,2025,local_only_reference,18,17.27671647445365,0.7232835255463499,18,17,EXPERIMENT_ONLY,false
2025-10-17,23:00,2025,local_only_reference,16,17.426860326857145,1.4268603268571454,16,17,EXPERIMENT_ONLY,false
2025-10-18,23:00,2025,local_only_reference,16,17.583700112559587,1.5837001125595869,16,18,EXPERIMENT_ONLY,false
2025-10-19,23:00,2025,local_only_reference,18,17.52759400807761,0.47240599192238975,18,18,EXPERIMENT_ONLY,true
2025-10-20,23:00,2025,local_only_reference,17,17.71540824221191,0.715408242211911,17,18,EXPERIMENT_ONLY,false
2025-10-21,23:00,2025,local_only_reference,18,18.542668557019425,0.5426685570194252,18,19,EXPERIMENT_ONLY,false
2025-10-22,23:00,2025,local_only_reference,15,17.668047972812797,2.668047972812797,15,18,EXPERIMENT_ONLY,false
2025-10-23,23:00,2025,local_only_reference,19,18.421569399651666,0.5784306003483337,19,18,EXPERIMENT_ONLY,false
2025-10-24,23:00,2025,local_only_reference,17,18.38955239475852,1.389552394758521,17,18,EXPERIMENT_ONLY,false
2025-10-25,23:00,2025,local_only_reference,17,17.839771828511928,0.8397718285119282,17,18,EXPERIMENT_ONLY,false
2025-10-26,23:00,2025,local_only_reference,17,16.147188553933713,0.852811446066287,17,16,EXPERIMENT_ONLY,false
2025-10-27,23:00,2025,local_only_reference,17,17.69398568364847,0.6939856836484708,17,18,EXPERIMENT_ONLY,false
2025-10-28,23:00,2025,local_only_reference,16,16.412199036543242,0.4121990365432424,16,16,EXPERIMENT_ONLY,true
2025-10-29,23:00,2025,local_only_reference,15,14.77106666269469,0.2289333373053104,15,15,EXPERIMENT_ONLY,true
2025-10-30,23:00,2025,local_only_reference,17,17.265362011995627,0.26536201199562726,17,17,EXPERIMENT_ONLY,true
2025-10-31,23:00,2025,local_only_reference,19,17.72360303384256,1.2763969661574386,19,18,EXPERIMENT_ONLY,false
2025-11-01,23:00,2025,local_only_reference,17,17.4369548974384,0.436954897438401,17,17,EXPERIMENT_ONLY,true
2025-11-02,23:00,2025,local_only_reference,16,18.015777922776056,2.0157779227760564,16,18,EXPERIMENT_ONLY,false
2025-11-03,23:00,2025,local_only_reference,17,17.461329318921454,0.4613293189214538,17,17,EXPERIMENT_ONLY,true
2025-11-04,23:00,2025,local_only_reference,17,18.008831990375015,1.0088319903750147,17,18,EXPERIMENT_ONLY,false
2025-11-05,23:00,2025,local_only_reference,19,17.867986364195488,1.1320136358045119,19,18,EXPERIMENT_ONLY,false
2025-11-06,23:00,2025,local_only_reference,18,20.11402297592132,2.114022975921319,18,20,EXPERIMENT_ONLY,false
2025-11-07,23:00,2025,local_only_reference,19,17.17622716615059,1.8237728338494108,19,17,EXPERIMENT_ONLY,false
2025-11-08,23:00,2025,local_only_reference,19,19.432299239601296,0.4322992396012957,19,19,EXPERIMENT_ONLY,true
2025-11-09,23:00,2025,local_only_reference,19,18.870039242357034,0.12996075764296577,19,19,EXPERIMENT_ONLY,true
2025-11-10,23:00,2025,local_only_reference,19,19.464764713848727,0.46476471384872653,19,19,EXPERIMENT_ONLY,true
2025-11-11,23:00,2025,local_only_reference,17,17.28165056875222,0.2816505687522195,17,17,EXPERIMENT_ONLY,true
2025-11-12,23:00,2025,local_only_reference,19,17.67977183310681,1.320228166893191,19,18,EXPERIMENT_ONLY,false
2025-11-13,23:00,2025,local_only_reference,18,17.756799660030456,0.24320033996954393,18,18,EXPERIMENT_ONLY,true
2025-11-14,23:00,2025,local_only_reference,19,19.063572833980185,0.0635728339801851,19,19,EXPERIMENT_ONLY,true
2025-11-15,23:00,2025,local_only_reference,19,16.221924067259202,2.778075932740798,19,16,EXPERIMENT_ONLY,false
2025-11-16,23:00,2025,local_only_reference,19,19.304570741062456,0.30457074106245585,19,19,EXPERIMENT_ONLY,true
2025-11-17,23:00,2025,local_only_reference,21,19.786647089322212,1.2133529106777878,21,20,EXPERIMENT_ONLY,false
2025-11-18,23:00,2025,local_only_reference,23,20.630457904376726,2.369542095623274,23,21,EXPERIMENT_ONLY,false
2025-11-19,23:00,2025,local_only_reference,22,21.446746724862184,0.5532532751378163,22,21,EXPERIMENT_ONLY,false
2025-11-20,23:00,2025,local_only_reference,20,21.253065844877217,1.2530658448772165,20,21,EXPERIMENT_ONLY,false
2025-11-21,23:00,2025,local_only_reference,20,20.329868804747353,0.3298688047473526,20,20,EXPERIMENT_ONLY,true
2025-11-22,23:00,2025,local_only_reference,17,18.56081237777139,1.5608123777713914,17,19,EXPERIMENT_ONLY,false
2025-11-23,23:00,2025,local_only_reference,20,19.18450803729202,0.8154919627079806,20,19,EXPERIMENT_ONLY,false
2025-11-24,23:00,2025,local_only_reference,18,15.97253603752992,2.0274639624700797,18,16,EXPERIMENT_ONLY,false
2025-11-25,23:00,2025,local_only_reference,22,19.922485246176024,2.0775147538239764,22,20,EXPERIMENT_ONLY,false
2025-11-26,23:00,2025,local_only_reference,21,21.803046841438455,0.8030468414384551,21,22,EXPERIMENT_ONLY,false
2025-11-27,23:00,2025,local_only_reference,21,20.77572223655177,0.22427776344823158,21,21,EXPERIMENT_ONLY,true
2025-11-28,23:00,2025,local_only_reference,21,19.57330428687437,1.4266957131256284,21,20,EXPERIMENT_ONLY,false
2025-11-29,23:00,2025,local_only_reference,21,19.799641226022764,1.2003587739772357,21,20,EXPERIMENT_ONLY,false
2025-11-30,23:00,2025,local_only_reference,21,20.694275523070104,0.3057244769298961,21,21,EXPERIMENT_ONLY,true
2025-12-01,23:00,2025,local_only_reference,19,21.17482715366056,2.1748271536605586,19,21,EXPERIMENT_ONLY,false
2025-12-02,23:00,2025,local_only_reference,20,18.26073412366995,1.7392658763300517,20,18,EXPERIMENT_ONLY,false
2025-12-03,23:00,2025,local_only_reference,15,18.006988190657307,3.0069881906573066,15,18,EXPERIMENT_ONLY,false
2025-12-04,23:00,2025,local_only_reference,17,16.434592202520644,0.5654077974793559,17,16,EXPERIMENT_ONLY,false
2025-12-05,23:00,2025,local_only_reference,21,19.97789581335572,1.022104186644281,21,20,EXPERIMENT_ONLY,false
2025-12-06,23:00,2025,local_only_reference,22,21.339731009420415,0.6602689905795849,22,21,EXPERIMENT_ONLY,false
2025-12-07,23:00,2025,local_only_reference,21,21.119540550924796,0.11954055092479621,21,21,EXPERIMENT_ONLY,true
2025-12-08,23:00,2025,local_only_reference,22,20.6178889642017,1.3821110357982995,22,21,EXPERIMENT_ONLY,false
2025-12-09,23:00,2025,local_only_reference,23,23.14102938262962,0.14102938262961828,23,23,EXPERIMENT_ONLY,true
2025-12-10,23:00,2025,local_only_reference,23,23.144378271979686,0.14437827197968645,23,23,EXPERIMENT_ONLY,true
2025-12-11,23:00,2025,local_only_reference,19,20.672848591118353,1.6728485911183526,19,21,EXPERIMENT_ONLY,false
2025-12-12,23:00,2025,local_only_reference,18,18.837460547598138,0.8374605475981376,18,19,EXPERIMENT_ONLY,false
2025-12-13,23:00,2025,local_only_reference,18,19.256800009771798,1.2568000097717977,18,19,EXPERIMENT_ONLY,false
2025-12-14,23:00,2025,local_only_reference,23,21.79054543904702,1.209454560952981,23,22,EXPERIMENT_ONLY,false
2025-12-15,23:00,2025,local_only_reference,21,22.115035040524834,1.115035040524834,21,22,EXPERIMENT_ONLY,false
2025-12-16,23:00,2025,local_only_reference,20,19.77358047094519,0.22641952905480878,20,20,EXPERIMENT_ONLY,true
2025-12-17,23:00,2025,local_only_reference,16,16.80980864651079,0.8098086465107883,16,17,EXPERIMENT_ONLY,false
2025-12-18,23:00,2025,local_only_reference,19,18.102394097650734,0.897605902349266,19,18,EXPERIMENT_ONLY,false
2025-12-19,23:00,2025,local_only_reference,20,20.616774419215403,0.6167744192154032,20,21,EXPERIMENT_ONLY,false
2025-12-20,23:00,2025,local_only_reference,19,16.981490736597813,2.018509263402187,19,17,EXPERIMENT_ONLY,false
2025-12-21,23:00,2025,local_only_reference,16,17.25623211565871,1.2562321156587117,16,17,EXPERIMENT_ONLY,false
2025-12-22,23:00,2025,local_only_reference,20,19.39318680326908,0.6068131967309185,20,19,EXPERIMENT_ONLY,false
2025-12-23,23:00,2025,local_only_reference,23,20.624337160244185,2.3756628397558153,23,21,EXPERIMENT_ONLY,false
2025-12-24,23:00,2025,local_only_reference,22,22.789433265237108,0.7894332652371077,22,23,EXPERIMENT_ONLY,false
2025-12-25,23:00,2025,local_only_reference,20,22.07334086518094,2.0733408651809384,20,22,EXPERIMENT_ONLY,false
2025-12-26,23:00,2025,local_only_reference,19,19.632346891378724,0.6323468913787238,19,20,EXPERIMENT_ONLY,false
2025-12-27,23:00,2025,local_only_reference,20,20.185530360755617,0.18553036075561735,20,20,EXPERIMENT_ONLY,true
2025-12-28,23:00,2025,local_only_reference,19,20.16767413295539,1.1676741329553906,19,20,EXPERIMENT_ONLY,false
2025-12-29,23:00,2025,local_only_reference,19,20.361223066609913,1.361223066609913,19,20,EXPERIMENT_ONLY,false
2025-12-30,23:00,2025,local_only_reference,17,17.91879299835799,0.9187929983579899,17,18,EXPERIMENT_ONLY,false
2025-12-31,23:00,2025,local_only_reference,16,17.800428469571266,1.8004284695712656,16,18,EXPERIMENT_ONLY,false
2025-01-01,23:00,2025,open_meteo_augmented,15,15.225584158202453,0.22558415820245337,15,15,EXPERIMENT_ONLY,true
2025-01-02,23:00,2025,open_meteo_augmented,19,18.9644048549894,0.035595145010599794,19,19,EXPERIMENT_ONLY,true
2025-01-03,23:00,2025,open_meteo_augmented,21,20.296210532627782,0.7037894673722178,21,20,EXPERIMENT_ONLY,false
2025-01-04,23:00,2025,open_meteo_augmented,17,16.67951399130192,0.3204860086980794,17,17,EXPERIMENT_ONLY,true
2025-01-05,23:00,2025,open_meteo_augmented,14,15.635626795202674,1.6356267952026737,14,16,EXPERIMENT_ONLY,false
2025-01-06,23:00,2025,open_meteo_augmented,15,15.229755460825482,0.2297554608254817,15,15,EXPERIMENT_ONLY,true
2025-01-07,23:00,2025,open_meteo_augmented,21,19.36842597782973,1.6315740221702697,21,19,EXPERIMENT_ONLY,false
2025-01-08,23:00,2025,open_meteo_augmented,17,16.388140573948988,0.6118594260510122,17,16,EXPERIMENT_ONLY,false
2025-01-09,23:00,2025,open_meteo_augmented,18,18.20704552518808,0.20704552518807873,18,18,EXPERIMENT_ONLY,true
2025-01-10,23:00,2025,open_meteo_augmented,17,18.112010103462794,1.1120101034627936,17,18,EXPERIMENT_ONLY,false
2025-01-11,23:00,2025,open_meteo_augmented,18,17.45667756303345,0.5433224369665517,18,17,EXPERIMENT_ONLY,false
2025-01-12,23:00,2025,open_meteo_augmented,16,16.239891290225923,0.23989129022592337,16,16,EXPERIMENT_ONLY,true
2025-01-13,23:00,2025,open_meteo_augmented,17,16.857783340967373,0.14221665903262704,17,17,EXPERIMENT_ONLY,true
2025-01-14,23:00,2025,open_meteo_augmented,17,17.659802203873994,0.6598022038739941,17,18,EXPERIMENT_ONLY,false
2025-01-15,23:00,2025,open_meteo_augmented,17,16.660218104436506,0.3397818955634939,17,17,EXPERIMENT_ONLY,true
2025-01-16,23:00,2025,open_meteo_augmented,17,18.428003890753452,1.4280038907534518,17,18,EXPERIMENT_ONLY,false
2025-01-17,23:00,2025,open_meteo_augmented,20,20.607367839263496,0.607367839263496,20,21,EXPERIMENT_ONLY,false
2025-01-18,23:00,2025,open_meteo_augmented,19,21.129200732289494,2.129200732289494,19,21,EXPERIMENT_ONLY,false
2025-01-19,23:00,2025,open_meteo_augmented,19,19.482300939276637,0.4823009392766373,19,19,EXPERIMENT_ONLY,true
2025-01-20,23:00,2025,open_meteo_augmented,18,18.84710506311548,0.8471050631154817,18,19,EXPERIMENT_ONLY,false
2025-01-21,23:00,2025,open_meteo_augmented,21,22.0433579605805,1.0433579605805008,21,22,EXPERIMENT_ONLY,false
2025-01-22,23:00,2025,open_meteo_augmented,23,22.2889194538414,0.7110805461585983,23,22,EXPERIMENT_ONLY,false
2025-01-23,23:00,2025,open_meteo_augmented,24,23.53123526110074,0.4687647388992602,24,24,EXPERIMENT_ONLY,true
2025-01-24,23:00,2025,open_meteo_augmented,19,20.774092160158382,1.7740921601583821,19,21,EXPERIMENT_ONLY,false
2025-01-25,23:00,2025,open_meteo_augmented,26,22.772152264554673,3.2278477354453265,26,23,EXPERIMENT_ONLY,false
2025-01-26,23:00,2025,open_meteo_augmented,25,23.63935256233874,1.3606474376612603,25,24,EXPERIMENT_ONLY,false
2025-01-27,23:00,2025,open_meteo_augmented,17,18.608856682867437,1.6088566828674367,17,19,EXPERIMENT_ONLY,false
2025-01-28,23:00,2025,open_meteo_augmented,21,19.930724820663272,1.0692751793367279,21,20,EXPERIMENT_ONLY,false
2025-01-29,23:00,2025,open_meteo_augmented,20,21.22874855632034,1.2287485563203404,20,21,EXPERIMENT_ONLY,false
2025-01-30,23:00,2025,open_meteo_augmented,19,19.86723832893337,0.8672383289333716,19,20,EXPERIMENT_ONLY,false
2025-01-31,23:00,2025,open_meteo_augmented,22,21.73991456312827,0.26008543687173,22,22,EXPERIMENT_ONLY,true
2025-02-01,23:00,2025,open_meteo_augmented,22,22.06096031636865,0.06096031636865007,22,22,EXPERIMENT_ONLY,true
2025-02-02,23:00,2025,open_meteo_augmented,19,20.24954512943307,1.24954512943307,19,20,EXPERIMENT_ONLY,false
2025-02-03,23:00,2025,open_meteo_augmented,23,21.856560713314085,1.1434392866859149,23,22,EXPERIMENT_ONLY,false
2025-02-04,23:00,2025,open_meteo_augmented,20,21.251957754283904,1.2519577542839038,20,21,EXPERIMENT_ONLY,false
2025-02-05,23:00,2025,open_meteo_augmented,19,21.509000125445468,2.5090001254454677,19,22,EXPERIMENT_ONLY,false
2025-02-06,23:00,2025,open_meteo_augmented,21,21.908876671116907,0.9088766711169072,21,22,EXPERIMENT_ONLY,false
2025-02-07,23:00,2025,open_meteo_augmented,19,20.029764650824827,1.029764650824827,19,20,EXPERIMENT_ONLY,false
2025-02-08,23:00,2025,open_meteo_augmented,25,23.341450245803543,1.6585497541964571,25,23,EXPERIMENT_ONLY,false
2025-02-09,23:00,2025,open_meteo_augmented,24,24.061922305068094,0.061922305068094374,24,24,EXPERIMENT_ONLY,true
2025-02-10,23:00,2025,open_meteo_augmented,19,21.212524976440573,2.212524976440573,19,21,EXPERIMENT_ONLY,false
2025-02-11,23:00,2025,open_meteo_augmented,19,19.052884677233905,0.05288467723390511,19,19,EXPERIMENT_ONLY,true
2025-02-12,23:00,2025,open_meteo_augmented,20,20.284569417656297,0.2845694176562965,20,20,EXPERIMENT_ONLY,true
2025-02-13,23:00,2025,open_meteo_augmented,20,22.725310916554033,2.725310916554033,20,23,EXPERIMENT_ONLY,false
2025-02-14,23:00,2025,open_meteo_augmented,22,23.425864169976236,1.4258641699762364,22,23,EXPERIMENT_ONLY,false
2025-02-15,23:00,2025,open_meteo_augmented,25,23.77854816216518,1.2214518378348203,25,24,EXPERIMENT_ONLY,false
2025-02-16,23:00,2025,open_meteo_augmented,24,23.748954109797623,0.2510458902023771,24,24,EXPERIMENT_ONLY,true
2025-02-17,23:00,2025,open_meteo_augmented,24,25.216118738116464,1.2161187381164638,24,25,EXPERIMENT_ONLY,false
2025-02-18,23:00,2025,open_meteo_augmented,23,22.526731893465122,0.47326810653487783,23,23,EXPERIMENT_ONLY,true
2025-02-19,23:00,2025,open_meteo_augmented,23,22.23313467688584,0.7668653231141604,23,22,EXPERIMENT_ONLY,false
2025-02-20,23:00,2025,open_meteo_augmented,24,23.56521525302144,0.4347847469785613,24,24,EXPERIMENT_ONLY,true
2025-02-21,23:00,2025,open_meteo_augmented,22,24.01373155491759,2.013731554917591,22,24,EXPERIMENT_ONLY,false
2025-02-22,23:00,2025,open_meteo_augmented,24,21.996016104827522,2.003983895172478,24,22,EXPERIMENT_ONLY,false
2025-02-23,23:00,2025,open_meteo_augmented,21,21.624805810323675,0.6248058103236751,21,22,EXPERIMENT_ONLY,false
2025-02-24,23:00,2025,open_meteo_augmented,23,22.445604630716765,0.5543953692832346,23,22,EXPERIMENT_ONLY,false
2025-02-25,23:00,2025,open_meteo_augmented,23,23.17944409255552,0.17944409255552074,23,23,EXPERIMENT_ONLY,true
2025-02-26,23:00,2025,open_meteo_augmented,19,22.076762496641916,3.0767624966419156,19,22,EXPERIMENT_ONLY,false
2025-02-27,23:00,2025,open_meteo_augmented,21,21.908765156131626,0.9087651561316257,21,22,EXPERIMENT_ONLY,false
2025-02-28,23:00,2025,open_meteo_augmented,21,24.125042523887288,3.125042523887288,21,24,EXPERIMENT_ONLY,false
2025-03-01,23:00,2025,open_meteo_augmented,24,22.31556656664138,1.6844334333586204,24,22,EXPERIMENT_ONLY,false
2025-03-02,23:00,2025,open_meteo_augmented,26,23.98596282563713,2.014037174362869,26,24,EXPERIMENT_ONLY,false
2025-03-03,23:00,2025,open_meteo_augmented,25,25.026937130119315,0.026937130119314645,25,25,EXPERIMENT_ONLY,true
2025-03-04,23:00,2025,open_meteo_augmented,21,20.369805269782983,0.630194730217017,21,20,EXPERIMENT_ONLY,false
2025-03-05,23:00,2025,open_meteo_augmented,16,16.3779040240126,0.3779040240126008,16,16,EXPERIMENT_ONLY,true
2025-03-06,23:00,2025,open_meteo_augmented,17,16.007961882138986,0.9920381178610143,17,16,EXPERIMENT_ONLY,false
2025-03-07,23:00,2025,open_meteo_augmented,20,18.309271887731946,1.6907281122680544,20,18,EXPERIMENT_ONLY,false
2025-03-08,23:00,2025,open_meteo_augmented,17,19.177902776749068,2.177902776749068,17,19,EXPERIMENT_ONLY,false
2025-03-09,23:00,2025,open_meteo_augmented,19,19.23247398527006,0.2324739852700617,19,19,EXPERIMENT_ONLY,true
2025-03-10,23:00,2025,open_meteo_augmented,22,20.040402799391973,1.9595972006080267,22,20,EXPERIMENT_ONLY,false
2025-03-11,23:00,2025,open_meteo_augmented,22,21.411398691650074,0.5886013083499257,22,21,EXPERIMENT_ONLY,false
2025-03-12,23:00,2025,open_meteo_augmented,18,18.61990770586054,0.6199077058605411,18,19,EXPERIMENT_ONLY,false
2025-03-13,23:00,2025,open_meteo_augmented,17,16.594495964749363,0.4055040352506367,17,17,EXPERIMENT_ONLY,true
2025-03-14,23:00,2025,open_meteo_augmented,21,20.549660354357034,0.45033964564296625,21,21,EXPERIMENT_ONLY,true
2025-03-15,23:00,2025,open_meteo_augmented,22,21.72349573171138,0.27650426828861896,22,22,EXPERIMENT_ONLY,true
2025-03-16,23:00,2025,open_meteo_augmented,23,21.47427975657,1.5257202434300012,23,21,EXPERIMENT_ONLY,false
2025-03-17,23:00,2025,open_meteo_augmented,22,22.335187125424586,0.33518712542458573,22,22,EXPERIMENT_ONLY,true
2025-03-18,23:00,2025,open_meteo_augmented,22,22.404902019797657,0.4049020197976567,22,22,EXPERIMENT_ONLY,true
2025-03-19,23:00,2025,open_meteo_augmented,16,16.66662140065865,0.6666214006586486,16,17,EXPERIMENT_ONLY,false
2025-03-20,23:00,2025,open_meteo_augmented,16,16.578985339707888,0.5789853397078879,16,17,EXPERIMENT_ONLY,false
2025-03-21,23:00,2025,open_meteo_augmented,18,19.889924953215854,1.8899249532158535,18,20,EXPERIMENT_ONLY,false
2025-03-22,23:00,2025,open_meteo_augmented,21,20.092725912805687,0.9072740871943132,21,20,EXPERIMENT_ONLY,false
2025-03-23,23:00,2025,open_meteo_augmented,22,21.796986031053205,0.20301396894679513,22,22,EXPERIMENT_ONLY,true
2025-03-24,23:00,2025,open_meteo_augmented,19,19.1702245065314,0.17022450653140098,19,19,EXPERIMENT_ONLY,true
2025-03-25,23:00,2025,open_meteo_augmented,20,20.34551871353569,0.3455187135356894,20,20,EXPERIMENT_ONLY,true
2025-03-26,23:00,2025,open_meteo_augmented,18,21.144219017354,3.1442190173540006,18,21,EXPERIMENT_ONLY,false
2025-03-27,23:00,2025,open_meteo_augmented,22,20.625319092756335,1.3746809072436648,22,21,EXPERIMENT_ONLY,false
2025-03-28,23:00,2025,open_meteo_augmented,18,18.512507426610345,0.5125074266103447,18,19,EXPERIMENT_ONLY,false
2025-03-29,23:00,2025,open_meteo_augmented,19,21.34275773052627,2.3427577305262695,19,21,EXPERIMENT_ONLY,false
2025-03-30,23:00,2025,open_meteo_augmented,21,20.373018212746665,0.6269817872533352,21,20,EXPERIMENT_ONLY,false
2025-03-31,23:00,2025,open_meteo_augmented,18,19.9155896006343,1.9155896006342985,18,20,EXPERIMENT_ONLY,false
2025-04-01,23:00,2025,open_meteo_augmented,19,19.81495361706445,0.8149536170644502,19,20,EXPERIMENT_ONLY,false
2025-04-02,23:00,2025,open_meteo_augmented,19,19.706663565649094,0.7066635656490945,19,20,EXPERIMENT_ONLY,false
2025-04-03,23:00,2025,open_meteo_augmented,21,20.561006803370535,0.4389931966294647,21,21,EXPERIMENT_ONLY,true
2025-04-04,23:00,2025,open_meteo_augmented,20,19.721825537464927,0.2781744625350733,20,20,EXPERIMENT_ONLY,true
2025-04-05,23:00,2025,open_meteo_augmented,18,19.283354471586865,1.2833544715868648,18,19,EXPERIMENT_ONLY,false
2025-04-06,23:00,2025,open_meteo_augmented,20,18.53151626205322,1.46848373794678,20,19,EXPERIMENT_ONLY,false
2025-04-07,23:00,2025,open_meteo_augmented,20,20.399429657208824,0.39942965720882384,20,20,EXPERIMENT_ONLY,true
2025-04-08,23:00,2025,open_meteo_augmented,19,18.76597580198866,0.23402419801134045,19,19,EXPERIMENT_ONLY,true
2025-04-09,23:00,2025,open_meteo_augmented,17,16.559288844746682,0.44071115525331805,17,17,EXPERIMENT_ONLY,true
2025-04-10,23:00,2025,open_meteo_augmented,20,19.547678918480816,0.4523210815191838,20,20,EXPERIMENT_ONLY,true
2025-04-11,23:00,2025,open_meteo_augmented,19,19.705679036484153,0.7056790364841525,19,20,EXPERIMENT_ONLY,false
2025-04-12,23:00,2025,open_meteo_augmented,20,20.985226011278762,0.9852260112787619,20,21,EXPERIMENT_ONLY,false
2025-04-13,23:00,2025,open_meteo_augmented,18,21.09329836413267,3.0932983641326715,18,21,EXPERIMENT_ONLY,false
2025-04-14,23:00,2025,open_meteo_augmented,20,19.572077302744763,0.42792269725523724,20,20,EXPERIMENT_ONLY,true
2025-04-15,23:00,2025,open_meteo_augmented,16,16.35574637944737,0.3557463794473712,16,16,EXPERIMENT_ONLY,true
2025-04-16,23:00,2025,open_meteo_augmented,16,16.481020206138563,0.4810202061385631,16,16,EXPERIMENT_ONLY,true
2025-04-17,23:00,2025,open_meteo_augmented,19,18.153073831609444,0.8469261683905565,19,18,EXPERIMENT_ONLY,false
2025-04-18,23:00,2025,open_meteo_augmented,20,21.24652203727248,1.2465220372724808,20,21,EXPERIMENT_ONLY,false
2025-04-19,23:00,2025,open_meteo_augmented,25,23.397523079801104,1.602476920198896,25,23,EXPERIMENT_ONLY,false
2025-04-20,23:00,2025,open_meteo_augmented,21,23.35219595219971,2.352195952199711,21,23,EXPERIMENT_ONLY,false
2025-04-21,23:00,2025,open_meteo_augmented,18,16.996358915801014,1.0036410841989856,18,17,EXPERIMENT_ONLY,false
2025-04-22,23:00,2025,open_meteo_augmented,16,16.954561159926605,0.9545611599266053,16,17,EXPERIMENT_ONLY,false
2025-04-23,23:00,2025,open_meteo_augmented,15,13.32299892844233,1.6770010715576706,15,13,EXPERIMENT_ONLY,false
2025-04-24,23:00,2025,open_meteo_augmented,15,15.812203729405617,0.812203729405617,15,16,EXPERIMENT_ONLY,false
2025-04-25,23:00,2025,open_meteo_augmented,18,17.211379785350534,0.7886202146494661,18,17,EXPERIMENT_ONLY,false
2025-04-26,23:00,2025,open_meteo_augmented,19,18.513271440430437,0.4867285595695634,19,19,EXPERIMENT_ONLY,true
2025-04-27,23:00,2025,open_meteo_augmented,20,19.33169771747206,0.6683022825279394,20,19,EXPERIMENT_ONLY,false
2025-04-28,23:00,2025,open_meteo_augmented,20,20.248709442724582,0.24870944272458217,20,20,EXPERIMENT_ONLY,true
2025-04-29,23:00,2025,open_meteo_augmented,16,17.925267242411397,1.9252672424113975,16,18,EXPERIMENT_ONLY,false
2025-04-30,23:00,2025,open_meteo_augmented,16,15.417510362703636,0.5824896372963639,16,15,EXPERIMENT_ONLY,false
2025-05-01,23:00,2025,open_meteo_augmented,14,13.363326273378641,0.6366737266213587,14,13,EXPERIMENT_ONLY,false
2025-05-02,23:00,2025,open_meteo_augmented,13,12.0381039176033,0.9618960823967004,13,12,EXPERIMENT_ONLY,false
2025-05-03,23:00,2025,open_meteo_augmented,14,14.762719933046416,0.7627199330464158,14,15,EXPERIMENT_ONLY,false
2025-05-04,23:00,2025,open_meteo_augmented,14,13.17210809441644,0.8278919055835594,14,13,EXPERIMENT_ONLY,false
2025-05-05,23:00,2025,open_meteo_augmented,15,15.12652385803362,0.12652385803361987,15,15,EXPERIMENT_ONLY,true
2025-05-06,23:00,2025,open_meteo_augmented,15,15.850432918907458,0.8504329189074582,15,16,EXPERIMENT_ONLY,false
2025-05-07,23:00,2025,open_meteo_augmented,18,17.881986429015736,0.1180135709842638,18,18,EXPERIMENT_ONLY,true
2025-05-08,23:00,2025,open_meteo_augmented,18,18.019083410100368,0.01908341010036807,18,18,EXPERIMENT_ONLY,true
2025-05-09,23:00,2025,open_meteo_augmented,18,17.985665935129887,0.014334064870112684,18,18,EXPERIMENT_ONLY,true
2025-05-10,23:00,2025,open_meteo_augmented,16,15.397366075457676,0.6026339245423245,16,15,EXPERIMENT_ONLY,false
2025-05-11,23:00,2025,open_meteo_augmented,15,16.749246864379128,1.7492468643791277,15,17,EXPERIMENT_ONLY,false
2025-05-12,23:00,2025,open_meteo_augmented,17,16.93741175233159,0.06258824766840831,17,17,EXPERIMENT_ONLY,true
2025-05-13,23:00,2025,open_meteo_augmented,17,17.393008255345656,0.39300825534565575,17,17,EXPERIMENT_ONLY,true
2025-05-14,23:00,2025,open_meteo_augmented,15,15.866066994938096,0.8660669949380964,15,16,EXPERIMENT_ONLY,false
2025-05-15,23:00,2025,open_meteo_augmented,16,16.543529326270875,0.5435293262708747,16,17,EXPERIMENT_ONLY,false
2025-05-16,23:00,2025,open_meteo_augmented,19,18.05801424813838,0.941985751861619,19,18,EXPERIMENT_ONLY,false
2025-05-17,23:00,2025,open_meteo_augmented,18,18.054074507012675,0.054074507012675355,18,18,EXPERIMENT_ONLY,true
2025-05-18,23:00,2025,open_meteo_augmented,18,17.865936187371858,0.13406381262814193,18,18,EXPERIMENT_ONLY,true
2025-05-19,23:00,2025,open_meteo_augmented,12,13.709541728815672,1.7095417288156725,12,14,EXPERIMENT_ONLY,false
2025-05-20,23:00,2025,open_meteo_augmented,15,14.371632249803602,0.6283677501963982,15,14,EXPERIMENT_ONLY,false
2025-05-21,23:00,2025,open_meteo_augmented,15,15.422521090133158,0.42252109013315753,15,15,EXPERIMENT_ONLY,true
2025-05-22,23:00,2025,open_meteo_augmented,16,15.182087719239398,0.8179122807606021,16,15,EXPERIMENT_ONLY,false
2025-05-23,23:00,2025,open_meteo_augmented,15,15.650664945865584,0.650664945865584,15,16,EXPERIMENT_ONLY,false
2025-05-24,23:00,2025,open_meteo_augmented,16,16.227998511378495,0.22799851137849458,16,16,EXPERIMENT_ONLY,true
2025-05-25,23:00,2025,open_meteo_augmented,17,16.333363239668376,0.6666367603316239,17,16,EXPERIMENT_ONLY,false
2025-05-26,23:00,2025,open_meteo_augmented,17,16.491524896352285,0.5084751036477151,17,16,EXPERIMENT_ONLY,false
2025-05-27,23:00,2025,open_meteo_augmented,17,17.135117826324482,0.13511782632448188,17,17,EXPERIMENT_ONLY,true
2025-05-28,23:00,2025,open_meteo_augmented,17,17.199711103497545,0.1997111034975454,17,17,EXPERIMENT_ONLY,true
2025-05-29,23:00,2025,open_meteo_augmented,16,16.0098928788594,0.009892878859400156,16,16,EXPERIMENT_ONLY,true
2025-05-30,23:00,2025,open_meteo_augmented,18,17.433623937113204,0.5663760628867962,18,17,EXPERIMENT_ONLY,false
2025-05-31,23:00,2025,open_meteo_augmented,18,18.06220122418885,0.062201224188850546,18,18,EXPERIMENT_ONLY,true
2025-06-01,23:00,2025,open_meteo_augmented,15,14.863729149278656,0.1362708507213437,15,15,EXPERIMENT_ONLY,true
2025-06-02,23:00,2025,open_meteo_augmented,17,15.389184832505126,1.6108151674948736,17,15,EXPERIMENT_ONLY,false
2025-06-03,23:00,2025,open_meteo_augmented,16,16.83651017210977,0.8365101721097687,16,17,EXPERIMENT_ONLY,false
2025-06-04,23:00,2025,open_meteo_augmented,18,15.923245113387807,2.0767548866121928,18,16,EXPERIMENT_ONLY,false
2025-06-05,23:00,2025,open_meteo_augmented,18,15.10864916033548,2.8913508396645202,18,15,EXPERIMENT_ONLY,false
2025-06-06,23:00,2025,open_meteo_augmented,12,12.605101862887143,0.6051018628871425,12,13,EXPERIMENT_ONLY,false
2025-06-07,23:00,2025,open_meteo_augmented,11,9.451480745039959,1.5485192549600413,11,9,EXPERIMENT_ONLY,false
2025-06-08,23:00,2025,open_meteo_augmented,11,11.100941943979983,0.1009419439799828,11,11,EXPERIMENT_ONLY,true
2025-06-09,23:00,2025,open_meteo_augmented,11,10.136314640623729,0.8636853593762712,11,10,EXPERIMENT_ONLY,false
2025-06-10,23:00,2025,open_meteo_augmented,11,12.468131267842725,1.4681312678427254,11,12,EXPERIMENT_ONLY,false
2025-06-11,23:00,2025,open_meteo_augmented,16,14.9477343282294,1.0522656717706003,16,15,EXPERIMENT_ONLY,false
2025-06-12,23:00,2025,open_meteo_augmented,15,14.505958682432947,0.49404131756705283,15,15,EXPERIMENT_ONLY,true
2025-06-13,23:00,2025,open_meteo_augmented,13,12.373893628906439,0.6261063710935613,13,12,EXPERIMENT_ONLY,false
2025-06-14,23:00,2025,open_meteo_augmented,11,11.9202994983834,0.9202994983834003,11,12,EXPERIMENT_ONLY,false
2025-06-15,23:00,2025,open_meteo_augmented,12,12.063082942403252,0.06308294240325196,12,12,EXPERIMENT_ONLY,true
2025-06-16,23:00,2025,open_meteo_augmented,12,11.601965520791051,0.39803447920894897,12,12,EXPERIMENT_ONLY,true
2025-06-17,23:00,2025,open_meteo_augmented,12,11.889883096904095,0.11011690309590527,12,12,EXPERIMENT_ONLY,true
2025-06-18,23:00,2025,open_meteo_augmented,13,13.109201658789024,0.10920165878902388,13,13,EXPERIMENT_ONLY,true
2025-06-19,23:00,2025,open_meteo_augmented,15,14.195341650990898,0.8046583490091024,15,14,EXPERIMENT_ONLY,false
2025-06-20,23:00,2025,open_meteo_augmented,15,15.580942173876917,0.5809421738769167,15,16,EXPERIMENT_ONLY,false
2025-06-21,23:00,2025,open_meteo_augmented,12,11.982367001582276,0.017632998417724366,12,12,EXPERIMENT_ONLY,true
2025-06-22,23:00,2025,open_meteo_augmented,13,11.407283680259672,1.5927163197403278,13,11,EXPERIMENT_ONLY,false
2025-06-23,23:00,2025,open_meteo_augmented,13,12.40762539650999,0.5923746034900095,13,12,EXPERIMENT_ONLY,false
2025-06-24,23:00,2025,open_meteo_augmented,14,14.921821931335748,0.9218219313357476,14,15,EXPERIMENT_ONLY,false
2025-06-25,23:00,2025,open_meteo_augmented,15,14.564254576070978,0.4357454239290224,15,15,EXPERIMENT_ONLY,true
2025-06-26,23:00,2025,open_meteo_augmented,17,16.7062589013958,0.29374109860420106,17,17,EXPERIMENT_ONLY,true
2025-06-27,23:00,2025,open_meteo_augmented,17,16.848428829488107,0.15157117051189317,17,17,EXPERIMENT_ONLY,true
2025-06-28,23:00,2025,open_meteo_augmented,13,15.455374597443736,2.455374597443736,13,15,EXPERIMENT_ONLY,false
2025-06-29,23:00,2025,open_meteo_augmented,13,13.076855368468696,0.07685536846869567,13,13,EXPERIMENT_ONLY,true
2025-06-30,23:00,2025,open_meteo_augmented,16,14.144010020368418,1.8559899796315822,16,14,EXPERIMENT_ONLY,false
2025-07-01,23:00,2025,open_meteo_augmented,12,13.477707489674636,1.4777074896746356,12,13,EXPERIMENT_ONLY,false
2025-07-02,23:00,2025,open_meteo_augmented,13,13.293605804702972,0.29360580470297215,13,13,EXPERIMENT_ONLY,true
2025-07-03,23:00,2025,open_meteo_augmented,12,13.096040542887074,1.0960405428870743,12,13,EXPERIMENT_ONLY,false
2025-07-04,23:00,2025,open_meteo_augmented,13,14.818699538699954,1.8186995386999545,13,15,EXPERIMENT_ONLY,false
2025-07-05,23:00,2025,open_meteo_augmented,12,12.107360750560549,0.10736075056054872,12,12,EXPERIMENT_ONLY,true
2025-07-06,23:00,2025,open_meteo_augmented,10,10.911369231331049,0.9113692313310491,10,11,EXPERIMENT_ONLY,false
2025-07-07,23:00,2025,open_meteo_augmented,10,10.398702818776156,0.3987028187761563,10,10,EXPERIMENT_ONLY,true
2025-07-08,23:00,2025,open_meteo_augmented,13,12.216829742941252,0.7831702570587478,13,12,EXPERIMENT_ONLY,false
2025-07-09,23:00,2025,open_meteo_augmented,12,12.973083798789283,0.9730837987892826,12,13,EXPERIMENT_ONLY,false
2025-07-10,23:00,2025,open_meteo_augmented,16,14.261360335389242,1.7386396646107585,16,14,EXPERIMENT_ONLY,false
2025-07-11,23:00,2025,open_meteo_augmented,16,15.44857087344313,0.5514291265568705,16,15,EXPERIMENT_ONLY,false
2025-07-12,23:00,2025,open_meteo_augmented,15,14.467573015258552,0.5324269847414485,15,14,EXPERIMENT_ONLY,false
2025-07-13,23:00,2025,open_meteo_augmented,15,13.769892715047032,1.2301072849529682,15,14,EXPERIMENT_ONLY,false
2025-07-14,23:00,2025,open_meteo_augmented,14,13.883961560741827,0.11603843925817259,14,14,EXPERIMENT_ONLY,true
2025-07-15,23:00,2025,open_meteo_augmented,15,14.80178422827562,0.19821577172437976,15,15,EXPERIMENT_ONLY,true
2025-07-16,23:00,2025,open_meteo_augmented,14,12.853112063686165,1.146887936313835,14,13,EXPERIMENT_ONLY,false
2025-07-17,23:00,2025,open_meteo_augmented,13,13.58951126019627,0.5895112601962698,13,14,EXPERIMENT_ONLY,false
2025-07-18,23:00,2025,open_meteo_augmented,12,12.527495693596691,0.5274956935966912,12,13,EXPERIMENT_ONLY,false
2025-07-19,23:00,2025,open_meteo_augmented,13,12.117143468918352,0.8828565310816483,13,12,EXPERIMENT_ONLY,false
2025-07-20,23:00,2025,open_meteo_augmented,12,12.266848252365337,0.26684825236533705,12,12,EXPERIMENT_ONLY,true
2025-07-21,23:00,2025,open_meteo_augmented,12,11.517736027550347,0.4822639724496529,12,12,EXPERIMENT_ONLY,true
2025-07-22,23:00,2025,open_meteo_augmented,12,11.602294272049475,0.39770572795052495,12,12,EXPERIMENT_ONLY,true
2025-07-23,23:00,2025,open_meteo_augmented,12,13.115569798901262,1.1155697989012623,12,13,EXPERIMENT_ONLY,false
2025-07-24,23:00,2025,open_meteo_augmented,14,13.048147962788825,0.9518520372111752,14,13,EXPERIMENT_ONLY,false
2025-07-25,23:00,2025,open_meteo_augmented,14,13.30293553674577,0.6970644632542307,14,13,EXPERIMENT_ONLY,false
2025-07-26,23:00,2025,open_meteo_augmented,15,13.152289926095222,1.8477100739047785,15,13,EXPERIMENT_ONLY,false
2025-07-27,23:00,2025,open_meteo_augmented,15,14.135581894174015,0.864418105825985,15,14,EXPERIMENT_ONLY,false
2025-07-28,23:00,2025,open_meteo_augmented,14,14.879543005142736,0.879543005142736,14,15,EXPERIMENT_ONLY,false
2025-07-29,23:00,2025,open_meteo_augmented,16,15.723812618001169,0.27618738199883097,16,16,EXPERIMENT_ONLY,true
2025-07-30,23:00,2025,open_meteo_augmented,15,14.490310163244095,0.5096898367559053,15,14,EXPERIMENT_ONLY,false
2025-07-31,23:00,2025,open_meteo_augmented,12,11.745409247539264,0.2545907524607358,12,12,EXPERIMENT_ONLY,true
2025-08-01,23:00,2025,open_meteo_augmented,11,10.071275405072733,0.9287245949272673,11,10,EXPERIMENT_ONLY,false
2025-08-02,23:00,2025,open_meteo_augmented,14,12.775528631536151,1.224471368463849,14,13,EXPERIMENT_ONLY,false
2025-08-03,23:00,2025,open_meteo_augmented,11,10.86692054361375,0.13307945638625007,11,11,EXPERIMENT_ONLY,true
2025-08-04,23:00,2025,open_meteo_augmented,11,12.024388698923909,1.024388698923909,11,12,EXPERIMENT_ONLY,false
2025-08-05,23:00,2025,open_meteo_augmented,15,11.824051873247019,3.1759481267529814,15,12,EXPERIMENT_ONLY,false
2025-08-06,23:00,2025,open_meteo_augmented,13,13.775200892660868,0.7752008926608678,13,14,EXPERIMENT_ONLY,false
2025-08-07,23:00,2025,open_meteo_augmented,15,13.775333272368414,1.2246667276315861,15,14,EXPERIMENT_ONLY,false
2025-08-08,23:00,2025,open_meteo_augmented,14,13.426406720472018,0.5735932795279819,14,13,EXPERIMENT_ONLY,false
2025-08-09,23:00,2025,open_meteo_augmented,9,9.04673438562194,0.04673438562194043,9,9,EXPERIMENT_ONLY,true
2025-08-10,23:00,2025,open_meteo_augmented,9,8.180546246643745,0.8194537533562549,9,8,EXPERIMENT_ONLY,false
2025-08-11,23:00,2025,open_meteo_augmented,10,9.37252484504734,0.6274751549526592,10,9,EXPERIMENT_ONLY,false
2025-08-12,23:00,2025,open_meteo_augmented,11,10.223155727710342,0.776844272289658,11,10,EXPERIMENT_ONLY,false
2025-08-13,23:00,2025,open_meteo_augmented,11,11.331595552063888,0.331595552063888,11,11,EXPERIMENT_ONLY,true
2025-08-14,23:00,2025,open_meteo_augmented,12,11.822553706209238,0.17744629379076216,12,12,EXPERIMENT_ONLY,true
2025-08-15,23:00,2025,open_meteo_augmented,15,13.672361176587504,1.3276388234124958,15,14,EXPERIMENT_ONLY,false
2025-08-16,23:00,2025,open_meteo_augmented,13,14.427368582441916,1.4273685824419164,13,14,EXPERIMENT_ONLY,false
2025-08-17,23:00,2025,open_meteo_augmented,14,13.168314511738462,0.8316854882615381,14,13,EXPERIMENT_ONLY,false
2025-08-18,23:00,2025,open_meteo_augmented,14,15.169035923182683,1.1690359231826832,14,15,EXPERIMENT_ONLY,false
2025-08-19,23:00,2025,open_meteo_augmented,12,10.357866045750283,1.6421339542497169,12,10,EXPERIMENT_ONLY,false
2025-08-20,23:00,2025,open_meteo_augmented,11,10.993524898968728,0.006475101031272246,11,11,EXPERIMENT_ONLY,true
2025-08-21,23:00,2025,open_meteo_augmented,11,10.205636062012553,0.7943639379874465,11,10,EXPERIMENT_ONLY,false
2025-08-22,23:00,2025,open_meteo_augmented,12,11.614472187065555,0.3855278129344448,12,12,EXPERIMENT_ONLY,true
2025-08-23,23:00,2025,open_meteo_augmented,12,12.805682711598,0.8056827115979992,12,13,EXPERIMENT_ONLY,false
2025-08-24,23:00,2025,open_meteo_augmented,15,12.971266741233253,2.0287332587667475,15,13,EXPERIMENT_ONLY,false
2025-08-25,23:00,2025,open_meteo_augmented,13,14.26506808149767,1.2650680814976702,13,14,EXPERIMENT_ONLY,false
2025-08-26,23:00,2025,open_meteo_augmented,14,14.67990749278152,0.6799074927815205,14,15,EXPERIMENT_ONLY,false
2025-08-27,23:00,2025,open_meteo_augmented,16,15.259476470156295,0.7405235298437045,16,15,EXPERIMENT_ONLY,false
2025-08-28,23:00,2025,open_meteo_augmented,15,13.786414096581499,1.213585903418501,15,14,EXPERIMENT_ONLY,false
2025-08-29,23:00,2025,open_meteo_augmented,16,15.58013709283763,0.4198629071623703,16,16,EXPERIMENT_ONLY,true
2025-08-30,23:00,2025,open_meteo_augmented,16,15.595119523606142,0.40488047639385805,16,16,EXPERIMENT_ONLY,true
2025-08-31,23:00,2025,open_meteo_augmented,14,13.220237166210786,0.7797628337892135,14,13,EXPERIMENT_ONLY,false
2025-09-01,23:00,2025,open_meteo_augmented,16,16.094917442206135,0.0949174422061354,16,16,EXPERIMENT_ONLY,true
2025-09-02,23:00,2025,open_meteo_augmented,16,16.040014358818283,0.04001435881828286,16,16,EXPERIMENT_ONLY,true
2025-09-03,23:00,2025,open_meteo_augmented,14,13.582091082273259,0.41790891772674144,14,14,EXPERIMENT_ONLY,true
2025-09-04,23:00,2025,open_meteo_augmented,16,15.571009734730247,0.4289902652697535,16,16,EXPERIMENT_ONLY,true
2025-09-05,23:00,2025,open_meteo_augmented,16,15.42918766583284,0.5708123341671598,16,15,EXPERIMENT_ONLY,false
2025-09-06,23:00,2025,open_meteo_augmented,13,14.546290728230424,1.5462907282304243,13,15,EXPERIMENT_ONLY,false
2025-09-07,23:00,2025,open_meteo_augmented,14,13.011344681526088,0.9886553184739117,14,13,EXPERIMENT_ONLY,false
2025-09-08,23:00,2025,open_meteo_augmented,13,13.193956588654759,0.19395658865475873,13,13,EXPERIMENT_ONLY,true
2025-09-09,23:00,2025,open_meteo_augmented,14,13.63866047041239,0.3613395295876103,14,14,EXPERIMENT_ONLY,true
2025-09-10,23:00,2025,open_meteo_augmented,16,15.191697754627503,0.8083022453724968,16,15,EXPERIMENT_ONLY,false
2025-09-11,23:00,2025,open_meteo_augmented,14,15.026580498636916,1.0265804986369158,14,15,EXPERIMENT_ONLY,false
2025-09-12,23:00,2025,open_meteo_augmented,13,13.601323761256266,0.6013237612562659,13,14,EXPERIMENT_ONLY,false
2025-09-13,23:00,2025,open_meteo_augmented,17,15.560328803917114,1.4396711960828856,17,16,EXPERIMENT_ONLY,false
2025-09-14,23:00,2025,open_meteo_augmented,13,13.536650600180144,0.5366506001801437,13,14,EXPERIMENT_ONLY,false
2025-09-15,23:00,2025,open_meteo_augmented,17,16.46543372937315,0.5345662706268506,17,16,EXPERIMENT_ONLY,false
2025-09-16,23:00,2025,open_meteo_augmented,20,20.032905487455196,0.032905487455195725,20,20,EXPERIMENT_ONLY,true
2025-09-17,23:00,2025,open_meteo_augmented,16,16.950718024791698,0.9507180247916978,16,17,EXPERIMENT_ONLY,false
2025-09-18,23:00,2025,open_meteo_augmented,17,17.277432888898858,0.27743288889885775,17,17,EXPERIMENT_ONLY,true
2025-09-19,23:00,2025,open_meteo_augmented,11,11.633216499178728,0.6332164991787277,11,12,EXPERIMENT_ONLY,false
2025-09-20,23:00,2025,open_meteo_augmented,14,15.291396566315536,1.2913965663155356,14,15,EXPERIMENT_ONLY,false
2025-09-21,23:00,2025,open_meteo_augmented,16,16.118052676099243,0.11805267609924286,16,16,EXPERIMENT_ONLY,true
2025-09-22,23:00,2025,open_meteo_augmented,15,15.722028774895998,0.7220287748959979,15,16,EXPERIMENT_ONLY,false
2025-09-23,23:00,2025,open_meteo_augmented,15,15.509377294106605,0.5093772941066046,15,16,EXPERIMENT_ONLY,false
2025-09-24,23:00,2025,open_meteo_augmented,15,16.439614658255767,1.439614658255767,15,16,EXPERIMENT_ONLY,false
2025-09-25,23:00,2025,open_meteo_augmented,16,16.192503515019695,0.19250351501969476,16,16,EXPERIMENT_ONLY,true
2025-09-26,23:00,2025,open_meteo_augmented,15,15.370929798686488,0.3709297986864879,15,15,EXPERIMENT_ONLY,true
2025-09-27,23:00,2025,open_meteo_augmented,16,14.998418383009048,1.0015816169909524,16,15,EXPERIMENT_ONLY,false
2025-09-28,23:00,2025,open_meteo_augmented,18,17.249189866071436,0.7508101339285638,18,17,EXPERIMENT_ONLY,false
2025-09-29,23:00,2025,open_meteo_augmented,19,17.93748469771209,1.0625153022879097,19,18,EXPERIMENT_ONLY,false
2025-09-30,23:00,2025,open_meteo_augmented,15,15.847765378684356,0.8477653786843558,15,16,EXPERIMENT_ONLY,false
2025-10-01,23:00,2025,open_meteo_augmented,15,13.88964306985263,1.1103569301473701,15,14,EXPERIMENT_ONLY,false
2025-10-02,23:00,2025,open_meteo_augmented,13,14.455699487339059,1.455699487339059,13,14,EXPERIMENT_ONLY,false
2025-10-03,23:00,2025,open_meteo_augmented,14,15.37297992021757,1.3729799202175705,14,15,EXPERIMENT_ONLY,false
2025-10-04,23:00,2025,open_meteo_augmented,17,16.062985821644823,0.9370141783551773,17,16,EXPERIMENT_ONLY,false
2025-10-05,23:00,2025,open_meteo_augmented,14,14.209204079566566,0.2092040795665664,14,14,EXPERIMENT_ONLY,true
2025-10-06,23:00,2025,open_meteo_augmented,15,15.266913305983739,0.2669133059837385,15,15,EXPERIMENT_ONLY,true
2025-10-07,23:00,2025,open_meteo_augmented,16,16.81261924648423,0.8126192464842283,16,17,EXPERIMENT_ONLY,false
2025-10-08,23:00,2025,open_meteo_augmented,17,16.934563450067962,0.06543654993203774,17,17,EXPERIMENT_ONLY,true
2025-10-09,23:00,2025,open_meteo_augmented,17,16.83707359038624,0.16292640961376037,17,17,EXPERIMENT_ONLY,true
2025-10-10,23:00,2025,open_meteo_augmented,18,17.593144261673743,0.4068557383262572,18,18,EXPERIMENT_ONLY,true
2025-10-11,23:00,2025,open_meteo_augmented,17,17.16804244694905,0.16804244694904824,17,17,EXPERIMENT_ONLY,true
2025-10-12,23:00,2025,open_meteo_augmented,18,16.60159707497962,1.398402925020381,18,17,EXPERIMENT_ONLY,false
2025-10-13,23:00,2025,open_meteo_augmented,17,17.876549470238132,0.8765494702381318,17,18,EXPERIMENT_ONLY,false
2025-10-14,23:00,2025,open_meteo_augmented,16,13.985332180536009,2.014667819463991,16,14,EXPERIMENT_ONLY,false
2025-10-15,23:00,2025,open_meteo_augmented,16,16.193166926188713,0.193166926188713,16,16,EXPERIMENT_ONLY,true
2025-10-16,23:00,2025,open_meteo_augmented,18,19.126231439163448,1.1262314391634476,18,19,EXPERIMENT_ONLY,false
2025-10-17,23:00,2025,open_meteo_augmented,16,18.106718886199246,2.1067188861992463,16,18,EXPERIMENT_ONLY,false
2025-10-18,23:00,2025,open_meteo_augmented,16,17.12573171927509,1.125731719275091,16,17,EXPERIMENT_ONLY,false
2025-10-19,23:00,2025,open_meteo_augmented,18,17.995879524228222,0.004120475771777876,18,18,EXPERIMENT_ONLY,true
2025-10-20,23:00,2025,open_meteo_augmented,17,17.29067080439962,0.2906708043996211,17,17,EXPERIMENT_ONLY,true
2025-10-21,23:00,2025,open_meteo_augmented,18,18.585487754860253,0.5854877548602531,18,19,EXPERIMENT_ONLY,false
2025-10-22,23:00,2025,open_meteo_augmented,15,16.579297364314108,1.5792973643141082,15,17,EXPERIMENT_ONLY,false
2025-10-23,23:00,2025,open_meteo_augmented,19,18.94581526677414,0.054184733225859816,19,19,EXPERIMENT_ONLY,true
2025-10-24,23:00,2025,open_meteo_augmented,17,18.463850552776393,1.4638505527763925,17,18,EXPERIMENT_ONLY,false
2025-10-25,23:00,2025,open_meteo_augmented,17,18.16088312579957,1.1608831257995718,17,18,EXPERIMENT_ONLY,false
2025-10-26,23:00,2025,open_meteo_augmented,17,16.678727245683106,0.32127275431689384,17,17,EXPERIMENT_ONLY,true
2025-10-27,23:00,2025,open_meteo_augmented,17,17.235128107223698,0.23512810722369792,17,17,EXPERIMENT_ONLY,true
2025-10-28,23:00,2025,open_meteo_augmented,16,15.693707109698511,0.30629289030148854,16,16,EXPERIMENT_ONLY,true
2025-10-29,23:00,2025,open_meteo_augmented,15,16.429754922744657,1.4297549227446567,15,16,EXPERIMENT_ONLY,false
2025-10-30,23:00,2025,open_meteo_augmented,17,17.356365782974663,0.35636578297466315,17,17,EXPERIMENT_ONLY,true
2025-10-31,23:00,2025,open_meteo_augmented,19,19.554632604847804,0.5546326048478036,19,20,EXPERIMENT_ONLY,false
2025-11-01,23:00,2025,open_meteo_augmented,17,18.635183740723186,1.6351837407231855,17,19,EXPERIMENT_ONLY,false
2025-11-02,23:00,2025,open_meteo_augmented,16,17.455903751456347,1.455903751456347,16,17,EXPERIMENT_ONLY,false
2025-11-03,23:00,2025,open_meteo_augmented,17,18.33213014319706,1.332130143197059,17,18,EXPERIMENT_ONLY,false
2025-11-04,23:00,2025,open_meteo_augmented,17,17.78797613688602,0.7879761368860194,17,18,EXPERIMENT_ONLY,false
2025-11-05,23:00,2025,open_meteo_augmented,19,18.863263493169185,0.13673650683081462,19,19,EXPERIMENT_ONLY,true
2025-11-06,23:00,2025,open_meteo_augmented,18,19.50494686331954,1.5049468633195389,18,20,EXPERIMENT_ONLY,false
2025-11-07,23:00,2025,open_meteo_augmented,19,18.672996007316154,0.3270039926838457,19,19,EXPERIMENT_ONLY,true
2025-11-08,23:00,2025,open_meteo_augmented,19,19.115193724505815,0.115193724505815,19,19,EXPERIMENT_ONLY,true
2025-11-09,23:00,2025,open_meteo_augmented,19,19.350892878455824,0.3508928784558236,19,19,EXPERIMENT_ONLY,true
2025-11-10,23:00,2025,open_meteo_augmented,19,19.763970720801254,0.7639707208012538,19,20,EXPERIMENT_ONLY,false
2025-11-11,23:00,2025,open_meteo_augmented,17,17.40733380472408,0.4073338047240789,17,17,EXPERIMENT_ONLY,true
2025-11-12,23:00,2025,open_meteo_augmented,19,18.656695963369348,0.3433040366306521,19,19,EXPERIMENT_ONLY,true
2025-11-13,23:00,2025,open_meteo_augmented,18,17.506191209045728,0.4938087909542723,18,18,EXPERIMENT_ONLY,true
2025-11-14,23:00,2025,open_meteo_augmented,19,19.417138890091394,0.41713889009139393,19,19,EXPERIMENT_ONLY,true
2025-11-15,23:00,2025,open_meteo_augmented,19,17.590373234585794,1.409626765414206,19,18,EXPERIMENT_ONLY,false
2025-11-16,23:00,2025,open_meteo_augmented,19,19.661379612905055,0.6613796129050549,19,20,EXPERIMENT_ONLY,false
2025-11-17,23:00,2025,open_meteo_augmented,21,20.18719035350039,0.8128096464996091,21,20,EXPERIMENT_ONLY,false
2025-11-18,23:00,2025,open_meteo_augmented,23,22.060424675289585,0.9395753247104146,23,22,EXPERIMENT_ONLY,false
2025-11-19,23:00,2025,open_meteo_augmented,22,21.875721949122557,0.12427805087744304,22,22,EXPERIMENT_ONLY,true
2025-11-20,23:00,2025,open_meteo_augmented,20,21.462189490111733,1.462189490111733,20,21,EXPERIMENT_ONLY,false
2025-11-21,23:00,2025,open_meteo_augmented,20,20.34738368165157,0.3473836816515714,20,20,EXPERIMENT_ONLY,true
2025-11-22,23:00,2025,open_meteo_augmented,17,18.333827197436406,1.3338271974364062,17,18,EXPERIMENT_ONLY,false
2025-11-23,23:00,2025,open_meteo_augmented,20,19.590424283104717,0.40957571689528294,20,20,EXPERIMENT_ONLY,true
2025-11-24,23:00,2025,open_meteo_augmented,18,16.45501207388237,1.5449879261176314,18,16,EXPERIMENT_ONLY,false
2025-11-25,23:00,2025,open_meteo_augmented,22,21.328421661342553,0.6715783386574472,22,21,EXPERIMENT_ONLY,false
2025-11-26,23:00,2025,open_meteo_augmented,21,22.49048087743758,1.4904808774375802,21,22,EXPERIMENT_ONLY,false
2025-11-27,23:00,2025,open_meteo_augmented,21,21.083391801515106,0.08339180151510561,21,21,EXPERIMENT_ONLY,true
2025-11-28,23:00,2025,open_meteo_augmented,21,20.421545572284753,0.578454427715247,21,20,EXPERIMENT_ONLY,false
2025-11-29,23:00,2025,open_meteo_augmented,21,20.38408557190421,0.6159144280957882,21,20,EXPERIMENT_ONLY,false
2025-11-30,23:00,2025,open_meteo_augmented,21,20.163033517574107,0.8369664824258933,21,20,EXPERIMENT_ONLY,false
2025-12-01,23:00,2025,open_meteo_augmented,19,20.522226376552645,1.522226376552645,19,21,EXPERIMENT_ONLY,false
2025-12-02,23:00,2025,open_meteo_augmented,20,19.157329635162867,0.842670364837133,20,19,EXPERIMENT_ONLY,false
2025-12-03,23:00,2025,open_meteo_augmented,15,17.436134719421695,2.4361347194216947,15,17,EXPERIMENT_ONLY,false
2025-12-04,23:00,2025,open_meteo_augmented,17,16.730734678282968,0.26926532171703244,17,17,EXPERIMENT_ONLY,true
2025-12-05,23:00,2025,open_meteo_augmented,21,21.1558988121926,0.15589881219259993,21,21,EXPERIMENT_ONLY,true
2025-12-06,23:00,2025,open_meteo_augmented,22,21.235420235274116,0.7645797647258838,22,21,EXPERIMENT_ONLY,false
2025-12-07,23:00,2025,open_meteo_augmented,21,21.56063869228623,0.5606386922862292,21,22,EXPERIMENT_ONLY,false
2025-12-08,23:00,2025,open_meteo_augmented,22,21.403307009457663,0.596692990542337,22,21,EXPERIMENT_ONLY,false
2025-12-09,23:00,2025,open_meteo_augmented,23,23.314635128796862,0.31463512879686206,23,23,EXPERIMENT_ONLY,true
2025-12-10,23:00,2025,open_meteo_augmented,23,23.0619818952729,0.061981895272900545,23,23,EXPERIMENT_ONLY,true
2025-12-11,23:00,2025,open_meteo_augmented,19,19.97711698359608,0.9771169835960798,19,20,EXPERIMENT_ONLY,false
2025-12-12,23:00,2025,open_meteo_augmented,18,18.693544928959785,0.6935449289597848,18,19,EXPERIMENT_ONLY,false
2025-12-13,23:00,2025,open_meteo_augmented,18,19.202088485642033,1.202088485642033,18,19,EXPERIMENT_ONLY,false
2025-12-14,23:00,2025,open_meteo_augmented,23,22.781580707953978,0.21841929204602195,23,23,EXPERIMENT_ONLY,true
2025-12-15,23:00,2025,open_meteo_augmented,21,22.086726222588855,1.0867262225888545,21,22,EXPERIMENT_ONLY,false
2025-12-16,23:00,2025,open_meteo_augmented,20,19.980781498105983,0.019218501894016526,20,20,EXPERIMENT_ONLY,true
2025-12-17,23:00,2025,open_meteo_augmented,16,16.214037920325065,0.2140379203250653,16,16,EXPERIMENT_ONLY,true
2025-12-18,23:00,2025,open_meteo_augmented,19,19.330234458758824,0.33023445875882373,19,19,EXPERIMENT_ONLY,true
2025-12-19,23:00,2025,open_meteo_augmented,20,20.367554967751012,0.36755496775101193,20,20,EXPERIMENT_ONLY,true
2025-12-20,23:00,2025,open_meteo_augmented,19,17.503142943051834,1.4968570569481656,19,18,EXPERIMENT_ONLY,false
2025-12-21,23:00,2025,open_meteo_augmented,16,16.71122722006368,0.7112272200636802,16,17,EXPERIMENT_ONLY,false
2025-12-22,23:00,2025,open_meteo_augmented,20,19.841853762773003,0.1581462372269975,20,20,EXPERIMENT_ONLY,true
2025-12-23,23:00,2025,open_meteo_augmented,23,21.232464862490012,1.767535137509988,23,21,EXPERIMENT_ONLY,false
2025-12-24,23:00,2025,open_meteo_augmented,22,22.67892926227827,0.6789292622782703,22,23,EXPERIMENT_ONLY,false
2025-12-25,23:00,2025,open_meteo_augmented,20,21.470165592022003,1.4701655920220027,20,21,EXPERIMENT_ONLY,false
2025-12-26,23:00,2025,open_meteo_augmented,19,18.945744326080217,0.054255673919783476,19,19,EXPERIMENT_ONLY,true
2025-12-27,23:00,2025,open_meteo_augmented,20,20.08759934277731,0.08759934277730963,20,20,EXPERIMENT_ONLY,true
2025-12-28,23:00,2025,open_meteo_augmented,19,19.89278841341592,0.8927884134159214,19,20,EXPERIMENT_ONLY,false
2025-12-29,23:00,2025,open_meteo_augmented,19,19.50191151333786,0.5019115133378591,19,20,EXPERIMENT_ONLY,false
2025-12-30,23:00,2025,open_meteo_augmented,17,15.927327199762482,1.0726728002375179,17,16,EXPERIMENT_ONLY,false
2025-12-31,23:00,2025,open_meteo_augmented,16,18.203743055596064,2.203743055596064,16,18,EXPERIMENT_ONLY,false
