date_local,cp,stage,outer_test_year,evaluation_year,actual,augmented_prediction,augmented_absolute_error,actual_bracket,augmented_pred_bracket,augmented_exact_bracket,calendar_year,month,binary_macro_regime_label,calibrated_prediction,calibrated_absolute_error,calibrated_pred_bracket,calibrated_exact_bracket,mae_delta_calibrated_minus_augmented,prediction_delta_calibrated_minus_augmented,exact_delta_calibrated_minus_augmented,calibrated_wins_mae,augmented_wins_mae,bracket_lost_by_calibration,bracket_gained_by_calibration,calibrated_signed_error,augmented_signed_error,production_status
2024-01-20,20:00,test,2024,2024,25,24.46235876132316,0.5376412386768408,25,24,false,2024,2024-01,macro_non_southerly,24.075,0.9250000000000007,24,false,0.38735876132315994,-0.38735876132315994,0,false,true,false,false,-0.9250000000000007,-0.5376412386768408,EXPERIMENT_ONLY
2024-01-20,21:00,test,2024,2024,25,24.008946447177415,0.991053552822585,25,24,false,2024,2024-01,macro_non_southerly,24.075,0.9250000000000007,24,false,-0.0660535528225843,0.0660535528225843,0,true,false,false,false,-0.9250000000000007,-0.991053552822585,EXPERIMENT_ONLY
2024-01-20,22:00,test,2024,2024,25,23.88663379182205,1.1133662081779505,25,24,false,2024,2024-01,macro_non_southerly,24.075,0.9250000000000007,24,false,-0.1883662081779498,0.1883662081779498,0,true,false,false,false,-0.9250000000000007,-1.1133662081779505,EXPERIMENT_ONLY
2024-01-20,23:00,test,2024,2024,25,24.1310845514492,0.8689154485508013,25,24,false,2024,2024-01,macro_non_southerly,24.075,0.9250000000000007,24,false,0.05608455144919944,-0.05608455144919944,0,false,true,false,false,-0.9250000000000007,-0.8689154485508013,EXPERIMENT_ONLY
2024-01-21,20:00,test,2024,2024,29,24.593588826942756,4.4064111730572435,29,25,false,2024,2024-01,macro_non_southerly,25.925,3.0749999999999993,26,false,-1.3314111730572442,1.3314111730572442,0,true,false,false,false,-3.0749999999999993,-4.4064111730572435,EXPERIMENT_ONLY
2024-01-21,21:00,test,2024,2024,29,24.953550081187103,4.046449918812897,29,25,false,2024,2024-01,macro_non_southerly,25.925,3.0749999999999993,26,false,-0.9714499188128976,0.9714499188128976,0,true,false,false,false,-3.0749999999999993,-4.046449918812897,EXPERIMENT_ONLY
2024-01-21,22:00,test,2024,2024,29,24.855478215289732,4.1445217847102676,29,25,false,2024,2024-01,macro_non_southerly,25.925,3.0749999999999993,26,false,-1.0695217847102683,1.0695217847102683,0,true,false,false,false,-3.0749999999999993,-4.1445217847102676,EXPERIMENT_ONLY
2024-01-21,23:00,test,2024,2024,29,25.04488425604498,3.9551157439550195,29,25,false,2024,2024-01,macro_non_southerly,25.925,3.0749999999999993,26,false,-0.8801157439550202,0.8801157439550202,0,true,false,false,false,-3.0749999999999993,-3.9551157439550195,EXPERIMENT_ONLY
2024-01-22,20:00,test,2024,2024,29,25.21211175792565,3.7878882420743487,29,25,false,2024,2024-01,macro_non_southerly,26.35,2.6499999999999986,26,false,-1.1378882420743501,1.1378882420743501,0,true,false,false,false,-2.6499999999999986,-3.7878882420743487,EXPERIMENT_ONLY
2024-01-22,21:00,test,2024,2024,29,25.675051964648667,3.3249480353513334,29,26,false,2024,2024-01,macro_non_southerly,26.35,2.6499999999999986,26,false,-0.6749480353513349,0.6749480353513349,0,true,false,false,false,-2.6499999999999986,-3.3249480353513334,EXPERIMENT_ONLY
2024-01-22,22:00,test,2024,2024,29,25.609233836061833,3.390766163938167,29,26,false,2024,2024-01,macro_non_southerly,26.35,2.6499999999999986,26,false,-0.7407661639381686,0.7407661639381686,0,true,false,false,false,-2.6499999999999986,-3.390766163938167,EXPERIMENT_ONLY
2024-01-22,23:00,test,2024,2024,29,25.847021254776077,3.1529787452239226,29,26,false,2024,2024-01,macro_non_southerly,26.35,2.6499999999999986,26,false,-0.502978745223924,0.502978745223924,0,true,false,false,false,-2.6499999999999986,-3.1529787452239226,EXPERIMENT_ONLY
2024-01-23,20:00,test,2024,2024,24,22.888729403325105,1.1112705966748955,24,23,false,2024,2024-01,macro_non_southerly,23.2,0.8000000000000007,23,false,-0.31127059667489476,0.31127059667489476,0,true,false,false,false,-0.8000000000000007,-1.1112705966748955,EXPERIMENT_ONLY
2024-01-23,21:00,test,2024,2024,24,22.851601218460385,1.1483987815396155,24,23,false,2024,2024-01,macro_non_southerly,23.2,0.8000000000000007,23,false,-0.3483987815396148,0.3483987815396148,0,true,false,false,false,-0.8000000000000007,-1.1483987815396155,EXPERIMENT_ONLY
2024-01-23,22:00,test,2024,2024,24,22.881948204735934,1.1180517952640656,24,23,false,2024,2024-01,macro_non_southerly,23.2,0.8000000000000007,23,false,-0.3180517952640649,0.3180517952640649,0,true,false,false,false,-0.8000000000000007,-1.1180517952640656,EXPERIMENT_ONLY
2024-01-23,23:00,test,2024,2024,24,22.938421650972412,1.061578349027588,24,23,false,2024,2024-01,macro_non_southerly,23.2,0.8000000000000007,23,false,-0.26157834902758736,0.26157834902758736,0,true,false,false,false,-0.8000000000000007,-1.061578349027588,EXPERIMENT_ONLY
2024-01-24,20:00,test,2024,2024,22,18.2112035551283,3.7887964448717,22,18,false,2024,2024-01,macro_southerly_flow,20.575,1.4250000000000007,21,false,-2.3637964448716993,2.3637964448716993,0,true,false,false,false,-1.4250000000000007,-3.7887964448717,EXPERIMENT_ONLY
2024-01-24,21:00,test,2024,2024,22,17.95542794558381,4.044572054416189,22,18,false,2024,2024-01,macro_southerly_flow,20.575,1.4250000000000007,21,false,-2.6195720544161887,2.6195720544161887,0,true,false,false,false,-1.4250000000000007,-4.044572054416189,EXPERIMENT_ONLY
2024-01-24,22:00,test,2024,2024,22,18.42555186329442,3.5744481367055805,22,18,false,2024,2024-01,macro_southerly_flow,20.575,1.4250000000000007,21,false,-2.1494481367055798,2.1494481367055798,0,true,false,false,false,-1.4250000000000007,-3.5744481367055805,EXPERIMENT_ONLY
2024-01-24,23:00,test,2024,2024,22,18.798711125955773,3.201288874044227,22,19,false,2024,2024-01,macro_southerly_flow,20.575,1.4250000000000007,21,false,-1.7762888740442264,1.7762888740442264,0,true,false,false,false,-1.4250000000000007,-3.201288874044227,EXPERIMENT_ONLY
2024-01-25,20:00,test,2024,2024,23,20.5076073226671,2.4923926773329015,23,21,false,2024,2024-01,macro_non_southerly,22.825,0.1750000000000007,23,true,-2.3173926773329008,2.3173926773329008,1,true,false,false,true,-0.1750000000000007,-2.4923926773329015,EXPERIMENT_ONLY
2024-01-25,21:00,test,2024,2024,23,21.274545224903964,1.7254547750960363,23,21,false,2024,2024-01,macro_non_southerly,22.825,0.1750000000000007,23,true,-1.5504547750960356,1.5504547750960356,1,true,false,false,true,-0.1750000000000007,-1.7254547750960363,EXPERIMENT_ONLY
2024-01-25,22:00,test,2024,2024,23,20.758464808881506,2.241535191118494,23,21,false,2024,2024-01,macro_non_southerly,22.825,0.1750000000000007,23,true,-2.0665351911184935,2.0665351911184935,1,true,false,false,true,-0.1750000000000007,-2.241535191118494,EXPERIMENT_ONLY
2024-01-25,23:00,test,2024,2024,23,21.057790777023392,1.942209222976608,23,21,false,2024,2024-01,macro_non_southerly,22.825,0.1750000000000007,23,true,-1.7672092229766072,1.7672092229766072,1,true,false,false,true,-0.1750000000000007,-1.942209222976608,EXPERIMENT_ONLY
2024-01-26,20:00,test,2024,2024,23,21.965819601419597,1.0341803985804034,23,22,false,2024,2024-01,macro_non_southerly,22.5,0.5,23,true,-0.5341803985804034,0.5341803985804034,1,true,false,false,true,-0.5,-1.0341803985804034,EXPERIMENT_ONLY
2024-01-26,21:00,test,2024,2024,23,23.023412765532466,0.023412765532466295,23,23,true,2024,2024-01,macro_non_southerly,22.5,0.5,23,true,0.4765872344675337,-0.5234127655324663,0,false,true,false,false,-0.5,0.023412765532466295,EXPERIMENT_ONLY
2024-01-26,22:00,test,2024,2024,23,22.881318008632473,0.11868199136752722,23,23,true,2024,2024-01,macro_non_southerly,22.5,0.5,23,true,0.3813180086324728,-0.3813180086324728,0,false,true,false,false,-0.5,-0.11868199136752722,EXPERIMENT_ONLY
2024-01-26,23:00,test,2024,2024,23,22.700753225243517,0.2992467747564831,23,23,true,2024,2024-01,macro_non_southerly,22.5,0.5,23,true,0.2007532252435169,-0.2007532252435169,0,false,true,false,false,-0.5,-0.2992467747564831,EXPERIMENT_ONLY
2024-01-27,20:00,test,2024,2024,24,22.184140450486378,1.8158595495136218,24,22,false,2024,2024-01,macro_non_southerly,23.5,0.5,24,true,-1.3158595495136218,1.3158595495136218,1,true,false,false,true,-0.5,-1.8158595495136218,EXPERIMENT_ONLY
2024-01-27,21:00,test,2024,2024,24,21.633718699398695,2.3662813006013046,24,22,false,2024,2024-01,macro_non_southerly,23.5,0.5,24,true,-1.8662813006013046,1.8662813006013046,1,true,false,false,true,-0.5,-2.3662813006013046,EXPERIMENT_ONLY
2024-01-27,22:00,test,2024,2024,24,21.34911176244977,2.6508882375502303,24,21,false,2024,2024-01,macro_non_southerly,23.5,0.5,24,true,-2.1508882375502303,2.1508882375502303,1,true,false,false,true,-0.5,-2.6508882375502303,EXPERIMENT_ONLY
2024-01-27,23:00,test,2024,2024,24,21.44981895603656,2.550181043963441,24,21,false,2024,2024-01,macro_non_southerly,23.5,0.5,24,true,-2.050181043963441,2.050181043963441,1,true,false,false,true,-0.5,-2.550181043963441,EXPERIMENT_ONLY
2024-01-28,20:00,test,2024,2024,22,22.960514224525973,0.9605142245259728,22,23,false,2024,2024-01,macro_non_southerly,21.9,0.10000000000000142,22,true,-0.8605142245259714,-1.0605142245259742,1,true,false,false,true,-0.10000000000000142,0.9605142245259728,EXPERIMENT_ONLY
2024-01-28,21:00,test,2024,2024,22,22.882898824560577,0.8828988245605771,22,23,false,2024,2024-01,macro_non_southerly,21.9,0.10000000000000142,22,true,-0.7828988245605757,-0.9828988245605785,1,true,false,false,true,-0.10000000000000142,0.8828988245605771,EXPERIMENT_ONLY
2024-01-28,22:00,test,2024,2024,22,22.224974529119066,0.22497452911906635,22,22,true,2024,2024-01,macro_non_southerly,21.9,0.10000000000000142,22,true,-0.12497452911906493,-0.32497452911906777,0,true,false,false,false,-0.10000000000000142,0.22497452911906635,EXPERIMENT_ONLY
2024-01-28,23:00,test,2024,2024,22,22.785471519928073,0.7854715199280733,22,23,false,2024,2024-01,macro_non_southerly,21.9,0.10000000000000142,22,true,-0.6854715199280719,-0.8854715199280747,1,true,false,false,true,-0.10000000000000142,0.7854715199280733,EXPERIMENT_ONLY
2024-01-29,20:00,test,2024,2024,19,21.30662587111048,2.30662587111048,19,21,false,2024,2024-01,macro_non_southerly,20.45,1.4499999999999993,20,false,-0.8566258711104808,-0.8566258711104808,0,true,false,false,false,1.4499999999999993,2.30662587111048,EXPERIMENT_ONLY
2024-01-29,21:00,test,2024,2024,19,21.47030283308794,2.4703028330879384,19,21,false,2024,2024-01,macro_non_southerly,20.45,1.4499999999999993,20,false,-1.0203028330879391,-1.0203028330879391,0,true,false,false,false,1.4499999999999993,2.4703028330879384,EXPERIMENT_ONLY
2024-01-29,22:00,test,2024,2024,19,21.375832957715023,2.375832957715023,19,21,false,2024,2024-01,macro_non_southerly,20.45,1.4499999999999993,20,false,-0.9258329577150235,-0.9258329577150235,0,true,false,false,false,1.4499999999999993,2.375832957715023,EXPERIMENT_ONLY
2024-01-29,23:00,test,2024,2024,19,21.384229319290352,2.384229319290352,19,21,false,2024,2024-01,macro_non_southerly,20.45,1.4499999999999993,20,false,-0.9342293192903526,-0.9342293192903526,0,true,false,false,false,1.4499999999999993,2.384229319290352,EXPERIMENT_ONLY
2024-01-30,20:00,test,2024,2024,20,20.175569150171977,0.17556915017197738,20,20,true,2024,2024-01,macro_southerly_flow,21.924999999999997,1.9249999999999972,22,false,1.7494308498280198,1.7494308498280198,-1,false,true,true,false,1.9249999999999972,0.17556915017197738,EXPERIMENT_ONLY
2024-01-30,21:00,test,2024,2024,20,20.22994900650259,0.22994900650258998,20,20,true,2024,2024-01,macro_southerly_flow,21.924999999999997,1.9249999999999972,22,false,1.6950509934974072,1.6950509934974072,-1,false,true,true,false,1.9249999999999972,0.22994900650258998,EXPERIMENT_ONLY
2024-01-30,22:00,test,2024,2024,20,20.10072000877527,0.10072000877526932,20,20,true,2024,2024-01,macro_southerly_flow,21.924999999999997,1.9249999999999972,22,false,1.8242799912247278,1.8242799912247278,-1,false,true,true,false,1.9249999999999972,0.10072000877526932,EXPERIMENT_ONLY
2024-01-30,23:00,test,2024,2024,20,20.343196216806295,0.34319621680629453,20,20,true,2024,2024-01,macro_southerly_flow,21.924999999999997,1.9249999999999972,22,false,1.5818037831937026,1.5818037831937026,-1,false,true,true,false,1.9249999999999972,0.34319621680629453,EXPERIMENT_ONLY
2024-01-31,20:00,test,2024,2024,20,20.143574031078376,0.1435740310783764,20,20,true,2024,2024-01,macro_southerly_flow,22.725,2.7250000000000014,23,false,2.581425968921625,2.581425968921625,-1,false,true,true,false,2.7250000000000014,0.1435740310783764,EXPERIMENT_ONLY
2024-01-31,21:00,test,2024,2024,20,20.084420901414827,0.08442090141482694,20,20,true,2024,2024-01,macro_southerly_flow,22.725,2.7250000000000014,23,false,2.6405790985851745,2.6405790985851745,-1,false,true,true,false,2.7250000000000014,0.08442090141482694,EXPERIMENT_ONLY
2024-01-31,22:00,test,2024,2024,20,19.818692075434882,0.18130792456511813,20,20,true,2024,2024-01,macro_southerly_flow,22.725,2.7250000000000014,23,false,2.5436920754348833,2.9063079245651195,-1,false,true,true,false,2.7250000000000014,-0.18130792456511813,EXPERIMENT_ONLY
2024-01-31,23:00,test,2024,2024,20,20.366760194176454,0.3667601941764538,20,20,true,2024,2024-01,macro_southerly_flow,22.725,2.7250000000000014,23,false,2.3582398058235476,2.3582398058235476,-1,false,true,true,false,2.7250000000000014,0.3667601941764538,EXPERIMENT_ONLY
2024-02-01,20:00,test,2024,2024,24,22.190157289030324,1.8098427109696757,24,22,false,2024,2024-02,macro_non_southerly,23.875,0.125,24,true,-1.6848427109696757,1.6848427109696757,1,true,false,false,true,-0.125,-1.8098427109696757,EXPERIMENT_ONLY
2024-02-01,21:00,test,2024,2024,24,22.408030000782166,1.5919699992178344,24,22,false,2024,2024-02,macro_non_southerly,23.875,0.125,24,true,-1.4669699992178344,1.4669699992178344,1,true,false,false,true,-0.125,-1.5919699992178344,EXPERIMENT_ONLY
2024-02-01,22:00,test,2024,2024,24,22.249109006602435,1.7508909933975652,24,22,false,2024,2024-02,macro_non_southerly,23.875,0.125,24,true,-1.6258909933975652,1.6258909933975652,1,true,false,false,true,-0.125,-1.7508909933975652,EXPERIMENT_ONLY
2024-02-01,23:00,test,2024,2024,24,22.665095597880274,1.3349044021197258,24,23,false,2024,2024-02,macro_non_southerly,23.875,0.125,24,true,-1.2099044021197258,1.2099044021197258,1,true,false,false,true,-0.125,-1.3349044021197258,EXPERIMENT_ONLY
2024-02-02,20:00,test,2024,2024,22,22.51116461748361,0.5111646174836117,22,23,false,2024,2024-02,macro_non_southerly,21.375,0.625,21,false,0.11383538251638825,-1.1361646174836117,0,false,true,false,false,-0.625,0.5111646174836117,EXPERIMENT_ONLY
2024-02-02,21:00,test,2024,2024,22,22.415982370898707,0.41598237089870693,22,22,true,2024,2024-02,macro_non_southerly,21.375,0.625,21,false,0.20901762910129307,-1.040982370898707,-1,false,true,true,false,-0.625,0.41598237089870693,EXPERIMENT_ONLY
2024-02-02,22:00,test,2024,2024,22,22.345769004482012,0.34576900448201187,22,22,true,2024,2024-02,macro_non_southerly,21.375,0.625,21,false,0.27923099551798813,-0.9707690044820119,-1,false,true,true,false,-0.625,0.34576900448201187,EXPERIMENT_ONLY
2024-02-02,23:00,test,2024,2024,22,22.194216525700856,0.19421652570085612,22,22,true,2024,2024-02,macro_non_southerly,21.375,0.625,21,false,0.4307834742991439,-0.8192165257008561,-1,false,true,true,false,-0.625,0.19421652570085612,EXPERIMENT_ONLY
2024-02-03,20:00,test,2024,2024,20,19.71220963881118,0.2877903611888186,20,20,true,2024,2024-02,macro_non_southerly,20.049999999999997,0.04999999999999716,20,true,-0.23779036118882146,0.3377903611888158,0,true,false,false,false,0.04999999999999716,-0.2877903611888186,EXPERIMENT_ONLY
2024-02-03,21:00,test,2024,2024,20,19.667574884957556,0.33242511504244376,20,20,true,2024,2024-02,macro_non_southerly,20.049999999999997,0.04999999999999716,20,true,-0.2824251150424466,0.3824251150424409,0,true,false,false,false,0.04999999999999716,-0.33242511504244376,EXPERIMENT_ONLY
2024-02-03,22:00,test,2024,2024,20,20.487237237430456,0.4872372374304561,20,20,true,2024,2024-02,macro_non_southerly,20.049999999999997,0.04999999999999716,20,true,-0.43723723743045895,-0.43723723743045895,0,true,false,false,false,0.04999999999999716,0.4872372374304561,EXPERIMENT_ONLY
2024-02-03,23:00,test,2024,2024,20,20.787953502694087,0.7879535026940871,20,21,false,2024,2024-02,macro_non_southerly,20.049999999999997,0.04999999999999716,20,true,-0.73795350269409,-0.73795350269409,1,true,false,false,true,0.04999999999999716,0.7879535026940871,EXPERIMENT_ONLY
2024-02-04,20:00,test,2024,2024,22,20.571363199564747,1.4286368004352532,22,21,false,2024,2024-02,macro_non_southerly,21.48,0.5199999999999996,21,false,-0.9086368004352536,0.9086368004352536,0,true,false,false,false,-0.5199999999999996,-1.4286368004352532,EXPERIMENT_ONLY
2024-02-04,21:00,test,2024,2024,22,21.166547199002004,0.8334528009979962,22,21,false,2024,2024-02,macro_non_southerly,21.48,0.5199999999999996,21,false,-0.31345280099799666,0.31345280099799666,0,true,false,false,false,-0.5199999999999996,-0.8334528009979962,EXPERIMENT_ONLY
2024-02-04,22:00,test,2024,2024,22,21.60015763121932,0.39984236878067847,22,22,true,2024,2024-02,macro_non_southerly,21.48,0.5199999999999996,21,false,0.1201576312193211,-0.1201576312193211,-1,false,true,true,false,-0.5199999999999996,-0.39984236878067847,EXPERIMENT_ONLY
2024-02-04,23:00,test,2024,2024,22,21.820173219378745,0.179826780621255,22,22,true,2024,2024-02,macro_non_southerly,21.48,0.5199999999999996,21,false,0.34017321937874456,-0.34017321937874456,-1,false,true,true,false,-0.5199999999999996,-0.179826780621255,EXPERIMENT_ONLY
2024-02-05,20:00,test,2024,2024,24,22.956319052398154,1.043680947601846,24,23,false,2024,2024-02,macro_non_southerly,23.419999999999998,0.5800000000000018,23,false,-0.4636809476018442,0.4636809476018442,0,true,false,false,false,-0.5800000000000018,-1.043680947601846,EXPERIMENT_ONLY
2024-02-05,21:00,test,2024,2024,24,23.172079926390477,0.8279200736095227,24,23,false,2024,2024-02,macro_non_southerly,23.419999999999998,0.5800000000000018,23,false,-0.24792007360952084,0.24792007360952084,0,true,false,false,false,-0.5800000000000018,-0.8279200736095227,EXPERIMENT_ONLY
2024-02-05,22:00,test,2024,2024,24,23.100597203367375,0.899402796632625,24,23,false,2024,2024-02,macro_non_southerly,23.419999999999998,0.5800000000000018,23,false,-0.31940279663262316,0.31940279663262316,0,true,false,false,false,-0.5800000000000018,-0.899402796632625,EXPERIMENT_ONLY
2024-02-05,23:00,test,2024,2024,24,23.144568542975836,0.8554314570241637,24,23,false,2024,2024-02,macro_non_southerly,23.419999999999998,0.5800000000000018,23,false,-0.27543145702416183,0.27543145702416183,0,true,false,false,false,-0.5800000000000018,-0.8554314570241637,EXPERIMENT_ONLY
2024-02-06,20:00,test,2024,2024,23,22.698763509254785,0.3012364907452145,23,23,true,2024,2024-02,macro_non_southerly,22.8,0.1999999999999993,23,true,-0.10123649074521524,0.10123649074521524,0,true,false,false,false,-0.1999999999999993,-0.3012364907452145,EXPERIMENT_ONLY
2024-02-06,21:00,test,2024,2024,23,22.750405753452068,0.24959424654793239,23,23,true,2024,2024-02,macro_non_southerly,22.8,0.1999999999999993,23,true,-0.049594246547933096,0.049594246547933096,0,true,false,false,false,-0.1999999999999993,-0.24959424654793239,EXPERIMENT_ONLY
2024-02-06,22:00,test,2024,2024,23,22.817494886922926,0.18250511307707384,23,23,true,2024,2024-02,macro_non_southerly,22.8,0.1999999999999993,23,true,0.017494886922925446,-0.017494886922925446,0,false,true,false,false,-0.1999999999999993,-0.18250511307707384,EXPERIMENT_ONLY
2024-02-06,23:00,test,2024,2024,23,22.941092261721174,0.058907738278826116,23,23,true,2024,2024-02,macro_non_southerly,22.8,0.1999999999999993,23,true,0.14109226172117317,-0.14109226172117317,0,false,true,false,false,-0.1999999999999993,-0.058907738278826116,EXPERIMENT_ONLY
2024-02-07,20:00,test,2024,2024,23,22.460141338691937,0.5398586613080631,23,22,false,2024,2024-02,macro_non_southerly,23.22,0.21999999999999886,23,true,-0.3198586613080643,0.759858661308062,1,true,false,false,true,0.21999999999999886,-0.5398586613080631,EXPERIMENT_ONLY
2024-02-07,21:00,test,2024,2024,23,22.756165578854336,0.24383442114566378,23,23,true,2024,2024-02,macro_non_southerly,23.22,0.21999999999999886,23,true,-0.02383442114566492,0.46383442114566265,0,true,false,false,false,0.21999999999999886,-0.24383442114566378,EXPERIMENT_ONLY
2024-02-07,22:00,test,2024,2024,23,22.64877868756592,0.35122131243408106,23,23,true,2024,2024-02,macro_non_southerly,23.22,0.21999999999999886,23,true,-0.1312213124340822,0.5712213124340799,0,true,false,false,false,0.21999999999999886,-0.35122131243408106,EXPERIMENT_ONLY
2024-02-07,23:00,test,2024,2024,23,22.875450519683625,0.12454948031637514,23,23,true,2024,2024-02,macro_non_southerly,23.22,0.21999999999999886,23,true,0.09545051968362372,0.344549480316374,0,false,true,false,false,0.21999999999999886,-0.12454948031637514,EXPERIMENT_ONLY
2024-02-08,20:00,test,2024,2024,25,22.228957705367165,2.771042294632835,25,22,false,2024,2024-02,macro_non_southerly,23.8,1.1999999999999993,24,false,-1.5710422946328357,1.5710422946328357,0,true,false,false,false,-1.1999999999999993,-2.771042294632835,EXPERIMENT_ONLY
2024-02-08,21:00,test,2024,2024,25,22.5290776431266,2.4709223568733982,25,23,false,2024,2024-02,macro_non_southerly,23.8,1.1999999999999993,24,false,-1.270922356873399,1.270922356873399,0,true,false,false,false,-1.1999999999999993,-2.4709223568733982,EXPERIMENT_ONLY
2024-02-08,22:00,test,2024,2024,25,22.456263894757807,2.5437361052421927,25,22,false,2024,2024-02,macro_non_southerly,23.8,1.1999999999999993,24,false,-1.3437361052421934,1.3437361052421934,0,true,false,false,false,-1.1999999999999993,-2.5437361052421927,EXPERIMENT_ONLY
2024-02-08,23:00,test,2024,2024,25,22.727545565060357,2.272454434939643,25,23,false,2024,2024-02,macro_non_southerly,23.8,1.1999999999999993,24,false,-1.0724544349396439,1.0724544349396439,0,true,false,false,false,-1.1999999999999993,-2.272454434939643,EXPERIMENT_ONLY
2024-02-09,20:00,test,2024,2024,22,20.205903561661074,1.7940964383389257,22,20,false,2024,2024-02,macro_southerly_flow,24.1,2.1000000000000014,24,false,0.3059035616610757,3.894096438338927,0,false,true,false,false,2.1000000000000014,-1.7940964383389257,EXPERIMENT_ONLY
2024-02-09,21:00,test,2024,2024,22,20.499012815327983,1.5009871846720166,22,20,false,2024,2024-02,macro_southerly_flow,24.1,2.1000000000000014,24,false,0.5990128153279848,3.600987184672018,0,false,true,false,false,2.1000000000000014,-1.5009871846720166,EXPERIMENT_ONLY
2024-02-09,22:00,test,2024,2024,22,20.877650647726995,1.1223493522730053,22,21,false,2024,2024-02,macro_southerly_flow,24.1,2.1000000000000014,24,false,0.9776506477269962,3.2223493522730067,0,false,true,false,false,2.1000000000000014,-1.1223493522730053,EXPERIMENT_ONLY
2024-02-09,23:00,test,2024,2024,22,21.24757108180461,0.7524289181953883,22,21,false,2024,2024-02,macro_southerly_flow,24.1,2.1000000000000014,24,false,1.3475710818046132,2.8524289181953897,0,false,true,false,false,2.1000000000000014,-0.7524289181953883,EXPERIMENT_ONLY
2024-02-10,20:00,test,2024,2024,22,21.601753348233803,0.3982466517661969,22,22,true,2024,2024-02,macro_non_southerly,21.94,0.05999999999999872,22,true,-0.33824665176619817,0.33824665176619817,0,true,false,false,false,-0.05999999999999872,-0.3982466517661969,EXPERIMENT_ONLY
2024-02-10,21:00,test,2024,2024,22,21.916239310290937,0.08376068970906303,22,22,true,2024,2024-02,macro_non_southerly,21.94,0.05999999999999872,22,true,-0.02376068970906431,0.02376068970906431,0,true,false,false,false,-0.05999999999999872,-0.08376068970906303,EXPERIMENT_ONLY
2024-02-10,22:00,test,2024,2024,22,21.810733533197187,0.18926646680281323,22,22,true,2024,2024-02,macro_non_southerly,21.94,0.05999999999999872,22,true,-0.1292664668028145,0.1292664668028145,0,true,false,false,false,-0.05999999999999872,-0.18926646680281323,EXPERIMENT_ONLY
2024-02-10,23:00,test,2024,2024,22,21.868335371431755,0.13166462856824523,22,22,true,2024,2024-02,macro_non_southerly,21.94,0.05999999999999872,22,true,-0.07166462856824651,0.07166462856824651,0,true,false,false,false,-0.05999999999999872,-0.13166462856824523,EXPERIMENT_ONLY
2024-02-11,20:00,test,2024,2024,16,17.15761192691447,1.1576119269144698,16,17,false,2024,2024-02,macro_southerly_flow,17.619999999999997,1.6199999999999974,18,false,0.46238807308552765,0.46238807308552765,0,false,true,false,false,1.6199999999999974,1.1576119269144698,EXPERIMENT_ONLY
2024-02-11,21:00,test,2024,2024,16,16.707358574603752,0.7073585746037523,16,17,false,2024,2024-02,macro_southerly_flow,17.619999999999997,1.6199999999999974,18,false,0.9126414253962452,0.9126414253962452,0,false,true,false,false,1.6199999999999974,0.7073585746037523,EXPERIMENT_ONLY
2024-02-11,22:00,test,2024,2024,16,17.093420875892182,1.093420875892182,16,17,false,2024,2024-02,macro_southerly_flow,17.619999999999997,1.6199999999999974,18,false,0.5265791241078155,0.5265791241078155,0,false,true,false,false,1.6199999999999974,1.093420875892182,EXPERIMENT_ONLY
2024-02-11,23:00,test,2024,2024,16,17.36522707149528,1.3652270714952799,16,17,false,2024,2024-02,macro_southerly_flow,17.619999999999997,1.6199999999999974,18,false,0.25477292850471756,0.25477292850471756,0,false,true,false,false,1.6199999999999974,1.3652270714952799,EXPERIMENT_ONLY
2024-02-12,20:00,test,2024,2024,20,18.92994851061992,1.0700514893800808,20,19,false,2024,2024-02,macro_southerly_flow,20.259999999999998,0.259999999999998,20,true,-0.8100514893800828,1.3300514893800788,1,true,false,false,true,0.259999999999998,-1.0700514893800808,EXPERIMENT_ONLY
2024-02-12,21:00,test,2024,2024,20,19.5557067978235,0.4442932021764996,20,20,true,2024,2024-02,macro_non_southerly,20.259999999999998,0.259999999999998,20,true,-0.18429320217650158,0.7042932021764976,0,true,false,false,false,0.259999999999998,-0.4442932021764996,EXPERIMENT_ONLY
2024-02-12,22:00,test,2024,2024,20,19.30806674257898,0.6919332574210202,20,19,false,2024,2024-02,macro_non_southerly,20.259999999999998,0.259999999999998,20,true,-0.4319332574210222,0.9519332574210182,1,true,false,false,true,0.259999999999998,-0.6919332574210202,EXPERIMENT_ONLY
2024-02-12,23:00,test,2024,2024,20,19.56530453465034,0.43469546534965886,20,20,true,2024,2024-02,macro_non_southerly,20.259999999999998,0.259999999999998,20,true,-0.17469546534966085,0.6946954653496569,0,true,false,false,false,0.259999999999998,-0.43469546534965886,EXPERIMENT_ONLY
2024-02-13,20:00,test,2024,2024,22,20.30326460026531,1.6967353997346883,22,20,false,2024,2024-02,macro_non_southerly,21.897599999999997,0.10240000000000293,22,true,-1.5943353997346854,1.5943353997346854,1,true,false,false,true,-0.10240000000000293,-1.6967353997346883,EXPERIMENT_ONLY
2024-02-13,21:00,test,2024,2024,22,20.974181775022835,1.025818224977165,22,21,false,2024,2024-02,macro_non_southerly,21.897599999999997,0.10240000000000293,22,true,-0.9234182249771621,0.9234182249771621,1,true,false,false,true,-0.10240000000000293,-1.025818224977165,EXPERIMENT_ONLY
2024-02-13,22:00,test,2024,2024,22,20.765982854956757,1.234017145043243,22,21,false,2024,2024-02,macro_non_southerly,21.897599999999997,0.10240000000000293,22,true,-1.13161714504324,1.13161714504324,1,true,false,false,true,-0.10240000000000293,-1.234017145043243,EXPERIMENT_ONLY
2024-02-13,23:00,test,2024,2024,22,21.19496890640473,0.8050310935952716,22,21,false,2024,2024-02,macro_non_southerly,21.897599999999997,0.10240000000000293,22,true,-0.7026310935952687,0.7026310935952687,1,true,false,false,true,-0.10240000000000293,-0.8050310935952716,EXPERIMENT_ONLY
2024-02-14,20:00,test,2024,2024,21,21.35114391363208,0.35114391363207886,21,21,true,2024,2024-02,macro_non_southerly,21.009600000000002,0.009600000000002495,21,true,-0.34154391363207637,-0.34154391363207637,0,true,false,false,false,0.009600000000002495,0.35114391363207886,EXPERIMENT_ONLY
2024-02-14,21:00,test,2024,2024,21,21.85013454386178,0.8501345438617811,21,22,false,2024,2024-02,macro_non_southerly,21.009600000000002,0.009600000000002495,21,true,-0.8405345438617786,-0.8405345438617786,1,true,false,false,true,0.009600000000002495,0.8501345438617811,EXPERIMENT_ONLY
2024-02-14,22:00,test,2024,2024,21,21.74569063065596,0.745690630655961,21,22,false,2024,2024-02,macro_non_southerly,21.009600000000002,0.009600000000002495,21,true,-0.7360906306559585,-0.7360906306559585,1,true,false,false,true,0.009600000000002495,0.745690630655961,EXPERIMENT_ONLY
2024-02-14,23:00,test,2024,2024,21,21.890552178856655,0.8905521788566553,21,22,false,2024,2024-02,macro_non_southerly,21.009600000000002,0.009600000000002495,21,true,-0.8809521788566528,-0.8809521788566528,1,true,false,false,true,0.009600000000002495,0.8905521788566553,EXPERIMENT_ONLY
2024-02-15,20:00,test,2024,2024,23,22.02583149572645,0.9741685042735497,23,22,false,2024,2024-02,macro_non_southerly,22.171733333333332,0.8282666666666678,22,false,-0.1459018376068819,0.1459018376068819,0,true,false,false,false,-0.8282666666666678,-0.9741685042735497,EXPERIMENT_ONLY
2024-02-15,21:00,test,2024,2024,23,22.2854015881338,0.7145984118661985,23,22,false,2024,2024-02,macro_non_southerly,22.171733333333332,0.8282666666666678,22,false,0.11366825480046927,-0.11366825480046927,0,false,true,false,false,-0.8282666666666678,-0.7145984118661985,EXPERIMENT_ONLY
2024-02-15,22:00,test,2024,2024,23,22.281646169114797,0.7183538308852029,23,22,false,2024,2024-02,macro_non_southerly,22.171733333333332,0.8282666666666678,22,false,0.10991283578146493,-0.10991283578146493,0,false,true,false,false,-0.8282666666666678,-0.7183538308852029,EXPERIMENT_ONLY
2024-02-15,23:00,test,2024,2024,23,22.62868027880057,0.3713197211994306,23,23,true,2024,2024-02,macro_non_southerly,22.171733333333332,0.8282666666666678,22,false,0.45694694546723724,-0.45694694546723724,-1,false,true,true,false,-0.8282666666666678,-0.3713197211994306,EXPERIMENT_ONLY
2024-02-16,20:00,test,2024,2024,24,22.764036575212963,1.2359634247870375,24,23,false,2024,2024-02,macro_non_southerly,22.68293333333333,1.317066666666669,23,false,0.08110324187963158,-0.08110324187963158,0,false,true,false,false,-1.317066666666669,-1.2359634247870375,EXPERIMENT_ONLY
2024-02-16,21:00,test,2024,2024,24,23.10284477016986,0.8971552298301404,24,23,false,2024,2024-02,macro_non_southerly,22.68293333333333,1.317066666666669,23,false,0.41991143683652865,-0.41991143683652865,0,false,true,false,false,-1.317066666666669,-0.8971552298301404,EXPERIMENT_ONLY
2024-02-16,22:00,test,2024,2024,24,22.943343077584213,1.0566569224157867,24,23,false,2024,2024-02,macro_non_southerly,22.68293333333333,1.317066666666669,23,false,0.26040974425088237,-0.26040974425088237,0,false,true,false,false,-1.317066666666669,-1.0566569224157867,EXPERIMENT_ONLY
2024-02-16,23:00,test,2024,2024,24,22.973286975618905,1.0267130243810954,24,23,false,2024,2024-02,macro_non_southerly,22.68293333333333,1.317066666666669,23,false,0.2903536422855737,-0.2903536422855737,0,false,true,false,false,-1.317066666666669,-1.0267130243810954,EXPERIMENT_ONLY
2024-02-17,20:00,test,2024,2024,24,22.37859285920932,1.62140714079068,24,22,false,2024,2024-02,macro_non_southerly,22.259999999999998,1.740000000000002,22,false,0.11859285920932194,-0.11859285920932194,0,false,true,false,false,-1.740000000000002,-1.62140714079068,EXPERIMENT_ONLY
2024-02-17,21:00,test,2024,2024,24,22.572092407915875,1.427907592084125,24,23,false,2024,2024-02,macro_non_southerly,22.259999999999998,1.740000000000002,22,false,0.3120924079158769,-0.3120924079158769,0,false,true,false,false,-1.740000000000002,-1.427907592084125,EXPERIMENT_ONLY
2024-02-17,22:00,test,2024,2024,24,22.27518547908747,1.7248145209125312,24,22,false,2024,2024-02,macro_non_southerly,22.259999999999998,1.740000000000002,22,false,0.01518547908747081,-0.01518547908747081,0,false,true,false,false,-1.740000000000002,-1.7248145209125312,EXPERIMENT_ONLY
2024-02-17,23:00,test,2024,2024,24,22.695288925677705,1.3047110743222952,24,23,false,2024,2024-02,macro_non_southerly,22.259999999999998,1.740000000000002,22,false,0.43528892567770683,-0.43528892567770683,0,false,true,false,false,-1.740000000000002,-1.3047110743222952,EXPERIMENT_ONLY
2024-02-18,20:00,test,2024,2024,22,22.189777637052423,0.18977763705242268,22,22,true,2024,2024-02,macro_non_southerly,21.924000000000003,0.07599999999999696,22,true,-0.11377763705242572,-0.26577763705241964,0,true,false,false,false,-0.07599999999999696,0.18977763705242268,EXPERIMENT_ONLY
2024-02-18,21:00,test,2024,2024,22,22.40016213348109,0.4001621334810892,22,22,true,2024,2024-02,macro_non_southerly,21.924000000000003,0.07599999999999696,22,true,-0.32416213348109224,-0.47616213348108616,0,true,false,false,false,-0.07599999999999696,0.4001621334810892,EXPERIMENT_ONLY
2024-02-18,22:00,test,2024,2024,22,22.19568924317612,0.19568924317611902,22,22,true,2024,2024-02,macro_non_southerly,21.924000000000003,0.07599999999999696,22,true,-0.11968924317612206,-0.271689243176116,0,true,false,false,false,-0.07599999999999696,0.19568924317611902,EXPERIMENT_ONLY
2024-02-18,23:00,test,2024,2024,22,22.358093489498934,0.35809348949893405,22,22,true,2024,2024-02,macro_non_southerly,21.924000000000003,0.07599999999999696,22,true,-0.2820934894989371,-0.434093489498931,0,true,false,false,false,-0.07599999999999696,0.35809348949893405,EXPERIMENT_ONLY
2024-02-19,20:00,test,2024,2024,23,21.830752169477947,1.1692478305220533,23,22,false,2024,2024-02,macro_non_southerly,22.100533333333335,0.8994666666666653,22,false,-0.269781163855388,0.269781163855388,0,true,false,false,false,-0.8994666666666653,-1.1692478305220533,EXPERIMENT_ONLY
2024-02-19,21:00,test,2024,2024,23,21.886612665886684,1.113387334113316,23,22,false,2024,2024-02,macro_non_southerly,22.100533333333335,0.8994666666666653,22,false,-0.21392066744665073,0.21392066744665073,0,true,false,false,false,-0.8994666666666653,-1.113387334113316,EXPERIMENT_ONLY
2024-02-19,22:00,test,2024,2024,23,21.73325106980145,1.266748930198549,23,22,false,2024,2024-02,macro_non_southerly,22.100533333333335,0.8994666666666653,22,false,-0.36728226353188376,0.36728226353188376,0,true,false,false,false,-0.8994666666666653,-1.266748930198549,EXPERIMENT_ONLY
2024-02-19,23:00,test,2024,2024,23,22.2872825043661,0.7127174956338997,23,22,false,2024,2024-02,macro_non_southerly,22.100533333333335,0.8994666666666653,22,false,0.18674917103276556,-0.18674917103276556,0,false,true,false,false,-0.8994666666666653,-0.7127174956338997,EXPERIMENT_ONLY
2024-02-20,20:00,test,2024,2024,19,18.606855657729845,0.3931443422701548,19,19,true,2024,2024-02,macro_southerly_flow,19.974,0.9740000000000002,20,false,0.5808556577298454,1.367144342270155,-1,false,true,true,false,0.9740000000000002,-0.3931443422701548,EXPERIMENT_ONLY
2024-02-20,21:00,test,2024,2024,19,18.67561540948054,0.3243845905194611,19,19,true,2024,2024-02,macro_southerly_flow,19.974,0.9740000000000002,20,false,0.6496154094805391,1.2983845905194613,-1,false,true,true,false,0.9740000000000002,-0.3243845905194611,EXPERIMENT_ONLY
2024-02-20,22:00,test,2024,2024,19,18.671532298132657,0.32846770186734275,19,19,true,2024,2024-02,macro_southerly_flow,19.974,0.9740000000000002,20,false,0.6455322981326574,1.302467701867343,-1,false,true,true,false,0.9740000000000002,-0.32846770186734275,EXPERIMENT_ONLY
2024-02-20,23:00,test,2024,2024,19,18.93693691306826,0.06306308693174145,19,19,true,2024,2024-02,macro_southerly_flow,19.974,0.9740000000000002,20,false,0.9109369130682587,1.0370630869317417,-1,false,true,true,false,0.9740000000000002,-0.06306308693174145,EXPERIMENT_ONLY
2024-02-21,20:00,test,2024,2024,19,19.642316306573402,0.6423163065734023,19,20,false,2024,2024-02,macro_non_southerly,19.98,0.9800000000000004,20,false,0.3376836934265981,0.3376836934265981,0,false,true,false,false,0.9800000000000004,0.6423163065734023,EXPERIMENT_ONLY
2024-02-21,21:00,test,2024,2024,19,20.104264136188974,1.1042641361889736,19,20,false,2024,2024-02,macro_non_southerly,19.98,0.9800000000000004,20,false,-0.12426413618897314,-0.12426413618897314,0,true,false,false,false,0.9800000000000004,1.1042641361889736,EXPERIMENT_ONLY
2024-02-21,22:00,test,2024,2024,19,19.73527658789501,0.7352765878950116,19,20,false,2024,2024-02,macro_non_southerly,19.98,0.9800000000000004,20,false,0.24472341210498882,0.24472341210498882,0,false,true,false,false,0.9800000000000004,0.7352765878950116,EXPERIMENT_ONLY
2024-02-21,23:00,test,2024,2024,19,19.940043591628857,0.9400435916288572,19,20,false,2024,2024-02,macro_non_southerly,19.98,0.9800000000000004,20,false,0.039956408371143226,0.039956408371143226,0,false,true,false,false,0.9800000000000004,0.9400435916288572,EXPERIMENT_ONLY
2024-02-22,20:00,test,2024,2024,24,21.13868646874155,2.8613135312584497,24,21,false,2024,2024-02,macro_non_southerly,23.034133333333333,0.9658666666666669,23,false,-1.8954468645917828,1.8954468645917828,0,true,false,false,false,-0.9658666666666669,-2.8613135312584497,EXPERIMENT_ONLY
2024-02-22,21:00,test,2024,2024,24,21.810108361363994,2.1898916386360057,24,22,false,2024,2024-02,macro_non_southerly,23.034133333333333,0.9658666666666669,23,false,-1.2240249719693388,1.2240249719693388,0,true,false,false,false,-0.9658666666666669,-2.1898916386360057,EXPERIMENT_ONLY
2024-02-22,22:00,test,2024,2024,24,21.80593733899125,2.1940626610087506,24,22,false,2024,2024-02,macro_non_southerly,23.034133333333333,0.9658666666666669,23,false,-1.2281959943420837,1.2281959943420837,0,true,false,false,false,-0.9658666666666669,-2.1940626610087506,EXPERIMENT_ONLY
2024-02-22,23:00,test,2024,2024,24,21.806411753129215,2.1935882468707852,24,22,false,2024,2024-02,macro_non_southerly,23.034133333333333,0.9658666666666669,23,false,-1.2277215802041184,1.2277215802041184,0,true,false,false,false,-0.9658666666666669,-2.1935882468707852,EXPERIMENT_ONLY
2024-02-23,20:00,test,2024,2024,23,22.119840484464497,0.8801595155355031,23,22,false,2024,2024-02,macro_non_southerly,21.386666666666667,1.6133333333333333,21,false,0.7331738177978302,-0.7331738177978302,0,false,true,false,false,-1.6133333333333333,-0.8801595155355031,EXPERIMENT_ONLY
2024-02-23,21:00,test,2024,2024,23,22.06277246224041,0.9372275377595898,23,22,false,2024,2024-02,macro_non_southerly,21.386666666666667,1.6133333333333333,21,false,0.6761057955737435,-0.6761057955737435,0,false,true,false,false,-1.6133333333333333,-0.9372275377595898,EXPERIMENT_ONLY
2024-02-23,22:00,test,2024,2024,23,21.929981278298847,1.0700187217011532,23,22,false,2024,2024-02,macro_non_southerly,21.386666666666667,1.6133333333333333,21,false,0.5433146116321801,-0.5433146116321801,0,false,true,false,false,-1.6133333333333333,-1.0700187217011532,EXPERIMENT_ONLY
2024-02-23,23:00,test,2024,2024,23,22.161628529621773,0.8383714703782275,23,22,false,2024,2024-02,macro_non_southerly,21.386666666666667,1.6133333333333333,21,false,0.7749618629551058,-0.7749618629551058,0,false,true,false,false,-1.6133333333333333,-0.8383714703782275,EXPERIMENT_ONLY
2024-02-24,20:00,test,2024,2024,21,22.17301923518775,1.1730192351877484,21,22,false,2024,2024-02,macro_non_southerly,21.3596,0.35960000000000036,21,true,-0.8134192351877481,-0.8134192351877481,1,true,false,false,true,0.35960000000000036,1.1730192351877484,EXPERIMENT_ONLY
2024-02-24,21:00,test,2024,2024,21,22.316660758276605,1.3166607582766048,21,22,false,2024,2024-02,macro_non_southerly,21.3596,0.35960000000000036,21,true,-0.9570607582766044,-0.9570607582766044,1,true,false,false,true,0.35960000000000036,1.3166607582766048,EXPERIMENT_ONLY
2024-02-24,22:00,test,2024,2024,21,22.10333981906572,1.1033398190657202,21,22,false,2024,2024-02,macro_non_southerly,21.3596,0.35960000000000036,21,true,-0.7437398190657198,-0.7437398190657198,1,true,false,false,true,0.35960000000000036,1.1033398190657202,EXPERIMENT_ONLY
2024-02-24,23:00,test,2024,2024,21,22.09757548347743,1.0975754834774314,21,22,false,2024,2024-02,macro_non_southerly,21.3596,0.35960000000000036,21,true,-0.737975483477431,-0.737975483477431,1,true,false,false,true,0.35960000000000036,1.0975754834774314,EXPERIMENT_ONLY
2024-02-25,20:00,test,2024,2024,20,20.424945854065086,0.42494585406508634,20,20,true,2024,2024-02,macro_southerly_flow,21.25306666666667,1.253066666666669,21,false,0.8281208126015827,0.8281208126015827,-1,false,true,true,false,1.253066666666669,0.42494585406508634,EXPERIMENT_ONLY
2024-02-25,21:00,test,2024,2024,20,19.968008435474715,0.031991564525284844,20,20,true,2024,2024-02,macro_southerly_flow,21.25306666666667,1.253066666666669,21,false,1.2210751021413841,1.2850582311919538,-1,false,true,true,false,1.253066666666669,-0.031991564525284844,EXPERIMENT_ONLY
2024-02-25,22:00,test,2024,2024,20,19.93384180019053,0.06615819980946824,20,20,true,2024,2024-02,macro_southerly_flow,21.25306666666667,1.253066666666669,21,false,1.1869084668572008,1.3192248664761372,-1,false,true,true,false,1.253066666666669,-0.06615819980946824,EXPERIMENT_ONLY
2024-02-25,23:00,test,2024,2024,20,20.439026307444614,0.4390263074446139,20,20,true,2024,2024-02,macro_southerly_flow,21.25306666666667,1.253066666666669,21,false,0.8140403592220551,0.8140403592220551,-1,false,true,true,false,1.253066666666669,0.4390263074446139,EXPERIMENT_ONLY
2024-02-26,20:00,test,2024,2024,22,21.427371942550863,0.5726280574491369,22,21,false,2024,2024-02,macro_non_southerly,21.433333333333334,0.5666666666666664,21,false,-0.005961390782470488,0.005961390782470488,0,true,false,false,false,-0.5666666666666664,-0.5726280574491369,EXPERIMENT_ONLY
2024-02-26,21:00,test,2024,2024,22,21.642731277595203,0.3572687224047968,22,22,true,2024,2024-02,macro_non_southerly,21.433333333333334,0.5666666666666664,21,false,0.20939794426186964,-0.20939794426186964,-1,false,true,true,false,-0.5666666666666664,-0.3572687224047968,EXPERIMENT_ONLY
2024-02-26,22:00,test,2024,2024,22,21.541162265728033,0.4588377342719667,22,22,true,2024,2024-02,macro_non_southerly,21.433333333333334,0.5666666666666664,21,false,0.1078289323946997,-0.1078289323946997,-1,false,true,true,false,-0.5666666666666664,-0.4588377342719667,EXPERIMENT_ONLY
2024-02-26,23:00,test,2024,2024,22,21.566918227917714,0.4330817720822857,22,22,true,2024,2024-02,macro_non_southerly,21.433333333333334,0.5666666666666664,21,false,0.13358489458438072,-0.13358489458438072,-1,false,true,true,false,-0.5666666666666664,-0.4330817720822857,EXPERIMENT_ONLY
2024-02-27,20:00,test,2024,2024,22,21.32908669603129,0.6709133039687103,22,21,false,2024,2024-02,macro_non_southerly,20.800533333333334,1.199466666666666,21,false,0.5285533626979557,-0.5285533626979557,0,false,true,false,false,-1.199466666666666,-0.6709133039687103,EXPERIMENT_ONLY
2024-02-27,21:00,test,2024,2024,22,21.34609442771365,0.6539055722863516,22,21,false,2024,2024-02,macro_non_southerly,20.800533333333334,1.199466666666666,21,false,0.5455610943803144,-0.5455610943803144,0,false,true,false,false,-1.199466666666666,-0.6539055722863516,EXPERIMENT_ONLY
2024-02-27,22:00,test,2024,2024,22,21.000020841349812,0.9999791586501878,22,21,false,2024,2024-02,macro_non_southerly,20.800533333333334,1.199466666666666,21,false,0.1994875080164782,-0.1994875080164782,0,false,true,false,false,-1.199466666666666,-0.9999791586501878,EXPERIMENT_ONLY
2024-02-27,23:00,test,2024,2024,22,21.191130025938254,0.8088699740617464,22,21,false,2024,2024-02,macro_non_southerly,20.800533333333334,1.199466666666666,21,false,0.3905966926049196,-0.3905966926049196,0,false,true,false,false,-1.199466666666666,-0.8088699740617464,EXPERIMENT_ONLY
2024-02-28,20:00,test,2024,2024,18,19.44758710437453,1.4475871043745308,18,19,false,2024,2024-02,macro_southerly_flow,18.85493333333333,0.8549333333333315,19,false,-0.5926537710411992,-0.5926537710411992,0,true,false,false,false,0.8549333333333315,1.4475871043745308,EXPERIMENT_ONLY
2024-02-28,21:00,test,2024,2024,18,19.390924722460348,1.3909247224603476,18,19,false,2024,2024-02,macro_southerly_flow,18.85493333333333,0.8549333333333315,19,false,-0.535991389127016,-0.535991389127016,0,true,false,false,false,0.8549333333333315,1.3909247224603476,EXPERIMENT_ONLY
2024-02-28,22:00,test,2024,2024,18,19.13469912766263,1.1346991276626284,18,19,false,2024,2024-02,macro_southerly_flow,18.85493333333333,0.8549333333333315,19,false,-0.2797657943292968,-0.2797657943292968,0,true,false,false,false,0.8549333333333315,1.1346991276626284,EXPERIMENT_ONLY
2024-02-28,23:00,test,2024,2024,18,18.75982045789413,0.7598204578941292,18,19,false,2024,2024-02,macro_southerly_flow,18.85493333333333,0.8549333333333315,19,false,0.09511287543920233,0.09511287543920233,0,false,true,false,false,0.8549333333333315,0.7598204578941292,EXPERIMENT_ONLY
2024-02-29,20:00,test,2024,2024,18,17.96275521429779,0.03724478570221024,18,18,true,2024,2024-02,macro_southerly_flow,19.09626666666667,1.0962666666666685,19,false,1.0590218809644583,1.1335114523688787,-1,false,true,true,false,1.0962666666666685,-0.03724478570221024,EXPERIMENT_ONLY
2024-02-29,21:00,test,2024,2024,18,17.70500660696634,0.29499339303366057,18,18,true,2024,2024-02,macro_southerly_flow,19.09626666666667,1.0962666666666685,19,false,0.8012732736330079,1.391260059700329,-1,false,true,true,false,1.0962666666666685,-0.29499339303366057,EXPERIMENT_ONLY
2024-02-29,22:00,test,2024,2024,18,17.616272423133438,0.383727576866562,18,18,true,2024,2024-02,macro_southerly_flow,19.09626666666667,1.0962666666666685,19,false,0.7125390898001065,1.4799942435332305,-1,false,true,true,false,1.0962666666666685,-0.383727576866562,EXPERIMENT_ONLY
2024-02-29,23:00,test,2024,2024,18,17.89356260143895,0.10643739856104872,18,18,true,2024,2024-02,macro_southerly_flow,19.09626666666667,1.0962666666666685,19,false,0.9898292681056198,1.2027040652277172,-1,false,true,true,false,1.0962666666666685,-0.10643739856104872,EXPERIMENT_ONLY
2024-03-01,20:00,test,2024,2024,23,20.255653981689072,2.744346018310928,23,20,false,2024,2024-03,macro_non_southerly,21.483866666666668,1.5161333333333324,21,false,-1.2282126849775956,1.2282126849775956,0,true,false,false,false,-1.5161333333333324,-2.744346018310928,EXPERIMENT_ONLY
2024-03-01,21:00,test,2024,2024,23,20.9774872059068,2.022512794093199,23,21,false,2024,2024-03,macro_non_southerly,21.483866666666668,1.5161333333333324,21,false,-0.5063794607598666,0.5063794607598666,0,true,false,false,false,-1.5161333333333324,-2.022512794093199,EXPERIMENT_ONLY
2024-03-01,22:00,test,2024,2024,23,20.87576285964132,2.12423714035868,23,21,false,2024,2024-03,macro_non_southerly,21.483866666666668,1.5161333333333324,21,false,-0.6081038070253477,0.6081038070253477,0,true,false,false,false,-1.5161333333333324,-2.12423714035868,EXPERIMENT_ONLY
2024-03-01,23:00,test,2024,2024,23,20.932422181638433,2.067577818361567,23,21,false,2024,2024-03,macro_non_southerly,21.483866666666668,1.5161333333333324,21,false,-0.5514444850282345,0.5514444850282345,0,true,false,false,false,-1.5161333333333324,-2.067577818361567,EXPERIMENT_ONLY
2024-03-02,20:00,test,2024,2024,20,22.268354535722043,2.268354535722043,20,22,false,2024,2024-03,macro_non_southerly,21.742666666666665,1.7426666666666648,22,false,-0.5256878690553783,-0.5256878690553783,0,true,false,false,false,1.7426666666666648,2.268354535722043,EXPERIMENT_ONLY
2024-03-02,21:00,test,2024,2024,20,22.379042363753335,2.379042363753335,20,22,false,2024,2024-03,macro_non_southerly,21.742666666666665,1.7426666666666648,22,false,-0.6363756970866703,-0.6363756970866703,0,true,false,false,false,1.7426666666666648,2.379042363753335,EXPERIMENT_ONLY
2024-03-02,22:00,test,2024,2024,20,22.249044033359795,2.2490440333597945,20,22,false,2024,2024-03,macro_non_southerly,21.742666666666665,1.7426666666666648,22,false,-0.5063773666931297,-0.5063773666931297,0,true,false,false,false,1.7426666666666648,2.2490440333597945,EXPERIMENT_ONLY
2024-03-02,23:00,test,2024,2024,20,22.482800120194806,2.4828001201948062,20,22,false,2024,2024-03,macro_non_southerly,21.742666666666665,1.7426666666666648,22,false,-0.7401334535281414,-0.7401334535281414,0,true,false,false,false,1.7426666666666648,2.4828001201948062,EXPERIMENT_ONLY
2024-03-03,20:00,test,2024,2024,22,22.47607541658819,0.4760754165881913,22,22,true,2024,2024-03,macro_non_southerly,22.2012,0.20120000000000005,22,true,-0.27487541658819126,-0.27487541658819126,0,true,false,false,false,0.20120000000000005,0.4760754165881913,EXPERIMENT_ONLY
2024-03-03,21:00,test,2024,2024,22,21.422091630205507,0.5779083697944927,22,21,false,2024,2024-03,macro_non_southerly,22.2012,0.20120000000000005,22,true,-0.3767083697944926,0.7791083697944927,1,true,false,false,true,0.20120000000000005,-0.5779083697944927,EXPERIMENT_ONLY
2024-03-03,22:00,test,2024,2024,22,20.937782219580566,1.0622177804194344,22,21,false,2024,2024-03,macro_non_southerly,22.2012,0.20120000000000005,22,true,-0.8610177804194343,1.2634177804194344,1,true,false,false,true,0.20120000000000005,-1.0622177804194344,EXPERIMENT_ONLY
2024-03-03,23:00,test,2024,2024,22,21.16525311440093,0.8347468855990705,22,21,false,2024,2024-03,macro_non_southerly,22.2012,0.20120000000000005,22,true,-0.6335468855990705,1.0359468855990706,1,true,false,false,true,0.20120000000000005,-0.8347468855990705,EXPERIMENT_ONLY
2024-03-04,20:00,test,2024,2024,20,21.315929009970755,1.3159290099707555,20,21,false,2024,2024-03,macro_non_southerly,20.88586666666667,0.8858666666666686,21,false,-0.4300623433040869,-0.4300623433040869,0,true,false,false,false,0.8858666666666686,1.3159290099707555,EXPERIMENT_ONLY
2024-03-04,21:00,test,2024,2024,20,21.700810944029012,1.700810944029012,20,22,false,2024,2024-03,macro_non_southerly,20.88586666666667,0.8858666666666686,21,false,-0.8149442773623434,-0.8149442773623434,0,true,false,false,false,0.8858666666666686,1.700810944029012,EXPERIMENT_ONLY
2024-03-04,22:00,test,2024,2024,20,21.823173666894583,1.8231736668945828,20,22,false,2024,2024-03,macro_non_southerly,20.88586666666667,0.8858666666666686,21,false,-0.9373070002279142,-0.9373070002279142,0,true,false,false,false,0.8858666666666686,1.8231736668945828,EXPERIMENT_ONLY
2024-03-04,23:00,test,2024,2024,20,21.872831721589407,1.8728317215894066,20,22,false,2024,2024-03,macro_non_southerly,20.88586666666667,0.8858666666666686,21,false,-0.986965054922738,-0.986965054922738,0,true,false,false,false,0.8858666666666686,1.8728317215894066,EXPERIMENT_ONLY
2024-03-05,20:00,test,2024,2024,19,18.43032122061411,0.5696787793858888,19,18,false,2024,2024-03,macro_non_southerly,18.569333333333333,0.4306666666666672,19,true,-0.13901211271922165,0.13901211271922165,1,true,false,false,true,-0.4306666666666672,-0.5696787793858888,EXPERIMENT_ONLY
2024-03-05,21:00,test,2024,2024,19,18.076778305375374,0.9232216946246261,19,18,false,2024,2024-03,macro_non_southerly,18.569333333333333,0.4306666666666672,19,true,-0.4925550279579589,0.4925550279579589,1,true,false,false,true,-0.4306666666666672,-0.9232216946246261,EXPERIMENT_ONLY
2024-03-05,22:00,test,2024,2024,19,18.11691248386975,0.8830875161302494,19,18,false,2024,2024-03,macro_non_southerly,18.569333333333333,0.4306666666666672,19,true,-0.4524208494635822,0.4524208494635822,1,true,false,false,true,-0.4306666666666672,-0.8830875161302494,EXPERIMENT_ONLY
2024-03-05,23:00,test,2024,2024,19,18.628625905342012,0.37137409465798754,19,19,true,2024,2024-03,macro_non_southerly,18.569333333333333,0.4306666666666672,19,true,0.059292572008679656,-0.059292572008679656,0,false,true,false,false,-0.4306666666666672,-0.37137409465798754,EXPERIMENT_ONLY
2024-03-06,20:00,test,2024,2024,17,16.121714797195768,0.8782852028042321,17,16,false,2024,2024-03,macro_southerly_flow,17.571733333333338,0.5717333333333379,18,false,-0.3065518694708942,1.45001853613757,0,true,false,false,false,0.5717333333333379,-0.8782852028042321,EXPERIMENT_ONLY
2024-03-06,21:00,test,2024,2024,17,15.923592605806135,1.0764073941938648,17,16,false,2024,2024-03,macro_southerly_flow,17.571733333333338,0.5717333333333379,18,false,-0.5046740608605269,1.6481407275272026,0,true,false,false,false,0.5717333333333379,-1.0764073941938648,EXPERIMENT_ONLY
2024-03-06,22:00,test,2024,2024,17,15.760787049285906,1.2392129507140943,17,16,false,2024,2024-03,macro_southerly_flow,17.571733333333338,0.5717333333333379,18,false,-0.6674796173807565,1.8109462840474322,0,true,false,false,false,0.5717333333333379,-1.2392129507140943,EXPERIMENT_ONLY
2024-03-06,23:00,test,2024,2024,17,16.17663003398391,0.8233699660160916,17,16,false,2024,2024-03,macro_southerly_flow,17.571733333333338,0.5717333333333379,18,false,-0.2516366326827537,1.3951032993494294,0,true,false,false,false,0.5717333333333379,-0.8233699660160916,EXPERIMENT_ONLY
2024-03-07,20:00,test,2024,2024,19,19.340641385172862,0.34064138517286224,19,19,true,2024,2024-03,macro_non_southerly,19.865333333333332,0.8653333333333322,20,false,0.5246919481604699,0.5246919481604699,-1,false,true,true,false,0.8653333333333322,0.34064138517286224,EXPERIMENT_ONLY
2024-03-07,21:00,test,2024,2024,19,19.81361196217706,0.8136119621770597,19,20,false,2024,2024-03,macro_non_southerly,19.865333333333332,0.8653333333333322,20,false,0.05172137115627251,0.05172137115627251,0,false,true,false,false,0.8653333333333322,0.8136119621770597,EXPERIMENT_ONLY
2024-03-07,22:00,test,2024,2024,19,19.750667505425128,0.7506675054251275,19,20,false,2024,2024-03,macro_non_southerly,19.865333333333332,0.8653333333333322,20,false,0.11466582790820468,0.11466582790820468,0,false,true,false,false,0.8653333333333322,0.7506675054251275,EXPERIMENT_ONLY
2024-03-07,23:00,test,2024,2024,19,19.8766816147315,0.8766816147314991,19,20,false,2024,2024-03,macro_non_southerly,19.865333333333332,0.8653333333333322,20,false,-0.011348281398166904,-0.011348281398166904,0,true,false,false,false,0.8653333333333322,0.8766816147314991,EXPERIMENT_ONLY
2024-03-08,20:00,test,2024,2024,19,19.59431174659698,0.5943117465969792,19,20,false,2024,2024-03,macro_non_southerly,19.02,0.019999999999999574,19,true,-0.5743117465969796,-0.5743117465969796,1,true,false,false,true,0.019999999999999574,0.5943117465969792,EXPERIMENT_ONLY
2024-03-08,21:00,test,2024,2024,19,19.190977525409416,0.1909775254094157,19,19,true,2024,2024-03,macro_non_southerly,19.02,0.019999999999999574,19,true,-0.17097752540941613,-0.17097752540941613,0,true,false,false,false,0.019999999999999574,0.1909775254094157,EXPERIMENT_ONLY
2024-03-08,22:00,test,2024,2024,19,19.08792133686332,0.08792133686332093,19,19,true,2024,2024-03,macro_non_southerly,19.02,0.019999999999999574,19,true,-0.06792133686332136,-0.06792133686332136,0,true,false,false,false,0.019999999999999574,0.08792133686332093,EXPERIMENT_ONLY
2024-03-08,23:00,test,2024,2024,19,19.140740101937794,0.1407401019377943,19,19,true,2024,2024-03,macro_non_southerly,19.02,0.019999999999999574,19,true,-0.12074010193779472,-0.12074010193779472,0,true,false,false,false,0.019999999999999574,0.1407401019377943,EXPERIMENT_ONLY
2024-03-09,20:00,test,2024,2024,20,20.01590560068379,0.015905600683790766,20,20,true,2024,2024-03,macro_non_southerly,20.0272,0.027200000000000557,20,true,0.011294399316209791,0.011294399316209791,0,false,true,false,false,0.027200000000000557,0.015905600683790766,EXPERIMENT_ONLY
2024-03-09,21:00,test,2024,2024,20,19.516161315751834,0.4838386842481661,20,20,true,2024,2024-03,macro_non_southerly,20.0272,0.027200000000000557,20,true,-0.45663868424816556,0.5110386842481667,0,true,false,false,false,0.027200000000000557,-0.4838386842481661,EXPERIMENT_ONLY
2024-03-09,22:00,test,2024,2024,20,20.234640663169323,0.23464066316932275,20,20,true,2024,2024-03,macro_non_southerly,20.0272,0.027200000000000557,20,true,-0.2074406631693222,-0.2074406631693222,0,true,false,false,false,0.027200000000000557,0.23464066316932275,EXPERIMENT_ONLY
2024-03-09,23:00,test,2024,2024,20,20.4311012508185,0.43110125081850015,20,20,true,2024,2024-03,macro_non_southerly,20.0272,0.027200000000000557,20,true,-0.4039012508184996,-0.4039012508184996,0,true,false,false,false,0.027200000000000557,0.43110125081850015,EXPERIMENT_ONLY
2024-03-10,20:00,test,2024,2024,20,19.07584422413221,0.9241557758677885,20,19,false,2024,2024-03,macro_southerly_flow,18.936,1.064,19,false,0.13984422413221154,-0.13984422413221154,0,false,true,false,false,-1.064,-0.9241557758677885,EXPERIMENT_ONLY
2024-03-10,21:00,test,2024,2024,20,19.546840489525554,0.45315951047444614,20,20,true,2024,2024-03,macro_southerly_flow,18.936,1.064,19,false,0.6108404895255539,-0.6108404895255539,-1,false,true,true,false,-1.064,-0.45315951047444614,EXPERIMENT_ONLY
2024-03-10,22:00,test,2024,2024,20,19.902801142179552,0.09719885782044813,20,20,true,2024,2024-03,macro_southerly_flow,18.936,1.064,19,false,0.9668011421795519,-0.9668011421795519,-1,false,true,true,false,-1.064,-0.09719885782044813,EXPERIMENT_ONLY
2024-03-10,23:00,test,2024,2024,20,20.46422563794209,0.46422563794208926,20,20,true,2024,2024-03,macro_southerly_flow,18.936,1.064,19,false,0.5997743620579108,-1.5282256379420893,-1,false,true,true,false,-1.064,0.46422563794208926,EXPERIMENT_ONLY
2024-03-11,20:00,test,2024,2024,21,20.63657752094885,0.3634224790511489,21,21,true,2024,2024-03,macro_non_southerly,20.840533333333333,0.15946666666666687,21,true,-0.20395581238448202,0.20395581238448202,0,true,false,false,false,-0.15946666666666687,-0.3634224790511489,EXPERIMENT_ONLY
2024-03-11,21:00,test,2024,2024,21,20.847876920897523,0.15212307910247702,21,21,true,2024,2024-03,macro_non_southerly,20.840533333333333,0.15946666666666687,21,true,0.007343587564189846,-0.007343587564189846,0,false,true,false,false,-0.15946666666666687,-0.15212307910247702,EXPERIMENT_ONLY
2024-03-11,22:00,test,2024,2024,21,20.266834779001893,0.7331652209981065,21,20,false,2024,2024-03,macro_non_southerly,20.840533333333333,0.15946666666666687,21,true,-0.5736985543314397,0.5736985543314397,1,true,false,false,true,-0.15946666666666687,-0.7331652209981065,EXPERIMENT_ONLY
2024-03-11,23:00,test,2024,2024,21,20.491067139929697,0.5089328600703027,21,20,false,2024,2024-03,macro_non_southerly,20.840533333333333,0.15946666666666687,21,true,-0.3494661934036358,0.3494661934036358,1,true,false,false,true,-0.15946666666666687,-0.5089328600703027,EXPERIMENT_ONLY
2024-03-12,20:00,test,2024,2024,22,19.414883010724914,2.585116989275086,22,19,false,2024,2024-03,macro_southerly_flow,20.345066666666668,1.6549333333333323,20,false,-0.9301836559417538,0.9301836559417538,0,true,false,false,false,-1.6549333333333323,-2.585116989275086,EXPERIMENT_ONLY
2024-03-12,21:00,test,2024,2024,22,19.859879017811462,2.140120982188538,22,20,false,2024,2024-03,macro_southerly_flow,20.345066666666668,1.6549333333333323,20,false,-0.4851876488552058,0.4851876488552058,0,true,false,false,false,-1.6549333333333323,-2.140120982188538,EXPERIMENT_ONLY
2024-03-12,22:00,test,2024,2024,22,20.004152929360167,1.995847070639833,22,20,false,2024,2024-03,macro_southerly_flow,20.345066666666668,1.6549333333333323,20,false,-0.34091373730650076,0.34091373730650076,0,true,false,false,false,-1.6549333333333323,-1.995847070639833,EXPERIMENT_ONLY
2024-03-12,23:00,test,2024,2024,22,21.436441817038524,0.5635581829614758,22,21,false,2024,2024-03,macro_non_southerly,20.345066666666668,1.6549333333333323,20,false,1.0913751503718565,-1.0913751503718565,0,false,true,false,false,-1.6549333333333323,-0.5635581829614758,EXPERIMENT_ONLY
2024-03-13,20:00,test,2024,2024,18,20.296336483369693,2.296336483369693,18,20,false,2024,2024-03,macro_non_southerly,19.393866666666668,1.3938666666666677,19,false,-0.9024698167030252,-0.9024698167030252,0,true,false,false,false,1.3938666666666677,2.296336483369693,EXPERIMENT_ONLY
2024-03-13,21:00,test,2024,2024,18,19.434603075943926,1.4346030759439259,18,19,false,2024,2024-03,macro_non_southerly,19.393866666666668,1.3938666666666677,19,false,-0.04073640927725819,-0.04073640927725819,0,true,false,false,false,1.3938666666666677,1.4346030759439259,EXPERIMENT_ONLY
2024-03-13,22:00,test,2024,2024,18,19.34857364591408,1.3485736459140796,18,19,false,2024,2024-03,macro_non_southerly,19.393866666666668,1.3938666666666677,19,false,0.04529302075258812,0.04529302075258812,0,false,true,false,false,1.3938666666666677,1.3485736459140796,EXPERIMENT_ONLY
2024-03-13,23:00,test,2024,2024,18,19.45062782886705,1.4506278288670487,18,19,false,2024,2024-03,macro_non_southerly,19.393866666666668,1.3938666666666677,19,false,-0.056761162200380966,-0.056761162200380966,0,true,false,false,false,1.3938666666666677,1.4506278288670487,EXPERIMENT_ONLY
2024-03-14,20:00,test,2024,2024,19,19.184839385146446,0.1848393851464465,19,19,true,2024,2024-03,macro_non_southerly,18.58693333333333,0.41306666666666914,19,true,0.22822728152022265,-0.5979060518131156,0,false,true,false,false,-0.41306666666666914,0.1848393851464465,EXPERIMENT_ONLY
2024-03-14,21:00,test,2024,2024,19,19.66827471485495,0.6682747148549488,19,20,false,2024,2024-03,macro_non_southerly,18.58693333333333,0.41306666666666914,19,true,-0.2552080481882797,-1.081341381521618,1,true,false,false,true,-0.41306666666666914,0.6682747148549488,EXPERIMENT_ONLY
2024-03-14,22:00,test,2024,2024,19,19.60222346809945,0.6022234680994494,19,20,false,2024,2024-03,macro_non_southerly,18.58693333333333,0.41306666666666914,19,true,-0.18915680143278024,-1.0152901347661185,1,true,false,false,true,-0.41306666666666914,0.6022234680994494,EXPERIMENT_ONLY
2024-03-14,23:00,test,2024,2024,19,19.69036012887362,0.6903601288736212,19,20,false,2024,2024-03,macro_non_southerly,18.58693333333333,0.41306666666666914,19,true,-0.27729346220695206,-1.1034267955402903,1,true,false,false,true,-0.41306666666666914,0.6903601288736212,EXPERIMENT_ONLY
2024-03-15,20:00,test,2024,2024,20,18.653995513549972,1.3460044864500276,20,19,false,2024,2024-03,macro_non_southerly,19.377333333333333,0.6226666666666674,19,false,-0.7233378197833602,0.7233378197833602,0,true,false,false,false,-0.6226666666666674,-1.3460044864500276,EXPERIMENT_ONLY
2024-03-15,21:00,test,2024,2024,20,18.740995213663783,1.2590047863362166,20,19,false,2024,2024-03,macro_non_southerly,19.377333333333333,0.6226666666666674,19,false,-0.6363381196695492,0.6363381196695492,0,true,false,false,false,-0.6226666666666674,-1.2590047863362166,EXPERIMENT_ONLY
2024-03-15,22:00,test,2024,2024,20,18.744227469917487,1.2557725300825133,20,19,false,2024,2024-03,macro_non_southerly,19.377333333333333,0.6226666666666674,19,false,-0.633105863415846,0.633105863415846,0,true,false,false,false,-0.6226666666666674,-1.2557725300825133,EXPERIMENT_ONLY
2024-03-15,23:00,test,2024,2024,20,19.347735423737287,0.6522645762627128,20,19,false,2024,2024-03,macro_non_southerly,19.377333333333333,0.6226666666666674,19,false,-0.02959790959604547,0.02959790959604547,0,true,false,false,false,-0.6226666666666674,-0.6522645762627128,EXPERIMENT_ONLY
2024-03-16,20:00,test,2024,2024,17,17.751042023231076,0.7510420232310757,17,18,false,2024,2024-03,macro_non_southerly,16.816266666666667,0.18373333333333264,17,true,-0.5673086898977431,-0.9347753565644084,1,true,false,false,true,-0.18373333333333264,0.7510420232310757,EXPERIMENT_ONLY
2024-03-16,21:00,test,2024,2024,17,17.554293666624773,0.5542936666247726,17,18,false,2024,2024-03,macro_non_southerly,16.816266666666667,0.18373333333333264,17,true,-0.37056033329144,-0.7380269999581053,1,true,false,false,true,-0.18373333333333264,0.5542936666247726,EXPERIMENT_ONLY
2024-03-16,22:00,test,2024,2024,17,17.390306944599402,0.3903069445994021,17,17,true,2024,2024-03,macro_non_southerly,16.816266666666667,0.18373333333333264,17,true,-0.20657361126606943,-0.5740402779327347,0,true,false,false,false,-0.18373333333333264,0.3903069445994021,EXPERIMENT_ONLY
2024-03-16,23:00,test,2024,2024,17,17.627721014751277,0.6277210147512768,17,18,false,2024,2024-03,macro_non_southerly,16.816266666666667,0.18373333333333264,17,true,-0.4439876814179442,-0.8114543480846095,1,true,false,false,true,-0.18373333333333264,0.6277210147512768,EXPERIMENT_ONLY
2024-03-17,20:00,test,2024,2024,20,18.538914353012068,1.4610856469879323,20,19,false,2024,2024-03,macro_non_southerly,19.041066666666666,0.9589333333333343,19,false,-0.502152313654598,0.502152313654598,0,true,false,false,false,-0.9589333333333343,-1.4610856469879323,EXPERIMENT_ONLY
2024-03-17,21:00,test,2024,2024,20,18.95282475063885,1.0471752493611497,20,19,false,2024,2024-03,macro_non_southerly,19.041066666666666,0.9589333333333343,19,false,-0.08824191602781539,0.08824191602781539,0,true,false,false,false,-0.9589333333333343,-1.0471752493611497,EXPERIMENT_ONLY
2024-03-17,22:00,test,2024,2024,20,18.67697667945857,1.3230233205414308,20,19,false,2024,2024-03,macro_non_southerly,19.041066666666666,0.9589333333333343,19,false,-0.3640899872080965,0.3640899872080965,0,true,false,false,false,-0.9589333333333343,-1.3230233205414308,EXPERIMENT_ONLY
2024-03-17,23:00,test,2024,2024,20,19.111403878444726,0.888596121555274,20,19,false,2024,2024-03,macro_non_southerly,19.041066666666666,0.9589333333333343,19,false,0.0703372117780603,-0.0703372117780603,0,false,true,false,false,-0.9589333333333343,-0.888596121555274,EXPERIMENT_ONLY
2024-03-18,20:00,test,2024,2024,17,18.777635826709286,1.777635826709286,17,19,false,2024,2024-03,macro_non_southerly,16.794400000000003,0.2055999999999969,17,true,-1.572035826709289,-1.983235826709283,1,true,false,false,true,-0.2055999999999969,1.777635826709286,EXPERIMENT_ONLY
2024-03-18,21:00,test,2024,2024,17,18.657355901196503,1.6573559011965031,17,19,false,2024,2024-03,macro_non_southerly,16.794400000000003,0.2055999999999969,17,true,-1.4517559011965062,-1.8629559011965,1,true,false,false,true,-0.2055999999999969,1.6573559011965031,EXPERIMENT_ONLY
2024-03-18,22:00,test,2024,2024,17,18.398352858069632,1.3983528580696323,17,18,false,2024,2024-03,macro_non_southerly,16.794400000000003,0.2055999999999969,17,true,-1.1927528580696354,-1.6039528580696292,1,true,false,false,true,-0.2055999999999969,1.3983528580696323,EXPERIMENT_ONLY
2024-03-18,23:00,test,2024,2024,17,17.919622622903507,0.9196226229035069,17,18,false,2024,2024-03,macro_non_southerly,16.794400000000003,0.2055999999999969,17,true,-0.71402262290351,-1.1252226229035038,1,true,false,false,true,-0.2055999999999969,0.9196226229035069,EXPERIMENT_ONLY
2024-03-19,20:00,test,2024,2024,15,15.377569366927574,0.3775693669275739,15,15,true,2024,2024-03,macro_southerly_flow,14.817333333333332,0.18266666666666787,15,true,-0.19490270026090606,-0.5602360335942418,0,true,false,false,false,-0.18266666666666787,0.3775693669275739,EXPERIMENT_ONLY
2024-03-19,21:00,test,2024,2024,15,15.500354158152799,0.500354158152799,15,16,false,2024,2024-03,macro_southerly_flow,14.817333333333332,0.18266666666666787,15,true,-0.3176874914861312,-0.6830208248194669,1,true,false,false,true,-0.18266666666666787,0.500354158152799,EXPERIMENT_ONLY
2024-03-19,22:00,test,2024,2024,15,15.335861222339517,0.335861222339517,15,15,true,2024,2024-03,macro_southerly_flow,14.817333333333332,0.18266666666666787,15,true,-0.15319455567284912,-0.5185278890061849,0,true,false,false,false,-0.18266666666666787,0.335861222339517,EXPERIMENT_ONLY
2024-03-19,23:00,test,2024,2024,15,15.856146117860973,0.8561461178609733,15,16,false,2024,2024-03,macro_southerly_flow,14.817333333333332,0.18266666666666787,15,true,-0.6734794511943054,-1.0388127845276411,1,true,false,false,true,-0.18266666666666787,0.8561461178609733,EXPERIMENT_ONLY
2024-03-20,20:00,test,2024,2024,16,16.245885803668834,0.24588580366883406,16,16,true,2024,2024-03,macro_southerly_flow,16.482933333333335,0.4829333333333352,16,true,0.23704752966450116,0.23704752966450116,0,false,true,false,false,0.4829333333333352,0.24588580366883406,EXPERIMENT_ONLY
2024-03-20,21:00,test,2024,2024,16,16.415629720988857,0.4156297209888571,16,16,true,2024,2024-03,macro_southerly_flow,16.482933333333335,0.4829333333333352,16,true,0.06730361234447813,0.06730361234447813,0,false,true,false,false,0.4829333333333352,0.4156297209888571,EXPERIMENT_ONLY
2024-03-20,22:00,test,2024,2024,16,16.346230925905925,0.34623092590592464,16,16,true,2024,2024-03,macro_southerly_flow,16.482933333333335,0.4829333333333352,16,true,0.13670240742741058,0.13670240742741058,0,false,true,false,false,0.4829333333333352,0.34623092590592464,EXPERIMENT_ONLY
2024-03-20,23:00,test,2024,2024,16,16.53986134731352,0.5398613473135185,16,17,false,2024,2024-03,macro_southerly_flow,16.482933333333335,0.4829333333333352,16,true,-0.05692801398018332,-0.05692801398018332,1,true,false,false,true,0.4829333333333352,0.5398613473135185,EXPERIMENT_ONLY
2024-03-21,20:00,test,2024,2024,19,18.53521160651388,0.46478839348612055,19,19,true,2024,2024-03,macro_non_southerly,18.010133333333336,0.9898666666666642,18,false,0.5250782731805437,-0.5250782731805437,-1,false,true,true,false,-0.9898666666666642,-0.46478839348612055,EXPERIMENT_ONLY
2024-03-21,21:00,test,2024,2024,19,19.095991191110762,0.09599119111076249,19,19,true,2024,2024-03,macro_non_southerly,18.010133333333336,0.9898666666666642,18,false,0.8938754755559017,-1.0858578577774267,-1,false,true,true,false,-0.9898666666666642,0.09599119111076249,EXPERIMENT_ONLY
2024-03-21,22:00,test,2024,2024,19,18.915233966880063,0.08476603311993713,19,19,true,2024,2024-03,macro_non_southerly,18.010133333333336,0.9898666666666642,18,false,0.9051006335467271,-0.9051006335467271,-1,false,true,true,false,-0.9898666666666642,-0.08476603311993713,EXPERIMENT_ONLY
2024-03-21,23:00,test,2024,2024,19,19.030419236804963,0.03041923680496339,19,19,true,2024,2024-03,macro_non_southerly,18.010133333333336,0.9898666666666642,18,false,0.9594474298617008,-1.0202859034716276,-1,false,true,true,false,-0.9898666666666642,0.03041923680496339,EXPERIMENT_ONLY
2024-03-22,20:00,test,2024,2024,20,18.530024353962105,1.469975646037895,20,19,false,2024,2024-03,macro_non_southerly,18.825333333333333,1.174666666666667,19,false,-0.295308979371228,0.295308979371228,0,true,false,false,false,-1.174666666666667,-1.469975646037895,EXPERIMENT_ONLY
2024-03-22,21:00,test,2024,2024,20,18.720463302888994,1.2795366971110056,20,19,false,2024,2024-03,macro_non_southerly,18.825333333333333,1.174666666666667,19,false,-0.10487003044433862,0.10487003044433862,0,true,false,false,false,-1.174666666666667,-1.2795366971110056,EXPERIMENT_ONLY
2024-03-22,22:00,test,2024,2024,20,18.59163189025277,1.4083681097472294,20,19,false,2024,2024-03,macro_non_southerly,18.825333333333333,1.174666666666667,19,false,-0.2337014430805624,0.2337014430805624,0,true,false,false,false,-1.174666666666667,-1.4083681097472294,EXPERIMENT_ONLY
2024-03-22,23:00,test,2024,2024,20,18.452239203077344,1.5477607969226561,20,18,false,2024,2024-03,macro_non_southerly,18.825333333333333,1.174666666666667,19,false,-0.37309413025598914,0.37309413025598914,0,true,false,false,false,-1.174666666666667,-1.5477607969226561,EXPERIMENT_ONLY
2024-03-23,20:00,test,2024,2024,21,19.844278754850137,1.1557212451498629,21,20,false,2024,2024-03,macro_non_southerly,19.529600000000002,1.470399999999998,20,false,0.3146787548501351,-0.3146787548501351,0,false,true,false,false,-1.470399999999998,-1.1557212451498629,EXPERIMENT_ONLY
2024-03-23,21:00,test,2024,2024,21,20.09592511287399,0.9040748871260114,21,20,false,2024,2024-03,macro_non_southerly,19.529600000000002,1.470399999999998,20,false,0.5663251128739866,-0.5663251128739866,0,false,true,false,false,-1.470399999999998,-0.9040748871260114,EXPERIMENT_ONLY
2024-03-23,22:00,test,2024,2024,21,20.06794639510929,0.9320536048907115,21,20,false,2024,2024-03,macro_non_southerly,19.529600000000002,1.470399999999998,20,false,0.5383463951092864,-0.5383463951092864,0,false,true,false,false,-1.470399999999998,-0.9320536048907115,EXPERIMENT_ONLY
2024-03-23,23:00,test,2024,2024,21,20.170620376038553,0.8293796239614473,21,20,false,2024,2024-03,macro_non_southerly,19.529600000000002,1.470399999999998,20,false,0.6410203760385507,-0.6410203760385507,0,false,true,false,false,-1.470399999999998,-0.8293796239614473,EXPERIMENT_ONLY
2024-03-24,20:00,test,2024,2024,21,19.771369152233945,1.2286308477660555,21,20,false,2024,2024-03,macro_non_southerly,19.51386666666667,1.4861333333333313,20,false,0.25750248556727584,-0.25750248556727584,0,false,true,false,false,-1.4861333333333313,-1.2286308477660555,EXPERIMENT_ONLY
2024-03-24,21:00,test,2024,2024,21,19.674811955382758,1.3251880446172422,21,20,false,2024,2024-03,macro_non_southerly,19.51386666666667,1.4861333333333313,20,false,0.16094528871608915,-0.16094528871608915,0,false,true,false,false,-1.4861333333333313,-1.3251880446172422,EXPERIMENT_ONLY
2024-03-24,22:00,test,2024,2024,21,19.558219442302416,1.4417805576975837,21,20,false,2024,2024-03,macro_non_southerly,19.51386666666667,1.4861333333333313,20,false,0.04435277563574758,-0.04435277563574758,0,false,true,false,false,-1.4861333333333313,-1.4417805576975837,EXPERIMENT_ONLY
2024-03-24,23:00,test,2024,2024,21,19.981507617404475,1.0184923825955252,21,20,false,2024,2024-03,macro_non_southerly,19.51386666666667,1.4861333333333313,20,false,0.4676409507378061,-0.4676409507378061,0,false,true,false,false,-1.4861333333333313,-1.0184923825955252,EXPERIMENT_ONLY
2024-03-25,20:00,test,2024,2024,21,20.871103342007835,0.12889665799216488,21,21,true,2024,2024-03,macro_non_southerly,19.8016,1.1983999999999995,20,false,1.0695033420078346,-1.0695033420078346,-1,false,true,true,false,-1.1983999999999995,-0.12889665799216488,EXPERIMENT_ONLY
2024-03-25,21:00,test,2024,2024,21,20.995962717390857,0.004037282609143489,21,21,true,2024,2024-03,macro_non_southerly,19.8016,1.1983999999999995,20,false,1.194362717390856,-1.194362717390856,-1,false,true,true,false,-1.1983999999999995,-0.004037282609143489,EXPERIMENT_ONLY
2024-03-25,22:00,test,2024,2024,21,20.891004174054167,0.10899582594583279,21,21,true,2024,2024-03,macro_non_southerly,19.8016,1.1983999999999995,20,false,1.0894041740541667,-1.0894041740541667,-1,false,true,true,false,-1.1983999999999995,-0.10899582594583279,EXPERIMENT_ONLY
2024-03-25,23:00,test,2024,2024,21,21.017595207432404,0.017595207432403726,21,21,true,2024,2024-03,macro_non_southerly,19.8016,1.1983999999999995,20,false,1.1808047925675957,-1.2159952074324032,-1,false,true,true,false,-1.1983999999999995,0.017595207432403726,EXPERIMENT_ONLY
2024-03-26,20:00,test,2024,2024,22,21.280714594694526,0.7192854053054738,22,21,false,2024,2024-03,macro_non_southerly,20.834133333333334,1.1658666666666662,21,false,0.44658126136119236,-0.44658126136119236,0,false,true,false,false,-1.1658666666666662,-0.7192854053054738,EXPERIMENT_ONLY
2024-03-26,21:00,test,2024,2024,22,21.20363993693514,0.79636006306486,22,21,false,2024,2024-03,macro_non_southerly,20.834133333333334,1.1658666666666662,21,false,0.3695066036018062,-0.3695066036018062,0,false,true,false,false,-1.1658666666666662,-0.79636006306486,EXPERIMENT_ONLY
2024-03-26,22:00,test,2024,2024,22,21.114049285500773,0.8859507144992271,22,21,false,2024,2024-03,macro_non_southerly,20.834133333333334,1.1658666666666662,21,false,0.27991595216743903,-0.27991595216743903,0,false,true,false,false,-1.1658666666666662,-0.8859507144992271,EXPERIMENT_ONLY
2024-03-26,23:00,test,2024,2024,22,21.28635721417405,0.7136427858259502,22,21,false,2024,2024-03,macro_non_southerly,20.834133333333334,1.1658666666666662,21,false,0.45222388084071596,-0.45222388084071596,0,false,true,false,false,-1.1658666666666662,-0.7136427858259502,EXPERIMENT_ONLY
2024-03-27,20:00,test,2024,2024,21,19.53728280367172,1.4627171963282812,21,20,false,2024,2024-03,macro_non_southerly,20.5112,0.48880000000000123,21,true,-0.97391719632828,0.97391719632828,1,true,false,false,true,-0.48880000000000123,-1.4627171963282812,EXPERIMENT_ONLY
2024-03-27,21:00,test,2024,2024,21,19.873000864502696,1.1269991354973037,21,20,false,2024,2024-03,macro_non_southerly,20.5112,0.48880000000000123,21,true,-0.6381991354973024,0.6381991354973024,1,true,false,false,true,-0.48880000000000123,-1.1269991354973037,EXPERIMENT_ONLY
2024-03-27,22:00,test,2024,2024,21,19.777245685950508,1.2227543140494923,21,20,false,2024,2024-03,macro_non_southerly,20.5112,0.48880000000000123,21,true,-0.7339543140494911,0.7339543140494911,1,true,false,false,true,-0.48880000000000123,-1.2227543140494923,EXPERIMENT_ONLY
2024-03-27,23:00,test,2024,2024,21,20.123258234325714,0.8767417656742857,21,20,false,2024,2024-03,macro_non_southerly,20.5112,0.48880000000000123,21,true,-0.3879417656742845,0.3879417656742845,1,true,false,false,true,-0.48880000000000123,-0.8767417656742857,EXPERIMENT_ONLY
2024-03-28,20:00,test,2024,2024,17,17.234689015234085,0.23468901523408547,17,17,true,2024,2024-03,macro_non_southerly,17.3448,0.34479999999999933,17,true,0.11011098476591386,0.11011098476591386,0,false,true,false,false,0.34479999999999933,0.23468901523408547,EXPERIMENT_ONLY
2024-03-28,21:00,test,2024,2024,17,17.261118522997315,0.26111852299731453,17,17,true,2024,2024-03,macro_non_southerly,17.3448,0.34479999999999933,17,true,0.0836814770026848,0.0836814770026848,0,false,true,false,false,0.34479999999999933,0.26111852299731453,EXPERIMENT_ONLY
2024-03-28,22:00,test,2024,2024,17,16.954856846231568,0.04514315376843214,17,17,true,2024,2024-03,macro_non_southerly,17.3448,0.34479999999999933,17,true,0.2996568462315672,0.38994315376843147,0,false,true,false,false,0.34479999999999933,-0.04514315376843214,EXPERIMENT_ONLY
2024-03-28,23:00,test,2024,2024,17,17.08646702293614,0.08646702293614084,17,17,true,2024,2024-03,macro_non_southerly,17.3448,0.34479999999999933,17,true,0.2583329770638585,0.2583329770638585,0,false,true,false,false,0.34479999999999933,0.08646702293614084,EXPERIMENT_ONLY
2024-03-29,20:00,test,2024,2024,15,15.42984135909475,0.4298413590947501,15,15,true,2024,2024-03,macro_non_southerly,14.979466666666667,0.02053333333333285,15,true,-0.4093080257614172,-0.4503746924280829,0,true,false,false,false,-0.02053333333333285,0.4298413590947501,EXPERIMENT_ONLY
2024-03-29,21:00,test,2024,2024,15,15.841499894997249,0.8414998949972485,15,16,false,2024,2024-03,macro_non_southerly,14.979466666666667,0.02053333333333285,15,true,-0.8209665616639157,-0.8620332283305814,1,true,false,false,true,-0.02053333333333285,0.8414998949972485,EXPERIMENT_ONLY
2024-03-29,22:00,test,2024,2024,15,16.020585999514882,1.020585999514882,15,16,false,2024,2024-03,macro_non_southerly,14.979466666666667,0.02053333333333285,15,true,-1.0000526661815492,-1.041119332848215,1,true,false,false,true,-0.02053333333333285,1.020585999514882,EXPERIMENT_ONLY
2024-03-29,23:00,test,2024,2024,15,16.194062355396767,1.1940623553967669,15,16,false,2024,2024-03,macro_non_southerly,14.979466666666667,0.02053333333333285,15,true,-1.173529022063434,-1.2145956887300997,1,true,false,false,true,-0.02053333333333285,1.1940623553967669,EXPERIMENT_ONLY
2024-03-30,20:00,test,2024,2024,15,15.452092180804115,0.4520921808041152,15,15,true,2024,2024-03,macro_southerly_flow,15.617066666666666,0.6170666666666662,16,false,0.16497448586255103,0.16497448586255103,-1,false,true,true,false,0.6170666666666662,0.4520921808041152,EXPERIMENT_ONLY
2024-03-30,21:00,test,2024,2024,15,15.399167692243111,0.3991676922431111,15,15,true,2024,2024-03,macro_southerly_flow,15.617066666666666,0.6170666666666662,16,false,0.2178989744235551,0.2178989744235551,-1,false,true,true,false,0.6170666666666662,0.3991676922431111,EXPERIMENT_ONLY
2024-03-30,22:00,test,2024,2024,15,15.350928322304632,0.35092832230463245,15,15,true,2024,2024-03,macro_southerly_flow,15.617066666666666,0.6170666666666662,16,false,0.26613834436203376,0.26613834436203376,-1,false,true,true,false,0.6170666666666662,0.35092832230463245,EXPERIMENT_ONLY
2024-03-30,23:00,test,2024,2024,15,15.25974816652283,0.2597481665228294,15,15,true,2024,2024-03,macro_southerly_flow,15.617066666666666,0.6170666666666662,16,false,0.3573185001438368,0.3573185001438368,-1,false,true,true,false,0.6170666666666662,0.2597481665228294,EXPERIMENT_ONLY
2024-03-31,20:00,test,2024,2024,16,16.17485700403472,0.17485700403472038,16,16,true,2024,2024-03,macro_southerly_flow,16.18453333333333,0.18453333333333077,16,true,0.009676329298610398,0.009676329298610398,0,false,true,false,false,0.18453333333333077,0.17485700403472038,EXPERIMENT_ONLY
2024-03-31,21:00,test,2024,2024,16,16.103010413192287,0.10301041319228688,16,16,true,2024,2024-03,macro_southerly_flow,16.18453333333333,0.18453333333333077,16,true,0.0815229201410439,0.0815229201410439,0,false,true,false,false,0.18453333333333077,0.10301041319228688,EXPERIMENT_ONLY
2024-03-31,22:00,test,2024,2024,16,16.11449969195021,0.11449969195021126,16,16,true,2024,2024-03,macro_southerly_flow,16.18453333333333,0.18453333333333077,16,true,0.07003364138311952,0.07003364138311952,0,false,true,false,false,0.18453333333333077,0.11449969195021126,EXPERIMENT_ONLY
2024-03-31,23:00,test,2024,2024,16,16.216876329236776,0.2168763292367757,16,16,true,2024,2024-03,macro_southerly_flow,16.18453333333333,0.18453333333333077,16,true,-0.032342995903444915,-0.032342995903444915,0,true,false,false,false,0.18453333333333077,0.2168763292367757,EXPERIMENT_ONLY
2024-04-01,20:00,test,2024,2024,16,15.798659011798886,0.2013409882011139,16,16,true,2024,2024-04,macro_southerly_flow,17.333866666666665,1.3338666666666654,17,false,1.1325256784655515,1.5352076548677793,-1,false,true,true,false,1.3338666666666654,-0.2013409882011139,EXPERIMENT_ONLY
2024-04-01,21:00,test,2024,2024,16,15.584867609511978,0.4151323904880222,16,16,true,2024,2024-04,macro_southerly_flow,17.333866666666665,1.3338666666666654,17,false,0.9187342761786432,1.7489990571546876,-1,false,true,true,false,1.3338666666666654,-0.4151323904880222,EXPERIMENT_ONLY
2024-04-01,22:00,test,2024,2024,16,15.559743046749503,0.44025695325049696,16,16,true,2024,2024-04,macro_southerly_flow,17.333866666666665,1.3338666666666654,17,false,0.8936097134161685,1.7741236199171624,-1,false,true,true,false,1.3338666666666654,-0.44025695325049696,EXPERIMENT_ONLY
2024-04-01,23:00,test,2024,2024,16,15.836048920467402,0.16395107953259824,16,16,true,2024,2024-04,macro_southerly_flow,17.333866666666665,1.3338666666666654,17,false,1.1699155871340672,1.4978177461992637,-1,false,true,true,false,1.3338666666666654,-0.16395107953259824,EXPERIMENT_ONLY
2024-04-02,20:00,test,2024,2024,15,17.355397630979503,2.3553976309795033,15,17,false,2024,2024-04,macro_non_southerly,17.19546666666667,2.1954666666666682,17,false,-0.15993096431283504,-0.15993096431283504,0,true,false,false,false,2.1954666666666682,2.3553976309795033,EXPERIMENT_ONLY
2024-04-02,21:00,test,2024,2024,15,17.141354366202158,2.141354366202158,15,17,false,2024,2024-04,macro_non_southerly,17.19546666666667,2.1954666666666682,17,false,0.0541123004645101,0.0541123004645101,0,false,true,false,false,2.1954666666666682,2.141354366202158,EXPERIMENT_ONLY
2024-04-02,22:00,test,2024,2024,15,16.76646867387358,1.7664686738735789,15,17,false,2024,2024-04,macro_non_southerly,17.19546666666667,2.1954666666666682,17,false,0.42899799279308937,0.42899799279308937,0,false,true,false,false,2.1954666666666682,1.7664686738735789,EXPERIMENT_ONLY
2024-04-02,23:00,test,2024,2024,15,16.779664098485526,1.7796640984855259,15,17,false,2024,2024-04,macro_non_southerly,17.19546666666667,2.1954666666666682,17,false,0.41580256818114236,0.41580256818114236,0,false,true,false,false,2.1954666666666682,1.7796640984855259,EXPERIMENT_ONLY
2024-04-03,20:00,test,2024,2024,19,19.172988539194773,0.17298853919477253,19,19,true,2024,2024-04,macro_non_southerly,18.23466666666667,0.7653333333333308,18,false,0.5923447941385582,-0.9383218725281033,-1,false,true,true,false,-0.7653333333333308,0.17298853919477253,EXPERIMENT_ONLY
2024-04-03,21:00,test,2024,2024,19,19.299403852741,0.29940385274100123,19,19,true,2024,2024-04,macro_non_southerly,18.23466666666667,0.7653333333333308,18,false,0.4659294805923295,-1.064737186074332,-1,false,true,true,false,-0.7653333333333308,0.29940385274100123,EXPERIMENT_ONLY
2024-04-03,22:00,test,2024,2024,19,19.092785840215715,0.0927858402157149,19,19,true,2024,2024-04,macro_non_southerly,18.23466666666667,0.7653333333333308,18,false,0.6725474931176159,-0.8581191735490457,-1,false,true,true,false,-0.7653333333333308,0.0927858402157149,EXPERIMENT_ONLY
2024-04-03,23:00,test,2024,2024,19,19.4891724478184,0.48917244781840097,19,19,true,2024,2024-04,macro_non_southerly,18.23466666666667,0.7653333333333308,18,false,0.2761608855149298,-1.2545057811517317,-1,false,true,true,false,-0.7653333333333308,0.48917244781840097,EXPERIMENT_ONLY
2024-04-04,20:00,test,2024,2024,18,19.559727401149814,1.5597274011498143,18,20,false,2024,2024-04,macro_non_southerly,18.3504,0.3504000000000005,18,true,-1.2093274011498139,-1.2093274011498139,1,true,false,false,true,0.3504000000000005,1.5597274011498143,EXPERIMENT_ONLY
2024-04-04,21:00,test,2024,2024,18,19.513133603159236,1.5131336031592362,18,20,false,2024,2024-04,macro_non_southerly,18.3504,0.3504000000000005,18,true,-1.1627336031592357,-1.1627336031592357,1,true,false,false,true,0.3504000000000005,1.5131336031592362,EXPERIMENT_ONLY
2024-04-04,22:00,test,2024,2024,18,19.21796257178318,1.217962571783179,18,19,false,2024,2024-04,macro_non_southerly,18.3504,0.3504000000000005,18,true,-0.8675625717831785,-0.8675625717831785,1,true,false,false,true,0.3504000000000005,1.217962571783179,EXPERIMENT_ONLY
2024-04-04,23:00,test,2024,2024,18,19.053928575791414,1.0539285757914136,18,19,false,2024,2024-04,macro_non_southerly,18.3504,0.3504000000000005,18,true,-0.7035285757914131,-0.7035285757914131,1,true,false,false,true,0.3504000000000005,1.0539285757914136,EXPERIMENT_ONLY
2024-04-05,20:00,test,2024,2024,17,16.443187472150072,0.5568125278499281,17,16,false,2024,2024-04,macro_southerly_flow,17.0232,0.02319999999999922,17,true,-0.5336125278499289,0.5800125278499273,1,true,false,false,true,0.02319999999999922,-0.5568125278499281,EXPERIMENT_ONLY
2024-04-05,21:00,test,2024,2024,17,16.222682290441465,0.7773177095585346,17,16,false,2024,2024-04,macro_southerly_flow,17.0232,0.02319999999999922,17,true,-0.7541177095585354,0.8005177095585339,1,true,false,false,true,0.02319999999999922,-0.7773177095585346,EXPERIMENT_ONLY
2024-04-05,22:00,test,2024,2024,17,16.165499810249816,0.8345001897501838,17,16,false,2024,2024-04,macro_southerly_flow,17.0232,0.02319999999999922,17,true,-0.8113001897501846,0.857700189750183,1,true,false,false,true,0.02319999999999922,-0.8345001897501838,EXPERIMENT_ONLY
2024-04-05,23:00,test,2024,2024,17,16.3346920892636,0.6653079107363986,17,16,false,2024,2024-04,macro_southerly_flow,17.0232,0.02319999999999922,17,true,-0.6421079107363994,0.6885079107363978,1,true,false,false,true,0.02319999999999922,-0.6653079107363986,EXPERIMENT_ONLY
2024-04-06,20:00,test,2024,2024,17,16.744756290031773,0.25524370996822654,17,17,true,2024,2024-04,macro_non_southerly,17.0712,0.07120000000000104,17,true,-0.1840437099682255,0.3264437099682276,0,true,false,false,false,0.07120000000000104,-0.25524370996822654,EXPERIMENT_ONLY
2024-04-06,21:00,test,2024,2024,17,16.880287813567218,0.11971218643278192,17,17,true,2024,2024-04,macro_non_southerly,17.0712,0.07120000000000104,17,true,-0.04851218643278088,0.19091218643278296,0,true,false,false,false,0.07120000000000104,-0.11971218643278192,EXPERIMENT_ONLY
2024-04-06,22:00,test,2024,2024,17,16.751180069466535,0.24881993053346463,17,17,true,2024,2024-04,macro_non_southerly,17.0712,0.07120000000000104,17,true,-0.1776199305334636,0.32001993053346567,0,true,false,false,false,0.07120000000000104,-0.24881993053346463,EXPERIMENT_ONLY
2024-04-06,23:00,test,2024,2024,17,16.716311781179286,0.28368821882071416,17,17,true,2024,2024-04,macro_non_southerly,17.0712,0.07120000000000104,17,true,-0.21248821882071312,0.3548882188207152,0,true,false,false,false,0.07120000000000104,-0.28368821882071416,EXPERIMENT_ONLY
2024-04-07,20:00,test,2024,2024,16,15.937725189904153,0.06227481009584679,16,16,true,2024,2024-04,macro_non_southerly,18.2272,2.2272,18,false,2.164925189904153,2.2894748100958466,-1,false,true,true,false,2.2272,-0.06227481009584679,EXPERIMENT_ONLY
2024-04-07,21:00,test,2024,2024,16,16.62018322021254,0.6201832202125388,16,17,false,2024,2024-04,macro_non_southerly,18.2272,2.2272,18,false,1.607016779787461,1.607016779787461,0,false,true,false,false,2.2272,0.6201832202125388,EXPERIMENT_ONLY
2024-04-07,22:00,test,2024,2024,16,17.566422164330827,1.5664221643308274,16,18,false,2024,2024-04,macro_non_southerly,18.2272,2.2272,18,false,0.6607778356691725,0.6607778356691725,0,false,true,false,false,2.2272,1.5664221643308274,EXPERIMENT_ONLY
2024-04-07,23:00,test,2024,2024,16,18.1886555432977,2.188655543297699,16,18,false,2024,2024-04,macro_non_southerly,18.2272,2.2272,18,false,0.03854445670230078,0.03854445670230078,0,false,true,false,false,2.2272,2.188655543297699,EXPERIMENT_ONLY
2024-04-08,20:00,test,2024,2024,19,18.5673728020738,0.43262719792620175,19,19,true,2024,2024-04,macro_non_southerly,18.2648,0.735199999999999,18,false,0.3025728020737972,-0.3025728020737972,-1,false,true,true,false,-0.735199999999999,-0.43262719792620175,EXPERIMENT_ONLY
2024-04-08,21:00,test,2024,2024,19,18.824698674865566,0.1753013251344342,19,19,true,2024,2024-04,macro_non_southerly,18.2648,0.735199999999999,18,false,0.5598986748655648,-0.5598986748655648,-1,false,true,true,false,-0.735199999999999,-0.1753013251344342,EXPERIMENT_ONLY
2024-04-08,22:00,test,2024,2024,19,19.23868695608837,0.23868695608836887,19,19,true,2024,2024-04,macro_non_southerly,18.2648,0.735199999999999,18,false,0.4965130439116301,-0.9738869560883678,-1,false,true,true,false,-0.735199999999999,0.23868695608836887,EXPERIMENT_ONLY
2024-04-08,23:00,test,2024,2024,19,18.90416483745052,0.09583516254948066,19,19,true,2024,2024-04,macro_non_southerly,18.2648,0.735199999999999,18,false,0.6393648374505183,-0.6393648374505183,-1,false,true,true,false,-0.735199999999999,-0.09583516254948066,EXPERIMENT_ONLY
2024-04-09,20:00,test,2024,2024,20,20.172051616644215,0.17205161664421453,20,20,true,2024,2024-04,macro_non_southerly,19.120266666666666,0.8797333333333341,19,false,0.7076817166891196,-1.0517849499775487,-1,false,true,true,false,-0.8797333333333341,0.17205161664421453,EXPERIMENT_ONLY
2024-04-09,21:00,test,2024,2024,20,20.32619052075148,0.32619052075148147,20,20,true,2024,2024-04,macro_non_southerly,19.120266666666666,0.8797333333333341,19,false,0.5535428125818527,-1.2059238540848156,-1,false,true,true,false,-0.8797333333333341,0.32619052075148147,EXPERIMENT_ONLY
2024-04-09,22:00,test,2024,2024,20,20.36298306285256,0.3629830628525603,20,20,true,2024,2024-04,macro_non_southerly,19.120266666666666,0.8797333333333341,19,false,0.5167502704807738,-1.2427163961858945,-1,false,true,true,false,-0.8797333333333341,0.3629830628525603,EXPERIMENT_ONLY
2024-04-09,23:00,test,2024,2024,20,20.44915544097027,0.4491554409702694,20,20,true,2024,2024-04,macro_non_southerly,19.120266666666666,0.8797333333333341,19,false,0.43057789236306476,-1.3288887743036035,-1,false,true,true,false,-0.8797333333333341,0.4491554409702694,EXPERIMENT_ONLY
2024-04-10,20:00,test,2024,2024,22,20.63917477507026,1.3608252249297408,22,21,false,2024,2024-04,macro_non_southerly,20.892266666666664,1.1077333333333357,21,false,-0.2530918915964051,0.2530918915964051,0,true,false,false,false,-1.1077333333333357,-1.3608252249297408,EXPERIMENT_ONLY
2024-04-10,21:00,test,2024,2024,22,20.843624553713003,1.1563754462869973,22,21,false,2024,2024-04,macro_non_southerly,20.892266666666664,1.1077333333333357,21,false,-0.04864211295366161,0.04864211295366161,0,true,false,false,false,-1.1077333333333357,-1.1563754462869973,EXPERIMENT_ONLY
2024-04-10,22:00,test,2024,2024,22,20.662684865598834,1.337315134401166,22,21,false,2024,2024-04,macro_non_southerly,20.892266666666664,1.1077333333333357,21,false,-0.22958180106783033,0.22958180106783033,0,true,false,false,false,-1.1077333333333357,-1.337315134401166,EXPERIMENT_ONLY
2024-04-10,23:00,test,2024,2024,22,20.903053553858317,1.0969464461416827,22,21,false,2024,2024-04,macro_non_southerly,20.892266666666664,1.1077333333333357,21,false,0.010786887191652994,-0.010786887191652994,0,false,true,false,false,-1.1077333333333357,-1.0969464461416827,EXPERIMENT_ONLY
2024-04-11,20:00,test,2024,2024,23,22.44689973219956,0.5531002678004384,23,22,false,2024,2024-04,macro_non_southerly,22.172533333333334,0.8274666666666661,22,false,0.2743663988662277,-0.2743663988662277,0,false,true,false,false,-0.8274666666666661,-0.5531002678004384,EXPERIMENT_ONLY
2024-04-11,21:00,test,2024,2024,23,22.38162601093164,0.6183739890683597,23,22,false,2024,2024-04,macro_non_southerly,22.172533333333334,0.8274666666666661,22,false,0.2090926775983064,-0.2090926775983064,0,false,true,false,false,-0.8274666666666661,-0.6183739890683597,EXPERIMENT_ONLY
2024-04-11,22:00,test,2024,2024,23,22.283664375583758,0.7163356244162422,23,22,false,2024,2024-04,macro_non_southerly,22.172533333333334,0.8274666666666661,22,false,0.11113104225042392,-0.11113104225042392,0,false,true,false,false,-0.8274666666666661,-0.7163356244162422,EXPERIMENT_ONLY
2024-04-11,23:00,test,2024,2024,23,22.582164352050935,0.41783564794906525,23,23,true,2024,2024-04,macro_non_southerly,22.172533333333334,0.8274666666666661,22,false,0.4096310187176009,-0.4096310187176009,-1,false,true,true,false,-0.8274666666666661,-0.41783564794906525,EXPERIMENT_ONLY
2024-04-12,20:00,test,2024,2024,21,19.597693388494687,1.4023066115053133,21,20,false,2024,2024-04,macro_non_southerly,20.506400000000003,0.49359999999999715,21,true,-0.9087066115053162,0.9087066115053162,1,true,false,false,true,-0.49359999999999715,-1.4023066115053133,EXPERIMENT_ONLY
2024-04-12,21:00,test,2024,2024,21,20.011856831952393,0.9881431680476069,21,20,false,2024,2024-04,macro_non_southerly,20.506400000000003,0.49359999999999715,21,true,-0.4945431680476098,0.4945431680476098,1,true,false,false,true,-0.49359999999999715,-0.9881431680476069,EXPERIMENT_ONLY
2024-04-12,22:00,test,2024,2024,21,19.058783010689893,1.9412169893101066,21,19,false,2024,2024-04,macro_non_southerly,20.506400000000003,0.49359999999999715,21,true,-1.4476169893101094,1.4476169893101094,1,true,false,false,true,-0.49359999999999715,-1.9412169893101066,EXPERIMENT_ONLY
2024-04-12,23:00,test,2024,2024,21,17.446625056566926,3.5533749434330737,21,17,false,2024,2024-04,macro_non_southerly,20.506400000000003,0.49359999999999715,21,true,-3.0597749434330765,3.0597749434330765,1,true,false,false,true,-0.49359999999999715,-3.5533749434330737,EXPERIMENT_ONLY
2024-04-13,20:00,test,2024,2024,18,17.14226636708495,0.8577336329150498,18,17,false,2024,2024-04,macro_non_southerly,16.130133333333333,1.8698666666666668,16,false,1.012133033751617,-1.012133033751617,0,false,true,false,false,-1.8698666666666668,-0.8577336329150498,EXPERIMENT_ONLY
2024-04-13,21:00,test,2024,2024,18,17.23675960021125,0.7632403997887494,18,17,false,2024,2024-04,macro_non_southerly,16.130133333333333,1.8698666666666668,16,false,1.1066262668779174,-1.1066262668779174,0,false,true,false,false,-1.8698666666666668,-0.7632403997887494,EXPERIMENT_ONLY
2024-04-13,22:00,test,2024,2024,18,17.371894294414346,0.6281057055856536,18,17,false,2024,2024-04,macro_non_southerly,16.130133333333333,1.8698666666666668,16,false,1.2417609610810132,-1.2417609610810132,0,false,true,false,false,-1.8698666666666668,-0.6281057055856536,EXPERIMENT_ONLY
2024-04-13,23:00,test,2024,2024,18,17.297418640270703,0.7025813597292974,18,17,false,2024,2024-04,macro_non_southerly,16.130133333333333,1.8698666666666668,16,false,1.1672853069373694,-1.1672853069373694,0,false,true,false,false,-1.8698666666666668,-0.7025813597292974,EXPERIMENT_ONLY
2024-04-14,20:00,test,2024,2024,15,15.29987723456481,0.29987723456481064,15,15,true,2024,2024-04,macro_southerly_flow,15.084800000000001,0.08480000000000132,15,true,-0.21507723456480932,-0.21507723456480932,0,true,false,false,false,0.08480000000000132,0.29987723456481064,EXPERIMENT_ONLY
2024-04-14,21:00,test,2024,2024,15,15.323515238090444,0.3235152380904438,15,15,true,2024,2024-04,macro_southerly_flow,15.084800000000001,0.08480000000000132,15,true,-0.23871523809044248,-0.23871523809044248,0,true,false,false,false,0.08480000000000132,0.3235152380904438,EXPERIMENT_ONLY
2024-04-14,22:00,test,2024,2024,15,14.986914217520486,0.013085782479514307,15,15,true,2024,2024-04,macro_southerly_flow,15.084800000000001,0.08480000000000132,15,true,0.07171421752048701,0.09788578247951563,0,false,true,false,false,0.08480000000000132,-0.013085782479514307,EXPERIMENT_ONLY
2024-04-14,23:00,test,2024,2024,15,15.156837694227924,0.15683769422792437,15,15,true,2024,2024-04,macro_southerly_flow,15.084800000000001,0.08480000000000132,15,true,-0.07203769422792305,-0.07203769422792305,0,true,false,false,false,0.08480000000000132,0.15683769422792437,EXPERIMENT_ONLY
2024-04-15,20:00,test,2024,2024,18,16.86592724677341,1.1340727532265902,18,17,false,2024,2024-04,macro_non_southerly,17.542933333333334,0.45706666666666607,18,true,-0.6770060865599241,0.6770060865599241,1,true,false,false,true,-0.45706666666666607,-1.1340727532265902,EXPERIMENT_ONLY
2024-04-15,21:00,test,2024,2024,18,16.984960648623485,1.0150393513765152,18,17,false,2024,2024-04,macro_non_southerly,17.542933333333334,0.45706666666666607,18,true,-0.5579726847098492,0.5579726847098492,1,true,false,false,true,-0.45706666666666607,-1.0150393513765152,EXPERIMENT_ONLY
2024-04-15,22:00,test,2024,2024,18,17.154546830691842,0.8454531693081577,18,17,false,2024,2024-04,macro_non_southerly,17.542933333333334,0.45706666666666607,18,true,-0.38838650264149166,0.38838650264149166,1,true,false,false,true,-0.45706666666666607,-0.8454531693081577,EXPERIMENT_ONLY
2024-04-15,23:00,test,2024,2024,18,17.5283393679259,0.47166063207410147,18,18,true,2024,2024-04,macro_non_southerly,17.542933333333334,0.45706666666666607,18,true,-0.014593965407435405,0.014593965407435405,0,true,false,false,false,-0.45706666666666607,-0.47166063207410147,EXPERIMENT_ONLY
2024-04-16,20:00,test,2024,2024,19,17.37868472620396,1.6213152737960392,19,17,false,2024,2024-04,macro_non_southerly,18.26666666666667,0.7333333333333307,18,false,-0.8879819404627085,0.8879819404627085,0,true,false,false,false,-0.7333333333333307,-1.6213152737960392,EXPERIMENT_ONLY
2024-04-16,21:00,test,2024,2024,19,17.847703457334664,1.1522965426653364,19,18,false,2024,2024-04,macro_non_southerly,18.26666666666667,0.7333333333333307,18,false,-0.4189632093320057,0.4189632093320057,0,true,false,false,false,-0.7333333333333307,-1.1522965426653364,EXPERIMENT_ONLY
2024-04-16,22:00,test,2024,2024,19,18.287068952052998,0.7129310479470021,19,18,false,2024,2024-04,macro_non_southerly,18.26666666666667,0.7333333333333307,18,false,0.0204022853863286,-0.0204022853863286,0,false,true,false,false,-0.7333333333333307,-0.7129310479470021,EXPERIMENT_ONLY
2024-04-16,23:00,test,2024,2024,19,18.651264852279546,0.3487351477204541,19,19,true,2024,2024-04,macro_non_southerly,18.26666666666667,0.7333333333333307,18,false,0.3845981856128766,-0.3845981856128766,-1,false,true,true,false,-0.7333333333333307,-0.3487351477204541,EXPERIMENT_ONLY
2024-04-17,20:00,test,2024,2024,19,18.94151365997597,0.05848634002402875,19,19,true,2024,2024-04,macro_non_southerly,18.458133333333333,0.5418666666666674,18,false,0.48338032664263864,-0.48338032664263864,-1,false,true,true,false,-0.5418666666666674,-0.05848634002402875,EXPERIMENT_ONLY
2024-04-17,21:00,test,2024,2024,19,19.34068144738107,0.3406814473810691,19,19,true,2024,2024-04,macro_non_southerly,18.458133333333333,0.5418666666666674,18,false,0.2011852192855983,-0.8825481140477365,-1,false,true,true,false,-0.5418666666666674,0.3406814473810691,EXPERIMENT_ONLY
2024-04-17,22:00,test,2024,2024,19,19.18636552483,0.18636552482999846,19,19,true,2024,2024-04,macro_non_southerly,18.458133333333333,0.5418666666666674,18,false,0.3555011418366689,-0.7282321914966658,-1,false,true,true,false,-0.5418666666666674,0.18636552482999846,EXPERIMENT_ONLY
2024-04-17,23:00,test,2024,2024,19,18.87859689578895,0.12140310421105127,19,19,true,2024,2024-04,macro_non_southerly,18.458133333333333,0.5418666666666674,18,false,0.4204635624556161,-0.4204635624556161,-1,false,true,true,false,-0.5418666666666674,-0.12140310421105127,EXPERIMENT_ONLY
2024-04-18,20:00,test,2024,2024,18,17.838452640887716,0.16154735911228357,18,18,true,2024,2024-04,macro_non_southerly,17.26506666666667,0.7349333333333306,17,false,0.573385974221047,-0.573385974221047,-1,false,true,true,false,-0.7349333333333306,-0.16154735911228357,EXPERIMENT_ONLY
2024-04-18,21:00,test,2024,2024,18,17.972335203818048,0.027664796181952056,18,18,true,2024,2024-04,macro_non_southerly,17.26506666666667,0.7349333333333306,17,false,0.7072685371513785,-0.7072685371513785,-1,false,true,true,false,-0.7349333333333306,-0.027664796181952056,EXPERIMENT_ONLY
2024-04-18,22:00,test,2024,2024,18,18.288488017091225,0.2884880170912254,18,18,true,2024,2024-04,macro_non_southerly,17.26506666666667,0.7349333333333306,17,false,0.44644531624210515,-1.023421350424556,-1,false,true,true,false,-0.7349333333333306,0.2884880170912254,EXPERIMENT_ONLY
2024-04-18,23:00,test,2024,2024,18,18.43195508575077,0.4319550857507686,18,18,true,2024,2024-04,macro_non_southerly,17.26506666666667,0.7349333333333306,17,false,0.302978247582562,-1.1668884190840991,-1,false,true,true,false,-0.7349333333333306,0.4319550857507686,EXPERIMENT_ONLY
2024-04-19,20:00,test,2024,2024,18,17.435335944981308,0.5646640550186923,18,17,false,2024,2024-04,macro_non_southerly,17.299466666666667,0.7005333333333326,17,false,0.13586927831464024,-0.13586927831464024,0,false,true,false,false,-0.7005333333333326,-0.5646640550186923,EXPERIMENT_ONLY
2024-04-19,21:00,test,2024,2024,18,17.661761019762828,0.3382389802371719,18,18,true,2024,2024-04,macro_non_southerly,17.299466666666667,0.7005333333333326,17,false,0.36229435309616065,-0.36229435309616065,-1,false,true,true,false,-0.7005333333333326,-0.3382389802371719,EXPERIMENT_ONLY
2024-04-19,22:00,test,2024,2024,18,17.628679559716257,0.37132044028374267,18,18,true,2024,2024-04,macro_non_southerly,17.299466666666667,0.7005333333333326,17,false,0.3292128930495899,-0.3292128930495899,-1,false,true,true,false,-0.7005333333333326,-0.37132044028374267,EXPERIMENT_ONLY
2024-04-19,23:00,test,2024,2024,18,17.831577442930442,0.1684225570695581,18,18,true,2024,2024-04,macro_non_southerly,17.299466666666667,0.7005333333333326,17,false,0.5321107762637745,-0.5321107762637745,-1,false,true,true,false,-0.7005333333333326,-0.1684225570695581,EXPERIMENT_ONLY
2024-04-20,20:00,test,2024,2024,16,17.526269835526712,1.526269835526712,16,18,false,2024,2024-04,macro_non_southerly,17.711466666666666,1.7114666666666665,18,false,0.18519683113995455,0.18519683113995455,0,false,true,false,false,1.7114666666666665,1.526269835526712,EXPERIMENT_ONLY
2024-04-20,21:00,test,2024,2024,16,18.000823513378332,2.0008235133783323,16,18,false,2024,2024-04,macro_non_southerly,17.711466666666666,1.7114666666666665,18,false,-0.28935684671166584,-0.28935684671166584,0,true,false,false,false,1.7114666666666665,2.0008235133783323,EXPERIMENT_ONLY
2024-04-20,22:00,test,2024,2024,16,18.038336516941456,2.038336516941456,16,18,false,2024,2024-04,macro_non_southerly,17.711466666666666,1.7114666666666665,18,false,-0.32686985027478954,-0.32686985027478954,0,true,false,false,false,1.7114666666666665,2.038336516941456,EXPERIMENT_ONLY
2024-04-20,23:00,test,2024,2024,16,18.55784317065648,2.5578431706564793,16,19,false,2024,2024-04,macro_non_southerly,17.711466666666666,1.7114666666666665,18,false,-0.8463765039898128,-0.8463765039898128,0,true,false,false,false,1.7114666666666665,2.5578431706564793,EXPERIMENT_ONLY
2024-04-21,20:00,test,2024,2024,15,16.70829656429961,1.7082965642996086,15,17,false,2024,2024-04,macro_non_southerly,16.722133333333332,1.722133333333332,17,false,0.013836769033723328,0.013836769033723328,0,false,true,false,false,1.722133333333332,1.7082965642996086,EXPERIMENT_ONLY
2024-04-21,21:00,test,2024,2024,15,16.92027792774998,1.9202779277499786,15,17,false,2024,2024-04,macro_non_southerly,16.722133333333332,1.722133333333332,17,false,-0.19814459441664667,-0.19814459441664667,0,true,false,false,false,1.722133333333332,1.9202779277499786,EXPERIMENT_ONLY
2024-04-21,22:00,test,2024,2024,15,16.844021714296613,1.8440217142966127,15,17,false,2024,2024-04,macro_non_southerly,16.722133333333332,1.722133333333332,17,false,-0.1218883809632807,-0.1218883809632807,0,true,false,false,false,1.722133333333332,1.8440217142966127,EXPERIMENT_ONLY
2024-04-21,23:00,test,2024,2024,15,16.920489233646023,1.9204892336460233,15,17,false,2024,2024-04,macro_non_southerly,16.722133333333332,1.722133333333332,17,false,-0.19835590031269135,-0.19835590031269135,0,true,false,false,false,1.722133333333332,1.9204892336460233,EXPERIMENT_ONLY
2024-04-22,20:00,test,2024,2024,17,16.546530317906956,0.4534696820930435,17,17,true,2024,2024-04,macro_non_southerly,16.9848,0.015200000000000102,17,true,-0.4382696820930434,0.4382696820930434,0,true,false,false,false,-0.015200000000000102,-0.4534696820930435,EXPERIMENT_ONLY
2024-04-22,21:00,test,2024,2024,17,16.950622606226137,0.049377393773863076,17,17,true,2024,2024-04,macro_non_southerly,16.9848,0.015200000000000102,17,true,-0.034177393773862974,0.034177393773862974,0,true,false,false,false,-0.015200000000000102,-0.049377393773863076,EXPERIMENT_ONLY
2024-04-22,22:00,test,2024,2024,17,17.282074891408406,0.28207489140840636,17,17,true,2024,2024-04,macro_non_southerly,16.9848,0.015200000000000102,17,true,-0.26687489140840626,-0.29727489140840646,0,true,false,false,false,-0.015200000000000102,0.28207489140840636,EXPERIMENT_ONLY
2024-04-22,23:00,test,2024,2024,17,17.55384315282883,0.5538431528288292,17,18,false,2024,2024-04,macro_non_southerly,16.9848,0.015200000000000102,17,true,-0.5386431528288291,-0.5690431528288293,1,true,false,false,true,-0.015200000000000102,0.5538431528288292,EXPERIMENT_ONLY
2024-04-23,20:00,test,2024,2024,16,15.014129521236413,0.9858704787635872,16,15,false,2024,2024-04,macro_southerly_flow,16.462666666666664,0.4626666666666637,16,true,-0.5232038120969236,1.448537145430251,1,true,false,false,true,0.4626666666666637,-0.9858704787635872,EXPERIMENT_ONLY
2024-04-23,21:00,test,2024,2024,16,15.627950445836198,0.3720495541638016,16,16,true,2024,2024-04,macro_southerly_flow,16.462666666666664,0.4626666666666637,16,true,0.09061711250286208,0.8347162208304653,0,false,true,false,false,0.4626666666666637,-0.3720495541638016,EXPERIMENT_ONLY
2024-04-23,22:00,test,2024,2024,16,15.75326438400716,0.24673561599284,16,16,true,2024,2024-04,macro_southerly_flow,16.462666666666664,0.4626666666666637,16,true,0.21593105067382368,0.7094022826595037,0,false,true,false,false,0.4626666666666637,-0.24673561599284,EXPERIMENT_ONLY
2024-04-23,23:00,test,2024,2024,16,16.279238951045127,0.2792389510451265,16,16,true,2024,2024-04,macro_southerly_flow,16.462666666666664,0.4626666666666637,16,true,0.18342771562153715,0.18342771562153715,0,false,true,false,false,0.4626666666666637,0.2792389510451265,EXPERIMENT_ONLY
2024-04-24,20:00,test,2024,2024,18,17.9645770270779,0.03542297292209895,18,18,true,2024,2024-04,macro_non_southerly,17.526133333333334,0.473866666666666,18,true,0.43844369374456704,-0.43844369374456704,0,false,true,false,false,-0.473866666666666,-0.03542297292209895,EXPERIMENT_ONLY
2024-04-24,21:00,test,2024,2024,18,18.222581164401813,0.22258116440181297,18,18,true,2024,2024-04,macro_non_southerly,17.526133333333334,0.473866666666666,18,true,0.251285502264853,-0.696447831068479,0,false,true,false,false,-0.473866666666666,0.22258116440181297,EXPERIMENT_ONLY
2024-04-24,22:00,test,2024,2024,18,18.174868683514912,0.17486868351491225,18,18,true,2024,2024-04,macro_non_southerly,17.526133333333334,0.473866666666666,18,true,0.29899798315175374,-0.6487353501815782,0,false,true,false,false,-0.473866666666666,0.17486868351491225,EXPERIMENT_ONLY
2024-04-24,23:00,test,2024,2024,18,18.329836887943504,0.32983688794350385,18,18,true,2024,2024-04,macro_non_southerly,17.526133333333334,0.473866666666666,18,true,0.14402977872316214,-0.8037035546101698,0,false,true,false,false,-0.473866666666666,0.32983688794350385,EXPERIMENT_ONLY
2024-04-25,20:00,test,2024,2024,17,18.565448623928077,1.5654486239280772,17,19,false,2024,2024-04,macro_non_southerly,17.24106666666667,0.24106666666666854,17,true,-1.3243819572614086,-1.3243819572614086,1,true,false,false,true,0.24106666666666854,1.5654486239280772,EXPERIMENT_ONLY
2024-04-25,21:00,test,2024,2024,17,18.659371038567084,1.659371038567084,17,19,false,2024,2024-04,macro_non_southerly,17.24106666666667,0.24106666666666854,17,true,-1.4183043719004154,-1.4183043719004154,1,true,false,false,true,0.24106666666666854,1.659371038567084,EXPERIMENT_ONLY
2024-04-25,22:00,test,2024,2024,17,18.441685760124784,1.441685760124784,17,18,false,2024,2024-04,macro_non_southerly,17.24106666666667,0.24106666666666854,17,true,-1.2006190934581156,-1.2006190934581156,1,true,false,false,true,0.24106666666666854,1.441685760124784,EXPERIMENT_ONLY
2024-04-25,23:00,test,2024,2024,17,18.63946975228605,1.6394697522860504,17,19,false,2024,2024-04,macro_non_southerly,17.24106666666667,0.24106666666666854,17,true,-1.3984030856193819,-1.3984030856193819,1,true,false,false,true,0.24106666666666854,1.6394697522860504,EXPERIMENT_ONLY
2024-04-26,20:00,test,2024,2024,18,17.814725812781386,0.18527418721861366,18,18,true,2024,2024-04,macro_non_southerly,17.276266666666668,0.7237333333333318,17,false,0.5384591461147181,-0.5384591461147181,-1,false,true,true,false,-0.7237333333333318,-0.18527418721861366,EXPERIMENT_ONLY
2024-04-26,21:00,test,2024,2024,18,17.884037706178276,0.11596229382172396,18,18,true,2024,2024-04,macro_non_southerly,17.276266666666668,0.7237333333333318,17,false,0.6077710395116078,-0.6077710395116078,-1,false,true,true,false,-0.7237333333333318,-0.11596229382172396,EXPERIMENT_ONLY
2024-04-26,22:00,test,2024,2024,18,17.496865517912013,0.5031344820879866,18,17,false,2024,2024-04,macro_non_southerly,17.276266666666668,0.7237333333333318,17,false,0.22059885124534517,-0.22059885124534517,0,false,true,false,false,-0.7237333333333318,-0.5031344820879866,EXPERIMENT_ONLY
2024-04-26,23:00,test,2024,2024,18,17.84392413333412,0.15607586666587991,18,18,true,2024,2024-04,macro_non_southerly,17.276266666666668,0.7237333333333318,17,false,0.5676574666674519,-0.5676574666674519,-1,false,true,true,false,-0.7237333333333318,-0.15607586666587991,EXPERIMENT_ONLY
2024-04-27,20:00,test,2024,2024,16,14.428807881889565,1.5711921181104351,16,14,false,2024,2024-04,macro_non_southerly,15.232533333333333,0.7674666666666674,15,false,-0.8037254514437677,0.8037254514437677,0,true,false,false,false,-0.7674666666666674,-1.5711921181104351,EXPERIMENT_ONLY
2024-04-27,21:00,test,2024,2024,16,15.275648726657836,0.7243512733421635,16,15,false,2024,2024-04,macro_non_southerly,15.232533333333333,0.7674666666666674,15,false,0.04311539332450387,-0.04311539332450387,0,false,true,false,false,-0.7674666666666674,-0.7243512733421635,EXPERIMENT_ONLY
2024-04-27,22:00,test,2024,2024,16,15.647838393547618,0.35216160645238226,16,16,true,2024,2024-04,macro_non_southerly,15.232533333333333,0.7674666666666674,15,false,0.41530506021428515,-0.41530506021428515,-1,false,true,true,false,-0.7674666666666674,-0.35216160645238226,EXPERIMENT_ONLY
2024-04-27,23:00,test,2024,2024,16,15.87449542951855,0.12550457048144992,16,16,true,2024,2024-04,macro_non_southerly,15.232533333333333,0.7674666666666674,15,false,0.6419620961852175,-0.6419620961852175,-1,false,true,true,false,-0.7674666666666674,-0.12550457048144992,EXPERIMENT_ONLY
2024-04-28,20:00,test,2024,2024,19,15.742260838177533,3.2577391618224674,19,16,false,2024,2024-04,macro_non_southerly,17.17226666666667,1.827733333333331,17,false,-1.4300058284891364,1.4300058284891364,0,true,false,false,false,-1.827733333333331,-3.2577391618224674,EXPERIMENT_ONLY
2024-04-28,21:00,test,2024,2024,19,16.549968413078062,2.450031586921938,19,17,false,2024,2024-04,macro_non_southerly,17.17226666666667,1.827733333333331,17,false,-0.6222982535886068,0.6222982535886068,0,true,false,false,false,-1.827733333333331,-2.450031586921938,EXPERIMENT_ONLY
2024-04-28,22:00,test,2024,2024,19,16.865743481661355,2.1342565183386455,19,17,false,2024,2024-04,macro_non_southerly,17.17226666666667,1.827733333333331,17,false,-0.3065231850053145,0.3065231850053145,0,true,false,false,false,-1.827733333333331,-2.1342565183386455,EXPERIMENT_ONLY
2024-04-28,23:00,test,2024,2024,19,17.165908564053122,1.8340914359468776,19,17,false,2024,2024-04,macro_non_southerly,17.17226666666667,1.827733333333331,17,false,-0.0063581026135466345,0.0063581026135466345,0,true,false,false,false,-1.827733333333331,-1.8340914359468776,EXPERIMENT_ONLY
2024-04-29,20:00,test,2024,2024,18,17.432806799189258,0.5671932008107419,18,17,false,2024,2024-04,macro_non_southerly,17.292266666666666,0.7077333333333335,17,false,0.14054013252259168,-0.14054013252259168,0,false,true,false,false,-0.7077333333333335,-0.5671932008107419,EXPERIMENT_ONLY
2024-04-29,21:00,test,2024,2024,18,17.833700039524356,0.16629996047564433,18,18,true,2024,2024-04,macro_non_southerly,17.292266666666666,0.7077333333333335,17,false,0.5414333728576892,-0.5414333728576892,-1,false,true,true,false,-0.7077333333333335,-0.16629996047564433,EXPERIMENT_ONLY
2024-04-29,22:00,test,2024,2024,18,17.926870530667173,0.0731294693328266,18,18,true,2024,2024-04,macro_non_southerly,17.292266666666666,0.7077333333333335,17,false,0.634603864000507,-0.634603864000507,-1,false,true,true,false,-0.7077333333333335,-0.0731294693328266,EXPERIMENT_ONLY
2024-04-29,23:00,test,2024,2024,18,18.15570902480933,0.15570902480932958,18,18,true,2024,2024-04,macro_non_southerly,17.292266666666666,0.7077333333333335,17,false,0.552024308524004,-0.8634423581426631,-1,false,true,true,false,-0.7077333333333335,0.15570902480932958,EXPERIMENT_ONLY
2024-04-30,20:00,test,2024,2024,17,17.477059363012643,0.47705936301264273,17,17,true,2024,2024-04,macro_non_southerly,17.119999999999997,0.11999999999999744,17,true,-0.3570593630126453,-0.3570593630126453,0,true,false,false,false,0.11999999999999744,0.47705936301264273,EXPERIMENT_ONLY
2024-04-30,21:00,test,2024,2024,17,17.567348956040785,0.5673489560407852,17,18,false,2024,2024-04,macro_non_southerly,17.119999999999997,0.11999999999999744,17,true,-0.4473489560407877,-0.4473489560407877,1,true,false,false,true,0.11999999999999744,0.5673489560407852,EXPERIMENT_ONLY
2024-04-30,22:00,test,2024,2024,17,17.875730086917702,0.8757300869177023,17,18,false,2024,2024-04,macro_non_southerly,17.119999999999997,0.11999999999999744,17,true,-0.7557300869177048,-0.7557300869177048,1,true,false,false,true,0.11999999999999744,0.8757300869177023,EXPERIMENT_ONLY
2024-04-30,23:00,test,2024,2024,17,18.14676886282161,1.1467688628216095,17,18,false,2024,2024-04,macro_non_southerly,17.119999999999997,0.11999999999999744,17,true,-1.026768862821612,-1.026768862821612,1,true,false,false,true,0.11999999999999744,1.1467688628216095,EXPERIMENT_ONLY
2024-05-01,20:00,test,2024,2024,17,17.770624748130754,0.7706247481307535,17,18,false,2024,2024-05,macro_non_southerly,17.354666666666667,0.3546666666666667,17,true,-0.41595808146408686,-0.41595808146408686,1,true,false,false,true,0.3546666666666667,0.7706247481307535,EXPERIMENT_ONLY
2024-05-01,21:00,test,2024,2024,17,18.037729449284882,1.0377294492848819,17,18,false,2024,2024-05,macro_non_southerly,17.354666666666667,0.3546666666666667,17,true,-0.6830627826182152,-0.6830627826182152,1,true,false,false,true,0.3546666666666667,1.0377294492848819,EXPERIMENT_ONLY
2024-05-01,22:00,test,2024,2024,17,17.93320177889982,0.9332017788998215,17,18,false,2024,2024-05,macro_non_southerly,17.354666666666667,0.3546666666666667,17,true,-0.5785351122331548,-0.5785351122331548,1,true,false,false,true,0.3546666666666667,0.9332017788998215,EXPERIMENT_ONLY
2024-05-01,23:00,test,2024,2024,17,18.072885552487357,1.0728855524873566,17,18,false,2024,2024-05,macro_non_southerly,17.354666666666667,0.3546666666666667,17,true,-0.7182188858206899,-0.7182188858206899,1,true,false,false,true,0.3546666666666667,1.0728855524873566,EXPERIMENT_ONLY
2024-05-02,20:00,test,2024,2024,13,13.464641074485677,0.4646410744856766,13,13,true,2024,2024-05,macro_southerly_flow,13.394933333333332,0.39493333333333247,13,true,-0.06970774115234413,-0.06970774115234413,0,true,false,false,false,0.39493333333333247,0.4646410744856766,EXPERIMENT_ONLY
2024-05-02,21:00,test,2024,2024,13,13.518921471700194,0.5189214717001942,13,14,false,2024,2024-05,macro_southerly_flow,13.394933333333332,0.39493333333333247,13,true,-0.12398813836686173,-0.12398813836686173,1,true,false,false,true,0.39493333333333247,0.5189214717001942,EXPERIMENT_ONLY
2024-05-02,22:00,test,2024,2024,13,13.202181745919374,0.20218174591937377,13,13,true,2024,2024-05,macro_southerly_flow,13.394933333333332,0.39493333333333247,13,true,0.1927515874139587,0.1927515874139587,0,false,true,false,false,0.39493333333333247,0.20218174591937377,EXPERIMENT_ONLY
2024-05-02,23:00,test,2024,2024,13,13.338022450045985,0.33802245004598497,13,13,true,2024,2024-05,macro_southerly_flow,13.394933333333332,0.39493333333333247,13,true,0.0569108832873475,0.0569108832873475,0,false,true,false,false,0.39493333333333247,0.33802245004598497,EXPERIMENT_ONLY
2024-05-03,20:00,test,2024,2024,15,15.160222167625225,0.1602221676252249,15,15,true,2024,2024-05,macro_non_southerly,14.9576,0.04240000000000066,15,true,-0.11782216762522424,-0.20262216762522556,0,true,false,false,false,-0.04240000000000066,0.1602221676252249,EXPERIMENT_ONLY
2024-05-03,21:00,test,2024,2024,15,15.083113028571239,0.0831130285712387,15,15,true,2024,2024-05,macro_non_southerly,14.9576,0.04240000000000066,15,true,-0.04071302857123804,-0.12551302857123936,0,true,false,false,false,-0.04240000000000066,0.0831130285712387,EXPERIMENT_ONLY
2024-05-03,22:00,test,2024,2024,15,15.190415795516385,0.190415795516385,15,15,true,2024,2024-05,macro_non_southerly,14.9576,0.04240000000000066,15,true,-0.14801579551638433,-0.23281579551638565,0,true,false,false,false,-0.04240000000000066,0.190415795516385,EXPERIMENT_ONLY
2024-05-03,23:00,test,2024,2024,15,15.494531467729356,0.49453146772935597,15,15,true,2024,2024-05,macro_non_southerly,14.9576,0.04240000000000066,15,true,-0.4521314677293553,-0.5369314677293566,0,true,false,false,false,-0.04240000000000066,0.49453146772935597,EXPERIMENT_ONLY
2024-05-04,20:00,test,2024,2024,15,14.090078699428288,0.9099213005717122,15,14,false,2024,2024-05,macro_non_southerly,15.395733333333332,0.3957333333333324,15,true,-0.5141879672383798,1.3056546339050445,1,true,false,false,true,0.3957333333333324,-0.9099213005717122,EXPERIMENT_ONLY
2024-05-04,21:00,test,2024,2024,15,14.86865495516441,0.13134504483559084,15,15,true,2024,2024-05,macro_non_southerly,15.395733333333332,0.3957333333333324,15,true,0.26438828849774154,0.5270783781689232,0,false,true,false,false,0.3957333333333324,-0.13134504483559084,EXPERIMENT_ONLY
2024-05-04,22:00,test,2024,2024,15,15.304016228713055,0.30401622871305456,15,15,true,2024,2024-05,macro_non_southerly,15.395733333333332,0.3957333333333324,15,true,0.09171710462027782,0.09171710462027782,0,false,true,false,false,0.3957333333333324,0.30401622871305456,EXPERIMENT_ONLY
2024-05-04,23:00,test,2024,2024,15,15.57030118873471,0.5703011887347103,15,16,false,2024,2024-05,macro_non_southerly,15.395733333333332,0.3957333333333324,15,true,-0.17456785540137787,-0.17456785540137787,1,true,false,false,true,0.3957333333333324,0.5703011887347103,EXPERIMENT_ONLY
2024-05-05,20:00,test,2024,2024,16,15.52383971466269,0.4761602853373095,16,16,true,2024,2024-05,macro_non_southerly,15.910400000000001,0.08959999999999901,16,true,-0.38656028533731046,0.38656028533731046,0,true,false,false,false,-0.08959999999999901,-0.4761602853373095,EXPERIMENT_ONLY
2024-05-05,21:00,test,2024,2024,16,16.22925468867125,0.22925468867125076,16,16,true,2024,2024-05,macro_non_southerly,15.910400000000001,0.08959999999999901,16,true,-0.13965468867125175,-0.3188546886712498,0,true,false,false,false,-0.08959999999999901,0.22925468867125076,EXPERIMENT_ONLY
2024-05-05,22:00,test,2024,2024,16,16.587628196178393,0.5876281961783931,16,17,false,2024,2024-05,macro_non_southerly,15.910400000000001,0.08959999999999901,16,true,-0.4980281961783941,-0.6772281961783921,1,true,false,false,true,-0.08959999999999901,0.5876281961783931,EXPERIMENT_ONLY
2024-05-05,23:00,test,2024,2024,16,16.786298937075664,0.7862989370756637,16,17,false,2024,2024-05,macro_non_southerly,15.910400000000001,0.08959999999999901,16,true,-0.6966989370756647,-0.8758989370756627,1,true,false,false,true,-0.08959999999999901,0.7862989370756637,EXPERIMENT_ONLY
2024-05-06,20:00,test,2024,2024,18,17.107158571174146,0.8928414288258537,18,17,false,2024,2024-05,macro_non_southerly,16.629866666666665,1.3701333333333352,17,false,0.4772919045074815,-0.4772919045074815,0,false,true,false,false,-1.3701333333333352,-0.8928414288258537,EXPERIMENT_ONLY
2024-05-06,21:00,test,2024,2024,18,17.178263153385323,0.8217368466146766,18,17,false,2024,2024-05,macro_non_southerly,16.629866666666665,1.3701333333333352,17,false,0.5483964867186586,-0.5483964867186586,0,false,true,false,false,-1.3701333333333352,-0.8217368466146766,EXPERIMENT_ONLY
2024-05-06,22:00,test,2024,2024,18,17.02565252146239,0.9743474785376094,18,17,false,2024,2024-05,macro_non_southerly,16.629866666666665,1.3701333333333352,17,false,0.3957858547957258,-0.3957858547957258,0,false,true,false,false,-1.3701333333333352,-0.9743474785376094,EXPERIMENT_ONLY
2024-05-06,23:00,test,2024,2024,18,17.178982813764588,0.8210171862354123,18,17,false,2024,2024-05,macro_non_southerly,16.629866666666665,1.3701333333333352,17,false,0.5491161470979229,-0.5491161470979229,0,false,true,false,false,-1.3701333333333352,-0.8210171862354123,EXPERIMENT_ONLY
2024-05-07,20:00,test,2024,2024,13,12.59766849354043,0.4023315064595696,13,13,true,2024,2024-05,macro_southerly_flow,12.624533333333332,0.37546666666666795,13,true,-0.026864839792901662,0.026864839792901662,0,true,false,false,false,-0.37546666666666795,-0.4023315064595696,EXPERIMENT_ONLY
2024-05-07,21:00,test,2024,2024,13,12.791790667440747,0.2082093325592531,13,13,true,2024,2024-05,macro_southerly_flow,12.624533333333332,0.37546666666666795,13,true,0.16725733410741483,-0.16725733410741483,0,false,true,false,false,-0.37546666666666795,-0.2082093325592531,EXPERIMENT_ONLY
2024-05-07,22:00,test,2024,2024,13,12.717485224384145,0.28251477561585503,13,13,true,2024,2024-05,macro_southerly_flow,12.624533333333332,0.37546666666666795,13,true,0.09295189105081292,-0.09295189105081292,0,false,true,false,false,-0.37546666666666795,-0.28251477561585503,EXPERIMENT_ONLY
2024-05-07,23:00,test,2024,2024,13,13.111963560037138,0.11196356003713781,13,13,true,2024,2024-05,macro_southerly_flow,12.624533333333332,0.37546666666666795,13,true,0.26350310662953014,-0.48743022670380576,0,false,true,false,false,-0.37546666666666795,0.11196356003713781,EXPERIMENT_ONLY
2024-05-08,20:00,test,2024,2024,14,13.057822750719774,0.9421772492802258,14,13,false,2024,2024-05,macro_non_southerly,14.070666666666668,0.07066666666666777,14,true,-0.8715105826135581,1.0128439159468936,1,true,false,false,true,0.07066666666666777,-0.9421772492802258,EXPERIMENT_ONLY
2024-05-08,21:00,test,2024,2024,14,13.794842557205053,0.2051574427949472,14,14,true,2024,2024-05,macro_non_southerly,14.070666666666668,0.07066666666666777,14,true,-0.13449077612827942,0.27582410946161495,0,true,false,false,false,0.07066666666666777,-0.2051574427949472,EXPERIMENT_ONLY
2024-05-08,22:00,test,2024,2024,14,14.690875782452938,0.6908757824529381,14,15,false,2024,2024-05,macro_non_southerly,14.070666666666668,0.07066666666666777,14,true,-0.6202091157862704,-0.6202091157862704,1,true,false,false,true,0.07066666666666777,0.6908757824529381,EXPERIMENT_ONLY
2024-05-08,23:00,test,2024,2024,14,14.985831951151434,0.9858319511514342,14,15,false,2024,2024-05,macro_non_southerly,14.070666666666668,0.07066666666666777,14,true,-0.9151652844847664,-0.9151652844847664,1,true,false,false,true,0.07066666666666777,0.9858319511514342,EXPERIMENT_ONLY
2024-05-09,20:00,test,2024,2024,11,12.090230580621489,1.0902305806214887,11,12,false,2024,2024-05,macro_southerly_flow,11.849333333333334,0.8493333333333339,12,false,-0.24089724728815476,-0.24089724728815476,0,true,false,false,false,0.8493333333333339,1.0902305806214887,EXPERIMENT_ONLY
2024-05-09,21:00,test,2024,2024,11,11.921767457044222,0.921767457044222,11,12,false,2024,2024-05,macro_southerly_flow,11.849333333333334,0.8493333333333339,12,false,-0.07243412371088809,-0.07243412371088809,0,true,false,false,false,0.8493333333333339,0.921767457044222,EXPERIMENT_ONLY
2024-05-09,22:00,test,2024,2024,11,11.552872656777694,0.5528726567776943,11,12,false,2024,2024-05,macro_southerly_flow,11.849333333333334,0.8493333333333339,12,false,0.2964606765556397,0.2964606765556397,0,false,true,false,false,0.8493333333333339,0.5528726567776943,EXPERIMENT_ONLY
2024-05-09,23:00,test,2024,2024,11,11.62679111912693,0.6267911191269295,11,12,false,2024,2024-05,macro_southerly_flow,11.849333333333334,0.8493333333333339,12,false,0.2225422142064044,0.2225422142064044,0,false,true,false,false,0.8493333333333339,0.6267911191269295,EXPERIMENT_ONLY
2024-05-10,20:00,test,2024,2024,12,11.425180394335822,0.5748196056641781,12,11,false,2024,2024-05,macro_southerly_flow,12.7024,0.7024000000000008,13,false,0.1275803943358227,1.277219605664179,0,false,true,false,false,0.7024000000000008,-0.5748196056641781,EXPERIMENT_ONLY
2024-05-10,21:00,test,2024,2024,12,11.930234240901665,0.06976575909833471,12,12,true,2024,2024-05,macro_southerly_flow,12.7024,0.7024000000000008,13,false,0.6326342409016661,0.7721657590983355,-1,false,true,true,false,0.7024000000000008,-0.06976575909833471,EXPERIMENT_ONLY
2024-05-10,22:00,test,2024,2024,12,12.80810150764519,0.8081015076451905,12,13,false,2024,2024-05,macro_non_southerly,12.7024,0.7024000000000008,13,false,-0.10570150764518971,-0.10570150764518971,0,true,false,false,false,0.7024000000000008,0.8081015076451905,EXPERIMENT_ONLY
2024-05-10,23:00,test,2024,2024,12,13.126700726318786,1.126700726318786,12,13,false,2024,2024-05,macro_non_southerly,12.7024,0.7024000000000008,13,false,-0.42430072631878524,-0.42430072631878524,0,true,false,false,false,0.7024000000000008,1.126700726318786,EXPERIMENT_ONLY
2024-05-11,20:00,test,2024,2024,12,12.43254728678659,0.4325472867865905,12,12,true,2024,2024-05,macro_southerly_flow,12.572266666666666,0.5722666666666658,13,false,0.13971937988007532,0.13971937988007532,-1,false,true,true,false,0.5722666666666658,0.4325472867865905,EXPERIMENT_ONLY
2024-05-11,21:00,test,2024,2024,12,12.276458278025027,0.27645827802502687,12,12,true,2024,2024-05,macro_southerly_flow,12.572266666666666,0.5722666666666658,13,false,0.29580838864163894,0.29580838864163894,-1,false,true,true,false,0.5722666666666658,0.27645827802502687,EXPERIMENT_ONLY
2024-05-11,22:00,test,2024,2024,12,11.842912687880299,0.1570873121197014,12,12,true,2024,2024-05,macro_southerly_flow,12.572266666666666,0.5722666666666658,13,false,0.4151793545469644,0.7293539787863672,-1,false,true,true,false,0.5722666666666658,-0.1570873121197014,EXPERIMENT_ONLY
2024-05-11,23:00,test,2024,2024,12,12.127233613240184,0.12723361324018434,12,12,true,2024,2024-05,macro_southerly_flow,12.572266666666666,0.5722666666666658,13,false,0.4450330534264815,0.4450330534264815,-1,false,true,true,false,0.5722666666666658,0.12723361324018434,EXPERIMENT_ONLY
2024-05-12,20:00,test,2024,2024,13,14.12808023767865,1.1280802376786507,13,14,false,2024,2024-05,macro_non_southerly,14.531199999999998,1.5311999999999983,15,false,0.4031197623213476,0.4031197623213476,0,false,true,false,false,1.5311999999999983,1.1280802376786507,EXPERIMENT_ONLY
2024-05-12,21:00,test,2024,2024,13,14.362599146595379,1.3625991465953788,13,14,false,2024,2024-05,macro_non_southerly,14.531199999999998,1.5311999999999983,15,false,0.1686008534046195,0.1686008534046195,0,false,true,false,false,1.5311999999999983,1.3625991465953788,EXPERIMENT_ONLY
2024-05-12,22:00,test,2024,2024,13,14.028599052058023,1.0285990520580235,13,14,false,2024,2024-05,macro_non_southerly,14.531199999999998,1.5311999999999983,15,false,0.5026009479419749,0.5026009479419749,0,false,true,false,false,1.5311999999999983,1.0285990520580235,EXPERIMENT_ONLY
2024-05-12,23:00,test,2024,2024,13,14.205217432114505,1.2052174321145053,13,14,false,2024,2024-05,macro_non_southerly,14.531199999999998,1.5311999999999983,15,false,0.32598256788549307,0.32598256788549307,0,false,true,false,false,1.5311999999999983,1.2052174321145053,EXPERIMENT_ONLY
2024-05-13,20:00,test,2024,2024,13,14.059645845884635,1.059645845884635,13,14,false,2024,2024-05,macro_non_southerly,14.093066666666669,1.0930666666666689,14,false,0.0334208207820339,0.0334208207820339,0,false,true,false,false,1.0930666666666689,1.059645845884635,EXPERIMENT_ONLY
2024-05-13,21:00,test,2024,2024,13,14.253304112531904,1.2533041125319038,13,14,false,2024,2024-05,macro_non_southerly,14.093066666666669,1.0930666666666689,14,false,-0.16023744586523492,-0.16023744586523492,0,true,false,false,false,1.0930666666666689,1.2533041125319038,EXPERIMENT_ONLY
2024-05-13,22:00,test,2024,2024,13,14.141537151126576,1.1415371511265757,13,14,false,2024,2024-05,macro_non_southerly,14.093066666666669,1.0930666666666689,14,false,-0.04847048445990687,-0.04847048445990687,0,true,false,false,false,1.0930666666666689,1.1415371511265757,EXPERIMENT_ONLY
2024-05-13,23:00,test,2024,2024,13,14.417284120920296,1.4172841209202964,13,14,false,2024,2024-05,macro_non_southerly,14.093066666666669,1.0930666666666689,14,false,-0.3242174542536276,-0.3242174542536276,0,true,false,false,false,1.0930666666666689,1.4172841209202964,EXPERIMENT_ONLY
2024-05-14,20:00,test,2024,2024,15,14.047823773336145,0.9521762266638554,15,14,false,2024,2024-05,macro_non_southerly,14.1672,0.8328000000000007,14,false,-0.11937622666385472,0.11937622666385472,0,true,false,false,false,-0.8328000000000007,-0.9521762266638554,EXPERIMENT_ONLY
2024-05-14,21:00,test,2024,2024,15,14.757193687319425,0.24280631268057462,15,15,true,2024,2024-05,macro_non_southerly,14.1672,0.8328000000000007,14,false,0.589993687319426,-0.589993687319426,-1,false,true,true,false,-0.8328000000000007,-0.24280631268057462,EXPERIMENT_ONLY
2024-05-14,22:00,test,2024,2024,15,15.463471525250817,0.46347152525081725,15,15,true,2024,2024-05,macro_non_southerly,14.1672,0.8328000000000007,14,false,0.3693284747491834,-1.296271525250818,-1,false,true,true,false,-0.8328000000000007,0.46347152525081725,EXPERIMENT_ONLY
2024-05-14,23:00,test,2024,2024,15,15.600144825371558,0.600144825371558,15,16,false,2024,2024-05,macro_non_southerly,14.1672,0.8328000000000007,14,false,0.23265517462844265,-1.4329448253715587,0,false,true,false,false,-0.8328000000000007,0.600144825371558,EXPERIMENT_ONLY
2024-05-15,20:00,test,2024,2024,15,15.88160842177142,0.8816084217714195,15,16,false,2024,2024-05,macro_non_southerly,14.6416,0.3583999999999996,15,true,-0.5232084217714199,-1.2400084217714191,1,true,false,false,true,-0.3583999999999996,0.8816084217714195,EXPERIMENT_ONLY
2024-05-15,21:00,test,2024,2024,15,16.090554711318543,1.0905547113185428,15,16,false,2024,2024-05,macro_non_southerly,14.6416,0.3583999999999996,15,true,-0.7321547113185431,-1.4489547113185424,1,true,false,false,true,-0.3583999999999996,1.0905547113185428,EXPERIMENT_ONLY
2024-05-15,22:00,test,2024,2024,15,15.437945302729236,0.4379453027292364,15,15,true,2024,2024-05,macro_non_southerly,14.6416,0.3583999999999996,15,true,-0.07954530272923677,-0.796345302729236,0,true,false,false,false,-0.3583999999999996,0.4379453027292364,EXPERIMENT_ONLY
2024-05-15,23:00,test,2024,2024,15,15.31199422110012,0.3119942211001199,15,15,true,2024,2024-05,macro_non_southerly,14.6416,0.3583999999999996,15,true,0.046405778899879735,-0.6703942211001195,0,false,true,false,false,-0.3583999999999996,0.3119942211001199,EXPERIMENT_ONLY
2024-05-16,20:00,test,2024,2024,17,15.688650011249457,1.3113499887505426,17,16,false,2024,2024-05,macro_non_southerly,16.249866666666666,0.7501333333333342,16,false,-0.5612166554172084,0.5612166554172084,0,true,false,false,false,-0.7501333333333342,-1.3113499887505426,EXPERIMENT_ONLY
2024-05-16,21:00,test,2024,2024,17,15.852997998941369,1.147002001058631,17,16,false,2024,2024-05,macro_non_southerly,16.249866666666666,0.7501333333333342,16,false,-0.39686866772529683,0.39686866772529683,0,true,false,false,false,-0.7501333333333342,-1.147002001058631,EXPERIMENT_ONLY
2024-05-16,22:00,test,2024,2024,17,15.950805827111152,1.049194172888848,17,16,false,2024,2024-05,macro_non_southerly,16.249866666666666,0.7501333333333342,16,false,-0.2990608395555139,0.2990608395555139,0,true,false,false,false,-0.7501333333333342,-1.049194172888848,EXPERIMENT_ONLY
2024-05-16,23:00,test,2024,2024,17,16.12372704721345,0.8762729527865503,17,16,false,2024,2024-05,macro_non_southerly,16.249866666666666,0.7501333333333342,16,false,-0.12613961945321606,0.12613961945321606,0,true,false,false,false,-0.7501333333333342,-0.8762729527865503,EXPERIMENT_ONLY
2024-05-17,20:00,test,2024,2024,15,13.42706940197976,1.5729305980202408,15,13,false,2024,2024-05,macro_southerly_flow,14.5208,0.4792000000000005,15,true,-1.0937305980202403,1.0937305980202403,1,true,false,false,true,-0.4792000000000005,-1.5729305980202408,EXPERIMENT_ONLY
2024-05-17,21:00,test,2024,2024,15,15.209176081156533,0.2091760811565333,15,15,true,2024,2024-05,macro_non_southerly,14.5208,0.4792000000000005,15,true,0.2700239188434672,-0.6883760811565338,0,false,true,false,false,-0.4792000000000005,0.2091760811565333,EXPERIMENT_ONLY
2024-05-17,22:00,test,2024,2024,15,15.561409845261101,0.5614098452611014,15,16,false,2024,2024-05,macro_non_southerly,14.5208,0.4792000000000005,15,true,-0.08220984526110087,-1.040609845261102,1,true,false,false,true,-0.4792000000000005,0.5614098452611014,EXPERIMENT_ONLY
2024-05-17,23:00,test,2024,2024,15,15.667127895342514,0.6671278953425137,15,16,false,2024,2024-05,macro_non_southerly,14.5208,0.4792000000000005,15,true,-0.1879278953425132,-1.1463278953425142,1,true,false,false,true,-0.4792000000000005,0.6671278953425137,EXPERIMENT_ONLY
2024-05-18,20:00,test,2024,2024,15,16.016885501276413,1.0168855012764126,15,16,false,2024,2024-05,macro_non_southerly,15.129599999999998,0.12959999999999816,15,true,-0.8872855012764145,-0.8872855012764145,1,true,false,false,true,0.12959999999999816,1.0168855012764126,EXPERIMENT_ONLY
2024-05-18,21:00,test,2024,2024,15,16.14687795484123,1.14687795484123,15,16,false,2024,2024-05,macro_non_southerly,15.129599999999998,0.12959999999999816,15,true,-1.0172779548412318,-1.0172779548412318,1,true,false,false,true,0.12959999999999816,1.14687795484123,EXPERIMENT_ONLY
2024-05-18,22:00,test,2024,2024,15,15.907521695109033,0.9075216951090326,15,16,false,2024,2024-05,macro_non_southerly,15.129599999999998,0.12959999999999816,15,true,-0.7779216951090344,-0.7779216951090344,1,true,false,false,true,0.12959999999999816,0.9075216951090326,EXPERIMENT_ONLY
2024-05-18,23:00,test,2024,2024,15,16.054234728988295,1.0542347289882947,15,16,false,2024,2024-05,macro_non_southerly,15.129599999999998,0.12959999999999816,15,true,-0.9246347289882966,-0.9246347289882966,1,true,false,false,true,0.12959999999999816,1.0542347289882947,EXPERIMENT_ONLY
2024-05-19,20:00,test,2024,2024,14,14.866374554397327,0.8663745543973267,14,15,false,2024,2024-05,macro_non_southerly,15.156533333333334,1.1565333333333339,15,false,0.29015877893600717,0.29015877893600717,0,false,true,false,false,1.1565333333333339,0.8663745543973267,EXPERIMENT_ONLY
2024-05-19,21:00,test,2024,2024,14,14.955946413375115,0.9559464133751145,14,15,false,2024,2024-05,macro_non_southerly,15.156533333333334,1.1565333333333339,15,false,0.2005869199582193,0.2005869199582193,0,false,true,false,false,1.1565333333333339,0.9559464133751145,EXPERIMENT_ONLY
2024-05-19,22:00,test,2024,2024,14,14.768457412379195,0.7684574123791954,14,15,false,2024,2024-05,macro_non_southerly,15.156533333333334,1.1565333333333339,15,false,0.38807592095413845,0.38807592095413845,0,false,true,false,false,1.1565333333333339,0.7684574123791954,EXPERIMENT_ONLY
2024-05-19,23:00,test,2024,2024,14,15.117602951789438,1.1176029517894381,14,15,false,2024,2024-05,macro_non_southerly,15.156533333333334,1.1565333333333339,15,false,0.03893038154389572,0.03893038154389572,0,false,true,false,false,1.1565333333333339,1.1176029517894381,EXPERIMENT_ONLY
2024-05-20,20:00,test,2024,2024,14,14.828281267076672,0.8282812670766724,14,15,false,2024,2024-05,macro_non_southerly,15.375733333333333,1.3757333333333328,15,false,0.5474520662566604,0.5474520662566604,0,false,true,false,false,1.3757333333333328,0.8282812670766724,EXPERIMENT_ONLY
2024-05-20,21:00,test,2024,2024,14,15.33331222563627,1.33331222563627,14,15,false,2024,2024-05,macro_non_southerly,15.375733333333333,1.3757333333333328,15,false,0.042421107697062865,0.042421107697062865,0,false,true,false,false,1.3757333333333328,1.33331222563627,EXPERIMENT_ONLY
2024-05-20,22:00,test,2024,2024,14,15.569728123591611,1.5697281235916112,14,16,false,2024,2024-05,macro_non_southerly,15.375733333333333,1.3757333333333328,15,false,-0.19399479025827837,-0.19399479025827837,0,true,false,false,false,1.3757333333333328,1.5697281235916112,EXPERIMENT_ONLY
2024-05-20,23:00,test,2024,2024,14,15.840661981524818,1.8406619815248177,14,16,false,2024,2024-05,macro_non_southerly,15.375733333333333,1.3757333333333328,15,false,-0.46492864819148494,-0.46492864819148494,0,true,false,false,false,1.3757333333333328,1.8406619815248177,EXPERIMENT_ONLY
2024-05-21,20:00,test,2024,2024,14,15.738360941533816,1.7383609415338164,14,16,false,2024,2024-05,macro_non_southerly,13.990933333333334,0.009066666666665668,14,true,-1.7292942748671507,-1.747427608200482,1,true,false,false,true,-0.009066666666665668,1.7383609415338164,EXPERIMENT_ONLY
2024-05-21,21:00,test,2024,2024,14,14.783053319904344,0.7830533199043437,14,15,false,2024,2024-05,macro_southerly_flow,13.990933333333334,0.009066666666665668,14,true,-0.773986653237678,-0.7921199865710093,1,true,false,false,true,-0.009066666666665668,0.7830533199043437,EXPERIMENT_ONLY
2024-05-21,22:00,test,2024,2024,14,15.319327197502039,1.319327197502039,14,15,false,2024,2024-05,macro_non_southerly,13.990933333333334,0.009066666666665668,14,true,-1.3102605308353734,-1.3283938641687048,1,true,false,false,true,-0.009066666666665668,1.319327197502039,EXPERIMENT_ONLY
2024-05-21,23:00,test,2024,2024,14,15.328670730002935,1.3286707300029352,14,15,false,2024,2024-05,macro_non_southerly,13.990933333333334,0.009066666666665668,14,true,-1.3196040633362696,-1.337737396669601,1,true,false,false,true,-0.009066666666665668,1.3286707300029352,EXPERIMENT_ONLY
2024-05-22,20:00,test,2024,2024,13,13.538311114052261,0.5383111140522612,13,14,false,2024,2024-05,macro_southerly_flow,13.105066666666666,0.10506666666666575,13,true,-0.4332444473855954,-0.4332444473855954,1,true,false,false,true,0.10506666666666575,0.5383111140522612,EXPERIMENT_ONLY
2024-05-22,21:00,test,2024,2024,13,13.536720399120874,0.536720399120874,13,14,false,2024,2024-05,macro_southerly_flow,13.105066666666666,0.10506666666666575,13,true,-0.43165373245420824,-0.43165373245420824,1,true,false,false,true,0.10506666666666575,0.536720399120874,EXPERIMENT_ONLY
2024-05-22,22:00,test,2024,2024,13,12.915195990099903,0.08480400990009684,13,13,true,2024,2024-05,macro_southerly_flow,13.105066666666666,0.10506666666666575,13,true,0.02026265676656891,0.1898706765667626,0,false,true,false,false,0.10506666666666575,-0.08480400990009684,EXPERIMENT_ONLY
2024-05-22,23:00,test,2024,2024,13,13.021678583666224,0.021678583666224327,13,13,true,2024,2024-05,macro_southerly_flow,13.105066666666666,0.10506666666666575,13,true,0.08338808300044143,0.08338808300044143,0,false,true,false,false,0.10506666666666575,0.021678583666224327,EXPERIMENT_ONLY
2024-05-23,20:00,test,2024,2024,12,12.530673937421295,0.5306739374212945,12,13,false,2024,2024-05,macro_southerly_flow,12.232800000000001,0.232800000000001,12,true,-0.29787393742129353,-0.29787393742129353,1,true,false,false,true,0.232800000000001,0.5306739374212945,EXPERIMENT_ONLY
2024-05-23,21:00,test,2024,2024,12,12.560241204296114,0.5602412042961138,12,13,false,2024,2024-05,macro_southerly_flow,12.232800000000001,0.232800000000001,12,true,-0.3274412042961128,-0.3274412042961128,1,true,false,false,true,0.232800000000001,0.5602412042961138,EXPERIMENT_ONLY
2024-05-23,22:00,test,2024,2024,12,12.286669117613773,0.2866691176137728,12,12,true,2024,2024-05,macro_southerly_flow,12.232800000000001,0.232800000000001,12,true,-0.05386911761377178,-0.05386911761377178,0,true,false,false,false,0.232800000000001,0.2866691176137728,EXPERIMENT_ONLY
2024-05-23,23:00,test,2024,2024,12,12.39635773183689,0.3963577318368898,12,12,true,2024,2024-05,macro_southerly_flow,12.232800000000001,0.232800000000001,12,true,-0.16355773183688882,-0.16355773183688882,0,true,false,false,false,0.232800000000001,0.3963577318368898,EXPERIMENT_ONLY
2024-05-24,20:00,test,2024,2024,11,13.471401066948236,2.4714010669482356,11,13,false,2024,2024-05,macro_non_southerly,12.490666666666666,1.490666666666666,12,false,-0.9807344002815697,-0.9807344002815697,0,true,false,false,false,1.490666666666666,2.4714010669482356,EXPERIMENT_ONLY
2024-05-24,21:00,test,2024,2024,11,13.184681510955253,2.1846815109552526,11,13,false,2024,2024-05,macro_non_southerly,12.490666666666666,1.490666666666666,12,false,-0.6940148442885867,-0.6940148442885867,0,true,false,false,false,1.490666666666666,2.1846815109552526,EXPERIMENT_ONLY
2024-05-24,22:00,test,2024,2024,11,12.811520758163576,1.8115207581635762,11,13,false,2024,2024-05,macro_non_southerly,12.490666666666666,1.490666666666666,12,false,-0.32085409149691024,-0.32085409149691024,0,true,false,false,false,1.490666666666666,1.8115207581635762,EXPERIMENT_ONLY
2024-05-24,23:00,test,2024,2024,11,13.128892768701666,2.1288927687016663,11,13,false,2024,2024-05,macro_non_southerly,12.490666666666666,1.490666666666666,12,false,-0.6382261020350004,-0.6382261020350004,0,true,false,false,false,1.490666666666666,2.1288927687016663,EXPERIMENT_ONLY
2024-05-25,20:00,test,2024,2024,14,12.731646535460275,1.2683534645397252,14,13,false,2024,2024-05,macro_non_southerly,13.851466666666669,0.14853333333333119,14,true,-1.119820131206394,1.119820131206394,1,true,false,false,true,-0.14853333333333119,-1.2683534645397252,EXPERIMENT_ONLY
2024-05-25,21:00,test,2024,2024,14,12.863384804178418,1.136615195821582,14,13,false,2024,2024-05,macro_non_southerly,13.851466666666669,0.14853333333333119,14,true,-0.9880818624882508,0.9880818624882508,1,true,false,false,true,-0.14853333333333119,-1.136615195821582,EXPERIMENT_ONLY
2024-05-25,22:00,test,2024,2024,14,12.967326651886601,1.0326733481133985,14,13,false,2024,2024-05,macro_non_southerly,13.851466666666669,0.14853333333333119,14,true,-0.8841400147800673,0.8841400147800673,1,true,false,false,true,-0.14853333333333119,-1.0326733481133985,EXPERIMENT_ONLY
2024-05-25,23:00,test,2024,2024,14,13.210570947495244,0.7894290525047563,14,13,false,2024,2024-05,macro_non_southerly,13.851466666666669,0.14853333333333119,14,true,-0.6408957191714251,0.6408957191714251,1,true,false,false,true,-0.14853333333333119,-0.7894290525047563,EXPERIMENT_ONLY
2024-05-26,20:00,test,2024,2024,13,13.514986387401109,0.5149863874011089,13,14,false,2024,2024-05,macro_non_southerly,12.854133333333335,0.1458666666666648,13,true,-0.3691197207344441,-0.6608530540677737,1,true,false,false,true,-0.1458666666666648,0.5149863874011089,EXPERIMENT_ONLY
2024-05-26,21:00,test,2024,2024,13,13.513728431103626,0.5137284311036261,13,14,false,2024,2024-05,macro_non_southerly,12.854133333333335,0.1458666666666648,13,true,-0.3678617644369613,-0.6595950977702909,1,true,false,false,true,-0.1458666666666648,0.5137284311036261,EXPERIMENT_ONLY
2024-05-26,22:00,test,2024,2024,13,12.66070575906802,0.3392942409319808,13,13,true,2024,2024-05,macro_non_southerly,12.854133333333335,0.1458666666666648,13,true,-0.19342757426531598,0.19342757426531598,0,true,false,false,false,-0.1458666666666648,-0.3392942409319808,EXPERIMENT_ONLY
2024-05-26,23:00,test,2024,2024,13,12.498688929918687,0.5013110700813126,13,12,false,2024,2024-05,macro_non_southerly,12.854133333333335,0.1458666666666648,13,true,-0.3554444034146478,0.3554444034146478,1,true,false,false,true,-0.1458666666666648,-0.5013110700813126,EXPERIMENT_ONLY
2024-05-27,20:00,test,2024,2024,14,12.520873972820588,1.4791260271794116,14,13,false,2024,2024-05,macro_non_southerly,13.33226666666667,0.6677333333333308,13,false,-0.8113926938460807,0.8113926938460807,0,true,false,false,false,-0.6677333333333308,-1.4791260271794116,EXPERIMENT_ONLY
2024-05-27,21:00,test,2024,2024,14,12.762325229299204,1.2376747707007958,14,13,false,2024,2024-05,macro_non_southerly,13.33226666666667,0.6677333333333308,13,false,-0.5699414373674649,0.5699414373674649,0,true,false,false,false,-0.6677333333333308,-1.2376747707007958,EXPERIMENT_ONLY
2024-05-27,22:00,test,2024,2024,14,12.965918454505868,1.0340815454941321,14,13,false,2024,2024-05,macro_non_southerly,13.33226666666667,0.6677333333333308,13,false,-0.36634821216080127,0.36634821216080127,0,true,false,false,false,-0.6677333333333308,-1.0340815454941321,EXPERIMENT_ONLY
2024-05-27,23:00,test,2024,2024,14,13.10768975470706,0.8923102452929399,14,13,false,2024,2024-05,macro_non_southerly,13.33226666666667,0.6677333333333308,13,false,-0.22457691195960905,0.22457691195960905,0,true,false,false,false,-0.6677333333333308,-0.8923102452929399,EXPERIMENT_ONLY
2024-05-28,20:00,test,2024,2024,15,13.456437352776687,1.5435626472233128,15,13,false,2024,2024-05,macro_non_southerly,13.602666666666666,1.397333333333334,14,false,-0.14622931388997884,0.14622931388997884,0,true,false,false,false,-1.397333333333334,-1.5435626472233128,EXPERIMENT_ONLY
2024-05-28,21:00,test,2024,2024,15,13.273010601365213,1.726989398634787,15,13,false,2024,2024-05,macro_non_southerly,13.602666666666666,1.397333333333334,14,false,-0.3296560653014531,0.3296560653014531,0,true,false,false,false,-1.397333333333334,-1.726989398634787,EXPERIMENT_ONLY
2024-05-28,22:00,test,2024,2024,15,13.455073772141823,1.544926227858177,15,13,false,2024,2024-05,macro_non_southerly,13.602666666666666,1.397333333333334,14,false,-0.14759289452484303,0.14759289452484303,0,true,false,false,false,-1.397333333333334,-1.544926227858177,EXPERIMENT_ONLY
2024-05-28,23:00,test,2024,2024,15,13.79012013153053,1.2098798684694696,15,14,false,2024,2024-05,macro_non_southerly,13.602666666666666,1.397333333333334,14,false,0.18745346486386438,-0.18745346486386438,0,false,true,false,false,-1.397333333333334,-1.2098798684694696,EXPERIMENT_ONLY
2024-05-29,20:00,test,2024,2024,13,14.263730771797292,1.2637307717972917,13,14,false,2024,2024-05,macro_non_southerly,12.283466666666667,0.7165333333333326,12,false,-0.5471974384639591,-1.9802641051306242,0,true,false,false,false,-0.7165333333333326,1.2637307717972917,EXPERIMENT_ONLY
2024-05-29,21:00,test,2024,2024,13,14.207261171213982,1.2072611712139825,13,14,false,2024,2024-05,macro_non_southerly,12.283466666666667,0.7165333333333326,12,false,-0.4907278378806499,-1.923794504547315,0,true,false,false,false,-0.7165333333333326,1.2072611712139825,EXPERIMENT_ONLY
2024-05-29,22:00,test,2024,2024,13,13.828184553075559,0.8281845530755589,13,14,false,2024,2024-05,macro_non_southerly,12.283466666666667,0.7165333333333326,12,false,-0.11165121974222636,-1.5447178864088915,0,true,false,false,false,-0.7165333333333326,0.8281845530755589,EXPERIMENT_ONLY
2024-05-29,23:00,test,2024,2024,13,13.959311294306278,0.9593112943062785,13,14,false,2024,2024-05,macro_non_southerly,12.283466666666667,0.7165333333333326,12,false,-0.2427779609729459,-1.675844627639611,0,true,false,false,false,-0.7165333333333326,0.9593112943062785,EXPERIMENT_ONLY
2024-05-30,20:00,test,2024,2024,14,14.395770842739704,0.3957708427397044,14,14,true,2024,2024-05,macro_non_southerly,13.5944,0.40559999999999974,14,true,0.009829157260295318,-0.8013708427397042,0,false,true,false,false,-0.40559999999999974,0.3957708427397044,EXPERIMENT_ONLY
2024-05-30,21:00,test,2024,2024,14,13.841029519971183,0.15897048002881675,14,14,true,2024,2024-05,macro_non_southerly,13.5944,0.40559999999999974,14,true,0.246629519971183,-0.246629519971183,0,false,true,false,false,-0.40559999999999974,-0.15897048002881675,EXPERIMENT_ONLY
2024-05-30,22:00,test,2024,2024,14,13.205072148681545,0.7949278513184552,14,13,false,2024,2024-05,macro_non_southerly,13.5944,0.40559999999999974,14,true,-0.3893278513184555,0.3893278513184555,1,true,false,false,true,-0.40559999999999974,-0.7949278513184552,EXPERIMENT_ONLY
2024-05-30,23:00,test,2024,2024,14,13.524593654470616,0.4754063455293842,14,14,true,2024,2024-05,macro_non_southerly,13.5944,0.40559999999999974,14,true,-0.06980634552938447,0.06980634552938447,0,true,false,false,false,-0.40559999999999974,-0.4754063455293842,EXPERIMENT_ONLY
2024-05-31,20:00,test,2024,2024,17,17.191293824323903,0.1912938243239033,17,17,true,2024,2024-05,macro_non_southerly,16.298133333333336,0.701866666666664,16,false,0.5105728423427607,-0.8931604909905673,-1,false,true,true,false,-0.701866666666664,0.1912938243239033,EXPERIMENT_ONLY
2024-05-31,21:00,test,2024,2024,17,17.395820494306594,0.3958204943065944,17,17,true,2024,2024-05,macro_non_southerly,16.298133333333336,0.701866666666664,16,false,0.3060461723600696,-1.0976871609732584,-1,false,true,true,false,-0.701866666666664,0.3958204943065944,EXPERIMENT_ONLY
2024-05-31,22:00,test,2024,2024,17,17.219184881606996,0.21918488160699567,17,17,true,2024,2024-05,macro_non_southerly,16.298133333333336,0.701866666666664,16,false,0.4826817850596683,-0.9210515482736596,-1,false,true,true,false,-0.701866666666664,0.21918488160699567,EXPERIMENT_ONLY
2024-05-31,23:00,test,2024,2024,17,17.320867393361464,0.3208673933614641,17,17,true,2024,2024-05,macro_non_southerly,16.298133333333336,0.701866666666664,16,false,0.3809992733051999,-1.022734060028128,-1,false,true,true,false,-0.701866666666664,0.3208673933614641,EXPERIMENT_ONLY
2024-06-01,20:00,test,2024,2024,17,17.492002123852735,0.49200212385273545,17,17,true,2024,2024-06,macro_non_southerly,16.196266666666666,0.8037333333333336,16,false,0.3117312094805982,-1.295735457186069,-1,false,true,true,false,-0.8037333333333336,0.49200212385273545,EXPERIMENT_ONLY
2024-06-01,21:00,test,2024,2024,17,17.620383382167827,0.6203833821678266,17,18,false,2024,2024-06,macro_non_southerly,16.196266666666666,0.8037333333333336,16,false,0.183349951165507,-1.4241167155011603,0,false,true,false,false,-0.8037333333333336,0.6203833821678266,EXPERIMENT_ONLY
2024-06-01,22:00,test,2024,2024,17,17.444530618819908,0.44453061881990763,17,17,true,2024,2024-06,macro_non_southerly,16.196266666666666,0.8037333333333336,16,false,0.359202714513426,-1.2482639521532413,-1,false,true,true,false,-0.8037333333333336,0.44453061881990763,EXPERIMENT_ONLY
2024-06-01,23:00,test,2024,2024,17,17.582881685561606,0.5828816855616061,17,18,false,2024,2024-06,macro_non_southerly,16.196266666666666,0.8037333333333336,16,false,0.2208516477717275,-1.3866150188949398,0,false,true,false,false,-0.8037333333333336,0.5828816855616061,EXPERIMENT_ONLY
2024-06-02,20:00,test,2024,2024,16,15.32534835193082,0.6746516480691795,16,15,false,2024,2024-06,macro_southerly_flow,16.058133333333334,0.058133333333334036,16,true,-0.6165183147358455,0.7327849814025136,1,true,false,false,true,0.058133333333334036,-0.6746516480691795,EXPERIMENT_ONLY
2024-06-02,21:00,test,2024,2024,16,15.408617571878594,0.5913824281214062,16,15,false,2024,2024-06,macro_southerly_flow,16.058133333333334,0.058133333333334036,16,true,-0.5332490947880721,0.6495157614547402,1,true,false,false,true,0.058133333333334036,-0.5913824281214062,EXPERIMENT_ONLY
2024-06-02,22:00,test,2024,2024,16,15.17332222337929,0.8266777766207092,16,15,false,2024,2024-06,macro_southerly_flow,16.058133333333334,0.058133333333334036,16,true,-0.7685444432873751,0.8848111099540432,1,true,false,false,true,0.058133333333334036,-0.8266777766207092,EXPERIMENT_ONLY
2024-06-02,23:00,test,2024,2024,16,15.28623687989888,0.7137631201011203,16,15,false,2024,2024-06,macro_southerly_flow,16.058133333333334,0.058133333333334036,16,true,-0.6556297867677863,0.7718964534344543,1,true,false,false,true,0.058133333333334036,-0.7137631201011203,EXPERIMENT_ONLY
2024-06-03,20:00,test,2024,2024,14,15.227817549944943,1.2278175499449429,14,15,false,2024,2024-06,macro_non_southerly,13.5448,0.4551999999999996,14,true,-0.7726175499449432,-1.6830175499449425,1,true,false,false,true,-0.4551999999999996,1.2278175499449429,EXPERIMENT_ONLY
2024-06-03,21:00,test,2024,2024,14,15.182622598773603,1.1826225987736034,14,15,false,2024,2024-06,macro_non_southerly,13.5448,0.4551999999999996,14,true,-0.7274225987736038,-1.637822598773603,1,true,false,false,true,-0.4551999999999996,1.1826225987736034,EXPERIMENT_ONLY
2024-06-03,22:00,test,2024,2024,14,14.961136423870302,0.9611364238703022,14,15,false,2024,2024-06,macro_non_southerly,13.5448,0.4551999999999996,14,true,-0.5059364238703026,-1.4163364238703018,1,true,false,false,true,-0.4551999999999996,0.9611364238703022,EXPERIMENT_ONLY
2024-06-03,23:00,test,2024,2024,14,15.106365430645173,1.1063654306451731,14,15,false,2024,2024-06,macro_non_southerly,13.5448,0.4551999999999996,14,true,-0.6511654306451735,-1.5615654306451727,1,true,false,false,true,-0.4551999999999996,1.1063654306451731,EXPERIMENT_ONLY
2024-06-04,20:00,test,2024,2024,13,13.041525911737597,0.041525911737597454,13,13,true,2024,2024-06,macro_southerly_flow,12.437066666666666,0.5629333333333335,12,false,0.521407421595736,-0.604459245070931,-1,false,true,true,false,-0.5629333333333335,0.041525911737597454,EXPERIMENT_ONLY
2024-06-04,21:00,test,2024,2024,13,13.10637586535719,0.10637586535719024,13,13,true,2024,2024-06,macro_southerly_flow,12.437066666666666,0.5629333333333335,12,false,0.45655746797614327,-0.6693091986905237,-1,false,true,true,false,-0.5629333333333335,0.10637586535719024,EXPERIMENT_ONLY
2024-06-04,22:00,test,2024,2024,13,12.737893535584522,0.2621064644154778,13,13,true,2024,2024-06,macro_southerly_flow,12.437066666666666,0.5629333333333335,12,false,0.3008268689178557,-0.3008268689178557,-1,false,true,true,false,-0.5629333333333335,-0.2621064644154778,EXPERIMENT_ONLY
2024-06-04,23:00,test,2024,2024,13,12.981719647049992,0.01828035295000774,13,13,true,2024,2024-06,macro_southerly_flow,12.437066666666666,0.5629333333333335,12,false,0.5446529803833258,-0.5446529803833258,-1,false,true,true,false,-0.5629333333333335,-0.01828035295000774,EXPERIMENT_ONLY
2024-06-05,20:00,test,2024,2024,12,13.046925068767209,1.0469250687672087,12,13,false,2024,2024-06,macro_southerly_flow,13.959733333333334,1.9597333333333342,14,false,0.9128082645661255,0.9128082645661255,0,false,true,false,false,1.9597333333333342,1.0469250687672087,EXPERIMENT_ONLY
2024-06-05,21:00,test,2024,2024,12,13.253421357483228,1.2534213574832282,12,13,false,2024,2024-06,macro_southerly_flow,13.959733333333334,1.9597333333333342,14,false,0.706311975850106,0.706311975850106,0,false,true,false,false,1.9597333333333342,1.2534213574832282,EXPERIMENT_ONLY
2024-06-05,22:00,test,2024,2024,12,11.815302429981452,0.1846975700185478,12,12,true,2024,2024-06,macro_southerly_flow,13.959733333333334,1.9597333333333342,14,false,1.7750357633147864,2.144430903351882,-1,false,true,true,false,1.9597333333333342,-0.1846975700185478,EXPERIMENT_ONLY
2024-06-05,23:00,test,2024,2024,12,12.339046453053665,0.33904645305366543,12,12,true,2024,2024-06,macro_southerly_flow,13.959733333333334,1.9597333333333342,14,false,1.6206868802796688,1.6206868802796688,-1,false,true,true,false,1.9597333333333342,0.33904645305366543,EXPERIMENT_ONLY
2024-06-06,20:00,test,2024,2024,14,14.910383461777874,0.9103834617778741,14,15,false,2024,2024-06,macro_non_southerly,14.561066666666667,0.561066666666667,15,false,-0.34931679511120706,-0.34931679511120706,0,true,false,false,false,0.561066666666667,0.9103834617778741,EXPERIMENT_ONLY
2024-06-06,21:00,test,2024,2024,14,14.958956679397936,0.9589566793979358,14,15,false,2024,2024-06,macro_non_southerly,14.561066666666667,0.561066666666667,15,false,-0.3978900127312688,-0.3978900127312688,0,true,false,false,false,0.561066666666667,0.9589566793979358,EXPERIMENT_ONLY
2024-06-06,22:00,test,2024,2024,14,14.71572911267568,0.71572911267568,14,15,false,2024,2024-06,macro_non_southerly,14.561066666666667,0.561066666666667,15,false,-0.1546624460090129,-0.1546624460090129,0,true,false,false,false,0.561066666666667,0.71572911267568,EXPERIMENT_ONLY
2024-06-06,23:00,test,2024,2024,14,14.78706364506383,0.7870636450638298,14,15,false,2024,2024-06,macro_non_southerly,14.561066666666667,0.561066666666667,15,false,-0.2259969783971627,-0.2259969783971627,0,true,false,false,false,0.561066666666667,0.7870636450638298,EXPERIMENT_ONLY
2024-06-07,20:00,test,2024,2024,16,15.432654663004765,0.5673453369952348,16,15,false,2024,2024-06,macro_non_southerly,14.482666666666665,1.517333333333335,14,false,0.9499879963381002,-0.9499879963381002,0,false,true,false,false,-1.517333333333335,-0.5673453369952348,EXPERIMENT_ONLY
2024-06-07,21:00,test,2024,2024,16,15.698184869505395,0.30181513049460484,16,16,true,2024,2024-06,macro_non_southerly,14.482666666666665,1.517333333333335,14,false,1.2155182028387301,-1.2155182028387301,-1,false,true,true,false,-1.517333333333335,-0.30181513049460484,EXPERIMENT_ONLY
2024-06-07,22:00,test,2024,2024,16,15.923194864302008,0.07680513569799174,16,16,true,2024,2024-06,macro_non_southerly,14.482666666666665,1.517333333333335,14,false,1.4405281976353432,-1.4405281976353432,-1,false,true,true,false,-1.517333333333335,-0.07680513569799174,EXPERIMENT_ONLY
2024-06-07,23:00,test,2024,2024,16,16.199338460804587,0.1993384608045865,16,16,true,2024,2024-06,macro_non_southerly,14.482666666666665,1.517333333333335,14,false,1.3179948725287485,-1.7166717941379215,-1,false,true,true,false,-1.517333333333335,0.1993384608045865,EXPERIMENT_ONLY
2024-06-08,20:00,test,2024,2024,14,15.291755179982678,1.2917551799826779,14,15,false,2024,2024-06,macro_non_southerly,13.8888,0.11120000000000019,14,true,-1.1805551799826777,-1.402955179982678,1,true,false,false,true,-0.11120000000000019,1.2917551799826779,EXPERIMENT_ONLY
2024-06-08,21:00,test,2024,2024,14,15.354508123802578,1.354508123802578,14,15,false,2024,2024-06,macro_non_southerly,13.8888,0.11120000000000019,14,true,-1.2433081238025778,-1.4657081238025782,1,true,false,false,true,-0.11120000000000019,1.354508123802578,EXPERIMENT_ONLY
2024-06-08,22:00,test,2024,2024,14,15.10427446483909,1.10427446483909,14,15,false,2024,2024-06,macro_non_southerly,13.8888,0.11120000000000019,14,true,-0.9930744648390899,-1.2154744648390903,1,true,false,false,true,-0.11120000000000019,1.10427446483909,EXPERIMENT_ONLY
2024-06-08,23:00,test,2024,2024,14,15.280212946244177,1.280212946244177,14,15,false,2024,2024-06,macro_non_southerly,13.8888,0.11120000000000019,14,true,-1.1690129462441767,-1.391412946244177,1,true,false,false,true,-0.11120000000000019,1.280212946244177,EXPERIMENT_ONLY
2024-06-09,20:00,test,2024,2024,16,15.497141215623637,0.5028587843763628,16,15,false,2024,2024-06,macro_non_southerly,15.659466666666667,0.34053333333333313,16,true,-0.16232545104302964,0.16232545104302964,1,true,false,false,true,-0.34053333333333313,-0.5028587843763628,EXPERIMENT_ONLY
2024-06-09,21:00,test,2024,2024,16,15.528518766275592,0.47148123372440764,16,16,true,2024,2024-06,macro_non_southerly,15.659466666666667,0.34053333333333313,16,true,-0.1309479003910745,0.1309479003910745,0,true,false,false,false,-0.34053333333333313,-0.47148123372440764,EXPERIMENT_ONLY
2024-06-09,22:00,test,2024,2024,16,15.148689477004849,0.851310522995151,16,15,false,2024,2024-06,macro_non_southerly,15.659466666666667,0.34053333333333313,16,true,-0.5107771896618178,0.5107771896618178,1,true,false,false,true,-0.34053333333333313,-0.851310522995151,EXPERIMENT_ONLY
2024-06-09,23:00,test,2024,2024,16,15.149692110637798,0.8503078893622025,16,15,false,2024,2024-06,macro_non_southerly,15.659466666666667,0.34053333333333313,16,true,-0.5097745560288693,0.5097745560288693,1,true,false,false,true,-0.34053333333333313,-0.8503078893622025,EXPERIMENT_ONLY
2024-06-10,20:00,test,2024,2024,17,16.979868870019637,0.020131129980363482,17,17,true,2024,2024-06,macro_non_southerly,16.093866666666667,0.906133333333333,16,false,0.8860022033529695,-0.8860022033529695,-1,false,true,true,false,-0.906133333333333,-0.020131129980363482,EXPERIMENT_ONLY
2024-06-10,21:00,test,2024,2024,17,16.997803340540784,0.0021966594592157662,17,17,true,2024,2024-06,macro_non_southerly,16.093866666666667,0.906133333333333,16,false,0.9039366738741172,-0.9039366738741172,-1,false,true,true,false,-0.906133333333333,-0.0021966594592157662,EXPERIMENT_ONLY
2024-06-10,22:00,test,2024,2024,17,16.429578480296733,0.5704215197032667,17,16,false,2024,2024-06,macro_non_southerly,16.093866666666667,0.906133333333333,16,false,0.3357118136300663,-0.3357118136300663,0,false,true,false,false,-0.906133333333333,-0.5704215197032667,EXPERIMENT_ONLY
2024-06-10,23:00,test,2024,2024,17,16.503387405823755,0.4966125941762449,17,17,true,2024,2024-06,macro_non_southerly,16.093866666666667,0.906133333333333,16,false,0.4095207391570881,-0.4095207391570881,-1,false,true,true,false,-0.906133333333333,-0.4966125941762449,EXPERIMENT_ONLY
2024-06-11,20:00,test,2024,2024,15,14.471413595519108,0.5285864044808921,15,14,false,2024,2024-06,macro_non_southerly,13.681600000000001,1.3183999999999987,14,false,0.7898135955191066,-0.7898135955191066,0,false,true,false,false,-1.3183999999999987,-0.5285864044808921,EXPERIMENT_ONLY
2024-06-11,21:00,test,2024,2024,15,14.443236767257305,0.5567632327426946,15,14,false,2024,2024-06,macro_non_southerly,13.681600000000001,1.3183999999999987,14,false,0.7616367672573041,-0.7616367672573041,0,false,true,false,false,-1.3183999999999987,-0.5567632327426946,EXPERIMENT_ONLY
2024-06-11,22:00,test,2024,2024,15,14.2835254992366,0.7164745007634004,15,14,false,2024,2024-06,macro_non_southerly,13.681600000000001,1.3183999999999987,14,false,0.6019254992365983,-0.6019254992365983,0,false,true,false,false,-1.3183999999999987,-0.7164745007634004,EXPERIMENT_ONLY
2024-06-11,23:00,test,2024,2024,15,14.466719058296107,0.5332809417038931,15,14,false,2024,2024-06,macro_non_southerly,13.681600000000001,1.3183999999999987,14,false,0.7851190582961056,-0.7851190582961056,0,false,true,false,false,-1.3183999999999987,-0.5332809417038931,EXPERIMENT_ONLY
2024-06-12,20:00,test,2024,2024,12,11.877582041053179,0.12241795894682106,12,12,true,2024,2024-06,macro_non_southerly,11.887733333333333,0.11226666666666674,12,true,-0.010151292280154323,0.010151292280154323,0,true,false,false,false,-0.11226666666666674,-0.12241795894682106,EXPERIMENT_ONLY
2024-06-12,21:00,test,2024,2024,12,12.313733254188111,0.3137332541881115,12,12,true,2024,2024-06,macro_non_southerly,11.887733333333333,0.11226666666666674,12,true,-0.20146658752144475,-0.4259999208547782,0,true,false,false,false,-0.11226666666666674,0.3137332541881115,EXPERIMENT_ONLY
2024-06-12,22:00,test,2024,2024,12,12.522082003167538,0.5220820031675384,12,13,false,2024,2024-06,macro_non_southerly,11.887733333333333,0.11226666666666674,12,true,-0.40981533650087165,-0.6343486698342051,1,true,false,false,true,-0.11226666666666674,0.5220820031675384,EXPERIMENT_ONLY
2024-06-12,23:00,test,2024,2024,12,12.935375455709176,0.9353754557091758,12,13,false,2024,2024-06,macro_non_southerly,11.887733333333333,0.11226666666666674,12,true,-0.8231087890425091,-1.0476421223758425,1,true,false,false,true,-0.11226666666666674,0.9353754557091758,EXPERIMENT_ONLY
2024-06-13,20:00,test,2024,2024,13,13.50773865290495,0.5077386529049495,13,14,false,2024,2024-06,macro_non_southerly,12.733333333333334,0.2666666666666657,13,true,-0.24107198623828374,-0.7744053195716152,1,true,false,false,true,-0.2666666666666657,0.5077386529049495,EXPERIMENT_ONLY
2024-06-13,21:00,test,2024,2024,13,13.461820931354522,0.46182093135452185,13,13,true,2024,2024-06,macro_non_southerly,12.733333333333334,0.2666666666666657,13,true,-0.19515426468785613,-0.7284875980211876,0,true,false,false,false,-0.2666666666666657,0.46182093135452185,EXPERIMENT_ONLY
2024-06-13,22:00,test,2024,2024,13,13.120903697420346,0.12090369742034568,13,13,true,2024,2024-06,macro_non_southerly,12.733333333333334,0.2666666666666657,13,true,0.14576296924632004,-0.3875703640870114,0,false,true,false,false,-0.2666666666666657,0.12090369742034568,EXPERIMENT_ONLY
2024-06-13,23:00,test,2024,2024,13,13.325701669396704,0.32570166939670386,13,13,true,2024,2024-06,macro_non_southerly,12.733333333333334,0.2666666666666657,13,true,-0.059035002730038144,-0.5923683360633696,0,true,false,false,false,-0.2666666666666657,0.32570166939670386,EXPERIMENT_ONLY
2024-06-14,20:00,test,2024,2024,13,14.338932685225137,1.3389326852251369,13,14,false,2024,2024-06,macro_non_southerly,14.754666666666669,1.7546666666666688,15,false,0.41573398144153195,0.41573398144153195,0,false,true,false,false,1.7546666666666688,1.3389326852251369,EXPERIMENT_ONLY
2024-06-14,21:00,test,2024,2024,13,14.06810719646516,1.06810719646516,13,14,false,2024,2024-06,macro_non_southerly,14.754666666666669,1.7546666666666688,15,false,0.6865594702015088,0.6865594702015088,0,false,true,false,false,1.7546666666666688,1.06810719646516,EXPERIMENT_ONLY
2024-06-14,22:00,test,2024,2024,13,13.57392815926401,0.5739281592640104,13,14,false,2024,2024-06,macro_non_southerly,14.754666666666669,1.7546666666666688,15,false,1.1807385074026584,1.1807385074026584,0,false,true,false,false,1.7546666666666688,0.5739281592640104,EXPERIMENT_ONLY
2024-06-14,23:00,test,2024,2024,13,13.587850700751419,0.5878507007514191,13,14,false,2024,2024-06,macro_non_southerly,14.754666666666669,1.7546666666666688,15,false,1.1668159659152497,1.1668159659152497,0,false,true,false,false,1.7546666666666688,0.5878507007514191,EXPERIMENT_ONLY
2024-06-15,20:00,test,2024,2024,14,14.87796103080304,0.8779610308030392,14,15,false,2024,2024-06,macro_non_southerly,14.313866666666666,0.31386666666666585,14,true,-0.5640943641363734,-0.5640943641363734,1,true,false,false,true,0.31386666666666585,0.8779610308030392,EXPERIMENT_ONLY
2024-06-15,21:00,test,2024,2024,14,14.992316328950473,0.9923163289504728,14,15,false,2024,2024-06,macro_non_southerly,14.313866666666666,0.31386666666666585,14,true,-0.678449662283807,-0.678449662283807,1,true,false,false,true,0.31386666666666585,0.9923163289504728,EXPERIMENT_ONLY
2024-06-15,22:00,test,2024,2024,14,14.244709298076978,0.2447092980769785,14,14,true,2024,2024-06,macro_non_southerly,14.313866666666666,0.31386666666666585,14,true,0.06915736858968735,0.06915736858968735,0,false,true,false,false,0.31386666666666585,0.2447092980769785,EXPERIMENT_ONLY
2024-06-15,23:00,test,2024,2024,14,14.458266732262476,0.4582667322624765,14,14,true,2024,2024-06,macro_non_southerly,14.313866666666666,0.31386666666666585,14,true,-0.14440006559581064,-0.14440006559581064,0,true,false,false,false,0.31386666666666585,0.4582667322624765,EXPERIMENT_ONLY
2024-06-16,20:00,test,2024,2024,15,14.98915977415876,0.01084022584124078,15,15,true,2024,2024-06,macro_non_southerly,13.439733333333333,1.5602666666666671,13,false,1.5494264408254264,-1.5494264408254264,-1,false,true,true,false,-1.5602666666666671,-0.01084022584124078,EXPERIMENT_ONLY
2024-06-16,21:00,test,2024,2024,15,14.95853572484174,0.04146427515826012,15,15,true,2024,2024-06,macro_non_southerly,13.439733333333333,1.5602666666666671,13,false,1.518802391508407,-1.518802391508407,-1,false,true,true,false,-1.5602666666666671,-0.04146427515826012,EXPERIMENT_ONLY
2024-06-16,22:00,test,2024,2024,15,14.676931246356961,0.3230687536430388,15,15,true,2024,2024-06,macro_non_southerly,13.439733333333333,1.5602666666666671,13,false,1.2371979130236284,-1.2371979130236284,-1,false,true,true,false,-1.5602666666666671,-0.3230687536430388,EXPERIMENT_ONLY
2024-06-16,23:00,test,2024,2024,15,14.847571508474784,0.15242849152521565,15,15,true,2024,2024-06,macro_non_southerly,13.439733333333333,1.5602666666666671,13,false,1.4078381751414515,-1.4078381751414515,-1,false,true,true,false,-1.5602666666666671,-0.15242849152521565,EXPERIMENT_ONLY
2024-06-17,20:00,test,2024,2024,13,14.59270760239128,1.5927076023912807,13,15,false,2024,2024-06,macro_non_southerly,13.122133333333332,0.12213333333333232,13,true,-1.4705742690579484,-1.4705742690579484,1,true,false,false,true,0.12213333333333232,1.5927076023912807,EXPERIMENT_ONLY
2024-06-17,21:00,test,2024,2024,13,14.31578384814664,1.3157838481466406,13,14,false,2024,2024-06,macro_non_southerly,13.122133333333332,0.12213333333333232,13,true,-1.1936505148133083,-1.1936505148133083,1,true,false,false,true,0.12213333333333232,1.3157838481466406,EXPERIMENT_ONLY
2024-06-17,22:00,test,2024,2024,13,13.519703101057736,0.5197031010577362,13,14,false,2024,2024-06,macro_non_southerly,13.122133333333332,0.12213333333333232,13,true,-0.3975697677244039,-0.3975697677244039,1,true,false,false,true,0.12213333333333232,0.5197031010577362,EXPERIMENT_ONLY
2024-06-17,23:00,test,2024,2024,13,13.350720768376485,0.350720768376485,13,13,true,2024,2024-06,macro_non_southerly,13.122133333333332,0.12213333333333232,13,true,-0.2285874350431527,-0.2285874350431527,0,true,false,false,false,0.12213333333333232,0.350720768376485,EXPERIMENT_ONLY
2024-06-18,20:00,test,2024,2024,13,13.252250467412019,0.2522504674120185,13,13,true,2024,2024-06,macro_southerly_flow,13.6168,0.6167999999999996,14,false,0.36454953258798106,0.36454953258798106,-1,false,true,true,false,0.6167999999999996,0.2522504674120185,EXPERIMENT_ONLY
2024-06-18,21:00,test,2024,2024,13,13.276661853113628,0.27666185311362845,13,13,true,2024,2024-06,macro_southerly_flow,13.6168,0.6167999999999996,14,false,0.3401381468863711,0.3401381468863711,-1,false,true,true,false,0.6167999999999996,0.27666185311362845,EXPERIMENT_ONLY
2024-06-18,22:00,test,2024,2024,13,13.029596321285082,0.029596321285081828,13,13,true,2024,2024-06,macro_southerly_flow,13.6168,0.6167999999999996,14,false,0.5872036787149177,0.5872036787149177,-1,false,true,true,false,0.6167999999999996,0.029596321285081828,EXPERIMENT_ONLY
2024-06-18,23:00,test,2024,2024,13,13.411272164437614,0.41127216443761405,13,13,true,2024,2024-06,macro_southerly_flow,13.6168,0.6167999999999996,14,false,0.20552783556238552,0.20552783556238552,-1,false,true,true,false,0.6167999999999996,0.41127216443761405,EXPERIMENT_ONLY
2024-06-19,20:00,test,2024,2024,12,11.535608603994357,0.4643913960056434,12,12,true,2024,2024-06,macro_southerly_flow,12.046400000000002,0.046400000000001995,12,true,-0.4179913960056414,0.5107913960056454,0,true,false,false,false,0.046400000000001995,-0.4643913960056434,EXPERIMENT_ONLY
2024-06-19,21:00,test,2024,2024,12,11.675664224159393,0.32433577584060735,12,12,true,2024,2024-06,macro_southerly_flow,12.046400000000002,0.046400000000001995,12,true,-0.27793577584060536,0.37073577584060935,0,true,false,false,false,0.046400000000001995,-0.32433577584060735,EXPERIMENT_ONLY
2024-06-19,22:00,test,2024,2024,12,11.361138864471307,0.6388611355286926,12,11,false,2024,2024-06,macro_southerly_flow,12.046400000000002,0.046400000000001995,12,true,-0.5924611355286906,0.6852611355286946,1,true,false,false,true,0.046400000000001995,-0.6388611355286926,EXPERIMENT_ONLY
2024-06-19,23:00,test,2024,2024,12,11.578306672245366,0.42169332775463353,12,12,true,2024,2024-06,macro_southerly_flow,12.046400000000002,0.046400000000001995,12,true,-0.37529332775463153,0.4680933277546355,0,true,false,false,false,0.046400000000001995,-0.42169332775463353,EXPERIMENT_ONLY
2024-06-20,20:00,test,2024,2024,13,12.309491557028686,0.6905084429713142,13,12,false,2024,2024-06,macro_southerly_flow,13.438933333333335,0.43893333333333473,13,true,-0.25157510963797947,1.129441776304649,1,true,false,false,true,0.43893333333333473,-0.6905084429713142,EXPERIMENT_ONLY
2024-06-20,21:00,test,2024,2024,13,12.43691526831936,0.5630847316806395,13,12,false,2024,2024-06,macro_southerly_flow,13.438933333333335,0.43893333333333473,13,true,-0.12415139834730482,1.0020180650139743,1,true,false,false,true,0.43893333333333473,-0.5630847316806395,EXPERIMENT_ONLY
2024-06-20,22:00,test,2024,2024,13,12.493164825559472,0.5068351744405284,13,12,false,2024,2024-06,macro_southerly_flow,13.438933333333335,0.43893333333333473,13,true,-0.06790184110719366,0.9457685077738631,1,true,false,false,true,0.43893333333333473,-0.5068351744405284,EXPERIMENT_ONLY
2024-06-20,23:00,test,2024,2024,13,12.806506385621041,0.1934936143789585,13,13,true,2024,2024-06,macro_southerly_flow,13.438933333333335,0.43893333333333473,13,true,0.24543971895437622,0.6324269477122932,0,false,true,false,false,0.43893333333333473,-0.1934936143789585,EXPERIMENT_ONLY
2024-06-21,20:00,test,2024,2024,14,11.140014747027424,2.859985252972576,14,11,false,2024,2024-06,macro_non_southerly,13.405066666666666,0.5949333333333335,13,false,-2.2650519196392427,2.2650519196392427,0,true,false,false,false,-0.5949333333333335,-2.859985252972576,EXPERIMENT_ONLY
2024-06-21,21:00,test,2024,2024,14,11.546477106848991,2.4535228931510087,14,12,false,2024,2024-06,macro_non_southerly,13.405066666666666,0.5949333333333335,13,false,-1.8585895598176752,1.8585895598176752,0,true,false,false,false,-0.5949333333333335,-2.4535228931510087,EXPERIMENT_ONLY
2024-06-21,22:00,test,2024,2024,14,11.76648148381402,2.2335185161859794,14,12,false,2024,2024-06,macro_non_southerly,13.405066666666666,0.5949333333333335,13,false,-1.6385851828526459,1.6385851828526459,0,true,false,false,false,-0.5949333333333335,-2.2335185161859794,EXPERIMENT_ONLY
2024-06-21,23:00,test,2024,2024,14,12.212247124825234,1.7877528751747658,14,12,false,2024,2024-06,macro_non_southerly,13.405066666666666,0.5949333333333335,13,false,-1.1928195418414322,1.1928195418414322,0,true,false,false,false,-0.5949333333333335,-1.7877528751747658,EXPERIMENT_ONLY
2024-06-22,20:00,test,2024,2024,14,14.156411723794974,0.15641172379497448,14,14,true,2024,2024-06,macro_non_southerly,13.220533333333334,0.7794666666666661,13,false,0.6230549428716916,-0.9358783904616406,-1,false,true,true,false,-0.7794666666666661,0.15641172379497448,EXPERIMENT_ONLY
2024-06-22,21:00,test,2024,2024,14,13.951970314058084,0.048029685941916256,14,14,true,2024,2024-06,macro_non_southerly,13.220533333333334,0.7794666666666661,13,false,0.7314369807247498,-0.7314369807247498,-1,false,true,true,false,-0.7794666666666661,-0.048029685941916256,EXPERIMENT_ONLY
2024-06-22,22:00,test,2024,2024,14,13.75628389699611,0.2437161030038908,14,14,true,2024,2024-06,macro_non_southerly,13.220533333333334,0.7794666666666661,13,false,0.5357505636627753,-0.5357505636627753,-1,false,true,true,false,-0.7794666666666661,-0.2437161030038908,EXPERIMENT_ONLY
2024-06-22,23:00,test,2024,2024,14,13.891488127226228,0.1085118727737715,14,14,true,2024,2024-06,macro_non_southerly,13.220533333333334,0.7794666666666661,13,false,0.6709547938928946,-0.6709547938928946,-1,false,true,true,false,-0.7794666666666661,-0.1085118727737715,EXPERIMENT_ONLY
2024-06-23,20:00,test,2024,2024,13,14.14039563117287,1.1403956311728702,13,14,false,2024,2024-06,macro_non_southerly,13.505066666666666,0.5050666666666661,14,false,-0.6353289645062041,-0.6353289645062041,0,true,false,false,false,0.5050666666666661,1.1403956311728702,EXPERIMENT_ONLY
2024-06-23,21:00,test,2024,2024,13,14.17618121492988,1.1761812149298798,13,14,false,2024,2024-06,macro_non_southerly,13.505066666666666,0.5050666666666661,14,false,-0.6711145482632137,-0.6711145482632137,0,true,false,false,false,0.5050666666666661,1.1761812149298798,EXPERIMENT_ONLY
2024-06-23,22:00,test,2024,2024,13,13.551502273253368,0.5515022732533676,13,14,false,2024,2024-06,macro_non_southerly,13.505066666666666,0.5050666666666661,14,false,-0.04643560658670154,-0.04643560658670154,0,true,false,false,false,0.5050666666666661,0.5515022732533676,EXPERIMENT_ONLY
2024-06-23,23:00,test,2024,2024,13,13.56453797650774,0.5645379765077401,13,14,false,2024,2024-06,macro_non_southerly,13.505066666666666,0.5050666666666661,14,false,-0.05947130984107396,-0.05947130984107396,0,true,false,false,false,0.5050666666666661,0.5645379765077401,EXPERIMENT_ONLY
2024-06-24,20:00,test,2024,2024,13,14.160849339087312,1.1608493390873118,13,14,false,2024,2024-06,macro_non_southerly,13.509599999999999,0.5095999999999989,14,false,-0.6512493390873129,-0.6512493390873129,0,true,false,false,false,0.5095999999999989,1.1608493390873118,EXPERIMENT_ONLY
2024-06-24,21:00,test,2024,2024,13,14.151584727788155,1.1515847277881548,13,14,false,2024,2024-06,macro_non_southerly,13.509599999999999,0.5095999999999989,14,false,-0.6419847277881559,-0.6419847277881559,0,true,false,false,false,0.5095999999999989,1.1515847277881548,EXPERIMENT_ONLY
2024-06-24,22:00,test,2024,2024,13,13.85084105997093,0.8508410599709304,13,14,false,2024,2024-06,macro_non_southerly,13.509599999999999,0.5095999999999989,14,false,-0.34124105997093146,-0.34124105997093146,0,true,false,false,false,0.5095999999999989,0.8508410599709304,EXPERIMENT_ONLY
2024-06-24,23:00,test,2024,2024,13,14.030867957120963,1.0308679571209627,13,14,false,2024,2024-06,macro_non_southerly,13.509599999999999,0.5095999999999989,14,false,-0.5212679571209637,-0.5212679571209637,0,true,false,false,false,0.5095999999999989,1.0308679571209627,EXPERIMENT_ONLY
2024-06-25,20:00,test,2024,2024,13,13.251857899172855,0.2518578991728546,13,13,true,2024,2024-06,macro_southerly_flow,13.892533333333333,0.8925333333333327,14,false,0.6406754341604781,0.6406754341604781,-1,false,true,true,false,0.8925333333333327,0.2518578991728546,EXPERIMENT_ONLY
2024-06-25,21:00,test,2024,2024,13,13.521185739618614,0.5211857396186144,13,14,false,2024,2024-06,macro_southerly_flow,13.892533333333333,0.8925333333333327,14,false,0.37134759371471837,0.37134759371471837,0,false,true,false,false,0.8925333333333327,0.5211857396186144,EXPERIMENT_ONLY
2024-06-25,22:00,test,2024,2024,13,12.847327108711735,0.15267289128826533,13,13,true,2024,2024-06,macro_southerly_flow,13.892533333333333,0.8925333333333327,14,false,0.7398604420450674,1.045206224621598,-1,false,true,true,false,0.8925333333333327,-0.15267289128826533,EXPERIMENT_ONLY
2024-06-25,23:00,test,2024,2024,13,12.858817115495683,0.14118288450431749,13,13,true,2024,2024-06,macro_southerly_flow,13.892533333333333,0.8925333333333327,14,false,0.7513504488290152,1.0337162178376502,-1,false,true,true,false,0.8925333333333327,-0.14118288450431749,EXPERIMENT_ONLY
2024-06-26,20:00,test,2024,2024,14,13.07181055375923,0.9281894462407703,14,13,false,2024,2024-06,macro_southerly_flow,12.684800000000001,1.315199999999999,13,false,0.38701055375922877,-0.38701055375922877,0,false,true,false,false,-1.315199999999999,-0.9281894462407703,EXPERIMENT_ONLY
2024-06-26,21:00,test,2024,2024,14,13.100862232516729,0.8991377674832712,14,13,false,2024,2024-06,macro_southerly_flow,12.684800000000001,1.315199999999999,13,false,0.4160622325167278,-0.4160622325167278,0,false,true,false,false,-1.315199999999999,-0.8991377674832712,EXPERIMENT_ONLY
2024-06-26,22:00,test,2024,2024,14,12.24250894408059,1.7574910559194095,14,12,false,2024,2024-06,macro_southerly_flow,12.684800000000001,1.315199999999999,13,false,-0.4422910559194104,0.4422910559194104,0,true,false,false,false,-1.315199999999999,-1.7574910559194095,EXPERIMENT_ONLY
2024-06-26,23:00,test,2024,2024,14,12.326551682188128,1.6734483178118715,14,12,false,2024,2024-06,macro_southerly_flow,12.684800000000001,1.315199999999999,13,false,-0.3582483178118725,0.3582483178118725,0,true,false,false,false,-1.315199999999999,-1.6734483178118715,EXPERIMENT_ONLY
2024-06-27,20:00,test,2024,2024,13,12.140747415563196,0.8592525844368044,13,12,false,2024,2024-06,macro_southerly_flow,12.941866666666666,0.058133333333334036,13,true,-0.8011192511034704,0.8011192511034704,1,true,false,false,true,-0.058133333333334036,-0.8592525844368044,EXPERIMENT_ONLY
2024-06-27,21:00,test,2024,2024,13,12.295462197780173,0.7045378022198268,13,12,false,2024,2024-06,macro_southerly_flow,12.941866666666666,0.058133333333334036,13,true,-0.6464044688864927,0.6464044688864927,1,true,false,false,true,-0.058133333333334036,-0.7045378022198268,EXPERIMENT_ONLY
2024-06-27,22:00,test,2024,2024,13,12.05738638214633,0.9426136178536701,13,12,false,2024,2024-06,macro_southerly_flow,12.941866666666666,0.058133333333334036,13,true,-0.8844802845203361,0.8844802845203361,1,true,false,false,true,-0.058133333333334036,-0.9426136178536701,EXPERIMENT_ONLY
2024-06-27,23:00,test,2024,2024,13,12.297500259167087,0.7024997408329128,13,12,false,2024,2024-06,macro_southerly_flow,12.941866666666666,0.058133333333334036,13,true,-0.6443664074995787,0.6443664074995787,1,true,false,false,true,-0.058133333333334036,-0.7024997408329128,EXPERIMENT_ONLY
2024-06-28,20:00,test,2024,2024,13,13.326756825031303,0.3267568250313033,13,13,true,2024,2024-06,macro_non_southerly,12.926666666666668,0.07333333333333236,13,true,-0.25342349169797096,-0.4000901583646357,0,true,false,false,false,-0.07333333333333236,0.3267568250313033,EXPERIMENT_ONLY
2024-06-28,21:00,test,2024,2024,13,13.726353117839858,0.7263531178398583,13,14,false,2024,2024-06,macro_non_southerly,12.926666666666668,0.07333333333333236,13,true,-0.653019784506526,-0.7996864511731907,1,true,false,false,true,-0.07333333333333236,0.7263531178398583,EXPERIMENT_ONLY
2024-06-28,22:00,test,2024,2024,13,14.33047049533672,1.3304704953367192,13,14,false,2024,2024-06,macro_non_southerly,12.926666666666668,0.07333333333333236,13,true,-1.2571371620033869,-1.4038038286700516,1,true,false,false,true,-0.07333333333333236,1.3304704953367192,EXPERIMENT_ONLY
2024-06-28,23:00,test,2024,2024,13,14.601635839046226,1.6016358390462262,13,15,false,2024,2024-06,macro_non_southerly,12.926666666666668,0.07333333333333236,13,true,-1.5283025057128938,-1.6749691723795586,1,true,false,false,true,-0.07333333333333236,1.6016358390462262,EXPERIMENT_ONLY
2024-06-29,20:00,test,2024,2024,14,13.814017725360406,0.18598227463959383,14,14,true,2024,2024-06,macro_non_southerly,13.3096,0.6904000000000003,13,false,0.5044177253604065,-0.5044177253604065,-1,false,true,true,false,-0.6904000000000003,-0.18598227463959383,EXPERIMENT_ONLY
2024-06-29,21:00,test,2024,2024,14,14.331336620034039,0.33133662003403863,14,14,true,2024,2024-06,macro_non_southerly,13.3096,0.6904000000000003,13,false,0.3590633799659617,-1.021736620034039,-1,false,true,true,false,-0.6904000000000003,0.33133662003403863,EXPERIMENT_ONLY
2024-06-29,22:00,test,2024,2024,14,14.043837100731166,0.043837100731165535,14,14,true,2024,2024-06,macro_non_southerly,13.3096,0.6904000000000003,13,false,0.6465628992688348,-0.7342371007311659,-1,false,true,true,false,-0.6904000000000003,0.043837100731165535,EXPERIMENT_ONLY
2024-06-29,23:00,test,2024,2024,14,14.223415706585705,0.22341570658570475,14,14,true,2024,2024-06,macro_non_southerly,13.3096,0.6904000000000003,13,false,0.4669842934142956,-0.9138157065857051,-1,false,true,true,false,-0.6904000000000003,0.22341570658570475,EXPERIMENT_ONLY
2024-06-30,20:00,test,2024,2024,13,14.363350433639598,1.3633504336395976,13,14,false,2024,2024-06,macro_non_southerly,13.317066666666665,0.3170666666666655,13,true,-1.0462837669729321,-1.0462837669729321,1,true,false,false,true,0.3170666666666655,1.3633504336395976,EXPERIMENT_ONLY
2024-06-30,21:00,test,2024,2024,13,14.284965355763193,1.2849653557631928,13,14,false,2024,2024-06,macro_non_southerly,13.317066666666665,0.3170666666666655,13,true,-0.9678986890965273,-0.9678986890965273,1,true,false,false,true,0.3170666666666655,1.2849653557631928,EXPERIMENT_ONLY
2024-06-30,22:00,test,2024,2024,13,14.351174934917664,1.3511749349176636,13,14,false,2024,2024-06,macro_non_southerly,13.317066666666665,0.3170666666666655,13,true,-1.034108268250998,-1.034108268250998,1,true,false,false,true,0.3170666666666655,1.3511749349176636,EXPERIMENT_ONLY
2024-06-30,23:00,test,2024,2024,13,14.626324350389055,1.626324350389055,13,15,false,2024,2024-06,macro_non_southerly,13.317066666666665,0.3170666666666655,13,true,-1.3092576837223895,-1.3092576837223895,1,true,false,false,true,0.3170666666666655,1.626324350389055,EXPERIMENT_ONLY
2024-07-01,20:00,test,2024,2024,14,15.057999924515276,1.0579999245152756,14,15,false,2024,2024-07,macro_non_southerly,14.629866666666668,0.6298666666666684,15,false,-0.42813325784860723,-0.42813325784860723,0,true,false,false,false,0.6298666666666684,1.0579999245152756,EXPERIMENT_ONLY
2024-07-01,21:00,test,2024,2024,14,14.888282853536795,0.8882828535367953,14,15,false,2024,2024-07,macro_non_southerly,14.629866666666668,0.6298666666666684,15,false,-0.2584161868701269,-0.2584161868701269,0,true,false,false,false,0.6298666666666684,0.8882828535367953,EXPERIMENT_ONLY
2024-07-01,22:00,test,2024,2024,14,14.511231181696862,0.5112311816968624,14,15,false,2024,2024-07,macro_non_southerly,14.629866666666668,0.6298666666666684,15,false,0.11863548496980592,0.11863548496980592,0,false,true,false,false,0.6298666666666684,0.5112311816968624,EXPERIMENT_ONLY
2024-07-01,23:00,test,2024,2024,14,14.633593812219434,0.6335938122194342,14,15,false,2024,2024-07,macro_non_southerly,14.629866666666668,0.6298666666666684,15,false,-0.003727145552765876,-0.003727145552765876,0,true,false,false,false,0.6298666666666684,0.6335938122194342,EXPERIMENT_ONLY
2024-07-02,20:00,test,2024,2024,13,13.117650333295627,0.11765033329562691,13,13,true,2024,2024-07,macro_non_southerly,12.5904,0.4095999999999993,13,true,0.2919496667043724,-0.5272503332956262,0,false,true,false,false,-0.4095999999999993,0.11765033329562691,EXPERIMENT_ONLY
2024-07-02,21:00,test,2024,2024,13,12.861244273480526,0.13875572651947365,13,13,true,2024,2024-07,macro_non_southerly,12.5904,0.4095999999999993,13,true,0.27084427348052564,-0.27084427348052564,0,false,true,false,false,-0.4095999999999993,-0.13875572651947365,EXPERIMENT_ONLY
2024-07-02,22:00,test,2024,2024,13,11.542993754750835,1.4570062452491648,13,12,false,2024,2024-07,macro_non_southerly,12.5904,0.4095999999999993,13,true,-1.0474062452491655,1.0474062452491655,1,true,false,false,true,-0.4095999999999993,-1.4570062452491648,EXPERIMENT_ONLY
2024-07-02,23:00,test,2024,2024,13,11.546570816286357,1.4534291837136433,13,12,false,2024,2024-07,macro_non_southerly,12.5904,0.4095999999999993,13,true,-1.043829183713644,1.043829183713644,1,true,false,false,true,-0.4095999999999993,-1.4534291837136433,EXPERIMENT_ONLY
2024-07-03,20:00,test,2024,2024,11,11.143184491047307,0.14318449104730746,11,11,true,2024,2024-07,macro_southerly_flow,10.34,0.6600000000000001,10,false,0.5168155089526927,-0.8031844910473076,-1,false,true,true,false,-0.6600000000000001,0.14318449104730746,EXPERIMENT_ONLY
2024-07-03,21:00,test,2024,2024,11,11.376471011398625,0.3764710113986247,11,11,true,2024,2024-07,macro_southerly_flow,10.34,0.6600000000000001,10,false,0.28352898860137543,-1.0364710113986249,-1,false,true,true,false,-0.6600000000000001,0.3764710113986247,EXPERIMENT_ONLY
2024-07-03,22:00,test,2024,2024,11,10.987209328300827,0.012790671699173473,11,11,true,2024,2024-07,macro_southerly_flow,10.34,0.6600000000000001,10,false,0.6472093283008267,-0.6472093283008267,-1,false,true,true,false,-0.6600000000000001,-0.012790671699173473,EXPERIMENT_ONLY
2024-07-03,23:00,test,2024,2024,11,11.13503042540809,0.13503042540808963,11,11,true,2024,2024-07,macro_southerly_flow,10.34,0.6600000000000001,10,false,0.5249695745919105,-0.7950304254080898,-1,false,true,true,false,-0.6600000000000001,0.13503042540808963,EXPERIMENT_ONLY
2024-07-04,20:00,test,2024,2024,11,10.647823237639075,0.35217676236092466,11,11,true,2024,2024-07,macro_southerly_flow,10.2832,0.7167999999999992,10,false,0.36462323763907456,-0.36462323763907456,-1,false,true,true,false,-0.7167999999999992,-0.35217676236092466,EXPERIMENT_ONLY
2024-07-04,21:00,test,2024,2024,11,10.675585946103277,0.3244140538967226,11,11,true,2024,2024-07,macro_southerly_flow,10.2832,0.7167999999999992,10,false,0.3923859461032766,-0.3923859461032766,-1,false,true,true,false,-0.7167999999999992,-0.3244140538967226,EXPERIMENT_ONLY
2024-07-04,22:00,test,2024,2024,11,10.222872494920306,0.7771275050796937,11,10,false,2024,2024-07,macro_southerly_flow,10.2832,0.7167999999999992,10,false,-0.06032750507969453,0.06032750507969453,0,true,false,false,false,-0.7167999999999992,-0.7771275050796937,EXPERIMENT_ONLY
2024-07-04,23:00,test,2024,2024,11,10.398026847436197,0.6019731525638026,11,10,false,2024,2024-07,macro_southerly_flow,10.2832,0.7167999999999992,10,false,0.11482684743619664,-0.11482684743619664,0,false,true,false,false,-0.7167999999999992,-0.6019731525638026,EXPERIMENT_ONLY
2024-07-05,20:00,test,2024,2024,12,10.66458163772947,1.3354183622705307,12,11,false,2024,2024-07,macro_non_southerly,11.8448,0.15520000000000067,12,true,-1.18021836227053,1.18021836227053,1,true,false,false,true,-0.15520000000000067,-1.3354183622705307,EXPERIMENT_ONLY
2024-07-05,21:00,test,2024,2024,12,11.203239130059828,0.7967608699401723,12,11,false,2024,2024-07,macro_non_southerly,11.8448,0.15520000000000067,12,true,-0.6415608699401716,0.6415608699401716,1,true,false,false,true,-0.15520000000000067,-0.7967608699401723,EXPERIMENT_ONLY
2024-07-05,22:00,test,2024,2024,12,11.889418847675095,0.11058115232490451,12,12,true,2024,2024-07,macro_non_southerly,11.8448,0.15520000000000067,12,true,0.04461884767509616,-0.04461884767509616,0,false,true,false,false,-0.15520000000000067,-0.11058115232490451,EXPERIMENT_ONLY
2024-07-05,23:00,test,2024,2024,12,12.16077654033466,0.16077654033466082,12,12,true,2024,2024-07,macro_non_southerly,11.8448,0.15520000000000067,12,true,-0.005576540334660152,-0.3159765403346615,0,true,false,false,false,-0.15520000000000067,0.16077654033466082,EXPERIMENT_ONLY
2024-07-06,20:00,test,2024,2024,12,11.238938912765551,0.7610610872344488,12,11,false,2024,2024-07,macro_non_southerly,11.418666666666667,0.5813333333333333,11,false,-0.1797277539011155,0.1797277539011155,0,true,false,false,false,-0.5813333333333333,-0.7610610872344488,EXPERIMENT_ONLY
2024-07-06,21:00,test,2024,2024,12,11.784960487707103,0.21503951229289697,12,12,true,2024,2024-07,macro_non_southerly,11.418666666666667,0.5813333333333333,11,false,0.3662938210404363,-0.3662938210404363,-1,false,true,true,false,-0.5813333333333333,-0.21503951229289697,EXPERIMENT_ONLY
2024-07-06,22:00,test,2024,2024,12,11.930033776385498,0.069966223614502,12,12,true,2024,2024-07,macro_non_southerly,11.418666666666667,0.5813333333333333,11,false,0.5113671097188313,-0.5113671097188313,-1,false,true,true,false,-0.5813333333333333,-0.069966223614502,EXPERIMENT_ONLY
2024-07-06,23:00,test,2024,2024,12,12.175018568280349,0.17501856828034867,12,12,true,2024,2024-07,macro_non_southerly,11.418666666666667,0.5813333333333333,11,false,0.4063147650529846,-0.7563519016136819,-1,false,true,true,false,-0.5813333333333333,0.17501856828034867,EXPERIMENT_ONLY
2024-07-07,20:00,test,2024,2024,13,12.597530954668297,0.4024690453317028,13,13,true,2024,2024-07,macro_non_southerly,13.290666666666667,0.29066666666666663,13,true,-0.11180237866503617,0.6931357119983694,0,true,false,false,false,0.29066666666666663,-0.4024690453317028,EXPERIMENT_ONLY
2024-07-07,21:00,test,2024,2024,13,12.792189403457469,0.2078105965425312,13,13,true,2024,2024-07,macro_non_southerly,13.290666666666667,0.29066666666666663,13,true,0.08285607012413543,0.49847726320919783,0,false,true,false,false,0.29066666666666663,-0.2078105965425312,EXPERIMENT_ONLY
2024-07-07,22:00,test,2024,2024,13,12.766214782489106,0.23378521751089387,13,13,true,2024,2024-07,macro_non_southerly,13.290666666666667,0.29066666666666663,13,true,0.056881449155772756,0.5244518841775605,0,false,true,false,false,0.29066666666666663,-0.23378521751089387,EXPERIMENT_ONLY
2024-07-07,23:00,test,2024,2024,13,13.005807508440682,0.005807508440682341,13,13,true,2024,2024-07,macro_non_southerly,13.290666666666667,0.29066666666666663,13,true,0.2848591582259843,0.2848591582259843,0,false,true,false,false,0.29066666666666663,0.005807508440682341,EXPERIMENT_ONLY
2024-07-08,20:00,test,2024,2024,13,11.807124858415815,1.1928751415841852,13,12,false,2024,2024-07,macro_non_southerly,13.245866666666668,0.245866666666668,13,true,-0.9470084749175172,1.4387418082508532,1,true,false,false,true,0.245866666666668,-1.1928751415841852,EXPERIMENT_ONLY
2024-07-08,21:00,test,2024,2024,13,12.211228520354434,0.7887714796455665,13,12,false,2024,2024-07,macro_non_southerly,13.245866666666668,0.245866666666668,13,true,-0.5429048129788985,1.0346381463122345,1,true,false,false,true,0.245866666666668,-0.7887714796455665,EXPERIMENT_ONLY
2024-07-08,22:00,test,2024,2024,13,12.277519665926196,0.7224803340738042,13,12,false,2024,2024-07,macro_non_southerly,13.245866666666668,0.245866666666668,13,true,-0.4766136674071362,0.9683470007404722,1,true,false,false,true,0.245866666666668,-0.7224803340738042,EXPERIMENT_ONLY
2024-07-08,23:00,test,2024,2024,13,12.6228451913411,0.3771548086589007,13,13,true,2024,2024-07,macro_non_southerly,13.245866666666668,0.245866666666668,13,true,-0.1312881419922327,0.6230214753255687,0,true,false,false,false,0.245866666666668,-0.3771548086589007,EXPERIMENT_ONLY
2024-07-09,20:00,test,2024,2024,14,11.268461694652643,2.7315383053473568,14,11,false,2024,2024-07,macro_non_southerly,12.957866666666666,1.042133333333334,13,false,-1.6894049720140227,1.6894049720140227,0,true,false,false,false,-1.042133333333334,-2.7315383053473568,EXPERIMENT_ONLY
2024-07-09,21:00,test,2024,2024,14,11.569639097114212,2.4303609028857878,14,12,false,2024,2024-07,macro_non_southerly,12.957866666666666,1.042133333333334,13,false,-1.3882275695524537,1.3882275695524537,0,true,false,false,false,-1.042133333333334,-2.4303609028857878,EXPERIMENT_ONLY
2024-07-09,22:00,test,2024,2024,14,11.790295384853321,2.209704615146679,14,12,false,2024,2024-07,macro_non_southerly,12.957866666666666,1.042133333333334,13,false,-1.1675712818133448,1.1675712818133448,0,true,false,false,false,-1.042133333333334,-2.209704615146679,EXPERIMENT_ONLY
2024-07-09,23:00,test,2024,2024,14,12.172950527135063,1.8270494728649371,14,12,false,2024,2024-07,macro_non_southerly,12.957866666666666,1.042133333333334,13,false,-0.7849161395316031,0.7849161395316031,0,true,false,false,false,-1.042133333333334,-1.8270494728649371,EXPERIMENT_ONLY
2024-07-10,20:00,test,2024,2024,13,13.2199801645325,0.21998016453249924,13,13,true,2024,2024-07,macro_non_southerly,12.8376,0.16239999999999988,13,true,-0.05758016453249937,-0.3823801645324991,0,true,false,false,false,-0.16239999999999988,0.21998016453249924,EXPERIMENT_ONLY
2024-07-10,21:00,test,2024,2024,13,13.302188941780276,0.3021889417802761,13,13,true,2024,2024-07,macro_non_southerly,12.8376,0.16239999999999988,13,true,-0.13978894178027623,-0.464588941780276,0,true,false,false,false,-0.16239999999999988,0.3021889417802761,EXPERIMENT_ONLY
2024-07-10,22:00,test,2024,2024,13,13.356498201334297,0.356498201334297,13,13,true,2024,2024-07,macro_non_southerly,12.8376,0.16239999999999988,13,true,-0.19409820133429712,-0.5188982013342969,0,true,false,false,false,-0.16239999999999988,0.356498201334297,EXPERIMENT_ONLY
2024-07-10,23:00,test,2024,2024,13,13.587289931370913,0.587289931370913,13,14,false,2024,2024-07,macro_non_southerly,12.8376,0.16239999999999988,13,true,-0.42488993137091313,-0.7496899313709129,1,true,false,false,true,-0.16239999999999988,0.587289931370913,EXPERIMENT_ONLY
2024-07-11,20:00,test,2024,2024,13,12.186472764775083,0.8135272352249174,13,12,false,2024,2024-07,macro_southerly_flow,12.198933333333333,0.8010666666666673,12,false,-0.012460568558250174,0.012460568558250174,0,true,false,false,false,-0.8010666666666673,-0.8135272352249174,EXPERIMENT_ONLY
2024-07-11,21:00,test,2024,2024,13,12.095019866153882,0.9049801338461183,13,12,false,2024,2024-07,macro_southerly_flow,12.198933333333333,0.8010666666666673,12,false,-0.10391346717945105,0.10391346717945105,0,true,false,false,false,-0.8010666666666673,-0.9049801338461183,EXPERIMENT_ONLY
2024-07-11,22:00,test,2024,2024,13,11.915699793311195,1.0843002066888054,13,12,false,2024,2024-07,macro_southerly_flow,12.198933333333333,0.8010666666666673,12,false,-0.2832335400221382,0.2832335400221382,0,true,false,false,false,-0.8010666666666673,-1.0843002066888054,EXPERIMENT_ONLY
2024-07-11,23:00,test,2024,2024,13,12.158850953059437,0.8411490469405631,13,12,false,2024,2024-07,macro_southerly_flow,12.198933333333333,0.8010666666666673,12,false,-0.04008238027389588,0.04008238027389588,0,true,false,false,false,-0.8010666666666673,-0.8411490469405631,EXPERIMENT_ONLY
2024-07-12,20:00,test,2024,2024,10,10.779761726322807,0.7797617263228069,10,11,false,2024,2024-07,macro_southerly_flow,10.265066666666668,0.26506666666666767,10,true,-0.5146950596561393,-0.5146950596561393,1,true,false,false,true,0.26506666666666767,0.7797617263228069,EXPERIMENT_ONLY
2024-07-12,21:00,test,2024,2024,10,10.774819688628837,0.7748196886288365,10,11,false,2024,2024-07,macro_southerly_flow,10.265066666666668,0.26506666666666767,10,true,-0.5097530219621689,-0.5097530219621689,1,true,false,false,true,0.26506666666666767,0.7748196886288365,EXPERIMENT_ONLY
2024-07-12,22:00,test,2024,2024,10,10.252104207669875,0.2521042076698752,10,10,true,2024,2024-07,macro_southerly_flow,10.265066666666668,0.26506666666666767,10,true,0.012962458996792492,0.012962458996792492,0,false,true,false,false,0.26506666666666767,0.2521042076698752,EXPERIMENT_ONLY
2024-07-12,23:00,test,2024,2024,10,10.335134518201581,0.33513451820158124,10,10,true,2024,2024-07,macro_southerly_flow,10.265066666666668,0.26506666666666767,10,true,-0.07006785153491357,-0.07006785153491357,0,true,false,false,false,0.26506666666666767,0.33513451820158124,EXPERIMENT_ONLY
2024-07-13,20:00,test,2024,2024,12,11.436869662828679,0.5631303371713212,12,11,false,2024,2024-07,macro_southerly_flow,12.832799999999999,0.8327999999999989,13,false,0.26966966282867766,1.39593033717132,0,false,true,false,false,0.8327999999999989,-0.5631303371713212,EXPERIMENT_ONLY
2024-07-13,21:00,test,2024,2024,12,11.626867131790435,0.3731328682095647,12,12,true,2024,2024-07,macro_southerly_flow,12.832799999999999,0.8327999999999989,13,false,0.45966713179043417,1.2059328682095636,-1,false,true,true,false,0.8327999999999989,-0.3731328682095647,EXPERIMENT_ONLY
2024-07-13,22:00,test,2024,2024,12,11.602449315907064,0.3975506840929359,12,12,true,2024,2024-07,macro_southerly_flow,12.832799999999999,0.8327999999999989,13,false,0.43524931590706295,1.2303506840929348,-1,false,true,true,false,0.8327999999999989,-0.3975506840929359,EXPERIMENT_ONLY
2024-07-13,23:00,test,2024,2024,12,11.877489655155172,0.12251034484482837,12,12,true,2024,2024-07,macro_southerly_flow,12.832799999999999,0.8327999999999989,13,false,0.7102896551551705,0.9553103448448272,-1,false,true,true,false,0.8327999999999989,-0.12251034484482837,EXPERIMENT_ONLY
2024-07-14,20:00,test,2024,2024,13,11.375459471321836,1.624540528678164,13,11,false,2024,2024-07,macro_southerly_flow,13.000266666666665,0.00026666666666486094,13,true,-1.6242738620114991,1.6248071953448289,1,true,false,false,true,0.00026666666666486094,-1.624540528678164,EXPERIMENT_ONLY
2024-07-14,21:00,test,2024,2024,13,11.841802522520068,1.1581974774799324,13,12,false,2024,2024-07,macro_southerly_flow,13.000266666666665,0.00026666666666486094,13,true,-1.1579308108132675,1.1584641441465973,1,true,false,false,true,0.00026666666666486094,-1.1581974774799324,EXPERIMENT_ONLY
2024-07-14,22:00,test,2024,2024,13,11.79670719891909,1.2032928010809094,13,12,false,2024,2024-07,macro_southerly_flow,13.000266666666665,0.00026666666666486094,13,true,-1.2030261344142446,1.2035594677475743,1,true,false,false,true,0.00026666666666486094,-1.2032928010809094,EXPERIMENT_ONLY
2024-07-14,23:00,test,2024,2024,13,12.898893835683763,0.10110616431623676,13,13,true,2024,2024-07,macro_non_southerly,13.000266666666665,0.00026666666666486094,13,true,-0.1008394976495719,0.10137283098290162,0,true,false,false,false,0.00026666666666486094,-0.10110616431623676,EXPERIMENT_ONLY
2024-07-15,20:00,test,2024,2024,13,12.908480595284656,0.09151940471534381,13,13,true,2024,2024-07,macro_non_southerly,13.983466666666667,0.9834666666666667,14,false,0.8919472619513229,1.0749860713820105,-1,false,true,true,false,0.9834666666666667,-0.09151940471534381,EXPERIMENT_ONLY
2024-07-15,21:00,test,2024,2024,13,13.173840446439497,0.17384044643949714,13,13,true,2024,2024-07,macro_non_southerly,13.983466666666667,0.9834666666666667,14,false,0.8096262202271696,0.8096262202271696,-1,false,true,true,false,0.9834666666666667,0.17384044643949714,EXPERIMENT_ONLY
2024-07-15,22:00,test,2024,2024,13,13.73234871358966,0.7323487135896602,13,14,false,2024,2024-07,macro_non_southerly,13.983466666666667,0.9834666666666667,14,false,0.25111795307700646,0.25111795307700646,0,false,true,false,false,0.9834666666666667,0.7323487135896602,EXPERIMENT_ONLY
2024-07-15,23:00,test,2024,2024,13,14.28533745098668,1.2853374509866793,13,14,false,2024,2024-07,macro_non_southerly,13.983466666666667,0.9834666666666667,14,false,-0.3018707843200126,-0.3018707843200126,0,true,false,false,false,0.9834666666666667,1.2853374509866793,EXPERIMENT_ONLY
2024-07-16,20:00,test,2024,2024,14,14.827669273778891,0.8276692737788913,14,15,false,2024,2024-07,macro_non_southerly,14.3048,0.3048000000000002,14,true,-0.5228692737788911,-0.5228692737788911,1,true,false,false,true,0.3048000000000002,0.8276692737788913,EXPERIMENT_ONLY
2024-07-16,21:00,test,2024,2024,14,14.823827651196,0.8238276511959999,14,15,false,2024,2024-07,macro_non_southerly,14.3048,0.3048000000000002,14,true,-0.5190276511959997,-0.5190276511959997,1,true,false,false,true,0.3048000000000002,0.8238276511959999,EXPERIMENT_ONLY
2024-07-16,22:00,test,2024,2024,14,14.386315505790716,0.3863155057907157,14,14,true,2024,2024-07,macro_non_southerly,14.3048,0.3048000000000002,14,true,-0.08151550579071554,-0.08151550579071554,0,true,false,false,false,0.3048000000000002,0.3863155057907157,EXPERIMENT_ONLY
2024-07-16,23:00,test,2024,2024,14,14.597723731247024,0.597723731247024,14,15,false,2024,2024-07,macro_non_southerly,14.3048,0.3048000000000002,14,true,-0.29292373124702387,-0.29292373124702387,1,true,false,false,true,0.3048000000000002,0.597723731247024,EXPERIMENT_ONLY
2024-07-17,20:00,test,2024,2024,13,14.962144164471272,1.9621441644712725,13,15,false,2024,2024-07,macro_non_southerly,13.774666666666667,0.7746666666666666,14,false,-1.1874774978046059,-1.1874774978046059,0,true,false,false,false,0.7746666666666666,1.9621441644712725,EXPERIMENT_ONLY
2024-07-17,21:00,test,2024,2024,13,14.835451577604688,1.8354515776046885,13,15,false,2024,2024-07,macro_non_southerly,13.774666666666667,0.7746666666666666,14,false,-1.0607849109380219,-1.0607849109380219,0,true,false,false,false,0.7746666666666666,1.8354515776046885,EXPERIMENT_ONLY
2024-07-17,22:00,test,2024,2024,13,14.570676480349817,1.5706764803498174,13,15,false,2024,2024-07,macro_non_southerly,13.774666666666667,0.7746666666666666,14,false,-0.7960098136831508,-0.7960098136831508,0,true,false,false,false,0.7746666666666666,1.5706764803498174,EXPERIMENT_ONLY
2024-07-17,23:00,test,2024,2024,13,14.784799152025917,1.7847991520259168,13,15,false,2024,2024-07,macro_non_southerly,13.774666666666667,0.7746666666666666,14,false,-1.0101324853592502,-1.0101324853592502,0,true,false,false,false,0.7746666666666666,1.7847991520259168,EXPERIMENT_ONLY
2024-07-18,20:00,test,2024,2024,13,14.155539899050211,1.1555398990502113,13,14,false,2024,2024-07,macro_non_southerly,13.634933333333334,0.6349333333333345,14,false,-0.5206065657168768,-0.5206065657168768,0,true,false,false,false,0.6349333333333345,1.1555398990502113,EXPERIMENT_ONLY
2024-07-18,21:00,test,2024,2024,13,14.21317161902732,1.2131716190273192,13,14,false,2024,2024-07,macro_non_southerly,13.634933333333334,0.6349333333333345,14,false,-0.5782382856939847,-0.5782382856939847,0,true,false,false,false,0.6349333333333345,1.2131716190273192,EXPERIMENT_ONLY
2024-07-18,22:00,test,2024,2024,13,13.985485099548892,0.9854850995488924,13,14,false,2024,2024-07,macro_non_southerly,13.634933333333334,0.6349333333333345,14,false,-0.35055176621555795,-0.35055176621555795,0,true,false,false,false,0.6349333333333345,0.9854850995488924,EXPERIMENT_ONLY
2024-07-18,23:00,test,2024,2024,13,12.846585561259428,0.15341443874057248,13,13,true,2024,2024-07,macro_southerly_flow,13.634933333333334,0.6349333333333345,14,false,0.481518894592762,0.7883477720739069,-1,false,true,true,false,0.6349333333333345,-0.15341443874057248,EXPERIMENT_ONLY
2024-07-19,20:00,test,2024,2024,13,13.337821771036138,0.337821771036138,13,13,true,2024,2024-07,macro_non_southerly,14.691733333333332,1.6917333333333318,15,false,1.3539115622971938,1.3539115622971938,-1,false,true,true,false,1.6917333333333318,0.337821771036138,EXPERIMENT_ONLY
2024-07-19,21:00,test,2024,2024,13,13.638893221722412,0.6388932217224124,13,14,false,2024,2024-07,macro_non_southerly,14.691733333333332,1.6917333333333318,15,false,1.0528401116109194,1.0528401116109194,0,false,true,false,false,1.6917333333333318,0.6388932217224124,EXPERIMENT_ONLY
2024-07-19,22:00,test,2024,2024,13,13.801712021364358,0.8017120213643576,13,14,false,2024,2024-07,macro_non_southerly,14.691733333333332,1.6917333333333318,15,false,0.8900213119689742,0.8900213119689742,0,false,true,false,false,1.6917333333333318,0.8017120213643576,EXPERIMENT_ONLY
2024-07-19,23:00,test,2024,2024,13,14.07773889584788,1.0777388958478795,13,14,false,2024,2024-07,macro_non_southerly,14.691733333333332,1.6917333333333318,15,false,0.6139944374854522,0.6139944374854522,0,false,true,false,false,1.6917333333333318,1.0777388958478795,EXPERIMENT_ONLY
2024-07-20,20:00,test,2024,2024,13,13.979184539964344,0.9791845399643435,13,14,false,2024,2024-07,macro_non_southerly,12.4448,0.5551999999999992,12,false,-0.42398453996434426,-1.5343845399643428,0,true,false,false,false,-0.5551999999999992,0.9791845399643435,EXPERIMENT_ONLY
2024-07-20,21:00,test,2024,2024,13,14.010802771366272,1.0108027713662722,13,14,false,2024,2024-07,macro_non_southerly,12.4448,0.5551999999999992,12,false,-0.4556027713662729,-1.5660027713662714,0,true,false,false,false,-0.5551999999999992,1.0108027713662722,EXPERIMENT_ONLY
2024-07-20,22:00,test,2024,2024,13,13.591714050942228,0.5917140509422278,13,14,false,2024,2024-07,macro_non_southerly,12.4448,0.5551999999999992,12,false,-0.03651405094222859,-1.146914050942227,0,true,false,false,false,-0.5551999999999992,0.5917140509422278,EXPERIMENT_ONLY
2024-07-20,23:00,test,2024,2024,13,13.637153319213882,0.6371533192138816,13,14,false,2024,2024-07,macro_non_southerly,12.4448,0.5551999999999992,12,false,-0.08195331921388238,-1.1923533192138809,0,true,false,false,false,-0.5551999999999992,0.6371533192138816,EXPERIMENT_ONLY
2024-07-21,20:00,test,2024,2024,14,13.028760537105876,0.9712394628941237,14,13,false,2024,2024-07,macro_non_southerly,13.046133333333334,0.9538666666666664,13,false,-0.017372796227457243,0.017372796227457243,0,true,false,false,false,-0.9538666666666664,-0.9712394628941237,EXPERIMENT_ONLY
2024-07-21,21:00,test,2024,2024,14,13.364806469989324,0.6351935300106764,14,13,false,2024,2024-07,macro_non_southerly,13.046133333333334,0.9538666666666664,13,false,0.31867313665599006,-0.31867313665599006,0,false,true,false,false,-0.9538666666666664,-0.6351935300106764,EXPERIMENT_ONLY
2024-07-21,22:00,test,2024,2024,14,13.648208576352564,0.35179142364743576,14,14,true,2024,2024-07,macro_non_southerly,13.046133333333334,0.9538666666666664,13,false,0.6020752430192307,-0.6020752430192307,-1,false,true,true,false,-0.9538666666666664,-0.35179142364743576,EXPERIMENT_ONLY
2024-07-21,23:00,test,2024,2024,14,14.025832510081022,0.025832510081022164,14,14,true,2024,2024-07,macro_non_southerly,13.046133333333334,0.9538666666666664,13,false,0.9280341565856443,-0.9796991767476886,-1,false,true,true,false,-0.9538666666666664,0.025832510081022164,EXPERIMENT_ONLY
2024-07-22,20:00,test,2024,2024,12,12.05857446091161,0.05857446091160945,12,12,true,2024,2024-07,macro_southerly_flow,11.091466666666667,0.9085333333333327,11,false,0.8499588724217233,-0.9671077942449422,-1,false,true,true,false,-0.9085333333333327,0.05857446091160945,EXPERIMENT_ONLY
2024-07-22,21:00,test,2024,2024,12,12.084017022847863,0.08401702284786339,12,12,true,2024,2024-07,macro_southerly_flow,11.091466666666667,0.9085333333333327,11,false,0.8245163104854694,-0.9925503561811961,-1,false,true,true,false,-0.9085333333333327,0.08401702284786339,EXPERIMENT_ONLY
2024-07-22,22:00,test,2024,2024,12,11.354149945909466,0.6458500540905341,12,11,false,2024,2024-07,macro_southerly_flow,11.091466666666667,0.9085333333333327,11,false,0.26268327924279866,-0.26268327924279866,0,false,true,false,false,-0.9085333333333327,-0.6458500540905341,EXPERIMENT_ONLY
2024-07-22,23:00,test,2024,2024,12,11.393985635677872,0.6060143643221281,12,11,false,2024,2024-07,macro_southerly_flow,11.091466666666667,0.9085333333333327,11,false,0.3025189690112047,-0.3025189690112047,0,false,true,false,false,-0.9085333333333327,-0.6060143643221281,EXPERIMENT_ONLY
2024-07-23,20:00,test,2024,2024,12,11.744818806957712,0.25518119304228826,12,12,true,2024,2024-07,macro_southerly_flow,11.4504,0.5495999999999999,11,false,0.2944188069577116,-0.2944188069577116,-1,false,true,true,false,-0.5495999999999999,-0.25518119304228826,EXPERIMENT_ONLY
2024-07-23,21:00,test,2024,2024,12,11.870180165779106,0.1298198342208945,12,12,true,2024,2024-07,macro_southerly_flow,11.4504,0.5495999999999999,11,false,0.4197801657791054,-0.4197801657791054,-1,false,true,true,false,-0.5495999999999999,-0.1298198342208945,EXPERIMENT_ONLY
2024-07-23,22:00,test,2024,2024,12,11.569375916038982,0.4306240839610176,12,12,true,2024,2024-07,macro_southerly_flow,11.4504,0.5495999999999999,11,false,0.11897591603898228,-0.11897591603898228,-1,false,true,true,false,-0.5495999999999999,-0.4306240839610176,EXPERIMENT_ONLY
2024-07-23,23:00,test,2024,2024,12,11.850153344883461,0.14984665511653894,12,12,true,2024,2024-07,macro_southerly_flow,11.4504,0.5495999999999999,11,false,0.3997533448834609,-0.3997533448834609,-1,false,true,true,false,-0.5495999999999999,-0.14984665511653894,EXPERIMENT_ONLY
2024-07-24,20:00,test,2024,2024,13,11.235481465675845,1.7645185343241554,13,11,false,2024,2024-07,macro_southerly_flow,13.013333333333334,0.013333333333333641,13,true,-1.7511852009908218,1.777851867657489,1,true,false,false,true,0.013333333333333641,-1.7645185343241554,EXPERIMENT_ONLY
2024-07-24,21:00,test,2024,2024,13,11.807274562956698,1.1927254370433023,13,12,false,2024,2024-07,macro_southerly_flow,13.013333333333334,0.013333333333333641,13,true,-1.1793921037099686,1.206058770376636,1,true,false,false,true,0.013333333333333641,-1.1927254370433023,EXPERIMENT_ONLY
2024-07-24,22:00,test,2024,2024,13,13.117008037527748,0.11700803752774824,13,13,true,2024,2024-07,macro_non_southerly,13.013333333333334,0.013333333333333641,13,true,-0.1036747041944146,-0.1036747041944146,0,true,false,false,false,0.013333333333333641,0.11700803752774824,EXPERIMENT_ONLY
2024-07-24,23:00,test,2024,2024,13,13.533784826660453,0.5337848266604528,13,14,false,2024,2024-07,macro_non_southerly,13.013333333333334,0.013333333333333641,13,true,-0.5204514933271192,-0.5204514933271192,1,true,false,false,true,0.013333333333333641,0.5337848266604528,EXPERIMENT_ONLY
2024-07-25,20:00,test,2024,2024,15,13.654786323369764,1.3452136766302356,15,14,false,2024,2024-07,macro_non_southerly,14.141333333333334,0.8586666666666662,14,false,-0.48654700996356937,0.48654700996356937,0,true,false,false,false,-0.8586666666666662,-1.3452136766302356,EXPERIMENT_ONLY
2024-07-25,21:00,test,2024,2024,15,13.717279583538522,1.282720416461478,15,14,false,2024,2024-07,macro_non_southerly,14.141333333333334,0.8586666666666662,14,false,-0.4240537497948118,0.4240537497948118,0,true,false,false,false,-0.8586666666666662,-1.282720416461478,EXPERIMENT_ONLY
2024-07-25,22:00,test,2024,2024,15,13.678457297270295,1.3215427027297046,15,14,false,2024,2024-07,macro_non_southerly,14.141333333333334,0.8586666666666662,14,false,-0.4628760360630384,0.4628760360630384,0,true,false,false,false,-0.8586666666666662,-1.3215427027297046,EXPERIMENT_ONLY
2024-07-25,23:00,test,2024,2024,15,13.922494967517645,1.077505032482355,15,14,false,2024,2024-07,macro_non_southerly,14.141333333333334,0.8586666666666662,14,false,-0.21883836581568872,0.21883836581568872,0,true,false,false,false,-0.8586666666666662,-1.077505032482355,EXPERIMENT_ONLY
2024-07-26,20:00,test,2024,2024,14,14.595514332451767,0.5955143324517671,14,15,false,2024,2024-07,macro_non_southerly,13.823466666666668,0.17653333333333165,14,true,-0.41898099911843545,-0.7720476657850988,1,true,false,false,true,-0.17653333333333165,0.5955143324517671,EXPERIMENT_ONLY
2024-07-26,21:00,test,2024,2024,14,14.585709093545258,0.5857090935452582,14,15,false,2024,2024-07,macro_non_southerly,13.823466666666668,0.17653333333333165,14,true,-0.4091757602119266,-0.7622424268785899,1,true,false,false,true,-0.17653333333333165,0.5857090935452582,EXPERIMENT_ONLY
2024-07-26,22:00,test,2024,2024,14,14.279844010676367,0.2798440106763671,14,14,true,2024,2024-07,macro_non_southerly,13.823466666666668,0.17653333333333165,14,true,-0.10331067734303545,-0.45637734400969876,0,true,false,false,false,-0.17653333333333165,0.2798440106763671,EXPERIMENT_ONLY
2024-07-26,23:00,test,2024,2024,14,14.316849011032733,0.31684901103273333,14,14,true,2024,2024-07,macro_non_southerly,13.823466666666668,0.17653333333333165,14,true,-0.14031567769940168,-0.493382344366065,0,true,false,false,false,-0.17653333333333165,0.31684901103273333,EXPERIMENT_ONLY
2024-07-27,20:00,test,2024,2024,16,15.348657153793473,0.6513428462065267,16,15,false,2024,2024-07,macro_non_southerly,14.3504,1.6495999999999995,14,false,0.9982571537934728,-0.9982571537934728,0,false,true,false,false,-1.6495999999999995,-0.6513428462065267,EXPERIMENT_ONLY
2024-07-27,21:00,test,2024,2024,16,15.411285685731395,0.5887143142686053,16,15,false,2024,2024-07,macro_non_southerly,14.3504,1.6495999999999995,14,false,1.0608856857313942,-1.0608856857313942,0,false,true,false,false,-1.6495999999999995,-0.5887143142686053,EXPERIMENT_ONLY
2024-07-27,22:00,test,2024,2024,16,15.128838471133886,0.8711615288661143,16,15,false,2024,2024-07,macro_non_southerly,14.3504,1.6495999999999995,14,false,0.7784384711338852,-0.7784384711338852,0,false,true,false,false,-1.6495999999999995,-0.8711615288661143,EXPERIMENT_ONLY
2024-07-27,23:00,test,2024,2024,16,15.434062452355397,0.5659375476446034,16,15,false,2024,2024-07,macro_non_southerly,14.3504,1.6495999999999995,14,false,1.0836624523553962,-1.0836624523553962,0,false,true,false,false,-1.6495999999999995,-0.5659375476446034,EXPERIMENT_ONLY
2024-07-28,20:00,test,2024,2024,14,16.014943542738738,2.014943542738738,14,16,false,2024,2024-07,macro_non_southerly,14.1888,0.18880000000000052,14,true,-1.8261435427387376,-1.8261435427387376,1,true,false,false,true,0.18880000000000052,2.014943542738738,EXPERIMENT_ONLY
2024-07-28,21:00,test,2024,2024,14,15.966770084479782,1.9667700844797817,14,16,false,2024,2024-07,macro_non_southerly,14.1888,0.18880000000000052,14,true,-1.7779700844797812,-1.7779700844797812,1,true,false,false,true,0.18880000000000052,1.9667700844797817,EXPERIMENT_ONLY
2024-07-28,22:00,test,2024,2024,14,15.692026433550037,1.692026433550037,14,16,false,2024,2024-07,macro_non_southerly,14.1888,0.18880000000000052,14,true,-1.5032264335500365,-1.5032264335500365,1,true,false,false,true,0.18880000000000052,1.692026433550037,EXPERIMENT_ONLY
2024-07-28,23:00,test,2024,2024,14,15.802074095242155,1.8020740952421548,14,16,false,2024,2024-07,macro_non_southerly,14.1888,0.18880000000000052,14,true,-1.6132740952421543,-1.6132740952421543,1,true,false,false,true,0.18880000000000052,1.8020740952421548,EXPERIMENT_ONLY
2024-07-29,20:00,test,2024,2024,15,15.287541310064993,0.2875413100649933,15,15,true,2024,2024-07,macro_non_southerly,14.159733333333332,0.8402666666666683,14,false,0.552725356601675,-1.1278079767316616,-1,false,true,true,false,-0.8402666666666683,0.2875413100649933,EXPERIMENT_ONLY
2024-07-29,21:00,test,2024,2024,15,15.285646866101708,0.28564686610170753,15,15,true,2024,2024-07,macro_non_southerly,14.159733333333332,0.8402666666666683,14,false,0.5546198005649607,-1.1259135327683758,-1,false,true,true,false,-0.8402666666666683,0.28564686610170753,EXPERIMENT_ONLY
2024-07-29,22:00,test,2024,2024,15,14.456655363561728,0.5433446364382721,15,14,false,2024,2024-07,macro_non_southerly,14.159733333333332,0.8402666666666683,14,false,0.29692203022839614,-0.29692203022839614,0,false,true,false,false,-0.8402666666666683,-0.5433446364382721,EXPERIMENT_ONLY
2024-07-29,23:00,test,2024,2024,15,14.48632021510143,0.5136797848985708,15,14,false,2024,2024-07,macro_non_southerly,14.159733333333332,0.8402666666666683,14,false,0.32658688176809747,-0.32658688176809747,0,false,true,false,false,-0.8402666666666683,-0.5136797848985708,EXPERIMENT_ONLY
2024-07-30,20:00,test,2024,2024,14,14.564009559364582,0.5640095593645817,14,15,false,2024,2024-07,macro_non_southerly,13.821866666666669,0.17813333333333148,14,true,-0.38587622603125027,-0.7421428926979132,1,true,false,false,true,-0.17813333333333148,0.5640095593645817,EXPERIMENT_ONLY
2024-07-30,21:00,test,2024,2024,14,14.181638959375373,0.18163895937537333,14,14,true,2024,2024-07,macro_non_southerly,13.821866666666669,0.17813333333333148,14,true,-0.003505626042041854,-0.3597722927087048,0,true,false,false,false,-0.17813333333333148,0.18163895937537333,EXPERIMENT_ONLY
2024-07-30,22:00,test,2024,2024,14,13.033123309216371,0.9668766907836286,14,13,false,2024,2024-07,macro_non_southerly,13.821866666666669,0.17813333333333148,14,true,-0.7887433574502971,0.7887433574502971,1,true,false,false,true,-0.17813333333333148,-0.9668766907836286,EXPERIMENT_ONLY
2024-07-30,23:00,test,2024,2024,14,12.877014784302608,1.1229852156973923,14,13,false,2024,2024-07,macro_non_southerly,13.821866666666669,0.17813333333333148,14,true,-0.9448518823640608,0.9448518823640608,1,true,false,false,true,-0.17813333333333148,-1.1229852156973923,EXPERIMENT_ONLY
2024-07-31,20:00,test,2024,2024,10,10.745303836011907,0.7453038360119066,10,11,false,2024,2024-07,macro_southerly_flow,10.373066666666666,0.37306666666666644,10,true,-0.3722371693452402,-0.3722371693452402,1,true,false,false,true,0.37306666666666644,0.7453038360119066,EXPERIMENT_ONLY
2024-07-31,21:00,test,2024,2024,10,10.910072586516643,0.9100725865166428,10,11,false,2024,2024-07,macro_southerly_flow,10.373066666666666,0.37306666666666644,10,true,-0.5370059198499764,-0.5370059198499764,1,true,false,false,true,0.37306666666666644,0.9100725865166428,EXPERIMENT_ONLY
2024-07-31,22:00,test,2024,2024,10,10.350984353085494,0.3509843530854937,10,10,true,2024,2024-07,macro_southerly_flow,10.373066666666666,0.37306666666666644,10,true,0.02208231358117274,0.02208231358117274,0,false,true,false,false,0.37306666666666644,0.3509843530854937,EXPERIMENT_ONLY
2024-07-31,23:00,test,2024,2024,10,10.359605815071255,0.3596058150712551,10,10,true,2024,2024-07,macro_southerly_flow,10.373066666666666,0.37306666666666644,10,true,0.013460851595411327,0.013460851595411327,0,false,true,false,false,0.37306666666666644,0.3596058150712551,EXPERIMENT_ONLY
2024-08-01,20:00,test,2024,2024,9,10.038825748292009,1.038825748292009,9,10,false,2024,2024-08,macro_southerly_flow,9.618933333333333,0.6189333333333327,10,false,-0.41989241495867624,-0.41989241495867624,0,true,false,false,false,0.6189333333333327,1.038825748292009,EXPERIMENT_ONLY
2024-08-01,21:00,test,2024,2024,9,9.99885881791192,0.9988588179119198,9,10,false,2024,2024-08,macro_southerly_flow,9.618933333333333,0.6189333333333327,10,false,-0.3799254845785871,-0.3799254845785871,0,true,false,false,false,0.6189333333333327,0.9988588179119198,EXPERIMENT_ONLY
2024-08-01,22:00,test,2024,2024,9,9.395506671001824,0.395506671001824,9,9,true,2024,2024-08,macro_southerly_flow,9.618933333333333,0.6189333333333327,10,false,0.22342666233150865,0.22342666233150865,-1,false,true,true,false,0.6189333333333327,0.395506671001824,EXPERIMENT_ONLY
2024-08-01,23:00,test,2024,2024,9,9.54653378876588,0.5465337887658794,9,10,false,2024,2024-08,macro_southerly_flow,9.618933333333333,0.6189333333333327,10,false,0.07239954456745323,0.07239954456745323,0,false,true,false,false,0.6189333333333327,0.5465337887658794,EXPERIMENT_ONLY
2024-08-02,20:00,test,2024,2024,10,10.204676763235822,0.20467676323582218,10,10,true,2024,2024-08,macro_southerly_flow,9.571733333333334,0.4282666666666657,10,true,0.2235899034308435,-0.6329434299024879,0,false,true,false,false,-0.4282666666666657,0.20467676323582218,EXPERIMENT_ONLY
2024-08-02,21:00,test,2024,2024,10,10.193805462192659,0.1938054621926586,10,10,true,2024,2024-08,macro_southerly_flow,9.571733333333334,0.4282666666666657,10,true,0.2344612044740071,-0.6220721288593243,0,false,true,false,false,-0.4282666666666657,0.1938054621926586,EXPERIMENT_ONLY
2024-08-02,22:00,test,2024,2024,10,9.855177464195062,0.14482253580493776,10,10,true,2024,2024-08,macro_southerly_flow,9.571733333333334,0.4282666666666657,10,true,0.2834441308617279,-0.2834441308617279,0,false,true,false,false,-0.4282666666666657,-0.14482253580493776,EXPERIMENT_ONLY
2024-08-02,23:00,test,2024,2024,10,9.965203554276787,0.034796445723213054,10,10,true,2024,2024-08,macro_southerly_flow,9.571733333333334,0.4282666666666657,10,true,0.39347022094345263,-0.39347022094345263,0,false,true,false,false,-0.4282666666666657,-0.034796445723213054,EXPERIMENT_ONLY
2024-08-03,20:00,test,2024,2024,11,10.478795932772751,0.5212040672272487,11,10,false,2024,2024-08,macro_southerly_flow,10.864799999999999,0.1352000000000011,11,true,-0.38600406722724756,0.38600406722724756,1,true,false,false,true,-0.1352000000000011,-0.5212040672272487,EXPERIMENT_ONLY
2024-08-03,21:00,test,2024,2024,11,10.42837130458067,0.5716286954193297,11,10,false,2024,2024-08,macro_southerly_flow,10.864799999999999,0.1352000000000011,11,true,-0.4364286954193286,0.4364286954193286,1,true,false,false,true,-0.1352000000000011,-0.5716286954193297,EXPERIMENT_ONLY
2024-08-03,22:00,test,2024,2024,11,9.53686890844123,1.46313109155877,11,10,false,2024,2024-08,macro_southerly_flow,10.864799999999999,0.1352000000000011,11,true,-1.327931091558769,1.327931091558769,1,true,false,false,true,-0.1352000000000011,-1.46313109155877,EXPERIMENT_ONLY
2024-08-03,23:00,test,2024,2024,11,10.43207410000575,0.5679258999942505,11,10,false,2024,2024-08,macro_non_southerly,10.864799999999999,0.1352000000000011,11,true,-0.4327258999942494,0.4327258999942494,1,true,false,false,true,-0.1352000000000011,-0.5679258999942505,EXPERIMENT_ONLY
2024-08-04,20:00,test,2024,2024,12,11.106047861712028,0.8939521382879718,12,11,false,2024,2024-08,macro_non_southerly,11.248266666666666,0.751733333333334,11,false,-0.1422188049546378,0.1422188049546378,0,true,false,false,false,-0.751733333333334,-0.8939521382879718,EXPERIMENT_ONLY
2024-08-04,21:00,test,2024,2024,12,11.783186479067705,0.21681352093229478,12,12,true,2024,2024-08,macro_non_southerly,11.248266666666666,0.751733333333334,11,false,0.5349198124010393,-0.5349198124010393,-1,false,true,true,false,-0.751733333333334,-0.21681352093229478,EXPERIMENT_ONLY
2024-08-04,22:00,test,2024,2024,12,11.85842598350981,0.14157401649019086,12,12,true,2024,2024-08,macro_non_southerly,11.248266666666666,0.751733333333334,11,false,0.6101593168431432,-0.6101593168431432,-1,false,true,true,false,-0.751733333333334,-0.14157401649019086,EXPERIMENT_ONLY
2024-08-04,23:00,test,2024,2024,12,11.921477016601147,0.07852298339885344,12,12,true,2024,2024-08,macro_non_southerly,11.248266666666666,0.751733333333334,11,false,0.6732103499344806,-0.6732103499344806,-1,false,true,true,false,-0.751733333333334,-0.07852298339885344,EXPERIMENT_ONLY
2024-08-05,20:00,test,2024,2024,12,11.319304979801595,0.6806950201984048,12,11,false,2024,2024-08,macro_non_southerly,11.902666666666667,0.09733333333333327,12,true,-0.5833616868650715,0.5833616868650715,1,true,false,false,true,-0.09733333333333327,-0.6806950201984048,EXPERIMENT_ONLY
2024-08-05,21:00,test,2024,2024,12,11.58193248317798,0.4180675168220205,12,12,true,2024,2024-08,macro_non_southerly,11.902666666666667,0.09733333333333327,12,true,-0.3207341834886872,0.3207341834886872,0,true,false,false,false,-0.09733333333333327,-0.4180675168220205,EXPERIMENT_ONLY
2024-08-05,22:00,test,2024,2024,12,11.833312697228262,0.16668730277173793,12,12,true,2024,2024-08,macro_non_southerly,11.902666666666667,0.09733333333333327,12,true,-0.06935396943840466,0.06935396943840466,0,true,false,false,false,-0.09733333333333327,-0.16668730277173793,EXPERIMENT_ONLY
2024-08-05,23:00,test,2024,2024,12,12.069723368724093,0.0697233687240928,12,12,true,2024,2024-08,macro_non_southerly,11.902666666666667,0.09733333333333327,12,true,0.027609964609240478,-0.16705670205742607,0,false,true,false,false,-0.09733333333333327,0.0697233687240928,EXPERIMENT_ONLY
2024-08-06,20:00,test,2024,2024,14,12.605173314786123,1.3948266852138769,14,13,false,2024,2024-08,macro_non_southerly,13.3072,0.6928000000000001,13,false,-0.7020266852138768,0.7020266852138768,0,true,false,false,false,-0.6928000000000001,-1.3948266852138769,EXPERIMENT_ONLY
2024-08-06,21:00,test,2024,2024,14,12.971907334262147,1.0280926657378533,14,13,false,2024,2024-08,macro_non_southerly,13.3072,0.6928000000000001,13,false,-0.3352926657378532,0.3352926657378532,0,true,false,false,false,-0.6928000000000001,-1.0280926657378533,EXPERIMENT_ONLY
2024-08-06,22:00,test,2024,2024,14,13.024824118782867,0.9751758812171332,14,13,false,2024,2024-08,macro_non_southerly,13.3072,0.6928000000000001,13,false,-0.2823758812171331,0.2823758812171331,0,true,false,false,false,-0.6928000000000001,-0.9751758812171332,EXPERIMENT_ONLY
2024-08-06,23:00,test,2024,2024,14,13.09404102141383,0.9059589785861704,14,13,false,2024,2024-08,macro_non_southerly,13.3072,0.6928000000000001,13,false,-0.21315897858617028,0.21315897858617028,0,true,false,false,false,-0.6928000000000001,-0.9059589785861704,EXPERIMENT_ONLY
2024-08-07,20:00,test,2024,2024,14,13.879313509055507,0.12068649094449313,14,14,true,2024,2024-08,macro_non_southerly,13.469600000000002,0.5303999999999984,13,false,0.4097135090555053,-0.4097135090555053,-1,false,true,true,false,-0.5303999999999984,-0.12068649094449313,EXPERIMENT_ONLY
2024-08-07,21:00,test,2024,2024,14,14.069468863322648,0.06946886332264768,14,14,true,2024,2024-08,macro_non_southerly,13.469600000000002,0.5303999999999984,13,false,0.46093113667735075,-0.5998688633226461,-1,false,true,true,false,-0.5303999999999984,0.06946886332264768,EXPERIMENT_ONLY
2024-08-07,22:00,test,2024,2024,14,14.184858413516128,0.1848584135161282,14,14,true,2024,2024-08,macro_non_southerly,13.469600000000002,0.5303999999999984,13,false,0.34554158648387023,-0.7152584135161266,-1,false,true,true,false,-0.5303999999999984,0.1848584135161282,EXPERIMENT_ONLY
2024-08-07,23:00,test,2024,2024,14,14.351319478113925,0.3513194781139255,14,14,true,2024,2024-08,macro_non_southerly,13.469600000000002,0.5303999999999984,13,false,0.17908052188607293,-0.8817194781139239,-1,false,true,true,false,-0.5303999999999984,0.3513194781139255,EXPERIMENT_ONLY
2024-08-08,20:00,test,2024,2024,12,13.268159682558364,1.2681596825583643,12,13,false,2024,2024-08,macro_non_southerly,12.688266666666667,0.6882666666666672,13,false,-0.5798930158916971,-0.5798930158916971,0,true,false,false,false,0.6882666666666672,1.2681596825583643,EXPERIMENT_ONLY
2024-08-08,21:00,test,2024,2024,12,13.01387567320677,1.0138756732067709,12,13,false,2024,2024-08,macro_non_southerly,12.688266666666667,0.6882666666666672,13,false,-0.3256090065401036,-0.3256090065401036,0,true,false,false,false,0.6882666666666672,1.0138756732067709,EXPERIMENT_ONLY
2024-08-08,22:00,test,2024,2024,12,12.751773681922574,0.7517736819225735,12,13,false,2024,2024-08,macro_non_southerly,12.688266666666667,0.6882666666666672,13,false,-0.0635070152559063,-0.0635070152559063,0,true,false,false,false,0.6882666666666672,0.7517736819225735,EXPERIMENT_ONLY
2024-08-08,23:00,test,2024,2024,12,12.852950288194993,0.8529502881949931,12,13,false,2024,2024-08,macro_non_southerly,12.688266666666667,0.6882666666666672,13,false,-0.16468362152832583,-0.16468362152832583,0,true,false,false,false,0.6882666666666672,0.8529502881949931,EXPERIMENT_ONLY
2024-08-09,20:00,test,2024,2024,11,11.669516284528067,0.6695162845280667,11,12,false,2024,2024-08,macro_southerly_flow,11.1008,0.10079999999999956,11,true,-0.5687162845280671,-0.5687162845280671,1,true,false,false,true,0.10079999999999956,0.6695162845280667,EXPERIMENT_ONLY
2024-08-09,21:00,test,2024,2024,11,11.624651267033434,0.6246512670334337,11,12,false,2024,2024-08,macro_southerly_flow,11.1008,0.10079999999999956,11,true,-0.5238512670334341,-0.5238512670334341,1,true,false,false,true,0.10079999999999956,0.6246512670334337,EXPERIMENT_ONLY
2024-08-09,22:00,test,2024,2024,11,11.127937886707473,0.12793788670747297,11,11,true,2024,2024-08,macro_southerly_flow,11.1008,0.10079999999999956,11,true,-0.027137886707473413,-0.027137886707473413,0,true,false,false,false,0.10079999999999956,0.12793788670747297,EXPERIMENT_ONLY
2024-08-09,23:00,test,2024,2024,11,11.235095431991013,0.23509543199101302,11,11,true,2024,2024-08,macro_southerly_flow,11.1008,0.10079999999999956,11,true,-0.13429543199101346,-0.13429543199101346,0,true,false,false,false,0.10079999999999956,0.23509543199101302,EXPERIMENT_ONLY
2024-08-10,20:00,test,2024,2024,13,12.057006282904917,0.9429937170950833,13,12,false,2024,2024-08,macro_southerly_flow,12.830666666666666,0.16933333333333422,13,true,-0.7736603837617491,0.7736603837617491,1,true,false,false,true,-0.16933333333333422,-0.9429937170950833,EXPERIMENT_ONLY
2024-08-10,21:00,test,2024,2024,13,12.185203376371573,0.8147966236284265,13,12,false,2024,2024-08,macro_southerly_flow,12.830666666666666,0.16933333333333422,13,true,-0.6454632902950923,0.6454632902950923,1,true,false,false,true,-0.16933333333333422,-0.8147966236284265,EXPERIMENT_ONLY
2024-08-10,22:00,test,2024,2024,13,11.940348683170201,1.0596513168297985,13,12,false,2024,2024-08,macro_southerly_flow,12.830666666666666,0.16933333333333422,13,true,-0.8903179834964643,0.8903179834964643,1,true,false,false,true,-0.16933333333333422,-1.0596513168297985,EXPERIMENT_ONLY
2024-08-10,23:00,test,2024,2024,13,11.916237276009575,1.083762723990425,13,12,false,2024,2024-08,macro_southerly_flow,12.830666666666666,0.16933333333333422,13,true,-0.9144293906570908,0.9144293906570908,1,true,false,false,true,-0.16933333333333422,-1.083762723990425,EXPERIMENT_ONLY
2024-08-11,20:00,test,2024,2024,14,13.871833157911592,0.12816684208840812,14,14,true,2024,2024-08,macro_non_southerly,12.890933333333333,1.109066666666667,13,false,0.980899824578259,-0.980899824578259,-1,false,true,true,false,-1.109066666666667,-0.12816684208840812,EXPERIMENT_ONLY
2024-08-11,21:00,test,2024,2024,14,13.963543710901801,0.03645628909819898,14,14,true,2024,2024-08,macro_non_southerly,12.890933333333333,1.109066666666667,13,false,1.072610377568468,-1.072610377568468,-1,false,true,true,false,-1.109066666666667,-0.03645628909819898,EXPERIMENT_ONLY
2024-08-11,22:00,test,2024,2024,14,14.016583704102784,0.01658370410278387,14,14,true,2024,2024-08,macro_non_southerly,12.890933333333333,1.109066666666667,13,false,1.0924829625638832,-1.125650370769451,-1,false,true,true,false,-1.109066666666667,0.01658370410278387,EXPERIMENT_ONLY
2024-08-11,23:00,test,2024,2024,14,14.424013708339672,0.4240137083396718,14,14,true,2024,2024-08,macro_non_southerly,12.890933333333333,1.109066666666667,13,false,0.6850529583269953,-1.5330803750063389,-1,false,true,true,false,-1.109066666666667,0.4240137083396718,EXPERIMENT_ONLY
2024-08-12,20:00,test,2024,2024,17,14.783798918634663,2.2162010813653374,17,15,false,2024,2024-08,macro_non_southerly,15.424533333333331,1.575466666666669,15,false,-0.6407344146986684,0.6407344146986684,0,true,false,false,false,-1.575466666666669,-2.2162010813653374,EXPERIMENT_ONLY
2024-08-12,21:00,test,2024,2024,17,14.956943996993598,2.043056003006402,17,15,false,2024,2024-08,macro_non_southerly,15.424533333333331,1.575466666666669,15,false,-0.4675893363397332,0.4675893363397332,0,true,false,false,false,-1.575466666666669,-2.043056003006402,EXPERIMENT_ONLY
2024-08-12,22:00,test,2024,2024,17,15.198910179921016,1.8010898200789835,17,15,false,2024,2024-08,macro_non_southerly,15.424533333333331,1.575466666666669,15,false,-0.22562315341231454,0.22562315341231454,0,true,false,false,false,-1.575466666666669,-1.8010898200789835,EXPERIMENT_ONLY
2024-08-12,23:00,test,2024,2024,17,15.439713480218867,1.5602865197811333,17,15,false,2024,2024-08,macro_non_southerly,15.424533333333331,1.575466666666669,15,false,0.015180146885535706,-0.015180146885535706,0,false,true,false,false,-1.575466666666669,-1.5602865197811333,EXPERIMENT_ONLY
2024-08-13,20:00,test,2024,2024,11,11.315150865994474,0.3151508659944735,11,11,true,2024,2024-08,macro_southerly_flow,10.966933333333333,0.03306666666666658,11,true,-0.28208419932780693,-0.3482175326611401,0,true,false,false,false,-0.03306666666666658,0.3151508659944735,EXPERIMENT_ONLY
2024-08-13,21:00,test,2024,2024,11,11.44927722281032,0.4492772228103199,11,11,true,2024,2024-08,macro_southerly_flow,10.966933333333333,0.03306666666666658,11,true,-0.4162105561436533,-0.4823438894769865,0,true,false,false,false,-0.03306666666666658,0.4492772228103199,EXPERIMENT_ONLY
2024-08-13,22:00,test,2024,2024,11,11.084242002742652,0.08424200274265203,11,11,true,2024,2024-08,macro_southerly_flow,10.966933333333333,0.03306666666666658,11,true,-0.051175336075985456,-0.11730866940931861,0,true,false,false,false,-0.03306666666666658,0.08424200274265203,EXPERIMENT_ONLY
2024-08-13,23:00,test,2024,2024,11,11.299216217435744,0.29921621743574356,11,11,true,2024,2024-08,macro_southerly_flow,10.966933333333333,0.03306666666666658,11,true,-0.266149550769077,-0.33228288410241014,0,true,false,false,false,-0.03306666666666658,0.29921621743574356,EXPERIMENT_ONLY
2024-08-14,20:00,test,2024,2024,12,12.674490502603565,0.6744905026035646,12,13,false,2024,2024-08,macro_non_southerly,13.028533333333332,1.028533333333332,13,false,0.3540428307297674,0.3540428307297674,0,false,true,false,false,1.028533333333332,0.6744905026035646,EXPERIMENT_ONLY
2024-08-14,21:00,test,2024,2024,12,12.976341610584262,0.9763416105842619,12,13,false,2024,2024-08,macro_non_southerly,13.028533333333332,1.028533333333332,13,false,0.052191722749070024,0.052191722749070024,0,false,true,false,false,1.028533333333332,0.9763416105842619,EXPERIMENT_ONLY
2024-08-14,22:00,test,2024,2024,12,13.102152211314987,1.102152211314987,12,13,false,2024,2024-08,macro_non_southerly,13.028533333333332,1.028533333333332,13,false,-0.07361887798165512,-0.07361887798165512,0,true,false,false,false,1.028533333333332,1.102152211314987,EXPERIMENT_ONLY
2024-08-14,23:00,test,2024,2024,12,13.23003892232946,1.2300389223294594,12,13,false,2024,2024-08,macro_non_southerly,13.028533333333332,1.028533333333332,13,false,-0.20150558899612747,-0.20150558899612747,0,true,false,false,false,1.028533333333332,1.2300389223294594,EXPERIMENT_ONLY
2024-08-15,20:00,test,2024,2024,15,14.502115720883353,0.4978842791166471,15,15,true,2024,2024-08,macro_non_southerly,13.886933333333332,1.1130666666666684,14,false,0.6151823875500213,-0.6151823875500213,-1,false,true,true,false,-1.1130666666666684,-0.4978842791166471,EXPERIMENT_ONLY
2024-08-15,21:00,test,2024,2024,15,14.557762799148557,0.4422372008514426,15,15,true,2024,2024-08,macro_non_southerly,13.886933333333332,1.1130666666666684,14,false,0.6708294658152258,-0.6708294658152258,-1,false,true,true,false,-1.1130666666666684,-0.4422372008514426,EXPERIMENT_ONLY
2024-08-15,22:00,test,2024,2024,15,14.384248239334088,0.615751760665912,15,14,false,2024,2024-08,macro_non_southerly,13.886933333333332,1.1130666666666684,14,false,0.49731490600075645,-0.49731490600075645,0,false,true,false,false,-1.1130666666666684,-0.615751760665912,EXPERIMENT_ONLY
2024-08-15,23:00,test,2024,2024,15,14.538900571021534,0.461099428978466,15,15,true,2024,2024-08,macro_non_southerly,13.886933333333332,1.1130666666666684,14,false,0.6519672376882024,-0.6519672376882024,-1,false,true,true,false,-1.1130666666666684,-0.461099428978466,EXPERIMENT_ONLY
2024-08-16,20:00,test,2024,2024,16,16.331153904683976,0.3311539046839762,16,16,true,2024,2024-08,macro_non_southerly,15.064799999999998,0.9352000000000018,15,false,0.6040460953160256,-1.266353904683978,-1,false,true,true,false,-0.9352000000000018,0.3311539046839762,EXPERIMENT_ONLY
2024-08-16,21:00,test,2024,2024,16,16.498018215337588,0.49801821533758783,16,16,true,2024,2024-08,macro_non_southerly,15.064799999999998,0.9352000000000018,15,false,0.437181784662414,-1.4332182153375896,-1,false,true,true,false,-0.9352000000000018,0.49801821533758783,EXPERIMENT_ONLY
2024-08-16,22:00,test,2024,2024,16,16.32894658774516,0.32894658774516117,16,16,true,2024,2024-08,macro_non_southerly,15.064799999999998,0.9352000000000018,15,false,0.6062534122548406,-1.264146587745163,-1,false,true,true,false,-0.9352000000000018,0.32894658774516117,EXPERIMENT_ONLY
2024-08-16,23:00,test,2024,2024,16,16.435783495195967,0.4357834951959667,16,16,true,2024,2024-08,macro_non_southerly,15.064799999999998,0.9352000000000018,15,false,0.4994165048040351,-1.3709834951959685,-1,false,true,true,false,-0.9352000000000018,0.4357834951959667,EXPERIMENT_ONLY
2024-08-17,20:00,test,2024,2024,15,16.208518374627026,1.208518374627026,15,16,false,2024,2024-08,macro_non_southerly,14.7928,0.20720000000000027,15,true,-1.0013183746270258,-1.4157183746270263,1,true,false,false,true,-0.20720000000000027,1.208518374627026,EXPERIMENT_ONLY
2024-08-17,21:00,test,2024,2024,15,16.301651394373014,1.301651394373014,15,16,false,2024,2024-08,macro_non_southerly,14.7928,0.20720000000000027,15,true,-1.0944513943730136,-1.5088513943730142,1,true,false,false,true,-0.20720000000000027,1.301651394373014,EXPERIMENT_ONLY
2024-08-17,22:00,test,2024,2024,15,16.121651568593393,1.1216515685933928,15,16,false,2024,2024-08,macro_non_southerly,14.7928,0.20720000000000027,15,true,-0.9144515685933925,-1.328851568593393,1,true,false,false,true,-0.20720000000000027,1.1216515685933928,EXPERIMENT_ONLY
2024-08-17,23:00,test,2024,2024,15,16.30035594064038,1.3003559406403795,15,16,false,2024,2024-08,macro_non_southerly,14.7928,0.20720000000000027,15,true,-1.0931559406403792,-1.5075559406403798,1,true,false,false,true,-0.20720000000000027,1.3003559406403795,EXPERIMENT_ONLY
2024-08-18,20:00,test,2024,2024,15,14.504577090603588,0.495422909396412,15,15,true,2024,2024-08,macro_non_southerly,14.879466666666666,0.12053333333333427,15,true,-0.3748895760630777,0.3748895760630777,0,true,false,false,false,-0.12053333333333427,-0.495422909396412,EXPERIMENT_ONLY
2024-08-18,21:00,test,2024,2024,15,14.423277976435909,0.5767220235640913,15,14,false,2024,2024-08,macro_non_southerly,14.879466666666666,0.12053333333333427,15,true,-0.45618869023075703,0.45618869023075703,1,true,false,false,true,-0.12053333333333427,-0.5767220235640913,EXPERIMENT_ONLY
2024-08-18,22:00,test,2024,2024,15,14.025684280788894,0.9743157192111056,15,14,false,2024,2024-08,macro_non_southerly,14.879466666666666,0.12053333333333427,15,true,-0.8537823858777713,0.8537823858777713,1,true,false,false,true,-0.12053333333333427,-0.9743157192111056,EXPERIMENT_ONLY
2024-08-18,23:00,test,2024,2024,15,14.375173030610545,0.6248269693894546,15,14,false,2024,2024-08,macro_non_southerly,14.879466666666666,0.12053333333333427,15,true,-0.5042936360561203,0.5042936360561203,1,true,false,false,true,-0.12053333333333427,-0.6248269693894546,EXPERIMENT_ONLY
2024-08-19,20:00,test,2024,2024,13,9.637648912437554,3.3623510875624465,13,10,false,2024,2024-08,macro_southerly_flow,11.4728,1.5272000000000006,11,false,-1.835151087562446,1.835151087562446,0,true,false,false,false,-1.5272000000000006,-3.3623510875624465,EXPERIMENT_ONLY
2024-08-19,21:00,test,2024,2024,13,10.719340222215282,2.2806597777847184,13,11,false,2024,2024-08,macro_non_southerly,11.4728,1.5272000000000006,11,false,-0.7534597777847178,0.7534597777847178,0,true,false,false,false,-1.5272000000000006,-2.2806597777847184,EXPERIMENT_ONLY
2024-08-19,22:00,test,2024,2024,13,10.098131581565719,2.9018684184342813,13,10,false,2024,2024-08,macro_non_southerly,11.4728,1.5272000000000006,11,false,-1.3746684184342808,1.3746684184342808,0,true,false,false,false,-1.5272000000000006,-2.9018684184342813,EXPERIMENT_ONLY
2024-08-19,23:00,test,2024,2024,13,10.03280763558765,2.96719236441235,13,10,false,2024,2024-08,macro_non_southerly,11.4728,1.5272000000000006,11,false,-1.4399923644123493,1.4399923644123493,0,true,false,false,false,-1.5272000000000006,-2.96719236441235,EXPERIMENT_ONLY
2024-08-20,20:00,test,2024,2024,11,10.162262126303993,0.8377378736960068,11,10,false,2024,2024-08,macro_non_southerly,10.4664,0.5335999999999999,10,false,-0.304137873696007,0.304137873696007,0,true,false,false,false,-0.5335999999999999,-0.8377378736960068,EXPERIMENT_ONLY
2024-08-20,21:00,test,2024,2024,11,10.225542261207613,0.7744577387923872,11,10,false,2024,2024-08,macro_non_southerly,10.4664,0.5335999999999999,10,false,-0.24085773879238737,0.24085773879238737,0,true,false,false,false,-0.5335999999999999,-0.7744577387923872,EXPERIMENT_ONLY
2024-08-20,22:00,test,2024,2024,11,10.04989854316964,0.9501014568303603,11,10,false,2024,2024-08,macro_non_southerly,10.4664,0.5335999999999999,10,false,-0.41650145683036044,0.41650145683036044,0,true,false,false,false,-0.5335999999999999,-0.9501014568303603,EXPERIMENT_ONLY
2024-08-20,23:00,test,2024,2024,11,10.465138782194828,0.5348612178051724,11,10,false,2024,2024-08,macro_non_southerly,10.4664,0.5335999999999999,10,false,-0.001261217805172521,0.001261217805172521,0,true,false,false,false,-0.5335999999999999,-0.5348612178051724,EXPERIMENT_ONLY
2024-08-21,20:00,test,2024,2024,13,12.609961850938497,0.39003814906150325,13,13,true,2024,2024-08,macro_non_southerly,13.123199999999999,0.12319999999999887,13,true,-0.2668381490615044,0.5132381490615021,0,true,false,false,false,0.12319999999999887,-0.39003814906150325,EXPERIMENT_ONLY
2024-08-21,21:00,test,2024,2024,13,13.143081694435176,0.1430816944351765,13,13,true,2024,2024-08,macro_non_southerly,13.123199999999999,0.12319999999999887,13,true,-0.01988169443517762,-0.01988169443517762,0,true,false,false,false,0.12319999999999887,0.1430816944351765,EXPERIMENT_ONLY
2024-08-21,22:00,test,2024,2024,13,13.499484619289115,0.4994846192891149,13,13,true,2024,2024-08,macro_non_southerly,13.123199999999999,0.12319999999999887,13,true,-0.37628461928911605,-0.37628461928911605,0,true,false,false,false,0.12319999999999887,0.4994846192891149,EXPERIMENT_ONLY
2024-08-21,23:00,test,2024,2024,13,13.628357317051254,0.628357317051254,13,14,false,2024,2024-08,macro_non_southerly,13.123199999999999,0.12319999999999887,13,true,-0.5051573170512551,-0.5051573170512551,1,true,false,false,true,0.12319999999999887,0.628357317051254,EXPERIMENT_ONLY
2024-08-22,20:00,test,2024,2024,14,14.445123415942273,0.4451234159422732,14,14,true,2024,2024-08,macro_non_southerly,14.003466666666666,0.003466666666666285,14,true,-0.44165674927560694,-0.44165674927560694,0,true,false,false,false,0.003466666666666285,0.4451234159422732,EXPERIMENT_ONLY
2024-08-22,21:00,test,2024,2024,14,14.595416763900593,0.5954167639005927,14,15,false,2024,2024-08,macro_non_southerly,14.003466666666666,0.003466666666666285,14,true,-0.5919500972339264,-0.5919500972339264,1,true,false,false,true,0.003466666666666285,0.5954167639005927,EXPERIMENT_ONLY
2024-08-22,22:00,test,2024,2024,14,14.431140097899686,0.43114009789968577,14,14,true,2024,2024-08,macro_non_southerly,14.003466666666666,0.003466666666666285,14,true,-0.4276734312330195,-0.4276734312330195,0,true,false,false,false,0.003466666666666285,0.43114009789968577,EXPERIMENT_ONLY
2024-08-22,23:00,test,2024,2024,14,14.558029275550004,0.5580292755500036,14,15,false,2024,2024-08,macro_non_southerly,14.003466666666666,0.003466666666666285,14,true,-0.5545626088833373,-0.5545626088833373,1,true,false,false,true,0.003466666666666285,0.5580292755500036,EXPERIMENT_ONLY
2024-08-23,20:00,test,2024,2024,14,15.761799777778014,1.7617997777780143,14,16,false,2024,2024-08,macro_non_southerly,14.536000000000001,0.5360000000000014,15,false,-1.225799777778013,-1.225799777778013,0,true,false,false,false,0.5360000000000014,1.7617997777780143,EXPERIMENT_ONLY
2024-08-23,21:00,test,2024,2024,14,15.824974108573116,1.824974108573116,14,16,false,2024,2024-08,macro_non_southerly,14.536000000000001,0.5360000000000014,15,false,-1.2889741085731146,-1.2889741085731146,0,true,false,false,false,0.5360000000000014,1.824974108573116,EXPERIMENT_ONLY
2024-08-23,22:00,test,2024,2024,14,15.50483632971024,1.5048363297102405,14,16,false,2024,2024-08,macro_non_southerly,14.536000000000001,0.5360000000000014,15,false,-0.9688363297102391,-0.9688363297102391,0,true,false,false,false,0.5360000000000014,1.5048363297102405,EXPERIMENT_ONLY
2024-08-23,23:00,test,2024,2024,14,15.68401231534811,1.6840123153481095,14,16,false,2024,2024-08,macro_non_southerly,14.536000000000001,0.5360000000000014,15,false,-1.148012315348108,-1.148012315348108,0,true,false,false,false,0.5360000000000014,1.6840123153481095,EXPERIMENT_ONLY
2024-08-24,20:00,test,2024,2024,16,15.269460319728168,0.730539680271832,16,15,false,2024,2024-08,macro_non_southerly,15.308533333333335,0.6914666666666651,15,false,-0.039073013605166906,0.039073013605166906,0,true,false,false,false,-0.6914666666666651,-0.730539680271832,EXPERIMENT_ONLY
2024-08-24,21:00,test,2024,2024,16,15.333016189612149,0.6669838103878512,16,15,false,2024,2024-08,macro_non_southerly,15.308533333333335,0.6914666666666651,15,false,0.02448285627881397,-0.02448285627881397,0,false,true,false,false,-0.6914666666666651,-0.6669838103878512,EXPERIMENT_ONLY
2024-08-24,22:00,test,2024,2024,16,15.31082749186374,0.6891725081362594,16,15,false,2024,2024-08,macro_non_southerly,15.308533333333335,0.6914666666666651,15,false,0.00229415853040571,-0.00229415853040571,0,false,true,false,false,-0.6914666666666651,-0.6891725081362594,EXPERIMENT_ONLY
2024-08-24,23:00,test,2024,2024,16,15.516348211251216,0.4836517887487837,16,16,true,2024,2024-08,macro_non_southerly,15.308533333333335,0.6914666666666651,15,false,0.20781487791788145,-0.20781487791788145,-1,false,true,true,false,-0.6914666666666651,-0.4836517887487837,EXPERIMENT_ONLY
2024-08-25,20:00,test,2024,2024,15,16.174643105513763,1.1746431055137627,15,16,false,2024,2024-08,macro_non_southerly,14.770133333333334,0.22986666666666622,15,true,-0.9447764388470965,-1.404509772180429,1,true,false,false,true,-0.22986666666666622,1.1746431055137627,EXPERIMENT_ONLY
2024-08-25,21:00,test,2024,2024,15,16.263751937675657,1.2637519376756572,15,16,false,2024,2024-08,macro_non_southerly,14.770133333333334,0.22986666666666622,15,true,-1.033885271008991,-1.4936186043423234,1,true,false,false,true,-0.22986666666666622,1.2637519376756572,EXPERIMENT_ONLY
2024-08-25,22:00,test,2024,2024,15,16.121811010913824,1.1218110109138237,15,16,false,2024,2024-08,macro_non_southerly,14.770133333333334,0.22986666666666622,15,true,-0.8919443442471575,-1.35167767758049,1,true,false,false,true,-0.22986666666666622,1.1218110109138237,EXPERIMENT_ONLY
2024-08-25,23:00,test,2024,2024,15,16.395514481426435,1.395514481426435,15,16,false,2024,2024-08,macro_non_southerly,14.770133333333334,0.22986666666666622,15,true,-1.1656478147597689,-1.6253811480931013,1,true,false,false,true,-0.22986666666666622,1.395514481426435,EXPERIMENT_ONLY
2024-08-26,20:00,test,2024,2024,15,15.599240249205003,0.5992402492050033,15,16,false,2024,2024-08,macro_non_southerly,14.136533333333334,0.8634666666666657,14,false,0.2642264174616624,-1.462706915871669,0,false,true,false,false,-0.8634666666666657,0.5992402492050033,EXPERIMENT_ONLY
2024-08-26,21:00,test,2024,2024,15,15.44997440091903,0.4499744009190305,15,15,true,2024,2024-08,macro_non_southerly,14.136533333333334,0.8634666666666657,14,false,0.4134922657476352,-1.3134410675856962,-1,false,true,true,false,-0.8634666666666657,0.4499744009190305,EXPERIMENT_ONLY
2024-08-26,22:00,test,2024,2024,15,14.548830245634372,0.4511697543656279,15,15,true,2024,2024-08,macro_non_southerly,14.136533333333334,0.8634666666666657,14,false,0.4122969123010378,-0.4122969123010378,-1,false,true,true,false,-0.8634666666666657,-0.4511697543656279,EXPERIMENT_ONLY
2024-08-26,23:00,test,2024,2024,15,14.290223540685632,0.7097764593143676,15,14,false,2024,2024-08,macro_non_southerly,14.136533333333334,0.8634666666666657,14,false,0.1536902073522981,-0.1536902073522981,0,false,true,false,false,-0.8634666666666657,-0.7097764593143676,EXPERIMENT_ONLY
2024-08-27,20:00,test,2024,2024,15,16.08875810548747,1.0887581054874715,15,16,false,2024,2024-08,macro_non_southerly,15.0816,0.0815999999999999,15,true,-1.0071581054874716,-1.0071581054874716,1,true,false,false,true,0.0815999999999999,1.0887581054874715,EXPERIMENT_ONLY
2024-08-27,21:00,test,2024,2024,15,16.104123413763492,1.1041234137634923,15,16,false,2024,2024-08,macro_non_southerly,15.0816,0.0815999999999999,15,true,-1.0225234137634924,-1.0225234137634924,1,true,false,false,true,0.0815999999999999,1.1041234137634923,EXPERIMENT_ONLY
2024-08-27,22:00,test,2024,2024,15,15.463812144233248,0.46381214423324835,15,15,true,2024,2024-08,macro_non_southerly,15.0816,0.0815999999999999,15,true,-0.38221214423324845,-0.38221214423324845,0,true,false,false,false,0.0815999999999999,0.46381214423324835,EXPERIMENT_ONLY
2024-08-27,23:00,test,2024,2024,15,15.52929865018891,0.5292986501889096,15,16,false,2024,2024-08,macro_non_southerly,15.0816,0.0815999999999999,15,true,-0.44769865018890975,-0.44769865018890975,1,true,false,false,true,0.0815999999999999,0.5292986501889096,EXPERIMENT_ONLY
2024-08-28,20:00,test,2024,2024,16,15.472485563301081,0.5275144366989188,16,15,false,2024,2024-08,macro_non_southerly,15.249066666666666,0.7509333333333341,15,false,0.22341889663441528,-0.22341889663441528,0,false,true,false,false,-0.7509333333333341,-0.5275144366989188,EXPERIMENT_ONLY
2024-08-28,21:00,test,2024,2024,16,15.685310594826836,0.3146894051731639,16,16,true,2024,2024-08,macro_non_southerly,15.249066666666666,0.7509333333333341,15,false,0.4362439281601702,-0.4362439281601702,-1,false,true,true,false,-0.7509333333333341,-0.3146894051731639,EXPERIMENT_ONLY
2024-08-28,22:00,test,2024,2024,16,15.314542031477169,0.6854579685228313,16,15,false,2024,2024-08,macro_non_southerly,15.249066666666666,0.7509333333333341,15,false,0.06547536481050287,-0.06547536481050287,0,false,true,false,false,-0.7509333333333341,-0.6854579685228313,EXPERIMENT_ONLY
2024-08-28,23:00,test,2024,2024,16,15.922980521019717,0.07701947898028294,16,16,true,2024,2024-08,macro_non_southerly,15.249066666666666,0.7509333333333341,15,false,0.6739138543530512,-0.6739138543530512,-1,false,true,true,false,-0.7509333333333341,-0.07701947898028294,EXPERIMENT_ONLY
2024-08-29,20:00,test,2024,2024,16,16.167039055943473,0.1670390559434729,16,16,true,2024,2024-08,macro_non_southerly,15.65173333333333,0.34826666666666917,16,true,0.18122761072319626,-0.5153057226101421,0,false,true,false,false,-0.34826666666666917,0.1670390559434729,EXPERIMENT_ONLY
2024-08-29,21:00,test,2024,2024,16,16.235606146073486,0.2356061460734864,16,16,true,2024,2024-08,macro_non_southerly,15.65173333333333,0.34826666666666917,16,true,0.11266052059318277,-0.5838728127401556,0,false,true,false,false,-0.34826666666666917,0.2356061460734864,EXPERIMENT_ONLY
2024-08-29,22:00,test,2024,2024,16,16.020158364318814,0.020158364318813682,16,16,true,2024,2024-08,macro_non_southerly,15.65173333333333,0.34826666666666917,16,true,0.3281083023478555,-0.36842503098548285,0,false,true,false,false,-0.34826666666666917,0.020158364318813682,EXPERIMENT_ONLY
2024-08-29,23:00,test,2024,2024,16,16.028017082930756,0.028017082930755777,16,16,true,2024,2024-08,macro_non_southerly,15.65173333333333,0.34826666666666917,16,true,0.3202495837359134,-0.37628374959742494,0,false,true,false,false,-0.34826666666666917,0.028017082930755777,EXPERIMENT_ONLY
2024-08-30,20:00,test,2024,2024,16,16.137539029737955,0.13753902973795462,16,16,true,2024,2024-08,macro_non_southerly,14.241333333333333,1.7586666666666666,14,false,1.621127636928712,-1.8962056964046212,-1,false,true,true,false,-1.7586666666666666,0.13753902973795462,EXPERIMENT_ONLY
2024-08-30,21:00,test,2024,2024,16,16.400322787347385,0.4003227873473847,16,16,true,2024,2024-08,macro_non_southerly,14.241333333333333,1.7586666666666666,14,false,1.358343879319282,-2.1589894540140513,-1,false,true,true,false,-1.7586666666666666,0.4003227873473847,EXPERIMENT_ONLY
2024-08-30,22:00,test,2024,2024,16,15.611764994613315,0.38823500538668476,16,16,true,2024,2024-08,macro_non_southerly,14.241333333333333,1.7586666666666666,14,false,1.3704316612799818,-1.3704316612799818,-1,false,true,true,false,-1.7586666666666666,-0.38823500538668476,EXPERIMENT_ONLY
2024-08-30,23:00,test,2024,2024,16,15.812191818232877,0.18780818176712266,16,16,true,2024,2024-08,macro_non_southerly,14.241333333333333,1.7586666666666666,14,false,1.570858484899544,-1.570858484899544,-1,false,true,true,false,-1.7586666666666666,-0.18780818176712266,EXPERIMENT_ONLY
2024-08-31,20:00,test,2024,2024,17,16.452637757559728,0.547362242440272,17,16,false,2024,2024-08,macro_non_southerly,16.123199999999997,0.8768000000000029,16,false,0.3294377575597309,-0.3294377575597309,0,false,true,false,false,-0.8768000000000029,-0.547362242440272,EXPERIMENT_ONLY
2024-08-31,21:00,test,2024,2024,17,16.449265844488455,0.5507341555115453,17,16,false,2024,2024-08,macro_non_southerly,16.123199999999997,0.8768000000000029,16,false,0.32606584448845766,-0.32606584448845766,0,false,true,false,false,-0.8768000000000029,-0.5507341555115453,EXPERIMENT_ONLY
2024-08-31,22:00,test,2024,2024,17,16.17578619811674,0.8242138018832605,17,16,false,2024,2024-08,macro_non_southerly,16.123199999999997,0.8768000000000029,16,false,0.052586198116742366,-0.052586198116742366,0,false,true,false,false,-0.8768000000000029,-0.8242138018832605,EXPERIMENT_ONLY
2024-08-31,23:00,test,2024,2024,17,16.351895538407888,0.6481044615921121,17,16,false,2024,2024-08,macro_non_southerly,16.123199999999997,0.8768000000000029,16,false,0.2286955384078908,-0.2286955384078908,0,false,true,false,false,-0.8768000000000029,-0.6481044615921121,EXPERIMENT_ONLY
2024-09-01,20:00,test,2024,2024,17,16.411142872423206,0.5888571275767944,17,16,false,2024,2024-09,macro_non_southerly,15.8496,1.1503999999999994,16,false,0.561542872423205,-0.561542872423205,0,false,true,false,false,-1.1503999999999994,-0.5888571275767944,EXPERIMENT_ONLY
2024-09-01,21:00,test,2024,2024,17,16.425139436965875,0.5748605630341252,17,16,false,2024,2024-09,macro_non_southerly,15.8496,1.1503999999999994,16,false,0.5755394369658742,-0.5755394369658742,0,false,true,false,false,-1.1503999999999994,-0.5748605630341252,EXPERIMENT_ONLY
2024-09-01,22:00,test,2024,2024,17,16.213322469855058,0.7866775301449422,17,16,false,2024,2024-09,macro_non_southerly,15.8496,1.1503999999999994,16,false,0.3637224698550572,-0.3637224698550572,0,false,true,false,false,-1.1503999999999994,-0.7866775301449422,EXPERIMENT_ONLY
2024-09-01,23:00,test,2024,2024,17,16.363246397131793,0.6367536028682075,17,16,false,2024,2024-09,macro_non_southerly,15.8496,1.1503999999999994,16,false,0.5136463971317919,-0.5136463971317919,0,false,true,false,false,-1.1503999999999994,-0.6367536028682075,EXPERIMENT_ONLY
2024-09-02,20:00,test,2024,2024,16,16.753193043484515,0.7531930434845151,16,17,false,2024,2024-09,macro_non_southerly,15.617333333333335,0.3826666666666654,16,true,-0.3705263768178497,-1.1358597101511805,1,true,false,false,true,-0.3826666666666654,0.7531930434845151,EXPERIMENT_ONLY
2024-09-02,21:00,test,2024,2024,16,16.918959476829805,0.918959476829805,16,17,false,2024,2024-09,macro_non_southerly,15.617333333333335,0.3826666666666654,16,true,-0.5362928101631397,-1.3016261434964704,1,true,false,false,true,-0.3826666666666654,0.918959476829805,EXPERIMENT_ONLY
2024-09-02,22:00,test,2024,2024,16,16.597372492132358,0.597372492132358,16,17,false,2024,2024-09,macro_non_southerly,15.617333333333335,0.3826666666666654,16,true,-0.2147058254656926,-0.9800391587990234,1,true,false,false,true,-0.3826666666666654,0.597372492132358,EXPERIMENT_ONLY
2024-09-02,23:00,test,2024,2024,16,16.74252463418513,0.7425246341851306,16,17,false,2024,2024-09,macro_non_southerly,15.617333333333335,0.3826666666666654,16,true,-0.3598579675184652,-1.125191300851796,1,true,false,false,true,-0.3826666666666654,0.7425246341851306,EXPERIMENT_ONLY
2024-09-03,20:00,test,2024,2024,15,15.610170262214622,0.6101702622146217,15,16,false,2024,2024-09,macro_non_southerly,15.093333333333332,0.09333333333333194,15,true,-0.5168369288812897,-0.5168369288812897,1,true,false,false,true,0.09333333333333194,0.6101702622146217,EXPERIMENT_ONLY
2024-09-03,21:00,test,2024,2024,15,15.428676847189902,0.4286768471899016,15,15,true,2024,2024-09,macro_non_southerly,15.093333333333332,0.09333333333333194,15,true,-0.3353435138565697,-0.3353435138565697,0,true,false,false,false,0.09333333333333194,0.4286768471899016,EXPERIMENT_ONLY
2024-09-03,22:00,test,2024,2024,15,14.638647360533888,0.3613526394661122,15,15,true,2024,2024-09,macro_non_southerly,15.093333333333332,0.09333333333333194,15,true,-0.26801930613278024,0.4546859727994441,0,true,false,false,false,0.09333333333333194,-0.3613526394661122,EXPERIMENT_ONLY
2024-09-03,23:00,test,2024,2024,15,14.757188347122845,0.24281165287715467,15,15,true,2024,2024-09,macro_non_southerly,15.093333333333332,0.09333333333333194,15,true,-0.14947831954382274,0.3361449862104866,0,true,false,false,false,0.09333333333333194,-0.24281165287715467,EXPERIMENT_ONLY
2024-09-04,20:00,test,2024,2024,12,11.590602250706565,0.40939774929343464,12,12,true,2024,2024-09,macro_southerly_flow,12.101066666666668,0.10106666666666797,12,true,-0.3083310826267667,0.5104644159601026,0,true,false,false,false,0.10106666666666797,-0.40939774929343464,EXPERIMENT_ONLY
2024-09-04,21:00,test,2024,2024,12,11.678102982196574,0.32189701780342617,12,12,true,2024,2024-09,macro_southerly_flow,12.101066666666668,0.10106666666666797,12,true,-0.2208303511367582,0.42296368447009414,0,true,false,false,false,0.10106666666666797,-0.32189701780342617,EXPERIMENT_ONLY
2024-09-04,22:00,test,2024,2024,12,11.3020783586189,0.6979216413811002,12,11,false,2024,2024-09,macro_southerly_flow,12.101066666666668,0.10106666666666797,12,true,-0.5968549747144323,0.7989883080477682,1,true,false,false,true,0.10106666666666797,-0.6979216413811002,EXPERIMENT_ONLY
2024-09-04,23:00,test,2024,2024,12,11.575937532361872,0.4240624676381284,12,12,true,2024,2024-09,macro_southerly_flow,12.101066666666668,0.10106666666666797,12,true,-0.3229958009714604,0.5251291343047964,0,true,false,false,false,0.10106666666666797,-0.4240624676381284,EXPERIMENT_ONLY
2024-09-05,20:00,test,2024,2024,14,13.591590175453188,0.40840982454681196,14,14,true,2024,2024-09,macro_non_southerly,13.945333333333332,0.05466666666666775,14,true,-0.3537431578801442,0.3537431578801442,0,true,false,false,false,-0.05466666666666775,-0.40840982454681196,EXPERIMENT_ONLY
2024-09-05,21:00,test,2024,2024,14,13.78094577257852,0.21905422742148062,14,14,true,2024,2024-09,macro_non_southerly,13.945333333333332,0.05466666666666775,14,true,-0.16438756075481287,0.16438756075481287,0,true,false,false,false,-0.05466666666666775,-0.21905422742148062,EXPERIMENT_ONLY
2024-09-05,22:00,test,2024,2024,14,14.23938010347267,0.23938010347266925,14,14,true,2024,2024-09,macro_non_southerly,13.945333333333332,0.05466666666666775,14,true,-0.1847134368060015,-0.294046770139337,0,true,false,false,false,-0.05466666666666775,0.23938010347266925,EXPERIMENT_ONLY
2024-09-05,23:00,test,2024,2024,14,14.178876392685401,0.17887639268540134,14,14,true,2024,2024-09,macro_non_southerly,13.945333333333332,0.05466666666666775,14,true,-0.12420972601873359,-0.2335430593520691,0,true,false,false,false,-0.05466666666666775,0.17887639268540134,EXPERIMENT_ONLY
2024-09-06,20:00,test,2024,2024,16,14.046439938541578,1.9535600614584219,16,14,false,2024,2024-09,macro_non_southerly,15.238399999999999,0.7616000000000014,15,false,-1.1919600614584205,1.1919600614584205,0,true,false,false,false,-0.7616000000000014,-1.9535600614584219,EXPERIMENT_ONLY
2024-09-06,21:00,test,2024,2024,16,14.36979955833725,1.6302004416627494,16,14,false,2024,2024-09,macro_non_southerly,15.238399999999999,0.7616000000000014,15,false,-0.868600441662748,0.868600441662748,0,true,false,false,false,-0.7616000000000014,-1.6302004416627494,EXPERIMENT_ONLY
2024-09-06,22:00,test,2024,2024,16,14.697898866007696,1.3021011339923039,16,15,false,2024,2024-09,macro_non_southerly,15.238399999999999,0.7616000000000014,15,false,-0.5405011339923025,0.5405011339923025,0,true,false,false,false,-0.7616000000000014,-1.3021011339923039,EXPERIMENT_ONLY
2024-09-06,23:00,test,2024,2024,16,14.968193754494346,1.0318062455056545,16,15,false,2024,2024-09,macro_non_southerly,15.238399999999999,0.7616000000000014,15,false,-0.2702062455056531,0.2702062455056531,0,true,false,false,false,-0.7616000000000014,-1.0318062455056545,EXPERIMENT_ONLY
2024-09-07,20:00,test,2024,2024,16,16.308034104510984,0.308034104510984,16,16,true,2024,2024-09,macro_non_southerly,16.013866666666665,0.01386666666666514,16,true,-0.29416743784431887,-0.29416743784431887,0,true,false,false,false,0.01386666666666514,0.308034104510984,EXPERIMENT_ONLY
2024-09-07,21:00,test,2024,2024,16,16.53173905821705,0.5317390582170489,16,17,false,2024,2024-09,macro_non_southerly,16.013866666666665,0.01386666666666514,16,true,-0.5178723915503838,-0.5178723915503838,1,true,false,false,true,0.01386666666666514,0.5317390582170489,EXPERIMENT_ONLY
2024-09-07,22:00,test,2024,2024,16,16.470212999785566,0.4702129997855664,16,16,true,2024,2024-09,macro_non_southerly,16.013866666666665,0.01386666666666514,16,true,-0.45634633311890127,-0.45634633311890127,0,true,false,false,false,0.01386666666666514,0.4702129997855664,EXPERIMENT_ONLY
2024-09-07,23:00,test,2024,2024,16,16.573045002251703,0.5730450022517033,16,17,false,2024,2024-09,macro_non_southerly,16.013866666666665,0.01386666666666514,16,true,-0.5591783355850382,-0.5591783355850382,1,true,false,false,true,0.01386666666666514,0.5730450022517033,EXPERIMENT_ONLY
2024-09-08,20:00,test,2024,2024,17,14.298291538378864,2.701708461621136,17,14,false,2024,2024-09,macro_non_southerly,15.281066666666666,1.718933333333334,15,false,-0.9827751282878019,0.9827751282878019,0,true,false,false,false,-1.718933333333334,-2.701708461621136,EXPERIMENT_ONLY
2024-09-08,21:00,test,2024,2024,17,14.88746956285987,2.11253043714013,17,15,false,2024,2024-09,macro_non_southerly,15.281066666666666,1.718933333333334,15,false,-0.3935971038067958,0.3935971038067958,0,true,false,false,false,-1.718933333333334,-2.11253043714013,EXPERIMENT_ONLY
2024-09-08,22:00,test,2024,2024,17,15.246234456110933,1.7537655438890667,17,15,false,2024,2024-09,macro_non_southerly,15.281066666666666,1.718933333333334,15,false,-0.0348322105557326,0.0348322105557326,0,true,false,false,false,-1.718933333333334,-1.7537655438890667,EXPERIMENT_ONLY
2024-09-08,23:00,test,2024,2024,17,15.486310768672878,1.5136892313271222,17,15,false,2024,2024-09,macro_non_southerly,15.281066666666666,1.718933333333334,15,false,0.2052441020062119,-0.2052441020062119,0,false,true,false,false,-1.718933333333334,-1.5136892313271222,EXPERIMENT_ONLY
2024-09-09,20:00,test,2024,2024,16,15.98877851068729,0.011221489312710275,16,16,true,2024,2024-09,macro_non_southerly,15.4408,0.5592000000000006,15,false,0.5479785106872903,-0.5479785106872903,-1,false,true,true,false,-0.5592000000000006,-0.011221489312710275,EXPERIMENT_ONLY
2024-09-09,21:00,test,2024,2024,16,16.261992156276275,0.2619921562762748,16,16,true,2024,2024-09,macro_non_southerly,15.4408,0.5592000000000006,15,false,0.2972078437237258,-0.8211921562762754,-1,false,true,true,false,-0.5592000000000006,0.2619921562762748,EXPERIMENT_ONLY
2024-09-09,22:00,test,2024,2024,16,16.47441786340783,0.47441786340782954,16,16,true,2024,2024-09,macro_non_southerly,15.4408,0.5592000000000006,15,false,0.08478213659217104,-1.0336178634078301,-1,false,true,true,false,-0.5592000000000006,0.47441786340782954,EXPERIMENT_ONLY
2024-09-09,23:00,test,2024,2024,16,16.650559945458223,0.6505599454582232,16,17,false,2024,2024-09,macro_non_southerly,15.4408,0.5592000000000006,15,false,-0.09135994545822257,-1.2097599454582237,0,true,false,false,false,-0.5592000000000006,0.6505599454582232,EXPERIMENT_ONLY
2024-09-10,20:00,test,2024,2024,16,16.08527609446472,0.08527609446472084,16,16,true,2024,2024-09,macro_non_southerly,15.964266666666665,0.03573333333333473,16,true,-0.049542761131386115,-0.12100942779805557,0,true,false,false,false,-0.03573333333333473,0.08527609446472084,EXPERIMENT_ONLY
2024-09-10,21:00,test,2024,2024,16,16.36221761349989,0.36221761349989023,16,16,true,2024,2024-09,macro_non_southerly,15.964266666666665,0.03573333333333473,16,true,-0.3264842801665555,-0.39795094683322496,0,true,false,false,false,-0.03573333333333473,0.36221761349989023,EXPERIMENT_ONLY
2024-09-10,22:00,test,2024,2024,16,16.259831682144796,0.2598316821447959,16,16,true,2024,2024-09,macro_non_southerly,15.964266666666665,0.03573333333333473,16,true,-0.22409834881146118,-0.29556501547813063,0,true,false,false,false,-0.03573333333333473,0.2598316821447959,EXPERIMENT_ONLY
2024-09-10,23:00,test,2024,2024,16,16.275187539384586,0.27518753938458573,16,16,true,2024,2024-09,macro_non_southerly,15.964266666666665,0.03573333333333473,16,true,-0.239454206051251,-0.31092087271792046,0,true,false,false,false,-0.03573333333333473,0.27518753938458573,EXPERIMENT_ONLY
2024-09-11,20:00,test,2024,2024,13,13.881458673910652,0.881458673910652,13,14,false,2024,2024-09,macro_southerly_flow,13.609866666666669,0.6098666666666688,14,false,-0.27159200724398325,-0.27159200724398325,0,true,false,false,false,0.6098666666666688,0.881458673910652,EXPERIMENT_ONLY
2024-09-11,21:00,test,2024,2024,13,14.199788557768937,1.1997885577689367,13,14,false,2024,2024-09,macro_southerly_flow,13.609866666666669,0.6098666666666688,14,false,-0.5899218911022679,-0.5899218911022679,0,true,false,false,false,0.6098666666666688,1.1997885577689367,EXPERIMENT_ONLY
2024-09-11,22:00,test,2024,2024,13,14.038766203913264,1.038766203913264,13,14,false,2024,2024-09,macro_southerly_flow,13.609866666666669,0.6098666666666688,14,false,-0.42889953724659513,-0.42889953724659513,0,true,false,false,false,0.6098666666666688,1.038766203913264,EXPERIMENT_ONLY
2024-09-11,23:00,test,2024,2024,13,13.50711664897428,0.5071166489742804,13,14,false,2024,2024-09,macro_non_southerly,13.609866666666669,0.6098666666666688,14,false,0.10275001769238834,0.10275001769238834,0,false,true,false,false,0.6098666666666688,0.5071166489742804,EXPERIMENT_ONLY
2024-09-12,20:00,test,2024,2024,14,14.834189270691004,0.8341892706910041,14,15,false,2024,2024-09,macro_non_southerly,14.664533333333333,0.664533333333333,15,false,-0.16965593735767115,-0.16965593735767115,0,true,false,false,false,0.664533333333333,0.8341892706910041,EXPERIMENT_ONLY
2024-09-12,21:00,test,2024,2024,14,14.999142988813913,0.9991429888139134,14,15,false,2024,2024-09,macro_non_southerly,14.664533333333333,0.664533333333333,15,false,-0.3346096554805804,-0.3346096554805804,0,true,false,false,false,0.664533333333333,0.9991429888139134,EXPERIMENT_ONLY
2024-09-12,22:00,test,2024,2024,14,14.93158654473512,0.9315865447351204,14,15,false,2024,2024-09,macro_non_southerly,14.664533333333333,0.664533333333333,15,false,-0.2670532114017874,-0.2670532114017874,0,true,false,false,false,0.664533333333333,0.9315865447351204,EXPERIMENT_ONLY
2024-09-12,23:00,test,2024,2024,14,15.063534018013252,1.063534018013252,14,15,false,2024,2024-09,macro_non_southerly,14.664533333333333,0.664533333333333,15,false,-0.399000684679919,-0.399000684679919,0,true,false,false,false,0.664533333333333,1.063534018013252,EXPERIMENT_ONLY
2024-09-13,20:00,test,2024,2024,14,15.649303891818018,1.6493038918180183,14,16,false,2024,2024-09,macro_non_southerly,15.036,1.0359999999999996,15,false,-0.6133038918180187,-0.6133038918180187,0,true,false,false,false,1.0359999999999996,1.6493038918180183,EXPERIMENT_ONLY
2024-09-13,21:00,test,2024,2024,14,15.545054597054662,1.545054597054662,14,16,false,2024,2024-09,macro_non_southerly,15.036,1.0359999999999996,15,false,-0.5090545970546625,-0.5090545970546625,0,true,false,false,false,1.0359999999999996,1.545054597054662,EXPERIMENT_ONLY
2024-09-13,22:00,test,2024,2024,14,15.332367004066988,1.3323670040669882,14,15,false,2024,2024-09,macro_non_southerly,15.036,1.0359999999999996,15,false,-0.29636700406698857,-0.29636700406698857,0,true,false,false,false,1.0359999999999996,1.3323670040669882,EXPERIMENT_ONLY
2024-09-13,23:00,test,2024,2024,14,15.52045252038502,1.5204525203850192,14,16,false,2024,2024-09,macro_non_southerly,15.036,1.0359999999999996,15,false,-0.4844525203850196,-0.4844525203850196,0,true,false,false,false,1.0359999999999996,1.5204525203850192,EXPERIMENT_ONLY
2024-09-14,20:00,test,2024,2024,13,14.17582186873602,1.1758218687360191,13,14,false,2024,2024-09,macro_southerly_flow,13.2056,0.20560000000000045,13,true,-0.9702218687360187,-0.9702218687360187,1,true,false,false,true,0.20560000000000045,1.1758218687360191,EXPERIMENT_ONLY
2024-09-14,21:00,test,2024,2024,13,14.243175300706959,1.2431753007069588,13,14,false,2024,2024-09,macro_southerly_flow,13.2056,0.20560000000000045,13,true,-1.0375753007069584,-1.0375753007069584,1,true,false,false,true,0.20560000000000045,1.2431753007069588,EXPERIMENT_ONLY
2024-09-14,22:00,test,2024,2024,13,13.632351132045319,0.6323511320453186,13,14,false,2024,2024-09,macro_southerly_flow,13.2056,0.20560000000000045,13,true,-0.4267511320453181,-0.4267511320453181,1,true,false,false,true,0.20560000000000045,0.6323511320453186,EXPERIMENT_ONLY
2024-09-14,23:00,test,2024,2024,13,13.996115418663132,0.9961154186631322,13,14,false,2024,2024-09,macro_southerly_flow,13.2056,0.20560000000000045,13,true,-0.7905154186631318,-0.7905154186631318,1,true,false,false,true,0.20560000000000045,0.9961154186631322,EXPERIMENT_ONLY
2024-09-15,20:00,test,2024,2024,14,12.860493569812277,1.1395064301877227,14,13,false,2024,2024-09,macro_southerly_flow,14.120533333333332,0.12053333333333249,14,true,-1.0189730968543902,1.2600397635210552,1,true,false,false,true,0.12053333333333249,-1.1395064301877227,EXPERIMENT_ONLY
2024-09-15,21:00,test,2024,2024,14,13.021910997554427,0.9780890024455733,14,13,false,2024,2024-09,macro_southerly_flow,14.120533333333332,0.12053333333333249,14,true,-0.8575556691122408,1.0986223357789058,1,true,false,false,true,0.12053333333333249,-0.9780890024455733,EXPERIMENT_ONLY
2024-09-15,22:00,test,2024,2024,14,12.727613151585354,1.272386848414646,14,13,false,2024,2024-09,macro_southerly_flow,14.120533333333332,0.12053333333333249,14,true,-1.1518535150813136,1.3929201817479786,1,true,false,false,true,0.12053333333333249,-1.272386848414646,EXPERIMENT_ONLY
2024-09-15,23:00,test,2024,2024,14,12.897367890363482,1.1026321096365184,14,13,false,2024,2024-09,macro_southerly_flow,14.120533333333332,0.12053333333333249,14,true,-0.9820987763031859,1.2231654429698509,1,true,false,false,true,0.12053333333333249,-1.1026321096365184,EXPERIMENT_ONLY
2024-09-16,20:00,test,2024,2024,13,14.678299962900184,1.6782999629001836,13,15,false,2024,2024-09,macro_non_southerly,13.1408,0.14080000000000048,13,true,-1.537499962900183,-1.537499962900183,1,true,false,false,true,0.14080000000000048,1.6782999629001836,EXPERIMENT_ONLY
2024-09-16,21:00,test,2024,2024,13,14.458274676292923,1.4582746762929233,13,14,false,2024,2024-09,macro_non_southerly,13.1408,0.14080000000000048,13,true,-1.3174746762929228,-1.3174746762929228,1,true,false,false,true,0.14080000000000048,1.4582746762929233,EXPERIMENT_ONLY
2024-09-16,22:00,test,2024,2024,13,13.526869985183632,0.526869985183632,13,14,false,2024,2024-09,macro_non_southerly,13.1408,0.14080000000000048,13,true,-0.38606998518363156,-0.38606998518363156,1,true,false,false,true,0.14080000000000048,0.526869985183632,EXPERIMENT_ONLY
2024-09-16,23:00,test,2024,2024,13,13.43785201908826,0.4378520190882593,13,13,true,2024,2024-09,macro_non_southerly,13.1408,0.14080000000000048,13,true,-0.29705201908825885,-0.29705201908825885,0,true,false,false,false,0.14080000000000048,0.4378520190882593,EXPERIMENT_ONLY
2024-09-17,20:00,test,2024,2024,10,11.070859384812977,1.0708593848129766,10,11,false,2024,2024-09,macro_non_southerly,9.858133333333333,0.14186666666666703,10,true,-0.9289927181463096,-1.2127260514796436,1,true,false,false,true,-0.14186666666666703,1.0708593848129766,EXPERIMENT_ONLY
2024-09-17,21:00,test,2024,2024,10,10.890101946790203,0.8901019467902032,10,11,false,2024,2024-09,macro_non_southerly,9.858133333333333,0.14186666666666703,10,true,-0.7482352801235361,-1.0319686134568702,1,true,false,false,true,-0.14186666666666703,0.8901019467902032,EXPERIMENT_ONLY
2024-09-17,22:00,test,2024,2024,10,10.580363304660315,0.5803633046603149,10,11,false,2024,2024-09,macro_non_southerly,9.858133333333333,0.14186666666666703,10,true,-0.4384966379936479,-0.722229971326982,1,true,false,false,true,-0.14186666666666703,0.5803633046603149,EXPERIMENT_ONLY
2024-09-17,23:00,test,2024,2024,10,10.58249237822679,0.5824923782267906,10,11,false,2024,2024-09,macro_non_southerly,9.858133333333333,0.14186666666666703,10,true,-0.44062571156012353,-0.7243590448934576,1,true,false,false,true,-0.14186666666666703,0.5824923782267906,EXPERIMENT_ONLY
2024-09-18,20:00,test,2024,2024,13,12.351588907882938,0.6484110921170618,13,12,false,2024,2024-09,macro_non_southerly,13.264533333333333,0.2645333333333326,13,true,-0.3838777587837292,0.9129444254503944,1,true,false,false,true,0.2645333333333326,-0.6484110921170618,EXPERIMENT_ONLY
2024-09-18,21:00,test,2024,2024,13,13.005249931989546,0.005249931989546042,13,13,true,2024,2024-09,macro_non_southerly,13.264533333333333,0.2645333333333326,13,true,0.2592834013437866,0.2592834013437866,0,false,true,false,false,0.2645333333333326,0.005249931989546042,EXPERIMENT_ONLY
2024-09-18,22:00,test,2024,2024,13,13.100567581458277,0.10056758145827693,13,13,true,2024,2024-09,macro_non_southerly,13.264533333333333,0.2645333333333326,13,true,0.1639657518750557,0.1639657518750557,0,false,true,false,false,0.2645333333333326,0.10056758145827693,EXPERIMENT_ONLY
2024-09-18,23:00,test,2024,2024,13,13.187322321732923,0.18732232173292296,13,13,true,2024,2024-09,macro_non_southerly,13.264533333333333,0.2645333333333326,13,true,0.07721101160040966,0.07721101160040966,0,false,true,false,false,0.2645333333333326,0.18732232173292296,EXPERIMENT_ONLY
2024-09-19,20:00,test,2024,2024,16,15.906691693453357,0.09330830654664268,16,16,true,2024,2024-09,macro_non_southerly,14.661333333333335,1.338666666666665,15,false,1.2453583601200222,-1.2453583601200222,-1,false,true,true,false,-1.338666666666665,-0.09330830654664268,EXPERIMENT_ONLY
2024-09-19,21:00,test,2024,2024,16,16.164560405888604,0.16456040588860432,16,16,true,2024,2024-09,macro_non_southerly,14.661333333333335,1.338666666666665,15,false,1.1741062607780606,-1.5032270725552692,-1,false,true,true,false,-1.338666666666665,0.16456040588860432,EXPERIMENT_ONLY
2024-09-19,22:00,test,2024,2024,16,16.236621106083316,0.23662110608331588,16,16,true,2024,2024-09,macro_non_southerly,14.661333333333335,1.338666666666665,15,false,1.102045560583349,-1.5752877727499808,-1,false,true,true,false,-1.338666666666665,0.23662110608331588,EXPERIMENT_ONLY
2024-09-19,23:00,test,2024,2024,16,16.406283690287836,0.40628369028783595,16,16,true,2024,2024-09,macro_non_southerly,14.661333333333335,1.338666666666665,15,false,0.9323829763788289,-1.7449503569545008,-1,false,true,true,false,-1.338666666666665,0.40628369028783595,EXPERIMENT_ONLY
2024-09-20,20:00,test,2024,2024,15,15.839812785675091,0.8398127856750914,15,16,false,2024,2024-09,macro_non_southerly,14.925333333333334,0.07466666666666555,15,true,-0.7651461190084259,-0.914479452341757,1,true,false,false,true,-0.07466666666666555,0.8398127856750914,EXPERIMENT_ONLY
2024-09-20,21:00,test,2024,2024,15,15.966247019376217,0.9662470193762172,15,16,false,2024,2024-09,macro_non_southerly,14.925333333333334,0.07466666666666555,15,true,-0.8915803527095516,-1.0409136860428827,1,true,false,false,true,-0.07466666666666555,0.9662470193762172,EXPERIMENT_ONLY
2024-09-20,22:00,test,2024,2024,15,16.036124672236355,1.0361246722363546,15,16,false,2024,2024-09,macro_non_southerly,14.925333333333334,0.07466666666666555,15,true,-0.9614580055696891,-1.1107913389030202,1,true,false,false,true,-0.07466666666666555,1.0361246722363546,EXPERIMENT_ONLY
2024-09-20,23:00,test,2024,2024,15,16.20559362608786,1.205593626087861,15,16,false,2024,2024-09,macro_non_southerly,14.925333333333334,0.07466666666666555,15,true,-1.1309269594211955,-1.2802602927545266,1,true,false,false,true,-0.07466666666666555,1.205593626087861,EXPERIMENT_ONLY
2024-09-21,20:00,test,2024,2024,16,15.106709635689587,0.8932903643104133,16,15,false,2024,2024-09,macro_non_southerly,14.873866666666668,1.1261333333333319,15,false,0.23284296902291857,-0.23284296902291857,0,false,true,false,false,-1.1261333333333319,-0.8932903643104133,EXPERIMENT_ONLY
2024-09-21,21:00,test,2024,2024,16,15.288623957423884,0.7113760425761164,16,15,false,2024,2024-09,macro_non_southerly,14.873866666666668,1.1261333333333319,15,false,0.41475729075721546,-0.41475729075721546,0,false,true,false,false,-1.1261333333333319,-0.7113760425761164,EXPERIMENT_ONLY
2024-09-21,22:00,test,2024,2024,16,15.331920862645333,0.6680791373546668,16,15,false,2024,2024-09,macro_southerly_flow,14.873866666666668,1.1261333333333319,15,false,0.45805419597866504,-0.45805419597866504,0,false,true,false,false,-1.1261333333333319,-0.6680791373546668,EXPERIMENT_ONLY
2024-09-21,23:00,test,2024,2024,16,15.61649597958132,0.38350402041868037,16,16,true,2024,2024-09,macro_southerly_flow,14.873866666666668,1.1261333333333319,15,false,0.7426293129146515,-0.7426293129146515,-1,false,true,true,false,-1.1261333333333319,-0.38350402041868037,EXPERIMENT_ONLY
2024-09-22,20:00,test,2024,2024,16,15.980601827910418,0.01939817208958239,16,16,true,2024,2024-09,macro_non_southerly,15.688,0.3119999999999994,16,true,0.292601827910417,-0.292601827910417,0,false,true,false,false,-0.3119999999999994,-0.01939817208958239,EXPERIMENT_ONLY
2024-09-22,21:00,test,2024,2024,16,16.119671160486515,0.11967116048651505,16,16,true,2024,2024-09,macro_non_southerly,15.688,0.3119999999999994,16,true,0.19232883951348434,-0.43167116048651444,0,false,true,false,false,-0.3119999999999994,0.11967116048651505,EXPERIMENT_ONLY
2024-09-22,22:00,test,2024,2024,16,16.026580191377565,0.0265801913775654,16,16,true,2024,2024-09,macro_non_southerly,15.688,0.3119999999999994,16,true,0.285419808622434,-0.3385801913775648,0,false,true,false,false,-0.3119999999999994,0.0265801913775654,EXPERIMENT_ONLY
2024-09-22,23:00,test,2024,2024,16,16.24454881768873,0.24454881768873094,16,16,true,2024,2024-09,macro_non_southerly,15.688,0.3119999999999994,16,true,0.06745118231126845,-0.5565488176887303,0,false,true,false,false,-0.3119999999999994,0.24454881768873094,EXPERIMENT_ONLY
2024-09-23,20:00,test,2024,2024,16,15.859020998212198,0.14097900178780165,16,16,true,2024,2024-09,macro_non_southerly,15.955733333333333,0.04426666666666712,16,true,-0.09671233512113453,0.09671233512113453,0,true,false,false,false,-0.04426666666666712,-0.14097900178780165,EXPERIMENT_ONLY
2024-09-23,21:00,test,2024,2024,16,15.79412310235022,0.20587689764978023,16,16,true,2024,2024-09,macro_non_southerly,15.955733333333333,0.04426666666666712,16,true,-0.1616102309831131,0.1616102309831131,0,true,false,false,false,-0.04426666666666712,-0.20587689764978023,EXPERIMENT_ONLY
2024-09-23,22:00,test,2024,2024,16,15.615412187174677,0.3845878128253233,16,16,true,2024,2024-09,macro_non_southerly,15.955733333333333,0.04426666666666712,16,true,-0.34032114615865616,0.34032114615865616,0,true,false,false,false,-0.04426666666666712,-0.3845878128253233,EXPERIMENT_ONLY
2024-09-23,23:00,test,2024,2024,16,15.744136286444418,0.25586371355558235,16,16,true,2024,2024-09,macro_non_southerly,15.955733333333333,0.04426666666666712,16,true,-0.21159704688891523,0.21159704688891523,0,true,false,false,false,-0.04426666666666712,-0.25586371355558235,EXPERIMENT_ONLY
2024-09-24,20:00,test,2024,2024,19,15.859634316326735,3.1403656836732647,19,16,false,2024,2024-09,macro_non_southerly,17.964533333333332,1.035466666666668,18,false,-2.1048990170065967,2.1048990170065967,0,true,false,false,false,-1.035466666666668,-3.1403656836732647,EXPERIMENT_ONLY
2024-09-24,21:00,test,2024,2024,19,16.18408183065772,2.815918169342279,19,16,false,2024,2024-09,macro_non_southerly,17.964533333333332,1.035466666666668,18,false,-1.7804515026756107,1.7804515026756107,0,true,false,false,false,-1.035466666666668,-2.815918169342279,EXPERIMENT_ONLY
2024-09-24,22:00,test,2024,2024,19,15.805174697587173,3.194825302412827,19,16,false,2024,2024-09,macro_non_southerly,17.964533333333332,1.035466666666668,18,false,-2.159358635746159,2.159358635746159,0,true,false,false,false,-1.035466666666668,-3.194825302412827,EXPERIMENT_ONLY
2024-09-24,23:00,test,2024,2024,19,15.983188981565855,3.0168110184341455,19,16,false,2024,2024-09,macro_non_southerly,17.964533333333332,1.035466666666668,18,false,-1.9813443517674774,1.9813443517674774,0,true,false,false,false,-1.035466666666668,-3.0168110184341455,EXPERIMENT_ONLY
2024-09-25,20:00,test,2024,2024,14,13.53029091680922,0.4697090831907804,14,14,true,2024,2024-09,macro_southerly_flow,14.151733333333334,0.15173333333333439,14,true,-0.31797574985744603,0.6214424165241148,0,true,false,false,false,0.15173333333333439,-0.4697090831907804,EXPERIMENT_ONLY
2024-09-25,21:00,test,2024,2024,14,13.863400312749645,0.13659968725035476,14,14,true,2024,2024-09,macro_southerly_flow,14.151733333333334,0.15173333333333439,14,true,0.015133646082979624,0.28833302058368915,0,false,true,false,false,0.15173333333333439,-0.13659968725035476,EXPERIMENT_ONLY
2024-09-25,22:00,test,2024,2024,14,13.948096769534766,0.05190323046523382,14,14,true,2024,2024-09,macro_southerly_flow,14.151733333333334,0.15173333333333439,14,true,0.09983010286810057,0.2036365637985682,0,false,true,false,false,0.15173333333333439,-0.05190323046523382,EXPERIMENT_ONLY
2024-09-25,23:00,test,2024,2024,14,14.277136636721668,0.2771366367216679,14,14,true,2024,2024-09,macro_southerly_flow,14.151733333333334,0.15173333333333439,14,true,-0.1254033033883335,-0.1254033033883335,0,true,false,false,false,0.15173333333333439,0.2771366367216679,EXPERIMENT_ONLY
2024-09-26,20:00,test,2024,2024,15,16.130985887766794,1.1309858877667942,15,16,false,2024,2024-09,macro_non_southerly,15.310933333333333,0.31093333333333284,15,true,-0.8200525544334614,-0.8200525544334614,1,true,false,false,true,0.31093333333333284,1.1309858877667942,EXPERIMENT_ONLY
2024-09-26,21:00,test,2024,2024,15,16.250877956526082,1.2508779565260824,15,16,false,2024,2024-09,macro_non_southerly,15.310933333333333,0.31093333333333284,15,true,-0.9399446231927495,-0.9399446231927495,1,true,false,false,true,0.31093333333333284,1.2508779565260824,EXPERIMENT_ONLY
2024-09-26,22:00,test,2024,2024,15,16.21268969246749,1.2126896924674888,15,16,false,2024,2024-09,macro_non_southerly,15.310933333333333,0.31093333333333284,15,true,-0.901756359134156,-0.901756359134156,1,true,false,false,true,0.31093333333333284,1.2126896924674888,EXPERIMENT_ONLY
2024-09-26,23:00,test,2024,2024,15,16.453655742526802,1.4536557425268022,15,16,false,2024,2024-09,macro_non_southerly,15.310933333333333,0.31093333333333284,15,true,-1.1427224091934693,-1.1427224091934693,1,true,false,false,true,0.31093333333333284,1.4536557425268022,EXPERIMENT_ONLY
2024-09-27,20:00,test,2024,2024,15,12.529165230291463,2.470834769708537,15,13,false,2024,2024-09,macro_southerly_flow,15.310933333333333,0.31093333333333284,15,true,-2.159901436375204,2.7817681030418697,1,true,false,false,true,0.31093333333333284,-2.470834769708537,EXPERIMENT_ONLY
2024-09-27,21:00,test,2024,2024,15,12.478701807138618,2.521298192861382,15,12,false,2024,2024-09,macro_southerly_flow,15.310933333333333,0.31093333333333284,15,true,-2.210364859528049,2.8322315261947146,1,true,false,false,true,0.31093333333333284,-2.521298192861382,EXPERIMENT_ONLY
2024-09-27,22:00,test,2024,2024,15,11.84725999910861,3.1527400008913897,15,12,false,2024,2024-09,macro_southerly_flow,15.310933333333333,0.31093333333333284,15,true,-2.841806667558057,3.4636733342247226,1,true,false,false,true,0.31093333333333284,-3.1527400008913897,EXPERIMENT_ONLY
2024-09-27,23:00,test,2024,2024,15,12.33614298140784,2.663857018592161,15,12,false,2024,2024-09,macro_southerly_flow,15.310933333333333,0.31093333333333284,15,true,-2.352923685258828,2.9747903519254937,1,true,false,false,true,0.31093333333333284,-2.663857018592161,EXPERIMENT_ONLY
2024-09-28,20:00,test,2024,2024,15,14.531279688651924,0.46872031134807557,15,15,true,2024,2024-09,macro_non_southerly,15.008533333333336,0.008533333333335946,15,true,-0.4601869780147396,0.4772536446814115,0,true,false,false,false,0.008533333333335946,-0.46872031134807557,EXPERIMENT_ONLY
2024-09-28,21:00,test,2024,2024,15,14.749734368532508,0.25026563146749226,15,15,true,2024,2024-09,macro_non_southerly,15.008533333333336,0.008533333333335946,15,true,-0.2417322981341563,0.2587989648008282,0,true,false,false,false,0.008533333333335946,-0.25026563146749226,EXPERIMENT_ONLY
2024-09-28,22:00,test,2024,2024,15,15.546072613556763,0.5460726135567633,15,16,false,2024,2024-09,macro_non_southerly,15.008533333333336,0.008533333333335946,15,true,-0.5375392802234273,-0.5375392802234273,1,true,false,false,true,0.008533333333335946,0.5460726135567633,EXPERIMENT_ONLY
2024-09-28,23:00,test,2024,2024,15,15.946207973667148,0.946207973667148,15,16,false,2024,2024-09,macro_non_southerly,15.008533333333336,0.008533333333335946,15,true,-0.9376746403338121,-0.9376746403338121,1,true,false,false,true,0.008533333333335946,0.946207973667148,EXPERIMENT_ONLY
2024-09-29,20:00,test,2024,2024,16,15.129624255560909,0.8703757444390909,16,15,false,2024,2024-09,macro_non_southerly,15.684266666666666,0.3157333333333341,16,true,-0.5546424111057568,0.5546424111057568,1,true,false,false,true,-0.3157333333333341,-0.8703757444390909,EXPERIMENT_ONLY
2024-09-29,21:00,test,2024,2024,16,15.193038813727222,0.8069611862727779,16,15,false,2024,2024-09,macro_non_southerly,15.684266666666666,0.3157333333333341,16,true,-0.4912278529394438,0.4912278529394438,1,true,false,false,true,-0.3157333333333341,-0.8069611862727779,EXPERIMENT_ONLY
2024-09-29,22:00,test,2024,2024,16,15.29519327806593,0.7048067219340695,16,15,false,2024,2024-09,macro_non_southerly,15.684266666666666,0.3157333333333341,16,true,-0.38907338860073537,0.38907338860073537,1,true,false,false,true,-0.3157333333333341,-0.7048067219340695,EXPERIMENT_ONLY
2024-09-29,23:00,test,2024,2024,16,15.425509871566591,0.5744901284334087,16,15,false,2024,2024-09,macro_non_southerly,15.684266666666666,0.3157333333333341,16,true,-0.25875679510007465,0.25875679510007465,1,true,false,false,true,-0.3157333333333341,-0.5744901284334087,EXPERIMENT_ONLY
2024-09-30,20:00,test,2024,2024,18,16.797786811405118,1.2022131885948824,18,17,false,2024,2024-09,macro_non_southerly,16.950666666666667,1.0493333333333332,17,false,-0.15287985526154912,0.15287985526154912,0,true,false,false,false,-1.0493333333333332,-1.2022131885948824,EXPERIMENT_ONLY
2024-09-30,21:00,test,2024,2024,18,17.437833499529606,0.5621665004703935,18,17,false,2024,2024-09,macro_non_southerly,16.950666666666667,1.0493333333333332,17,false,0.4871668328629397,-0.4871668328629397,0,false,true,false,false,-1.0493333333333332,-0.5621665004703935,EXPERIMENT_ONLY
2024-09-30,22:00,test,2024,2024,18,17.37839843624602,0.6216015637539805,18,17,false,2024,2024-09,macro_non_southerly,16.950666666666667,1.0493333333333332,17,false,0.42773176957935277,-0.42773176957935277,0,false,true,false,false,-1.0493333333333332,-0.6216015637539805,EXPERIMENT_ONLY
2024-09-30,23:00,test,2024,2024,18,17.517169315257718,0.4828306847422823,18,18,true,2024,2024-09,macro_non_southerly,16.950666666666667,1.0493333333333332,17,false,0.5665026485910509,-0.5665026485910509,-1,false,true,true,false,-1.0493333333333332,-0.4828306847422823,EXPERIMENT_ONLY
2024-10-01,20:00,test,2024,2024,17,17.514136037432667,0.5141360374326673,17,18,false,2024,2024-10,macro_non_southerly,15.697600000000001,1.3023999999999987,16,false,0.7882639625673313,-1.816536037432666,0,false,true,false,false,-1.3023999999999987,0.5141360374326673,EXPERIMENT_ONLY
2024-10-01,21:00,test,2024,2024,17,17.62365766316026,0.6236576631602588,17,18,false,2024,2024-10,macro_non_southerly,15.697600000000001,1.3023999999999987,16,false,0.6787423368397398,-1.9260576631602575,0,false,true,false,false,-1.3023999999999987,0.6236576631602588,EXPERIMENT_ONLY
2024-10-01,22:00,test,2024,2024,17,17.356929625928522,0.3569296259285224,17,17,true,2024,2024-10,macro_non_southerly,15.697600000000001,1.3023999999999987,16,false,0.9454703740714763,-1.659329625928521,-1,false,true,true,false,-1.3023999999999987,0.3569296259285224,EXPERIMENT_ONLY
2024-10-01,23:00,test,2024,2024,17,17.447915596748228,0.4479155967482278,17,17,true,2024,2024-10,macro_non_southerly,15.697600000000001,1.3023999999999987,16,false,0.8544844032517709,-1.7503155967482265,-1,false,true,true,false,-1.3023999999999987,0.4479155967482278,EXPERIMENT_ONLY
2024-10-02,20:00,test,2024,2024,18,17.73278934534086,0.2672106546591415,18,18,true,2024,2024-10,macro_non_southerly,17.462933333333332,0.5370666666666679,17,false,0.2698560120075264,-0.2698560120075264,-1,false,true,true,false,-0.5370666666666679,-0.2672106546591415,EXPERIMENT_ONLY
2024-10-02,21:00,test,2024,2024,18,17.74435643364721,0.2556435663527914,18,18,true,2024,2024-10,macro_non_southerly,17.462933333333332,0.5370666666666679,17,false,0.2814231003138765,-0.2814231003138765,-1,false,true,true,false,-0.5370666666666679,-0.2556435663527914,EXPERIMENT_ONLY
2024-10-02,22:00,test,2024,2024,18,17.4489301534357,0.5510698465642996,18,17,false,2024,2024-10,macro_non_southerly,17.462933333333332,0.5370666666666679,17,false,-0.014003179897631668,0.014003179897631668,0,true,false,false,false,-0.5370666666666679,-0.5510698465642996,EXPERIMENT_ONLY
2024-10-02,23:00,test,2024,2024,18,17.892643327727562,0.10735667227243795,18,18,true,2024,2024-10,macro_non_southerly,17.462933333333332,0.5370666666666679,17,false,0.42970999439422997,-0.42970999439422997,-1,false,true,true,false,-0.5370666666666679,-0.10735667227243795,EXPERIMENT_ONLY
2024-10-03,20:00,test,2024,2024,16,16.58849432753777,0.5884943275377701,16,17,false,2024,2024-10,macro_non_southerly,16.707733333333334,0.7077333333333335,17,false,0.11923900579556346,0.11923900579556346,0,false,true,false,false,0.7077333333333335,0.5884943275377701,EXPERIMENT_ONLY
2024-10-03,21:00,test,2024,2024,16,16.52789261569114,0.5278926156911403,16,17,false,2024,2024-10,macro_non_southerly,16.707733333333334,0.7077333333333335,17,false,0.17984071764219323,0.17984071764219323,0,false,true,false,false,0.7077333333333335,0.5278926156911403,EXPERIMENT_ONLY
2024-10-03,22:00,test,2024,2024,16,16.356205920650005,0.3562059206500052,16,16,true,2024,2024-10,macro_non_southerly,16.707733333333334,0.7077333333333335,17,false,0.3515274126833283,0.3515274126833283,-1,false,true,true,false,0.7077333333333335,0.3562059206500052,EXPERIMENT_ONLY
2024-10-03,23:00,test,2024,2024,16,15.312459212650307,0.6875407873496933,16,15,false,2024,2024-10,macro_non_southerly,16.707733333333334,0.7077333333333335,17,false,0.020192545983640287,1.3952741206830268,0,false,true,false,false,0.7077333333333335,-0.6875407873496933,EXPERIMENT_ONLY
2024-10-04,20:00,test,2024,2024,16,16.21364620229362,0.21364620229362075,16,16,true,2024,2024-10,macro_non_southerly,15.851733333333332,0.1482666666666681,16,true,-0.06537953562695265,-0.36191286896028885,0,true,false,false,false,-0.1482666666666681,0.21364620229362075,EXPERIMENT_ONLY
2024-10-04,21:00,test,2024,2024,16,16.546987788631583,0.5469877886315828,16,17,false,2024,2024-10,macro_non_southerly,15.851733333333332,0.1482666666666681,16,true,-0.3987211219649147,-0.6952544552982509,1,true,false,false,true,-0.1482666666666681,0.5469877886315828,EXPERIMENT_ONLY
2024-10-04,22:00,test,2024,2024,16,16.710844360196162,0.7108443601961625,16,17,false,2024,2024-10,macro_non_southerly,15.851733333333332,0.1482666666666681,16,true,-0.5625776935294944,-0.8591110268628306,1,true,false,false,true,-0.1482666666666681,0.7108443601961625,EXPERIMENT_ONLY
2024-10-04,23:00,test,2024,2024,16,16.636115910536763,0.6361159105367626,16,17,false,2024,2024-10,macro_non_southerly,15.851733333333332,0.1482666666666681,16,true,-0.48784924387009454,-0.7843825772034307,1,true,false,false,true,-0.1482666666666681,0.6361159105367626,EXPERIMENT_ONLY
2024-10-05,20:00,test,2024,2024,18,16.39101752173195,1.6089824782680502,18,16,false,2024,2024-10,macro_non_southerly,16.898666666666667,1.1013333333333328,17,false,-0.5076491449347174,0.5076491449347174,0,true,false,false,false,-1.1013333333333328,-1.6089824782680502,EXPERIMENT_ONLY
2024-10-05,21:00,test,2024,2024,18,17.05811510188622,0.9418848981137806,18,17,false,2024,2024-10,macro_non_southerly,16.898666666666667,1.1013333333333328,17,false,0.1594484352195522,-0.1594484352195522,0,false,true,false,false,-1.1013333333333328,-0.9418848981137806,EXPERIMENT_ONLY
2024-10-05,22:00,test,2024,2024,18,16.814348442742485,1.1856515572575148,18,17,false,2024,2024-10,macro_non_southerly,16.898666666666667,1.1013333333333328,17,false,-0.08431822392418198,0.08431822392418198,0,true,false,false,false,-1.1013333333333328,-1.1856515572575148,EXPERIMENT_ONLY
2024-10-05,23:00,test,2024,2024,18,16.862210092697996,1.137789907302004,18,17,false,2024,2024-10,macro_non_southerly,16.898666666666667,1.1013333333333328,17,false,-0.03645657396867108,0.03645657396867108,0,true,false,false,false,-1.1013333333333328,-1.137789907302004,EXPERIMENT_ONLY
2024-10-06,20:00,test,2024,2024,16,17.435861057436778,1.435861057436778,16,17,false,2024,2024-10,macro_non_southerly,16.126933333333334,0.12693333333333356,16,true,-1.3089277241034445,-1.3089277241034445,1,true,false,false,true,0.12693333333333356,1.435861057436778,EXPERIMENT_ONLY
2024-10-06,21:00,test,2024,2024,16,17.51703905997602,1.517039059976021,16,18,false,2024,2024-10,macro_non_southerly,16.126933333333334,0.12693333333333356,16,true,-1.3901057266426875,-1.3901057266426875,1,true,false,false,true,0.12693333333333356,1.517039059976021,EXPERIMENT_ONLY
2024-10-06,22:00,test,2024,2024,16,17.35199425668234,1.3519942566823389,16,17,false,2024,2024-10,macro_non_southerly,16.126933333333334,0.12693333333333356,16,true,-1.2250609233490053,-1.2250609233490053,1,true,false,false,true,0.12693333333333356,1.3519942566823389,EXPERIMENT_ONLY
2024-10-06,23:00,test,2024,2024,16,17.38796732600745,1.3879673260074483,16,17,false,2024,2024-10,macro_non_southerly,16.126933333333334,0.12693333333333356,16,true,-1.2610339926741148,-1.2610339926741148,1,true,false,false,true,0.12693333333333356,1.3879673260074483,EXPERIMENT_ONLY
2024-10-07,20:00,test,2024,2024,17,17.58949766152256,0.5894976615225609,17,18,false,2024,2024-10,macro_non_southerly,16.164533333333335,0.8354666666666652,16,false,0.24596900514410436,-1.4249643281892261,0,false,true,false,false,-0.8354666666666652,0.5894976615225609,EXPERIMENT_ONLY
2024-10-07,21:00,test,2024,2024,17,17.56929530477286,0.5692953047728615,17,18,false,2024,2024-10,macro_non_southerly,16.164533333333335,0.8354666666666652,16,false,0.26617136189380375,-1.4047619714395267,0,false,true,false,false,-0.8354666666666652,0.5692953047728615,EXPERIMENT_ONLY
2024-10-07,22:00,test,2024,2024,17,17.296064349674467,0.2960643496744666,17,17,true,2024,2024-10,macro_non_southerly,16.164533333333335,0.8354666666666652,16,false,0.5394023169921986,-1.1315310163411318,-1,false,true,true,false,-0.8354666666666652,0.2960643496744666,EXPERIMENT_ONLY
2024-10-07,23:00,test,2024,2024,17,17.390954656938547,0.3909546569385469,17,17,true,2024,2024-10,macro_non_southerly,16.164533333333335,0.8354666666666652,16,false,0.44451200972811833,-1.2264213236052122,-1,false,true,true,false,-0.8354666666666652,0.3909546569385469,EXPERIMENT_ONLY
2024-10-08,20:00,test,2024,2024,16,17.622419616530298,1.6224196165302978,16,18,false,2024,2024-10,macro_non_southerly,15.807466666666667,0.19253333333333345,16,true,-1.4298862831969643,-1.8149529498636312,1,true,false,false,true,-0.19253333333333345,1.6224196165302978,EXPERIMENT_ONLY
2024-10-08,21:00,test,2024,2024,16,17.30485648681026,1.3048564868102588,16,17,false,2024,2024-10,macro_non_southerly,15.807466666666667,0.19253333333333345,16,true,-1.1123231534769253,-1.4973898201435922,1,true,false,false,true,-0.19253333333333345,1.3048564868102588,EXPERIMENT_ONLY
2024-10-08,22:00,test,2024,2024,16,17.144684883745274,1.144684883745274,16,17,false,2024,2024-10,macro_non_southerly,15.807466666666667,0.19253333333333345,16,true,-0.9521515504119407,-1.3372182170786076,1,true,false,false,true,-0.19253333333333345,1.144684883745274,EXPERIMENT_ONLY
2024-10-08,23:00,test,2024,2024,16,17.24458787307795,1.2445878730779505,16,17,false,2024,2024-10,macro_non_southerly,15.807466666666667,0.19253333333333345,16,true,-1.052054539744617,-1.437121206411284,1,true,false,false,true,-0.19253333333333345,1.2445878730779505,EXPERIMENT_ONLY
2024-10-09,20:00,test,2024,2024,16,16.157417951758532,0.15741795175853213,16,16,true,2024,2024-10,macro_non_southerly,14.986933333333333,1.013066666666667,15,false,0.8556487149081349,-1.1704846184251991,-1,false,true,true,false,-1.013066666666667,0.15741795175853213,EXPERIMENT_ONLY
2024-10-09,21:00,test,2024,2024,16,16.29442202682145,0.2944220268214508,16,16,true,2024,2024-10,macro_non_southerly,14.986933333333333,1.013066666666667,15,false,0.7186446398452162,-1.3074886934881178,-1,false,true,true,false,-1.013066666666667,0.2944220268214508,EXPERIMENT_ONLY
2024-10-09,22:00,test,2024,2024,16,16.046069964193663,0.04606996419366283,16,16,true,2024,2024-10,macro_non_southerly,14.986933333333333,1.013066666666667,15,false,0.9669967024730042,-1.0591366308603298,-1,false,true,true,false,-1.013066666666667,0.04606996419366283,EXPERIMENT_ONLY
2024-10-09,23:00,test,2024,2024,16,16.141205741347104,0.14120574134710395,16,16,true,2024,2024-10,macro_non_southerly,14.986933333333333,1.013066666666667,15,false,0.871860925319563,-1.154272408013771,-1,false,true,true,false,-1.013066666666667,0.14120574134710395,EXPERIMENT_ONLY
2024-10-10,20:00,test,2024,2024,13,12.584671147207821,0.4153288527921788,13,13,true,2024,2024-10,macro_southerly_flow,12.456533333333333,0.5434666666666672,12,false,0.12813781387448842,-0.12813781387448842,-1,false,true,true,false,-0.5434666666666672,-0.4153288527921788,EXPERIMENT_ONLY
2024-10-10,21:00,test,2024,2024,13,12.335895277150012,0.6641047228499879,13,12,false,2024,2024-10,macro_southerly_flow,12.456533333333333,0.5434666666666672,12,false,-0.12063805618332069,0.12063805618332069,0,true,false,false,false,-0.5434666666666672,-0.6641047228499879,EXPERIMENT_ONLY
2024-10-10,22:00,test,2024,2024,13,12.247667307105022,0.7523326928949778,13,12,false,2024,2024-10,macro_southerly_flow,12.456533333333333,0.5434666666666672,12,false,-0.20886602622831063,0.20886602622831063,0,true,false,false,false,-0.5434666666666672,-0.7523326928949778,EXPERIMENT_ONLY
2024-10-10,23:00,test,2024,2024,13,12.114361204112187,0.8856387958878127,13,12,false,2024,2024-10,macro_southerly_flow,12.456533333333333,0.5434666666666672,12,false,-0.3421721292211455,0.3421721292211455,0,true,false,false,false,-0.5434666666666672,-0.8856387958878127,EXPERIMENT_ONLY
2024-10-11,20:00,test,2024,2024,16,15.583501282279077,0.4164987177209234,16,16,true,2024,2024-10,macro_non_southerly,15.2472,0.7528000000000006,15,false,0.3363012822790772,-0.3363012822790772,-1,false,true,true,false,-0.7528000000000006,-0.4164987177209234,EXPERIMENT_ONLY
2024-10-11,21:00,test,2024,2024,16,15.793126479446393,0.2068735205536072,16,16,true,2024,2024-10,macro_non_southerly,15.2472,0.7528000000000006,15,false,0.5459264794463934,-0.5459264794463934,-1,false,true,true,false,-0.7528000000000006,-0.2068735205536072,EXPERIMENT_ONLY
2024-10-11,22:00,test,2024,2024,16,15.934545993196085,0.06545400680391467,16,16,true,2024,2024-10,macro_non_southerly,15.2472,0.7528000000000006,15,false,0.6873459931960859,-0.6873459931960859,-1,false,true,true,false,-0.7528000000000006,-0.06545400680391467,EXPERIMENT_ONLY
2024-10-11,23:00,test,2024,2024,16,16.05887808791929,0.05887808791928961,16,16,true,2024,2024-10,macro_non_southerly,15.2472,0.7528000000000006,15,false,0.693921912080711,-0.8116780879192902,-1,false,true,true,false,-0.7528000000000006,0.05887808791928961,EXPERIMENT_ONLY
2024-10-12,20:00,test,2024,2024,17,16.52753105647157,0.4724689435284297,17,17,true,2024,2024-10,macro_non_southerly,16.50133333333333,0.4986666666666686,17,true,0.02619772313823887,-0.02619772313823887,0,false,true,false,false,-0.4986666666666686,-0.4724689435284297,EXPERIMENT_ONLY
2024-10-12,21:00,test,2024,2024,17,17.06977921808144,0.06977921808143961,17,17,true,2024,2024-10,macro_non_southerly,16.50133333333333,0.4986666666666686,17,true,0.428887448585229,-0.5684458847481082,0,false,true,false,false,-0.4986666666666686,0.06977921808143961,EXPERIMENT_ONLY
2024-10-12,22:00,test,2024,2024,17,16.62416042873038,0.3758395712696192,17,17,true,2024,2024-10,macro_non_southerly,16.50133333333333,0.4986666666666686,17,true,0.12282709539704939,-0.12282709539704939,0,false,true,false,false,-0.4986666666666686,-0.3758395712696192,EXPERIMENT_ONLY
2024-10-12,23:00,test,2024,2024,17,16.923324138031624,0.07667586196837561,17,17,true,2024,2024-10,macro_non_southerly,16.50133333333333,0.4986666666666686,17,true,0.421990804698293,-0.421990804698293,0,false,true,false,false,-0.4986666666666686,-0.07667586196837561,EXPERIMENT_ONLY
2024-10-13,20:00,test,2024,2024,13,15.445419561194951,2.445419561194951,13,15,false,2024,2024-10,macro_non_southerly,13.972266666666666,0.9722666666666662,14,false,-1.473152894528285,-1.473152894528285,0,true,false,false,false,0.9722666666666662,2.445419561194951,EXPERIMENT_ONLY
2024-10-13,21:00,test,2024,2024,13,14.94857846854206,1.9485784685420597,13,15,false,2024,2024-10,macro_non_southerly,13.972266666666666,0.9722666666666662,14,false,-0.9763118018753936,-0.9763118018753936,0,true,false,false,false,0.9722666666666662,1.9485784685420597,EXPERIMENT_ONLY
2024-10-13,22:00,test,2024,2024,13,14.54358889760357,1.5435888976035699,13,15,false,2024,2024-10,macro_southerly_flow,13.972266666666666,0.9722666666666662,14,false,-0.5713222309369037,-0.5713222309369037,0,true,false,false,false,0.9722666666666662,1.5435888976035699,EXPERIMENT_ONLY
2024-10-13,23:00,test,2024,2024,13,14.40652133796361,1.4065213379636106,13,14,false,2024,2024-10,macro_southerly_flow,13.972266666666666,0.9722666666666662,14,false,-0.4342546712969444,-0.4342546712969444,0,true,false,false,false,0.9722666666666662,1.4065213379636106,EXPERIMENT_ONLY
2024-10-14,20:00,test,2024,2024,10,12.52088942357539,2.5208894235753903,10,13,false,2024,2024-10,macro_southerly_flow,12.314933333333332,2.3149333333333324,12,false,-0.20595609024205785,-0.20595609024205785,0,true,false,false,false,2.3149333333333324,2.5208894235753903,EXPERIMENT_ONLY
2024-10-14,21:00,test,2024,2024,10,12.114255331559846,2.1142553315598462,10,12,false,2024,2024-10,macro_southerly_flow,12.314933333333332,2.3149333333333324,12,false,0.20067800177348616,0.20067800177348616,0,false,true,false,false,2.3149333333333324,2.1142553315598462,EXPERIMENT_ONLY
2024-10-14,22:00,test,2024,2024,10,11.58261384210547,1.58261384210547,10,12,false,2024,2024-10,macro_southerly_flow,12.314933333333332,2.3149333333333324,12,false,0.7323194912278623,0.7323194912278623,0,false,true,false,false,2.3149333333333324,1.58261384210547,EXPERIMENT_ONLY
2024-10-14,23:00,test,2024,2024,10,11.656363566525403,1.6563635665254033,10,12,false,2024,2024-10,macro_southerly_flow,12.314933333333332,2.3149333333333324,12,false,0.6585697668079291,0.6585697668079291,0,false,true,false,false,2.3149333333333324,1.6563635665254033,EXPERIMENT_ONLY
2024-10-15,20:00,test,2024,2024,14,13.444591426307753,0.5554085736922474,14,13,false,2024,2024-10,macro_southerly_flow,13.319466666666667,0.680533333333333,13,false,0.1251247596410856,-0.1251247596410856,0,false,true,false,false,-0.680533333333333,-0.5554085736922474,EXPERIMENT_ONLY
2024-10-15,21:00,test,2024,2024,14,13.196983201716385,0.8030167982836147,14,13,false,2024,2024-10,macro_southerly_flow,13.319466666666667,0.680533333333333,13,false,-0.12248346495028173,0.12248346495028173,0,true,false,false,false,-0.680533333333333,-0.8030167982836147,EXPERIMENT_ONLY
2024-10-15,22:00,test,2024,2024,14,12.901727527246848,1.0982724727531519,14,13,false,2024,2024-10,macro_southerly_flow,13.319466666666667,0.680533333333333,13,false,-0.4177391394198189,0.4177391394198189,0,true,false,false,false,-0.680533333333333,-1.0982724727531519,EXPERIMENT_ONLY
2024-10-15,23:00,test,2024,2024,14,13.385229843318605,0.614770156681395,14,13,false,2024,2024-10,macro_southerly_flow,13.319466666666667,0.680533333333333,13,false,0.06576317665193798,-0.06576317665193798,0,false,true,false,false,-0.680533333333333,-0.614770156681395,EXPERIMENT_ONLY
2024-10-16,20:00,test,2024,2024,13,12.429635881131468,0.5703641188685324,13,12,false,2024,2024-10,macro_southerly_flow,12.900799999999998,0.09920000000000151,13,true,-0.47116411886853093,0.47116411886853093,1,true,false,false,true,-0.09920000000000151,-0.5703641188685324,EXPERIMENT_ONLY
2024-10-16,21:00,test,2024,2024,13,12.670854044648626,0.3291459553513736,13,13,true,2024,2024-10,macro_southerly_flow,12.900799999999998,0.09920000000000151,13,true,-0.22994595535137208,0.22994595535137208,0,true,false,false,false,-0.09920000000000151,-0.3291459553513736,EXPERIMENT_ONLY
2024-10-16,22:00,test,2024,2024,13,12.547530874446979,0.4524691255530211,13,13,true,2024,2024-10,macro_southerly_flow,12.900799999999998,0.09920000000000151,13,true,-0.3532691255530196,0.3532691255530196,0,true,false,false,false,-0.09920000000000151,-0.4524691255530211,EXPERIMENT_ONLY
2024-10-16,23:00,test,2024,2024,13,12.656375799023571,0.34362420097642854,13,13,true,2024,2024-10,macro_southerly_flow,12.900799999999998,0.09920000000000151,13,true,-0.24442420097642703,0.24442420097642703,0,true,false,false,false,-0.09920000000000151,-0.34362420097642854,EXPERIMENT_ONLY
2024-10-17,20:00,test,2024,2024,15,14.920513628041832,0.07948637195816843,15,15,true,2024,2024-10,macro_non_southerly,15.928266666666667,0.9282666666666675,16,false,0.848780294708499,1.007753038624836,-1,false,true,true,false,0.9282666666666675,-0.07948637195816843,EXPERIMENT_ONLY
2024-10-17,21:00,test,2024,2024,15,15.712249790493045,0.7122497904930452,15,16,false,2024,2024-10,macro_non_southerly,15.928266666666667,0.9282666666666675,16,false,0.2160168761736223,0.2160168761736223,0,false,true,false,false,0.9282666666666675,0.7122497904930452,EXPERIMENT_ONLY
2024-10-17,22:00,test,2024,2024,15,15.469022665851691,0.46902266585169095,15,15,true,2024,2024-10,macro_non_southerly,15.928266666666667,0.9282666666666675,16,false,0.4592440008149765,0.4592440008149765,-1,false,true,true,false,0.9282666666666675,0.46902266585169095,EXPERIMENT_ONLY
2024-10-17,23:00,test,2024,2024,15,15.72711438759153,0.7271143875915307,15,16,false,2024,2024-10,macro_non_southerly,15.928266666666667,0.9282666666666675,16,false,0.20115227907513678,0.20115227907513678,0,false,true,false,false,0.9282666666666675,0.7271143875915307,EXPERIMENT_ONLY
2024-10-18,20:00,test,2024,2024,16,16.67796048222506,0.6779604822250604,16,17,false,2024,2024-10,macro_non_southerly,16.261066666666668,0.2610666666666681,16,true,-0.41689381555839233,-0.41689381555839233,1,true,false,false,true,0.2610666666666681,0.6779604822250604,EXPERIMENT_ONLY
2024-10-18,21:00,test,2024,2024,16,16.860600396657862,0.8606003966578619,16,17,false,2024,2024-10,macro_non_southerly,16.261066666666668,0.2610666666666681,16,true,-0.5995337299911938,-0.5995337299911938,1,true,false,false,true,0.2610666666666681,0.8606003966578619,EXPERIMENT_ONLY
2024-10-18,22:00,test,2024,2024,16,16.69760938487077,0.6976093848707698,16,17,false,2024,2024-10,macro_non_southerly,16.261066666666668,0.2610666666666681,16,true,-0.43654271820410173,-0.43654271820410173,1,true,false,false,true,0.2610666666666681,0.6976093848707698,EXPERIMENT_ONLY
2024-10-18,23:00,test,2024,2024,16,16.49328911315292,0.4932891131529189,16,16,true,2024,2024-10,macro_non_southerly,16.261066666666668,0.2610666666666681,16,true,-0.2322224464862508,-0.2322224464862508,0,true,false,false,false,0.2610666666666681,0.4932891131529189,EXPERIMENT_ONLY
2024-10-19,20:00,test,2024,2024,19,17.320514151251242,1.679485848748758,19,17,false,2024,2024-10,macro_non_southerly,17.9416,1.058399999999999,18,false,-0.6210858487487592,0.6210858487487592,0,true,false,false,false,-1.058399999999999,-1.679485848748758,EXPERIMENT_ONLY
2024-10-19,21:00,test,2024,2024,19,17.697428490227242,1.3025715097727577,19,18,false,2024,2024-10,macro_non_southerly,17.9416,1.058399999999999,18,false,-0.2441715097727588,0.2441715097727588,0,true,false,false,false,-1.058399999999999,-1.3025715097727577,EXPERIMENT_ONLY
2024-10-19,22:00,test,2024,2024,19,17.573985526519888,1.4260144734801123,19,18,false,2024,2024-10,macro_non_southerly,17.9416,1.058399999999999,18,false,-0.36761447348011345,0.36761447348011345,0,true,false,false,false,-1.058399999999999,-1.4260144734801123,EXPERIMENT_ONLY
2024-10-19,23:00,test,2024,2024,19,17.740781002025887,1.2592189979741129,19,18,false,2024,2024-10,macro_non_southerly,17.9416,1.058399999999999,18,false,-0.20081899797411396,0.20081899797411396,0,true,false,false,false,-1.058399999999999,-1.2592189979741129,EXPERIMENT_ONLY
2024-10-20,20:00,test,2024,2024,19,17.773292168300845,1.226707831699155,19,18,false,2024,2024-10,macro_non_southerly,18.195733333333333,0.8042666666666669,18,false,-0.4224411650324882,0.4224411650324882,0,true,false,false,false,-0.8042666666666669,-1.226707831699155,EXPERIMENT_ONLY
2024-10-20,21:00,test,2024,2024,19,18.303199288640617,0.6968007113593835,19,18,false,2024,2024-10,macro_non_southerly,18.195733333333333,0.8042666666666669,18,false,0.10746595530728342,-0.10746595530728342,0,false,true,false,false,-0.8042666666666669,-0.6968007113593835,EXPERIMENT_ONLY
2024-10-20,22:00,test,2024,2024,19,18.128958924328565,0.8710410756714353,19,18,false,2024,2024-10,macro_non_southerly,18.195733333333333,0.8042666666666669,18,false,-0.06677440900476839,0.06677440900476839,0,true,false,false,false,-0.8042666666666669,-0.8710410756714353,EXPERIMENT_ONLY
2024-10-20,23:00,test,2024,2024,19,18.323392195583835,0.6766078044161645,19,18,false,2024,2024-10,macro_non_southerly,18.195733333333333,0.8042666666666669,18,false,0.12765886225050238,-0.12765886225050238,0,false,true,false,false,-0.8042666666666669,-0.6766078044161645,EXPERIMENT_ONLY
2024-10-21,20:00,test,2024,2024,18,18.05956185237256,0.05956185237256051,18,18,true,2024,2024-10,macro_non_southerly,17.195999999999998,0.804000000000002,17,false,0.7444381476274415,-0.8635618523725626,-1,false,true,true,false,-0.804000000000002,0.05956185237256051,EXPERIMENT_ONLY
2024-10-21,21:00,test,2024,2024,18,18.314598205871015,0.3145982058710146,18,18,true,2024,2024-10,macro_non_southerly,17.195999999999998,0.804000000000002,17,false,0.48940179412898743,-1.1185982058710167,-1,false,true,true,false,-0.804000000000002,0.3145982058710146,EXPERIMENT_ONLY
2024-10-21,22:00,test,2024,2024,18,18.08364538584075,0.08364538584075021,18,18,true,2024,2024-10,macro_non_southerly,17.195999999999998,0.804000000000002,17,false,0.7203546141592518,-0.8876453858407523,-1,false,true,true,false,-0.804000000000002,0.08364538584075021,EXPERIMENT_ONLY
2024-10-21,23:00,test,2024,2024,18,18.18489095582098,0.18489095582097903,18,18,true,2024,2024-10,macro_non_southerly,17.195999999999998,0.804000000000002,17,false,0.619109044179023,-0.9888909558209811,-1,false,true,true,false,-0.804000000000002,0.18489095582097903,EXPERIMENT_ONLY
2024-10-22,20:00,test,2024,2024,20,18.470388866830206,1.5296111331697944,20,18,false,2024,2024-10,macro_non_southerly,18.988533333333333,1.0114666666666672,19,false,-0.5181444665031272,0.5181444665031272,0,true,false,false,false,-1.0114666666666672,-1.5296111331697944,EXPERIMENT_ONLY
2024-10-22,21:00,test,2024,2024,20,18.8125896531592,1.1874103468407995,20,19,false,2024,2024-10,macro_non_southerly,18.988533333333333,1.0114666666666672,19,false,-0.1759436801741323,0.1759436801741323,0,true,false,false,false,-1.0114666666666672,-1.1874103468407995,EXPERIMENT_ONLY
2024-10-22,22:00,test,2024,2024,20,18.816742597879667,1.1832574021203328,20,19,false,2024,2024-10,macro_non_southerly,18.988533333333333,1.0114666666666672,19,false,-0.17179073545366563,0.17179073545366563,0,true,false,false,false,-1.0114666666666672,-1.1832574021203328,EXPERIMENT_ONLY
2024-10-22,23:00,test,2024,2024,20,19.1195355499427,0.8804644500572998,20,19,false,2024,2024-10,macro_non_southerly,18.988533333333333,1.0114666666666672,19,false,0.1310022166093674,-0.1310022166093674,0,false,true,false,false,-1.0114666666666672,-0.8804644500572998,EXPERIMENT_ONLY
2024-10-23,20:00,test,2024,2024,16,18.274413669800225,2.274413669800225,16,18,false,2024,2024-10,macro_non_southerly,17.5872,1.5871999999999993,18,false,-0.6872136698002258,-0.6872136698002258,0,true,false,false,false,1.5871999999999993,2.274413669800225,EXPERIMENT_ONLY
2024-10-23,21:00,test,2024,2024,16,18.362464068983854,2.3624640689838543,16,18,false,2024,2024-10,macro_non_southerly,17.5872,1.5871999999999993,18,false,-0.775264068983855,-0.775264068983855,0,true,false,false,false,1.5871999999999993,2.3624640689838543,EXPERIMENT_ONLY
2024-10-23,22:00,test,2024,2024,16,18.29719007041976,2.2971900704197594,16,18,false,2024,2024-10,macro_non_southerly,17.5872,1.5871999999999993,18,false,-0.7099900704197601,-0.7099900704197601,0,true,false,false,false,1.5871999999999993,2.2971900704197594,EXPERIMENT_ONLY
2024-10-23,23:00,test,2024,2024,16,18.464186373534176,2.464186373534176,16,18,false,2024,2024-10,macro_non_southerly,17.5872,1.5871999999999993,18,false,-0.8769863735341765,-0.8769863735341765,0,true,false,false,false,1.5871999999999993,2.464186373534176,EXPERIMENT_ONLY
2024-10-24,20:00,test,2024,2024,18,18.74634309123598,0.7463430912359783,18,19,false,2024,2024-10,macro_non_southerly,17.103466666666666,0.8965333333333341,17,false,0.15019024209735576,-1.6428764245693124,0,false,true,false,false,-0.8965333333333341,0.7463430912359783,EXPERIMENT_ONLY
2024-10-24,21:00,test,2024,2024,18,18.76643803427797,0.7664380342779715,18,19,false,2024,2024-10,macro_non_southerly,17.103466666666666,0.8965333333333341,17,false,0.13009529905536255,-1.6629713676113056,0,false,true,false,false,-0.8965333333333341,0.7664380342779715,EXPERIMENT_ONLY
2024-10-24,22:00,test,2024,2024,18,18.663349843154148,0.6633498431541476,18,19,false,2024,2024-10,macro_non_southerly,17.103466666666666,0.8965333333333341,17,false,0.2331834901791865,-1.5598831764874816,0,false,true,false,false,-0.8965333333333341,0.6633498431541476,EXPERIMENT_ONLY
2024-10-24,23:00,test,2024,2024,18,18.72755287409748,0.7275528740974799,18,19,false,2024,2024-10,macro_non_southerly,17.103466666666666,0.8965333333333341,17,false,0.16898045923585414,-1.624086207430814,0,false,true,false,false,-0.8965333333333341,0.7275528740974799,EXPERIMENT_ONLY
2024-10-25,20:00,test,2024,2024,17,18.9537059679586,1.9537059679586015,17,19,false,2024,2024-10,macro_non_southerly,16.958666666666666,0.04133333333333411,17,true,-1.9123726346252674,-1.9950393012919356,1,true,false,false,true,-0.04133333333333411,1.9537059679586015,EXPERIMENT_ONLY
2024-10-25,21:00,test,2024,2024,17,18.593719416646223,1.5937194166462234,17,19,false,2024,2024-10,macro_non_southerly,16.958666666666666,0.04133333333333411,17,true,-1.5523860833128893,-1.6350527499795575,1,true,false,false,true,-0.04133333333333411,1.5937194166462234,EXPERIMENT_ONLY
2024-10-25,22:00,test,2024,2024,17,18.33505436274613,1.3350543627461313,17,18,false,2024,2024-10,macro_non_southerly,16.958666666666666,0.04133333333333411,17,true,-1.2937210294127972,-1.3763876960794654,1,true,false,false,true,-0.04133333333333411,1.3350543627461313,EXPERIMENT_ONLY
2024-10-25,23:00,test,2024,2024,17,18.309073142489183,1.3090731424891828,17,18,false,2024,2024-10,macro_non_southerly,16.958666666666666,0.04133333333333411,17,true,-1.2677398091558487,-1.350406475822517,1,true,false,false,true,-0.04133333333333411,1.3090731424891828,EXPERIMENT_ONLY
2024-10-26,20:00,test,2024,2024,20,19.462465787905085,0.5375342120949149,20,19,false,2024,2024-10,macro_non_southerly,19.661866666666665,0.3381333333333352,20,true,-0.19940087876157975,0.19940087876157975,1,true,false,false,true,-0.3381333333333352,-0.5375342120949149,EXPERIMENT_ONLY
2024-10-26,21:00,test,2024,2024,20,19.41204514354445,0.5879548564555499,20,19,false,2024,2024-10,macro_non_southerly,19.661866666666665,0.3381333333333352,20,true,-0.24982152312221473,0.24982152312221473,1,true,false,false,true,-0.3381333333333352,-0.5879548564555499,EXPERIMENT_ONLY
2024-10-26,22:00,test,2024,2024,20,19.179832124465907,0.8201678755340929,20,19,false,2024,2024-10,macro_non_southerly,19.661866666666665,0.3381333333333352,20,true,-0.4820345422007577,0.4820345422007577,1,true,false,false,true,-0.3381333333333352,-0.8201678755340929,EXPERIMENT_ONLY
2024-10-26,23:00,test,2024,2024,20,19.185504718822468,0.8144952811775319,20,19,false,2024,2024-10,macro_non_southerly,19.661866666666665,0.3381333333333352,20,true,-0.4763619478441967,0.4763619478441967,1,true,false,false,true,-0.3381333333333352,-0.8144952811775319,EXPERIMENT_ONLY
2024-10-27,20:00,test,2024,2024,17,16.99207715121639,0.007922848783611158,17,17,true,2024,2024-10,macro_southerly_flow,16.757866666666665,0.2421333333333351,17,true,0.23421048454972393,-0.23421048454972393,0,false,true,false,false,-0.2421333333333351,-0.007922848783611158,EXPERIMENT_ONLY
2024-10-27,21:00,test,2024,2024,17,17.811339510288338,0.8113395102883381,17,18,false,2024,2024-10,macro_non_southerly,16.757866666666665,0.2421333333333351,17,true,-0.569206176955003,-1.0534728436216731,1,true,false,false,true,-0.2421333333333351,0.8113395102883381,EXPERIMENT_ONLY
2024-10-27,22:00,test,2024,2024,17,17.600213808425362,0.6002138084253623,17,18,false,2024,2024-10,macro_non_southerly,16.757866666666665,0.2421333333333351,17,true,-0.35808047509202723,-0.8423471417586974,1,true,false,false,true,-0.2421333333333351,0.6002138084253623,EXPERIMENT_ONLY
2024-10-27,23:00,test,2024,2024,17,17.65866131792599,0.6586613179259899,17,18,false,2024,2024-10,macro_non_southerly,16.757866666666665,0.2421333333333351,17,true,-0.41652798459265483,-0.900794651259325,1,true,false,false,true,-0.2421333333333351,0.6586613179259899,EXPERIMENT_ONLY
2024-10-28,20:00,test,2024,2024,15,17.27228487840918,2.272284878409181,15,17,false,2024,2024-10,macro_non_southerly,14.951733333333333,0.04826666666666668,15,true,-2.2240182117425142,-2.3205515450758476,1,true,false,false,true,-0.04826666666666668,2.272284878409181,EXPERIMENT_ONLY
2024-10-28,21:00,test,2024,2024,15,17.323525730064368,2.323525730064368,15,17,false,2024,2024-10,macro_non_southerly,14.951733333333333,0.04826666666666668,15,true,-2.2752590633977015,-2.371792396731035,1,true,false,false,true,-0.04826666666666668,2.323525730064368,EXPERIMENT_ONLY
2024-10-28,22:00,test,2024,2024,15,16.11112119327319,1.1111211932731884,15,16,false,2024,2024-10,macro_non_southerly,14.951733333333333,0.04826666666666668,15,true,-1.0628545266065217,-1.159387859939855,1,true,false,false,true,-0.04826666666666668,1.1111211932731884,EXPERIMENT_ONLY
2024-10-28,23:00,test,2024,2024,15,16.273864811520728,1.2738648115207276,15,16,false,2024,2024-10,macro_non_southerly,14.951733333333333,0.04826666666666668,15,true,-1.225598144854061,-1.3221314781873943,1,true,false,false,true,-0.04826666666666668,1.2738648115207276,EXPERIMENT_ONLY
2024-10-29,20:00,test,2024,2024,17,17.36902182908881,0.3690218290888083,17,17,true,2024,2024-10,macro_non_southerly,15.773333333333333,1.2266666666666666,16,false,0.8576448375778583,-1.595688495755475,-1,false,true,true,false,-1.2266666666666666,0.3690218290888083,EXPERIMENT_ONLY
2024-10-29,21:00,test,2024,2024,17,17.609129940545582,0.6091299405455821,17,18,false,2024,2024-10,macro_non_southerly,15.773333333333333,1.2266666666666666,16,false,0.6175367261210845,-1.8357966072122487,0,false,true,false,false,-1.2266666666666666,0.6091299405455821,EXPERIMENT_ONLY
2024-10-29,22:00,test,2024,2024,17,17.406145134379518,0.4061451343795177,17,17,true,2024,2024-10,macro_non_southerly,15.773333333333333,1.2266666666666666,16,false,0.8205215322871489,-1.6328118010461843,-1,false,true,true,false,-1.2266666666666666,0.4061451343795177,EXPERIMENT_ONLY
2024-10-29,23:00,test,2024,2024,17,16.60220315505729,0.39779684494271095,17,17,true,2024,2024-10,macro_non_southerly,15.773333333333333,1.2266666666666666,16,false,0.8288698217239556,-0.8288698217239556,-1,false,true,true,false,-1.2266666666666666,-0.39779684494271095,EXPERIMENT_ONLY
2024-10-30,20:00,test,2024,2024,15,14.2681823949902,0.7318176050098,15,14,false,2024,2024-10,macro_non_southerly,14.477866666666667,0.5221333333333327,14,false,-0.2096842716764673,0.2096842716764673,0,true,false,false,false,-0.5221333333333327,-0.7318176050098,EXPERIMENT_ONLY
2024-10-30,21:00,test,2024,2024,15,13.550789649332664,1.449210350667336,15,14,false,2024,2024-10,macro_non_southerly,14.477866666666667,0.5221333333333327,14,false,-0.9270770173340033,0.9270770173340033,0,true,false,false,false,-0.5221333333333327,-1.449210350667336,EXPERIMENT_ONLY
2024-10-30,22:00,test,2024,2024,15,13.259266416600004,1.7407335833999955,15,13,false,2024,2024-10,macro_southerly_flow,14.477866666666667,0.5221333333333327,14,false,-1.2186002500666628,1.2186002500666628,0,true,false,false,false,-0.5221333333333327,-1.7407335833999955,EXPERIMENT_ONLY
2024-10-30,23:00,test,2024,2024,15,13.388446735921047,1.6115532640789532,15,13,false,2024,2024-10,macro_southerly_flow,14.477866666666667,0.5221333333333327,14,false,-1.0894199307456205,1.0894199307456205,0,true,false,false,false,-0.5221333333333327,-1.6115532640789532,EXPERIMENT_ONLY
2024-10-31,20:00,test,2024,2024,17,17.851084831402385,0.8510848314023853,17,18,false,2024,2024-10,macro_non_southerly,17.8856,0.8856000000000002,18,false,0.03451516859761483,0.03451516859761483,0,false,true,false,false,0.8856000000000002,0.8510848314023853,EXPERIMENT_ONLY
2024-10-31,21:00,test,2024,2024,17,18.342749094315895,1.342749094315895,17,18,false,2024,2024-10,macro_non_southerly,17.8856,0.8856000000000002,18,false,-0.4571490943158949,-0.4571490943158949,0,true,false,false,false,0.8856000000000002,1.342749094315895,EXPERIMENT_ONLY
2024-10-31,22:00,test,2024,2024,17,18.19641859935334,1.1964185993533398,17,18,false,2024,2024-10,macro_non_southerly,17.8856,0.8856000000000002,18,false,-0.31081859935333966,-0.31081859935333966,0,true,false,false,false,0.8856000000000002,1.1964185993533398,EXPERIMENT_ONLY
2024-10-31,23:00,test,2024,2024,17,18.176723653789303,1.1767236537893027,17,18,false,2024,2024-10,macro_non_southerly,17.8856,0.8856000000000002,18,false,-0.2911236537893025,-0.2911236537893025,0,true,false,false,false,0.8856000000000002,1.1767236537893027,EXPERIMENT_ONLY
2024-11-01,20:00,test,2024,2024,18,18.544818134881208,0.5448181348812078,18,19,false,2024,2024-11,macro_non_southerly,17.588533333333334,0.41146666666666576,18,true,-0.13335146821454202,-0.9562848015478735,1,true,false,false,true,-0.41146666666666576,0.5448181348812078,EXPERIMENT_ONLY
2024-11-01,21:00,test,2024,2024,18,18.551429810094014,0.5514298100940138,18,19,false,2024,2024-11,macro_non_southerly,17.588533333333334,0.41146666666666576,18,true,-0.13996314342734806,-0.9628964767606796,1,true,false,false,true,-0.41146666666666576,0.5514298100940138,EXPERIMENT_ONLY
2024-11-01,22:00,test,2024,2024,18,18.35845958628771,0.3584595862877116,18,18,true,2024,2024-11,macro_non_southerly,17.588533333333334,0.41146666666666576,18,true,0.053007080378954186,-0.7699262529543773,0,false,true,false,false,-0.41146666666666576,0.3584595862877116,EXPERIMENT_ONLY
2024-11-01,23:00,test,2024,2024,18,18.53110124636313,0.5311012463631286,18,19,false,2024,2024-11,macro_non_southerly,17.588533333333334,0.41146666666666576,18,true,-0.11963457969646285,-0.9425679130297944,1,true,false,false,true,-0.41146666666666576,0.5311012463631286,EXPERIMENT_ONLY
2024-11-02,20:00,test,2024,2024,18,17.78785777312503,0.21214222687497042,18,18,true,2024,2024-11,macro_non_southerly,18.104799999999997,0.10479999999999734,18,true,-0.10734222687497308,0.31694222687496776,0,true,false,false,false,0.10479999999999734,-0.21214222687497042,EXPERIMENT_ONLY
2024-11-02,21:00,test,2024,2024,18,18.003319188332863,0.0033191883328633764,18,18,true,2024,2024-11,macro_non_southerly,18.104799999999997,0.10479999999999734,18,true,0.10148081166713396,0.10148081166713396,0,false,true,false,false,0.10479999999999734,0.0033191883328633764,EXPERIMENT_ONLY
2024-11-02,22:00,test,2024,2024,18,18.21274870108338,0.21274870108338106,18,18,true,2024,2024-11,macro_non_southerly,18.104799999999997,0.10479999999999734,18,true,-0.10794870108338372,-0.10794870108338372,0,true,false,false,false,0.10479999999999734,0.21274870108338106,EXPERIMENT_ONLY
2024-11-02,23:00,test,2024,2024,18,18.235083722976572,0.23508372297657232,18,18,true,2024,2024-11,macro_non_southerly,18.104799999999997,0.10479999999999734,18,true,-0.13028372297657498,-0.13028372297657498,0,true,false,false,false,0.10479999999999734,0.23508372297657232,EXPERIMENT_ONLY
2024-11-03,20:00,test,2024,2024,13,12.873997610496549,0.12600238950345144,13,13,true,2024,2024-11,macro_southerly_flow,12.600266666666666,0.3997333333333337,13,true,0.2737309438298823,-0.2737309438298823,0,false,true,false,false,-0.3997333333333337,-0.12600238950345144,EXPERIMENT_ONLY
2024-11-03,21:00,test,2024,2024,13,13.014052234965952,0.014052234965951982,13,13,true,2024,2024-11,macro_southerly_flow,12.600266666666666,0.3997333333333337,13,true,0.38568109836738174,-0.4137855682992857,0,false,true,false,false,-0.3997333333333337,0.014052234965951982,EXPERIMENT_ONLY
2024-11-03,22:00,test,2024,2024,13,12.607396171065439,0.39260382893456125,13,13,true,2024,2024-11,macro_southerly_flow,12.600266666666666,0.3997333333333337,13,true,0.007129504398772468,-0.007129504398772468,0,false,true,false,false,-0.3997333333333337,-0.39260382893456125,EXPERIMENT_ONLY
2024-11-03,23:00,test,2024,2024,13,12.541046324740904,0.4589536752590959,13,13,true,2024,2024-11,macro_southerly_flow,12.600266666666666,0.3997333333333337,13,true,-0.0592203419257622,0.0592203419257622,0,true,false,false,false,-0.3997333333333337,-0.4589536752590959,EXPERIMENT_ONLY
2024-11-04,20:00,test,2024,2024,16,15.876887937693036,0.12311206230696392,16,16,true,2024,2024-11,macro_non_southerly,15.3872,0.6128,15,false,0.4896879376930361,-0.4896879376930361,-1,false,true,true,false,-0.6128,-0.12311206230696392,EXPERIMENT_ONLY
2024-11-04,21:00,test,2024,2024,16,16.518596916518288,0.5185969165182875,16,17,false,2024,2024-11,macro_non_southerly,15.3872,0.6128,15,false,0.09420308348171247,-1.1313969165182876,0,false,true,false,false,-0.6128,0.5185969165182875,EXPERIMENT_ONLY
2024-11-04,22:00,test,2024,2024,16,16.156828479920616,0.1568284799206161,16,16,true,2024,2024-11,macro_non_southerly,15.3872,0.6128,15,false,0.4559715200793839,-0.7696284799206161,-1,false,true,true,false,-0.6128,0.1568284799206161,EXPERIMENT_ONLY
2024-11-04,23:00,test,2024,2024,16,16.278510538990595,0.2785105389905951,16,16,true,2024,2024-11,macro_non_southerly,15.3872,0.6128,15,false,0.33428946100940493,-0.8913105389905951,-1,false,true,true,false,-0.6128,0.2785105389905951,EXPERIMENT_ONLY
2024-11-05,20:00,test,2024,2024,17,18.455234318023948,1.4552343180239475,17,18,false,2024,2024-11,macro_non_southerly,16.9144,0.08559999999999945,17,true,-1.369634318023948,-1.540834318023947,1,true,false,false,true,-0.08559999999999945,1.4552343180239475,EXPERIMENT_ONLY
2024-11-05,21:00,test,2024,2024,17,18.509913229797085,1.5099132297970854,17,19,false,2024,2024-11,macro_non_southerly,16.9144,0.08559999999999945,17,true,-1.424313229797086,-1.5955132297970849,1,true,false,false,true,-0.08559999999999945,1.5099132297970854,EXPERIMENT_ONLY
2024-11-05,22:00,test,2024,2024,17,18.393730882057405,1.3937308820574046,17,18,false,2024,2024-11,macro_non_southerly,16.9144,0.08559999999999945,17,true,-1.3081308820574051,-1.479330882057404,1,true,false,false,true,-0.08559999999999945,1.3937308820574046,EXPERIMENT_ONLY
2024-11-05,23:00,test,2024,2024,17,18.17683435318615,1.1768343531861483,17,18,false,2024,2024-11,macro_non_southerly,16.9144,0.08559999999999945,17,true,-1.0912343531861488,-1.2624343531861477,1,true,false,false,true,-0.08559999999999945,1.1768343531861483,EXPERIMENT_ONLY
2024-11-06,20:00,test,2024,2024,16,16.221025496293016,0.2210254962930165,16,16,true,2024,2024-11,macro_southerly_flow,17.0392,1.039200000000001,17,false,0.8181745037069845,0.8181745037069845,-1,false,true,true,false,1.039200000000001,0.2210254962930165,EXPERIMENT_ONLY
2024-11-06,21:00,test,2024,2024,16,17.13130288923992,1.1313028892399188,16,17,false,2024,2024-11,macro_non_southerly,17.0392,1.039200000000001,17,false,-0.09210288923991783,-0.09210288923991783,0,true,false,false,false,1.039200000000001,1.1313028892399188,EXPERIMENT_ONLY
2024-11-06,22:00,test,2024,2024,16,16.976162491780812,0.976162491780812,16,17,false,2024,2024-11,macro_non_southerly,17.0392,1.039200000000001,17,false,0.06303750821918896,0.06303750821918896,0,false,true,false,false,1.039200000000001,0.976162491780812,EXPERIMENT_ONLY
2024-11-06,23:00,test,2024,2024,16,17.49617756639326,1.4961775663932606,16,17,false,2024,2024-11,macro_non_southerly,17.0392,1.039200000000001,17,false,-0.4569775663932596,-0.4569775663932596,0,true,false,false,false,1.039200000000001,1.4961775663932606,EXPERIMENT_ONLY
2024-11-07,20:00,test,2024,2024,18,18.727485955824644,0.727485955824644,18,19,false,2024,2024-11,macro_non_southerly,17.649066666666666,0.35093333333333376,18,true,-0.3765526224913103,-1.0784192891579778,1,true,false,false,true,-0.35093333333333376,0.727485955824644,EXPERIMENT_ONLY
2024-11-07,21:00,test,2024,2024,18,18.697099429107453,0.6970994291074533,18,19,false,2024,2024-11,macro_non_southerly,17.649066666666666,0.35093333333333376,18,true,-0.3461660957741195,-1.048032762440787,1,true,false,false,true,-0.35093333333333376,0.6970994291074533,EXPERIMENT_ONLY
2024-11-07,22:00,test,2024,2024,18,18.535246624612206,0.5352466246122063,18,19,false,2024,2024-11,macro_non_southerly,17.649066666666666,0.35093333333333376,18,true,-0.18431329127887253,-0.88617995794554,1,true,false,false,true,-0.35093333333333376,0.5352466246122063,EXPERIMENT_ONLY
2024-11-07,23:00,test,2024,2024,18,19.428187270018178,1.428187270018178,18,19,false,2024,2024-11,macro_non_southerly,17.649066666666666,0.35093333333333376,18,true,-1.0772539366848441,-1.7791206033515117,1,true,false,false,true,-0.35093333333333376,1.428187270018178,EXPERIMENT_ONLY
2024-11-08,20:00,test,2024,2024,19,19.475045231714283,0.47504523171428303,19,19,true,2024,2024-11,macro_non_southerly,17.6512,1.3488000000000007,18,false,0.8737547682857176,-1.8238452317142837,-1,false,true,true,false,-1.3488000000000007,0.47504523171428303,EXPERIMENT_ONLY
2024-11-08,21:00,test,2024,2024,19,19.680385232709106,0.6803852327091064,19,20,false,2024,2024-11,macro_non_southerly,17.6512,1.3488000000000007,18,false,0.6684147672908942,-2.029185232709107,0,false,true,false,false,-1.3488000000000007,0.6803852327091064,EXPERIMENT_ONLY
2024-11-08,22:00,test,2024,2024,19,19.2069121167364,0.20691211673640098,19,19,true,2024,2024-11,macro_non_southerly,17.6512,1.3488000000000007,18,false,1.1418878832635997,-1.5557121167364016,-1,false,true,true,false,-1.3488000000000007,0.20691211673640098,EXPERIMENT_ONLY
2024-11-08,23:00,test,2024,2024,19,19.408591525991948,0.40859152599194815,19,19,true,2024,2024-11,macro_non_southerly,17.6512,1.3488000000000007,18,false,0.9402084740080525,-1.7573915259919488,-1,false,true,true,false,-1.3488000000000007,0.40859152599194815,EXPERIMENT_ONLY
2024-11-09,20:00,test,2024,2024,19,20.055275960086465,1.0552759600864654,19,20,false,2024,2024-11,macro_non_southerly,18.1992,0.8007999999999988,18,false,-0.25447596008646656,-1.8560759600864642,0,true,false,false,false,-0.8007999999999988,1.0552759600864654,EXPERIMENT_ONLY
2024-11-09,21:00,test,2024,2024,19,20.132278646662193,1.1322786466621935,19,20,false,2024,2024-11,macro_non_southerly,18.1992,0.8007999999999988,18,false,-0.3314786466621946,-1.9330786466621923,0,true,false,false,false,-0.8007999999999988,1.1322786466621935,EXPERIMENT_ONLY
2024-11-09,22:00,test,2024,2024,19,20.076062578408756,1.0760625784087559,19,20,false,2024,2024-11,macro_non_southerly,18.1992,0.8007999999999988,18,false,-0.275262578408757,-1.8768625784087547,0,true,false,false,false,-0.8007999999999988,1.0760625784087559,EXPERIMENT_ONLY
2024-11-09,23:00,test,2024,2024,19,20.081632403976794,1.0816324039767942,19,20,false,2024,2024-11,macro_non_southerly,18.1992,0.8007999999999988,18,false,-0.2808324039767953,-1.882432403976793,0,true,false,false,false,-0.8007999999999988,1.0816324039767942,EXPERIMENT_ONLY
2024-11-10,20:00,test,2024,2024,19,19.116361817697122,0.11636181769712195,19,19,true,2024,2024-11,macro_southerly_flow,18.625066666666665,0.3749333333333347,19,true,0.2585715156362127,-0.4912951510304566,0,false,true,false,false,-0.3749333333333347,0.11636181769712195,EXPERIMENT_ONLY
2024-11-10,21:00,test,2024,2024,19,19.189088651956308,0.18908865195630753,19,19,true,2024,2024-11,macro_southerly_flow,18.625066666666665,0.3749333333333347,19,true,0.18584468137702714,-0.5640219852896422,0,false,true,false,false,-0.3749333333333347,0.18908865195630753,EXPERIMENT_ONLY
2024-11-10,22:00,test,2024,2024,19,19.718569036598875,0.7185690365988755,19,20,false,2024,2024-11,macro_southerly_flow,18.625066666666665,0.3749333333333347,19,true,-0.3436357032655408,-1.0935023699322102,1,true,false,false,true,-0.3749333333333347,0.7185690365988755,EXPERIMENT_ONLY
2024-11-10,23:00,test,2024,2024,19,19.42262748930235,0.42262748930235006,19,19,true,2024,2024-11,macro_southerly_flow,18.625066666666665,0.3749333333333347,19,true,-0.047694155969015384,-0.7975608226356847,0,true,false,false,false,-0.3749333333333347,0.42262748930235006,EXPERIMENT_ONLY
2024-11-11,20:00,test,2024,2024,19,18.424151349862044,0.5758486501379565,19,18,false,2024,2024-11,macro_non_southerly,19.27386666666667,0.27386666666667026,19,true,-0.30198198347128624,0.8497153168046268,1,true,false,false,true,0.27386666666667026,-0.5758486501379565,EXPERIMENT_ONLY
2024-11-11,21:00,test,2024,2024,19,18.86306911025488,0.1369308897451198,19,19,true,2024,2024-11,macro_non_southerly,19.27386666666667,0.27386666666667026,19,true,0.13693577692155046,0.41079755641179005,0,false,true,false,false,0.27386666666667026,-0.1369308897451198,EXPERIMENT_ONLY
2024-11-11,22:00,test,2024,2024,19,18.684988380803308,0.3150116191966923,19,19,true,2024,2024-11,macro_non_southerly,19.27386666666667,0.27386666666667026,19,true,-0.04114495253002204,0.5888782858633625,0,true,false,false,false,0.27386666666667026,-0.3150116191966923,EXPERIMENT_ONLY
2024-11-11,23:00,test,2024,2024,19,18.76837648789748,0.2316235121025194,19,19,true,2024,2024-11,macro_non_southerly,19.27386666666667,0.27386666666667026,19,true,0.04224315456415084,0.5054901787691897,0,false,true,false,false,0.27386666666667026,-0.2316235121025194,EXPERIMENT_ONLY
2024-11-12,20:00,test,2024,2024,18,17.172563999754693,0.8274360002453065,18,17,false,2024,2024-11,macro_southerly_flow,19.170933333333334,1.170933333333334,19,false,0.34349733308802755,1.9983693335786405,0,false,true,false,false,1.170933333333334,-0.8274360002453065,EXPERIMENT_ONLY
2024-11-12,21:00,test,2024,2024,18,17.73290645993515,0.26709354006484887,18,18,true,2024,2024-11,macro_southerly_flow,19.170933333333334,1.170933333333334,19,false,0.9038397932684852,1.438026873398183,-1,false,true,true,false,1.170933333333334,-0.26709354006484887,EXPERIMENT_ONLY
2024-11-12,22:00,test,2024,2024,18,17.33354635050077,0.6664536494992284,18,17,false,2024,2024-11,macro_southerly_flow,19.170933333333334,1.170933333333334,19,false,0.5044796838341057,1.8373869828325624,0,false,true,false,false,1.170933333333334,-0.6664536494992284,EXPERIMENT_ONLY
2024-11-12,23:00,test,2024,2024,18,17.334855835549984,0.665144164450016,18,17,false,2024,2024-11,macro_southerly_flow,19.170933333333334,1.170933333333334,19,false,0.505789168883318,1.83607749778335,0,false,true,false,false,1.170933333333334,-0.665144164450016,EXPERIMENT_ONLY
2024-11-13,20:00,test,2024,2024,20,19.635280366920007,0.3647196330799929,20,20,true,2024,2024-11,macro_non_southerly,19.88186666666667,0.1181333333333292,20,true,-0.24658629974666368,0.24658629974666368,0,true,false,false,false,-0.1181333333333292,-0.3647196330799929,EXPERIMENT_ONLY
2024-11-13,21:00,test,2024,2024,20,20.55407670684774,0.5540767068477415,20,21,false,2024,2024-11,macro_non_southerly,19.88186666666667,0.1181333333333292,20,true,-0.43594337351441226,-0.6722100401810707,1,true,false,false,true,-0.1181333333333292,0.5540767068477415,EXPERIMENT_ONLY
2024-11-13,22:00,test,2024,2024,20,19.688711528630137,0.3112884713698634,20,20,true,2024,2024-11,macro_non_southerly,19.88186666666667,0.1181333333333292,20,true,-0.19315513803653417,0.19315513803653417,0,true,false,false,false,-0.1181333333333292,-0.3112884713698634,EXPERIMENT_ONLY
2024-11-13,23:00,test,2024,2024,20,19.76130335516859,0.2386966448314105,20,20,true,2024,2024-11,macro_non_southerly,19.88186666666667,0.1181333333333292,20,true,-0.1205633114980813,0.1205633114980813,0,true,false,false,false,-0.1181333333333292,-0.2386966448314105,EXPERIMENT_ONLY
2024-11-14,20:00,test,2024,2024,21,19.849611431987835,1.1503885680121648,21,20,false,2024,2024-11,macro_non_southerly,19.542666666666666,1.4573333333333345,20,false,0.30694476532116965,-0.30694476532116965,0,false,true,false,false,-1.4573333333333345,-1.1503885680121648,EXPERIMENT_ONLY
2024-11-14,21:00,test,2024,2024,21,19.875637719199545,1.1243622808004545,21,20,false,2024,2024-11,macro_non_southerly,19.542666666666666,1.4573333333333345,20,false,0.33297105253287995,-0.33297105253287995,0,false,true,false,false,-1.4573333333333345,-1.1243622808004545,EXPERIMENT_ONLY
2024-11-14,22:00,test,2024,2024,21,19.640684268692727,1.359315731307273,21,20,false,2024,2024-11,macro_non_southerly,19.542666666666666,1.4573333333333345,20,false,0.09801760202606147,-0.09801760202606147,0,false,true,false,false,-1.4573333333333345,-1.359315731307273,EXPERIMENT_ONLY
2024-11-14,23:00,test,2024,2024,21,20.327199353172837,0.672800646827163,21,20,false,2024,2024-11,macro_non_southerly,19.542666666666666,1.4573333333333345,20,false,0.7845326865061715,-0.7845326865061715,0,false,true,false,false,-1.4573333333333345,-0.672800646827163,EXPERIMENT_ONLY
2024-11-15,20:00,test,2024,2024,18,19.36550948358086,1.3655094835808583,18,19,false,2024,2024-11,macro_non_southerly,17.9224,0.07760000000000034,18,true,-1.287909483580858,-1.4431094835808587,1,true,false,false,true,-0.07760000000000034,1.3655094835808583,EXPERIMENT_ONLY
2024-11-15,21:00,test,2024,2024,18,19.216118319674393,1.2161183196743934,18,19,false,2024,2024-11,macro_non_southerly,17.9224,0.07760000000000034,18,true,-1.138518319674393,-1.2937183196743938,1,true,false,false,true,-0.07760000000000034,1.2161183196743934,EXPERIMENT_ONLY
2024-11-15,22:00,test,2024,2024,18,19.083471339801147,1.0834713398011466,18,19,false,2024,2024-11,macro_non_southerly,17.9224,0.07760000000000034,18,true,-1.0058713398011463,-1.161071339801147,1,true,false,false,true,-0.07760000000000034,1.0834713398011466,EXPERIMENT_ONLY
2024-11-15,23:00,test,2024,2024,18,18.70472847284293,0.7047284728429304,18,19,false,2024,2024-11,macro_non_southerly,17.9224,0.07760000000000034,18,true,-0.62712847284293,-0.7823284728429307,1,true,false,false,true,-0.07760000000000034,0.7047284728429304,EXPERIMENT_ONLY
2024-11-16,20:00,test,2024,2024,14,14.098430295270544,0.09843029527054448,14,14,true,2024,2024-11,macro_southerly_flow,14.3008,0.3008000000000006,14,true,0.20236970472945615,0.20236970472945615,0,false,true,false,false,0.3008000000000006,0.09843029527054448,EXPERIMENT_ONLY
2024-11-16,21:00,test,2024,2024,14,13.069096407054245,0.9309035929457554,14,13,false,2024,2024-11,macro_southerly_flow,14.3008,0.3008000000000006,14,true,-0.6301035929457548,1.231703592945756,1,true,false,false,true,0.3008000000000006,-0.9309035929457554,EXPERIMENT_ONLY
2024-11-16,22:00,test,2024,2024,14,12.81011709824651,1.1898829017534904,14,13,false,2024,2024-11,macro_southerly_flow,14.3008,0.3008000000000006,14,true,-0.8890829017534898,1.490682901753491,1,true,false,false,true,0.3008000000000006,-1.1898829017534904,EXPERIMENT_ONLY
2024-11-16,23:00,test,2024,2024,14,13.843330961773452,0.1566690382265481,14,14,true,2024,2024-11,macro_southerly_flow,14.3008,0.3008000000000006,14,true,0.14413096177345253,0.4574690382265487,0,false,true,false,false,0.3008000000000006,-0.1566690382265481,EXPERIMENT_ONLY
2024-11-17,20:00,test,2024,2024,15,14.160971853915733,0.8390281460842672,15,14,false,2024,2024-11,macro_southerly_flow,15.036266666666666,0.036266666666666225,15,true,-0.802761479417601,0.8752948127509335,1,true,false,false,true,0.036266666666666225,-0.8390281460842672,EXPERIMENT_ONLY
2024-11-17,21:00,test,2024,2024,15,14.117487935149445,0.8825120648505553,15,14,false,2024,2024-11,macro_southerly_flow,15.036266666666666,0.036266666666666225,15,true,-0.8462453981838891,0.9187787315172216,1,true,false,false,true,0.036266666666666225,-0.8825120648505553,EXPERIMENT_ONLY
2024-11-17,22:00,test,2024,2024,15,13.991464958078916,1.0085350419210837,15,14,false,2024,2024-11,macro_southerly_flow,15.036266666666666,0.036266666666666225,15,true,-0.9722683752544174,1.04480170858775,1,true,false,false,true,0.036266666666666225,-1.0085350419210837,EXPERIMENT_ONLY
2024-11-17,23:00,test,2024,2024,15,14.096513279246146,0.903486720753854,15,14,false,2024,2024-11,macro_southerly_flow,15.036266666666666,0.036266666666666225,15,true,-0.8672200540871877,0.9397533874205202,1,true,false,false,true,0.036266666666666225,-0.903486720753854,EXPERIMENT_ONLY
2024-11-18,20:00,test,2024,2024,20,17.901143366494946,2.0988566335050542,20,18,false,2024,2024-11,macro_non_southerly,18.302133333333337,1.6978666666666626,18,false,-0.4009899668383916,0.4009899668383916,0,true,false,false,false,-1.6978666666666626,-2.0988566335050542,EXPERIMENT_ONLY
2024-11-18,21:00,test,2024,2024,20,18.800567036545683,1.199432963454317,20,19,false,2024,2024-11,macro_non_southerly,18.302133333333337,1.6978666666666626,18,false,0.4984337032123456,-0.4984337032123456,0,false,true,false,false,-1.6978666666666626,-1.199432963454317,EXPERIMENT_ONLY
2024-11-18,22:00,test,2024,2024,20,18.556401089053853,1.4435989109461467,20,19,false,2024,2024-11,macro_non_southerly,18.302133333333337,1.6978666666666626,18,false,0.25426775572051596,-0.25426775572051596,0,false,true,false,false,-1.6978666666666626,-1.4435989109461467,EXPERIMENT_ONLY
2024-11-18,23:00,test,2024,2024,20,18.726181678369496,1.273818321630504,20,19,false,2024,2024-11,macro_non_southerly,18.302133333333337,1.6978666666666626,18,false,0.42404834503615874,-0.42404834503615874,0,false,true,false,false,-1.6978666666666626,-1.273818321630504,EXPERIMENT_ONLY
2024-11-19,20:00,test,2024,2024,19,18.67110469736559,0.328895302634411,19,19,true,2024,2024-11,macro_non_southerly,17.9792,1.0208000000000013,18,false,0.6919046973655902,-0.6919046973655902,-1,false,true,true,false,-1.0208000000000013,-0.328895302634411,EXPERIMENT_ONLY
2024-11-19,21:00,test,2024,2024,19,19.472510730770576,0.47251073077057626,19,19,true,2024,2024-11,macro_non_southerly,17.9792,1.0208000000000013,18,false,0.548289269229425,-1.4933107307705775,-1,false,true,true,false,-1.0208000000000013,0.47251073077057626,EXPERIMENT_ONLY
2024-11-19,22:00,test,2024,2024,19,19.436979243901348,0.436979243901348,19,19,true,2024,2024-11,macro_non_southerly,17.9792,1.0208000000000013,18,false,0.5838207560986532,-1.4577792439013493,-1,false,true,true,false,-1.0208000000000013,0.436979243901348,EXPERIMENT_ONLY
2024-11-19,23:00,test,2024,2024,19,19.634364443213766,0.6343644432137658,19,20,false,2024,2024-11,macro_non_southerly,17.9792,1.0208000000000013,18,false,0.3864355567862354,-1.655164443213767,0,false,true,false,false,-1.0208000000000013,0.6343644432137658,EXPERIMENT_ONLY
2024-11-20,20:00,test,2024,2024,19,18.751620487874398,0.24837951212560228,19,19,true,2024,2024-11,macro_non_southerly,17.985599999999998,1.014400000000002,18,false,0.7660204878743997,-0.7660204878743997,-1,false,true,true,false,-1.014400000000002,-0.24837951212560228,EXPERIMENT_ONLY
2024-11-20,21:00,test,2024,2024,19,18.6367328476071,0.3632671523929005,19,19,true,2024,2024-11,macro_non_southerly,17.985599999999998,1.014400000000002,18,false,0.6511328476071014,-0.6511328476071014,-1,false,true,true,false,-1.014400000000002,-0.3632671523929005,EXPERIMENT_ONLY
2024-11-20,22:00,test,2024,2024,19,18.464347450482684,0.5356525495173159,19,18,false,2024,2024-11,macro_non_southerly,17.985599999999998,1.014400000000002,18,false,0.4787474504826861,-0.4787474504826861,0,false,true,false,false,-1.014400000000002,-0.5356525495173159,EXPERIMENT_ONLY
2024-11-20,23:00,test,2024,2024,19,18.45068054450538,0.5493194554946186,19,18,false,2024,2024-11,macro_non_southerly,17.985599999999998,1.014400000000002,18,false,0.4650805445053834,-0.4650805445053834,0,false,true,false,false,-1.014400000000002,-0.5493194554946186,EXPERIMENT_ONLY
2024-11-21,20:00,test,2024,2024,17,18.468004890517552,1.4680048905175518,17,18,false,2024,2024-11,macro_non_southerly,16.09146666666667,0.908533333333331,16,false,-0.5594715571842208,-2.3765382238508828,0,true,false,false,false,-0.908533333333331,1.4680048905175518,EXPERIMENT_ONLY
2024-11-21,21:00,test,2024,2024,17,18.59170860184771,1.59170860184771,17,19,false,2024,2024-11,macro_non_southerly,16.09146666666667,0.908533333333331,16,false,-0.683175268514379,-2.500241935181041,0,true,false,false,false,-0.908533333333331,1.59170860184771,EXPERIMENT_ONLY
2024-11-21,22:00,test,2024,2024,17,16.772090308360664,0.2279096916393364,17,17,true,2024,2024-11,macro_non_southerly,16.09146666666667,0.908533333333331,16,false,0.6806236416939946,-0.6806236416939946,-1,false,true,true,false,-0.908533333333331,-0.2279096916393364,EXPERIMENT_ONLY
2024-11-21,23:00,test,2024,2024,17,16.321503776967102,0.6784962230328979,17,16,false,2024,2024-11,macro_non_southerly,16.09146666666667,0.908533333333331,16,false,0.23003711030043306,-0.23003711030043306,0,false,true,false,false,-0.908533333333331,-0.6784962230328979,EXPERIMENT_ONLY
2024-11-22,20:00,test,2024,2024,17,14.971178256490319,2.028821743509681,17,15,false,2024,2024-11,macro_southerly_flow,16.269333333333332,0.7306666666666679,16,false,-1.2981550768430132,1.2981550768430132,0,true,false,false,false,-0.7306666666666679,-2.028821743509681,EXPERIMENT_ONLY
2024-11-22,21:00,test,2024,2024,17,14.781606595761854,2.218393404238146,17,15,false,2024,2024-11,macro_southerly_flow,16.269333333333332,0.7306666666666679,16,false,-1.487726737571478,1.487726737571478,0,true,false,false,false,-0.7306666666666679,-2.218393404238146,EXPERIMENT_ONLY
2024-11-22,22:00,test,2024,2024,17,14.755132129564934,2.2448678704350655,17,15,false,2024,2024-11,macro_southerly_flow,16.269333333333332,0.7306666666666679,16,false,-1.5142012037683976,1.5142012037683976,0,true,false,false,false,-0.7306666666666679,-2.2448678704350655,EXPERIMENT_ONLY
2024-11-22,23:00,test,2024,2024,17,15.304325167835202,1.6956748321647979,17,15,false,2024,2024-11,macro_southerly_flow,16.269333333333332,0.7306666666666679,16,false,-0.96500816549813,0.96500816549813,0,true,false,false,false,-0.7306666666666679,-1.6956748321647979,EXPERIMENT_ONLY
2024-11-23,20:00,test,2024,2024,16,17.52435598132095,1.5243559813209515,16,18,false,2024,2024-11,macro_non_southerly,16.211199999999998,0.21119999999999806,16,true,-1.3131559813209535,-1.3131559813209535,1,true,false,false,true,0.21119999999999806,1.5243559813209515,EXPERIMENT_ONLY
2024-11-23,21:00,test,2024,2024,16,17.608806889101874,1.6088068891018743,16,18,false,2024,2024-11,macro_non_southerly,16.211199999999998,0.21119999999999806,16,true,-1.3976068891018762,-1.3976068891018762,1,true,false,false,true,0.21119999999999806,1.6088068891018743,EXPERIMENT_ONLY
2024-11-23,22:00,test,2024,2024,16,17.24645724393793,1.246457243937929,16,17,false,2024,2024-11,macro_non_southerly,16.211199999999998,0.21119999999999806,16,true,-1.0352572439379308,-1.0352572439379308,1,true,false,false,true,0.21119999999999806,1.246457243937929,EXPERIMENT_ONLY
2024-11-23,23:00,test,2024,2024,16,17.209964790050254,1.209964790050254,16,17,false,2024,2024-11,macro_non_southerly,16.211199999999998,0.21119999999999806,16,true,-0.9987647900502559,-0.9987647900502559,1,true,false,false,true,0.21119999999999806,1.209964790050254,EXPERIMENT_ONLY
2024-11-24,20:00,test,2024,2024,18,17.262686020190685,0.7373139798093149,18,17,false,2024,2024-11,macro_non_southerly,17.444533333333336,0.5554666666666641,17,false,-0.1818473131426508,0.1818473131426508,0,true,false,false,false,-0.5554666666666641,-0.7373139798093149,EXPERIMENT_ONLY
2024-11-24,21:00,test,2024,2024,18,17.291276753637927,0.708723246362073,18,17,false,2024,2024-11,macro_non_southerly,17.444533333333336,0.5554666666666641,17,false,-0.15325657969540885,0.15325657969540885,0,true,false,false,false,-0.5554666666666641,-0.708723246362073,EXPERIMENT_ONLY
2024-11-24,22:00,test,2024,2024,18,17.33143869602853,0.6685613039714688,18,17,false,2024,2024-11,macro_non_southerly,17.444533333333336,0.5554666666666641,17,false,-0.11309463730480473,0.11309463730480473,0,true,false,false,false,-0.5554666666666641,-0.6685613039714688,EXPERIMENT_ONLY
2024-11-24,23:00,test,2024,2024,18,17.899423799042516,0.10057620095748376,18,18,true,2024,2024-11,macro_non_southerly,17.444533333333336,0.5554666666666641,17,false,0.45489046570918035,-0.45489046570918035,-1,false,true,true,false,-0.5554666666666641,-0.10057620095748376,EXPERIMENT_ONLY
2024-11-25,20:00,test,2024,2024,20,19.837205315477984,0.16279468452201584,20,20,true,2024,2024-11,macro_non_southerly,19.580533333333335,0.4194666666666649,20,true,0.25667198214464904,-0.25667198214464904,0,false,true,false,false,-0.4194666666666649,-0.16279468452201584,EXPERIMENT_ONLY
2024-11-25,21:00,test,2024,2024,20,20.40652209878588,0.4065220987858815,20,20,true,2024,2024-11,macro_non_southerly,19.580533333333335,0.4194666666666649,20,true,0.012944567880783353,-0.8259887654525464,0,false,true,false,false,-0.4194666666666649,0.4065220987858815,EXPERIMENT_ONLY
2024-11-25,22:00,test,2024,2024,20,20.264264358139968,0.2642643581399682,20,20,true,2024,2024-11,macro_non_southerly,19.580533333333335,0.4194666666666649,20,true,0.1552023085266967,-0.6837310248066331,0,false,true,false,false,-0.4194666666666649,0.2642643581399682,EXPERIMENT_ONLY
2024-11-25,23:00,test,2024,2024,20,20.32230116725749,0.32230116725748914,20,20,true,2024,2024-11,macro_non_southerly,19.580533333333335,0.4194666666666649,20,true,0.09716549940917574,-0.741767833924154,0,false,true,false,false,-0.4194666666666649,0.32230116725748914,EXPERIMENT_ONLY
2024-11-26,20:00,test,2024,2024,21,21.023930652109055,0.023930652109054762,21,21,true,2024,2024-11,macro_non_southerly,21.085333333333335,0.0853333333333346,21,true,0.06140268122427983,0.06140268122427983,0,false,true,false,false,0.0853333333333346,0.023930652109054762,EXPERIMENT_ONLY
2024-11-26,21:00,test,2024,2024,21,21.059251447144486,0.05925144714448649,21,21,true,2024,2024-11,macro_non_southerly,21.085333333333335,0.0853333333333346,21,true,0.026081886188848102,0.026081886188848102,0,false,true,false,false,0.0853333333333346,0.05925144714448649,EXPERIMENT_ONLY
2024-11-26,22:00,test,2024,2024,21,20.824473071922657,0.1755269280773426,21,21,true,2024,2024-11,macro_non_southerly,21.085333333333335,0.0853333333333346,21,true,-0.09019359474400801,0.2608602614106772,0,true,false,false,false,0.0853333333333346,-0.1755269280773426,EXPERIMENT_ONLY
2024-11-26,23:00,test,2024,2024,21,20.84912339387707,0.15087660612293163,21,21,true,2024,2024-11,macro_non_southerly,21.085333333333335,0.0853333333333346,21,true,-0.06554327278959704,0.23620993945626623,0,true,false,false,false,0.0853333333333346,-0.15087660612293163,EXPERIMENT_ONLY
2024-11-27,20:00,test,2024,2024,21,20.338110045148156,0.6618899548518442,21,20,false,2024,2024-11,macro_non_southerly,20.818933333333334,0.18106666666666626,21,true,-0.48082328818517794,0.48082328818517794,1,true,false,false,true,-0.18106666666666626,-0.6618899548518442,EXPERIMENT_ONLY
2024-11-27,21:00,test,2024,2024,21,20.485682058819744,0.5143179411802556,21,20,false,2024,2024-11,macro_non_southerly,20.818933333333334,0.18106666666666626,21,true,-0.3332512745135894,0.3332512745135894,1,true,false,false,true,-0.18106666666666626,-0.5143179411802556,EXPERIMENT_ONLY
2024-11-27,22:00,test,2024,2024,21,19.713826730131895,1.2861732698681045,21,20,false,2024,2024-11,macro_non_southerly,20.818933333333334,0.18106666666666626,21,true,-1.1051066032014383,1.1051066032014383,1,true,false,false,true,-0.18106666666666626,-1.2861732698681045,EXPERIMENT_ONLY
2024-11-27,23:00,test,2024,2024,21,19.44831248894748,1.5516875110525206,21,19,false,2024,2024-11,macro_non_southerly,20.818933333333334,0.18106666666666626,21,true,-1.3706208443858543,1.3706208443858543,1,true,false,false,true,-0.18106666666666626,-1.5516875110525206,EXPERIMENT_ONLY
2024-11-28,20:00,test,2024,2024,19,20.53911123211676,1.5391112321167597,19,21,false,2024,2024-11,macro_non_southerly,18.964266666666667,0.03573333333333295,19,true,-1.5033778987834268,-1.5748445654500927,1,true,false,false,true,-0.03573333333333295,1.5391112321167597,EXPERIMENT_ONLY
2024-11-28,21:00,test,2024,2024,19,20.684044707971488,1.6840447079714878,19,21,false,2024,2024-11,macro_non_southerly,18.964266666666667,0.03573333333333295,19,true,-1.6483113746381548,-1.7197780413048207,1,true,false,false,true,-0.03573333333333295,1.6840447079714878,EXPERIMENT_ONLY
2024-11-28,22:00,test,2024,2024,19,20.686027092291884,1.6860270922918836,19,21,false,2024,2024-11,macro_non_southerly,18.964266666666667,0.03573333333333295,19,true,-1.6502937589585507,-1.7217604256252166,1,true,false,false,true,-0.03573333333333295,1.6860270922918836,EXPERIMENT_ONLY
2024-11-28,23:00,test,2024,2024,19,20.884243887005532,1.8842438870055318,19,21,false,2024,2024-11,macro_non_southerly,18.964266666666667,0.03573333333333295,19,true,-1.8485105536721989,-1.9199772203388648,1,true,false,false,true,-0.03573333333333295,1.8842438870055318,EXPERIMENT_ONLY
2024-11-29,20:00,test,2024,2024,17,18.729753737465945,1.7297537374659449,17,19,false,2024,2024-11,macro_non_southerly,17.1344,0.1343999999999994,17,true,-1.5953537374659454,-1.5953537374659454,1,true,false,false,true,0.1343999999999994,1.7297537374659449,EXPERIMENT_ONLY
2024-11-29,21:00,test,2024,2024,17,19.419585157006118,2.419585157006118,17,19,false,2024,2024-11,macro_southerly_flow,17.1344,0.1343999999999994,17,true,-2.2851851570061186,-2.2851851570061186,1,true,false,false,true,0.1343999999999994,2.419585157006118,EXPERIMENT_ONLY
2024-11-29,22:00,test,2024,2024,17,19.108432949795688,2.108432949795688,17,19,false,2024,2024-11,macro_southerly_flow,17.1344,0.1343999999999994,17,true,-1.9740329497956886,-1.9740329497956886,1,true,false,false,true,0.1343999999999994,2.108432949795688,EXPERIMENT_ONLY
2024-11-29,23:00,test,2024,2024,17,19.317640005690965,2.317640005690965,17,19,false,2024,2024-11,macro_southerly_flow,17.1344,0.1343999999999994,17,true,-2.1832400056909655,-2.1832400056909655,1,true,false,false,true,0.1343999999999994,2.317640005690965,EXPERIMENT_ONLY
2024-11-30,20:00,test,2024,2024,17,16.854595843323086,0.1454041566769142,17,17,true,2024,2024-11,macro_southerly_flow,17.377333333333333,0.37733333333333263,17,true,0.23192917665641843,0.5227374900102468,0,false,true,false,false,0.37733333333333263,-0.1454041566769142,EXPERIMENT_ONLY
2024-11-30,21:00,test,2024,2024,17,16.96168324133062,0.038316758669381557,17,17,true,2024,2024-11,macro_southerly_flow,17.377333333333333,0.37733333333333263,17,true,0.3390165746639511,0.4156500920027142,0,false,true,false,false,0.37733333333333263,-0.038316758669381557,EXPERIMENT_ONLY
2024-11-30,22:00,test,2024,2024,17,16.797190305517333,0.20280969448266717,17,17,true,2024,2024-11,macro_southerly_flow,17.377333333333333,0.37733333333333263,17,true,0.17452363885066546,0.5801430278159998,0,false,true,false,false,0.37733333333333263,-0.20280969448266717,EXPERIMENT_ONLY
2024-11-30,23:00,test,2024,2024,17,16.7990622503309,0.2009377496691016,17,17,true,2024,2024-11,macro_southerly_flow,17.377333333333333,0.37733333333333263,17,true,0.17639558366423103,0.5782710830024342,0,false,true,false,false,0.37733333333333263,-0.2009377496691016,EXPERIMENT_ONLY
2024-12-01,20:00,test,2024,2024,22,19.768401966681225,2.2315980333187753,22,20,false,2024,2024-12,macro_non_southerly,20.2712,1.7287999999999997,20,false,-0.5027980333187756,0.5027980333187756,0,true,false,false,false,-1.7287999999999997,-2.2315980333187753,EXPERIMENT_ONLY
2024-12-01,21:00,test,2024,2024,22,20.61875992676878,1.3812400732312184,22,21,false,2024,2024-12,macro_non_southerly,20.2712,1.7287999999999997,20,false,0.3475599267687812,-0.3475599267687812,0,false,true,false,false,-1.7287999999999997,-1.3812400732312184,EXPERIMENT_ONLY
2024-12-01,22:00,test,2024,2024,22,20.443775004690803,1.5562249953091971,22,20,false,2024,2024-12,macro_non_southerly,20.2712,1.7287999999999997,20,false,0.17257500469080256,-0.17257500469080256,0,false,true,false,false,-1.7287999999999997,-1.5562249953091971,EXPERIMENT_ONLY
2024-12-01,23:00,test,2024,2024,22,20.541191682288208,1.4588083177117923,22,21,false,2024,2024-12,macro_non_southerly,20.2712,1.7287999999999997,20,false,0.26999168228820736,-0.26999168228820736,0,false,true,false,false,-1.7287999999999997,-1.4588083177117923,EXPERIMENT_ONLY
2024-12-02,20:00,test,2024,2024,22,21.301033106476172,0.6989668935238278,22,21,false,2024,2024-12,macro_non_southerly,19.568533333333335,2.4314666666666653,20,false,1.7324997731428375,-1.7324997731428375,0,false,true,false,false,-2.4314666666666653,-0.6989668935238278,EXPERIMENT_ONLY
2024-12-02,21:00,test,2024,2024,22,21.523124786484612,0.4768752135153882,22,22,true,2024,2024-12,macro_non_southerly,19.568533333333335,2.4314666666666653,20,false,1.9545914531512771,-1.9545914531512771,-1,false,true,true,false,-2.4314666666666653,-0.4768752135153882,EXPERIMENT_ONLY
2024-12-02,22:00,test,2024,2024,22,21.277979007902612,0.7220209920973879,22,21,false,2024,2024-12,macro_non_southerly,19.568533333333335,2.4314666666666653,20,false,1.7094456745692774,-1.7094456745692774,0,false,true,false,false,-2.4314666666666653,-0.7220209920973879,EXPERIMENT_ONLY
2024-12-02,23:00,test,2024,2024,22,21.376548978410927,0.623451021589073,22,21,false,2024,2024-12,macro_non_southerly,19.568533333333335,2.4314666666666653,20,false,1.8080156450775924,-1.8080156450775924,0,false,true,false,false,-2.4314666666666653,-0.623451021589073,EXPERIMENT_ONLY
2024-12-03,20:00,test,2024,2024,21,21.837105191835622,0.8371051918356223,21,22,false,2024,2024-12,macro_non_southerly,19.519466666666666,1.4805333333333337,20,false,0.6434281414977114,-2.317638525168956,0,false,true,false,false,-1.4805333333333337,0.8371051918356223,EXPERIMENT_ONLY
2024-12-03,21:00,test,2024,2024,21,21.852033554763192,0.8520335547631923,21,22,false,2024,2024-12,macro_non_southerly,19.519466666666666,1.4805333333333337,20,false,0.6284997785701414,-2.332566888096526,0,false,true,false,false,-1.4805333333333337,0.8520335547631923,EXPERIMENT_ONLY
2024-12-03,22:00,test,2024,2024,21,21.764715003174953,0.7647150031749526,21,22,false,2024,2024-12,macro_non_southerly,19.519466666666666,1.4805333333333337,20,false,0.7158183301583811,-2.2452483365082863,0,false,true,false,false,-1.4805333333333337,0.7647150031749526,EXPERIMENT_ONLY
2024-12-03,23:00,test,2024,2024,21,21.759531233422564,0.7595312334225639,21,22,false,2024,2024-12,macro_non_southerly,19.519466666666666,1.4805333333333337,20,false,0.7210020999107698,-2.2400645667558976,0,false,true,false,false,-1.4805333333333337,0.7595312334225639,EXPERIMENT_ONLY
2024-12-04,20:00,test,2024,2024,21,21.836029601216545,0.8360296012165449,21,22,false,2024,2024-12,macro_non_southerly,21.393066666666666,0.393066666666666,21,true,-0.4429629345498789,-0.4429629345498789,1,true,false,false,true,0.393066666666666,0.8360296012165449,EXPERIMENT_ONLY
2024-12-04,21:00,test,2024,2024,21,21.713234221401976,0.7132342214019758,21,22,false,2024,2024-12,macro_non_southerly,21.393066666666666,0.393066666666666,21,true,-0.3201675547353098,-0.3201675547353098,1,true,false,false,true,0.393066666666666,0.7132342214019758,EXPERIMENT_ONLY
2024-12-04,22:00,test,2024,2024,21,21.583905074987456,0.5839050749874559,21,22,false,2024,2024-12,macro_non_southerly,21.393066666666666,0.393066666666666,21,true,-0.1908384083207899,-0.1908384083207899,1,true,false,false,true,0.393066666666666,0.5839050749874559,EXPERIMENT_ONLY
2024-12-04,23:00,test,2024,2024,21,21.852501055251977,0.8525010552519774,21,22,false,2024,2024-12,macro_non_southerly,21.393066666666666,0.393066666666666,21,true,-0.4594343885853114,-0.4594343885853114,1,true,false,false,true,0.393066666666666,0.8525010552519774,EXPERIMENT_ONLY
2024-12-05,20:00,test,2024,2024,22,21.65755543129764,0.3424445687023585,22,22,true,2024,2024-12,macro_non_southerly,21.691733333333335,0.3082666666666647,22,true,-0.03417790203569382,0.03417790203569382,0,true,false,false,false,-0.3082666666666647,-0.3424445687023585,EXPERIMENT_ONLY
2024-12-05,21:00,test,2024,2024,22,21.870011868541884,0.12998813145811638,22,22,true,2024,2024-12,macro_non_southerly,21.691733333333335,0.3082666666666647,22,true,0.1782785352085483,-0.1782785352085483,0,false,true,false,false,-0.3082666666666647,-0.12998813145811638,EXPERIMENT_ONLY
2024-12-05,22:00,test,2024,2024,22,22.117784423694236,0.11778442369423558,22,22,true,2024,2024-12,macro_non_southerly,21.691733333333335,0.3082666666666647,22,true,0.1904822429724291,-0.4260510903609003,0,false,true,false,false,-0.3082666666666647,0.11778442369423558,EXPERIMENT_ONLY
2024-12-05,23:00,test,2024,2024,22,22.356200780413072,0.35620078041307224,22,22,true,2024,2024-12,macro_non_southerly,21.691733333333335,0.3082666666666647,22,true,-0.04793411374640755,-0.6644674470797369,0,true,false,false,false,-0.3082666666666647,0.35620078041307224,EXPERIMENT_ONLY
2024-12-06,20:00,test,2024,2024,19,19.586261469956018,0.5862614699560176,19,20,false,2024,2024-12,macro_non_southerly,18.36293333333333,0.6370666666666693,18,false,0.05080519671065176,-1.223328136622687,0,false,true,false,false,-0.6370666666666693,0.5862614699560176,EXPERIMENT_ONLY
2024-12-06,21:00,test,2024,2024,19,19.876656892356866,0.8766568923568663,19,20,false,2024,2024-12,macro_non_southerly,18.36293333333333,0.6370666666666693,18,false,-0.23959022569019695,-1.5137235590235356,0,true,false,false,false,-0.6370666666666693,0.8766568923568663,EXPERIMENT_ONLY
2024-12-06,22:00,test,2024,2024,19,18.73575547129472,0.26424452870528015,19,19,true,2024,2024-12,macro_southerly_flow,18.36293333333333,0.6370666666666693,18,false,0.3728221379613892,-0.3728221379613892,-1,false,true,true,false,-0.6370666666666693,-0.26424452870528015,EXPERIMENT_ONLY
2024-12-06,23:00,test,2024,2024,19,19.73566852432163,0.7356685243216283,19,20,false,2024,2024-12,macro_non_southerly,18.36293333333333,0.6370666666666693,18,false,-0.09860185765495899,-1.3727351909882977,0,true,false,false,false,-0.6370666666666693,0.7356685243216283,EXPERIMENT_ONLY
2024-12-07,20:00,test,2024,2024,21,19.63236849737051,1.3676315026294894,21,20,false,2024,2024-12,macro_southerly_flow,20.493066666666667,0.5069333333333326,20,false,-0.8606981692961568,0.8606981692961568,0,true,false,false,false,-0.5069333333333326,-1.3676315026294894,EXPERIMENT_ONLY
2024-12-07,21:00,test,2024,2024,21,20.748609955759544,0.2513900442404555,21,21,true,2024,2024-12,macro_southerly_flow,20.493066666666667,0.5069333333333326,20,false,0.25554328909287705,-0.25554328909287705,-1,false,true,true,false,-0.5069333333333326,-0.2513900442404555,EXPERIMENT_ONLY
2024-12-07,22:00,test,2024,2024,21,20.886851381525986,0.11314861847401403,21,21,true,2024,2024-12,macro_non_southerly,20.493066666666667,0.5069333333333326,20,false,0.39378471485931854,-0.39378471485931854,-1,false,true,true,false,-0.5069333333333326,-0.11314861847401403,EXPERIMENT_ONLY
2024-12-07,23:00,test,2024,2024,21,21.030378334320222,0.030378334320221967,21,21,true,2024,2024-12,macro_non_southerly,20.493066666666667,0.5069333333333326,20,false,0.4765549990131106,-0.5373116676535545,-1,false,true,true,false,-0.5069333333333326,0.030378334320221967,EXPERIMENT_ONLY
2024-12-08,20:00,test,2024,2024,20,21.18121448633655,1.1812144863365504,20,21,false,2024,2024-12,macro_non_southerly,19.28533333333333,0.7146666666666697,19,false,-0.4665478196698807,-1.89588115300322,0,true,false,false,false,-0.7146666666666697,1.1812144863365504,EXPERIMENT_ONLY
2024-12-08,21:00,test,2024,2024,20,20.936491641285148,0.9364916412851478,20,21,false,2024,2024-12,macro_non_southerly,19.28533333333333,0.7146666666666697,19,false,-0.22182497461847817,-1.6511583079518175,0,true,false,false,false,-0.7146666666666697,0.9364916412851478,EXPERIMENT_ONLY
2024-12-08,22:00,test,2024,2024,20,20.65728141396094,0.6572814139609413,20,21,false,2024,2024-12,macro_non_southerly,19.28533333333333,0.7146666666666697,19,false,0.05738525270572836,-1.371948080627611,0,false,true,false,false,-0.7146666666666697,0.6572814139609413,EXPERIMENT_ONLY
2024-12-08,23:00,test,2024,2024,20,20.930338068046872,0.930338068046872,20,21,false,2024,2024-12,macro_non_southerly,19.28533333333333,0.7146666666666697,19,false,-0.21567140138020235,-1.6450047347135417,0,true,false,false,false,-0.7146666666666697,0.930338068046872,EXPERIMENT_ONLY
2024-12-09,20:00,test,2024,2024,22,21.372403642472893,0.6275963575271071,22,21,false,2024,2024-12,macro_non_southerly,20.8368,1.1631999999999998,21,false,0.5356036424728927,-0.5356036424728927,0,false,true,false,false,-1.1631999999999998,-0.6275963575271071,EXPERIMENT_ONLY
2024-12-09,21:00,test,2024,2024,22,21.386906002129297,0.6130939978707026,22,21,false,2024,2024-12,macro_non_southerly,20.8368,1.1631999999999998,21,false,0.5501060021292972,-0.5501060021292972,0,false,true,false,false,-1.1631999999999998,-0.6130939978707026,EXPERIMENT_ONLY
2024-12-09,22:00,test,2024,2024,22,21.168152716143776,0.8318472838562236,22,21,false,2024,2024-12,macro_non_southerly,20.8368,1.1631999999999998,21,false,0.33135271614377615,-0.33135271614377615,0,false,true,false,false,-1.1631999999999998,-0.8318472838562236,EXPERIMENT_ONLY
2024-12-09,23:00,test,2024,2024,22,21.17704666799915,0.82295333200085,22,21,false,2024,2024-12,macro_non_southerly,20.8368,1.1631999999999998,21,false,0.3402466679991498,-0.3402466679991498,0,false,true,false,false,-1.1631999999999998,-0.82295333200085,EXPERIMENT_ONLY
2024-12-10,20:00,test,2024,2024,21,21.42866542312629,0.4286654231262901,21,21,true,2024,2024-12,macro_non_southerly,20.6744,0.32560000000000144,21,true,-0.10306542312628864,-0.7542654231262915,0,true,false,false,false,-0.32560000000000144,0.4286654231262901,EXPERIMENT_ONLY
2024-12-10,21:00,test,2024,2024,21,22.270674123836454,1.2706741238364536,21,22,false,2024,2024-12,macro_non_southerly,20.6744,0.32560000000000144,21,true,-0.9450741238364522,-1.596274123836455,1,true,false,false,true,-0.32560000000000144,1.2706741238364536,EXPERIMENT_ONLY
2024-12-10,22:00,test,2024,2024,21,22.1349006244389,1.1349006244388988,21,22,false,2024,2024-12,macro_non_southerly,20.6744,0.32560000000000144,21,true,-0.8093006244388974,-1.4605006244389003,1,true,false,false,true,-0.32560000000000144,1.1349006244388988,EXPERIMENT_ONLY
2024-12-10,23:00,test,2024,2024,21,22.136714318058186,1.1367143180581856,21,22,false,2024,2024-12,macro_non_southerly,20.6744,0.32560000000000144,21,true,-0.8111143180581841,-1.462314318058187,1,true,false,false,true,-0.32560000000000144,1.1367143180581856,EXPERIMENT_ONLY
2024-12-11,20:00,test,2024,2024,21,20.767968252239243,0.2320317477607574,21,21,true,2024,2024-12,macro_non_southerly,20.021333333333335,0.9786666666666655,20,false,0.746634918905908,-0.746634918905908,-1,false,true,true,false,-0.9786666666666655,-0.2320317477607574,EXPERIMENT_ONLY
2024-12-11,21:00,test,2024,2024,21,21.04965440742222,0.049654407422220714,21,21,true,2024,2024-12,macro_non_southerly,20.021333333333335,0.9786666666666655,20,false,0.9290122592444447,-1.0283210740888862,-1,false,true,true,false,-0.9786666666666655,0.049654407422220714,EXPERIMENT_ONLY
2024-12-11,22:00,test,2024,2024,21,20.930533674931755,0.06946632506824457,21,21,true,2024,2024-12,macro_non_southerly,20.021333333333335,0.9786666666666655,20,false,0.9092003415984209,-0.9092003415984209,-1,false,true,true,false,-0.9786666666666655,-0.06946632506824457,EXPERIMENT_ONLY
2024-12-11,23:00,test,2024,2024,21,21.05784969247383,0.057849692473830316,21,21,true,2024,2024-12,macro_non_southerly,20.021333333333335,0.9786666666666655,20,false,0.9208169741928351,-1.0365163591404958,-1,false,true,true,false,-0.9786666666666655,0.057849692473830316,EXPERIMENT_ONLY
2024-12-12,20:00,test,2024,2024,20,20.38897613841253,0.38897613841253076,20,20,true,2024,2024-12,macro_non_southerly,19.32346666666667,0.6765333333333317,19,false,0.2875571949208009,-1.0655094717458624,-1,false,true,true,false,-0.6765333333333317,0.38897613841253076,EXPERIMENT_ONLY
2024-12-12,21:00,test,2024,2024,20,21.029676575531816,1.0296765755318162,20,21,false,2024,2024-12,macro_non_southerly,19.32346666666667,0.6765333333333317,19,false,-0.3531432421984846,-1.706209908865148,0,true,false,false,false,-0.6765333333333317,1.0296765755318162,EXPERIMENT_ONLY
2024-12-12,22:00,test,2024,2024,20,20.2400100589089,0.2400100589089007,20,20,true,2024,2024-12,macro_non_southerly,19.32346666666667,0.6765333333333317,19,false,0.43652327442443095,-0.9165433922422324,-1,false,true,true,false,-0.6765333333333317,0.2400100589089007,EXPERIMENT_ONLY
2024-12-12,23:00,test,2024,2024,20,20.0905994557471,0.09059945574709971,20,20,true,2024,2024-12,macro_non_southerly,19.32346666666667,0.6765333333333317,19,false,0.5859338775862319,-0.7671327890804314,-1,false,true,true,false,-0.6765333333333317,0.09059945574709971,EXPERIMENT_ONLY
2024-12-13,20:00,test,2024,2024,24,21.898644578145216,2.101355421854784,24,22,false,2024,2024-12,macro_non_southerly,22.4632,1.5367999999999995,22,false,-0.5645554218547844,0.5645554218547844,0,true,false,false,false,-1.5367999999999995,-2.101355421854784,EXPERIMENT_ONLY
2024-12-13,21:00,test,2024,2024,24,22.37110462294019,1.6288953770598091,24,22,false,2024,2024-12,macro_non_southerly,22.4632,1.5367999999999995,22,false,-0.09209537705980964,0.09209537705980964,0,true,false,false,false,-1.5367999999999995,-1.6288953770598091,EXPERIMENT_ONLY
2024-12-13,22:00,test,2024,2024,24,22.454816454696473,1.5451835453035265,24,22,false,2024,2024-12,macro_non_southerly,22.4632,1.5367999999999995,22,false,-0.008383545303527029,0.008383545303527029,0,true,false,false,false,-1.5367999999999995,-1.5451835453035265,EXPERIMENT_ONLY
2024-12-13,23:00,test,2024,2024,24,22.52983383922588,1.47016616077412,24,23,false,2024,2024-12,macro_non_southerly,22.4632,1.5367999999999995,22,false,0.0666338392258794,-0.0666338392258794,0,false,true,false,false,-1.5367999999999995,-1.47016616077412,EXPERIMENT_ONLY
2024-12-14,20:00,test,2024,2024,22,22.33793222297113,0.3379322229711299,22,22,true,2024,2024-12,macro_non_southerly,20.69333333333333,1.3066666666666684,21,false,0.9687344436955385,-1.6445988896377983,-1,false,true,true,false,-1.3066666666666684,0.3379322229711299,EXPERIMENT_ONLY
2024-12-14,21:00,test,2024,2024,22,22.63447153219525,0.6344715321952492,22,23,false,2024,2024-12,macro_non_southerly,20.69333333333333,1.3066666666666684,21,false,0.6721951344714192,-1.9411381988619176,0,false,true,false,false,-1.3066666666666684,0.6344715321952492,EXPERIMENT_ONLY
2024-12-14,22:00,test,2024,2024,22,22.46312562116152,0.46312562116152023,22,22,true,2024,2024-12,macro_non_southerly,20.69333333333333,1.3066666666666684,21,false,0.8435410455051482,-1.7697922878281886,-1,false,true,true,false,-1.3066666666666684,0.46312562116152023,EXPERIMENT_ONLY
2024-12-14,23:00,test,2024,2024,22,22.590916719146485,0.5909167191464846,22,23,false,2024,2024-12,macro_non_southerly,20.69333333333333,1.3066666666666684,21,false,0.7157499475201838,-1.897583385813153,0,false,true,false,false,-1.3066666666666684,0.5909167191464846,EXPERIMENT_ONLY
2024-12-15,20:00,test,2024,2024,23,22.722726827571677,0.2772731724283233,23,23,true,2024,2024-12,macro_non_southerly,21.341333333333335,1.6586666666666652,21,false,1.381393494238342,-1.381393494238342,-1,false,true,true,false,-1.6586666666666652,-0.2772731724283233,EXPERIMENT_ONLY
2024-12-15,21:00,test,2024,2024,23,22.876785602192488,0.1232143978075122,23,23,true,2024,2024-12,macro_non_southerly,21.341333333333335,1.6586666666666652,21,false,1.535452268859153,-1.535452268859153,-1,false,true,true,false,-1.6586666666666652,-0.1232143978075122,EXPERIMENT_ONLY
2024-12-15,22:00,test,2024,2024,23,22.63799819356096,0.36200180643903934,23,23,true,2024,2024-12,macro_non_southerly,21.341333333333335,1.6586666666666652,21,false,1.2966648602276258,-1.2966648602276258,-1,false,true,true,false,-1.6586666666666652,-0.36200180643903934,EXPERIMENT_ONLY
2024-12-15,23:00,test,2024,2024,23,22.903674939755014,0.0963250602449861,23,23,true,2024,2024-12,macro_non_southerly,21.341333333333335,1.6586666666666652,21,false,1.562341606421679,-1.562341606421679,-1,false,true,true,false,-1.6586666666666652,-0.0963250602449861,EXPERIMENT_ONLY
2024-12-16,20:00,test,2024,2024,20,21.011874666995805,1.011874666995805,20,21,false,2024,2024-12,macro_non_southerly,20.6952,0.6951999999999998,21,false,-0.31667466699580515,-0.31667466699580515,0,true,false,false,false,0.6951999999999998,1.011874666995805,EXPERIMENT_ONLY
2024-12-16,21:00,test,2024,2024,20,21.201744889695586,1.2017448896955862,20,21,false,2024,2024-12,macro_non_southerly,20.6952,0.6951999999999998,21,false,-0.5065448896955864,-0.5065448896955864,0,true,false,false,false,0.6951999999999998,1.2017448896955862,EXPERIMENT_ONLY
2024-12-16,22:00,test,2024,2024,20,21.011945302827066,1.0119453028270655,20,21,false,2024,2024-12,macro_non_southerly,20.6952,0.6951999999999998,21,false,-0.3167453028270657,-0.3167453028270657,0,true,false,false,false,0.6951999999999998,1.0119453028270655,EXPERIMENT_ONLY
2024-12-16,23:00,test,2024,2024,20,21.259735877458528,1.259735877458528,20,21,false,2024,2024-12,macro_non_southerly,20.6952,0.6951999999999998,21,false,-0.5645358774585283,-0.5645358774585283,0,true,false,false,false,0.6951999999999998,1.259735877458528,EXPERIMENT_ONLY
2024-12-17,20:00,test,2024,2024,15,15.728548935907618,0.728548935907618,15,16,false,2024,2024-12,macro_southerly_flow,15.197866666666668,0.19786666666666797,15,true,-0.5306822692409501,-0.5306822692409501,1,true,false,false,true,0.19786666666666797,0.728548935907618,EXPERIMENT_ONLY
2024-12-17,21:00,test,2024,2024,15,15.609619763740625,0.6096197637406249,15,16,false,2024,2024-12,macro_southerly_flow,15.197866666666668,0.19786666666666797,15,true,-0.4117530970739569,-0.4117530970739569,1,true,false,false,true,0.19786666666666797,0.6096197637406249,EXPERIMENT_ONLY
2024-12-17,22:00,test,2024,2024,15,15.69096196695326,0.6909619669532603,15,16,false,2024,2024-12,macro_southerly_flow,15.197866666666668,0.19786666666666797,15,true,-0.4930953002865923,-0.4930953002865923,1,true,false,false,true,0.19786666666666797,0.6909619669532603,EXPERIMENT_ONLY
2024-12-17,23:00,test,2024,2024,15,15.587407696355754,0.5874076963557542,15,16,false,2024,2024-12,macro_southerly_flow,15.197866666666668,0.19786666666666797,15,true,-0.3895410296890862,-0.3895410296890862,1,true,false,false,true,0.19786666666666797,0.5874076963557542,EXPERIMENT_ONLY
2024-12-18,20:00,test,2024,2024,17,18.606502227218037,1.6065022272180371,17,19,false,2024,2024-12,macro_non_southerly,17.7664,0.7664000000000009,18,false,-0.8401022272180363,-0.8401022272180363,0,true,false,false,false,0.7664000000000009,1.6065022272180371,EXPERIMENT_ONLY
2024-12-18,21:00,test,2024,2024,17,18.7996864937225,1.7996864937225006,17,19,false,2024,2024-12,macro_non_southerly,17.7664,0.7664000000000009,18,false,-1.0332864937224997,-1.0332864937224997,0,true,false,false,false,0.7664000000000009,1.7996864937225006,EXPERIMENT_ONLY
2024-12-18,22:00,test,2024,2024,17,18.61022263351086,1.6102226335108583,17,19,false,2024,2024-12,macro_non_southerly,17.7664,0.7664000000000009,18,false,-0.8438226335108574,-0.8438226335108574,0,true,false,false,false,0.7664000000000009,1.6102226335108583,EXPERIMENT_ONLY
2024-12-18,23:00,test,2024,2024,17,18.65098638189044,1.6509863818904407,17,19,false,2024,2024-12,macro_non_southerly,17.7664,0.7664000000000009,18,false,-0.8845863818904398,-0.8845863818904398,0,true,false,false,false,0.7664000000000009,1.6509863818904407,EXPERIMENT_ONLY
2024-12-19,20:00,test,2024,2024,14,16.263534294922998,2.263534294922998,14,16,false,2024,2024-12,macro_southerly_flow,16.973599999999998,2.9735999999999976,17,false,0.7100657050769996,0.7100657050769996,0,false,true,false,false,2.9735999999999976,2.263534294922998,EXPERIMENT_ONLY
2024-12-19,21:00,test,2024,2024,14,16.128546799480436,2.1285467994804357,14,16,false,2024,2024-12,macro_southerly_flow,16.973599999999998,2.9735999999999976,17,false,0.8450532005195619,0.8450532005195619,0,false,true,false,false,2.9735999999999976,2.1285467994804357,EXPERIMENT_ONLY
2024-12-19,22:00,test,2024,2024,14,15.80190815929895,1.80190815929895,14,16,false,2024,2024-12,macro_southerly_flow,16.973599999999998,2.9735999999999976,17,false,1.1716918407010475,1.1716918407010475,0,false,true,false,false,2.9735999999999976,1.80190815929895,EXPERIMENT_ONLY
2024-12-19,23:00,test,2024,2024,14,16.427900500113655,2.4279005001136547,14,16,false,2024,2024-12,macro_southerly_flow,16.973599999999998,2.9735999999999976,17,false,0.5456994998863429,0.5456994998863429,0,false,true,false,false,2.9735999999999976,2.4279005001136547,EXPERIMENT_ONLY
2024-12-20,20:00,test,2024,2024,16,16.564379588661932,0.5643795886619323,16,17,false,2024,2024-12,macro_southerly_flow,17.058133333333334,1.058133333333334,17,false,0.49375374467140176,0.49375374467140176,0,false,true,false,false,1.058133333333334,0.5643795886619323,EXPERIMENT_ONLY
2024-12-20,21:00,test,2024,2024,16,16.353830201236857,0.3538302012368568,16,16,true,2024,2024-12,macro_southerly_flow,17.058133333333334,1.058133333333334,17,false,0.7043031320964772,0.7043031320964772,-1,false,true,true,false,1.058133333333334,0.3538302012368568,EXPERIMENT_ONLY
2024-12-20,22:00,test,2024,2024,16,16.127583761575504,0.12758376157550444,16,16,true,2024,2024-12,macro_southerly_flow,17.058133333333334,1.058133333333334,17,false,0.9305495717578296,0.9305495717578296,-1,false,true,true,false,1.058133333333334,0.12758376157550444,EXPERIMENT_ONLY
2024-12-20,23:00,test,2024,2024,16,16.0307790081502,0.030779008150201292,16,16,true,2024,2024-12,macro_southerly_flow,17.058133333333334,1.058133333333334,17,false,1.0273543251831327,1.0273543251831327,-1,false,true,true,false,1.058133333333334,0.030779008150201292,EXPERIMENT_ONLY
2024-12-21,20:00,test,2024,2024,23,21.2689101173852,1.7310898826147998,23,21,false,2024,2024-12,macro_non_southerly,22.831199999999995,0.1688000000000045,23,true,-1.5622898826147953,1.5622898826147953,1,true,false,false,true,-0.1688000000000045,-1.7310898826147998,EXPERIMENT_ONLY
2024-12-21,21:00,test,2024,2024,23,22.10892617068385,0.8910738293161486,23,22,false,2024,2024-12,macro_non_southerly,22.831199999999995,0.1688000000000045,23,true,-0.7222738293161441,0.7222738293161441,1,true,false,false,true,-0.1688000000000045,-0.8910738293161486,EXPERIMENT_ONLY
2024-12-21,22:00,test,2024,2024,23,22.030736239277996,0.9692637607220043,23,22,false,2024,2024-12,macro_non_southerly,22.831199999999995,0.1688000000000045,23,true,-0.8004637607219998,0.8004637607219998,1,true,false,false,true,-0.1688000000000045,-0.9692637607220043,EXPERIMENT_ONLY
2024-12-21,23:00,test,2024,2024,23,22.178911055508248,0.821088944491752,23,22,false,2024,2024-12,macro_non_southerly,22.831199999999995,0.1688000000000045,23,true,-0.6522889444917475,0.6522889444917475,1,true,false,false,true,-0.1688000000000045,-0.821088944491752,EXPERIMENT_ONLY
2024-12-22,20:00,test,2024,2024,21,20.94569001419084,0.05430998580915869,21,21,true,2024,2024-12,macro_non_southerly,19.7984,1.2015999999999991,20,false,1.1472900141908404,-1.1472900141908404,-1,false,true,true,false,-1.2015999999999991,-0.05430998580915869,EXPERIMENT_ONLY
2024-12-22,21:00,test,2024,2024,21,21.203047252051878,0.2030472520518778,21,21,true,2024,2024-12,macro_non_southerly,19.7984,1.2015999999999991,20,false,0.9985527479481213,-1.404647252051877,-1,false,true,true,false,-1.2015999999999991,0.2030472520518778,EXPERIMENT_ONLY
2024-12-22,22:00,test,2024,2024,21,21.138348161807013,0.13834816180701281,21,21,true,2024,2024-12,macro_non_southerly,19.7984,1.2015999999999991,20,false,1.0632518381929863,-1.339948161807012,-1,false,true,true,false,-1.2015999999999991,0.13834816180701281,EXPERIMENT_ONLY
2024-12-22,23:00,test,2024,2024,21,21.136111291897535,0.13611129189753512,21,21,true,2024,2024-12,macro_non_southerly,19.7984,1.2015999999999991,20,false,1.065488708102464,-1.3377112918975342,-1,false,true,true,false,-1.2015999999999991,0.13611129189753512,EXPERIMENT_ONLY
2024-12-23,20:00,test,2024,2024,22,21.685182636752025,0.3148173632479754,22,22,true,2024,2024-12,macro_non_southerly,20.7176,1.282399999999999,21,false,0.9675826367520237,-0.9675826367520237,-1,false,true,true,false,-1.282399999999999,-0.3148173632479754,EXPERIMENT_ONLY
2024-12-23,21:00,test,2024,2024,22,21.814112383041923,0.18588761695807676,22,22,true,2024,2024-12,macro_non_southerly,20.7176,1.282399999999999,21,false,1.0965123830419223,-1.0965123830419223,-1,false,true,true,false,-1.282399999999999,-0.18588761695807676,EXPERIMENT_ONLY
2024-12-23,22:00,test,2024,2024,22,21.61050593150074,0.3894940684992605,22,22,true,2024,2024-12,macro_non_southerly,20.7176,1.282399999999999,21,false,0.8929059315007386,-0.8929059315007386,-1,false,true,true,false,-1.282399999999999,-0.3894940684992605,EXPERIMENT_ONLY
2024-12-23,23:00,test,2024,2024,22,21.706817047308736,0.2931829526912644,22,22,true,2024,2024-12,macro_non_southerly,20.7176,1.282399999999999,21,false,0.9892170473087347,-0.9892170473087347,-1,false,true,true,false,-1.282399999999999,-0.2931829526912644,EXPERIMENT_ONLY
2024-12-24,20:00,test,2024,2024,22,21.72480664760411,0.27519335239588827,22,22,true,2024,2024-12,macro_non_southerly,21.262933333333333,0.7370666666666672,21,false,0.46187331427077893,-0.46187331427077893,-1,false,true,true,false,-0.7370666666666672,-0.27519335239588827,EXPERIMENT_ONLY
2024-12-24,21:00,test,2024,2024,22,21.905784710139965,0.0942152898600348,22,22,true,2024,2024-12,macro_non_southerly,21.262933333333333,0.7370666666666672,21,false,0.6428513768066324,-0.6428513768066324,-1,false,true,true,false,-0.7370666666666672,-0.0942152898600348,EXPERIMENT_ONLY
2024-12-24,22:00,test,2024,2024,22,21.875662523302147,0.12433747669785333,22,22,true,2024,2024-12,macro_non_southerly,21.262933333333333,0.7370666666666672,21,false,0.6127291899688139,-0.6127291899688139,-1,false,true,true,false,-0.7370666666666672,-0.12433747669785333,EXPERIMENT_ONLY
2024-12-24,23:00,test,2024,2024,22,22.001912067975194,0.001912067975194276,22,22,true,2024,2024-12,macro_non_southerly,21.262933333333333,0.7370666666666672,21,false,0.7351545986914729,-0.7389787346418615,-1,false,true,true,false,-0.7370666666666672,0.001912067975194276,EXPERIMENT_ONLY
2024-12-25,20:00,test,2024,2024,23,21.748375762207512,1.2516242377924875,23,22,false,2024,2024-12,macro_non_southerly,21.3752,1.6248000000000005,21,false,0.3731757622075129,-0.3731757622075129,0,false,true,false,false,-1.6248000000000005,-1.2516242377924875,EXPERIMENT_ONLY
2024-12-25,21:00,test,2024,2024,23,22.069151449760845,0.9308485502391548,23,22,false,2024,2024-12,macro_non_southerly,21.3752,1.6248000000000005,21,false,0.6939514497608457,-0.6939514497608457,0,false,true,false,false,-1.6248000000000005,-0.9308485502391548,EXPERIMENT_ONLY
2024-12-25,22:00,test,2024,2024,23,21.90206543853314,1.097934561466861,23,22,false,2024,2024-12,macro_non_southerly,21.3752,1.6248000000000005,21,false,0.5268654385331395,-0.5268654385331395,0,false,true,false,false,-1.6248000000000005,-1.097934561466861,EXPERIMENT_ONLY
2024-12-25,23:00,test,2024,2024,23,21.89380090787564,1.1061990921243599,23,22,false,2024,2024-12,macro_non_southerly,21.3752,1.6248000000000005,21,false,0.5186009078756406,-0.5186009078756406,0,false,true,false,false,-1.6248000000000005,-1.1061990921243599,EXPERIMENT_ONLY
2024-12-26,20:00,test,2024,2024,18,18.675372875640637,0.6753728756406367,18,19,false,2024,2024-12,macro_southerly_flow,19.59466666666667,1.5946666666666687,20,false,0.9192937910260319,0.9192937910260319,0,false,true,false,false,1.5946666666666687,0.6753728756406367,EXPERIMENT_ONLY
2024-12-26,21:00,test,2024,2024,18,19.088248205006956,1.0882482050069555,18,19,false,2024,2024-12,macro_southerly_flow,19.59466666666667,1.5946666666666687,20,false,0.5064184616597132,0.5064184616597132,0,false,true,false,false,1.5946666666666687,1.0882482050069555,EXPERIMENT_ONLY
2024-12-26,22:00,test,2024,2024,18,19.03689499848221,1.036894998482211,18,19,false,2024,2024-12,macro_southerly_flow,19.59466666666667,1.5946666666666687,20,false,0.5577716681844578,0.5577716681844578,0,false,true,false,false,1.5946666666666687,1.036894998482211,EXPERIMENT_ONLY
2024-12-26,23:00,test,2024,2024,18,18.792894801375787,0.7928948013757875,18,19,false,2024,2024-12,macro_southerly_flow,19.59466666666667,1.5946666666666687,20,false,0.8017718652908812,0.8017718652908812,0,false,true,false,false,1.5946666666666687,0.7928948013757875,EXPERIMENT_ONLY
2024-12-27,20:00,test,2024,2024,16,17.2527991279481,1.2527991279481014,16,17,false,2024,2024-12,macro_southerly_flow,17.142666666666667,1.142666666666667,17,false,-0.1101324612814345,-0.1101324612814345,0,true,false,false,false,1.142666666666667,1.2527991279481014,EXPERIMENT_ONLY
2024-12-27,21:00,test,2024,2024,16,17.13098266232411,1.1309826623241115,16,17,false,2024,2024-12,macro_southerly_flow,17.142666666666667,1.142666666666667,17,false,0.011684004342555454,0.011684004342555454,0,false,true,false,false,1.142666666666667,1.1309826623241115,EXPERIMENT_ONLY
2024-12-27,22:00,test,2024,2024,16,16.761318139308635,0.761318139308635,16,17,false,2024,2024-12,macro_southerly_flow,17.142666666666667,1.142666666666667,17,false,0.38134852735803193,0.38134852735803193,0,false,true,false,false,1.142666666666667,0.761318139308635,EXPERIMENT_ONLY
2024-12-27,23:00,test,2024,2024,16,17.207194186284152,1.207194186284152,16,17,false,2024,2024-12,macro_southerly_flow,17.142666666666667,1.142666666666667,17,false,-0.06452751961748504,-0.06452751961748504,0,true,false,false,false,1.142666666666667,1.207194186284152,EXPERIMENT_ONLY
2024-12-28,20:00,test,2024,2024,18,17.70490268077605,0.2950973192239488,18,18,true,2024,2024-12,macro_southerly_flow,20.114933333333333,2.114933333333333,20,false,1.8198360141093843,2.410030652557282,-1,false,true,true,false,2.114933333333333,-0.2950973192239488,EXPERIMENT_ONLY
2024-12-28,21:00,test,2024,2024,18,18.010020451331496,0.01002045133149565,18,18,true,2024,2024-12,macro_southerly_flow,20.114933333333333,2.114933333333333,20,false,2.1049128820018375,2.1049128820018375,-1,false,true,true,false,2.114933333333333,0.01002045133149565,EXPERIMENT_ONLY
2024-12-28,22:00,test,2024,2024,18,17.917236557195274,0.08276344280472614,18,18,true,2024,2024-12,macro_southerly_flow,20.114933333333333,2.114933333333333,20,false,2.032169890528607,2.1976967761380592,-1,false,true,true,false,2.114933333333333,-0.08276344280472614,EXPERIMENT_ONLY
2024-12-28,23:00,test,2024,2024,18,18.194245505618607,0.19424550561860698,18,18,true,2024,2024-12,macro_southerly_flow,20.114933333333333,2.114933333333333,20,false,1.9206878277147261,1.9206878277147261,-1,false,true,true,false,2.114933333333333,0.19424550561860698,EXPERIMENT_ONLY
2024-12-29,20:00,test,2024,2024,22,21.19266130686975,0.8073386931302515,22,21,false,2024,2024-12,macro_non_southerly,21.544266666666665,0.45573333333333466,22,true,-0.35160535979691687,0.35160535979691687,1,true,false,false,true,-0.45573333333333466,-0.8073386931302515,EXPERIMENT_ONLY
2024-12-29,21:00,test,2024,2024,22,21.627453292070488,0.37254670792951217,22,22,true,2024,2024-12,macro_non_southerly,21.544266666666665,0.45573333333333466,22,true,0.08318662540382249,-0.08318662540382249,0,false,true,false,false,-0.45573333333333466,-0.37254670792951217,EXPERIMENT_ONLY
2024-12-29,22:00,test,2024,2024,22,21.658851385592115,0.341148614407885,22,22,true,2024,2024-12,macro_non_southerly,21.544266666666665,0.45573333333333466,22,true,0.11458471892544964,-0.11458471892544964,0,false,true,false,false,-0.45573333333333466,-0.341148614407885,EXPERIMENT_ONLY
2024-12-29,23:00,test,2024,2024,22,21.81844168945877,0.18155831054123084,22,22,true,2024,2024-12,macro_non_southerly,21.544266666666665,0.45573333333333466,22,true,0.2741750227921038,-0.2741750227921038,0,false,true,false,false,-0.45573333333333466,-0.18155831054123084,EXPERIMENT_ONLY
2024-12-30,20:00,test,2024,2024,21,21.061465460064642,0.061465460064642485,21,21,true,2024,2024-12,macro_non_southerly,19.966133333333335,1.0338666666666647,20,false,0.9724012066020222,-1.0953321267313072,-1,false,true,true,false,-1.0338666666666647,0.061465460064642485,EXPERIMENT_ONLY
2024-12-30,21:00,test,2024,2024,21,20.845189931322142,0.15481006867785752,21,21,true,2024,2024-12,macro_non_southerly,19.966133333333335,1.0338666666666647,20,false,0.8790565979888072,-0.8790565979888072,-1,false,true,true,false,-1.0338666666666647,-0.15481006867785752,EXPERIMENT_ONLY
2024-12-30,22:00,test,2024,2024,21,20.039524357241426,0.9604756427585741,21,20,false,2024,2024-12,macro_non_southerly,19.966133333333335,1.0338666666666647,20,false,0.0733910239080906,-0.0733910239080906,0,false,true,false,false,-1.0338666666666647,-0.9604756427585741,EXPERIMENT_ONLY
2024-12-30,23:00,test,2024,2024,21,20.141421804405397,0.8585781955946032,21,20,false,2024,2024-12,macro_non_southerly,19.966133333333335,1.0338666666666647,20,false,0.17528847107206147,-0.17528847107206147,0,false,true,false,false,-1.0338666666666647,-0.8585781955946032,EXPERIMENT_ONLY
2024-12-31,20:00,test,2024,2024,16,16.7508057994843,0.7508057994843007,16,17,false,2024,2024-12,macro_southerly_flow,16.97093333333333,0.9709333333333312,17,false,0.2201275338490305,0.2201275338490305,0,false,true,false,false,0.9709333333333312,0.7508057994843007,EXPERIMENT_ONLY
2024-12-31,21:00,test,2024,2024,16,16.39174630735095,0.3917463073509495,16,16,true,2024,2024-12,macro_southerly_flow,16.97093333333333,0.9709333333333312,17,false,0.5791870259823817,0.5791870259823817,-1,false,true,true,false,0.9709333333333312,0.3917463073509495,EXPERIMENT_ONLY
2024-12-31,22:00,test,2024,2024,16,16.204813516078882,0.20481351607888243,16,16,true,2024,2024-12,macro_southerly_flow,16.97093333333333,0.9709333333333312,17,false,0.7661198172544488,0.7661198172544488,-1,false,true,true,false,0.9709333333333312,0.20481351607888243,EXPERIMENT_ONLY
2024-12-31,23:00,test,2024,2024,16,16.865760442109156,0.8657604421091563,16,17,false,2024,2024-12,macro_southerly_flow,16.97093333333333,0.9709333333333312,17,false,0.10517289122417495,0.10517289122417495,0,false,true,false,false,0.9709333333333312,0.8657604421091563,EXPERIMENT_ONLY
2025-01-01,20:00,test,2025,2025,15,15.514593744424591,0.5145937444245909,15,16,false,2025,2025-01,macro_southerly_flow,15.626933333333332,0.6269333333333318,16,false,0.11233958890874085,0.11233958890874085,0,false,true,false,false,0.6269333333333318,0.5145937444245909,EXPERIMENT_ONLY
2025-01-01,21:00,test,2025,2025,15,15.291690858357029,0.291690858357029,15,15,true,2025,2025-01,macro_southerly_flow,15.626933333333332,0.6269333333333318,16,false,0.3352424749763028,0.3352424749763028,-1,false,true,true,false,0.6269333333333318,0.291690858357029,EXPERIMENT_ONLY
2025-01-01,22:00,test,2025,2025,15,14.99539657737093,0.004603422629070764,15,15,true,2025,2025-01,macro_southerly_flow,15.626933333333332,0.6269333333333318,16,false,0.622329910704261,0.6315367559624026,-1,false,true,true,false,0.6269333333333318,-0.004603422629070764,EXPERIMENT_ONLY
2025-01-01,23:00,test,2025,2025,15,15.136560441565774,0.13656044156577352,15,15,true,2025,2025-01,macro_southerly_flow,15.626933333333332,0.6269333333333318,16,false,0.49037289176755827,0.49037289176755827,-1,false,true,true,false,0.6269333333333318,0.13656044156577352,EXPERIMENT_ONLY
2025-01-02,20:00,test,2025,2025,19,18.72489930385753,0.27510069614247,19,19,true,2025,2025-01,macro_southerly_flow,20.110666666666667,1.110666666666667,20,false,0.8355659705241969,1.385767362809137,-1,false,true,true,false,1.110666666666667,-0.27510069614247,EXPERIMENT_ONLY
2025-01-02,21:00,test,2025,2025,19,19.066137524242578,0.06613752424257768,19,19,true,2025,2025-01,macro_southerly_flow,20.110666666666667,1.110666666666667,20,false,1.0445291424240892,1.0445291424240892,-1,false,true,true,false,1.110666666666667,0.06613752424257768,EXPERIMENT_ONLY
2025-01-02,22:00,test,2025,2025,19,19.34051731258009,0.34051731258009,19,19,true,2025,2025-01,macro_southerly_flow,20.110666666666667,1.110666666666667,20,false,0.7701493540865769,0.7701493540865769,-1,false,true,true,false,1.110666666666667,0.34051731258009,EXPERIMENT_ONLY
2025-01-02,23:00,test,2025,2025,19,19.376205459968155,0.3762054599681548,19,19,true,2025,2025-01,macro_southerly_flow,20.110666666666667,1.110666666666667,20,false,0.7344612066985121,0.7344612066985121,-1,false,true,true,false,1.110666666666667,0.3762054599681548,EXPERIMENT_ONLY
2025-01-03,20:00,test,2025,2025,21,20.85488244092472,0.14511755907528112,21,21,true,2025,2025-01,macro_non_southerly,19.382933333333334,1.6170666666666662,19,false,1.471949107591385,-1.471949107591385,-1,false,true,true,false,-1.6170666666666662,-0.14511755907528112,EXPERIMENT_ONLY
2025-01-03,21:00,test,2025,2025,21,20.851217656506144,0.14878234349385622,21,21,true,2025,2025-01,macro_non_southerly,19.382933333333334,1.6170666666666662,19,false,1.46828432317281,-1.46828432317281,-1,false,true,true,false,-1.6170666666666662,-0.14878234349385622,EXPERIMENT_ONLY
2025-01-03,22:00,test,2025,2025,21,20.75925153743215,0.24074846256785065,21,21,true,2025,2025-01,macro_non_southerly,19.382933333333334,1.6170666666666662,19,false,1.3763182040988156,-1.3763182040988156,-1,false,true,true,false,-1.6170666666666662,-0.24074846256785065,EXPERIMENT_ONLY
2025-01-03,23:00,test,2025,2025,21,20.82815000067707,0.1718499993229301,21,21,true,2025,2025-01,macro_non_southerly,19.382933333333334,1.6170666666666662,19,false,1.445216667343736,-1.445216667343736,-1,false,true,true,false,-1.6170666666666662,-0.1718499993229301,EXPERIMENT_ONLY
2025-01-04,20:00,test,2025,2025,17,16.288429937113985,0.7115700628860147,17,16,false,2025,2025-01,macro_southerly_flow,16.195200000000003,0.8047999999999966,16,false,0.09322993711398198,-0.09322993711398198,0,false,true,false,false,-0.8047999999999966,-0.7115700628860147,EXPERIMENT_ONLY
2025-01-04,21:00,test,2025,2025,17,16.06899135040746,0.9310086495925383,17,16,false,2025,2025-01,macro_southerly_flow,16.195200000000003,0.8047999999999966,16,false,-0.12620864959254163,0.12620864959254163,0,true,false,false,false,-0.8047999999999966,-0.9310086495925383,EXPERIMENT_ONLY
2025-01-04,22:00,test,2025,2025,17,15.900694896969181,1.0993051030308187,17,16,false,2025,2025-01,macro_southerly_flow,16.195200000000003,0.8047999999999966,16,false,-0.2945051030308221,0.2945051030308221,0,true,false,false,false,-0.8047999999999966,-1.0993051030308187,EXPERIMENT_ONLY
2025-01-04,23:00,test,2025,2025,17,16.104671750393692,0.8953282496063082,17,16,false,2025,2025-01,macro_southerly_flow,16.195200000000003,0.8047999999999966,16,false,-0.09052824960631156,0.09052824960631156,0,true,false,false,false,-0.8047999999999966,-0.8953282496063082,EXPERIMENT_ONLY
2025-01-05,20:00,test,2025,2025,14,16.977173856768324,2.9771738567683244,14,17,false,2025,2025-01,macro_non_southerly,15.309066666666668,1.3090666666666682,15,false,-1.6681071901016562,-1.6681071901016562,0,true,false,false,false,1.3090666666666682,2.9771738567683244,EXPERIMENT_ONLY
2025-01-05,21:00,test,2025,2025,14,17.050305679266703,3.050305679266703,14,17,false,2025,2025-01,macro_non_southerly,15.309066666666668,1.3090666666666682,15,false,-1.741239012600035,-1.741239012600035,0,true,false,false,false,1.3090666666666682,3.050305679266703,EXPERIMENT_ONLY
2025-01-05,22:00,test,2025,2025,14,17.088176760433008,3.088176760433008,14,17,false,2025,2025-01,macro_non_southerly,15.309066666666668,1.3090666666666682,15,false,-1.7791100937663398,-1.7791100937663398,0,true,false,false,false,1.3090666666666682,3.088176760433008,EXPERIMENT_ONLY
2025-01-05,23:00,test,2025,2025,14,16.82221156316373,2.82221156316373,14,17,false,2025,2025-01,macro_non_southerly,15.309066666666668,1.3090666666666682,15,false,-1.513144896497062,-1.513144896497062,0,true,false,false,false,1.3090666666666682,2.82221156316373,EXPERIMENT_ONLY
2025-01-06,20:00,test,2025,2025,15,16.804998089449384,1.8049980894493842,15,17,false,2025,2025-01,macro_non_southerly,15.857866666666668,0.8578666666666681,16,false,-0.9471314227827161,-0.9471314227827161,0,true,false,false,false,0.8578666666666681,1.8049980894493842,EXPERIMENT_ONLY
2025-01-06,21:00,test,2025,2025,15,16.581210785077644,1.5812107850776442,15,17,false,2025,2025-01,macro_non_southerly,15.857866666666668,0.8578666666666681,16,false,-0.7233441184109761,-0.7233441184109761,0,true,false,false,false,0.8578666666666681,1.5812107850776442,EXPERIMENT_ONLY
2025-01-06,22:00,test,2025,2025,15,16.52142521126275,1.5214252112627484,15,17,false,2025,2025-01,macro_non_southerly,15.857866666666668,0.8578666666666681,16,false,-0.6635585445960803,-0.6635585445960803,0,true,false,false,false,0.8578666666666681,1.5214252112627484,EXPERIMENT_ONLY
2025-01-06,23:00,test,2025,2025,15,15.30454492000523,0.30454492000522926,15,15,true,2025,2025-01,macro_southerly_flow,15.857866666666668,0.8578666666666681,16,false,0.5533217466614389,0.5533217466614389,-1,false,true,true,false,0.8578666666666681,0.30454492000522926,EXPERIMENT_ONLY
2025-01-07,20:00,test,2025,2025,21,19.027993889904714,1.9720061100952861,21,19,false,2025,2025-01,macro_southerly_flow,20.459466666666664,0.540533333333336,20,false,-1.4314727767619502,1.4314727767619502,0,true,false,false,false,-0.540533333333336,-1.9720061100952861,EXPERIMENT_ONLY
2025-01-07,21:00,test,2025,2025,21,19.08894812485289,1.911051875147109,21,19,false,2025,2025-01,macro_southerly_flow,20.459466666666664,0.540533333333336,20,false,-1.370518541813773,1.370518541813773,0,true,false,false,false,-0.540533333333336,-1.911051875147109,EXPERIMENT_ONLY
2025-01-07,22:00,test,2025,2025,21,19.09225694609173,1.9077430539082698,21,19,false,2025,2025-01,macro_southerly_flow,20.459466666666664,0.540533333333336,20,false,-1.3672097205749338,1.3672097205749338,0,true,false,false,false,-0.540533333333336,-1.9077430539082698,EXPERIMENT_ONLY
2025-01-07,23:00,test,2025,2025,21,19.430301952697278,1.5696980473027224,21,19,false,2025,2025-01,macro_southerly_flow,20.459466666666664,0.540533333333336,20,false,-1.0291647139693865,1.0291647139693865,0,true,false,false,false,-0.540533333333336,-1.5696980473027224,EXPERIMENT_ONLY
2025-01-08,20:00,test,2025,2025,17,18.031199676779345,1.0311996767793445,17,18,false,2025,2025-01,macro_southerly_flow,16.911466666666666,0.08853333333333424,17,true,-0.9426663434460103,-1.1197330101126788,1,true,false,false,true,-0.08853333333333424,1.0311996767793445,EXPERIMENT_ONLY
2025-01-08,21:00,test,2025,2025,17,17.254854361559936,0.2548543615599357,17,17,true,2025,2025-01,macro_southerly_flow,16.911466666666666,0.08853333333333424,17,true,-0.16632102822660144,-0.3433876948932699,0,true,false,false,false,-0.08853333333333424,0.2548543615599357,EXPERIMENT_ONLY
2025-01-08,22:00,test,2025,2025,17,16.837556446779477,0.16244355322052328,17,17,true,2025,2025-01,macro_southerly_flow,16.911466666666666,0.08853333333333424,17,true,-0.07391021988718904,0.07391021988718904,0,true,false,false,false,-0.08853333333333424,-0.16244355322052328,EXPERIMENT_ONLY
2025-01-08,23:00,test,2025,2025,17,16.449713391020584,0.5502866089794161,17,16,false,2025,2025-01,macro_southerly_flow,16.911466666666666,0.08853333333333424,17,true,-0.4617532756460818,0.4617532756460818,1,true,false,false,true,-0.08853333333333424,-0.5502866089794161,EXPERIMENT_ONLY
2025-01-09,20:00,test,2025,2025,18,17.750027767721928,0.24997223227807197,18,18,true,2025,2025-01,macro_southerly_flow,17.979466666666667,0.02053333333333285,18,true,-0.22943889894473912,0.22943889894473912,0,true,false,false,false,-0.02053333333333285,-0.24997223227807197,EXPERIMENT_ONLY
2025-01-09,21:00,test,2025,2025,18,17.982665756261007,0.017334243738993393,18,18,true,2025,2025-01,macro_southerly_flow,17.979466666666667,0.02053333333333285,18,true,0.003199089594339455,-0.003199089594339455,0,false,true,false,false,-0.02053333333333285,-0.017334243738993393,EXPERIMENT_ONLY
2025-01-09,22:00,test,2025,2025,18,17.851102407678642,0.14889759232135802,18,18,true,2025,2025-01,macro_southerly_flow,17.979466666666667,0.02053333333333285,18,true,-0.12836425898802517,0.12836425898802517,0,true,false,false,false,-0.02053333333333285,-0.14889759232135802,EXPERIMENT_ONLY
2025-01-09,23:00,test,2025,2025,18,17.98905020531283,0.010949794687171277,18,18,true,2025,2025-01,macro_southerly_flow,17.979466666666667,0.02053333333333285,18,true,0.009583538646161571,-0.009583538646161571,0,false,true,false,false,-0.02053333333333285,-0.010949794687171277,EXPERIMENT_ONLY
2025-01-10,20:00,test,2025,2025,17,17.450820338227107,0.450820338227107,17,17,true,2025,2025-01,macro_southerly_flow,17.72666666666667,0.7266666666666701,18,false,0.27584632843956314,0.27584632843956314,-1,false,true,true,false,0.7266666666666701,0.450820338227107,EXPERIMENT_ONLY
2025-01-10,21:00,test,2025,2025,17,17.966850656779272,0.9668506567792718,17,18,false,2025,2025-01,macro_southerly_flow,17.72666666666667,0.7266666666666701,18,false,-0.24018399011260172,-0.24018399011260172,0,true,false,false,false,0.7266666666666701,0.9668506567792718,EXPERIMENT_ONLY
2025-01-10,22:00,test,2025,2025,17,17.831789835812195,0.8317898358121951,17,18,false,2025,2025-01,macro_southerly_flow,17.72666666666667,0.7266666666666701,18,false,-0.105123169145525,-0.105123169145525,0,true,false,false,false,0.7266666666666701,0.8317898358121951,EXPERIMENT_ONLY
2025-01-10,23:00,test,2025,2025,17,17.9331050306705,0.9331050306705002,17,18,false,2025,2025-01,macro_southerly_flow,17.72666666666667,0.7266666666666701,18,false,-0.2064383640038301,-0.2064383640038301,0,true,false,false,false,0.7266666666666701,0.9331050306705002,EXPERIMENT_ONLY
2025-01-11,20:00,test,2025,2025,18,17.810039798367207,0.18996020163279326,18,18,true,2025,2025-01,macro_southerly_flow,17.076,0.9239999999999995,17,false,0.7340397983672062,-0.7340397983672062,-1,false,true,true,false,-0.9239999999999995,-0.18996020163279326,EXPERIMENT_ONLY
2025-01-11,21:00,test,2025,2025,18,17.716810885297832,0.2831891147021679,18,18,true,2025,2025-01,macro_southerly_flow,17.076,0.9239999999999995,17,false,0.6408108852978316,-0.6408108852978316,-1,false,true,true,false,-0.9239999999999995,-0.2831891147021679,EXPERIMENT_ONLY
2025-01-11,22:00,test,2025,2025,18,17.550082264307864,0.4499177356921358,18,18,true,2025,2025-01,macro_southerly_flow,17.076,0.9239999999999995,17,false,0.4740822643078637,-0.4740822643078637,-1,false,true,true,false,-0.9239999999999995,-0.4499177356921358,EXPERIMENT_ONLY
2025-01-11,23:00,test,2025,2025,18,17.618282429190987,0.3817175708090126,18,18,true,2025,2025-01,macro_southerly_flow,17.076,0.9239999999999995,17,false,0.5422824291909869,-0.5422824291909869,-1,false,true,true,false,-0.9239999999999995,-0.3817175708090126,EXPERIMENT_ONLY
2025-01-12,20:00,test,2025,2025,16,16.264684670906274,0.26468467090627357,16,16,true,2025,2025-01,macro_southerly_flow,15.934933333333333,0.0650666666666666,16,true,-0.19961800423960696,-0.3297513375729402,0,true,false,false,false,-0.0650666666666666,0.26468467090627357,EXPERIMENT_ONLY
2025-01-12,21:00,test,2025,2025,16,16.423162899860316,0.42316289986031563,16,16,true,2025,2025-01,macro_southerly_flow,15.934933333333333,0.0650666666666666,16,true,-0.358096233193649,-0.48822956652698224,0,true,false,false,false,-0.0650666666666666,0.42316289986031563,EXPERIMENT_ONLY
2025-01-12,22:00,test,2025,2025,16,16.365065760989765,0.36506576098976495,16,16,true,2025,2025-01,macro_southerly_flow,15.934933333333333,0.0650666666666666,16,true,-0.29999909432309835,-0.43013242765643156,0,true,false,false,false,-0.0650666666666666,0.36506576098976495,EXPERIMENT_ONLY
2025-01-12,23:00,test,2025,2025,16,16.47653166593011,0.47653166593011065,16,16,true,2025,2025-01,macro_southerly_flow,15.934933333333333,0.0650666666666666,16,true,-0.41146499926344404,-0.5415983325967773,0,true,false,false,false,-0.0650666666666666,0.47653166593011065,EXPERIMENT_ONLY
2025-01-13,20:00,test,2025,2025,17,16.718712246793267,0.28128775320673327,17,17,true,2025,2025-01,macro_southerly_flow,16.7064,0.2936000000000014,17,true,0.012312246793268145,-0.012312246793268145,0,false,true,false,false,-0.2936000000000014,-0.28128775320673327,EXPERIMENT_ONLY
2025-01-13,21:00,test,2025,2025,17,16.944366693702904,0.055633306297096397,17,17,true,2025,2025-01,macro_southerly_flow,16.7064,0.2936000000000014,17,true,0.23796669370290502,-0.23796669370290502,0,false,true,false,false,-0.2936000000000014,-0.055633306297096397,EXPERIMENT_ONLY
2025-01-13,22:00,test,2025,2025,17,16.816300817505237,0.18369918249476314,17,17,true,2025,2025-01,macro_southerly_flow,16.7064,0.2936000000000014,17,true,0.10990081750523828,-0.10990081750523828,0,false,true,false,false,-0.2936000000000014,-0.18369918249476314,EXPERIMENT_ONLY
2025-01-13,23:00,test,2025,2025,17,17.02459926037062,0.024599260370621323,17,17,true,2025,2025-01,macro_southerly_flow,16.7064,0.2936000000000014,17,true,0.2690007396293801,-0.31819926037062274,0,false,true,false,false,-0.2936000000000014,0.024599260370621323,EXPERIMENT_ONLY
2025-01-14,20:00,test,2025,2025,17,17.456964420954268,0.45696442095426804,17,17,true,2025,2025-01,macro_southerly_flow,17.287466666666667,0.287466666666667,17,true,-0.16949775428760105,-0.16949775428760105,0,true,false,false,false,0.287466666666667,0.45696442095426804,EXPERIMENT_ONLY
2025-01-14,21:00,test,2025,2025,17,17.521767643418624,0.5217676434186238,17,18,false,2025,2025-01,macro_southerly_flow,17.287466666666667,0.287466666666667,17,true,-0.23430097675195682,-0.23430097675195682,1,true,false,false,true,0.287466666666667,0.5217676434186238,EXPERIMENT_ONLY
2025-01-14,22:00,test,2025,2025,17,17.390324897332277,0.3903248973322775,17,17,true,2025,2025-01,macro_southerly_flow,17.287466666666667,0.287466666666667,17,true,-0.1028582306656105,-0.1028582306656105,0,true,false,false,false,0.287466666666667,0.3903248973322775,EXPERIMENT_ONLY
2025-01-14,23:00,test,2025,2025,17,17.458726066375444,0.4587260663754442,17,17,true,2025,2025-01,macro_southerly_flow,17.287466666666667,0.287466666666667,17,true,-0.17125939970877724,-0.17125939970877724,0,true,false,false,false,0.287466666666667,0.4587260663754442,EXPERIMENT_ONLY
2025-01-15,20:00,test,2025,2025,17,16.831535286105566,0.16846471389443352,17,17,true,2025,2025-01,macro_southerly_flow,17.2424,0.24239999999999995,17,true,0.07393528610556643,0.41086471389443346,0,false,true,false,false,0.24239999999999995,-0.16846471389443352,EXPERIMENT_ONLY
2025-01-15,21:00,test,2025,2025,17,16.667445078813195,0.3325549211868051,17,17,true,2025,2025-01,macro_southerly_flow,17.2424,0.24239999999999995,17,true,-0.09015492118680513,0.574954921186805,0,true,false,false,false,0.24239999999999995,-0.3325549211868051,EXPERIMENT_ONLY
2025-01-15,22:00,test,2025,2025,17,16.57008218267022,0.4299178173297804,17,17,true,2025,2025-01,macro_southerly_flow,17.2424,0.24239999999999995,17,true,-0.18751781732978046,0.6723178173297804,0,true,false,false,false,0.24239999999999995,-0.4299178173297804,EXPERIMENT_ONLY
2025-01-15,23:00,test,2025,2025,17,16.841093112685254,0.15890688731474611,17,17,true,2025,2025-01,macro_southerly_flow,17.2424,0.24239999999999995,17,true,0.08349311268525383,0.40130688731474606,0,false,true,false,false,0.24239999999999995,-0.15890688731474611,EXPERIMENT_ONLY
2025-01-16,20:00,test,2025,2025,17,18.25137137655705,1.2513713765570493,17,18,false,2025,2025-01,macro_southerly_flow,18.39813333333333,1.3981333333333303,18,false,0.146761956776281,0.146761956776281,0,false,true,false,false,1.3981333333333303,1.2513713765570493,EXPERIMENT_ONLY
2025-01-16,21:00,test,2025,2025,17,18.323766183801958,1.3237661838019577,17,18,false,2025,2025-01,macro_southerly_flow,18.39813333333333,1.3981333333333303,18,false,0.07436714953137269,0.07436714953137269,0,false,true,false,false,1.3981333333333303,1.3237661838019577,EXPERIMENT_ONLY
2025-01-16,22:00,test,2025,2025,17,18.192444040211633,1.1924440402116332,17,18,false,2025,2025-01,macro_southerly_flow,18.39813333333333,1.3981333333333303,18,false,0.20568929312169715,0.20568929312169715,0,false,true,false,false,1.3981333333333303,1.1924440402116332,EXPERIMENT_ONLY
2025-01-16,23:00,test,2025,2025,17,18.263156757095263,1.2631567570952633,17,18,false,2025,2025-01,macro_southerly_flow,18.39813333333333,1.3981333333333303,18,false,0.13497657623806703,0.13497657623806703,0,false,true,false,false,1.3981333333333303,1.2631567570952633,EXPERIMENT_ONLY
2025-01-17,20:00,test,2025,2025,20,20.18265104502912,0.18265104502912166,20,20,true,2025,2025-01,macro_non_southerly,20.509600000000002,0.5096000000000025,21,false,0.32694895497088083,0.32694895497088083,-1,false,true,true,false,0.5096000000000025,0.18265104502912166,EXPERIMENT_ONLY
2025-01-17,21:00,test,2025,2025,20,21.152619916253183,1.1526199162531832,20,21,false,2025,2025-01,macro_non_southerly,20.509600000000002,0.5096000000000025,21,false,-0.6430199162531807,-0.6430199162531807,0,true,false,false,false,0.5096000000000025,1.1526199162531832,EXPERIMENT_ONLY
2025-01-17,22:00,test,2025,2025,20,21.120479471000554,1.1204794710005537,20,21,false,2025,2025-01,macro_non_southerly,20.509600000000002,0.5096000000000025,21,false,-0.6108794710005512,-0.6108794710005512,0,true,false,false,false,0.5096000000000025,1.1204794710005537,EXPERIMENT_ONLY
2025-01-17,23:00,test,2025,2025,20,21.323209178197395,1.323209178197395,20,21,false,2025,2025-01,macro_non_southerly,20.509600000000002,0.5096000000000025,21,false,-0.8136091781973924,-0.8136091781973924,0,true,false,false,false,0.5096000000000025,1.323209178197395,EXPERIMENT_ONLY
2025-01-18,20:00,test,2025,2025,19,19.961330875611285,0.961330875611285,19,20,false,2025,2025-01,macro_southerly_flow,21.0984,2.0984000000000016,21,false,1.1370691243887165,1.1370691243887165,0,false,true,false,false,2.0984000000000016,0.961330875611285,EXPERIMENT_ONLY
2025-01-18,21:00,test,2025,2025,19,20.416173558379047,1.4161735583790467,19,20,false,2025,2025-01,macro_southerly_flow,21.0984,2.0984000000000016,21,false,0.6822264416209549,0.6822264416209549,0,false,true,false,false,2.0984000000000016,1.4161735583790467,EXPERIMENT_ONLY
2025-01-18,22:00,test,2025,2025,19,20.14949683498342,1.1494968349834203,19,20,false,2025,2025-01,macro_southerly_flow,21.0984,2.0984000000000016,21,false,0.9489031650165813,0.9489031650165813,0,false,true,false,false,2.0984000000000016,1.1494968349834203,EXPERIMENT_ONLY
2025-01-18,23:00,test,2025,2025,19,20.017499288815163,1.0174992888151628,19,20,false,2025,2025-01,macro_southerly_flow,21.0984,2.0984000000000016,21,false,1.0809007111848388,1.0809007111848388,0,false,true,false,false,2.0984000000000016,1.0174992888151628,EXPERIMENT_ONLY
2025-01-19,20:00,test,2025,2025,19,20.534401022394764,1.5344010223947642,19,21,false,2025,2025-01,macro_non_southerly,20.0048,1.0047999999999995,20,false,-0.5296010223947647,-0.5296010223947647,0,true,false,false,false,1.0047999999999995,1.5344010223947642,EXPERIMENT_ONLY
2025-01-19,21:00,test,2025,2025,19,20.641200051390165,1.6412000513901646,19,21,false,2025,2025-01,macro_non_southerly,20.0048,1.0047999999999995,20,false,-0.6364000513901651,-0.6364000513901651,0,true,false,false,false,1.0047999999999995,1.6412000513901646,EXPERIMENT_ONLY
2025-01-19,22:00,test,2025,2025,19,19.37824437079423,0.37824437079423134,19,19,true,2025,2025-01,macro_southerly_flow,20.0048,1.0047999999999995,20,false,0.6265556292057681,0.6265556292057681,-1,false,true,true,false,1.0047999999999995,0.37824437079423134,EXPERIMENT_ONLY
2025-01-19,23:00,test,2025,2025,19,19.415536517884735,0.41553651788473545,19,19,true,2025,2025-01,macro_southerly_flow,20.0048,1.0047999999999995,20,false,0.589263482115264,0.589263482115264,-1,false,true,true,false,1.0047999999999995,0.41553651788473545,EXPERIMENT_ONLY
2025-01-20,20:00,test,2025,2025,18,18.571990117569705,0.5719901175697046,18,19,false,2025,2025-01,macro_southerly_flow,19.252,1.251999999999999,19,false,0.6800098824302943,0.6800098824302943,0,false,true,false,false,1.251999999999999,0.5719901175697046,EXPERIMENT_ONLY
2025-01-20,21:00,test,2025,2025,18,18.72431235754089,0.7243123575408887,18,19,false,2025,2025-01,macro_southerly_flow,19.252,1.251999999999999,19,false,0.5276876424591102,0.5276876424591102,0,false,true,false,false,1.251999999999999,0.7243123575408887,EXPERIMENT_ONLY
2025-01-20,22:00,test,2025,2025,18,18.554086264166216,0.5540862641662159,18,19,false,2025,2025-01,macro_southerly_flow,19.252,1.251999999999999,19,false,0.697913735833783,0.697913735833783,0,false,true,false,false,1.251999999999999,0.5540862641662159,EXPERIMENT_ONLY
2025-01-20,23:00,test,2025,2025,18,18.753138515669733,0.7531385156697326,18,19,false,2025,2025-01,macro_southerly_flow,19.252,1.251999999999999,19,false,0.49886148433026634,0.49886148433026634,0,false,true,false,false,1.251999999999999,0.7531385156697326,EXPERIMENT_ONLY
2025-01-21,20:00,test,2025,2025,21,21.86053066502228,0.8605306650222815,21,22,false,2025,2025-01,macro_non_southerly,24.1008,3.1007999999999996,24,false,2.240269334977718,2.240269334977718,0,false,true,false,false,3.1007999999999996,0.8605306650222815,EXPERIMENT_ONLY
2025-01-21,21:00,test,2025,2025,21,22.965666658971475,1.9656666589714753,21,23,false,2025,2025-01,macro_non_southerly,24.1008,3.1007999999999996,24,false,1.1351333410285243,1.1351333410285243,0,false,true,false,false,3.1007999999999996,1.9656666589714753,EXPERIMENT_ONLY
2025-01-21,22:00,test,2025,2025,21,22.892760624342213,1.8927606243422126,21,23,false,2025,2025-01,macro_non_southerly,24.1008,3.1007999999999996,24,false,1.208039375657787,1.208039375657787,0,false,true,false,false,3.1007999999999996,1.8927606243422126,EXPERIMENT_ONLY
2025-01-21,23:00,test,2025,2025,21,22.761432026834157,1.7614320268341572,21,23,false,2025,2025-01,macro_non_southerly,24.1008,3.1007999999999996,24,false,1.3393679731658423,1.3393679731658423,0,false,true,false,false,3.1007999999999996,1.7614320268341572,EXPERIMENT_ONLY
2025-01-22,20:00,test,2025,2025,23,22.73934056441737,0.2606594355826317,23,23,true,2025,2025-01,macro_non_southerly,23.87173333333333,0.8717333333333315,24,false,0.6110738977506998,1.1323927689159632,-1,false,true,true,false,0.8717333333333315,-0.2606594355826317,EXPERIMENT_ONLY
2025-01-22,21:00,test,2025,2025,23,22.803554174678954,0.19644582532104593,23,23,true,2025,2025-01,macro_non_southerly,23.87173333333333,0.8717333333333315,24,false,0.6752875080122855,1.0681791586543774,-1,false,true,true,false,0.8717333333333315,-0.19644582532104593,EXPERIMENT_ONLY
2025-01-22,22:00,test,2025,2025,23,21.445743476816812,1.554256523183188,23,21,false,2025,2025-01,macro_southerly_flow,23.87173333333333,0.8717333333333315,24,false,-0.6825231898498565,2.4259898565165194,0,true,false,false,false,0.8717333333333315,-1.554256523183188,EXPERIMENT_ONLY
2025-01-22,23:00,test,2025,2025,23,21.649820832321346,1.3501791676786539,23,22,false,2025,2025-01,macro_southerly_flow,23.87173333333333,0.8717333333333315,24,false,-0.4784458343453224,2.2219125010119853,0,true,false,false,false,0.8717333333333315,-1.3501791676786539,EXPERIMENT_ONLY
2025-01-23,20:00,test,2025,2025,24,23.5632383025847,0.43676169741529947,24,24,true,2025,2025-01,macro_non_southerly,21.436,2.564,21,false,2.1272383025847006,-2.1272383025847006,-1,false,true,true,false,-2.564,-0.43676169741529947,EXPERIMENT_ONLY
2025-01-23,21:00,test,2025,2025,24,24.039089700606475,0.039089700606474764,24,24,true,2025,2025-01,macro_non_southerly,21.436,2.564,21,false,2.5249102993935253,-2.603089700606475,-1,false,true,true,false,-2.564,0.039089700606474764,EXPERIMENT_ONLY
2025-01-23,22:00,test,2025,2025,24,23.861002676726027,0.13899732327397274,24,24,true,2025,2025-01,macro_non_southerly,21.436,2.564,21,false,2.4250026767260273,-2.4250026767260273,-1,false,true,true,false,-2.564,-0.13899732327397274,EXPERIMENT_ONLY
2025-01-23,23:00,test,2025,2025,24,24.020929788714845,0.020929788714845188,24,24,true,2025,2025-01,macro_non_southerly,21.436,2.564,21,false,2.543070211285155,-2.5849297887148452,-1,false,true,true,false,-2.564,0.020929788714845188,EXPERIMENT_ONLY
2025-01-24,20:00,test,2025,2025,19,20.81492038900445,1.814920389004449,19,21,false,2025,2025-01,macro_southerly_flow,19.8432,0.8431999999999995,20,false,-0.9717203890044495,-0.9717203890044495,0,true,false,false,false,0.8431999999999995,1.814920389004449,EXPERIMENT_ONLY
2025-01-24,21:00,test,2025,2025,19,20.469876083463152,1.4698760834631521,19,20,false,2025,2025-01,macro_southerly_flow,19.8432,0.8431999999999995,20,false,-0.6266760834631526,-0.6266760834631526,0,true,false,false,false,0.8431999999999995,1.4698760834631521,EXPERIMENT_ONLY
2025-01-24,22:00,test,2025,2025,19,19.99944823884653,0.9994482388465293,19,20,false,2025,2025-01,macro_southerly_flow,19.8432,0.8431999999999995,20,false,-0.15624823884652983,-0.15624823884652983,0,true,false,false,false,0.8431999999999995,0.9994482388465293,EXPERIMENT_ONLY
2025-01-24,23:00,test,2025,2025,19,20.548860981624703,1.5488609816247028,19,21,false,2025,2025-01,macro_southerly_flow,19.8432,0.8431999999999995,20,false,-0.7056609816247033,-0.7056609816247033,0,true,false,false,false,0.8431999999999995,1.5488609816247028,EXPERIMENT_ONLY
2025-01-25,20:00,test,2025,2025,26,22.708904554341157,3.2910954456588435,26,23,false,2025,2025-01,macro_non_southerly,22.216266666666666,3.783733333333334,22,false,0.49263788767449057,-0.49263788767449057,0,false,true,false,false,-3.783733333333334,-3.2910954456588435,EXPERIMENT_ONLY
2025-01-25,21:00,test,2025,2025,26,22.653060109713838,3.346939890286162,26,23,false,2025,2025-01,macro_non_southerly,22.216266666666666,3.783733333333334,22,false,0.43679344304717205,-0.43679344304717205,0,false,true,false,false,-3.783733333333334,-3.346939890286162,EXPERIMENT_ONLY
2025-01-25,22:00,test,2025,2025,26,22.816574415640442,3.183425584359558,26,23,false,2025,2025-01,macro_non_southerly,22.216266666666666,3.783733333333334,22,false,0.6003077489737763,-0.6003077489737763,0,false,true,false,false,-3.783733333333334,-3.183425584359558,EXPERIMENT_ONLY
2025-01-25,23:00,test,2025,2025,26,23.179973587663515,2.8200264123364853,26,23,false,2025,2025-01,macro_non_southerly,22.216266666666666,3.783733333333334,22,false,0.9637069209968487,-0.9637069209968487,0,false,true,false,false,-3.783733333333334,-2.8200264123364853,EXPERIMENT_ONLY
2025-01-26,20:00,test,2025,2025,25,23.910908213040138,1.0890917869598624,25,24,false,2025,2025-01,macro_non_southerly,24.4952,0.5047999999999995,24,false,-0.584291786959863,0.584291786959863,0,true,false,false,false,-0.5047999999999995,-1.0890917869598624,EXPERIMENT_ONLY
2025-01-26,21:00,test,2025,2025,25,24.540796143846073,0.4592038561539269,25,25,true,2025,2025-01,macro_non_southerly,24.4952,0.5047999999999995,24,false,0.04559614384607258,-0.04559614384607258,-1,false,true,true,false,-0.5047999999999995,-0.4592038561539269,EXPERIMENT_ONLY
2025-01-26,22:00,test,2025,2025,25,23.82927151127774,1.1707284887222613,25,24,false,2025,2025-01,macro_non_southerly,24.4952,0.5047999999999995,24,false,-0.6659284887222618,0.6659284887222618,0,true,false,false,false,-0.5047999999999995,-1.1707284887222613,EXPERIMENT_ONLY
2025-01-26,23:00,test,2025,2025,25,24.297765532781355,0.7022344672186449,25,24,false,2025,2025-01,macro_non_southerly,24.4952,0.5047999999999995,24,false,-0.19743446721864544,0.19743446721864544,0,true,false,false,false,-0.5047999999999995,-0.7022344672186449,EXPERIMENT_ONLY
2025-01-27,20:00,test,2025,2025,17,18.048477475552904,1.0484774755529038,17,18,false,2025,2025-01,macro_southerly_flow,16.658666666666665,0.3413333333333348,17,true,-0.707144142219569,-1.3898108088862386,1,true,false,false,true,-0.3413333333333348,1.0484774755529038,EXPERIMENT_ONLY
2025-01-27,21:00,test,2025,2025,17,17.529408986066773,0.5294089860667732,17,18,false,2025,2025-01,macro_southerly_flow,16.658666666666665,0.3413333333333348,17,true,-0.1880756527334384,-0.870742319400108,1,true,false,false,true,-0.3413333333333348,0.5294089860667732,EXPERIMENT_ONLY
2025-01-27,22:00,test,2025,2025,17,16.987558585471486,0.012441414528513661,17,17,true,2025,2025-01,macro_southerly_flow,16.658666666666665,0.3413333333333348,17,true,0.32889191880482116,-0.32889191880482116,0,false,true,false,false,-0.3413333333333348,-0.012441414528513661,EXPERIMENT_ONLY
2025-01-27,23:00,test,2025,2025,17,16.81635335804266,0.18364664195733837,17,17,true,2025,2025-01,macro_southerly_flow,16.658666666666665,0.3413333333333348,17,true,0.15768669137599645,-0.15768669137599645,0,false,true,false,false,-0.3413333333333348,-0.18364664195733837,EXPERIMENT_ONLY
2025-01-28,20:00,test,2025,2025,21,20.381837068273864,0.6181629317261361,21,20,false,2025,2025-01,macro_non_southerly,19.445066666666666,1.5549333333333344,19,false,0.9367704016071983,-0.9367704016071983,0,false,true,false,false,-1.5549333333333344,-0.6181629317261361,EXPERIMENT_ONLY
2025-01-28,21:00,test,2025,2025,21,20.871612611252925,0.12838738874707545,21,21,true,2025,2025-01,macro_non_southerly,19.445066666666666,1.5549333333333344,19,false,1.426545944586259,-1.426545944586259,-1,false,true,true,false,-1.5549333333333344,-0.12838738874707545,EXPERIMENT_ONLY
2025-01-28,22:00,test,2025,2025,21,20.790372520356094,0.20962747964390616,21,21,true,2025,2025-01,macro_non_southerly,19.445066666666666,1.5549333333333344,19,false,1.3453058536894282,-1.3453058536894282,-1,false,true,true,false,-1.5549333333333344,-0.20962747964390616,EXPERIMENT_ONLY
2025-01-28,23:00,test,2025,2025,21,20.940736929567944,0.05926307043205625,21,21,true,2025,2025-01,macro_non_southerly,19.445066666666666,1.5549333333333344,19,false,1.4956702629012781,-1.4956702629012781,-1,false,true,true,false,-1.5549333333333344,-0.05926307043205625,EXPERIMENT_ONLY
2025-01-29,20:00,test,2025,2025,20,21.480938813718325,1.4809388137183248,20,21,false,2025,2025-01,macro_non_southerly,19.87786666666667,0.12213333333333054,20,true,-1.3588054803849943,-1.6030721470516553,1,true,false,false,true,-0.12213333333333054,1.4809388137183248,EXPERIMENT_ONLY
2025-01-29,21:00,test,2025,2025,20,21.368730413297524,1.3687304132975235,20,21,false,2025,2025-01,macro_non_southerly,19.87786666666667,0.12213333333333054,20,true,-1.246597079964193,-1.490863746630854,1,true,false,false,true,-0.12213333333333054,1.3687304132975235,EXPERIMENT_ONLY
2025-01-29,22:00,test,2025,2025,20,21.258701271712034,1.2587012717120345,20,21,false,2025,2025-01,macro_non_southerly,19.87786666666667,0.12213333333333054,20,true,-1.136567938378704,-1.380834605045365,1,true,false,false,true,-0.12213333333333054,1.2587012717120345,EXPERIMENT_ONLY
2025-01-29,23:00,test,2025,2025,20,21.389602824509463,1.3896028245094634,20,21,false,2025,2025-01,macro_non_southerly,19.87786666666667,0.12213333333333054,20,true,-1.2674694911761328,-1.511736157842794,1,true,false,false,true,-0.12213333333333054,1.3896028245094634,EXPERIMENT_ONLY
2025-01-30,20:00,test,2025,2025,19,20.54194962610976,1.5419496261097585,19,21,false,2025,2025-01,macro_southerly_flow,19.4968,0.49680000000000035,19,true,-1.0451496261097581,-1.0451496261097581,1,true,false,false,true,0.49680000000000035,1.5419496261097585,EXPERIMENT_ONLY
2025-01-30,21:00,test,2025,2025,19,20.125592200712994,1.125592200712994,19,20,false,2025,2025-01,macro_southerly_flow,19.4968,0.49680000000000035,19,true,-0.6287922007129936,-0.6287922007129936,1,true,false,false,true,0.49680000000000035,1.125592200712994,EXPERIMENT_ONLY
2025-01-30,22:00,test,2025,2025,19,19.693460929937498,0.6934609299374976,19,20,false,2025,2025-01,macro_southerly_flow,19.4968,0.49680000000000035,19,true,-0.1966609299374973,-0.1966609299374973,1,true,false,false,true,0.49680000000000035,0.6934609299374976,EXPERIMENT_ONLY
2025-01-30,23:00,test,2025,2025,19,19.801912346552268,0.8019123465522675,19,20,false,2025,2025-01,macro_southerly_flow,19.4968,0.49680000000000035,19,true,-0.30511234655226716,-0.30511234655226716,1,true,false,false,true,0.49680000000000035,0.8019123465522675,EXPERIMENT_ONLY
2025-01-31,20:00,test,2025,2025,22,21.943877337338467,0.056122662661532985,22,22,true,2025,2025-01,macro_non_southerly,21.2504,0.7496000000000009,21,false,0.693477337338468,-0.693477337338468,-1,false,true,true,false,-0.7496000000000009,-0.056122662661532985,EXPERIMENT_ONLY
2025-01-31,21:00,test,2025,2025,22,22.303158030731357,0.30315803073135683,22,22,true,2025,2025-01,macro_non_southerly,21.2504,0.7496000000000009,21,false,0.4464419692686441,-1.0527580307313578,-1,false,true,true,false,-0.7496000000000009,0.30315803073135683,EXPERIMENT_ONLY
2025-01-31,22:00,test,2025,2025,22,22.03305819226379,0.03305819226379114,22,22,true,2025,2025-01,macro_non_southerly,21.2504,0.7496000000000009,21,false,0.7165418077362098,-0.7826581922637921,-1,false,true,true,false,-0.7496000000000009,0.03305819226379114,EXPERIMENT_ONLY
2025-01-31,23:00,test,2025,2025,22,22.269061176613175,0.2690611766131745,22,22,true,2025,2025-01,macro_non_southerly,21.2504,0.7496000000000009,21,false,0.4805388233868264,-1.0186611766131755,-1,false,true,true,false,-0.7496000000000009,0.2690611766131745,EXPERIMENT_ONLY
2025-02-01,20:00,test,2025,2025,22,22.110006050372622,0.1100060503726219,22,22,true,2025,2025-02,macro_non_southerly,20.6096,1.3903999999999996,21,false,1.2803939496273777,-1.5004060503726215,-1,false,true,true,false,-1.3903999999999996,0.1100060503726219,EXPERIMENT_ONLY
2025-02-01,21:00,test,2025,2025,22,22.520976424919564,0.5209764249195636,22,23,false,2025,2025-02,macro_non_southerly,20.6096,1.3903999999999996,21,false,0.869423575080436,-1.9113764249195633,0,false,true,false,false,-1.3903999999999996,0.5209764249195636,EXPERIMENT_ONLY
2025-02-01,22:00,test,2025,2025,22,22.182396765524924,0.18239676552492412,22,22,true,2025,2025-02,macro_non_southerly,20.6096,1.3903999999999996,21,false,1.2080032344750755,-1.5727967655249238,-1,false,true,true,false,-1.3903999999999996,0.18239676552492412,EXPERIMENT_ONLY
2025-02-01,23:00,test,2025,2025,22,22.247077937451504,0.24707793745150397,22,22,true,2025,2025-02,macro_non_southerly,20.6096,1.3903999999999996,21,false,1.1433220625484957,-1.6374779374515036,-1,false,true,true,false,-1.3903999999999996,0.24707793745150397,EXPERIMENT_ONLY
2025-02-02,20:00,test,2025,2025,19,19.667598247762108,0.6675982477621076,19,20,false,2025,2025-02,macro_southerly_flow,19.34133333333333,0.34133333333333127,19,true,-0.32626491442877636,-0.32626491442877636,1,true,false,false,true,0.34133333333333127,0.6675982477621076,EXPERIMENT_ONLY
2025-02-02,21:00,test,2025,2025,19,19.56382318704125,0.5638231870412511,19,20,false,2025,2025-02,macro_southerly_flow,19.34133333333333,0.34133333333333127,19,true,-0.22248985370791985,-0.22248985370791985,1,true,false,false,true,0.34133333333333127,0.5638231870412511,EXPERIMENT_ONLY
2025-02-02,22:00,test,2025,2025,19,19.64960706699783,0.6496070669978309,19,20,false,2025,2025-02,macro_southerly_flow,19.34133333333333,0.34133333333333127,19,true,-0.3082737336644996,-0.3082737336644996,1,true,false,false,true,0.34133333333333127,0.6496070669978309,EXPERIMENT_ONLY
2025-02-02,23:00,test,2025,2025,19,19.87547519277051,0.8754751927705087,19,20,false,2025,2025-02,macro_southerly_flow,19.34133333333333,0.34133333333333127,19,true,-0.5341418594371774,-0.5341418594371774,1,true,false,false,true,0.34133333333333127,0.8754751927705087,EXPERIMENT_ONLY
2025-02-03,20:00,test,2025,2025,23,21.854921076421494,1.145078923578506,23,22,false,2025,2025-02,macro_non_southerly,21.197333333333333,1.802666666666667,21,false,0.6575877430881611,-0.6575877430881611,0,false,true,false,false,-1.802666666666667,-1.145078923578506,EXPERIMENT_ONLY
2025-02-03,21:00,test,2025,2025,23,22.557548973342396,0.4424510266576043,23,23,true,2025,2025-02,macro_non_southerly,21.197333333333333,1.802666666666667,21,false,1.3602156400090628,-1.3602156400090628,-1,false,true,true,false,-1.802666666666667,-0.4424510266576043,EXPERIMENT_ONLY
2025-02-03,22:00,test,2025,2025,23,22.380682925131826,0.6193170748681744,23,22,false,2025,2025-02,macro_non_southerly,21.197333333333333,1.802666666666667,21,false,1.1833495917984926,-1.1833495917984926,0,false,true,false,false,-1.802666666666667,-0.6193170748681744,EXPERIMENT_ONLY
2025-02-03,23:00,test,2025,2025,23,22.534575321056863,0.4654246789431369,23,23,true,2025,2025-02,macro_non_southerly,21.197333333333333,1.802666666666667,21,false,1.3372419877235302,-1.3372419877235302,-1,false,true,true,false,-1.802666666666667,-0.4654246789431369,EXPERIMENT_ONLY
2025-02-04,20:00,test,2025,2025,20,21.883996280289686,1.8839962802896864,20,22,false,2025,2025-02,macro_non_southerly,19.52906666666667,0.4709333333333312,20,true,-1.4130629469563551,-2.3549296136230176,1,true,false,false,true,-0.4709333333333312,1.8839962802896864,EXPERIMENT_ONLY
2025-02-04,21:00,test,2025,2025,20,21.909603387129494,1.9096033871294935,20,22,false,2025,2025-02,macro_non_southerly,19.52906666666667,0.4709333333333312,20,true,-1.4386700537961623,-2.3805367204628247,1,true,false,false,true,-0.4709333333333312,1.9096033871294935,EXPERIMENT_ONLY
2025-02-04,22:00,test,2025,2025,20,21.645632803371658,1.645632803371658,20,22,false,2025,2025-02,macro_non_southerly,19.52906666666667,0.4709333333333312,20,true,-1.1746994700383269,-2.1165661367049893,1,true,false,false,true,-0.4709333333333312,1.645632803371658,EXPERIMENT_ONLY
2025-02-04,23:00,test,2025,2025,20,21.818040317375036,1.8180403173750364,20,22,false,2025,2025-02,macro_non_southerly,19.52906666666667,0.4709333333333312,20,true,-1.3471069840417051,-2.2889736507083676,1,true,false,false,true,-0.4709333333333312,1.8180403173750364,EXPERIMENT_ONLY
2025-02-05,20:00,test,2025,2025,19,19.804943990357355,0.804943990357355,19,20,false,2025,2025-02,macro_southerly_flow,20.8216,1.8216,21,false,1.0166560096426451,1.0166560096426451,0,false,true,false,false,1.8216,0.804943990357355,EXPERIMENT_ONLY
2025-02-05,21:00,test,2025,2025,19,20.092285803200433,1.0922858032004328,19,20,false,2025,2025-02,macro_southerly_flow,20.8216,1.8216,21,false,0.7293141967995673,0.7293141967995673,0,false,true,false,false,1.8216,1.0922858032004328,EXPERIMENT_ONLY
2025-02-05,22:00,test,2025,2025,19,20.2256426944195,1.2256426944194985,19,20,false,2025,2025-02,macro_southerly_flow,20.8216,1.8216,21,false,0.5959573055805016,0.5959573055805016,0,false,true,false,false,1.8216,1.2256426944194985,EXPERIMENT_ONLY
2025-02-05,23:00,test,2025,2025,19,20.795693915011352,1.795693915011352,19,21,false,2025,2025-02,macro_southerly_flow,20.8216,1.8216,21,false,0.025906084988648104,0.025906084988648104,0,false,true,false,false,1.8216,1.795693915011352,EXPERIMENT_ONLY
2025-02-06,20:00,test,2025,2025,21,21.75596600943663,0.7559660094366301,21,22,false,2025,2025-02,macro_non_southerly,21.423199999999998,0.4231999999999978,21,true,-0.33276600943663226,-0.33276600943663226,1,true,false,false,true,0.4231999999999978,0.7559660094366301,EXPERIMENT_ONLY
2025-02-06,21:00,test,2025,2025,21,22.212026372841393,1.2120263728413931,21,22,false,2025,2025-02,macro_non_southerly,21.423199999999998,0.4231999999999978,21,true,-0.7888263728413953,-0.7888263728413953,1,true,false,false,true,0.4231999999999978,1.2120263728413931,EXPERIMENT_ONLY
2025-02-06,22:00,test,2025,2025,21,22.07097175995607,1.0709717599560697,21,22,false,2025,2025-02,macro_non_southerly,21.423199999999998,0.4231999999999978,21,true,-0.647771759956072,-0.647771759956072,1,true,false,false,true,0.4231999999999978,1.0709717599560697,EXPERIMENT_ONLY
2025-02-06,23:00,test,2025,2025,21,22.206375075631613,1.2063750756316125,21,22,false,2025,2025-02,macro_non_southerly,21.423199999999998,0.4231999999999978,21,true,-0.7831750756316147,-0.7831750756316147,1,true,false,false,true,0.4231999999999978,1.2063750756316125,EXPERIMENT_ONLY
2025-02-07,20:00,test,2025,2025,19,19.22213372020757,0.2221337202075695,19,19,true,2025,2025-02,macro_southerly_flow,18.5448,0.4552000000000014,19,true,0.23306627979243189,-0.6773337202075709,0,false,true,false,false,-0.4552000000000014,0.2221337202075695,EXPERIMENT_ONLY
2025-02-07,21:00,test,2025,2025,19,19.415595602513317,0.4155956025133172,19,19,true,2025,2025-02,macro_southerly_flow,18.5448,0.4552000000000014,19,true,0.039604397486684206,-0.8707956025133186,0,false,true,false,false,-0.4552000000000014,0.4155956025133172,EXPERIMENT_ONLY
2025-02-07,22:00,test,2025,2025,19,19.31111715910491,0.31111715910491,19,19,true,2025,2025-02,macro_southerly_flow,18.5448,0.4552000000000014,19,true,0.14408284089509138,-0.7663171591049114,0,false,true,false,false,-0.4552000000000014,0.31111715910491,EXPERIMENT_ONLY
2025-02-07,23:00,test,2025,2025,19,19.342383214972088,0.342383214972088,19,19,true,2025,2025-02,macro_southerly_flow,18.5448,0.4552000000000014,19,true,0.11281678502791337,-0.7975832149720894,0,false,true,false,false,-0.4552000000000014,0.342383214972088,EXPERIMENT_ONLY
2025-02-08,20:00,test,2025,2025,25,23.407557660122073,1.5924423398779268,25,23,false,2025,2025-02,macro_non_southerly,22.501066666666667,2.4989333333333335,23,false,0.9064909934554066,-0.9064909934554066,0,false,true,false,false,-2.4989333333333335,-1.5924423398779268,EXPERIMENT_ONLY
2025-02-08,21:00,test,2025,2025,25,24.2152084083799,0.7847915916200989,25,24,false,2025,2025-02,macro_non_southerly,22.501066666666667,2.4989333333333335,23,false,1.7141417417132345,-1.7141417417132345,0,false,true,false,false,-2.4989333333333335,-0.7847915916200989,EXPERIMENT_ONLY
2025-02-08,22:00,test,2025,2025,25,24.104673460232462,0.8953265397675381,25,24,false,2025,2025-02,macro_non_southerly,22.501066666666667,2.4989333333333335,23,false,1.6036067935657954,-1.6036067935657954,0,false,true,false,false,-2.4989333333333335,-0.8953265397675381,EXPERIMENT_ONLY
2025-02-08,23:00,test,2025,2025,25,24.293473364473975,0.7065266355260249,25,24,false,2025,2025-02,macro_non_southerly,22.501066666666667,2.4989333333333335,23,false,1.7924066978073085,-1.7924066978073085,0,false,true,false,false,-2.4989333333333335,-0.7065266355260249,EXPERIMENT_ONLY
2025-02-09,20:00,test,2025,2025,24,23.0879993341154,0.9120006658846016,24,23,false,2025,2025-02,macro_non_southerly,22.2144,1.7855999999999987,22,false,0.8735993341153971,-0.8735993341153971,0,false,true,false,false,-1.7855999999999987,-0.9120006658846016,EXPERIMENT_ONLY
2025-02-09,21:00,test,2025,2025,24,23.24014317561331,0.7598568243866914,24,23,false,2025,2025-02,macro_non_southerly,22.2144,1.7855999999999987,22,false,1.0257431756133073,-1.0257431756133073,0,false,true,false,false,-1.7855999999999987,-0.7598568243866914,EXPERIMENT_ONLY
2025-02-09,22:00,test,2025,2025,24,23.270377508947174,0.729622491052826,24,23,false,2025,2025-02,macro_non_southerly,22.2144,1.7855999999999987,22,false,1.0559775089471728,-1.0559775089471728,0,false,true,false,false,-1.7855999999999987,-0.729622491052826,EXPERIMENT_ONLY
2025-02-09,23:00,test,2025,2025,24,23.605023656867804,0.3949763431321962,24,24,true,2025,2025-02,macro_non_southerly,22.2144,1.7855999999999987,22,false,1.3906236568678025,-1.3906236568678025,-1,false,true,true,false,-1.7855999999999987,-0.3949763431321962,EXPERIMENT_ONLY
2025-02-10,20:00,test,2025,2025,19,20.006315339415647,1.0063153394156465,19,20,false,2025,2025-02,macro_southerly_flow,20.510400000000004,1.5104000000000042,21,false,0.5040846605843576,0.5040846605843576,0,false,true,false,false,1.5104000000000042,1.0063153394156465,EXPERIMENT_ONLY
2025-02-10,21:00,test,2025,2025,19,20.13277098866707,1.132770988667069,19,20,false,2025,2025-02,macro_southerly_flow,20.510400000000004,1.5104000000000042,21,false,0.37762901133293525,0.37762901133293525,0,false,true,false,false,1.5104000000000042,1.132770988667069,EXPERIMENT_ONLY
2025-02-10,22:00,test,2025,2025,19,20.13378836248144,1.1337883624814395,19,20,false,2025,2025-02,macro_southerly_flow,20.510400000000004,1.5104000000000042,21,false,0.37661163751856463,0.37661163751856463,0,false,true,false,false,1.5104000000000042,1.1337883624814395,EXPERIMENT_ONLY
2025-02-10,23:00,test,2025,2025,19,20.472134875327054,1.472134875327054,19,20,false,2025,2025-02,macro_southerly_flow,20.510400000000004,1.5104000000000042,21,false,0.03826512467295018,0.03826512467295018,0,false,true,false,false,1.5104000000000042,1.472134875327054,EXPERIMENT_ONLY
2025-02-11,20:00,test,2025,2025,19,17.974792731649778,1.025207268350222,19,18,false,2025,2025-02,macro_southerly_flow,18.377333333333333,0.6226666666666674,18,false,-0.40254060168355466,0.40254060168355466,0,true,false,false,false,-0.6226666666666674,-1.025207268350222,EXPERIMENT_ONLY
2025-02-11,21:00,test,2025,2025,19,18.517448714809955,0.48255128519004487,19,19,true,2025,2025-02,macro_southerly_flow,18.377333333333333,0.6226666666666674,18,false,0.1401153814766225,-0.1401153814766225,-1,false,true,true,false,-0.6226666666666674,-0.48255128519004487,EXPERIMENT_ONLY
2025-02-11,22:00,test,2025,2025,19,18.177064576710464,0.8229354232895361,19,18,false,2025,2025-02,macro_southerly_flow,18.377333333333333,0.6226666666666674,18,false,-0.2002687566228687,0.2002687566228687,0,true,false,false,false,-0.6226666666666674,-0.8229354232895361,EXPERIMENT_ONLY
2025-02-11,23:00,test,2025,2025,19,18.613047644121277,0.3869523558787229,19,19,true,2025,2025-02,macro_southerly_flow,18.377333333333333,0.6226666666666674,18,false,0.23571431078794447,-0.23571431078794447,-1,false,true,true,false,-0.6226666666666674,-0.3869523558787229,EXPERIMENT_ONLY
2025-02-12,20:00,test,2025,2025,20,19.740162109667043,0.2598378903329568,20,20,true,2025,2025-02,macro_southerly_flow,19.502133333333333,0.4978666666666669,20,true,0.2380287763337101,-0.2380287763337101,0,false,true,false,false,-0.4978666666666669,-0.2598378903329568,EXPERIMENT_ONLY
2025-02-12,21:00,test,2025,2025,20,20.007332679766684,0.007332679766683725,20,20,true,2025,2025-02,macro_southerly_flow,19.502133333333333,0.4978666666666669,20,true,0.4905339868999832,-0.5051993464333506,0,false,true,false,false,-0.4978666666666669,0.007332679766683725,EXPERIMENT_ONLY
2025-02-12,22:00,test,2025,2025,20,19.88108794174303,0.11891205825697071,20,20,true,2025,2025-02,macro_southerly_flow,19.502133333333333,0.4978666666666669,20,true,0.3789546084096962,-0.3789546084096962,0,false,true,false,false,-0.4978666666666669,-0.11891205825697071,EXPERIMENT_ONLY
2025-02-12,23:00,test,2025,2025,20,20.057185957298127,0.05718595729812748,20,20,true,2025,2025-02,macro_southerly_flow,19.502133333333333,0.4978666666666669,20,true,0.4406807093685394,-0.5550526239647944,0,false,true,false,false,-0.4978666666666669,0.05718595729812748,EXPERIMENT_ONLY
2025-02-13,20:00,test,2025,2025,20,21.192548994223536,1.1925489942235359,20,21,false,2025,2025-02,macro_southerly_flow,22.178933333333333,2.178933333333333,22,false,0.9863843391097973,0.9863843391097973,0,false,true,false,false,2.178933333333333,1.1925489942235359,EXPERIMENT_ONLY
2025-02-13,21:00,test,2025,2025,20,22.15049639291146,2.15049639291146,20,22,false,2025,2025-02,macro_southerly_flow,22.178933333333333,2.178933333333333,22,false,0.028436940421872947,0.028436940421872947,0,false,true,false,false,2.178933333333333,2.15049639291146,EXPERIMENT_ONLY
2025-02-13,22:00,test,2025,2025,20,22.097123084217884,2.097123084217884,20,22,false,2025,2025-02,macro_southerly_flow,22.178933333333333,2.178933333333333,22,false,0.0818102491154491,0.0818102491154491,0,false,true,false,false,2.178933333333333,2.097123084217884,EXPERIMENT_ONLY
2025-02-13,23:00,test,2025,2025,20,22.72409014665346,2.7240901466534595,20,23,false,2025,2025-02,macro_southerly_flow,22.178933333333333,2.178933333333333,22,false,-0.5451568133201263,-0.5451568133201263,0,true,false,false,false,2.178933333333333,2.7240901466534595,EXPERIMENT_ONLY
2025-02-14,20:00,test,2025,2025,22,23.008212541732227,1.0082125417322274,22,23,false,2025,2025-02,macro_non_southerly,24.000799999999998,2.000799999999998,24,false,0.9925874582677707,0.9925874582677707,0,false,true,false,false,2.000799999999998,1.0082125417322274,EXPERIMENT_ONLY
2025-02-14,21:00,test,2025,2025,22,23.887431022966215,1.887431022966215,22,24,false,2025,2025-02,macro_non_southerly,24.000799999999998,2.000799999999998,24,false,0.11336897703378312,0.11336897703378312,0,false,true,false,false,2.000799999999998,1.887431022966215,EXPERIMENT_ONLY
2025-02-14,22:00,test,2025,2025,22,23.85951655102512,1.85951655102512,22,24,false,2025,2025-02,macro_non_southerly,24.000799999999998,2.000799999999998,24,false,0.1412834489748782,0.1412834489748782,0,false,true,false,false,2.000799999999998,1.85951655102512,EXPERIMENT_ONLY
2025-02-14,23:00,test,2025,2025,22,23.85065819894811,1.8506581989481106,22,24,false,2025,2025-02,macro_non_southerly,24.000799999999998,2.000799999999998,24,false,0.15014180105188757,0.15014180105188757,0,false,true,false,false,2.000799999999998,1.8506581989481106,EXPERIMENT_ONLY
2025-02-15,20:00,test,2025,2025,25,23.558891540776443,1.4411084592235568,25,24,false,2025,2025-02,macro_non_southerly,22.4464,2.5535999999999994,22,false,1.1124915407764426,-1.1124915407764426,0,false,true,false,false,-2.5535999999999994,-1.4411084592235568,EXPERIMENT_ONLY
2025-02-15,21:00,test,2025,2025,25,24.065325761375263,0.9346742386247371,25,24,false,2025,2025-02,macro_non_southerly,22.4464,2.5535999999999994,22,false,1.6189257613752623,-1.6189257613752623,0,false,true,false,false,-2.5535999999999994,-0.9346742386247371,EXPERIMENT_ONLY
2025-02-15,22:00,test,2025,2025,25,24.05693582446258,0.943064175537419,25,24,false,2025,2025-02,macro_non_southerly,22.4464,2.5535999999999994,22,false,1.6105358244625805,-1.6105358244625805,0,false,true,false,false,-2.5535999999999994,-0.943064175537419,EXPERIMENT_ONLY
2025-02-15,23:00,test,2025,2025,25,24.250742040208316,0.7492579597916844,25,24,false,2025,2025-02,macro_non_southerly,22.4464,2.5535999999999994,22,false,1.804342040208315,-1.804342040208315,0,false,true,false,false,-2.5535999999999994,-0.7492579597916844,EXPERIMENT_ONLY
2025-02-16,20:00,test,2025,2025,24,23.713669178938556,0.28633082106144414,24,24,true,2025,2025-02,macro_non_southerly,22.762933333333333,1.2370666666666672,23,false,0.9507358456052231,-0.9507358456052231,-1,false,true,true,false,-1.2370666666666672,-0.28633082106144414,EXPERIMENT_ONLY
2025-02-16,21:00,test,2025,2025,24,24.00838152999414,0.008381529994139214,24,24,true,2025,2025-02,macro_non_southerly,22.762933333333333,1.2370666666666672,23,false,1.228685136672528,-1.2454481966608064,-1,false,true,true,false,-1.2370666666666672,0.008381529994139214,EXPERIMENT_ONLY
2025-02-16,22:00,test,2025,2025,24,24.03747726365786,0.03747726365785908,24,24,true,2025,2025-02,macro_non_southerly,22.762933333333333,1.2370666666666672,23,false,1.1995894030088081,-1.2745439303245263,-1,false,true,true,false,-1.2370666666666672,0.03747726365785908,EXPERIMENT_ONLY
2025-02-16,23:00,test,2025,2025,24,23.75811566237211,0.24188433762789074,24,24,true,2025,2025-02,macro_non_southerly,22.762933333333333,1.2370666666666672,23,false,0.9951823290387765,-0.9951823290387765,-1,false,true,true,false,-1.2370666666666672,-0.24188433762789074,EXPERIMENT_ONLY
2025-02-17,20:00,test,2025,2025,24,23.616132218544767,0.38386778145523337,24,24,true,2025,2025-02,macro_non_southerly,24.284533333333332,0.2845333333333322,24,true,-0.09933444812190118,0.6684011147885656,0,true,false,false,false,0.2845333333333322,-0.38386778145523337,EXPERIMENT_ONLY
2025-02-17,21:00,test,2025,2025,24,24.669441315521894,0.6694413155218939,24,25,false,2025,2025-02,macro_non_southerly,24.284533333333332,0.2845333333333322,24,true,-0.3849079821885617,-0.3849079821885617,1,true,false,false,true,0.2845333333333322,0.6694413155218939,EXPERIMENT_ONLY
2025-02-17,22:00,test,2025,2025,24,23.807526534622884,0.19247346537711607,24,24,true,2025,2025-02,macro_non_southerly,24.284533333333332,0.2845333333333322,24,true,0.09205986795621612,0.47700679871044827,0,false,true,false,false,0.2845333333333322,-0.19247346537711607,EXPERIMENT_ONLY
2025-02-17,23:00,test,2025,2025,24,25.327507900351346,1.3275079003513461,24,25,false,2025,2025-02,macro_non_southerly,24.284533333333332,0.2845333333333322,24,true,-1.042974567018014,-1.042974567018014,1,true,false,false,true,0.2845333333333322,1.3275079003513461,EXPERIMENT_ONLY
2025-02-18,20:00,test,2025,2025,23,23.624589816817924,0.6245898168179238,23,24,false,2025,2025-02,macro_non_southerly,22.245999999999995,0.7540000000000049,22,false,0.12941018318208108,-1.3785898168179287,0,false,true,false,false,-0.7540000000000049,0.6245898168179238,EXPERIMENT_ONLY
2025-02-18,21:00,test,2025,2025,23,23.000054410367838,0.00005441036783793152,23,23,true,2025,2025-02,macro_non_southerly,22.245999999999995,0.7540000000000049,22,false,0.753945589632167,-0.7540544103678428,-1,false,true,true,false,-0.7540000000000049,0.00005441036783793152,EXPERIMENT_ONLY
2025-02-18,22:00,test,2025,2025,23,22.841018242476977,0.1589817575230228,23,23,true,2025,2025-02,macro_non_southerly,22.245999999999995,0.7540000000000049,22,false,0.5950182424769821,-0.5950182424769821,-1,false,true,true,false,-0.7540000000000049,-0.1589817575230228,EXPERIMENT_ONLY
2025-02-18,23:00,test,2025,2025,23,23.016470691733538,0.01647069173353799,23,23,true,2025,2025-02,macro_non_southerly,22.245999999999995,0.7540000000000049,22,false,0.7375293082664669,-0.7704706917335429,-1,false,true,true,false,-0.7540000000000049,0.01647069173353799,EXPERIMENT_ONLY
2025-02-19,20:00,test,2025,2025,23,22.60356081397931,0.3964391860206895,23,23,true,2025,2025-02,macro_non_southerly,21.640355555555555,1.359644444444445,22,false,0.9632052584237556,-0.9632052584237556,-1,false,true,true,false,-1.359644444444445,-0.3964391860206895,EXPERIMENT_ONLY
2025-02-19,21:00,test,2025,2025,23,22.483115740049346,0.516884259950654,23,22,false,2025,2025-02,macro_non_southerly,21.640355555555555,1.359644444444445,22,false,0.8427601844937911,-0.8427601844937911,0,false,true,false,false,-1.359644444444445,-0.516884259950654,EXPERIMENT_ONLY
2025-02-19,22:00,test,2025,2025,23,22.456916378157764,0.5430836218422357,23,22,false,2025,2025-02,macro_non_southerly,21.640355555555555,1.359644444444445,22,false,0.8165608226022094,-0.8165608226022094,0,false,true,false,false,-1.359644444444445,-0.5430836218422357,EXPERIMENT_ONLY
2025-02-19,23:00,test,2025,2025,23,22.587514393546854,0.4124856064531457,23,23,true,2025,2025-02,macro_non_southerly,21.640355555555555,1.359644444444445,22,false,0.9471588379912994,-0.9471588379912994,-1,false,true,true,false,-1.359644444444445,-0.4124856064531457,EXPERIMENT_ONLY
2025-02-20,20:00,test,2025,2025,24,23.553478224422506,0.4465217755774944,24,24,true,2025,2025-02,macro_non_southerly,21.725644444444445,2.2743555555555552,22,false,1.8278337799780608,-1.8278337799780608,-1,false,true,true,false,-2.2743555555555552,-0.4465217755774944,EXPERIMENT_ONLY
2025-02-20,21:00,test,2025,2025,24,23.748265647850566,0.25173435214943396,24,24,true,2025,2025-02,macro_non_southerly,21.725644444444445,2.2743555555555552,22,false,2.0226212034061213,-2.0226212034061213,-1,false,true,true,false,-2.2743555555555552,-0.25173435214943396,EXPERIMENT_ONLY
2025-02-20,22:00,test,2025,2025,24,23.61079240076158,0.3892075992384214,24,24,true,2025,2025-02,macro_non_southerly,21.725644444444445,2.2743555555555552,22,false,1.8851479563171338,-1.8851479563171338,-1,false,true,true,false,-2.2743555555555552,-0.3892075992384214,EXPERIMENT_ONLY
2025-02-20,23:00,test,2025,2025,24,23.638307155910596,0.3616928440894043,24,24,true,2025,2025-02,macro_non_southerly,21.725644444444445,2.2743555555555552,22,false,1.912662711466151,-1.912662711466151,-1,false,true,true,false,-2.2743555555555552,-0.3616928440894043,EXPERIMENT_ONLY
2025-02-21,20:00,test,2025,2025,22,23.139662162159244,1.1396621621592438,22,23,false,2025,2025-02,macro_non_southerly,21.354488888888888,0.6455111111111123,21,false,-0.4941510510481315,-1.785173273270356,0,true,false,false,false,-0.6455111111111123,1.1396621621592438,EXPERIMENT_ONLY
2025-02-21,21:00,test,2025,2025,22,23.433333019871455,1.433333019871455,22,23,false,2025,2025-02,macro_non_southerly,21.354488888888888,0.6455111111111123,21,false,-0.7878219087603426,-2.078844130982567,0,true,false,false,false,-0.6455111111111123,1.433333019871455,EXPERIMENT_ONLY
2025-02-21,22:00,test,2025,2025,22,23.22764224956132,1.2276422495613204,22,23,false,2025,2025-02,macro_non_southerly,21.354488888888888,0.6455111111111123,21,false,-0.5821311384502081,-1.8731533606724327,0,true,false,false,false,-0.6455111111111123,1.2276422495613204,EXPERIMENT_ONLY
2025-02-21,23:00,test,2025,2025,22,23.435156677012685,1.4351566770126851,22,23,false,2025,2025-02,macro_non_southerly,21.354488888888888,0.6455111111111123,21,false,-0.7896455659015729,-2.0806677881237974,0,true,false,false,false,-0.6455111111111123,1.4351566770126851,EXPERIMENT_ONLY
2025-02-22,20:00,test,2025,2025,24,21.701450749728984,2.298549250271016,24,22,false,2025,2025-02,macro_non_southerly,21.621111111111112,2.3788888888888877,22,false,0.08033963861787186,-0.08033963861787186,0,false,true,false,false,-2.3788888888888877,-2.298549250271016,EXPERIMENT_ONLY
2025-02-22,21:00,test,2025,2025,24,21.99317204093199,2.0068279590680085,24,22,false,2025,2025-02,macro_non_southerly,21.621111111111112,2.3788888888888877,22,false,0.37206092982087924,-0.37206092982087924,0,false,true,false,false,-2.3788888888888877,-2.0068279590680085,EXPERIMENT_ONLY
2025-02-22,22:00,test,2025,2025,24,21.984485809886383,2.015514190113617,24,22,false,2025,2025-02,macro_non_southerly,21.621111111111112,2.3788888888888877,22,false,0.36337469877527084,-0.36337469877527084,0,false,true,false,false,-2.3788888888888877,-2.015514190113617,EXPERIMENT_ONLY
2025-02-22,23:00,test,2025,2025,24,21.971690560815645,2.028309439184355,24,22,false,2025,2025-02,macro_non_southerly,21.621111111111112,2.3788888888888877,22,false,0.3505794497045329,-0.3505794497045329,0,false,true,false,false,-2.3788888888888877,-2.028309439184355,EXPERIMENT_ONLY
2025-02-23,20:00,test,2025,2025,21,20.87844476516279,0.12155523483720998,21,21,true,2025,2025-02,macro_non_southerly,20.02902222222222,0.9709777777777795,20,false,0.8494225429405695,-0.8494225429405695,-1,false,true,true,false,-0.9709777777777795,-0.12155523483720998,EXPERIMENT_ONLY
2025-02-23,21:00,test,2025,2025,21,20.844263707730878,0.1557362922691219,21,21,true,2025,2025-02,macro_non_southerly,20.02902222222222,0.9709777777777795,20,false,0.8152414855086576,-0.8152414855086576,-1,false,true,true,false,-0.9709777777777795,-0.1557362922691219,EXPERIMENT_ONLY
2025-02-23,22:00,test,2025,2025,21,20.444337968836066,0.5556620311639335,21,20,false,2025,2025-02,macro_non_southerly,20.02902222222222,0.9709777777777795,20,false,0.41531574661384596,-0.41531574661384596,0,false,true,false,false,-0.9709777777777795,-0.5556620311639335,EXPERIMENT_ONLY
2025-02-23,23:00,test,2025,2025,21,20.753414071215136,0.24658592878486374,21,21,true,2025,2025-02,macro_non_southerly,20.02902222222222,0.9709777777777795,20,false,0.7243918489929158,-0.7243918489929158,-1,false,true,true,false,-0.9709777777777795,-0.24658592878486374,EXPERIMENT_ONLY
2025-02-24,20:00,test,2025,2025,23,22.902505396352655,0.09749460364734475,23,23,true,2025,2025-02,macro_non_southerly,21.9064,1.0935999999999986,22,false,0.9961053963526538,-0.9961053963526538,-1,false,true,true,false,-1.0935999999999986,-0.09749460364734475,EXPERIMENT_ONLY
2025-02-24,21:00,test,2025,2025,23,23.262313637021112,0.2623136370211121,23,23,true,2025,2025-02,macro_non_southerly,21.9064,1.0935999999999986,22,false,0.8312863629788865,-1.3559136370211107,-1,false,true,true,false,-1.0935999999999986,0.2623136370211121,EXPERIMENT_ONLY
2025-02-24,22:00,test,2025,2025,23,23.160718355116,0.16071835511599986,23,23,true,2025,2025-02,macro_non_southerly,21.9064,1.0935999999999986,22,false,0.9328816448839987,-1.2543183551159984,-1,false,true,true,false,-1.0935999999999986,0.16071835511599986,EXPERIMENT_ONLY
2025-02-24,23:00,test,2025,2025,23,23.261823130479858,0.2618231304798577,23,23,true,2025,2025-02,macro_non_southerly,21.9064,1.0935999999999986,22,false,0.8317768695201408,-1.3554231304798563,-1,false,true,true,false,-1.0935999999999986,0.2618231304798577,EXPERIMENT_ONLY
2025-02-25,20:00,test,2025,2025,23,22.69013369630646,0.3098663036935392,23,23,true,2025,2025-02,macro_non_southerly,21.38426666666667,1.6157333333333312,21,false,1.305867029639792,-1.305867029639792,-1,false,true,true,false,-1.6157333333333312,-0.3098663036935392,EXPERIMENT_ONLY
2025-02-25,21:00,test,2025,2025,23,23.00170808186414,0.0017080818641410644,23,23,true,2025,2025-02,macro_non_southerly,21.38426666666667,1.6157333333333312,21,false,1.6140252514691902,-1.6174414151974723,-1,false,true,true,false,-1.6157333333333312,0.0017080818641410644,EXPERIMENT_ONLY
2025-02-25,22:00,test,2025,2025,23,22.892475557299036,0.10752444270096362,23,23,true,2025,2025-02,macro_non_southerly,21.38426666666667,1.6157333333333312,21,false,1.5082088906323676,-1.5082088906323676,-1,false,true,true,false,-1.6157333333333312,-0.10752444270096362,EXPERIMENT_ONLY
2025-02-25,23:00,test,2025,2025,23,23.01537177837188,0.015371778371878975,23,23,true,2025,2025-02,macro_non_southerly,21.38426666666667,1.6157333333333312,21,false,1.6003615549614523,-1.6311051117052102,-1,false,true,true,false,-1.6157333333333312,0.015371778371878975,EXPERIMENT_ONLY
2025-02-26,20:00,test,2025,2025,19,22.47508079735418,3.475080797354181,19,22,false,2025,2025-02,macro_non_southerly,20.658844444444444,1.6588444444444441,21,false,-1.816236352909737,-1.816236352909737,0,true,false,false,false,1.6588444444444441,3.475080797354181,EXPERIMENT_ONLY
2025-02-26,21:00,test,2025,2025,19,22.554516329675508,3.554516329675508,19,23,false,2025,2025-02,macro_non_southerly,20.658844444444444,1.6588444444444441,21,false,-1.8956718852310637,-1.8956718852310637,0,true,false,false,false,1.6588444444444441,3.554516329675508,EXPERIMENT_ONLY
2025-02-26,22:00,test,2025,2025,19,22.26402025920813,3.264020259208131,19,22,false,2025,2025-02,macro_non_southerly,20.658844444444444,1.6588444444444441,21,false,-1.6051758147636868,-1.6051758147636868,0,true,false,false,false,1.6588444444444441,3.264020259208131,EXPERIMENT_ONLY
2025-02-26,23:00,test,2025,2025,19,22.074511066519978,3.074511066519978,19,22,false,2025,2025-02,macro_non_southerly,20.658844444444444,1.6588444444444441,21,false,-1.415666622075534,-1.415666622075534,0,true,false,false,false,1.6588444444444441,3.074511066519978,EXPERIMENT_ONLY
2025-02-27,20:00,test,2025,2025,21,21.779403606395096,0.7794036063950962,21,22,false,2025,2025-02,macro_non_southerly,22.384266666666665,1.3842666666666652,22,false,0.604863060271569,0.604863060271569,0,false,true,false,false,1.3842666666666652,0.7794036063950962,EXPERIMENT_ONLY
2025-02-27,21:00,test,2025,2025,21,22.270040468440772,1.2700404684407722,21,22,false,2025,2025-02,macro_non_southerly,22.384266666666665,1.3842666666666652,22,false,0.11422619822589297,0.11422619822589297,0,false,true,false,false,1.3842666666666652,1.2700404684407722,EXPERIMENT_ONLY
2025-02-27,22:00,test,2025,2025,21,22.307068515250563,1.3070685152505632,21,22,false,2025,2025-02,macro_non_southerly,22.384266666666665,1.3842666666666652,22,false,0.07719815141610198,0.07719815141610198,0,false,true,false,false,1.3842666666666652,1.3070685152505632,EXPERIMENT_ONLY
2025-02-27,23:00,test,2025,2025,21,22.67983806400619,1.6798380640061907,21,23,false,2025,2025-02,macro_non_southerly,22.384266666666665,1.3842666666666652,22,false,-0.29557139733952553,-0.29557139733952553,0,true,false,false,false,1.3842666666666652,1.6798380640061907,EXPERIMENT_ONLY
2025-02-28,20:00,test,2025,2025,21,23.851291391656932,2.8512913916569325,21,24,false,2025,2025-02,macro_non_southerly,23.34897777777778,2.3489777777777796,23,false,-0.5023136138791529,-0.5023136138791529,0,true,false,false,false,2.3489777777777796,2.8512913916569325,EXPERIMENT_ONLY
2025-02-28,21:00,test,2025,2025,21,24.642160316565757,3.6421603165657572,21,25,false,2025,2025-02,macro_non_southerly,23.34897777777778,2.3489777777777796,23,false,-1.2931825387879776,-1.2931825387879776,0,true,false,false,false,2.3489777777777796,3.6421603165657572,EXPERIMENT_ONLY
2025-02-28,22:00,test,2025,2025,21,24.579602276346037,3.579602276346037,21,25,false,2025,2025-02,macro_non_southerly,23.34897777777778,2.3489777777777796,23,false,-1.2306244985682575,-1.2306244985682575,0,true,false,false,false,2.3489777777777796,3.579602276346037,EXPERIMENT_ONLY
2025-02-28,23:00,test,2025,2025,21,24.71278375978282,3.7127837597828197,21,25,false,2025,2025-02,macro_non_southerly,23.34897777777778,2.3489777777777796,23,false,-1.36380598200504,-1.36380598200504,0,true,false,false,false,2.3489777777777796,3.7127837597828197,EXPERIMENT_ONLY
2025-03-01,20:00,test,2025,2025,24,22.77328437203993,1.2267156279600684,24,23,false,2025,2025-03,macro_non_southerly,21.44066666666667,2.5593333333333312,21,false,1.3326177053732629,-1.3326177053732629,0,false,true,false,false,-2.5593333333333312,-1.2267156279600684,EXPERIMENT_ONLY
2025-03-01,21:00,test,2025,2025,24,22.91738800330994,1.0826119966900585,24,23,false,2025,2025-03,macro_non_southerly,21.44066666666667,2.5593333333333312,21,false,1.4767213366432728,-1.4767213366432728,0,false,true,false,false,-2.5593333333333312,-1.0826119966900585,EXPERIMENT_ONLY
2025-03-01,22:00,test,2025,2025,24,22.708568600991907,1.2914313990080935,24,23,false,2025,2025-03,macro_non_southerly,21.44066666666667,2.5593333333333312,21,false,1.2679019343252378,-1.2679019343252378,0,false,true,false,false,-2.5593333333333312,-1.2914313990080935,EXPERIMENT_ONLY
2025-03-01,23:00,test,2025,2025,24,22.97031615088588,1.0296838491141216,24,23,false,2025,2025-03,macro_non_southerly,21.44066666666667,2.5593333333333312,21,false,1.5296494842192097,-1.5296494842192097,0,false,true,false,false,-2.5593333333333312,-1.0296838491141216,EXPERIMENT_ONLY
2025-03-02,20:00,test,2025,2025,26,23.494657707896774,2.505342292103226,26,23,false,2025,2025-03,macro_non_southerly,22.962622222222222,3.0373777777777775,23,false,0.5320354856745517,-0.5320354856745517,0,false,true,false,false,-3.0373777777777775,-2.505342292103226,EXPERIMENT_ONLY
2025-03-02,21:00,test,2025,2025,26,24.052189395058168,1.9478106049418322,26,24,false,2025,2025-03,macro_non_southerly,22.962622222222222,3.0373777777777775,23,false,1.0895671728359453,-1.0895671728359453,0,false,true,false,false,-3.0373777777777775,-1.9478106049418322,EXPERIMENT_ONLY
2025-03-02,22:00,test,2025,2025,26,24.117971449350932,1.8820285506490677,26,24,false,2025,2025-03,macro_non_southerly,22.962622222222222,3.0373777777777775,23,false,1.1553492271287098,-1.1553492271287098,0,false,true,false,false,-3.0373777777777775,-1.8820285506490677,EXPERIMENT_ONLY
2025-03-02,23:00,test,2025,2025,26,24.344951081403284,1.6550489185967159,26,24,false,2025,2025-03,macro_non_southerly,22.962622222222222,3.0373777777777775,23,false,1.3823288591810616,-1.3823288591810616,0,false,true,false,false,-3.0373777777777775,-1.6550489185967159,EXPERIMENT_ONLY
2025-03-03,20:00,test,2025,2025,25,24.448182428323086,0.5518175716769136,25,24,false,2025,2025-03,macro_non_southerly,23.166622222222223,1.8333777777777769,23,false,1.2815602061008633,-1.2815602061008633,0,false,true,false,false,-1.8333777777777769,-0.5518175716769136,EXPERIMENT_ONLY
2025-03-03,21:00,test,2025,2025,25,24.87622248799211,0.12377751200789078,25,25,true,2025,2025-03,macro_non_southerly,23.166622222222223,1.8333777777777769,23,false,1.709600265769886,-1.709600265769886,-1,false,true,true,false,-1.8333777777777769,-0.12377751200789078,EXPERIMENT_ONLY
2025-03-03,22:00,test,2025,2025,25,24.732574593626445,0.2674254063735546,25,25,true,2025,2025-03,macro_non_southerly,23.166622222222223,1.8333777777777769,23,false,1.5659523714042223,-1.5659523714042223,-1,false,true,true,false,-1.8333777777777769,-0.2674254063735546,EXPERIMENT_ONLY
2025-03-03,23:00,test,2025,2025,25,24.7884615697338,0.21153843026619867,25,25,true,2025,2025-03,macro_non_southerly,23.166622222222223,1.8333777777777769,23,false,1.6218393475115782,-1.6218393475115782,-1,false,true,true,false,-1.8333777777777769,-0.21153843026619867,EXPERIMENT_ONLY
2025-03-04,20:00,test,2025,2025,21,20.55697742094833,0.44302257905167153,21,21,true,2025,2025-03,macro_non_southerly,19.9728,1.0272000000000006,20,false,0.584177420948329,-0.584177420948329,-1,false,true,true,false,-1.0272000000000006,-0.44302257905167153,EXPERIMENT_ONLY
2025-03-04,21:00,test,2025,2025,21,20.508244102217738,0.49175589778226225,21,21,true,2025,2025-03,macro_non_southerly,19.9728,1.0272000000000006,20,false,0.5354441022177383,-0.5354441022177383,-1,false,true,true,false,-1.0272000000000006,-0.49175589778226225,EXPERIMENT_ONLY
2025-03-04,22:00,test,2025,2025,21,19.124663762950895,1.8753362370491047,21,19,false,2025,2025-03,macro_southerly_flow,19.9728,1.0272000000000006,20,false,-0.8481362370491041,0.8481362370491041,0,true,false,false,false,-1.0272000000000006,-1.8753362370491047,EXPERIMENT_ONLY
2025-03-04,23:00,test,2025,2025,21,19.352912342739003,1.6470876572609967,21,19,false,2025,2025-03,macro_southerly_flow,19.9728,1.0272000000000006,20,false,-0.6198876572609961,0.6198876572609961,0,true,false,false,false,-1.0272000000000006,-1.6470876572609967,EXPERIMENT_ONLY
2025-03-05,20:00,test,2025,2025,16,16.530478723817623,0.5304787238176232,16,17,false,2025,2025-03,macro_southerly_flow,16.20288888888889,0.20288888888888934,16,true,-0.32758983492873384,-0.32758983492873384,1,true,false,false,true,0.20288888888888934,0.5304787238176232,EXPERIMENT_ONLY
2025-03-05,21:00,test,2025,2025,16,16.38351871398948,0.38351871398948134,16,16,true,2025,2025-03,macro_southerly_flow,16.20288888888889,0.20288888888888934,16,true,-0.180629825100592,-0.180629825100592,0,true,false,false,false,0.20288888888888934,0.38351871398948134,EXPERIMENT_ONLY
2025-03-05,22:00,test,2025,2025,16,16.250990545438917,0.25099054543891697,16,16,true,2025,2025-03,macro_southerly_flow,16.20288888888889,0.20288888888888934,16,true,-0.04810165655002763,-0.04810165655002763,0,true,false,false,false,0.20288888888888934,0.25099054543891697,EXPERIMENT_ONLY
2025-03-05,23:00,test,2025,2025,16,16.519689927613484,0.5196899276134843,16,17,false,2025,2025-03,macro_southerly_flow,16.20288888888889,0.20288888888888934,16,true,-0.316801038724595,-0.316801038724595,1,true,false,false,true,0.20288888888888934,0.5196899276134843,EXPERIMENT_ONLY
2025-03-06,20:00,test,2025,2025,17,16.89827501182153,0.10172498817847142,17,17,true,2025,2025-03,macro_southerly_flow,16.512622222222223,0.4873777777777768,17,true,0.3856527895993054,-0.3856527895993054,0,false,true,false,false,-0.4873777777777768,-0.10172498817847142,EXPERIMENT_ONLY
2025-03-06,21:00,test,2025,2025,17,16.69807337411633,0.30192662588367014,17,17,true,2025,2025-03,macro_southerly_flow,16.512622222222223,0.4873777777777768,17,true,0.18545115189410666,-0.18545115189410666,0,false,true,false,false,-0.4873777777777768,-0.30192662588367014,EXPERIMENT_ONLY
2025-03-06,22:00,test,2025,2025,17,16.60348433538192,0.39651566461807874,17,17,true,2025,2025-03,macro_southerly_flow,16.512622222222223,0.4873777777777768,17,true,0.09086211315969805,-0.09086211315969805,0,false,true,false,false,-0.4873777777777768,-0.39651566461807874,EXPERIMENT_ONLY
2025-03-06,23:00,test,2025,2025,17,16.674498558505615,0.3255014414943851,17,17,true,2025,2025-03,macro_southerly_flow,16.512622222222223,0.4873777777777768,17,true,0.1618763362833917,-0.1618763362833917,0,false,true,false,false,-0.4873777777777768,-0.3255014414943851,EXPERIMENT_ONLY
2025-03-07,20:00,test,2025,2025,20,18.508719394519975,1.491280605480025,20,19,false,2025,2025-03,macro_non_southerly,19.124888888888886,0.8751111111111136,19,false,-0.6161694943689113,0.6161694943689113,0,true,false,false,false,-0.8751111111111136,-1.491280605480025,EXPERIMENT_ONLY
2025-03-07,21:00,test,2025,2025,20,19.15932792403008,0.8406720759699198,20,19,false,2025,2025-03,macro_non_southerly,19.124888888888886,0.8751111111111136,19,false,0.03443903514119384,-0.03443903514119384,0,false,true,false,false,-0.8751111111111136,-0.8406720759699198,EXPERIMENT_ONLY
2025-03-07,22:00,test,2025,2025,20,19.159662335154923,0.8403376648450767,20,19,false,2025,2025-03,macro_non_southerly,19.124888888888886,0.8751111111111136,19,false,0.034773446266036956,-0.034773446266036956,0,false,true,false,false,-0.8751111111111136,-0.8403376648450767,EXPERIMENT_ONLY
2025-03-07,23:00,test,2025,2025,20,19.22012191991363,0.7798780800863696,20,19,false,2025,2025-03,macro_non_southerly,19.124888888888886,0.8751111111111136,19,false,0.09523303102474401,-0.09523303102474401,0,false,true,false,false,-0.8751111111111136,-0.7798780800863696,EXPERIMENT_ONLY
2025-03-08,20:00,test,2025,2025,17,19.03151399880546,2.0315139988054582,17,19,false,2025,2025-03,macro_non_southerly,18.424755555555556,1.4247555555555564,18,false,-0.6067584432499018,-0.6067584432499018,0,true,false,false,false,1.4247555555555564,2.0315139988054582,EXPERIMENT_ONLY
2025-03-08,21:00,test,2025,2025,17,19.388813870383636,2.388813870383636,17,19,false,2025,2025-03,macro_non_southerly,18.424755555555556,1.4247555555555564,18,false,-0.9640583148280797,-0.9640583148280797,0,true,false,false,false,1.4247555555555564,2.388813870383636,EXPERIMENT_ONLY
2025-03-08,22:00,test,2025,2025,17,19.728944717928357,2.728944717928357,17,20,false,2025,2025-03,macro_non_southerly,18.424755555555556,1.4247555555555564,18,false,-1.3041891623728006,-1.3041891623728006,0,true,false,false,false,1.4247555555555564,2.728944717928357,EXPERIMENT_ONLY
2025-03-08,23:00,test,2025,2025,17,19.189772067647063,2.1897720676470627,17,19,false,2025,2025-03,macro_non_southerly,18.424755555555556,1.4247555555555564,18,false,-0.7650165120915062,-0.7650165120915062,0,true,false,false,false,1.4247555555555564,2.1897720676470627,EXPERIMENT_ONLY
2025-03-09,20:00,test,2025,2025,19,18.881465092672855,0.11853490732714533,19,19,true,2025,2025-03,macro_southerly_flow,19.062577777777776,0.06257777777777562,19,true,-0.05595712954936971,0.18111268510492096,0,true,false,false,false,0.06257777777777562,-0.11853490732714533,EXPERIMENT_ONLY
2025-03-09,21:00,test,2025,2025,19,18.816004729936246,0.18399527006375394,19,19,true,2025,2025-03,macro_southerly_flow,19.062577777777776,0.06257777777777562,19,true,-0.12141749228597831,0.24657304784152956,0,true,false,false,false,0.06257777777777562,-0.18399527006375394,EXPERIMENT_ONLY
2025-03-09,22:00,test,2025,2025,19,18.683355958889656,0.3166440411103437,19,19,true,2025,2025-03,macro_southerly_flow,19.062577777777776,0.06257777777777562,19,true,-0.2540662633325681,0.37922181888811934,0,true,false,false,false,0.06257777777777562,-0.3166440411103437,EXPERIMENT_ONLY
2025-03-09,23:00,test,2025,2025,19,18.88672979983405,0.11327020016594957,19,19,true,2025,2025-03,macro_southerly_flow,19.062577777777776,0.06257777777777562,19,true,-0.05069242238817395,0.1758479779437252,0,true,false,false,false,0.06257777777777562,-0.11327020016594957,EXPERIMENT_ONLY
2025-03-10,20:00,test,2025,2025,22,20.221213420510626,1.778786579489374,22,20,false,2025,2025-03,macro_southerly_flow,20.34733333333333,1.6526666666666685,20,false,-0.12611991282270552,0.12611991282270552,0,true,false,false,false,-1.6526666666666685,-1.778786579489374,EXPERIMENT_ONLY
2025-03-10,21:00,test,2025,2025,22,20.590665006371776,1.4093349936282245,22,21,false,2025,2025-03,macro_southerly_flow,20.34733333333333,1.6526666666666685,20,false,0.24333167303844405,-0.24333167303844405,0,false,true,false,false,-1.6526666666666685,-1.4093349936282245,EXPERIMENT_ONLY
2025-03-10,22:00,test,2025,2025,22,20.422334649282316,1.5776653507176839,22,20,false,2025,2025-03,macro_southerly_flow,20.34733333333333,1.6526666666666685,20,false,0.07500131594898463,-0.07500131594898463,0,false,true,false,false,-1.6526666666666685,-1.5776653507176839,EXPERIMENT_ONLY
2025-03-10,23:00,test,2025,2025,22,20.385073803954178,1.6149261960458219,22,20,false,2025,2025-03,macro_southerly_flow,20.34733333333333,1.6526666666666685,20,false,0.03774047062084662,-0.03774047062084662,0,false,true,false,false,-1.6526666666666685,-1.6149261960458219,EXPERIMENT_ONLY
2025-03-11,20:00,test,2025,2025,22,21.577571652503895,0.4224283474961048,22,22,true,2025,2025-03,macro_non_southerly,20.740133333333336,1.2598666666666638,21,false,0.837438319170559,-0.837438319170559,-1,false,true,true,false,-1.2598666666666638,-0.4224283474961048,EXPERIMENT_ONLY
2025-03-11,21:00,test,2025,2025,22,21.68432162202413,0.31567837797587117,22,22,true,2025,2025-03,macro_non_southerly,20.740133333333336,1.2598666666666638,21,false,0.9441882886907926,-0.9441882886907926,-1,false,true,true,false,-1.2598666666666638,-0.31567837797587117,EXPERIMENT_ONLY
2025-03-11,22:00,test,2025,2025,22,21.48001564711019,0.5199843528898107,22,21,false,2025,2025-03,macro_non_southerly,20.740133333333336,1.2598666666666638,21,false,0.7398823137768531,-0.7398823137768531,0,false,true,false,false,-1.2598666666666638,-0.5199843528898107,EXPERIMENT_ONLY
2025-03-11,23:00,test,2025,2025,22,21.63852338412288,0.36147661587711966,22,22,true,2025,2025-03,macro_non_southerly,20.740133333333336,1.2598666666666638,21,false,0.8983900507895441,-0.8983900507895441,-1,false,true,true,false,-1.2598666666666638,-0.36147661587711966,EXPERIMENT_ONLY
2025-03-12,20:00,test,2025,2025,18,20.12408885919872,2.1240888591987215,18,20,false,2025,2025-03,macro_non_southerly,19.089866666666666,1.0898666666666657,19,false,-1.0342221925320558,-1.0342221925320558,0,true,false,false,false,1.0898666666666657,2.1240888591987215,EXPERIMENT_ONLY
2025-03-12,21:00,test,2025,2025,18,19.657455370980667,1.6574553709806672,18,20,false,2025,2025-03,macro_non_southerly,19.089866666666666,1.0898666666666657,19,false,-0.5675887043140015,-0.5675887043140015,0,true,false,false,false,1.0898666666666657,1.6574553709806672,EXPERIMENT_ONLY
2025-03-12,22:00,test,2025,2025,18,19.400335051566543,1.4003350515665431,18,19,false,2025,2025-03,macro_southerly_flow,19.089866666666666,1.0898666666666657,19,false,-0.3104683848998775,-0.3104683848998775,0,true,false,false,false,1.0898666666666657,1.4003350515665431,EXPERIMENT_ONLY
2025-03-12,23:00,test,2025,2025,18,18.533954790361758,0.5339547903617579,18,19,false,2025,2025-03,macro_southerly_flow,19.089866666666666,1.0898666666666657,19,false,0.5559118763049078,0.5559118763049078,0,false,true,false,false,1.0898666666666657,0.5339547903617579,EXPERIMENT_ONLY
2025-03-13,20:00,test,2025,2025,17,16.52899944132816,0.47100055867183954,17,17,true,2025,2025-03,macro_southerly_flow,17.063333333333333,0.06333333333333258,17,true,-0.40766722533850697,0.5343338920051721,0,true,false,false,false,0.06333333333333258,-0.47100055867183954,EXPERIMENT_ONLY
2025-03-13,21:00,test,2025,2025,17,16.495359312336095,0.5046406876639047,17,16,false,2025,2025-03,macro_southerly_flow,17.063333333333333,0.06333333333333258,17,true,-0.4413073543305721,0.5679740209972373,1,true,false,false,true,0.06333333333333258,-0.5046406876639047,EXPERIMENT_ONLY
2025-03-13,22:00,test,2025,2025,17,16.29684228882722,0.7031577111727785,17,16,false,2025,2025-03,macro_southerly_flow,17.063333333333333,0.06333333333333258,17,true,-0.6398243778394459,0.766491044506111,1,true,false,false,true,0.06333333333333258,-0.7031577111727785,EXPERIMENT_ONLY
2025-03-13,23:00,test,2025,2025,17,16.468910137236794,0.5310898627632064,17,16,false,2025,2025-03,macro_southerly_flow,17.063333333333333,0.06333333333333258,17,true,-0.4677565294298738,0.5944231960965389,1,true,false,false,true,0.06333333333333258,-0.5310898627632064,EXPERIMENT_ONLY
2025-03-14,20:00,test,2025,2025,21,20.76757611681724,0.23242388318276141,21,21,true,2025,2025-03,macro_non_southerly,20.2932,0.7068000000000012,20,false,0.4743761168172398,-0.4743761168172398,-1,false,true,true,false,-0.7068000000000012,-0.23242388318276141,EXPERIMENT_ONLY
2025-03-14,21:00,test,2025,2025,21,20.719715913755692,0.2802840862443077,21,21,true,2025,2025-03,macro_non_southerly,20.2932,0.7068000000000012,20,false,0.42651591375569353,-0.42651591375569353,-1,false,true,true,false,-0.7068000000000012,-0.2802840862443077,EXPERIMENT_ONLY
2025-03-14,22:00,test,2025,2025,21,20.7107681593556,0.2892318406444012,21,21,true,2025,2025-03,macro_non_southerly,20.2932,0.7068000000000012,20,false,0.4175681593556,-0.4175681593556,-1,false,true,true,false,-0.7068000000000012,-0.2892318406444012,EXPERIMENT_ONLY
2025-03-14,23:00,test,2025,2025,21,20.904093798515856,0.0959062014841443,21,21,true,2025,2025-03,macro_non_southerly,20.2932,0.7068000000000012,20,false,0.6108937985158569,-0.6108937985158569,-1,false,true,true,false,-0.7068000000000012,-0.0959062014841443,EXPERIMENT_ONLY
2025-03-15,20:00,test,2025,2025,22,21.730448738328228,0.2695512616717721,22,22,true,2025,2025-03,macro_non_southerly,20.54671111111111,1.4532888888888884,21,false,1.1837376272171163,-1.1837376272171163,-1,false,true,true,false,-1.4532888888888884,-0.2695512616717721,EXPERIMENT_ONLY
2025-03-15,21:00,test,2025,2025,22,21.75751288627637,0.2424871137236302,22,22,true,2025,2025-03,macro_non_southerly,20.54671111111111,1.4532888888888884,21,false,1.2108017751652582,-1.2108017751652582,-1,false,true,true,false,-1.4532888888888884,-0.2424871137236302,EXPERIMENT_ONLY
2025-03-15,22:00,test,2025,2025,22,21.482440208911484,0.5175597910885159,22,21,false,2025,2025-03,macro_non_southerly,20.54671111111111,1.4532888888888884,21,false,0.9357290978003725,-0.9357290978003725,0,false,true,false,false,-1.4532888888888884,-0.5175597910885159,EXPERIMENT_ONLY
2025-03-15,23:00,test,2025,2025,22,21.444957592497953,0.5550424075020466,22,21,false,2025,2025-03,macro_non_southerly,20.54671111111111,1.4532888888888884,21,false,0.8982464813868418,-0.8982464813868418,0,false,true,false,false,-1.4532888888888884,-0.5550424075020466,EXPERIMENT_ONLY
2025-03-16,20:00,test,2025,2025,23,21.654984770139738,1.3450152298602625,23,22,false,2025,2025-03,macro_non_southerly,20.84213333333333,2.1578666666666706,21,false,0.8128514368064081,-0.8128514368064081,0,false,true,false,false,-2.1578666666666706,-1.3450152298602625,EXPERIMENT_ONLY
2025-03-16,21:00,test,2025,2025,23,21.752962371823195,1.2470376281768054,23,22,false,2025,2025-03,macro_non_southerly,20.84213333333333,2.1578666666666706,21,false,0.9108290384898652,-0.9108290384898652,0,false,true,false,false,-2.1578666666666706,-1.2470376281768054,EXPERIMENT_ONLY
2025-03-16,22:00,test,2025,2025,23,21.454796758593723,1.545203241406277,23,21,false,2025,2025-03,macro_non_southerly,20.84213333333333,2.1578666666666706,21,false,0.6126634252603935,-0.6126634252603935,0,false,true,false,false,-2.1578666666666706,-1.545203241406277,EXPERIMENT_ONLY
2025-03-16,23:00,test,2025,2025,23,21.323129593339534,1.6768704066604663,23,21,false,2025,2025-03,macro_non_southerly,20.84213333333333,2.1578666666666706,21,false,0.4809962600062043,-0.4809962600062043,0,false,true,false,false,-2.1578666666666706,-1.6768704066604663,EXPERIMENT_ONLY
2025-03-17,20:00,test,2025,2025,22,22.158623356386222,0.15862335638622227,22,22,true,2025,2025-03,macro_non_southerly,21.556133333333335,0.44386666666666486,22,true,0.2852433102804426,-0.6024900230528871,0,false,true,false,false,-0.44386666666666486,0.15862335638622227,EXPERIMENT_ONLY
2025-03-17,21:00,test,2025,2025,22,22.11761162514529,0.11761162514529033,22,22,true,2025,2025-03,macro_non_southerly,21.556133333333335,0.44386666666666486,22,true,0.3262550415213745,-0.5614782918119552,0,false,true,false,false,-0.44386666666666486,0.11761162514529033,EXPERIMENT_ONLY
2025-03-17,22:00,test,2025,2025,22,21.951811924982533,0.04818807501746747,22,22,true,2025,2025-03,macro_non_southerly,21.556133333333335,0.44386666666666486,22,true,0.3956785916491974,-0.3956785916491974,0,false,true,false,false,-0.44386666666666486,-0.04818807501746747,EXPERIMENT_ONLY
2025-03-17,23:00,test,2025,2025,22,22.386531227636702,0.3865312276367021,22,22,true,2025,2025-03,macro_non_southerly,21.556133333333335,0.44386666666666486,22,true,0.05733543902996274,-0.830397894303367,0,false,true,false,false,-0.44386666666666486,0.3865312276367021,EXPERIMENT_ONLY
2025-03-18,20:00,test,2025,2025,22,22.68291798190955,0.6829179819095508,22,23,false,2025,2025-03,macro_non_southerly,20.441244444444443,1.5587555555555568,20,false,0.875837573646006,-2.2416735374651076,0,false,true,false,false,-1.5587555555555568,0.6829179819095508,EXPERIMENT_ONLY
2025-03-18,21:00,test,2025,2025,22,22.56230755715485,0.562307557154849,22,23,false,2025,2025-03,macro_non_southerly,20.441244444444443,1.5587555555555568,20,false,0.9964479984007077,-2.121063112710406,0,false,true,false,false,-1.5587555555555568,0.562307557154849,EXPERIMENT_ONLY
2025-03-18,22:00,test,2025,2025,22,21.144630195562556,0.8553698044374443,22,21,false,2025,2025-03,macro_non_southerly,20.441244444444443,1.5587555555555568,20,false,0.7033857511181125,-0.7033857511181125,0,false,true,false,false,-1.5587555555555568,-0.8553698044374443,EXPERIMENT_ONLY
2025-03-18,23:00,test,2025,2025,22,20.735531931540905,1.2644680684590952,22,21,false,2025,2025-03,macro_non_southerly,20.441244444444443,1.5587555555555568,20,false,0.2942874870964616,-0.2942874870964616,0,false,true,false,false,-1.5587555555555568,-1.2644680684590952,EXPERIMENT_ONLY
2025-03-19,20:00,test,2025,2025,16,16.264137166235436,0.2641371662354359,16,16,true,2025,2025-03,macro_southerly_flow,16.837777777777777,0.8377777777777773,17,false,0.5736406115423414,0.5736406115423414,-1,false,true,true,false,0.8377777777777773,0.2641371662354359,EXPERIMENT_ONLY
2025-03-19,21:00,test,2025,2025,16,16.242366660012152,0.24236666001215212,16,16,true,2025,2025-03,macro_southerly_flow,16.837777777777777,0.8377777777777773,17,false,0.5954111177656252,0.5954111177656252,-1,false,true,true,false,0.8377777777777773,0.24236666001215212,EXPERIMENT_ONLY
2025-03-19,22:00,test,2025,2025,16,16.289311731950388,0.28931173195038795,16,16,true,2025,2025-03,macro_southerly_flow,16.837777777777777,0.8377777777777773,17,false,0.5484660458273893,0.5484660458273893,-1,false,true,true,false,0.8377777777777773,0.28931173195038795,EXPERIMENT_ONLY
2025-03-19,23:00,test,2025,2025,16,16.070659543022227,0.07065954302222721,16,16,true,2025,2025-03,macro_southerly_flow,16.837777777777777,0.8377777777777773,17,false,0.7671182347555501,0.7671182347555501,-1,false,true,true,false,0.8377777777777773,0.07065954302222721,EXPERIMENT_ONLY
2025-03-20,20:00,test,2025,2025,16,16.943731883552896,0.9437318835528963,16,17,false,2025,2025-03,macro_southerly_flow,17.760666666666665,1.7606666666666655,18,false,0.8169347831137692,0.8169347831137692,0,false,true,false,false,1.7606666666666655,0.9437318835528963,EXPERIMENT_ONLY
2025-03-20,21:00,test,2025,2025,16,16.820509094344274,0.8205090943442741,16,17,false,2025,2025-03,macro_southerly_flow,17.760666666666665,1.7606666666666655,18,false,0.9401575723223914,0.9401575723223914,0,false,true,false,false,1.7606666666666655,0.8205090943442741,EXPERIMENT_ONLY
2025-03-20,22:00,test,2025,2025,16,16.6566749332589,0.6566749332588984,16,17,false,2025,2025-03,macro_southerly_flow,17.760666666666665,1.7606666666666655,18,false,1.1039917334077671,1.1039917334077671,0,false,true,false,false,1.7606666666666655,0.6566749332588984,EXPERIMENT_ONLY
2025-03-20,23:00,test,2025,2025,16,16.293374687664482,0.2933746876644818,16,16,true,2025,2025-03,macro_southerly_flow,17.760666666666665,1.7606666666666655,18,false,1.4672919790021837,1.4672919790021837,-1,false,true,true,false,1.7606666666666655,0.2933746876644818,EXPERIMENT_ONLY
2025-03-21,20:00,test,2025,2025,18,19.255410696923295,1.2554106969232954,18,19,false,2025,2025-03,macro_southerly_flow,20.49688888888889,2.49688888888889,20,false,1.2414781919655944,1.2414781919655944,0,false,true,false,false,2.49688888888889,1.2554106969232954,EXPERIMENT_ONLY
2025-03-21,21:00,test,2025,2025,18,19.652478595923235,1.6524785959232346,18,20,false,2025,2025-03,macro_southerly_flow,20.49688888888889,2.49688888888889,20,false,0.8444102929656552,0.8444102929656552,0,false,true,false,false,2.49688888888889,1.6524785959232346,EXPERIMENT_ONLY
2025-03-21,22:00,test,2025,2025,18,19.793312841895805,1.7933128418958049,18,20,false,2025,2025-03,macro_southerly_flow,20.49688888888889,2.49688888888889,20,false,0.703576046993085,0.703576046993085,0,false,true,false,false,2.49688888888889,1.7933128418958049,EXPERIMENT_ONLY
2025-03-21,23:00,test,2025,2025,18,19.899753642835147,1.8997536428351474,18,20,false,2025,2025-03,macro_southerly_flow,20.49688888888889,2.49688888888889,20,false,0.5971352460537425,0.5971352460537425,0,false,true,false,false,2.49688888888889,1.8997536428351474,EXPERIMENT_ONLY
2025-03-22,20:00,test,2025,2025,21,20.66085880393978,0.3391411960602184,21,21,true,2025,2025-03,macro_non_southerly,20.22822222222222,0.7717777777777783,20,false,0.4326365817175599,-0.4326365817175599,-1,false,true,true,false,-0.7717777777777783,-0.3391411960602184,EXPERIMENT_ONLY
2025-03-22,21:00,test,2025,2025,21,20.81374206743897,0.18625793256103051,21,21,true,2025,2025-03,macro_non_southerly,20.22822222222222,0.7717777777777783,20,false,0.5855198452167478,-0.5855198452167478,-1,false,true,true,false,-0.7717777777777783,-0.18625793256103051,EXPERIMENT_ONLY
2025-03-22,22:00,test,2025,2025,21,20.71305913716779,0.28694086283221054,21,21,true,2025,2025-03,macro_non_southerly,20.22822222222222,0.7717777777777783,20,false,0.4848369149455678,-0.4848369149455678,-1,false,true,true,false,-0.7717777777777783,-0.28694086283221054,EXPERIMENT_ONLY
2025-03-22,23:00,test,2025,2025,21,20.808508632973485,0.19149136702651504,21,21,true,2025,2025-03,macro_non_southerly,20.22822222222222,0.7717777777777783,20,false,0.5802864107512633,-0.5802864107512633,-1,false,true,true,false,-0.7717777777777783,-0.19149136702651504,EXPERIMENT_ONLY
2025-03-23,20:00,test,2025,2025,22,21.7378976044821,0.2621023955178998,22,22,true,2025,2025-03,macro_non_southerly,20.68488888888889,1.3151111111111113,21,false,1.0530087155932115,-1.0530087155932115,-1,false,true,true,false,-1.3151111111111113,-0.2621023955178998,EXPERIMENT_ONLY
2025-03-23,21:00,test,2025,2025,22,21.90201888147488,0.09798111852511937,22,22,true,2025,2025-03,macro_non_southerly,20.68488888888889,1.3151111111111113,21,false,1.217129992585992,-1.217129992585992,-1,false,true,true,false,-1.3151111111111113,-0.09798111852511937,EXPERIMENT_ONLY
2025-03-23,22:00,test,2025,2025,22,21.93254604239541,0.06745395760459161,22,22,true,2025,2025-03,macro_non_southerly,20.68488888888889,1.3151111111111113,21,false,1.2476571535065197,-1.2476571535065197,-1,false,true,true,false,-1.3151111111111113,-0.06745395760459161,EXPERIMENT_ONLY
2025-03-23,23:00,test,2025,2025,22,21.826513229053806,0.17348677094619447,22,22,true,2025,2025-03,macro_non_southerly,20.68488888888889,1.3151111111111113,21,false,1.1416243401649169,-1.1416243401649169,-1,false,true,true,false,-1.3151111111111113,-0.17348677094619447,EXPERIMENT_ONLY
2025-03-24,20:00,test,2025,2025,19,19.237644029773595,0.23764402977359467,19,19,true,2025,2025-03,macro_southerly_flow,18.744888888888887,0.2551111111111126,19,true,0.017467081337517953,-0.4927551408847073,0,false,true,false,false,-0.2551111111111126,0.23764402977359467,EXPERIMENT_ONLY
2025-03-24,21:00,test,2025,2025,19,18.567489381193862,0.4325106188061376,19,19,true,2025,2025-03,macro_southerly_flow,18.744888888888887,0.2551111111111126,19,true,-0.177399507695025,0.177399507695025,0,true,false,false,false,-0.2551111111111126,-0.4325106188061376,EXPERIMENT_ONLY
2025-03-24,22:00,test,2025,2025,19,18.28596498401664,0.7140350159833595,19,18,false,2025,2025-03,macro_southerly_flow,18.744888888888887,0.2551111111111126,19,true,-0.4589239048722469,0.4589239048722469,1,true,false,false,true,-0.2551111111111126,-0.7140350159833595,EXPERIMENT_ONLY
2025-03-24,23:00,test,2025,2025,19,18.408435305608364,0.5915646943916357,19,18,false,2025,2025-03,macro_southerly_flow,18.744888888888887,0.2551111111111126,19,true,-0.3364535832805231,0.3364535832805231,1,true,false,false,true,-0.2551111111111126,-0.5915646943916357,EXPERIMENT_ONLY
2025-03-25,20:00,test,2025,2025,20,19.31428872140165,0.685711278598351,20,19,false,2025,2025-03,macro_non_southerly,19.91311111111111,0.08688888888888968,20,true,-0.5988223897094613,0.5988223897094613,1,true,false,false,true,-0.08688888888888968,-0.685711278598351,EXPERIMENT_ONLY
2025-03-25,21:00,test,2025,2025,20,20.181798995556466,0.18179899555646628,20,20,true,2025,2025-03,macro_non_southerly,19.91311111111111,0.08688888888888968,20,true,-0.0949101066675766,-0.26868788444535596,0,true,false,false,false,-0.08688888888888968,0.18179899555646628,EXPERIMENT_ONLY
2025-03-25,22:00,test,2025,2025,20,19.943133730605105,0.05686626939489514,20,20,true,2025,2025-03,macro_non_southerly,19.91311111111111,0.08688888888888968,20,true,0.03002261949399454,-0.03002261949399454,0,false,true,false,false,-0.08688888888888968,-0.05686626939489514,EXPERIMENT_ONLY
2025-03-25,23:00,test,2025,2025,20,19.86985202276869,0.1301479772313101,20,20,true,2025,2025-03,macro_non_southerly,19.91311111111111,0.08688888888888968,20,true,-0.043259088342420426,0.043259088342420426,0,true,false,false,false,-0.08688888888888968,-0.1301479772313101,EXPERIMENT_ONLY
2025-03-26,20:00,test,2025,2025,18,21.052686799774797,3.052686799774797,18,21,false,2025,2025-03,macro_non_southerly,20.36288888888889,2.3628888888888895,20,false,-0.6897979108859076,-0.6897979108859076,0,true,false,false,false,2.3628888888888895,3.052686799774797,EXPERIMENT_ONLY
2025-03-26,21:00,test,2025,2025,18,20.150211423500906,2.150211423500906,18,20,false,2025,2025-03,macro_southerly_flow,20.36288888888889,2.3628888888888895,20,false,0.2126774653879835,0.2126774653879835,0,false,true,false,false,2.3628888888888895,2.150211423500906,EXPERIMENT_ONLY
2025-03-26,22:00,test,2025,2025,18,20.189288529627458,2.189288529627458,18,20,false,2025,2025-03,macro_southerly_flow,20.36288888888889,2.3628888888888895,20,false,0.1736003592614317,0.1736003592614317,0,false,true,false,false,2.3628888888888895,2.189288529627458,EXPERIMENT_ONLY
2025-03-26,23:00,test,2025,2025,18,20.4638170324432,2.463817032443199,18,20,false,2025,2025-03,macro_southerly_flow,20.36288888888889,2.3628888888888895,20,false,-0.10092814355430946,-0.10092814355430946,0,true,false,false,false,2.3628888888888895,2.463817032443199,EXPERIMENT_ONLY
2025-03-27,20:00,test,2025,2025,22,20.510308068717194,1.489691931282806,22,21,false,2025,2025-03,macro_non_southerly,20.441999999999997,1.5580000000000034,20,false,0.0683080687171973,-0.0683080687171973,0,false,true,false,false,-1.5580000000000034,-1.489691931282806,EXPERIMENT_ONLY
2025-03-27,21:00,test,2025,2025,22,20.726962187830267,1.2730378121697328,22,21,false,2025,2025-03,macro_non_southerly,20.441999999999997,1.5580000000000034,20,false,0.2849621878302706,-0.2849621878302706,0,false,true,false,false,-1.5580000000000034,-1.2730378121697328,EXPERIMENT_ONLY
2025-03-27,22:00,test,2025,2025,22,20.961772314235667,1.0382276857643333,22,21,false,2025,2025-03,macro_non_southerly,20.441999999999997,1.5580000000000034,20,false,0.51977231423567,-0.51977231423567,0,false,true,false,false,-1.5580000000000034,-1.0382276857643333,EXPERIMENT_ONLY
2025-03-27,23:00,test,2025,2025,22,21.02323055902346,0.9767694409765397,22,21,false,2025,2025-03,macro_non_southerly,20.441999999999997,1.5580000000000034,20,false,0.5812305590234637,-0.5812305590234637,0,false,true,false,false,-1.5580000000000034,-0.9767694409765397,EXPERIMENT_ONLY
2025-03-28,20:00,test,2025,2025,18,18.044981890331886,0.044981890331886376,18,18,true,2025,2025-03,macro_southerly_flow,19.027555555555555,1.027555555555555,19,false,0.9825736652236685,0.9825736652236685,-1,false,true,true,false,1.027555555555555,0.044981890331886376,EXPERIMENT_ONLY
2025-03-28,21:00,test,2025,2025,18,18.595316372602717,0.5953163726027171,18,19,false,2025,2025-03,macro_non_southerly,19.027555555555555,1.027555555555555,19,false,0.4322391829528378,0.4322391829528378,0,false,true,false,false,1.027555555555555,0.5953163726027171,EXPERIMENT_ONLY
2025-03-28,22:00,test,2025,2025,18,18.536746711579553,0.5367467115795534,18,19,false,2025,2025-03,macro_non_southerly,19.027555555555555,1.027555555555555,19,false,0.49080884397600144,0.49080884397600144,0,false,true,false,false,1.027555555555555,0.5367467115795534,EXPERIMENT_ONLY
2025-03-28,23:00,test,2025,2025,18,18.74547708009537,0.7454770800953696,18,19,false,2025,2025-03,macro_non_southerly,19.027555555555555,1.027555555555555,19,false,0.2820784754601853,0.2820784754601853,0,false,true,false,false,1.027555555555555,0.7454770800953696,EXPERIMENT_ONLY
2025-03-29,20:00,test,2025,2025,19,20.31445157456221,1.3144515745622094,19,20,false,2025,2025-03,macro_non_southerly,20.647111111111112,1.647111111111112,21,false,0.3326595365489027,0.3326595365489027,0,false,true,false,false,1.647111111111112,1.3144515745622094,EXPERIMENT_ONLY
2025-03-29,21:00,test,2025,2025,19,21.29915270644137,2.299152706441369,19,21,false,2025,2025-03,macro_non_southerly,20.647111111111112,1.647111111111112,21,false,-0.6520415953302567,-0.6520415953302567,0,true,false,false,false,1.647111111111112,2.299152706441369,EXPERIMENT_ONLY
2025-03-29,22:00,test,2025,2025,19,21.503477329728828,2.5034773297288275,19,22,false,2025,2025-03,macro_non_southerly,20.647111111111112,1.647111111111112,21,false,-0.8563662186177154,-0.8563662186177154,0,true,false,false,false,1.647111111111112,2.5034773297288275,EXPERIMENT_ONLY
2025-03-29,23:00,test,2025,2025,19,21.943876031878837,2.943876031878837,19,22,false,2025,2025-03,macro_non_southerly,20.647111111111112,1.647111111111112,21,false,-1.2967649207677248,-1.2967649207677248,0,true,false,false,false,1.647111111111112,2.943876031878837,EXPERIMENT_ONLY
2025-03-30,20:00,test,2025,2025,21,20.390257810623233,0.6097421893767674,21,20,false,2025,2025-03,macro_non_southerly,20.16111111111111,0.8388888888888886,20,false,0.2291466995121212,-0.2291466995121212,0,false,true,false,false,-0.8388888888888886,-0.6097421893767674,EXPERIMENT_ONLY
2025-03-30,21:00,test,2025,2025,21,20.668622046449553,0.3313779535504473,21,21,true,2025,2025-03,macro_non_southerly,20.16111111111111,0.8388888888888886,20,false,0.5075109353384413,-0.5075109353384413,-1,false,true,true,false,-0.8388888888888886,-0.3313779535504473,EXPERIMENT_ONLY
2025-03-30,22:00,test,2025,2025,21,20.596746835985222,0.40325316401477806,21,21,true,2025,2025-03,macro_non_southerly,20.16111111111111,0.8388888888888886,20,false,0.4356357248741105,-0.4356357248741105,-1,false,true,true,false,-0.8388888888888886,-0.40325316401477806,EXPERIMENT_ONLY
2025-03-30,23:00,test,2025,2025,21,20.760227642329276,0.23977235767072358,21,21,true,2025,2025-03,macro_non_southerly,20.16111111111111,0.8388888888888886,20,false,0.599116531218165,-0.599116531218165,-1,false,true,true,false,-0.8388888888888886,-0.23977235767072358,EXPERIMENT_ONLY
2025-03-31,20:00,test,2025,2025,18,18.595547599919517,0.5955475999195166,18,19,false,2025,2025-03,macro_southerly_flow,19.952222222222222,1.9522222222222219,20,false,1.3566746223027053,1.3566746223027053,0,false,true,false,false,1.9522222222222219,0.5955475999195166,EXPERIMENT_ONLY
2025-03-31,21:00,test,2025,2025,18,18.58936055605848,0.5893605560584803,18,19,false,2025,2025-03,macro_southerly_flow,19.952222222222222,1.9522222222222219,20,false,1.3628616661637416,1.3628616661637416,0,false,true,false,false,1.9522222222222219,0.5893605560584803,EXPERIMENT_ONLY
2025-03-31,22:00,test,2025,2025,18,18.560398564794312,0.5603985647943119,18,19,false,2025,2025-03,macro_southerly_flow,19.952222222222222,1.9522222222222219,20,false,1.39182365742791,1.39182365742791,0,false,true,false,false,1.9522222222222219,0.5603985647943119,EXPERIMENT_ONLY
2025-03-31,23:00,test,2025,2025,18,18.965980158390487,0.9659801583904866,18,19,false,2025,2025-03,macro_southerly_flow,19.952222222222222,1.9522222222222219,20,false,0.9862420638317353,0.9862420638317353,0,false,true,false,false,1.9522222222222219,0.9659801583904866,EXPERIMENT_ONLY
2025-04-01,20:00,test,2025,2025,19,20.70948486077569,1.7094848607756887,19,21,false,2025,2025-04,macro_non_southerly,19.658666666666665,0.6586666666666652,20,false,-1.0508181941090236,-1.0508181941090236,0,true,false,false,false,0.6586666666666652,1.7094848607756887,EXPERIMENT_ONLY
2025-04-01,21:00,test,2025,2025,19,20.254180277567286,1.2541802775672863,19,20,false,2025,2025-04,macro_non_southerly,19.658666666666665,0.6586666666666652,20,false,-0.5955136109006212,-0.5955136109006212,0,true,false,false,false,0.6586666666666652,1.2541802775672863,EXPERIMENT_ONLY
2025-04-01,22:00,test,2025,2025,19,20.124384969584803,1.1243849695848027,19,20,false,2025,2025-04,macro_non_southerly,19.658666666666665,0.6586666666666652,20,false,-0.46571830291813754,-0.46571830291813754,0,true,false,false,false,0.6586666666666652,1.1243849695848027,EXPERIMENT_ONLY
2025-04-01,23:00,test,2025,2025,19,20.127757576669588,1.1277575766695875,19,20,false,2025,2025-04,macro_non_southerly,19.658666666666665,0.6586666666666652,20,false,-0.46909091000292236,-0.46909091000292236,0,true,false,false,false,0.6586666666666652,1.1277575766695875,EXPERIMENT_ONLY
2025-04-02,20:00,test,2025,2025,19,20.17533177722544,1.1753317772254412,19,20,false,2025,2025-04,macro_non_southerly,20.34822222222222,1.348222222222219,20,false,0.17289044499677786,0.17289044499677786,0,false,true,false,false,1.348222222222219,1.1753317772254412,EXPERIMENT_ONLY
2025-04-02,21:00,test,2025,2025,19,20.110001383149978,1.110001383149978,19,20,false,2025,2025-04,macro_non_southerly,20.34822222222222,1.348222222222219,20,false,0.23822083907224112,0.23822083907224112,0,false,true,false,false,1.348222222222219,1.110001383149978,EXPERIMENT_ONLY
2025-04-02,22:00,test,2025,2025,19,20.042995891082786,1.0429958910827857,19,20,false,2025,2025-04,macro_non_southerly,20.34822222222222,1.348222222222219,20,false,0.3052263311394334,0.3052263311394334,0,false,true,false,false,1.348222222222219,1.0429958910827857,EXPERIMENT_ONLY
2025-04-02,23:00,test,2025,2025,19,20.379703065233393,1.379703065233393,19,20,false,2025,2025-04,macro_non_southerly,20.34822222222222,1.348222222222219,20,false,-0.03148084301117393,-0.03148084301117393,0,true,false,false,false,1.348222222222219,1.379703065233393,EXPERIMENT_ONLY
2025-04-03,20:00,test,2025,2025,21,20.427141050238383,0.572858949761617,21,20,false,2025,2025-04,macro_non_southerly,20.663777777777778,0.3362222222222222,21,true,-0.2366367275393948,0.2366367275393948,1,true,false,false,true,-0.3362222222222222,-0.572858949761617,EXPERIMENT_ONLY
2025-04-03,21:00,test,2025,2025,21,20.600077748817775,0.39992225118222535,21,21,true,2025,2025-04,macro_non_southerly,20.663777777777778,0.3362222222222222,21,true,-0.06370002896000315,0.06370002896000315,0,true,false,false,false,-0.3362222222222222,-0.39992225118222535,EXPERIMENT_ONLY
2025-04-03,22:00,test,2025,2025,21,20.597067662260294,0.40293233773970627,21,21,true,2025,2025-04,macro_non_southerly,20.663777777777778,0.3362222222222222,21,true,-0.06671011551748407,0.06671011551748407,0,true,false,false,false,-0.3362222222222222,-0.40293233773970627,EXPERIMENT_ONLY
2025-04-03,23:00,test,2025,2025,21,21.164802792392045,0.1648027923920452,21,21,true,2025,2025-04,macro_non_southerly,20.663777777777778,0.3362222222222222,21,true,0.171419429830177,-0.5010250146142674,0,false,true,false,false,-0.3362222222222222,0.1648027923920452,EXPERIMENT_ONLY
2025-04-04,20:00,test,2025,2025,20,20.607608798794207,0.6076087987942067,20,21,false,2025,2025-04,macro_non_southerly,19.94288888888889,0.05711111111110867,20,true,-0.550497687683098,-0.6647199099053154,1,true,false,false,true,-0.05711111111110867,0.6076087987942067,EXPERIMENT_ONLY
2025-04-04,21:00,test,2025,2025,20,20.420339734763623,0.42033973476362263,20,20,true,2025,2025-04,macro_non_southerly,19.94288888888889,0.05711111111110867,20,true,-0.36322862365251396,-0.4774508458747313,0,true,false,false,false,-0.05711111111110867,0.42033973476362263,EXPERIMENT_ONLY
2025-04-04,22:00,test,2025,2025,20,20.1591068728082,0.15910687280819857,20,20,true,2025,2025-04,macro_non_southerly,19.94288888888889,0.05711111111110867,20,true,-0.1019957616970899,-0.21621798391930724,0,true,false,false,false,-0.05711111111110867,0.15910687280819857,EXPERIMENT_ONLY
2025-04-04,23:00,test,2025,2025,20,20.20003845716116,0.20003845716115976,20,20,true,2025,2025-04,macro_non_southerly,19.94288888888889,0.05711111111110867,20,true,-0.14292734605005109,-0.2571495682722684,0,true,false,false,false,-0.05711111111110867,0.20003845716115976,EXPERIMENT_ONLY
2025-04-05,20:00,test,2025,2025,18,19.822477866283364,1.8224778662833643,18,20,false,2025,2025-04,macro_southerly_flow,18.37888888888889,0.3788888888888913,18,true,-1.443588977394473,-1.443588977394473,1,true,false,false,true,0.3788888888888913,1.8224778662833643,EXPERIMENT_ONLY
2025-04-05,21:00,test,2025,2025,18,19.86532586217035,1.8653258621703515,18,20,false,2025,2025-04,macro_southerly_flow,18.37888888888889,0.3788888888888913,18,true,-1.4864369732814602,-1.4864369732814602,1,true,false,false,true,0.3788888888888913,1.8653258621703515,EXPERIMENT_ONLY
2025-04-05,22:00,test,2025,2025,18,19.647931925017645,1.6479319250176445,18,20,false,2025,2025-04,macro_southerly_flow,18.37888888888889,0.3788888888888913,18,true,-1.2690430361287532,-1.2690430361287532,1,true,false,false,true,0.3788888888888913,1.6479319250176445,EXPERIMENT_ONLY
2025-04-05,23:00,test,2025,2025,18,19.48956728247456,1.4895672824745603,18,19,false,2025,2025-04,macro_southerly_flow,18.37888888888889,0.3788888888888913,18,true,-1.110678393585669,-1.110678393585669,1,true,false,false,true,0.3788888888888913,1.4895672824745603,EXPERIMENT_ONLY
2025-04-06,20:00,test,2025,2025,20,19.0498321610691,0.9501678389308985,20,19,false,2025,2025-04,macro_non_southerly,18.886000000000003,1.1139999999999972,19,false,0.1638321610690987,-0.1638321610690987,0,false,true,false,false,-1.1139999999999972,-0.9501678389308985,EXPERIMENT_ONLY
2025-04-06,21:00,test,2025,2025,20,19.207549784143048,0.7924502158569524,20,19,false,2025,2025-04,macro_non_southerly,18.886000000000003,1.1139999999999972,19,false,0.3215497841430448,-0.3215497841430448,0,false,true,false,false,-1.1139999999999972,-0.7924502158569524,EXPERIMENT_ONLY
2025-04-06,22:00,test,2025,2025,20,18.71022100670832,1.28977899329168,20,19,false,2025,2025-04,macro_non_southerly,18.886000000000003,1.1139999999999972,19,false,-0.1757789932916829,0.1757789932916829,0,true,false,false,false,-1.1139999999999972,-1.28977899329168,EXPERIMENT_ONLY
2025-04-06,23:00,test,2025,2025,20,18.88097078366578,1.1190292163342193,20,19,false,2025,2025-04,macro_non_southerly,18.886000000000003,1.1139999999999972,19,false,-0.005029216334222042,0.005029216334222042,0,true,false,false,false,-1.1139999999999972,-1.1190292163342193,EXPERIMENT_ONLY
2025-04-07,20:00,test,2025,2025,20,19.979164916784768,0.020835083215231975,20,20,true,2025,2025-04,macro_non_southerly,19.571555555555555,0.4284444444444446,20,true,0.40760936122921265,-0.40760936122921265,0,false,true,false,false,-0.4284444444444446,-0.020835083215231975,EXPERIMENT_ONLY
2025-04-07,21:00,test,2025,2025,20,20.17213850937554,0.17213850937553943,20,20,true,2025,2025-04,macro_non_southerly,19.571555555555555,0.4284444444444446,20,true,0.2563059350689052,-0.6005829538199841,0,false,true,false,false,-0.4284444444444446,0.17213850937553943,EXPERIMENT_ONLY
2025-04-07,22:00,test,2025,2025,20,20.16803690743563,0.16803690743563138,20,20,true,2025,2025-04,macro_non_southerly,19.571555555555555,0.4284444444444446,20,true,0.26040753700881325,-0.596481351880076,0,false,true,false,false,-0.4284444444444446,0.16803690743563138,EXPERIMENT_ONLY
2025-04-07,23:00,test,2025,2025,20,20.36560553529422,0.36560553529421824,20,20,true,2025,2025-04,macro_non_southerly,19.571555555555555,0.4284444444444446,20,true,0.06283890915022639,-0.7940499797386629,0,false,true,false,false,-0.4284444444444446,0.36560553529421824,EXPERIMENT_ONLY
2025-04-08,20:00,test,2025,2025,19,19.328864795772212,0.32886479577221195,19,19,true,2025,2025-04,macro_non_southerly,17.981333333333332,1.0186666666666682,18,false,0.6898018708944562,-1.3475314624388801,-1,false,true,true,false,-1.0186666666666682,0.32886479577221195,EXPERIMENT_ONLY
2025-04-08,21:00,test,2025,2025,19,18.916231432077875,0.0837685679221245,19,19,true,2025,2025-04,macro_non_southerly,17.981333333333332,1.0186666666666682,18,false,0.9348980987445437,-0.9348980987445437,-1,false,true,true,false,-1.0186666666666682,-0.0837685679221245,EXPERIMENT_ONLY
2025-04-08,22:00,test,2025,2025,19,18.214097947627206,0.7859020523727942,19,18,false,2025,2025-04,macro_non_southerly,17.981333333333332,1.0186666666666682,18,false,0.23276461429387396,-0.23276461429387396,0,false,true,false,false,-1.0186666666666682,-0.7859020523727942,EXPERIMENT_ONLY
2025-04-08,23:00,test,2025,2025,19,18.70064377088211,0.2993562291178904,19,19,true,2025,2025-04,macro_non_southerly,17.981333333333332,1.0186666666666682,18,false,0.7193104375487778,-0.7193104375487778,-1,false,true,true,false,-1.0186666666666682,-0.2993562291178904,EXPERIMENT_ONLY
2025-04-09,20:00,test,2025,2025,17,15.086534677670679,1.913465322329321,17,15,false,2025,2025-04,macro_southerly_flow,16.055333333333333,0.9446666666666665,16,false,-0.9687986556626544,0.9687986556626544,0,true,false,false,false,-0.9446666666666665,-1.913465322329321,EXPERIMENT_ONLY
2025-04-09,21:00,test,2025,2025,17,15.144613754767027,1.8553862452329728,17,15,false,2025,2025-04,macro_southerly_flow,16.055333333333333,0.9446666666666665,16,false,-0.9107195785663063,0.9107195785663063,0,true,false,false,false,-0.9446666666666665,-1.8553862452329728,EXPERIMENT_ONLY
2025-04-09,22:00,test,2025,2025,17,15.8669128439937,1.1330871560062992,17,16,false,2025,2025-04,macro_southerly_flow,16.055333333333333,0.9446666666666665,16,false,-0.18842048933963262,0.18842048933963262,0,true,false,false,false,-0.9446666666666665,-1.1330871560062992,EXPERIMENT_ONLY
2025-04-09,23:00,test,2025,2025,17,15.870430931147753,1.1295690688522466,17,16,false,2025,2025-04,macro_southerly_flow,16.055333333333333,0.9446666666666665,16,false,-0.18490240218558007,0.18490240218558007,0,true,false,false,false,-0.9446666666666665,-1.1295690688522466,EXPERIMENT_ONLY
2025-04-10,20:00,test,2025,2025,20,18.543171914784597,1.4568280852154025,20,19,false,2025,2025-04,macro_non_southerly,18.64888888888889,1.3511111111111092,19,false,-0.10571697410429337,0.10571697410429337,0,true,false,false,false,-1.3511111111111092,-1.4568280852154025,EXPERIMENT_ONLY
2025-04-10,21:00,test,2025,2025,20,19.00064210096315,0.9993578990368484,20,19,false,2025,2025-04,macro_non_southerly,18.64888888888889,1.3511111111111092,19,false,0.3517532120742608,-0.3517532120742608,0,false,true,false,false,-1.3511111111111092,-0.9993578990368484,EXPERIMENT_ONLY
2025-04-10,22:00,test,2025,2025,20,19.301412626009718,0.6985873739902821,20,19,false,2025,2025-04,macro_non_southerly,18.64888888888889,1.3511111111111092,19,false,0.652523737120827,-0.652523737120827,0,false,true,false,false,-1.3511111111111092,-0.6985873739902821,EXPERIMENT_ONLY
2025-04-10,23:00,test,2025,2025,20,19.394190352517988,0.6058096474820118,20,19,false,2025,2025-04,macro_non_southerly,18.64888888888889,1.3511111111111092,19,false,0.7453014636290973,-0.7453014636290973,0,false,true,false,false,-1.3511111111111092,-0.6058096474820118,EXPERIMENT_ONLY
2025-04-11,20:00,test,2025,2025,19,19.354343143291253,0.3543431432912527,19,19,true,2025,2025-04,macro_non_southerly,18.63,0.370000000000001,19,true,0.01565685670874828,-0.7243431432912537,0,false,true,false,false,-0.370000000000001,0.3543431432912527,EXPERIMENT_ONLY
2025-04-11,21:00,test,2025,2025,19,19.51509529086678,0.5150952908667783,19,20,false,2025,2025-04,macro_non_southerly,18.63,0.370000000000001,19,true,-0.1450952908667773,-0.8850952908667793,1,true,false,false,true,-0.370000000000001,0.5150952908667783,EXPERIMENT_ONLY
2025-04-11,22:00,test,2025,2025,19,19.575382932218208,0.5753829322182078,19,20,false,2025,2025-04,macro_non_southerly,18.63,0.370000000000001,19,true,-0.2053829322182068,-0.9453829322182088,1,true,false,false,true,-0.370000000000001,0.5753829322182078,EXPERIMENT_ONLY
2025-04-11,23:00,test,2025,2025,19,19.743763327434646,0.743763327434646,19,20,false,2025,2025-04,macro_non_southerly,18.63,0.370000000000001,19,true,-0.373763327434645,-1.113763327434647,1,true,false,false,true,-0.370000000000001,0.743763327434646,EXPERIMENT_ONLY
2025-04-12,20:00,test,2025,2025,20,20.004673233473135,0.00467323347313453,20,20,true,2025,2025-04,macro_non_southerly,19.09755555555556,0.9024444444444413,19,false,0.8977712109713067,-0.9071176779175758,-1,false,true,true,false,-0.9024444444444413,0.00467323347313453,EXPERIMENT_ONLY
2025-04-12,21:00,test,2025,2025,20,20.47388542094088,0.4738854209408814,20,20,true,2025,2025-04,macro_non_southerly,19.09755555555556,0.9024444444444413,19,false,0.4285590235035599,-1.3763298653853226,-1,false,true,true,false,-0.9024444444444413,0.4738854209408814,EXPERIMENT_ONLY
2025-04-12,22:00,test,2025,2025,20,20.582127657569934,0.5821276575699343,20,21,false,2025,2025-04,macro_non_southerly,19.09755555555556,0.9024444444444413,19,false,0.32031678687450693,-1.4845721020143756,0,false,true,false,false,-0.9024444444444413,0.5821276575699343,EXPERIMENT_ONLY
2025-04-12,23:00,test,2025,2025,20,20.812388294386068,0.8123882943860679,20,21,false,2025,2025-04,macro_non_southerly,19.09755555555556,0.9024444444444413,19,false,0.09005615005837342,-1.7148327388305091,0,false,true,false,false,-0.9024444444444413,0.8123882943860679,EXPERIMENT_ONLY
2025-04-13,20:00,test,2025,2025,18,19.432310282950645,1.4323102829506453,18,19,false,2025,2025-04,macro_southerly_flow,20.10222222222222,2.1022222222222204,20,false,0.6699119392715751,0.6699119392715751,0,false,true,false,false,2.1022222222222204,1.4323102829506453,EXPERIMENT_ONLY
2025-04-13,21:00,test,2025,2025,18,20.22960674067643,2.229606740676431,18,20,false,2025,2025-04,macro_southerly_flow,20.10222222222222,2.1022222222222204,20,false,-0.1273845184542104,-0.1273845184542104,0,true,false,false,false,2.1022222222222204,2.229606740676431,EXPERIMENT_ONLY
2025-04-13,22:00,test,2025,2025,18,20.433451385351106,2.4334513853511055,18,20,false,2025,2025-04,macro_southerly_flow,20.10222222222222,2.1022222222222204,20,false,-0.33122916312888506,-0.33122916312888506,0,true,false,false,false,2.1022222222222204,2.4334513853511055,EXPERIMENT_ONLY
2025-04-13,23:00,test,2025,2025,18,20.83607821779469,2.8360782177946895,18,21,false,2025,2025-04,macro_southerly_flow,20.10222222222222,2.1022222222222204,20,false,-0.733855995572469,-0.733855995572469,0,true,false,false,false,2.1022222222222204,2.8360782177946895,EXPERIMENT_ONLY
2025-04-14,20:00,test,2025,2025,20,19.352556887854714,0.6474431121452859,20,19,false,2025,2025-04,macro_non_southerly,18.723555555555553,1.2764444444444472,19,false,0.6290013322991612,-0.6290013322991612,0,false,true,false,false,-1.2764444444444472,-0.6474431121452859,EXPERIMENT_ONLY
2025-04-14,21:00,test,2025,2025,20,19.510742187874996,0.48925781212500397,20,20,true,2025,2025-04,macro_non_southerly,18.723555555555553,1.2764444444444472,19,false,0.7871866323194432,-0.7871866323194432,-1,false,true,true,false,-1.2764444444444472,-0.48925781212500397,EXPERIMENT_ONLY
2025-04-14,22:00,test,2025,2025,20,19.538620891861935,0.4613791081380647,20,20,true,2025,2025-04,macro_non_southerly,18.723555555555553,1.2764444444444472,19,false,0.8150653363063824,-0.8150653363063824,-1,false,true,true,false,-1.2764444444444472,-0.4613791081380647,EXPERIMENT_ONLY
2025-04-14,23:00,test,2025,2025,20,19.702494697138913,0.29750530286108656,20,20,true,2025,2025-04,macro_non_southerly,18.723555555555553,1.2764444444444472,19,false,0.9789391415833606,-0.9789391415833606,-1,false,true,true,false,-1.2764444444444472,-0.29750530286108656,EXPERIMENT_ONLY
2025-04-15,20:00,test,2025,2025,16,16.285343138202194,0.2853431382021938,16,16,true,2025,2025-04,macro_southerly_flow,16.56244444444444,0.5624444444444414,17,false,0.2771013062422476,0.2771013062422476,-1,false,true,true,false,0.5624444444444414,0.2853431382021938,EXPERIMENT_ONLY
2025-04-15,21:00,test,2025,2025,16,16.248901225213977,0.24890122521397728,16,16,true,2025,2025-04,macro_southerly_flow,16.56244444444444,0.5624444444444414,17,false,0.31354321923046413,0.31354321923046413,-1,false,true,true,false,0.5624444444444414,0.24890122521397728,EXPERIMENT_ONLY
2025-04-15,22:00,test,2025,2025,16,15.584175727445587,0.41582427255441345,16,16,true,2025,2025-04,macro_southerly_flow,16.56244444444444,0.5624444444444414,17,false,0.14662017189002796,0.9782687169988549,-1,false,true,true,false,0.5624444444444414,-0.41582427255441345,EXPERIMENT_ONLY
2025-04-15,23:00,test,2025,2025,16,15.726224009944616,0.273775990055384,16,16,true,2025,2025-04,macro_southerly_flow,16.56244444444444,0.5624444444444414,17,false,0.2886684543890574,0.8362204344998254,-1,false,true,true,false,0.5624444444444414,-0.273775990055384,EXPERIMENT_ONLY
2025-04-16,20:00,test,2025,2025,16,16.031928240693958,0.03192824069395783,16,16,true,2025,2025-04,macro_southerly_flow,16.96355555555556,0.9635555555555584,17,false,0.9316273148616006,0.9316273148616006,-1,false,true,true,false,0.9635555555555584,0.03192824069395783,EXPERIMENT_ONLY
2025-04-16,21:00,test,2025,2025,16,16.230407102012627,0.23040710201262726,16,16,true,2025,2025-04,macro_southerly_flow,16.96355555555556,0.9635555555555584,17,false,0.7331484535429311,0.7331484535429311,-1,false,true,true,false,0.9635555555555584,0.23040710201262726,EXPERIMENT_ONLY
2025-04-16,22:00,test,2025,2025,16,16.200401556114258,0.20040155611425803,16,16,true,2025,2025-04,macro_southerly_flow,16.96355555555556,0.9635555555555584,17,false,0.7631539994413004,0.7631539994413004,-1,false,true,true,false,0.9635555555555584,0.20040155611425803,EXPERIMENT_ONLY
2025-04-16,23:00,test,2025,2025,16,16.47346272856171,0.4734627285617101,16,16,true,2025,2025-04,macro_southerly_flow,16.96355555555556,0.9635555555555584,17,false,0.49009282699384826,0.49009282699384826,-1,false,true,true,false,0.9635555555555584,0.4734627285617101,EXPERIMENT_ONLY
2025-04-17,20:00,test,2025,2025,19,18.61932598177899,0.3806740182210113,19,19,true,2025,2025-04,macro_non_southerly,18.560666666666666,0.4393333333333338,19,true,0.058659315112322474,-0.058659315112322474,0,false,true,false,false,-0.4393333333333338,-0.3806740182210113,EXPERIMENT_ONLY
2025-04-17,21:00,test,2025,2025,19,18.787542228547196,0.21245777145280442,19,19,true,2025,2025-04,macro_non_southerly,18.560666666666666,0.4393333333333338,19,true,0.22687556188052938,-0.22687556188052938,0,false,true,false,false,-0.4393333333333338,-0.21245777145280442,EXPERIMENT_ONLY
2025-04-17,22:00,test,2025,2025,19,18.90494339728345,0.09505660271655003,19,19,true,2025,2025-04,macro_non_southerly,18.560666666666666,0.4393333333333338,19,true,0.34427673061678377,-0.34427673061678377,0,false,true,false,false,-0.4393333333333338,-0.09505660271655003,EXPERIMENT_ONLY
2025-04-17,23:00,test,2025,2025,19,18.806799652566784,0.19320034743321557,19,19,true,2025,2025-04,macro_non_southerly,18.560666666666666,0.4393333333333338,19,true,0.24613298590011823,-0.24613298590011823,0,false,true,false,false,-0.4393333333333338,-0.19320034743321557,EXPERIMENT_ONLY
2025-04-18,20:00,test,2025,2025,20,20.099023162260945,0.09902316226094499,20,20,true,2025,2025-04,macro_non_southerly,21.631555555555558,1.6315555555555576,22,false,1.5325323932946127,1.5325323932946127,-1,false,true,true,false,1.6315555555555576,0.09902316226094499,EXPERIMENT_ONLY
2025-04-18,21:00,test,2025,2025,20,20.52430993398033,0.5243099339803301,20,21,false,2025,2025-04,macro_non_southerly,21.631555555555558,1.6315555555555576,22,false,1.1072456215752275,1.1072456215752275,0,false,true,false,false,1.6315555555555576,0.5243099339803301,EXPERIMENT_ONLY
2025-04-18,22:00,test,2025,2025,20,20.590547190501145,0.5905471905011446,20,21,false,2025,2025-04,macro_non_southerly,21.631555555555558,1.6315555555555576,22,false,1.041008365054413,1.041008365054413,0,false,true,false,false,1.6315555555555576,0.5905471905011446,EXPERIMENT_ONLY
2025-04-18,23:00,test,2025,2025,20,20.237732212882364,0.23773221288236357,20,20,true,2025,2025-04,macro_southerly_flow,21.631555555555558,1.6315555555555576,22,false,1.393823342673194,1.393823342673194,-1,false,true,true,false,1.6315555555555576,0.23773221288236357,EXPERIMENT_ONLY
2025-04-19,20:00,test,2025,2025,25,22.28851123542386,2.7114887645761385,25,22,false,2025,2025-04,macro_non_southerly,23.409111111111113,1.5908888888888875,23,false,-1.120599875687251,1.120599875687251,0,true,false,false,false,-1.5908888888888875,-2.7114887645761385,EXPERIMENT_ONLY
2025-04-19,21:00,test,2025,2025,25,23.088337325221968,1.9116626747780323,25,23,false,2025,2025-04,macro_non_southerly,23.409111111111113,1.5908888888888875,23,false,-0.32077378588914485,0.32077378588914485,0,true,false,false,false,-1.5908888888888875,-1.9116626747780323,EXPERIMENT_ONLY
2025-04-19,22:00,test,2025,2025,25,23.54301872189367,1.4569812781063298,25,24,false,2025,2025-04,macro_non_southerly,23.409111111111113,1.5908888888888875,23,false,0.13390761078255764,-0.13390761078255764,0,false,true,false,false,-1.5908888888888875,-1.4569812781063298,EXPERIMENT_ONLY
2025-04-19,23:00,test,2025,2025,25,23.93662823142503,1.0633717685749708,25,24,false,2025,2025-04,macro_non_southerly,23.409111111111113,1.5908888888888875,23,false,0.5275171203139166,-0.5275171203139166,0,false,true,false,false,-1.5908888888888875,-1.0633717685749708,EXPERIMENT_ONLY
2025-04-20,20:00,test,2025,2025,21,22.67373842825792,1.67373842825792,21,23,false,2025,2025-04,macro_non_southerly,21.762666666666668,0.7626666666666679,22,false,-0.911071761591252,-0.911071761591252,0,true,false,false,false,0.7626666666666679,1.67373842825792,EXPERIMENT_ONLY
2025-04-20,21:00,test,2025,2025,21,22.82890467464589,1.8289046746458908,21,23,false,2025,2025-04,macro_non_southerly,21.762666666666668,0.7626666666666679,22,false,-1.0662380079792229,-1.0662380079792229,0,true,false,false,false,0.7626666666666679,1.8289046746458908,EXPERIMENT_ONLY
2025-04-20,22:00,test,2025,2025,21,22.666855483565534,1.6668554835655343,21,23,false,2025,2025-04,macro_non_southerly,21.762666666666668,0.7626666666666679,22,false,-0.9041888168988663,-0.9041888168988663,0,true,false,false,false,0.7626666666666679,1.6668554835655343,EXPERIMENT_ONLY
2025-04-20,23:00,test,2025,2025,21,22.905451801001455,1.9054518010014547,21,23,false,2025,2025-04,macro_non_southerly,21.762666666666668,0.7626666666666679,22,false,-1.1427851343347868,-1.1427851343347868,0,true,false,false,false,0.7626666666666679,1.9054518010014547,EXPERIMENT_ONLY
2025-04-21,20:00,test,2025,2025,18,16.478710213105824,1.521289786894176,18,16,false,2025,2025-04,macro_southerly_flow,18.176222222222222,0.17622222222222206,18,true,-1.3450675646719539,1.697512009116398,1,true,false,false,true,0.17622222222222206,-1.521289786894176,EXPERIMENT_ONLY
2025-04-21,21:00,test,2025,2025,18,16.436098023988254,1.5639019760117456,18,16,false,2025,2025-04,macro_southerly_flow,18.176222222222222,0.17622222222222206,18,true,-1.3876797537895236,1.7401241982339677,1,true,false,false,true,0.17622222222222206,-1.5639019760117456,EXPERIMENT_ONLY
2025-04-21,22:00,test,2025,2025,18,15.862845579307528,2.1371544206924717,18,16,false,2025,2025-04,macro_southerly_flow,18.176222222222222,0.17622222222222206,18,true,-1.9609321984702497,2.313376642914694,1,true,false,false,true,0.17622222222222206,-2.1371544206924717,EXPERIMENT_ONLY
2025-04-21,23:00,test,2025,2025,18,15.903435330998974,2.096564669001026,18,16,false,2025,2025-04,macro_southerly_flow,18.176222222222222,0.17622222222222206,18,true,-1.920342446778804,2.272786891223248,1,true,false,false,true,0.17622222222222206,-2.096564669001026,EXPERIMENT_ONLY
2025-04-22,20:00,test,2025,2025,16,15.917058283370935,0.08294171662906535,16,16,true,2025,2025-04,macro_southerly_flow,15.254666666666667,0.745333333333333,15,false,0.6623916167042676,-0.6623916167042676,-1,false,true,true,false,-0.745333333333333,-0.08294171662906535,EXPERIMENT_ONLY
2025-04-22,21:00,test,2025,2025,16,15.910833590383977,0.0891664096160234,16,16,true,2025,2025-04,macro_southerly_flow,15.254666666666667,0.745333333333333,15,false,0.6561669237173096,-0.6561669237173096,-1,false,true,true,false,-0.745333333333333,-0.0891664096160234,EXPERIMENT_ONLY
2025-04-22,22:00,test,2025,2025,16,15.616429304716924,0.3835706952830762,16,16,true,2025,2025-04,macro_southerly_flow,15.254666666666667,0.745333333333333,15,false,0.36176263805025677,-0.36176263805025677,-1,false,true,true,false,-0.745333333333333,-0.3835706952830762,EXPERIMENT_ONLY
2025-04-22,23:00,test,2025,2025,16,15.723915327288474,0.2760846727115265,16,16,true,2025,2025-04,macro_southerly_flow,15.254666666666667,0.745333333333333,15,false,0.4692486606218065,-0.4692486606218065,-1,false,true,true,false,-0.745333333333333,-0.2760846727115265,EXPERIMENT_ONLY
2025-04-23,20:00,test,2025,2025,15,14.915779774807119,0.08422022519288141,15,15,true,2025,2025-04,macro_southerly_flow,14.39288888888889,0.6071111111111094,14,false,0.522890885918228,-0.522890885918228,-1,false,true,true,false,-0.6071111111111094,-0.08422022519288141,EXPERIMENT_ONLY
2025-04-23,21:00,test,2025,2025,15,14.870125171150375,0.12987482884962454,15,15,true,2025,2025-04,macro_southerly_flow,14.39288888888889,0.6071111111111094,14,false,0.47723628226148485,-0.47723628226148485,-1,false,true,true,false,-0.6071111111111094,-0.12987482884962454,EXPERIMENT_ONLY
2025-04-23,22:00,test,2025,2025,15,13.543229410726468,1.4567705892735319,15,14,false,2025,2025-04,macro_southerly_flow,14.39288888888889,0.6071111111111094,14,false,-0.8496594781624225,0.8496594781624225,0,true,false,false,false,-0.6071111111111094,-1.4567705892735319,EXPERIMENT_ONLY
2025-04-23,23:00,test,2025,2025,15,13.608314011128972,1.3916859888710285,15,14,false,2025,2025-04,macro_southerly_flow,14.39288888888889,0.6071111111111094,14,false,-0.7845748777599191,0.7845748777599191,0,true,false,false,false,-0.6071111111111094,-1.3916859888710285,EXPERIMENT_ONLY
2025-04-24,20:00,test,2025,2025,15,14.971168778468554,0.028831221531445905,15,15,true,2025,2025-04,macro_non_southerly,15.404222222222222,0.4042222222222218,15,true,0.3753910006907759,0.4330534437536677,0,false,true,false,false,0.4042222222222218,-0.028831221531445905,EXPERIMENT_ONLY
2025-04-24,21:00,test,2025,2025,15,15.58256672524823,0.5825667252482294,15,16,false,2025,2025-04,macro_non_southerly,15.404222222222222,0.4042222222222218,15,true,-0.17834450302600757,-0.17834450302600757,1,true,false,false,true,0.4042222222222218,0.5825667252482294,EXPERIMENT_ONLY
2025-04-24,22:00,test,2025,2025,15,15.66289107208851,0.6628910720885095,15,16,false,2025,2025-04,macro_non_southerly,15.404222222222222,0.4042222222222218,15,true,-0.2586688498662877,-0.2586688498662877,1,true,false,false,true,0.4042222222222218,0.6628910720885095,EXPERIMENT_ONLY
2025-04-24,23:00,test,2025,2025,15,16.031025097812385,1.0310250978123854,15,16,false,2025,2025-04,macro_non_southerly,15.404222222222222,0.4042222222222218,15,true,-0.6268028755901636,-0.6268028755901636,1,true,false,false,true,0.4042222222222218,1.0310250978123854,EXPERIMENT_ONLY
2025-04-25,20:00,test,2025,2025,18,17.165861126278912,0.8341388737210877,18,17,false,2025,2025-04,macro_non_southerly,16.660888888888888,1.3391111111111123,17,false,0.5049722373900245,-0.5049722373900245,0,false,true,false,false,-1.3391111111111123,-0.8341388737210877,EXPERIMENT_ONLY
2025-04-25,21:00,test,2025,2025,18,17.730762597451815,0.2692374025481854,18,18,true,2025,2025-04,macro_non_southerly,16.660888888888888,1.3391111111111123,17,false,1.0698737085629269,-1.0698737085629269,-1,false,true,true,false,-1.3391111111111123,-0.2692374025481854,EXPERIMENT_ONLY
2025-04-25,22:00,test,2025,2025,18,18.055058277371955,0.055058277371955455,18,18,true,2025,2025-04,macro_non_southerly,16.660888888888888,1.3391111111111123,17,false,1.2840528337391568,-1.3941693884830677,-1,false,true,true,false,-1.3391111111111123,0.055058277371955455,EXPERIMENT_ONLY
2025-04-25,23:00,test,2025,2025,18,18.249038252492674,0.24903825249267442,18,18,true,2025,2025-04,macro_non_southerly,16.660888888888888,1.3391111111111123,17,false,1.0900728586184378,-1.5881493636037867,-1,false,true,true,false,-1.3391111111111123,0.24903825249267442,EXPERIMENT_ONLY
2025-04-26,20:00,test,2025,2025,19,18.739598344424277,0.26040165557572337,19,19,true,2025,2025-04,macro_non_southerly,18.162444444444446,0.8375555555555536,18,false,0.5771538999798302,-0.5771538999798302,-1,false,true,true,false,-0.8375555555555536,-0.26040165557572337,EXPERIMENT_ONLY
2025-04-26,21:00,test,2025,2025,19,18.699298388320596,0.3007016116794041,19,19,true,2025,2025-04,macro_non_southerly,18.162444444444446,0.8375555555555536,18,false,0.5368539438761495,-0.5368539438761495,-1,false,true,true,false,-0.8375555555555536,-0.3007016116794041,EXPERIMENT_ONLY
2025-04-26,22:00,test,2025,2025,19,18.790186155052602,0.20981384494739785,19,19,true,2025,2025-04,macro_non_southerly,18.162444444444446,0.8375555555555536,18,false,0.6277417106081558,-0.6277417106081558,-1,false,true,true,false,-0.8375555555555536,-0.20981384494739785,EXPERIMENT_ONLY
2025-04-26,23:00,test,2025,2025,19,18.608695891760682,0.3913041082393178,19,19,true,2025,2025-04,macro_non_southerly,18.162444444444446,0.8375555555555536,18,false,0.4462514473162358,-0.4462514473162358,-1,false,true,true,false,-0.8375555555555536,-0.3913041082393178,EXPERIMENT_ONLY
2025-04-27,20:00,test,2025,2025,20,19.448153188745046,0.5518468112549542,20,19,false,2025,2025-04,macro_non_southerly,18.850666666666665,1.1493333333333347,19,false,0.5974865220783805,-0.5974865220783805,0,false,true,false,false,-1.1493333333333347,-0.5518468112549542,EXPERIMENT_ONLY
2025-04-27,21:00,test,2025,2025,20,19.60804535443648,0.3919546455635192,20,20,true,2025,2025-04,macro_non_southerly,18.850666666666665,1.1493333333333347,19,false,0.7573786877698154,-0.7573786877698154,-1,false,true,true,false,-1.1493333333333347,-0.3919546455635192,EXPERIMENT_ONLY
2025-04-27,22:00,test,2025,2025,20,19.38171780308203,0.6182821969179706,20,19,false,2025,2025-04,macro_non_southerly,18.850666666666665,1.1493333333333347,19,false,0.5310511364153641,-0.5310511364153641,0,false,true,false,false,-1.1493333333333347,-0.6182821969179706,EXPERIMENT_ONLY
2025-04-27,23:00,test,2025,2025,20,19.52188299648193,0.47811700351806863,20,20,true,2025,2025-04,macro_non_southerly,18.850666666666665,1.1493333333333347,19,false,0.671216329815266,-0.671216329815266,-1,false,true,true,false,-1.1493333333333347,-0.47811700351806863,EXPERIMENT_ONLY
2025-04-28,20:00,test,2025,2025,20,19.298901821253153,0.7010981787468467,20,19,false,2025,2025-04,macro_non_southerly,19.198666666666668,0.8013333333333321,19,false,0.10023515458648546,-0.10023515458648546,0,false,true,false,false,-0.8013333333333321,-0.7010981787468467,EXPERIMENT_ONLY
2025-04-28,21:00,test,2025,2025,20,19.52457624080948,0.4754237591905195,20,20,true,2025,2025-04,macro_non_southerly,19.198666666666668,0.8013333333333321,19,false,0.32590957414281263,-0.32590957414281263,-1,false,true,true,false,-0.8013333333333321,-0.4754237591905195,EXPERIMENT_ONLY
2025-04-28,22:00,test,2025,2025,20,19.72110804678929,0.27889195321071014,20,20,true,2025,2025-04,macro_non_southerly,19.198666666666668,0.8013333333333321,19,false,0.522441380122622,-0.522441380122622,-1,false,true,true,false,-0.8013333333333321,-0.27889195321071014,EXPERIMENT_ONLY
2025-04-28,23:00,test,2025,2025,20,19.889176702500944,0.1108232974990564,20,20,true,2025,2025-04,macro_non_southerly,19.198666666666668,0.8013333333333321,19,false,0.6905100358342757,-0.6905100358342757,-1,false,true,true,false,-0.8013333333333321,-0.1108232974990564,EXPERIMENT_ONLY
2025-04-29,20:00,test,2025,2025,16,17.094951976693206,1.0949519766932063,16,17,false,2025,2025-04,macro_southerly_flow,17.97133333333333,1.9713333333333303,18,false,0.876381356640124,0.876381356640124,0,false,true,false,false,1.9713333333333303,1.0949519766932063,EXPERIMENT_ONLY
2025-04-29,21:00,test,2025,2025,16,17.189881411072154,1.1898814110721538,16,17,false,2025,2025-04,macro_southerly_flow,17.97133333333333,1.9713333333333303,18,false,0.7814519222611764,0.7814519222611764,0,false,true,false,false,1.9713333333333303,1.1898814110721538,EXPERIMENT_ONLY
2025-04-29,22:00,test,2025,2025,16,16.960390850255788,0.9603908502557879,16,17,false,2025,2025-04,macro_southerly_flow,17.97133333333333,1.9713333333333303,18,false,1.0109424830775424,1.0109424830775424,0,false,true,false,false,1.9713333333333303,0.9603908502557879,EXPERIMENT_ONLY
2025-04-29,23:00,test,2025,2025,16,17.23501985515155,1.235019855151549,16,17,false,2025,2025-04,macro_southerly_flow,17.97133333333333,1.9713333333333303,18,false,0.7363134781817813,0.7363134781817813,0,false,true,false,false,1.9713333333333303,1.235019855151549,EXPERIMENT_ONLY
2025-04-30,20:00,test,2025,2025,16,15.612062163526094,0.3879378364739061,16,16,true,2025,2025-04,macro_southerly_flow,16.705333333333332,0.705333333333332,17,false,0.3173954968594259,1.0932711698072382,-1,false,true,true,false,0.705333333333332,-0.3879378364739061,EXPERIMENT_ONLY
2025-04-30,21:00,test,2025,2025,16,15.607495754859475,0.3925042451405254,16,16,true,2025,2025-04,macro_southerly_flow,16.705333333333332,0.705333333333332,17,false,0.31282908819280664,1.0978375784738574,-1,false,true,true,false,0.705333333333332,-0.3925042451405254,EXPERIMENT_ONLY
2025-04-30,22:00,test,2025,2025,16,14.980395643580685,1.0196043564193147,16,15,false,2025,2025-04,macro_southerly_flow,16.705333333333332,0.705333333333332,17,false,-0.31427102308598265,1.7249376897526467,0,true,false,false,false,0.705333333333332,-1.0196043564193147,EXPERIMENT_ONLY
2025-04-30,23:00,test,2025,2025,16,14.985280308834046,1.0147196911659542,16,15,false,2025,2025-04,macro_southerly_flow,16.705333333333332,0.705333333333332,17,false,-0.30938635783262214,1.7200530244992862,0,true,false,false,false,0.705333333333332,-1.0147196911659542,EXPERIMENT_ONLY
2025-05-01,20:00,test,2025,2025,14,13.346236750883673,0.6537632491163272,14,13,false,2025,2025-05,macro_southerly_flow,15.876222222222223,1.8762222222222231,16,false,1.222458973105896,2.5299854713385503,0,false,true,false,false,1.8762222222222231,-0.6537632491163272,EXPERIMENT_ONLY
2025-05-01,21:00,test,2025,2025,14,13.339459296456603,0.660540703543397,14,13,false,2025,2025-05,macro_southerly_flow,15.876222222222223,1.8762222222222231,16,false,1.2156815186788261,2.53676292576562,0,false,true,false,false,1.8762222222222231,-0.660540703543397,EXPERIMENT_ONLY
2025-05-01,22:00,test,2025,2025,14,12.656966729291575,1.3430332707084247,14,13,false,2025,2025-05,macro_southerly_flow,15.876222222222223,1.8762222222222231,16,false,0.5331889515137984,3.219255492930648,0,false,true,false,false,1.8762222222222231,-1.3430332707084247,EXPERIMENT_ONLY
2025-05-01,23:00,test,2025,2025,14,12.559370639722758,1.4406293602772422,14,13,false,2025,2025-05,macro_southerly_flow,15.876222222222223,1.8762222222222231,16,false,0.4355928619449809,3.3168515824994653,0,false,true,false,false,1.8762222222222231,-1.4406293602772422,EXPERIMENT_ONLY
2025-05-02,20:00,test,2025,2025,13,11.991423942917095,1.0085760570829052,13,12,false,2025,2025-05,macro_southerly_flow,13.101555555555555,0.10155555555555473,13,true,-0.9070205015273505,1.11013161263846,1,true,false,false,true,0.10155555555555473,-1.0085760570829052,EXPERIMENT_ONLY
2025-05-02,21:00,test,2025,2025,13,12.050240035266924,0.9497599647330759,13,12,false,2025,2025-05,macro_southerly_flow,13.101555555555555,0.10155555555555473,13,true,-0.8482044091775212,1.0513155202886306,1,true,false,false,true,0.10155555555555473,-0.9497599647330759,EXPERIMENT_ONLY
2025-05-02,22:00,test,2025,2025,13,11.66301022226798,1.33698977773202,13,12,false,2025,2025-05,macro_southerly_flow,13.101555555555555,0.10155555555555473,13,true,-1.2354342221764654,1.4385453332875748,1,true,false,false,true,0.10155555555555473,-1.33698977773202,EXPERIMENT_ONLY
2025-05-02,23:00,test,2025,2025,13,11.733883742479646,1.2661162575203537,13,12,false,2025,2025-05,macro_southerly_flow,13.101555555555555,0.10155555555555473,13,true,-1.164560701964799,1.3676718130759085,1,true,false,false,true,0.10155555555555473,-1.2661162575203537,EXPERIMENT_ONLY
2025-05-03,20:00,test,2025,2025,14,14.793836930312294,0.7938369303122936,14,15,false,2025,2025-05,macro_southerly_flow,15.660666666666666,1.6606666666666658,16,false,0.8668297363543722,0.8668297363543722,0,false,true,false,false,1.6606666666666658,0.7938369303122936,EXPERIMENT_ONLY
2025-05-03,21:00,test,2025,2025,14,14.858549144689976,0.8585491446899756,14,15,false,2025,2025-05,macro_southerly_flow,15.660666666666666,1.6606666666666658,16,false,0.8021175219766903,0.8021175219766903,0,false,true,false,false,1.6606666666666658,0.8585491446899756,EXPERIMENT_ONLY
2025-05-03,22:00,test,2025,2025,14,14.480868168929488,0.48086816892948825,14,14,true,2025,2025-05,macro_southerly_flow,15.660666666666666,1.6606666666666658,16,false,1.1797984977371776,1.1797984977371776,-1,false,true,true,false,1.6606666666666658,0.48086816892948825,EXPERIMENT_ONLY
2025-05-03,23:00,test,2025,2025,14,14.88940452367826,0.8894045236782606,14,15,false,2025,2025-05,macro_southerly_flow,15.660666666666666,1.6606666666666658,16,false,0.7712621429884052,0.7712621429884052,0,false,true,false,false,1.6606666666666658,0.8894045236782606,EXPERIMENT_ONLY
2025-05-04,20:00,test,2025,2025,14,14.303855272177215,0.30385527217721453,14,14,true,2025,2025-05,macro_non_southerly,14.119555555555554,0.11955555555555364,14,true,-0.1842997166216609,-0.1842997166216609,0,true,false,false,false,0.11955555555555364,0.30385527217721453,EXPERIMENT_ONLY
2025-05-04,21:00,test,2025,2025,14,13.513743267734924,0.48625673226507615,14,14,true,2025,2025-05,macro_southerly_flow,14.119555555555554,0.11955555555555364,14,true,-0.3667011767095225,0.6058122878206298,0,true,false,false,false,0.11955555555555364,-0.48625673226507615,EXPERIMENT_ONLY
2025-05-04,22:00,test,2025,2025,14,13.812605387890788,0.1873946121092125,14,14,true,2025,2025-05,macro_non_southerly,14.119555555555554,0.11955555555555364,14,true,-0.06783905655365885,0.3069501676647661,0,true,false,false,false,0.11955555555555364,-0.1873946121092125,EXPERIMENT_ONLY
2025-05-04,23:00,test,2025,2025,14,13.376339931839563,0.6236600681604365,14,13,false,2025,2025-05,macro_southerly_flow,14.119555555555554,0.11955555555555364,14,true,-0.5041045126048829,0.7432156237159901,1,true,false,false,true,0.11955555555555364,-0.6236600681604365,EXPERIMENT_ONLY
2025-05-05,20:00,test,2025,2025,15,13.764279769159714,1.2357202308402861,15,14,false,2025,2025-05,macro_non_southerly,14.692666666666666,0.3073333333333341,15,true,-0.928386897506952,0.928386897506952,1,true,false,false,true,-0.3073333333333341,-1.2357202308402861,EXPERIMENT_ONLY
2025-05-05,21:00,test,2025,2025,15,14.467616017927106,0.5323839820728935,15,14,false,2025,2025-05,macro_non_southerly,14.692666666666666,0.3073333333333341,15,true,-0.22505064873955938,0.22505064873955938,1,true,false,false,true,-0.3073333333333341,-0.5323839820728935,EXPERIMENT_ONLY
2025-05-05,22:00,test,2025,2025,15,15.032317260085817,0.03231726008581681,15,15,true,2025,2025-05,macro_non_southerly,14.692666666666666,0.3073333333333341,15,true,0.2750160732475173,-0.33965059341915094,0,false,true,false,false,-0.3073333333333341,0.03231726008581681,EXPERIMENT_ONLY
2025-05-05,23:00,test,2025,2025,15,15.434773779465328,0.4347737794653277,15,15,true,2025,2025-05,macro_non_southerly,14.692666666666666,0.3073333333333341,15,true,-0.12744044613199357,-0.7421071127986618,0,true,false,false,false,-0.3073333333333341,0.4347737794653277,EXPERIMENT_ONLY
2025-05-06,20:00,test,2025,2025,15,15.802103207533344,0.8021032075333441,15,16,false,2025,2025-05,macro_non_southerly,16.02177777777778,1.0217777777777783,16,false,0.21967457024443426,0.21967457024443426,0,false,true,false,false,1.0217777777777783,0.8021032075333441,EXPERIMENT_ONLY
2025-05-06,21:00,test,2025,2025,15,15.901226440839002,0.901226440839002,15,16,false,2025,2025-05,macro_non_southerly,16.02177777777778,1.0217777777777783,16,false,0.12055133693877629,0.12055133693877629,0,false,true,false,false,1.0217777777777783,0.901226440839002,EXPERIMENT_ONLY
2025-05-06,22:00,test,2025,2025,15,15.992204367370968,0.9922043673709684,15,16,false,2025,2025-05,macro_non_southerly,16.02177777777778,1.0217777777777783,16,false,0.02957341040680994,0.02957341040680994,0,false,true,false,false,1.0217777777777783,0.9922043673709684,EXPERIMENT_ONLY
2025-05-06,23:00,test,2025,2025,15,16.29523824534,1.2952382453399984,15,16,false,2025,2025-05,macro_non_southerly,16.02177777777778,1.0217777777777783,16,false,-0.2734604675622201,-0.2734604675622201,0,true,false,false,false,1.0217777777777783,1.2952382453399984,EXPERIMENT_ONLY
2025-05-07,20:00,test,2025,2025,18,17.698502040911936,0.30149795908806354,18,18,true,2025,2025-05,macro_non_southerly,16.926666666666666,1.0733333333333341,17,false,0.7718353742452706,-0.7718353742452706,-1,false,true,true,false,-1.0733333333333341,-0.30149795908806354,EXPERIMENT_ONLY
2025-05-07,21:00,test,2025,2025,18,17.79199340123678,0.20800659876321959,18,18,true,2025,2025-05,macro_non_southerly,16.926666666666666,1.0733333333333341,17,false,0.8653267345701146,-0.8653267345701146,-1,false,true,true,false,-1.0733333333333341,-0.20800659876321959,EXPERIMENT_ONLY
2025-05-07,22:00,test,2025,2025,18,17.557638098905468,0.44236190109453233,18,18,true,2025,2025-05,macro_non_southerly,16.926666666666666,1.0733333333333341,17,false,0.6309714322388018,-0.6309714322388018,-1,false,true,true,false,-1.0733333333333341,-0.44236190109453233,EXPERIMENT_ONLY
2025-05-07,23:00,test,2025,2025,18,17.691905607879274,0.30809439212072576,18,18,true,2025,2025-05,macro_non_southerly,16.926666666666666,1.0733333333333341,17,false,0.7652389412126084,-0.7652389412126084,-1,false,true,true,false,-1.0733333333333341,-0.30809439212072576,EXPERIMENT_ONLY
2025-05-08,20:00,test,2025,2025,18,18.616963223515615,0.6169632235156151,18,19,false,2025,2025-05,macro_non_southerly,17.220666666666666,0.7793333333333337,17,false,0.1623701098177186,-1.3962965568489487,0,false,true,false,false,-0.7793333333333337,0.6169632235156151,EXPERIMENT_ONLY
2025-05-08,21:00,test,2025,2025,18,18.782625711295015,0.7826257112950152,18,19,false,2025,2025-05,macro_non_southerly,17.220666666666666,0.7793333333333337,17,false,-0.0032923779616815807,-1.561959044628349,0,true,false,false,false,-0.7793333333333337,0.7826257112950152,EXPERIMENT_ONLY
2025-05-08,22:00,test,2025,2025,18,18.445270670408366,0.445270670408366,18,18,true,2025,2025-05,macro_non_southerly,17.220666666666666,0.7793333333333337,17,false,0.33406266292496767,-1.2246040037416996,-1,false,true,true,false,-0.7793333333333337,0.445270670408366,EXPERIMENT_ONLY
2025-05-08,23:00,test,2025,2025,18,18.55112851246534,0.5511285124653398,18,19,false,2025,2025-05,macro_non_southerly,17.220666666666666,0.7793333333333337,17,false,0.22820482086799387,-1.3304618457986734,0,false,true,false,false,-0.7793333333333337,0.5511285124653398,EXPERIMENT_ONLY
2025-05-09,20:00,test,2025,2025,18,18.31491505588471,0.31491505588471114,18,18,true,2025,2025-05,macro_non_southerly,17.540222222222223,0.4597777777777772,18,true,0.14486272189306604,-0.7746928336624883,0,false,true,false,false,-0.4597777777777772,0.31491505588471114,EXPERIMENT_ONLY
2025-05-09,21:00,test,2025,2025,18,18.276049467160817,0.27604946716081713,18,18,true,2025,2025-05,macro_non_southerly,17.540222222222223,0.4597777777777772,18,true,0.18372831061696004,-0.7358272449385943,0,false,true,false,false,-0.4597777777777772,0.27604946716081713,EXPERIMENT_ONLY
2025-05-09,22:00,test,2025,2025,18,17.666097013510054,0.3339029864899459,18,18,true,2025,2025-05,macro_non_southerly,17.540222222222223,0.4597777777777772,18,true,0.1258747912878313,-0.1258747912878313,0,false,true,false,false,-0.4597777777777772,-0.3339029864899459,EXPERIMENT_ONLY
2025-05-09,23:00,test,2025,2025,18,17.703004072482248,0.2969959275177523,18,18,true,2025,2025-05,macro_non_southerly,17.540222222222223,0.4597777777777772,18,true,0.1627818502600249,-0.1627818502600249,0,false,true,false,false,-0.4597777777777772,-0.2969959275177523,EXPERIMENT_ONLY
2025-05-10,20:00,test,2025,2025,16,14.67514144886247,1.3248585511375293,16,15,false,2025,2025-05,macro_southerly_flow,14.71888888888889,1.2811111111111106,15,false,-0.043747440026418616,0.043747440026418616,0,true,false,false,false,-1.2811111111111106,-1.3248585511375293,EXPERIMENT_ONLY
2025-05-10,21:00,test,2025,2025,16,15.174387319110847,0.8256126808891526,16,15,false,2025,2025-05,macro_southerly_flow,14.71888888888889,1.2811111111111106,15,false,0.455498430221958,-0.455498430221958,0,false,true,false,false,-1.2811111111111106,-0.8256126808891526,EXPERIMENT_ONLY
2025-05-10,22:00,test,2025,2025,16,14.9830149803833,1.0169850196166994,16,15,false,2025,2025-05,macro_southerly_flow,14.71888888888889,1.2811111111111106,15,false,0.26412609149441124,-0.26412609149441124,0,false,true,false,false,-1.2811111111111106,-1.0169850196166994,EXPERIMENT_ONLY
2025-05-10,23:00,test,2025,2025,16,15.552013701299542,0.44798629870045836,16,16,true,2025,2025-05,macro_southerly_flow,14.71888888888889,1.2811111111111106,15,false,0.8331248124106523,-0.8331248124106523,-1,false,true,true,false,-1.2811111111111106,-0.44798629870045836,EXPERIMENT_ONLY
2025-05-11,20:00,test,2025,2025,15,15.236216096832884,0.2362160968328837,15,15,true,2025,2025-05,macro_non_southerly,15.625333333333334,0.6253333333333337,16,false,0.38911723650045005,0.38911723650045005,-1,false,true,true,false,0.6253333333333337,0.2362160968328837,EXPERIMENT_ONLY
2025-05-11,21:00,test,2025,2025,15,15.49048777320529,0.4904877732052899,15,15,true,2025,2025-05,macro_non_southerly,15.625333333333334,0.6253333333333337,16,false,0.13484556012804383,0.13484556012804383,-1,false,true,true,false,0.6253333333333337,0.4904877732052899,EXPERIMENT_ONLY
2025-05-11,22:00,test,2025,2025,15,16.022827552097187,1.022827552097187,15,16,false,2025,2025-05,macro_non_southerly,15.625333333333334,0.6253333333333337,16,false,-0.39749421876385327,-0.39749421876385327,0,true,false,false,false,0.6253333333333337,1.022827552097187,EXPERIMENT_ONLY
2025-05-11,23:00,test,2025,2025,15,16.127934954792355,1.1279349547923552,15,16,false,2025,2025-05,macro_non_southerly,15.625333333333334,0.6253333333333337,16,false,-0.5026016214590214,-0.5026016214590214,0,true,false,false,false,0.6253333333333337,1.1279349547923552,EXPERIMENT_ONLY
2025-05-12,20:00,test,2025,2025,17,16.922212255729423,0.07778774427057655,17,17,true,2025,2025-05,macro_non_southerly,15.773555555555555,1.2264444444444447,16,false,1.1486567001738681,-1.1486567001738681,-1,false,true,true,false,-1.2264444444444447,-0.07778774427057655,EXPERIMENT_ONLY
2025-05-12,21:00,test,2025,2025,17,16.972618509792802,0.0273814902071976,17,17,true,2025,2025-05,macro_non_southerly,15.773555555555555,1.2264444444444447,16,false,1.199062954237247,-1.199062954237247,-1,false,true,true,false,-1.2264444444444447,-0.0273814902071976,EXPERIMENT_ONLY
2025-05-12,22:00,test,2025,2025,17,17.168065487089162,0.16806548708916225,17,17,true,2025,2025-05,macro_non_southerly,15.773555555555555,1.2264444444444447,16,false,1.0583789573552824,-1.394509931533607,-1,false,true,true,false,-1.2264444444444447,0.16806548708916225,EXPERIMENT_ONLY
2025-05-12,23:00,test,2025,2025,17,17.468782046014283,0.4687820460142831,17,17,true,2025,2025-05,macro_non_southerly,15.773555555555555,1.2264444444444447,16,false,0.7576623984301616,-1.6952264904587278,-1,false,true,true,false,-1.2264444444444447,0.4687820460142831,EXPERIMENT_ONLY
2025-05-13,20:00,test,2025,2025,17,17.162462909960176,0.1624629099601762,17,17,true,2025,2025-05,macro_non_southerly,16.655111111111108,0.34488888888889235,17,true,0.18242597892871615,-0.5073517988490686,0,false,true,false,false,-0.34488888888889235,0.1624629099601762,EXPERIMENT_ONLY
2025-05-13,21:00,test,2025,2025,17,17.151381272330045,0.1513812723300454,17,17,true,2025,2025-05,macro_non_southerly,16.655111111111108,0.34488888888889235,17,true,0.19350761655884696,-0.49627016121893774,0,false,true,false,false,-0.34488888888889235,0.1513812723300454,EXPERIMENT_ONLY
2025-05-13,22:00,test,2025,2025,17,16.936034709191922,0.06396529080807767,17,17,true,2025,2025-05,macro_non_southerly,16.655111111111108,0.34488888888889235,17,true,0.2809235980808147,-0.2809235980808147,0,false,true,false,false,-0.34488888888889235,-0.06396529080807767,EXPERIMENT_ONLY
2025-05-13,23:00,test,2025,2025,17,17.10364986104479,0.10364986104479001,17,17,true,2025,2025-05,macro_non_southerly,16.655111111111108,0.34488888888889235,17,true,0.24123902784410234,-0.44853874993368237,0,false,true,false,false,-0.34488888888889235,0.10364986104479001,EXPERIMENT_ONLY
2025-05-14,20:00,test,2025,2025,15,15.18553110789349,0.1855311078934907,15,15,true,2025,2025-05,macro_southerly_flow,15.192666666666668,0.19266666666666765,15,true,0.007135558773176953,0.007135558773176953,0,false,true,false,false,0.19266666666666765,0.1855311078934907,EXPERIMENT_ONLY
2025-05-14,21:00,test,2025,2025,15,15.540618491823606,0.5406184918236061,15,16,false,2025,2025-05,macro_southerly_flow,15.192666666666668,0.19266666666666765,15,true,-0.34795182515693845,-0.34795182515693845,1,true,false,false,true,0.19266666666666765,0.5406184918236061,EXPERIMENT_ONLY
2025-05-14,22:00,test,2025,2025,15,16.094733918151633,1.0947339181516327,15,16,false,2025,2025-05,macro_non_southerly,15.192666666666668,0.19266666666666765,15,true,-0.902067251484965,-0.902067251484965,1,true,false,false,true,0.19266666666666765,1.0947339181516327,EXPERIMENT_ONLY
2025-05-14,23:00,test,2025,2025,15,16.531691409693575,1.5316914096935754,15,17,false,2025,2025-05,macro_non_southerly,15.192666666666668,0.19266666666666765,15,true,-1.3390247430269078,-1.3390247430269078,1,true,false,false,true,0.19266666666666765,1.5316914096935754,EXPERIMENT_ONLY
2025-05-15,20:00,test,2025,2025,16,16.649237756225077,0.6492377562250766,16,17,false,2025,2025-05,macro_non_southerly,15.679333333333334,0.320666666666666,16,true,-0.32857108955841063,-0.9699044228917426,1,true,false,false,true,-0.320666666666666,0.6492377562250766,EXPERIMENT_ONLY
2025-05-15,21:00,test,2025,2025,16,16.681447356110127,0.6814473561101266,16,17,false,2025,2025-05,macro_non_southerly,15.679333333333334,0.320666666666666,16,true,-0.36078068944346064,-1.0021140227767926,1,true,false,false,true,-0.320666666666666,0.6814473561101266,EXPERIMENT_ONLY
2025-05-15,22:00,test,2025,2025,16,16.27047957914169,0.2704795791416892,16,16,true,2025,2025-05,macro_non_southerly,15.679333333333334,0.320666666666666,16,true,0.0501870875249768,-0.5911462458083552,0,false,true,false,false,-0.320666666666666,0.2704795791416892,EXPERIMENT_ONLY
2025-05-15,23:00,test,2025,2025,16,16.514460568937487,0.514460568937487,16,17,false,2025,2025-05,macro_non_southerly,15.679333333333334,0.320666666666666,16,true,-0.19379390227082105,-0.835127235604153,1,true,false,false,true,-0.320666666666666,0.514460568937487,EXPERIMENT_ONLY
2025-05-16,20:00,test,2025,2025,19,18.594732725493774,0.405267274506226,19,19,true,2025,2025-05,macro_non_southerly,17.844444444444445,1.155555555555555,18,false,0.750288281049329,-0.750288281049329,-1,false,true,true,false,-1.155555555555555,-0.405267274506226,EXPERIMENT_ONLY
2025-05-16,21:00,test,2025,2025,19,18.821499285263442,0.1785007147365576,19,19,true,2025,2025-05,macro_non_southerly,17.844444444444445,1.155555555555555,18,false,0.9770548408189974,-0.9770548408189974,-1,false,true,true,false,-1.155555555555555,-0.1785007147365576,EXPERIMENT_ONLY
2025-05-16,22:00,test,2025,2025,19,18.81938879751075,0.18061120248924922,19,19,true,2025,2025-05,macro_non_southerly,17.844444444444445,1.155555555555555,18,false,0.9749443530663058,-0.9749443530663058,-1,false,true,true,false,-1.155555555555555,-0.18061120248924922,EXPERIMENT_ONLY
2025-05-16,23:00,test,2025,2025,19,19.016251318599892,0.016251318599891817,19,19,true,2025,2025-05,macro_non_southerly,17.844444444444445,1.155555555555555,18,false,1.1393042369556632,-1.1718068741554468,-1,false,true,true,false,-1.155555555555555,0.016251318599891817,EXPERIMENT_ONLY
2025-05-17,20:00,test,2025,2025,18,18.459195865452447,0.45919586545244684,18,18,true,2025,2025-05,macro_non_southerly,17.261777777777777,0.7382222222222232,17,false,0.2790263567697764,-1.19741808767467,-1,false,true,true,false,-0.7382222222222232,0.45919586545244684,EXPERIMENT_ONLY
2025-05-17,21:00,test,2025,2025,18,18.464900696751748,0.46490069675174794,18,18,true,2025,2025-05,macro_non_southerly,17.261777777777777,0.7382222222222232,17,false,0.2733215254704753,-1.2031229189739712,-1,false,true,true,false,-0.7382222222222232,0.46490069675174794,EXPERIMENT_ONLY
2025-05-17,22:00,test,2025,2025,18,18.13487294399978,0.13487294399978111,18,18,true,2025,2025-05,macro_non_southerly,17.261777777777777,0.7382222222222232,17,false,0.6033492782224421,-0.8730951662220043,-1,false,true,true,false,-0.7382222222222232,0.13487294399978111,EXPERIMENT_ONLY
2025-05-17,23:00,test,2025,2025,18,18.304290429148832,0.304290429148832,18,18,true,2025,2025-05,macro_non_southerly,17.261777777777777,0.7382222222222232,17,false,0.43393179307339125,-1.0425126513710552,-1,false,true,true,false,-0.7382222222222232,0.304290429148832,EXPERIMENT_ONLY
2025-05-18,20:00,test,2025,2025,18,18.46489619430142,0.4648961943014207,18,18,true,2025,2025-05,macro_non_southerly,17.75,0.25,18,true,-0.2148961943014207,-0.7148961943014207,0,true,false,false,false,-0.25,0.4648961943014207,EXPERIMENT_ONLY
2025-05-18,21:00,test,2025,2025,18,18.2563343965713,0.25633439657130097,18,18,true,2025,2025-05,macro_non_southerly,17.75,0.25,18,true,-0.006334396571300971,-0.506334396571301,0,true,false,false,false,-0.25,0.25633439657130097,EXPERIMENT_ONLY
2025-05-18,22:00,test,2025,2025,18,17.735858238309568,0.264141761690432,18,18,true,2025,2025-05,macro_non_southerly,17.75,0.25,18,true,-0.01414176169043202,0.01414176169043202,0,true,false,false,false,-0.25,-0.264141761690432,EXPERIMENT_ONLY
2025-05-18,23:00,test,2025,2025,18,17.67646720229994,0.3235327977000608,18,18,true,2025,2025-05,macro_non_southerly,17.75,0.25,18,true,-0.07353279770006083,0.07353279770006083,0,true,false,false,false,-0.25,-0.3235327977000608,EXPERIMENT_ONLY
2025-05-19,20:00,test,2025,2025,12,12.866352294212554,0.8663522942125539,12,13,false,2025,2025-05,macro_southerly_flow,13.315111111111111,1.3151111111111113,13,false,0.44875881689855746,0.44875881689855746,0,false,true,false,false,1.3151111111111113,0.8663522942125539,EXPERIMENT_ONLY
2025-05-19,21:00,test,2025,2025,12,12.655424046919967,0.6554240469199666,12,13,false,2025,2025-05,macro_southerly_flow,13.315111111111111,1.3151111111111113,13,false,0.6596870641911448,0.6596870641911448,0,false,true,false,false,1.3151111111111113,0.6554240469199666,EXPERIMENT_ONLY
2025-05-19,22:00,test,2025,2025,12,12.005175491703278,0.0051754917032784675,12,12,true,2025,2025-05,macro_southerly_flow,13.315111111111111,1.3151111111111113,13,false,1.3099356194078329,1.3099356194078329,-1,false,true,true,false,1.3151111111111113,0.0051754917032784675,EXPERIMENT_ONLY
2025-05-19,23:00,test,2025,2025,12,11.908785427094706,0.09121457290529378,12,12,true,2025,2025-05,macro_southerly_flow,13.315111111111111,1.3151111111111113,13,false,1.2238965382058176,1.4063256840164051,-1,false,true,true,false,1.3151111111111113,-0.09121457290529378,EXPERIMENT_ONLY
2025-05-20,20:00,test,2025,2025,15,14.43737928846321,0.5626207115367894,15,14,false,2025,2025-05,macro_non_southerly,14.471555555555556,0.5284444444444443,14,false,-0.034176267092345114,0.034176267092345114,0,true,false,false,false,-0.5284444444444443,-0.5626207115367894,EXPERIMENT_ONLY
2025-05-20,21:00,test,2025,2025,15,14.661913539801679,0.3380864601983209,15,15,true,2025,2025-05,macro_non_southerly,14.471555555555556,0.5284444444444443,14,false,0.19035798424612338,-0.19035798424612338,-1,false,true,true,false,-0.5284444444444443,-0.3380864601983209,EXPERIMENT_ONLY
2025-05-20,22:00,test,2025,2025,15,14.723677866541557,0.2763221334584429,15,15,true,2025,2025-05,macro_non_southerly,14.471555555555556,0.5284444444444443,14,false,0.25212231098600135,-0.25212231098600135,-1,false,true,true,false,-0.5284444444444443,-0.2763221334584429,EXPERIMENT_ONLY
2025-05-20,23:00,test,2025,2025,15,14.821469670986787,0.17853032901321342,15,15,true,2025,2025-05,macro_non_southerly,14.471555555555556,0.5284444444444443,14,false,0.34991411543123085,-0.34991411543123085,-1,false,true,true,false,-0.5284444444444443,-0.17853032901321342,EXPERIMENT_ONLY
2025-05-21,20:00,test,2025,2025,15,14.385228590694984,0.6147714093050158,15,14,false,2025,2025-05,macro_southerly_flow,14.286000000000001,0.7139999999999986,14,false,0.0992285906949828,-0.0992285906949828,0,false,true,false,false,-0.7139999999999986,-0.6147714093050158,EXPERIMENT_ONLY
2025-05-21,21:00,test,2025,2025,15,14.88366901165732,0.11633098834268019,15,15,true,2025,2025-05,macro_southerly_flow,14.286000000000001,0.7139999999999986,14,false,0.5976690116573184,-0.5976690116573184,-1,false,true,true,false,-0.7139999999999986,-0.11633098834268019,EXPERIMENT_ONLY
2025-05-21,22:00,test,2025,2025,15,14.724012074611336,0.2759879253886641,15,15,true,2025,2025-05,macro_southerly_flow,14.286000000000001,0.7139999999999986,14,false,0.4380120746113345,-0.4380120746113345,-1,false,true,true,false,-0.7139999999999986,-0.2759879253886641,EXPERIMENT_ONLY
2025-05-21,23:00,test,2025,2025,15,15.030550084522035,0.030550084522035448,15,15,true,2025,2025-05,macro_southerly_flow,14.286000000000001,0.7139999999999986,14,false,0.6834499154779632,-0.7445500845220341,-1,false,true,true,false,-0.7139999999999986,0.030550084522035448,EXPERIMENT_ONLY
2025-05-22,20:00,test,2025,2025,16,15.48625018123879,0.5137498187612106,16,15,false,2025,2025-05,macro_non_southerly,15.056444444444445,0.9435555555555553,15,false,0.42980573679434464,-0.42980573679434464,0,false,true,false,false,-0.9435555555555553,-0.5137498187612106,EXPERIMENT_ONLY
2025-05-22,21:00,test,2025,2025,16,15.548484595596653,0.4515154044033469,16,16,true,2025,2025-05,macro_non_southerly,15.056444444444445,0.9435555555555553,15,false,0.49204015115220834,-0.49204015115220834,-1,false,true,true,false,-0.9435555555555553,-0.4515154044033469,EXPERIMENT_ONLY
2025-05-22,22:00,test,2025,2025,16,15.443932733825473,0.5560672661745265,16,15,false,2025,2025-05,macro_non_southerly,15.056444444444445,0.9435555555555553,15,false,0.38748828938102875,-0.38748828938102875,0,false,true,false,false,-0.9435555555555553,-0.5560672661745265,EXPERIMENT_ONLY
2025-05-22,23:00,test,2025,2025,16,15.6415955224645,0.3584044775354993,16,16,true,2025,2025-05,macro_non_southerly,15.056444444444445,0.9435555555555553,15,false,0.585151078020056,-0.585151078020056,-1,false,true,true,false,-0.9435555555555553,-0.3584044775354993,EXPERIMENT_ONLY
2025-05-23,20:00,test,2025,2025,15,15.744952410653394,0.7449524106533936,15,16,false,2025,2025-05,macro_non_southerly,15.393333333333334,0.3933333333333344,15,true,-0.35161907732005915,-0.35161907732005915,1,true,false,false,true,0.3933333333333344,0.7449524106533936,EXPERIMENT_ONLY
2025-05-23,21:00,test,2025,2025,15,16.31448541364645,1.3144854136464517,15,16,false,2025,2025-05,macro_non_southerly,15.393333333333334,0.3933333333333344,15,true,-0.9211520803131172,-0.9211520803131172,1,true,false,false,true,0.3933333333333344,1.3144854136464517,EXPERIMENT_ONLY
2025-05-23,22:00,test,2025,2025,15,16.364716981863694,1.364716981863694,15,16,false,2025,2025-05,macro_non_southerly,15.393333333333334,0.3933333333333344,15,true,-0.9713836485303595,-0.9713836485303595,1,true,false,false,true,0.3933333333333344,1.364716981863694,EXPERIMENT_ONLY
2025-05-23,23:00,test,2025,2025,15,16.498953031335116,1.498953031335116,15,16,false,2025,2025-05,macro_non_southerly,15.393333333333334,0.3933333333333344,15,true,-1.1056196980017816,-1.1056196980017816,1,true,false,false,true,0.3933333333333344,1.498953031335116,EXPERIMENT_ONLY
2025-05-24,20:00,test,2025,2025,16,16.50272903565163,0.5027290356516296,16,17,false,2025,2025-05,macro_non_southerly,15.565777777777777,0.43422222222222295,16,true,-0.06850681342940668,-0.9369512578738526,1,true,false,false,true,-0.43422222222222295,0.5027290356516296,EXPERIMENT_ONLY
2025-05-24,21:00,test,2025,2025,16,16.732288497855563,0.7322884978555635,16,17,false,2025,2025-05,macro_non_southerly,15.565777777777777,0.43422222222222295,16,true,-0.29806627563334054,-1.1665107200777864,1,true,false,false,true,-0.43422222222222295,0.7322884978555635,EXPERIMENT_ONLY
2025-05-24,22:00,test,2025,2025,16,16.83224538254792,0.8322453825479208,16,17,false,2025,2025-05,macro_non_southerly,15.565777777777777,0.43422222222222295,16,true,-0.39802316032569784,-1.2664676047701438,1,true,false,false,true,-0.43422222222222295,0.8322453825479208,EXPERIMENT_ONLY
2025-05-24,23:00,test,2025,2025,16,17.2592653648711,1.2592653648711014,16,17,false,2025,2025-05,macro_non_southerly,15.565777777777777,0.43422222222222295,16,true,-0.8250431426488785,-1.6934875870933244,1,true,false,false,true,-0.43422222222222295,1.2592653648711014,EXPERIMENT_ONLY
2025-05-25,20:00,test,2025,2025,17,16.983501366556574,0.01649863344342606,17,17,true,2025,2025-05,macro_non_southerly,16.32,0.6799999999999997,16,false,0.6635013665565737,-0.6635013665565737,-1,false,true,true,false,-0.6799999999999997,-0.01649863344342606,EXPERIMENT_ONLY
2025-05-25,21:00,test,2025,2025,17,17.005352599022725,0.005352599022725002,17,17,true,2025,2025-05,macro_non_southerly,16.32,0.6799999999999997,16,false,0.6746474009772747,-0.6853525990227247,-1,false,true,true,false,-0.6799999999999997,0.005352599022725002,EXPERIMENT_ONLY
2025-05-25,22:00,test,2025,2025,17,16.62776918082803,0.3722308191719712,17,17,true,2025,2025-05,macro_non_southerly,16.32,0.6799999999999997,16,false,0.3077691808280285,-0.3077691808280285,-1,false,true,true,false,-0.6799999999999997,-0.3722308191719712,EXPERIMENT_ONLY
2025-05-25,23:00,test,2025,2025,17,16.832539918587848,0.16746008141215185,17,17,true,2025,2025-05,macro_non_southerly,16.32,0.6799999999999997,16,false,0.5125399185878479,-0.5125399185878479,-1,false,true,true,false,-0.6799999999999997,-0.16746008141215185,EXPERIMENT_ONLY
2025-05-26,20:00,test,2025,2025,17,17.896644677072466,0.8966446770724659,17,18,false,2025,2025-05,macro_non_southerly,16.40222222222222,0.5977777777777789,16,false,-0.298866899294687,-1.4944224548502447,0,true,false,false,false,-0.5977777777777789,0.8966446770724659,EXPERIMENT_ONLY
2025-05-26,21:00,test,2025,2025,17,17.33360744729407,0.3336074472940709,17,17,true,2025,2025-05,macro_non_southerly,16.40222222222222,0.5977777777777789,16,false,0.26417033048370797,-0.9313852250718497,-1,false,true,true,false,-0.5977777777777789,0.3336074472940709,EXPERIMENT_ONLY
2025-05-26,22:00,test,2025,2025,17,16.668471440566066,0.33152855943393433,17,17,true,2025,2025-05,macro_non_southerly,16.40222222222222,0.5977777777777789,16,false,0.2662492183438445,-0.2662492183438445,-1,false,true,true,false,-0.5977777777777789,-0.33152855943393433,EXPERIMENT_ONLY
2025-05-26,23:00,test,2025,2025,17,16.612044495355875,0.3879555046441254,17,17,true,2025,2025-05,macro_non_southerly,16.40222222222222,0.5977777777777789,16,false,0.20982227313365343,-0.20982227313365343,-1,false,true,true,false,-0.5977777777777789,-0.3879555046441254,EXPERIMENT_ONLY
2025-05-27,20:00,test,2025,2025,17,17.5087830138458,0.5087830138458003,17,18,false,2025,2025-05,macro_non_southerly,16.19288888888889,0.8071111111111087,16,false,0.2983280972653084,-1.315894124956909,0,false,true,false,false,-0.8071111111111087,0.5087830138458003,EXPERIMENT_ONLY
2025-05-27,21:00,test,2025,2025,17,17.56946029672241,0.5694602967224114,17,18,false,2025,2025-05,macro_non_southerly,16.19288888888889,0.8071111111111087,16,false,0.23765081438869728,-1.37657140783352,0,false,true,false,false,-0.8071111111111087,0.5694602967224114,EXPERIMENT_ONLY
2025-05-27,22:00,test,2025,2025,17,17.248497909500948,0.24849790950094786,17,17,true,2025,2025-05,macro_non_southerly,16.19288888888889,0.8071111111111087,16,false,0.5586132016101608,-1.0556090206120565,-1,false,true,true,false,-0.8071111111111087,0.24849790950094786,EXPERIMENT_ONLY
2025-05-27,23:00,test,2025,2025,17,17.6900222561759,0.6900222561759008,17,18,false,2025,2025-05,macro_non_southerly,16.19288888888889,0.8071111111111087,16,false,0.11708885493520782,-1.4971333672870095,0,false,true,false,false,-0.8071111111111087,0.6900222561759008,EXPERIMENT_ONLY
2025-05-28,20:00,test,2025,2025,17,16.971294682604217,0.02870531739578297,17,17,true,2025,2025-05,macro_non_southerly,16.66466666666667,0.33533333333333104,17,true,0.30662801593754807,-0.30662801593754807,0,false,true,false,false,-0.33533333333333104,-0.02870531739578297,EXPERIMENT_ONLY
2025-05-28,21:00,test,2025,2025,17,17.032904528677562,0.03290452867756244,17,17,true,2025,2025-05,macro_non_southerly,16.66466666666667,0.33533333333333104,17,true,0.3024288046557686,-0.3682378620108935,0,false,true,false,false,-0.33533333333333104,0.03290452867756244,EXPERIMENT_ONLY
2025-05-28,22:00,test,2025,2025,17,17.045065027878145,0.04506502787814526,17,17,true,2025,2025-05,macro_non_southerly,16.66466666666667,0.33533333333333104,17,true,0.2902683054551858,-0.3803983612114763,0,false,true,false,false,-0.33533333333333104,0.04506502787814526,EXPERIMENT_ONLY
2025-05-28,23:00,test,2025,2025,17,17.217893738592355,0.2178937385923554,17,17,true,2025,2025-05,macro_non_southerly,16.66466666666667,0.33533333333333104,17,true,0.11743959474097565,-0.5532270719256864,0,false,true,false,false,-0.33533333333333104,0.2178937385923554,EXPERIMENT_ONLY
2025-05-29,20:00,test,2025,2025,16,16.20391194400106,0.20391194400106016,16,16,true,2025,2025-05,macro_non_southerly,15.531555555555554,0.46844444444444555,16,true,0.2645325004433854,-0.6723563884455057,0,false,true,false,false,-0.46844444444444555,0.20391194400106016,EXPERIMENT_ONLY
2025-05-29,21:00,test,2025,2025,16,16.297269497565406,0.29726949756540577,16,16,true,2025,2025-05,macro_non_southerly,15.531555555555554,0.46844444444444555,16,true,0.17117494687903978,-0.7657139420098513,0,false,true,false,false,-0.46844444444444555,0.29726949756540577,EXPERIMENT_ONLY
2025-05-29,22:00,test,2025,2025,16,15.805597206197923,0.1944027938020767,16,16,true,2025,2025-05,macro_non_southerly,15.531555555555554,0.46844444444444555,16,true,0.27404165064236885,-0.27404165064236885,0,false,true,false,false,-0.46844444444444555,-0.1944027938020767,EXPERIMENT_ONLY
2025-05-29,23:00,test,2025,2025,16,15.947703043608934,0.05229695639106602,16,16,true,2025,2025-05,macro_non_southerly,15.531555555555554,0.46844444444444555,16,true,0.41614748805337953,-0.41614748805337953,0,false,true,false,false,-0.46844444444444555,-0.05229695639106602,EXPERIMENT_ONLY
2025-05-30,20:00,test,2025,2025,18,15.25058051667073,2.7494194833292696,18,15,false,2025,2025-05,macro_southerly_flow,16.024,1.975999999999999,16,false,-0.7734194833292705,0.7734194833292705,0,true,false,false,false,-1.975999999999999,-2.7494194833292696,EXPERIMENT_ONLY
2025-05-30,21:00,test,2025,2025,18,15.723564736815817,2.276435263184183,18,16,false,2025,2025-05,macro_southerly_flow,16.024,1.975999999999999,16,false,-0.300435263184184,0.300435263184184,0,true,false,false,false,-1.975999999999999,-2.276435263184183,EXPERIMENT_ONLY
2025-05-30,22:00,test,2025,2025,18,16.712885037250867,1.2871149627491327,18,17,false,2025,2025-05,macro_non_southerly,16.024,1.975999999999999,16,false,0.6888850372508664,-0.6888850372508664,0,false,true,false,false,-1.975999999999999,-1.2871149627491327,EXPERIMENT_ONLY
2025-05-30,23:00,test,2025,2025,18,16.914197353369595,1.0858026466304054,18,17,false,2025,2025-05,macro_non_southerly,16.024,1.975999999999999,16,false,0.8901973533695937,-0.8901973533695937,0,false,true,false,false,-1.975999999999999,-1.0858026466304054,EXPERIMENT_ONLY
2025-05-31,20:00,test,2025,2025,18,17.906785788856034,0.093214211143966,18,18,true,2025,2025-05,macro_non_southerly,16.276666666666667,1.7233333333333327,16,false,1.6301191221893667,-1.6301191221893667,-1,false,true,true,false,-1.7233333333333327,-0.093214211143966,EXPERIMENT_ONLY
2025-05-31,21:00,test,2025,2025,18,18.00358326310378,0.00358326310378132,18,18,true,2025,2025-05,macro_non_southerly,16.276666666666667,1.7233333333333327,16,false,1.7197500702295514,-1.726916596437114,-1,false,true,true,false,-1.7233333333333327,0.00358326310378132,EXPERIMENT_ONLY
2025-05-31,22:00,test,2025,2025,18,17.840055085287634,0.15994491471236572,18,18,true,2025,2025-05,macro_non_southerly,16.276666666666667,1.7233333333333327,16,false,1.563388418620967,-1.563388418620967,-1,false,true,true,false,-1.7233333333333327,-0.15994491471236572,EXPERIMENT_ONLY
2025-05-31,23:00,test,2025,2025,18,18.082031337247646,0.08203133724764555,18,18,true,2025,2025-05,macro_non_southerly,16.276666666666667,1.7233333333333327,16,false,1.6413019960856872,-1.8053646705809783,-1,false,true,true,false,-1.7233333333333327,0.08203133724764555,EXPERIMENT_ONLY
2025-06-01,20:00,test,2025,2025,15,15.323235792703764,0.32323579270376435,15,15,true,2025,2025-06,macro_non_southerly,14.805111111111112,0.19488888888888845,15,true,-0.1283469038148759,-0.5181246815926528,0,true,false,false,false,-0.19488888888888845,0.32323579270376435,EXPERIMENT_ONLY
2025-06-01,21:00,test,2025,2025,15,15.711707607870101,0.7117076078701015,15,16,false,2025,2025-06,macro_non_southerly,14.805111111111112,0.19488888888888845,15,true,-0.516818718981213,-0.9065964967589899,1,true,false,false,true,-0.19488888888888845,0.7117076078701015,EXPERIMENT_ONLY
2025-06-01,22:00,test,2025,2025,15,15.067753606538103,0.06775360653810303,15,15,true,2025,2025-06,macro_non_southerly,14.805111111111112,0.19488888888888845,15,true,0.12713528235078542,-0.2626424954269915,0,false,true,false,false,-0.19488888888888845,0.06775360653810303,EXPERIMENT_ONLY
2025-06-01,23:00,test,2025,2025,15,15.321688549156166,0.32168854915616585,15,15,true,2025,2025-06,macro_non_southerly,14.805111111111112,0.19488888888888845,15,true,-0.1267996602672774,-0.5165774380450543,0,true,false,false,false,-0.19488888888888845,0.32168854915616585,EXPERIMENT_ONLY
2025-06-02,20:00,test,2025,2025,17,14.77766920447188,2.2223307955281193,17,15,false,2025,2025-06,macro_non_southerly,15.99911111111111,1.0008888888888894,16,false,-1.22144190663923,1.22144190663923,0,true,false,false,false,-1.0008888888888894,-2.2223307955281193,EXPERIMENT_ONLY
2025-06-02,21:00,test,2025,2025,17,15.171485429510359,1.8285145704896415,17,15,false,2025,2025-06,macro_non_southerly,15.99911111111111,1.0008888888888894,16,false,-0.8276256816007521,0.8276256816007521,0,true,false,false,false,-1.0008888888888894,-1.8285145704896415,EXPERIMENT_ONLY
2025-06-02,22:00,test,2025,2025,17,15.40291182056243,1.59708817943757,17,15,false,2025,2025-06,macro_non_southerly,15.99911111111111,1.0008888888888894,16,false,-0.5961992905486806,0.5961992905486806,0,true,false,false,false,-1.0008888888888894,-1.59708817943757,EXPERIMENT_ONLY
2025-06-02,23:00,test,2025,2025,17,15.869594787594567,1.1304052124054333,17,16,false,2025,2025-06,macro_non_southerly,15.99911111111111,1.0008888888888894,16,false,-0.12951632351654396,0.12951632351654396,0,true,false,false,false,-1.0008888888888894,-1.1304052124054333,EXPERIMENT_ONLY
2025-06-03,20:00,test,2025,2025,16,16.54326416270659,0.5432641627065884,16,17,false,2025,2025-06,macro_non_southerly,15.922444444444444,0.0775555555555556,16,true,-0.4657086071510328,-0.620819718262144,1,true,false,false,true,-0.0775555555555556,0.5432641627065884,EXPERIMENT_ONLY
2025-06-03,21:00,test,2025,2025,16,16.709209758763095,0.7092097587630946,16,17,false,2025,2025-06,macro_non_southerly,15.922444444444444,0.0775555555555556,16,true,-0.631654203207539,-0.7867653143186502,1,true,false,false,true,-0.0775555555555556,0.7092097587630946,EXPERIMENT_ONLY
2025-06-03,22:00,test,2025,2025,16,16.515999714836397,0.5159997148363971,16,17,false,2025,2025-06,macro_non_southerly,15.922444444444444,0.0775555555555556,16,true,-0.43844415928084146,-0.5935552703919527,1,true,false,false,true,-0.0775555555555556,0.5159997148363971,EXPERIMENT_ONLY
2025-06-03,23:00,test,2025,2025,16,16.71444794653843,0.7144479465384315,16,17,false,2025,2025-06,macro_non_southerly,15.922444444444444,0.0775555555555556,16,true,-0.6368923909828759,-0.7920035020939871,1,true,false,false,true,-0.0775555555555556,0.7144479465384315,EXPERIMENT_ONLY
2025-06-04,20:00,test,2025,2025,18,17.089919770063503,0.9100802299364972,18,17,false,2025,2025-06,macro_non_southerly,17.833555555555556,0.16644444444444417,18,true,-0.743635785492053,0.743635785492053,1,true,false,false,true,-0.16644444444444417,-0.9100802299364972,EXPERIMENT_ONLY
2025-06-04,21:00,test,2025,2025,18,16.678343296335164,1.3216567036648357,18,17,false,2025,2025-06,macro_non_southerly,17.833555555555556,0.16644444444444417,18,true,-1.1552122592203915,1.1552122592203915,1,true,false,false,true,-0.16644444444444417,-1.3216567036648357,EXPERIMENT_ONLY
2025-06-04,22:00,test,2025,2025,18,15.963494475849926,2.0365055241500745,18,16,false,2025,2025-06,macro_non_southerly,17.833555555555556,0.16644444444444417,18,true,-1.8700610797056303,1.8700610797056303,1,true,false,false,true,-0.16644444444444417,-2.0365055241500745,EXPERIMENT_ONLY
2025-06-04,23:00,test,2025,2025,18,16.075540524245778,1.9244594757542224,18,16,false,2025,2025-06,macro_non_southerly,17.833555555555556,0.16644444444444417,18,true,-1.7580150313097782,1.7580150313097782,1,true,false,false,true,-0.16644444444444417,-1.9244594757542224,EXPERIMENT_ONLY
2025-06-05,20:00,test,2025,2025,18,17.973182699492533,0.026817300507467223,18,18,true,2025,2025-06,macro_non_southerly,17.78622222222222,0.2137777777777785,18,true,0.1869604772703113,-0.1869604772703113,0,false,true,false,false,-0.2137777777777785,-0.026817300507467223,EXPERIMENT_ONLY
2025-06-05,21:00,test,2025,2025,18,17.451920080869776,0.5480799191302239,18,17,false,2025,2025-06,macro_southerly_flow,17.78622222222222,0.2137777777777785,18,true,-0.3343021413524454,0.3343021413524454,1,true,false,false,true,-0.2137777777777785,-0.5480799191302239,EXPERIMENT_ONLY
2025-06-05,22:00,test,2025,2025,18,15.795336830132443,2.2046631698675565,18,16,false,2025,2025-06,macro_southerly_flow,17.78622222222222,0.2137777777777785,18,true,-1.990885392089778,1.990885392089778,1,true,false,false,true,-0.2137777777777785,-2.2046631698675565,EXPERIMENT_ONLY
2025-06-05,23:00,test,2025,2025,18,15.271723090721528,2.728276909278472,18,15,false,2025,2025-06,macro_non_southerly,17.78622222222222,0.2137777777777785,18,true,-2.5144991315006937,2.5144991315006937,1,true,false,false,true,-0.2137777777777785,-2.728276909278472,EXPERIMENT_ONLY
2025-06-06,20:00,test,2025,2025,12,13.798360594629454,1.7983605946294539,12,14,false,2025,2025-06,macro_non_southerly,12.675333333333334,0.6753333333333345,13,false,-1.1230272612961194,-1.1230272612961194,0,true,false,false,false,0.6753333333333345,1.7983605946294539,EXPERIMENT_ONLY
2025-06-06,21:00,test,2025,2025,12,13.698862374639306,1.6988623746393063,12,14,false,2025,2025-06,macro_non_southerly,12.675333333333334,0.6753333333333345,13,false,-1.0235290413059719,-1.0235290413059719,0,true,false,false,false,0.6753333333333345,1.6988623746393063,EXPERIMENT_ONLY
2025-06-06,22:00,test,2025,2025,12,13.400026523015812,1.4000265230158124,12,13,false,2025,2025-06,macro_non_southerly,12.675333333333334,0.6753333333333345,13,false,-0.724693189682478,-0.724693189682478,0,true,false,false,false,0.6753333333333345,1.4000265230158124,EXPERIMENT_ONLY
2025-06-06,23:00,test,2025,2025,12,13.175289364997418,1.1752893649974183,12,13,false,2025,2025-06,macro_non_southerly,12.675333333333334,0.6753333333333345,13,false,-0.49995603166408387,-0.49995603166408387,0,true,false,false,false,0.6753333333333345,1.1752893649974183,EXPERIMENT_ONLY
2025-06-07,20:00,test,2025,2025,11,9.334805584542003,1.6651944154579965,11,9,false,2025,2025-06,macro_southerly_flow,10.987555555555556,0.012444444444444258,11,true,-1.6527499710135523,1.6527499710135523,1,true,false,false,true,-0.012444444444444258,-1.6651944154579965,EXPERIMENT_ONLY
2025-06-07,21:00,test,2025,2025,11,9.220977880721176,1.7790221192788245,11,9,false,2025,2025-06,macro_southerly_flow,10.987555555555556,0.012444444444444258,11,true,-1.7665776748343802,1.7665776748343802,1,true,false,false,true,-0.012444444444444258,-1.7790221192788245,EXPERIMENT_ONLY
2025-06-07,22:00,test,2025,2025,11,8.604854637965499,2.3951453620345013,11,9,false,2025,2025-06,macro_southerly_flow,10.987555555555556,0.012444444444444258,11,true,-2.382700917590057,2.382700917590057,1,true,false,false,true,-0.012444444444444258,-2.3951453620345013,EXPERIMENT_ONLY
2025-06-07,23:00,test,2025,2025,11,8.77724409303114,2.2227559069688603,11,9,false,2025,2025-06,macro_southerly_flow,10.987555555555556,0.012444444444444258,11,true,-2.210311462524416,2.210311462524416,1,true,false,false,true,-0.012444444444444258,-2.2227559069688603,EXPERIMENT_ONLY
2025-06-08,20:00,test,2025,2025,11,11.472880668839272,0.47288066883927193,11,11,true,2025,2025-06,macro_non_southerly,10.924666666666667,0.07533333333333303,11,true,-0.3975473355059389,-0.548214002172605,0,true,false,false,false,-0.07533333333333303,0.47288066883927193,EXPERIMENT_ONLY
2025-06-08,21:00,test,2025,2025,11,11.906096050651453,0.9060960506514526,11,12,false,2025,2025-06,macro_non_southerly,10.924666666666667,0.07533333333333303,11,true,-0.8307627173181196,-0.9814293839847856,1,true,false,false,true,-0.07533333333333303,0.9060960506514526,EXPERIMENT_ONLY
2025-06-08,22:00,test,2025,2025,11,11.822936662901304,0.822936662901304,11,12,false,2025,2025-06,macro_non_southerly,10.924666666666667,0.07533333333333303,11,true,-0.7476033295679709,-0.898269996234637,1,true,false,false,true,-0.07533333333333303,0.822936662901304,EXPERIMENT_ONLY
2025-06-08,23:00,test,2025,2025,11,12.096118437844778,1.096118437844778,11,12,false,2025,2025-06,macro_non_southerly,10.924666666666667,0.07533333333333303,11,true,-1.0207851045114449,-1.171451771178111,1,true,false,false,true,-0.07533333333333303,1.096118437844778,EXPERIMENT_ONLY
2025-06-09,20:00,test,2025,2025,11,11.163350605575786,0.1633506055757863,11,11,true,2025,2025-06,macro_non_southerly,12.205333333333332,1.205333333333332,12,false,1.0419827277575457,1.0419827277575457,-1,false,true,true,false,1.205333333333332,0.1633506055757863,EXPERIMENT_ONLY
2025-06-09,21:00,test,2025,2025,11,11.43206501326463,0.43206501326463,11,11,true,2025,2025-06,macro_non_southerly,12.205333333333332,1.205333333333332,12,false,0.773268320068702,0.773268320068702,-1,false,true,true,false,1.205333333333332,0.43206501326463,EXPERIMENT_ONLY
2025-06-09,22:00,test,2025,2025,11,11.04755896076435,0.04755896076435029,11,11,true,2025,2025-06,macro_non_southerly,12.205333333333332,1.205333333333332,12,false,1.1577743725689817,1.1577743725689817,-1,false,true,true,false,1.205333333333332,0.04755896076435029,EXPERIMENT_ONLY
2025-06-09,23:00,test,2025,2025,11,11.18930823557511,0.18930823557511012,11,11,true,2025,2025-06,macro_non_southerly,12.205333333333332,1.205333333333332,12,false,1.016025097758222,1.016025097758222,-1,false,true,true,false,1.205333333333332,0.18930823557511012,EXPERIMENT_ONLY
2025-06-10,20:00,test,2025,2025,11,11.57132035950006,0.57132035950006,11,12,false,2025,2025-06,macro_southerly_flow,12.613777777777777,1.613777777777777,13,false,1.042457418277717,1.042457418277717,0,false,true,false,false,1.613777777777777,0.57132035950006,EXPERIMENT_ONLY
2025-06-10,21:00,test,2025,2025,11,11.496922566349017,0.4969225663490171,11,11,true,2025,2025-06,macro_southerly_flow,12.613777777777777,1.613777777777777,13,false,1.11685521142876,1.11685521142876,-1,false,true,true,false,1.613777777777777,0.4969225663490171,EXPERIMENT_ONLY
2025-06-10,22:00,test,2025,2025,11,11.56954517832352,0.5695451783235193,11,12,false,2025,2025-06,macro_southerly_flow,12.613777777777777,1.613777777777777,13,false,1.0442325994542578,1.0442325994542578,0,false,true,false,false,1.613777777777777,0.5695451783235193,EXPERIMENT_ONLY
2025-06-10,23:00,test,2025,2025,11,11.705322131029273,0.7053221310292734,11,12,false,2025,2025-06,macro_southerly_flow,12.613777777777777,1.613777777777777,13,false,0.9084556467485037,0.9084556467485037,0,false,true,false,false,1.613777777777777,0.7053221310292734,EXPERIMENT_ONLY
2025-06-11,20:00,test,2025,2025,16,14.835281130344624,1.1647188696553759,16,15,false,2025,2025-06,macro_non_southerly,15.81088888888889,0.18911111111111012,16,true,-0.9756077585442657,0.9756077585442657,1,true,false,false,true,-0.18911111111111012,-1.1647188696553759,EXPERIMENT_ONLY
2025-06-11,21:00,test,2025,2025,16,15.025471796679778,0.9745282033202223,16,15,false,2025,2025-06,macro_non_southerly,15.81088888888889,0.18911111111111012,16,true,-0.7854170922091122,0.7854170922091122,1,true,false,false,true,-0.18911111111111012,-0.9745282033202223,EXPERIMENT_ONLY
2025-06-11,22:00,test,2025,2025,16,15.204192421545372,0.7958075784546281,16,15,false,2025,2025-06,macro_non_southerly,15.81088888888889,0.18911111111111012,16,true,-0.606696467343518,0.606696467343518,1,true,false,false,true,-0.18911111111111012,-0.7958075784546281,EXPERIMENT_ONLY
2025-06-11,23:00,test,2025,2025,16,15.509532618130164,0.49046738186983596,16,16,true,2025,2025-06,macro_non_southerly,15.81088888888889,0.18911111111111012,16,true,-0.30135627075872584,0.30135627075872584,0,true,false,false,false,-0.18911111111111012,-0.49046738186983596,EXPERIMENT_ONLY
2025-06-12,20:00,test,2025,2025,15,14.284716156419346,0.7152838435806537,15,14,false,2025,2025-06,macro_southerly_flow,14.873777777777779,0.12622222222222135,15,true,-0.5890616213584323,0.5890616213584323,1,true,false,false,true,-0.12622222222222135,-0.7152838435806537,EXPERIMENT_ONLY
2025-06-12,21:00,test,2025,2025,15,14.28634148006961,0.7136585199303909,15,14,false,2025,2025-06,macro_southerly_flow,14.873777777777779,0.12622222222222135,15,true,-0.5874362977081695,0.5874362977081695,1,true,false,false,true,-0.12622222222222135,-0.7136585199303909,EXPERIMENT_ONLY
2025-06-12,22:00,test,2025,2025,15,13.749203913518404,1.2507960864815963,15,14,false,2025,2025-06,macro_southerly_flow,14.873777777777779,0.12622222222222135,15,true,-1.124573864259375,1.124573864259375,1,true,false,false,true,-0.12622222222222135,-1.2507960864815963,EXPERIMENT_ONLY
2025-06-12,23:00,test,2025,2025,15,13.8047134674611,1.1952865325388995,15,14,false,2025,2025-06,macro_southerly_flow,14.873777777777779,0.12622222222222135,15,true,-1.0690643103166781,1.0690643103166781,1,true,false,false,true,-0.12622222222222135,-1.1952865325388995,EXPERIMENT_ONLY
2025-06-13,20:00,test,2025,2025,13,13.653240275847114,0.6532402758471143,13,14,false,2025,2025-06,macro_non_southerly,13.274666666666667,0.2746666666666666,13,true,-0.3785736091804477,-0.3785736091804477,1,true,false,false,true,0.2746666666666666,0.6532402758471143,EXPERIMENT_ONLY
2025-06-13,21:00,test,2025,2025,13,13.643490990900103,0.6434909909001032,13,14,false,2025,2025-06,macro_non_southerly,13.274666666666667,0.2746666666666666,13,true,-0.3688243242334366,-0.3688243242334366,1,true,false,false,true,0.2746666666666666,0.6434909909001032,EXPERIMENT_ONLY
2025-06-13,22:00,test,2025,2025,13,13.058253208997934,0.05825320899793418,13,13,true,2025,2025-06,macro_non_southerly,13.274666666666667,0.2746666666666666,13,true,0.21641345766873243,0.21641345766873243,0,false,true,false,false,0.2746666666666666,0.05825320899793418,EXPERIMENT_ONLY
2025-06-13,23:00,test,2025,2025,13,13.094536684240287,0.09453668424028727,13,13,true,2025,2025-06,macro_non_southerly,13.274666666666667,0.2746666666666666,13,true,0.18012998242637934,0.18012998242637934,0,false,true,false,false,0.2746666666666666,0.09453668424028727,EXPERIMENT_ONLY
2025-06-14,20:00,test,2025,2025,11,11.48221450753446,0.4822145075344597,11,11,true,2025,2025-06,macro_southerly_flow,12.094444444444445,1.094444444444445,12,false,0.6122299369099853,0.6122299369099853,-1,false,true,true,false,1.094444444444445,0.4822145075344597,EXPERIMENT_ONLY
2025-06-14,21:00,test,2025,2025,11,11.644395773010633,0.6443957730106327,11,12,false,2025,2025-06,macro_southerly_flow,12.094444444444445,1.094444444444445,12,false,0.45004867143381233,0.45004867143381233,0,false,true,false,false,1.094444444444445,0.6443957730106327,EXPERIMENT_ONLY
2025-06-14,22:00,test,2025,2025,11,11.295068808883443,0.29506880888344256,11,11,true,2025,2025-06,macro_southerly_flow,12.094444444444445,1.094444444444445,12,false,0.7993756355610024,0.7993756355610024,-1,false,true,true,false,1.094444444444445,0.29506880888344256,EXPERIMENT_ONLY
2025-06-14,23:00,test,2025,2025,11,11.499970281444144,0.4999702814441438,11,11,true,2025,2025-06,macro_southerly_flow,12.094444444444445,1.094444444444445,12,false,0.5944741630003012,0.5944741630003012,-1,false,true,true,false,1.094444444444445,0.4999702814441438,EXPERIMENT_ONLY
2025-06-15,20:00,test,2025,2025,12,12.022690767625814,0.022690767625814345,12,12,true,2025,2025-06,macro_non_southerly,12.579999999999998,0.5799999999999983,13,false,0.557309232374184,0.557309232374184,-1,false,true,true,false,0.5799999999999983,0.022690767625814345,EXPERIMENT_ONLY
2025-06-15,21:00,test,2025,2025,12,12.419370898166804,0.41937089816680384,12,12,true,2025,2025-06,macro_non_southerly,12.579999999999998,0.5799999999999983,13,false,0.16062910183319445,0.16062910183319445,-1,false,true,true,false,0.5799999999999983,0.41937089816680384,EXPERIMENT_ONLY
2025-06-15,22:00,test,2025,2025,12,12.790000241403575,0.7900002414035754,12,13,false,2025,2025-06,macro_non_southerly,12.579999999999998,0.5799999999999983,13,false,-0.2100002414035771,-0.2100002414035771,0,true,false,false,false,0.5799999999999983,0.7900002414035754,EXPERIMENT_ONLY
2025-06-15,23:00,test,2025,2025,12,13.19456132084289,1.1945613208428902,12,13,false,2025,2025-06,macro_non_southerly,12.579999999999998,0.5799999999999983,13,false,-0.614561320842892,-0.614561320842892,0,true,false,false,false,0.5799999999999983,1.1945613208428902,EXPERIMENT_ONLY
2025-06-16,20:00,test,2025,2025,12,11.422058001004899,0.5779419989951009,12,11,false,2025,2025-06,macro_southerly_flow,12.255777777777777,0.25577777777777655,12,true,-0.32216422121732435,0.8337197767728775,1,true,false,false,true,0.25577777777777655,-0.5779419989951009,EXPERIMENT_ONLY
2025-06-16,21:00,test,2025,2025,12,11.445866274205834,0.5541337257941663,12,11,false,2025,2025-06,macro_southerly_flow,12.255777777777777,0.25577777777777655,12,true,-0.29835594801638976,0.8099115035719429,1,true,false,false,true,0.25577777777777655,-0.5541337257941663,EXPERIMENT_ONLY
2025-06-16,22:00,test,2025,2025,12,11.16472476753852,0.8352752324614805,12,11,false,2025,2025-06,macro_southerly_flow,12.255777777777777,0.25577777777777655,12,true,-0.579497454683704,1.091053010239257,1,true,false,false,true,0.25577777777777655,-0.8352752324614805,EXPERIMENT_ONLY
2025-06-16,23:00,test,2025,2025,12,11.26630126780488,0.7336987321951192,12,11,false,2025,2025-06,macro_southerly_flow,12.255777777777777,0.25577777777777655,12,true,-0.4779209544173426,0.9894765099728957,1,true,false,false,true,0.25577777777777655,-0.7336987321951192,EXPERIMENT_ONLY
2025-06-17,20:00,test,2025,2025,12,12.703257013645917,0.7032570136459171,12,13,false,2025,2025-06,macro_non_southerly,12.94888888888889,0.9488888888888898,13,false,0.2456318752429727,0.2456318752429727,0,false,true,false,false,0.9488888888888898,0.7032570136459171,EXPERIMENT_ONLY
2025-06-17,21:00,test,2025,2025,12,12.969602625367846,0.9696026253678465,12,13,false,2025,2025-06,macro_non_southerly,12.94888888888889,0.9488888888888898,13,false,-0.02071373647895669,-0.02071373647895669,0,true,false,false,false,0.9488888888888898,0.9696026253678465,EXPERIMENT_ONLY
2025-06-17,22:00,test,2025,2025,12,12.729212043802798,0.7292120438027982,12,13,false,2025,2025-06,macro_non_southerly,12.94888888888889,0.9488888888888898,13,false,0.21967684508609153,0.21967684508609153,0,false,true,false,false,0.9488888888888898,0.7292120438027982,EXPERIMENT_ONLY
2025-06-17,23:00,test,2025,2025,12,12.96976768426714,0.9697676842671399,12,13,false,2025,2025-06,macro_non_southerly,12.94888888888889,0.9488888888888898,13,false,-0.020878795378250103,-0.020878795378250103,0,true,false,false,false,0.9488888888888898,0.9697676842671399,EXPERIMENT_ONLY
2025-06-18,20:00,test,2025,2025,13,14.099909857996755,1.0999098579967548,13,14,false,2025,2025-06,macro_non_southerly,12.835777777777778,0.1642222222222216,13,true,-0.9356876357745332,-1.2641320802189764,1,true,false,false,true,-0.1642222222222216,1.0999098579967548,EXPERIMENT_ONLY
2025-06-18,21:00,test,2025,2025,13,13.957685468718806,0.9576854687188057,13,14,false,2025,2025-06,macro_non_southerly,12.835777777777778,0.1642222222222216,13,true,-0.7934632464965841,-1.1219076909410273,1,true,false,false,true,-0.1642222222222216,0.9576854687188057,EXPERIMENT_ONLY
2025-06-18,22:00,test,2025,2025,13,13.9140383096549,0.9140383096549005,13,14,false,2025,2025-06,macro_non_southerly,12.835777777777778,0.1642222222222216,13,true,-0.7498160874326789,-1.0782605318771221,1,true,false,false,true,-0.1642222222222216,0.9140383096549005,EXPERIMENT_ONLY
2025-06-18,23:00,test,2025,2025,13,13.80015126459102,0.8001512645910207,13,14,false,2025,2025-06,macro_non_southerly,12.835777777777778,0.1642222222222216,13,true,-0.6359290423687991,-0.9643734868132423,1,true,false,false,true,-0.1642222222222216,0.8001512645910207,EXPERIMENT_ONLY
2025-06-19,20:00,test,2025,2025,15,14.786954041802904,0.21304595819709604,15,15,true,2025,2025-06,macro_non_southerly,14.858666666666666,0.14133333333333375,15,true,-0.07171262486376229,0.07171262486376229,0,true,false,false,false,-0.14133333333333375,-0.21304595819709604,EXPERIMENT_ONLY
2025-06-19,21:00,test,2025,2025,15,14.817022895070378,0.1829771049296216,15,15,true,2025,2025-06,macro_non_southerly,14.858666666666666,0.14133333333333375,15,true,-0.04164377159628785,0.04164377159628785,0,true,false,false,false,-0.14133333333333375,-0.1829771049296216,EXPERIMENT_ONLY
2025-06-19,22:00,test,2025,2025,15,14.468325201131021,0.5316747988689787,15,14,false,2025,2025-06,macro_non_southerly,14.858666666666666,0.14133333333333375,15,true,-0.39034146553564497,0.39034146553564497,1,true,false,false,true,-0.14133333333333375,-0.5316747988689787,EXPERIMENT_ONLY
2025-06-19,23:00,test,2025,2025,15,14.540647650373563,0.4593523496264371,15,15,true,2025,2025-06,macro_non_southerly,14.858666666666666,0.14133333333333375,15,true,-0.31801901629310336,0.31801901629310336,0,true,false,false,false,-0.14133333333333375,-0.4593523496264371,EXPERIMENT_ONLY
2025-06-20,20:00,test,2025,2025,15,15.803223476691645,0.8032234766916453,15,16,false,2025,2025-06,macro_non_southerly,14.751555555555555,0.2484444444444449,15,true,-0.5547790322472004,-1.0516679211360902,1,true,false,false,true,-0.2484444444444449,0.8032234766916453,EXPERIMENT_ONLY
2025-06-20,21:00,test,2025,2025,15,15.79820182108461,0.7982018210846107,15,16,false,2025,2025-06,macro_non_southerly,14.751555555555555,0.2484444444444449,15,true,-0.5497573766401658,-1.0466462655290556,1,true,false,false,true,-0.2484444444444449,0.7982018210846107,EXPERIMENT_ONLY
2025-06-20,22:00,test,2025,2025,15,15.407889221733017,0.4078892217330168,15,15,true,2025,2025-06,macro_non_southerly,14.751555555555555,0.2484444444444449,15,true,-0.15944477728857187,-0.6563336661774617,0,true,false,false,false,-0.2484444444444449,0.4078892217330168,EXPERIMENT_ONLY
2025-06-20,23:00,test,2025,2025,15,15.578718575878463,0.5787185758784634,15,16,false,2025,2025-06,macro_non_southerly,14.751555555555555,0.2484444444444449,15,true,-0.3302741314340185,-0.8271630203229083,1,true,false,false,true,-0.2484444444444449,0.5787185758784634,EXPERIMENT_ONLY
2025-06-21,20:00,test,2025,2025,12,12.332597557881353,0.33259755788135337,12,12,true,2025,2025-06,macro_southerly_flow,12.724666666666666,0.7246666666666659,13,false,0.39206910878531254,0.39206910878531254,-1,false,true,true,false,0.7246666666666659,0.33259755788135337,EXPERIMENT_ONLY
2025-06-21,21:00,test,2025,2025,12,12.184972534774381,0.18497253477438136,12,12,true,2025,2025-06,macro_southerly_flow,12.724666666666666,0.7246666666666659,13,false,0.5396941318922845,0.5396941318922845,-1,false,true,true,false,0.7246666666666659,0.18497253477438136,EXPERIMENT_ONLY
2025-06-21,22:00,test,2025,2025,12,11.51764662897235,0.4823533710276493,12,12,true,2025,2025-06,macro_southerly_flow,12.724666666666666,0.7246666666666659,13,false,0.2423132956390166,1.2070200376943152,-1,false,true,true,false,0.7246666666666659,-0.4823533710276493,EXPERIMENT_ONLY
2025-06-21,23:00,test,2025,2025,12,11.690639096518114,0.3093609034818865,12,12,true,2025,2025-06,macro_southerly_flow,12.724666666666666,0.7246666666666659,13,false,0.4153057631847794,1.0340275701485524,-1,false,true,true,false,0.7246666666666659,-0.3093609034818865,EXPERIMENT_ONLY
2025-06-22,20:00,test,2025,2025,13,11.746993018275324,1.2530069817246758,13,12,false,2025,2025-06,macro_southerly_flow,13.964888888888888,0.964888888888888,14,false,-0.2881180928357878,2.217895870613564,0,true,false,false,false,0.964888888888888,-1.2530069817246758,EXPERIMENT_ONLY
2025-06-22,21:00,test,2025,2025,13,11.719592000672794,1.2804079993272062,13,12,false,2025,2025-06,macro_southerly_flow,13.964888888888888,0.964888888888888,14,false,-0.31551911043831815,2.245296888216094,0,true,false,false,false,0.964888888888888,-1.2804079993272062,EXPERIMENT_ONLY
2025-06-22,22:00,test,2025,2025,13,11.427916889215572,1.572083110784428,13,11,false,2025,2025-06,macro_southerly_flow,13.964888888888888,0.964888888888888,14,false,-0.60719422189554,2.536971999673316,0,true,false,false,false,0.964888888888888,-1.572083110784428,EXPERIMENT_ONLY
2025-06-22,23:00,test,2025,2025,13,11.977432504295502,1.0225674957044983,13,12,false,2025,2025-06,macro_southerly_flow,13.964888888888888,0.964888888888888,14,false,-0.05767860681561032,1.9874563845933864,0,true,false,false,false,0.964888888888888,-1.0225674957044983,EXPERIMENT_ONLY
2025-06-23,20:00,test,2025,2025,13,13.21390627270522,0.2139062727052199,13,13,true,2025,2025-06,macro_southerly_flow,13.549777777777779,0.5497777777777788,14,false,0.3358715050725589,0.3358715050725589,-1,false,true,true,false,0.5497777777777788,0.2139062727052199,EXPERIMENT_ONLY
2025-06-23,21:00,test,2025,2025,13,13.103607513927926,0.10360751392792622,13,13,true,2025,2025-06,macro_southerly_flow,13.549777777777779,0.5497777777777788,14,false,0.4461702638498526,0.4461702638498526,-1,false,true,true,false,0.5497777777777788,0.10360751392792622,EXPERIMENT_ONLY
2025-06-23,22:00,test,2025,2025,13,12.556950238715398,0.44304976128460183,13,13,true,2025,2025-06,macro_southerly_flow,13.549777777777779,0.5497777777777788,14,false,0.10672801649317698,0.9928275390623806,-1,false,true,true,false,0.5497777777777788,-0.44304976128460183,EXPERIMENT_ONLY
2025-06-23,23:00,test,2025,2025,13,12.795863522476388,0.20413647752361186,13,13,true,2025,2025-06,macro_southerly_flow,13.549777777777779,0.5497777777777788,14,false,0.34564130025416695,0.7539142553013907,-1,false,true,true,false,0.5497777777777788,-0.20413647752361186,EXPERIMENT_ONLY
2025-06-24,20:00,test,2025,2025,14,14.182999930527975,0.18299993052797525,14,14,true,2025,2025-06,macro_non_southerly,14.374,0.37400000000000055,14,true,0.1910000694720253,0.1910000694720253,0,false,true,false,false,0.37400000000000055,0.18299993052797525,EXPERIMENT_ONLY
2025-06-24,21:00,test,2025,2025,14,14.44163197785258,0.44163197785258035,14,14,true,2025,2025-06,macro_non_southerly,14.374,0.37400000000000055,14,true,-0.0676319778525798,-0.0676319778525798,0,true,false,false,false,0.37400000000000055,0.44163197785258035,EXPERIMENT_ONLY
2025-06-24,22:00,test,2025,2025,14,14.969514165092946,0.9695141650929457,14,15,false,2025,2025-06,macro_non_southerly,14.374,0.37400000000000055,14,true,-0.5955141650929452,-0.5955141650929452,1,true,false,false,true,0.37400000000000055,0.9695141650929457,EXPERIMENT_ONLY
2025-06-24,23:00,test,2025,2025,14,15.203433220517693,1.2034332205176934,14,15,false,2025,2025-06,macro_non_southerly,14.374,0.37400000000000055,14,true,-0.8294332205176929,-0.8294332205176929,1,true,false,false,true,0.37400000000000055,1.2034332205176934,EXPERIMENT_ONLY
2025-06-25,20:00,test,2025,2025,15,15.706058854271351,0.7060588542713511,15,16,false,2025,2025-06,macro_non_southerly,14.911777777777779,0.08822222222222109,15,true,-0.61783663204913,-0.7942810764935722,1,true,false,false,true,-0.08822222222222109,0.7060588542713511,EXPERIMENT_ONLY
2025-06-25,21:00,test,2025,2025,15,15.704269297379927,0.7042692973799269,15,16,false,2025,2025-06,macro_non_southerly,14.911777777777779,0.08822222222222109,15,true,-0.6160470751577058,-0.792491519602148,1,true,false,false,true,-0.08822222222222109,0.7042692973799269,EXPERIMENT_ONLY
2025-06-25,22:00,test,2025,2025,15,15.113053764643425,0.11305376464342487,15,15,true,2025,2025-06,macro_non_southerly,14.911777777777779,0.08822222222222109,15,true,-0.02483154242120378,-0.20127598686564596,0,true,false,false,false,-0.08822222222222109,0.11305376464342487,EXPERIMENT_ONLY
2025-06-25,23:00,test,2025,2025,15,15.222962915863935,0.2229629158639348,15,15,true,2025,2025-06,macro_non_southerly,14.911777777777779,0.08822222222222109,15,true,-0.1347406936417137,-0.3111851380861559,0,true,false,false,false,-0.08822222222222109,0.2229629158639348,EXPERIMENT_ONLY
2025-06-26,20:00,test,2025,2025,17,16.45936000253886,0.5406399974611418,17,16,false,2025,2025-06,macro_non_southerly,16.697111111111113,0.3028888888888872,17,true,-0.23775110857225457,0.23775110857225457,1,true,false,false,true,-0.3028888888888872,-0.5406399974611418,EXPERIMENT_ONLY
2025-06-26,21:00,test,2025,2025,17,16.513022042841857,0.4869779571581425,17,17,true,2025,2025-06,macro_non_southerly,16.697111111111113,0.3028888888888872,17,true,-0.1840890682692553,0.1840890682692553,0,true,false,false,false,-0.3028888888888872,-0.4869779571581425,EXPERIMENT_ONLY
2025-06-26,22:00,test,2025,2025,17,16.398447404581464,0.6015525954185357,17,16,false,2025,2025-06,macro_non_southerly,16.697111111111113,0.3028888888888872,17,true,-0.29866370652964846,0.29866370652964846,1,true,false,false,true,-0.3028888888888872,-0.6015525954185357,EXPERIMENT_ONLY
2025-06-26,23:00,test,2025,2025,17,16.462051707262564,0.5379482927374362,17,16,false,2025,2025-06,macro_non_southerly,16.697111111111113,0.3028888888888872,17,true,-0.23505940384854895,0.23505940384854895,1,true,false,false,true,-0.3028888888888872,-0.5379482927374362,EXPERIMENT_ONLY
2025-06-27,20:00,test,2025,2025,17,17.982559962609283,0.9825599626092831,17,18,false,2025,2025-06,macro_non_southerly,16.049111111111113,0.9508888888888869,16,false,-0.03167107372039624,-1.93344885149817,0,true,false,false,false,-0.9508888888888869,0.9825599626092831,EXPERIMENT_ONLY
2025-06-27,21:00,test,2025,2025,17,17.81421750164629,0.81421750164629,17,18,false,2025,2025-06,macro_non_southerly,16.049111111111113,0.9508888888888869,16,false,0.13667138724259686,-1.765106390535177,0,false,true,false,false,-0.9508888888888869,0.81421750164629,EXPERIMENT_ONLY
2025-06-27,22:00,test,2025,2025,17,17.01911414433827,0.01911414433827119,17,17,true,2025,2025-06,macro_non_southerly,16.049111111111113,0.9508888888888869,16,false,0.9317747445506157,-0.9700030332271581,-1,false,true,true,false,-0.9508888888888869,0.01911414433827119,EXPERIMENT_ONLY
2025-06-27,23:00,test,2025,2025,17,17.097424222956914,0.09742422295691355,17,17,true,2025,2025-06,macro_non_southerly,16.049111111111113,0.9508888888888869,16,false,0.8534646659319733,-1.0483131118458004,-1,false,true,true,false,-0.9508888888888869,0.09742422295691355,EXPERIMENT_ONLY
2025-06-28,20:00,test,2025,2025,13,15.379542316073099,2.379542316073099,13,15,false,2025,2025-06,macro_non_southerly,14.314222222222224,1.3142222222222237,14,false,-1.0653200938508753,-1.0653200938508753,0,true,false,false,false,1.3142222222222237,2.379542316073099,EXPERIMENT_ONLY
2025-06-28,21:00,test,2025,2025,13,15.372839666042745,2.3728396660427453,13,15,false,2025,2025-06,macro_non_southerly,14.314222222222224,1.3142222222222237,14,false,-1.0586174438205216,-1.0586174438205216,0,true,false,false,false,1.3142222222222237,2.3728396660427453,EXPERIMENT_ONLY
2025-06-28,22:00,test,2025,2025,13,14.920489217934588,1.9204892179345876,13,15,false,2025,2025-06,macro_non_southerly,14.314222222222224,1.3142222222222237,14,false,-0.6062669957123639,-0.6062669957123639,0,true,false,false,false,1.3142222222222237,1.9204892179345876,EXPERIMENT_ONLY
2025-06-28,23:00,test,2025,2025,13,14.794137221931834,1.794137221931834,13,15,false,2025,2025-06,macro_non_southerly,14.314222222222224,1.3142222222222237,14,false,-0.47991499970961016,-0.47991499970961016,0,true,false,false,false,1.3142222222222237,1.794137221931834,EXPERIMENT_ONLY
2025-06-29,20:00,test,2025,2025,13,11.961746247253592,1.0382537527464084,13,12,false,2025,2025-06,macro_southerly_flow,12.366222222222223,0.6337777777777767,12,false,-0.40447597496863175,0.40447597496863175,0,true,false,false,false,-0.6337777777777767,-1.0382537527464084,EXPERIMENT_ONLY
2025-06-29,21:00,test,2025,2025,13,11.886427185035695,1.1135728149643054,13,12,false,2025,2025-06,macro_southerly_flow,12.366222222222223,0.6337777777777767,12,false,-0.4797950371865287,0.4797950371865287,0,true,false,false,false,-0.6337777777777767,-1.1135728149643054,EXPERIMENT_ONLY
2025-06-29,22:00,test,2025,2025,13,11.648766141650272,1.3512338583497279,13,12,false,2025,2025-06,macro_southerly_flow,12.366222222222223,0.6337777777777767,12,false,-0.7174560805719512,0.7174560805719512,0,true,false,false,false,-0.6337777777777767,-1.3512338583497279,EXPERIMENT_ONLY
2025-06-29,23:00,test,2025,2025,13,11.75359890930929,1.2464010906907106,13,12,false,2025,2025-06,macro_southerly_flow,12.366222222222223,0.6337777777777767,12,false,-0.6126233129129339,0.6126233129129339,0,true,false,false,false,-0.6337777777777767,-1.2464010906907106,EXPERIMENT_ONLY
2025-06-30,20:00,test,2025,2025,16,13.6111165013197,2.3888834986803005,16,14,false,2025,2025-06,macro_non_southerly,14.360444444444445,1.639555555555555,14,false,-0.7493279431247455,0.7493279431247455,0,true,false,false,false,-1.639555555555555,-2.3888834986803005,EXPERIMENT_ONLY
2025-06-30,21:00,test,2025,2025,16,14.014137941163163,1.9858620588368368,16,14,false,2025,2025-06,macro_non_southerly,14.360444444444445,1.639555555555555,14,false,-0.34630650328128176,0.34630650328128176,0,true,false,false,false,-1.639555555555555,-1.9858620588368368,EXPERIMENT_ONLY
2025-06-30,22:00,test,2025,2025,16,14.061370124379286,1.9386298756207143,16,14,false,2025,2025-06,macro_non_southerly,14.360444444444445,1.639555555555555,14,false,-0.2990743200651593,0.2990743200651593,0,true,false,false,false,-1.639555555555555,-1.9386298756207143,EXPERIMENT_ONLY
2025-06-30,23:00,test,2025,2025,16,14.533705301044488,1.4662946989555117,16,15,false,2025,2025-06,macro_non_southerly,14.360444444444445,1.639555555555555,14,false,0.1732608566000433,-0.1732608566000433,0,false,true,false,false,-1.639555555555555,-1.4662946989555117,EXPERIMENT_ONLY
2025-07-01,20:00,test,2025,2025,12,13.11972390321299,1.1197239032129893,12,13,false,2025,2025-07,macro_non_southerly,12.568666666666667,0.5686666666666671,13,false,-0.5510572365463222,-0.5510572365463222,0,true,false,false,false,0.5686666666666671,1.1197239032129893,EXPERIMENT_ONLY
2025-07-01,21:00,test,2025,2025,12,13.417942338941156,1.417942338941156,12,13,false,2025,2025-07,macro_non_southerly,12.568666666666667,0.5686666666666671,13,false,-0.849275672274489,-0.849275672274489,0,true,false,false,false,0.5686666666666671,1.417942338941156,EXPERIMENT_ONLY
2025-07-01,22:00,test,2025,2025,12,13.685084979372286,1.6850849793722862,12,14,false,2025,2025-07,macro_non_southerly,12.568666666666667,0.5686666666666671,13,false,-1.116418312705619,-1.116418312705619,0,true,false,false,false,0.5686666666666671,1.6850849793722862,EXPERIMENT_ONLY
2025-07-01,23:00,test,2025,2025,12,14.056166648418706,2.0561666484187064,12,14,false,2025,2025-07,macro_non_southerly,12.568666666666667,0.5686666666666671,13,false,-1.4874999817520393,-1.4874999817520393,0,true,false,false,false,0.5686666666666671,2.0561666484187064,EXPERIMENT_ONLY
2025-07-02,20:00,test,2025,2025,13,13.156696149303535,0.15669614930353504,13,13,true,2025,2025-07,macro_non_southerly,13.189333333333334,0.1893333333333338,13,true,0.03263718402979876,0.03263718402979876,0,false,true,false,false,0.1893333333333338,0.15669614930353504,EXPERIMENT_ONLY
2025-07-02,21:00,test,2025,2025,13,13.28095243275699,0.28095243275699033,13,13,true,2025,2025-07,macro_non_southerly,13.189333333333334,0.1893333333333338,13,true,-0.09161909942365654,-0.09161909942365654,0,true,false,false,false,0.1893333333333338,0.28095243275699033,EXPERIMENT_ONLY
2025-07-02,22:00,test,2025,2025,13,13.534692021860117,0.534692021860117,13,14,false,2025,2025-07,macro_non_southerly,13.189333333333334,0.1893333333333338,13,true,-0.3453586885267832,-0.3453586885267832,1,true,false,false,true,0.1893333333333338,0.534692021860117,EXPERIMENT_ONLY
2025-07-02,23:00,test,2025,2025,13,13.632921592179672,0.632921592179672,13,14,false,2025,2025-07,macro_non_southerly,13.189333333333334,0.1893333333333338,13,true,-0.44358825884633823,-0.44358825884633823,1,true,false,false,true,0.1893333333333338,0.632921592179672,EXPERIMENT_ONLY
2025-07-03,20:00,test,2025,2025,12,14.23395670675281,2.23395670675281,12,14,false,2025,2025-07,macro_non_southerly,14.46422222222222,2.4642222222222205,14,false,0.23026551546941043,0.23026551546941043,0,false,true,false,false,2.4642222222222205,2.23395670675281,EXPERIMENT_ONLY
2025-07-03,21:00,test,2025,2025,12,14.130648587814196,2.1306485878141963,12,14,false,2025,2025-07,macro_non_southerly,14.46422222222222,2.4642222222222205,14,false,0.33357363440802423,0.33357363440802423,0,false,true,false,false,2.4642222222222205,2.1306485878141963,EXPERIMENT_ONLY
2025-07-03,22:00,test,2025,2025,12,13.19668093457177,1.19668093457177,12,13,false,2025,2025-07,macro_non_southerly,14.46422222222222,2.4642222222222205,14,false,1.2675412876504506,1.2675412876504506,0,false,true,false,false,2.4642222222222205,1.19668093457177,EXPERIMENT_ONLY
2025-07-03,23:00,test,2025,2025,12,13.171799454590044,1.1717994545900439,12,13,false,2025,2025-07,macro_non_southerly,14.46422222222222,2.4642222222222205,14,false,1.2924227676321767,1.2924227676321767,0,false,true,false,false,2.4642222222222205,1.1717994545900439,EXPERIMENT_ONLY
2025-07-04,20:00,test,2025,2025,13,14.715628486140552,1.7156284861405524,13,15,false,2025,2025-07,macro_non_southerly,15.0,2.0,15,false,0.2843715138594476,0.2843715138594476,0,false,true,false,false,2.0,1.7156284861405524,EXPERIMENT_ONLY
2025-07-04,21:00,test,2025,2025,13,15.083496895373564,2.083496895373564,13,15,false,2025,2025-07,macro_non_southerly,15.0,2.0,15,false,-0.08349689537356397,-0.08349689537356397,0,true,false,false,false,2.0,2.083496895373564,EXPERIMENT_ONLY
2025-07-04,22:00,test,2025,2025,13,14.68161363687787,1.68161363687787,13,15,false,2025,2025-07,macro_non_southerly,15.0,2.0,15,false,0.31838636312213,0.31838636312213,0,false,true,false,false,2.0,1.68161363687787,EXPERIMENT_ONLY
2025-07-04,23:00,test,2025,2025,13,14.721428914856062,1.7214289148560624,13,15,false,2025,2025-07,macro_non_southerly,15.0,2.0,15,false,0.2785710851439376,0.2785710851439376,0,false,true,false,false,2.0,1.7214289148560624,EXPERIMENT_ONLY
2025-07-05,20:00,test,2025,2025,12,12.01839336774562,0.01839336774562028,12,12,true,2025,2025-07,macro_southerly_flow,12.676666666666666,0.6766666666666659,13,false,0.6582732989210456,0.6582732989210456,-1,false,true,true,false,0.6766666666666659,0.01839336774562028,EXPERIMENT_ONLY
2025-07-05,21:00,test,2025,2025,12,12.012905690012142,0.01290569001214159,12,12,true,2025,2025-07,macro_southerly_flow,12.676666666666666,0.6766666666666659,13,false,0.6637609766545243,0.6637609766545243,-1,false,true,true,false,0.6766666666666659,0.01290569001214159,EXPERIMENT_ONLY
2025-07-05,22:00,test,2025,2025,12,11.482840071420824,0.5171599285791757,12,11,false,2025,2025-07,macro_southerly_flow,12.676666666666666,0.6766666666666659,13,false,0.15950673808749016,1.1938265952458416,0,false,true,false,false,0.6766666666666659,-0.5171599285791757,EXPERIMENT_ONLY
2025-07-05,23:00,test,2025,2025,12,11.589481876520203,0.41051812347979677,12,12,true,2025,2025-07,macro_southerly_flow,12.676666666666666,0.6766666666666659,13,false,0.2661485431868691,1.0871847901464626,-1,false,true,true,false,0.6766666666666659,-0.41051812347979677,EXPERIMENT_ONLY
2025-07-06,20:00,test,2025,2025,10,10.939761218974963,0.9397612189749633,10,11,false,2025,2025-07,macro_southerly_flow,10.768666666666666,0.7686666666666664,11,false,-0.17109455230829695,-0.17109455230829695,0,true,false,false,false,0.7686666666666664,0.9397612189749633,EXPERIMENT_ONLY
2025-07-06,21:00,test,2025,2025,10,10.865547679637286,0.8655476796372863,10,11,false,2025,2025-07,macro_southerly_flow,10.768666666666666,0.7686666666666664,11,false,-0.0968810129706199,-0.0968810129706199,0,true,false,false,false,0.7686666666666664,0.8655476796372863,EXPERIMENT_ONLY
2025-07-06,22:00,test,2025,2025,10,10.222708367004065,0.22270836700406527,10,10,true,2025,2025-07,macro_southerly_flow,10.768666666666666,0.7686666666666664,11,false,0.5459582996626011,0.5459582996626011,-1,false,true,true,false,0.7686666666666664,0.22270836700406527,EXPERIMENT_ONLY
2025-07-06,23:00,test,2025,2025,10,10.292375862255488,0.2923758622554882,10,10,true,2025,2025-07,macro_southerly_flow,10.768666666666666,0.7686666666666664,11,false,0.4762908044111782,0.4762908044111782,-1,false,true,true,false,0.7686666666666664,0.2923758622554882,EXPERIMENT_ONLY
2025-07-07,20:00,test,2025,2025,10,9.869193848807543,0.13080615119245742,10,10,true,2025,2025-07,macro_southerly_flow,10.729777777777777,0.7297777777777767,11,false,0.5989716265853193,0.8605839289702342,-1,false,true,true,false,0.7297777777777767,-0.13080615119245742,EXPERIMENT_ONLY
2025-07-07,21:00,test,2025,2025,10,9.86591721683451,0.13408278316548916,10,10,true,2025,2025-07,macro_southerly_flow,10.729777777777777,0.7297777777777767,11,false,0.5956949946122876,0.8638605609432659,-1,false,true,true,false,0.7297777777777767,-0.13408278316548916,EXPERIMENT_ONLY
2025-07-07,22:00,test,2025,2025,10,9.522646135081676,0.47735386491832443,10,10,true,2025,2025-07,macro_southerly_flow,10.729777777777777,0.7297777777777767,11,false,0.2524239128594523,1.2071316426961012,-1,false,true,true,false,0.7297777777777767,-0.47735386491832443,EXPERIMENT_ONLY
2025-07-07,23:00,test,2025,2025,10,9.66228236766021,0.3377176323397908,10,10,true,2025,2025-07,macro_southerly_flow,10.729777777777777,0.7297777777777767,11,false,0.39206014543798595,1.0674954101175675,-1,false,true,true,false,0.7297777777777767,-0.3377176323397908,EXPERIMENT_ONLY
2025-07-08,20:00,test,2025,2025,13,11.027857528908926,1.9721424710910735,13,11,false,2025,2025-07,macro_non_southerly,12.440666666666667,0.559333333333333,12,false,-1.4128091377577405,1.4128091377577405,0,true,false,false,false,-0.559333333333333,-1.9721424710910735,EXPERIMENT_ONLY
2025-07-08,21:00,test,2025,2025,13,11.496854660893534,1.5031453391064655,13,11,false,2025,2025-07,macro_non_southerly,12.440666666666667,0.559333333333333,12,false,-0.9438120057731325,0.9438120057731325,0,true,false,false,false,-0.559333333333333,-1.5031453391064655,EXPERIMENT_ONLY
2025-07-08,22:00,test,2025,2025,13,12.257293431800914,0.7427065681990861,13,12,false,2025,2025-07,macro_non_southerly,12.440666666666667,0.559333333333333,12,false,-0.18337323486575308,0.18337323486575308,0,true,false,false,false,-0.559333333333333,-0.7427065681990861,EXPERIMENT_ONLY
2025-07-08,23:00,test,2025,2025,13,12.732559455760969,0.2674405442390313,13,13,true,2025,2025-07,macro_non_southerly,12.440666666666667,0.559333333333333,12,false,0.2918927890943017,-0.2918927890943017,-1,false,true,true,false,-0.559333333333333,-0.2674405442390313,EXPERIMENT_ONLY
2025-07-09,20:00,test,2025,2025,12,13.514778032673455,1.5147780326734548,12,14,false,2025,2025-07,macro_non_southerly,12.500222222222222,0.5002222222222219,13,false,-1.0145558104512329,-1.0145558104512329,0,true,false,false,false,0.5002222222222219,1.5147780326734548,EXPERIMENT_ONLY
2025-07-09,21:00,test,2025,2025,12,13.70935751361136,1.7093575136113603,12,14,false,2025,2025-07,macro_non_southerly,12.500222222222222,0.5002222222222219,13,false,-1.2091352913891384,-1.2091352913891384,0,true,false,false,false,0.5002222222222219,1.7093575136113603,EXPERIMENT_ONLY
2025-07-09,22:00,test,2025,2025,12,13.706868876024295,1.706868876024295,12,14,false,2025,2025-07,macro_non_southerly,12.500222222222222,0.5002222222222219,13,false,-1.206646653802073,-1.206646653802073,0,true,false,false,false,0.5002222222222219,1.706868876024295,EXPERIMENT_ONLY
2025-07-09,23:00,test,2025,2025,12,14.08064750706144,2.0806475070614407,12,14,false,2025,2025-07,macro_non_southerly,12.500222222222222,0.5002222222222219,13,false,-1.5804252848392188,-1.5804252848392188,0,true,false,false,false,0.5002222222222219,2.0806475070614407,EXPERIMENT_ONLY
2025-07-10,20:00,test,2025,2025,16,14.59410718808664,1.4058928119133594,16,15,false,2025,2025-07,macro_non_southerly,14.465555555555557,1.5344444444444427,14,false,0.12855163253108337,-0.12855163253108337,0,false,true,false,false,-1.5344444444444427,-1.4058928119133594,EXPERIMENT_ONLY
2025-07-10,21:00,test,2025,2025,16,14.758702848108175,1.2412971518918248,16,15,false,2025,2025-07,macro_non_southerly,14.465555555555557,1.5344444444444427,14,false,0.29314729255261796,-0.29314729255261796,0,false,true,false,false,-1.5344444444444427,-1.2412971518918248,EXPERIMENT_ONLY
2025-07-10,22:00,test,2025,2025,16,14.329082885203873,1.6709171147961275,16,14,false,2025,2025-07,macro_non_southerly,14.465555555555557,1.5344444444444427,14,false,-0.13647267035168476,0.13647267035168476,0,true,false,false,false,-1.5344444444444427,-1.6709171147961275,EXPERIMENT_ONLY
2025-07-10,23:00,test,2025,2025,16,14.600877133637484,1.3991228663625161,16,15,false,2025,2025-07,macro_non_southerly,14.465555555555557,1.5344444444444427,14,false,0.13532157808192657,-0.13532157808192657,0,false,true,false,false,-1.5344444444444427,-1.3991228663625161,EXPERIMENT_ONLY
2025-07-11,20:00,test,2025,2025,16,16.75544909698801,0.7554490969880092,16,17,false,2025,2025-07,macro_non_southerly,15.497555555555556,0.5024444444444445,15,false,-0.25300465254356475,-1.2578935414324537,0,true,false,false,false,-0.5024444444444445,0.7554490969880092,EXPERIMENT_ONLY
2025-07-11,21:00,test,2025,2025,16,16.550612142682397,0.5506121426823967,16,17,false,2025,2025-07,macro_non_southerly,15.497555555555556,0.5024444444444445,15,false,-0.048167698237952195,-1.0530565871268411,0,true,false,false,false,-0.5024444444444445,0.5506121426823967,EXPERIMENT_ONLY
2025-07-11,22:00,test,2025,2025,16,16.338504915234946,0.33850491523494597,16,16,true,2025,2025-07,macro_non_southerly,15.497555555555556,0.5024444444444445,15,false,0.1639395292094985,-0.8409493596793904,-1,false,true,true,false,-0.5024444444444445,0.33850491523494597,EXPERIMENT_ONLY
2025-07-11,23:00,test,2025,2025,16,16.304832072155172,0.30483207215517183,16,16,true,2025,2025-07,macro_non_southerly,15.497555555555556,0.5024444444444445,15,false,0.19761237228927264,-0.8072765165996163,-1,false,true,true,false,-0.5024444444444445,0.30483207215517183,EXPERIMENT_ONLY
2025-07-12,20:00,test,2025,2025,15,15.12984177031937,0.12984177031936994,15,15,true,2025,2025-07,macro_non_southerly,14.25622222222222,0.7437777777777796,14,false,0.6139360074584097,-0.8736195480971496,-1,false,true,true,false,-0.7437777777777796,0.12984177031936994,EXPERIMENT_ONLY
2025-07-12,21:00,test,2025,2025,15,15.157273268684238,0.15727326868423752,15,15,true,2025,2025-07,macro_non_southerly,14.25622222222222,0.7437777777777796,14,false,0.5865045090935421,-0.9010510464620172,-1,false,true,true,false,-0.7437777777777796,0.15727326868423752,EXPERIMENT_ONLY
2025-07-12,22:00,test,2025,2025,15,14.640691576315728,0.35930842368427207,15,15,true,2025,2025-07,macro_non_southerly,14.25622222222222,0.7437777777777796,14,false,0.3844693540935076,-0.3844693540935076,-1,false,true,true,false,-0.7437777777777796,-0.35930842368427207,EXPERIMENT_ONLY
2025-07-12,23:00,test,2025,2025,15,14.813732447799014,0.18626755220098623,15,15,true,2025,2025-07,macro_non_southerly,14.25622222222222,0.7437777777777796,14,false,0.5575102255767934,-0.5575102255767934,-1,false,true,true,false,-0.7437777777777796,-0.18626755220098623,EXPERIMENT_ONLY
2025-07-13,20:00,test,2025,2025,15,14.950414411692517,0.049585588307483164,15,15,true,2025,2025-07,macro_non_southerly,13.873333333333333,1.126666666666667,14,false,1.0770810783591838,-1.0770810783591838,-1,false,true,true,false,-1.126666666666667,-0.049585588307483164,EXPERIMENT_ONLY
2025-07-13,21:00,test,2025,2025,15,15.014576156861718,0.014576156861718204,15,15,true,2025,2025-07,macro_non_southerly,13.873333333333333,1.126666666666667,14,false,1.1120905098049487,-1.1412428235283851,-1,false,true,true,false,-1.126666666666667,0.014576156861718204,EXPERIMENT_ONLY
2025-07-13,22:00,test,2025,2025,15,14.362672655081944,0.6373273449180559,15,14,false,2025,2025-07,macro_non_southerly,13.873333333333333,1.126666666666667,14,false,0.48933932174861106,-0.48933932174861106,0,false,true,false,false,-1.126666666666667,-0.6373273449180559,EXPERIMENT_ONLY
2025-07-13,23:00,test,2025,2025,15,14.366174409824346,0.633825590175654,15,14,false,2025,2025-07,macro_non_southerly,13.873333333333333,1.126666666666667,14,false,0.49284107649101294,-0.49284107649101294,0,false,true,false,false,-1.126666666666667,-0.633825590175654,EXPERIMENT_ONLY
2025-07-14,20:00,test,2025,2025,14,14.139395655953537,0.1393956559535372,14,14,true,2025,2025-07,macro_non_southerly,13.644666666666666,0.35533333333333417,14,true,0.21593767737979697,-0.49472898928687137,0,false,true,false,false,-0.35533333333333417,0.1393956559535372,EXPERIMENT_ONLY
2025-07-14,21:00,test,2025,2025,14,14.204460980776421,0.20446098077642105,14,14,true,2025,2025-07,macro_non_southerly,13.644666666666666,0.35533333333333417,14,true,0.15087235255691311,-0.5597943141097552,0,false,true,false,false,-0.35533333333333417,0.20446098077642105,EXPERIMENT_ONLY
2025-07-14,22:00,test,2025,2025,14,14.031399994339422,0.031399994339421866,14,14,true,2025,2025-07,macro_non_southerly,13.644666666666666,0.35533333333333417,14,true,0.3239333389939123,-0.38673332767275603,0,false,true,false,false,-0.35533333333333417,0.031399994339421866,EXPERIMENT_ONLY
2025-07-14,23:00,test,2025,2025,14,14.201904335793671,0.20190433579367095,14,14,true,2025,2025-07,macro_non_southerly,13.644666666666666,0.35533333333333417,14,true,0.15342899753966321,-0.5572376691270051,0,false,true,false,false,-0.35533333333333417,0.20190433579367095,EXPERIMENT_ONLY
2025-07-15,20:00,test,2025,2025,15,14.904814715131536,0.09518528486846378,15,15,true,2025,2025-07,macro_non_southerly,13.984444444444446,1.0155555555555544,14,false,0.9203702706870907,-0.9203702706870907,-1,false,true,true,false,-1.0155555555555544,-0.09518528486846378,EXPERIMENT_ONLY
2025-07-15,21:00,test,2025,2025,15,15.000390725375993,0.00039072537599338375,15,15,true,2025,2025-07,macro_non_southerly,13.984444444444446,1.0155555555555544,14,false,1.015164830179561,-1.0159462809315478,-1,false,true,true,false,-1.0155555555555544,0.00039072537599338375,EXPERIMENT_ONLY
2025-07-15,22:00,test,2025,2025,15,14.898178184235764,0.10182181576423588,15,15,true,2025,2025-07,macro_non_southerly,13.984444444444446,1.0155555555555544,14,false,0.9137337397913186,-0.9137337397913186,-1,false,true,true,false,-1.0155555555555544,-0.10182181576423588,EXPERIMENT_ONLY
2025-07-15,23:00,test,2025,2025,15,15.066603901174867,0.06660390117486692,15,15,true,2025,2025-07,macro_non_southerly,13.984444444444446,1.0155555555555544,14,false,0.9489516543806875,-1.0821594567304214,-1,false,true,true,false,-1.0155555555555544,0.06660390117486692,EXPERIMENT_ONLY
2025-07-16,20:00,test,2025,2025,14,12.361768572831572,1.638231427168428,14,12,false,2025,2025-07,macro_southerly_flow,13.046222222222221,0.9537777777777787,13,false,-0.6844536493906492,0.6844536493906492,0,true,false,false,false,-0.9537777777777787,-1.638231427168428,EXPERIMENT_ONLY
2025-07-16,21:00,test,2025,2025,14,12.690608718744844,1.3093912812551558,14,13,false,2025,2025-07,macro_southerly_flow,13.046222222222221,0.9537777777777787,13,false,-0.3556135034773771,0.3556135034773771,0,true,false,false,false,-0.9537777777777787,-1.3093912812551558,EXPERIMENT_ONLY
2025-07-16,22:00,test,2025,2025,14,13.257428831205203,0.7425711687947967,14,13,false,2025,2025-07,macro_non_southerly,13.046222222222221,0.9537777777777787,13,false,0.21120660898298205,-0.21120660898298205,0,false,true,false,false,-0.9537777777777787,-0.7425711687947967,EXPERIMENT_ONLY
2025-07-16,23:00,test,2025,2025,14,13.496938949443205,0.503061050556795,14,13,false,2025,2025-07,macro_non_southerly,13.046222222222221,0.9537777777777787,13,false,0.45071672722098377,-0.45071672722098377,0,false,true,false,false,-0.9537777777777787,-0.503061050556795,EXPERIMENT_ONLY
2025-07-17,20:00,test,2025,2025,13,12.394867296476605,0.6051327035233953,13,12,false,2025,2025-07,macro_non_southerly,12.56622222222222,0.43377777777777915,13,true,-0.17135492574561617,0.17135492574561617,1,true,false,false,true,-0.43377777777777915,-0.6051327035233953,EXPERIMENT_ONLY
2025-07-17,21:00,test,2025,2025,13,12.688776102820048,0.3112238971799517,13,13,true,2025,2025-07,macro_non_southerly,12.56622222222222,0.43377777777777915,13,true,0.12255388059782746,-0.12255388059782746,0,false,true,false,false,-0.43377777777777915,-0.3112238971799517,EXPERIMENT_ONLY
2025-07-17,22:00,test,2025,2025,13,13.17069015699998,0.1706901569999797,13,13,true,2025,2025-07,macro_non_southerly,12.56622222222222,0.43377777777777915,13,true,0.26308762077779946,-0.6044679347777588,0,false,true,false,false,-0.43377777777777915,0.1706901569999797,EXPERIMENT_ONLY
2025-07-17,23:00,test,2025,2025,13,13.47179448619906,0.4717944861990606,13,13,true,2025,2025-07,macro_non_southerly,12.56622222222222,0.43377777777777915,13,true,-0.038016708421281464,-0.9055722639768398,0,true,false,false,false,-0.43377777777777915,0.4717944861990606,EXPERIMENT_ONLY
2025-07-18,20:00,test,2025,2025,12,11.922889891790966,0.07711010820903397,12,12,true,2025,2025-07,macro_southerly_flow,11.792,0.20800000000000018,12,true,0.13088989179096622,-0.13088989179096622,0,false,true,false,false,-0.20800000000000018,-0.07711010820903397,EXPERIMENT_ONLY
2025-07-18,21:00,test,2025,2025,12,12.055959460146102,0.0559594601461022,12,12,true,2025,2025-07,macro_southerly_flow,11.792,0.20800000000000018,12,true,0.15204053985389798,-0.2639594601461024,0,false,true,false,false,-0.20800000000000018,0.0559594601461022,EXPERIMENT_ONLY
2025-07-18,22:00,test,2025,2025,12,11.805835444579381,0.1941645554206186,12,12,true,2025,2025-07,macro_southerly_flow,11.792,0.20800000000000018,12,true,0.013835444579381573,-0.013835444579381573,0,false,true,false,false,-0.20800000000000018,-0.1941645554206186,EXPERIMENT_ONLY
2025-07-18,23:00,test,2025,2025,12,12.045178574571528,0.045178574571528074,12,12,true,2025,2025-07,macro_southerly_flow,11.792,0.20800000000000018,12,true,0.1628214254284721,-0.25317857457152826,0,false,true,false,false,-0.20800000000000018,0.045178574571528074,EXPERIMENT_ONLY
2025-07-19,20:00,test,2025,2025,13,12.799569532340065,0.20043046765993466,13,13,true,2025,2025-07,macro_non_southerly,12.316888888888888,0.6831111111111117,12,false,0.482680643451177,-0.482680643451177,-1,false,true,true,false,-0.6831111111111117,-0.20043046765993466,EXPERIMENT_ONLY
2025-07-19,21:00,test,2025,2025,13,12.606126024913637,0.3938739750863629,13,13,true,2025,2025-07,macro_non_southerly,12.316888888888888,0.6831111111111117,12,false,0.28923713602474876,-0.28923713602474876,-1,false,true,true,false,-0.6831111111111117,-0.3938739750863629,EXPERIMENT_ONLY
2025-07-19,22:00,test,2025,2025,13,12.275581032075756,0.7244189679242439,13,12,false,2025,2025-07,macro_non_southerly,12.316888888888888,0.6831111111111117,12,false,-0.041307856813132204,0.041307856813132204,0,true,false,false,false,-0.6831111111111117,-0.7244189679242439,EXPERIMENT_ONLY
2025-07-19,23:00,test,2025,2025,13,12.275804283364346,0.7241957166356539,13,12,false,2025,2025-07,macro_non_southerly,12.316888888888888,0.6831111111111117,12,false,-0.041084605524542184,0.041084605524542184,0,true,false,false,false,-0.6831111111111117,-0.7241957166356539,EXPERIMENT_ONLY
2025-07-20,20:00,test,2025,2025,12,11.654662061582975,0.34533793841702476,12,12,true,2025,2025-07,macro_southerly_flow,11.53711111111111,0.4628888888888891,12,true,0.11755095047186437,-0.11755095047186437,0,false,true,false,false,-0.4628888888888891,-0.34533793841702476,EXPERIMENT_ONLY
2025-07-20,21:00,test,2025,2025,12,11.643094008008275,0.35690599199172546,12,12,true,2025,2025-07,macro_southerly_flow,11.53711111111111,0.4628888888888891,12,true,0.10598289689716367,-0.10598289689716367,0,false,true,false,false,-0.4628888888888891,-0.35690599199172546,EXPERIMENT_ONLY
2025-07-20,22:00,test,2025,2025,12,11.417487373854465,0.5825126261455349,12,11,false,2025,2025-07,macro_southerly_flow,11.53711111111111,0.4628888888888891,12,true,-0.11962373725664577,0.11962373725664577,1,true,false,false,true,-0.4628888888888891,-0.5825126261455349,EXPERIMENT_ONLY
2025-07-20,23:00,test,2025,2025,12,11.486431254129739,0.5135687458702609,12,11,false,2025,2025-07,macro_southerly_flow,11.53711111111111,0.4628888888888891,12,true,-0.050679856981371785,0.050679856981371785,1,true,false,false,true,-0.4628888888888891,-0.5135687458702609,EXPERIMENT_ONLY
2025-07-21,20:00,test,2025,2025,12,10.664673924549314,1.335326075450686,12,11,false,2025,2025-07,macro_southerly_flow,11.448888888888888,0.551111111111112,11,false,-0.7842149643395739,0.7842149643395739,0,true,false,false,false,-0.551111111111112,-1.335326075450686,EXPERIMENT_ONLY
2025-07-21,21:00,test,2025,2025,12,11.09180893052027,0.9081910694797308,12,11,false,2025,2025-07,macro_southerly_flow,11.448888888888888,0.551111111111112,11,false,-0.35707995836861883,0.35707995836861883,0,true,false,false,false,-0.551111111111112,-0.9081910694797308,EXPERIMENT_ONLY
2025-07-21,22:00,test,2025,2025,12,10.943610996719302,1.0563890032806977,12,11,false,2025,2025-07,macro_southerly_flow,11.448888888888888,0.551111111111112,11,false,-0.5052778921695857,0.5052778921695857,0,true,false,false,false,-0.551111111111112,-1.0563890032806977,EXPERIMENT_ONLY
2025-07-21,23:00,test,2025,2025,12,11.078905539440962,0.9210944605590381,12,11,false,2025,2025-07,macro_southerly_flow,11.448888888888888,0.551111111111112,11,false,-0.3699833494479261,0.3699833494479261,0,true,false,false,false,-0.551111111111112,-0.9210944605590381,EXPERIMENT_ONLY
2025-07-22,20:00,test,2025,2025,12,11.700744971068671,0.29925502893132894,12,12,true,2025,2025-07,macro_southerly_flow,11.872444444444444,0.1275555555555563,12,true,-0.17169947337577263,0.17169947337577263,0,true,false,false,false,-0.1275555555555563,-0.29925502893132894,EXPERIMENT_ONLY
2025-07-22,21:00,test,2025,2025,12,11.636849645279746,0.36315035472025414,12,12,true,2025,2025-07,macro_southerly_flow,11.872444444444444,0.1275555555555563,12,true,-0.23559479916469783,0.23559479916469783,0,true,false,false,false,-0.1275555555555563,-0.36315035472025414,EXPERIMENT_ONLY
2025-07-22,22:00,test,2025,2025,12,11.08355805371671,0.9164419462832907,12,11,false,2025,2025-07,macro_southerly_flow,11.872444444444444,0.1275555555555563,12,true,-0.7888863907277344,0.7888863907277344,1,true,false,false,true,-0.1275555555555563,-0.9164419462832907,EXPERIMENT_ONLY
2025-07-22,23:00,test,2025,2025,12,11.256912328750547,0.7430876712494534,12,11,false,2025,2025-07,macro_southerly_flow,11.872444444444444,0.1275555555555563,12,true,-0.6155321156938971,0.6155321156938971,1,true,false,false,true,-0.1275555555555563,-0.7430876712494534,EXPERIMENT_ONLY
2025-07-23,20:00,test,2025,2025,12,11.560607200009118,0.4393927999908822,12,12,true,2025,2025-07,macro_southerly_flow,11.959555555555555,0.04044444444444473,12,true,-0.3989483555464375,0.3989483555464375,0,true,false,false,false,-0.04044444444444473,-0.4393927999908822,EXPERIMENT_ONLY
2025-07-23,21:00,test,2025,2025,12,11.856739366239644,0.14326063376035592,12,12,true,2025,2025-07,macro_southerly_flow,11.959555555555555,0.04044444444444473,12,true,-0.10281618931591119,0.10281618931591119,0,true,false,false,false,-0.04044444444444473,-0.14326063376035592,EXPERIMENT_ONLY
2025-07-23,22:00,test,2025,2025,12,11.8355046295274,0.16449537047260065,12,12,true,2025,2025-07,macro_southerly_flow,11.959555555555555,0.04044444444444473,12,true,-0.12405092602815593,0.12405092602815593,0,true,false,false,false,-0.04044444444444473,-0.16449537047260065,EXPERIMENT_ONLY
2025-07-23,23:00,test,2025,2025,12,12.107239174518577,0.10723917451857723,12,12,true,2025,2025-07,macro_southerly_flow,11.959555555555555,0.04044444444444473,12,true,-0.0667947300741325,-0.14768361896302196,0,true,false,false,false,-0.04044444444444473,0.10723917451857723,EXPERIMENT_ONLY
2025-07-24,20:00,test,2025,2025,14,12.71925325445934,1.2807467455406591,14,13,false,2025,2025-07,macro_non_southerly,12.767555555555555,1.232444444444445,13,false,-0.04830230109621425,0.04830230109621425,0,true,false,false,false,-1.232444444444445,-1.2807467455406591,EXPERIMENT_ONLY
2025-07-24,21:00,test,2025,2025,14,13.252691078772079,0.7473089212279209,14,13,false,2025,2025-07,macro_non_southerly,12.767555555555555,1.232444444444445,13,false,0.485135523216524,-0.485135523216524,0,false,true,false,false,-1.232444444444445,-0.7473089212279209,EXPERIMENT_ONLY
2025-07-24,22:00,test,2025,2025,14,13.746106938974537,0.2538930610254635,14,14,true,2025,2025-07,macro_non_southerly,12.767555555555555,1.232444444444445,13,false,0.9785513834189814,-0.9785513834189814,-1,false,true,true,false,-1.232444444444445,-0.2538930610254635,EXPERIMENT_ONLY
2025-07-24,23:00,test,2025,2025,14,14.218748613422663,0.2187486134226635,14,14,true,2025,2025-07,macro_non_southerly,12.767555555555555,1.232444444444445,13,false,1.0136958310217814,-1.4511930578671084,-1,false,true,true,false,-1.232444444444445,0.2187486134226635,EXPERIMENT_ONLY
2025-07-25,20:00,test,2025,2025,14,13.645652519627564,0.3543474803724358,14,14,true,2025,2025-07,macro_non_southerly,13.120222222222223,0.8797777777777771,13,false,0.5254302974053413,-0.5254302974053413,-1,false,true,true,false,-0.8797777777777771,-0.3543474803724358,EXPERIMENT_ONLY
2025-07-25,21:00,test,2025,2025,14,13.911774552879159,0.08822544712084124,14,14,true,2025,2025-07,macro_non_southerly,13.120222222222223,0.8797777777777771,13,false,0.7915523306569359,-0.7915523306569359,-1,false,true,true,false,-0.8797777777777771,-0.08822544712084124,EXPERIMENT_ONLY
2025-07-25,22:00,test,2025,2025,14,13.84878841058816,0.1512115894118402,14,14,true,2025,2025-07,macro_non_southerly,13.120222222222223,0.8797777777777771,13,false,0.7285661883659369,-0.7285661883659369,-1,false,true,true,false,-0.8797777777777771,-0.1512115894118402,EXPERIMENT_ONLY
2025-07-25,23:00,test,2025,2025,14,14.152459750458334,0.15245975045833404,14,14,true,2025,2025-07,macro_non_southerly,13.120222222222223,0.8797777777777771,13,false,0.7273180273194431,-1.0322375282361111,-1,false,true,true,false,-0.8797777777777771,0.15245975045833404,EXPERIMENT_ONLY
2025-07-26,20:00,test,2025,2025,15,13.471820086552112,1.5281799134478877,15,13,false,2025,2025-07,macro_non_southerly,13.486222222222224,1.5137777777777757,13,false,-0.01440213567011206,0.01440213567011206,0,true,false,false,false,-1.5137777777777757,-1.5281799134478877,EXPERIMENT_ONLY
2025-07-26,21:00,test,2025,2025,15,13.63113295088437,1.3688670491156305,15,14,false,2025,2025-07,macro_non_southerly,13.486222222222224,1.5137777777777757,13,false,0.14491072866214516,-0.14491072866214516,0,false,true,false,false,-1.5137777777777757,-1.3688670491156305,EXPERIMENT_ONLY
2025-07-26,22:00,test,2025,2025,15,13.866904296688125,1.1330957033118754,15,14,false,2025,2025-07,macro_non_southerly,13.486222222222224,1.5137777777777757,13,false,0.3806820744659003,-0.3806820744659003,0,false,true,false,false,-1.5137777777777757,-1.1330957033118754,EXPERIMENT_ONLY
2025-07-26,23:00,test,2025,2025,15,14.132177411334158,0.8678225886658417,15,14,false,2025,2025-07,macro_non_southerly,13.486222222222224,1.5137777777777757,13,false,0.645955189111934,-0.645955189111934,0,false,true,false,false,-1.5137777777777757,-0.8678225886658417,EXPERIMENT_ONLY
2025-07-27,20:00,test,2025,2025,15,14.530159057160693,0.46984094283930666,15,15,true,2025,2025-07,macro_non_southerly,14.047555555555554,0.9524444444444455,14,false,0.4826035016051389,-0.4826035016051389,-1,false,true,true,false,-0.9524444444444455,-0.46984094283930666,EXPERIMENT_ONLY
2025-07-27,21:00,test,2025,2025,15,14.55635686117366,0.44364313882634043,15,15,true,2025,2025-07,macro_non_southerly,14.047555555555554,0.9524444444444455,14,false,0.5088013056181051,-0.5088013056181051,-1,false,true,true,false,-0.9524444444444455,-0.44364313882634043,EXPERIMENT_ONLY
2025-07-27,22:00,test,2025,2025,15,14.251139475100125,0.7488605248998752,15,14,false,2025,2025-07,macro_non_southerly,14.047555555555554,0.9524444444444455,14,false,0.20358391954457034,-0.20358391954457034,0,false,true,false,false,-0.9524444444444455,-0.7488605248998752,EXPERIMENT_ONLY
2025-07-27,23:00,test,2025,2025,15,14.489032151768715,0.5109678482312852,15,14,false,2025,2025-07,macro_non_southerly,14.047555555555554,0.9524444444444455,14,false,0.4414765962131604,-0.4414765962131604,0,false,true,false,false,-0.9524444444444455,-0.5109678482312852,EXPERIMENT_ONLY
2025-07-28,20:00,test,2025,2025,14,15.262697763551989,1.262697763551989,14,15,false,2025,2025-07,macro_southerly_flow,14.061111111111112,0.06111111111111178,14,true,-1.2015866524408771,-1.2015866524408771,1,true,false,false,true,0.06111111111111178,1.262697763551989,EXPERIMENT_ONLY
2025-07-28,21:00,test,2025,2025,14,15.104067935844572,1.1040679358445722,14,15,false,2025,2025-07,macro_non_southerly,14.061111111111112,0.06111111111111178,14,true,-1.0429568247334604,-1.0429568247334604,1,true,false,false,true,0.06111111111111178,1.1040679358445722,EXPERIMENT_ONLY
2025-07-28,22:00,test,2025,2025,14,14.740328426390533,0.7403284263905334,14,15,false,2025,2025-07,macro_non_southerly,14.061111111111112,0.06111111111111178,14,true,-0.6792173152794216,-0.6792173152794216,1,true,false,false,true,0.06111111111111178,0.7403284263905334,EXPERIMENT_ONLY
2025-07-28,23:00,test,2025,2025,14,14.873219897287813,0.8732198972878127,14,15,false,2025,2025-07,macro_non_southerly,14.061111111111112,0.06111111111111178,14,true,-0.8121087861767009,-0.8121087861767009,1,true,false,false,true,0.06111111111111178,0.8732198972878127,EXPERIMENT_ONLY
2025-07-29,20:00,test,2025,2025,16,16.226319471237616,0.2263194712376162,16,16,true,2025,2025-07,macro_southerly_flow,15.640888888888888,0.3591111111111118,16,true,0.13279163987349563,-0.585430582348728,0,false,true,false,false,-0.3591111111111118,0.2263194712376162,EXPERIMENT_ONLY
2025-07-29,21:00,test,2025,2025,16,16.38837011935847,0.3883701193584699,16,16,true,2025,2025-07,macro_southerly_flow,15.640888888888888,0.3591111111111118,16,true,-0.029259008247358054,-0.7474812304695817,0,true,false,false,false,-0.3591111111111118,0.3883701193584699,EXPERIMENT_ONLY
2025-07-29,22:00,test,2025,2025,16,16.522509349848043,0.5225093498480433,16,17,false,2025,2025-07,macro_southerly_flow,15.640888888888888,0.3591111111111118,16,true,-0.1633982387369315,-0.8816204609591551,1,true,false,false,true,-0.3591111111111118,0.5225093498480433,EXPERIMENT_ONLY
2025-07-29,23:00,test,2025,2025,16,15.691010382830138,0.3089896171698623,16,16,true,2025,2025-07,macro_non_southerly,15.640888888888888,0.3591111111111118,16,true,0.05012149394124954,-0.05012149394124954,0,false,true,false,false,-0.3591111111111118,-0.3089896171698623,EXPERIMENT_ONLY
2025-07-30,20:00,test,2025,2025,15,15.299648198608242,0.2996481986082422,15,15,true,2025,2025-07,macro_non_southerly,14.282000000000002,0.7179999999999982,14,false,0.418351801391756,-1.0176481986082404,-1,false,true,true,false,-0.7179999999999982,0.2996481986082422,EXPERIMENT_ONLY
2025-07-30,21:00,test,2025,2025,15,15.3584602299485,0.35846022994850024,15,15,true,2025,2025-07,macro_non_southerly,14.282000000000002,0.7179999999999982,14,false,0.35953977005149795,-1.0764602299484984,-1,false,true,true,false,-0.7179999999999982,0.35846022994850024,EXPERIMENT_ONLY
2025-07-30,22:00,test,2025,2025,15,14.678849773377818,0.32115022662218173,15,15,true,2025,2025-07,macro_non_southerly,14.282000000000002,0.7179999999999982,14,false,0.39684977337781646,-0.39684977337781646,-1,false,true,true,false,-0.7179999999999982,-0.32115022662218173,EXPERIMENT_ONLY
2025-07-30,23:00,test,2025,2025,15,14.780165316486292,0.21983468351370838,15,15,true,2025,2025-07,macro_non_southerly,14.282000000000002,0.7179999999999982,14,false,0.4981653164862898,-0.4981653164862898,-1,false,true,true,false,-0.7179999999999982,-0.21983468351370838,EXPERIMENT_ONLY
2025-07-31,20:00,test,2025,2025,12,11.6029367371688,0.39706326283119964,12,12,true,2025,2025-07,macro_southerly_flow,12.073333333333332,0.07333333333333236,12,true,-0.3237299294978673,0.470396596164532,0,true,false,false,false,0.07333333333333236,-0.39706326283119964,EXPERIMENT_ONLY
2025-07-31,21:00,test,2025,2025,12,11.53001297452472,0.46998702547528026,12,12,true,2025,2025-07,macro_southerly_flow,12.073333333333332,0.07333333333333236,12,true,-0.3966536921419479,0.5433203588086126,0,true,false,false,false,0.07333333333333236,-0.46998702547528026,EXPERIMENT_ONLY
2025-07-31,22:00,test,2025,2025,12,10.961607568477577,1.038392431522423,12,11,false,2025,2025-07,macro_southerly_flow,12.073333333333332,0.07333333333333236,12,true,-0.9650590981890907,1.1117257648557555,1,true,false,false,true,0.07333333333333236,-1.038392431522423,EXPERIMENT_ONLY
2025-07-31,23:00,test,2025,2025,12,10.790543043960783,1.209456956039217,12,11,false,2025,2025-07,macro_southerly_flow,12.073333333333332,0.07333333333333236,12,true,-1.1361236227058846,1.2827902893725494,1,true,false,false,true,0.07333333333333236,-1.209456956039217,EXPERIMENT_ONLY
2025-08-01,20:00,test,2025,2025,11,10.012624644565067,0.9873753554349332,11,10,false,2025,2025-08,macro_southerly_flow,10.635333333333334,0.3646666666666665,11,true,-0.6227086887682667,0.6227086887682667,1,true,false,false,true,-0.3646666666666665,-0.9873753554349332,EXPERIMENT_ONLY
2025-08-01,21:00,test,2025,2025,11,10.008979504965296,0.9910204950347037,11,10,false,2025,2025-08,macro_southerly_flow,10.635333333333334,0.3646666666666665,11,true,-0.6263538283680372,0.6263538283680372,1,true,false,false,true,-0.3646666666666665,-0.9910204950347037,EXPERIMENT_ONLY
2025-08-01,22:00,test,2025,2025,11,9.581081404146456,1.418918595853544,11,10,false,2025,2025-08,macro_southerly_flow,10.635333333333334,0.3646666666666665,11,true,-1.0542519291868775,1.0542519291868775,1,true,false,false,true,-0.3646666666666665,-1.418918595853544,EXPERIMENT_ONLY
2025-08-01,23:00,test,2025,2025,11,9.302770548396975,1.6972294516030253,11,9,false,2025,2025-08,macro_southerly_flow,10.635333333333334,0.3646666666666665,11,true,-1.3325627849363588,1.3325627849363588,1,true,false,false,true,-0.3646666666666665,-1.6972294516030253,EXPERIMENT_ONLY
2025-08-02,20:00,test,2025,2025,14,12.430758888922655,1.5692411110773445,14,12,false,2025,2025-08,macro_non_southerly,12.899999999999999,1.1000000000000014,13,false,-0.4692411110773431,0.4692411110773431,0,true,false,false,false,-1.1000000000000014,-1.5692411110773445,EXPERIMENT_ONLY
2025-08-02,21:00,test,2025,2025,14,12.696409199743972,1.3035908002560284,14,13,false,2025,2025-08,macro_non_southerly,12.899999999999999,1.1000000000000014,13,false,-0.20359080025602694,0.20359080025602694,0,true,false,false,false,-1.1000000000000014,-1.3035908002560284,EXPERIMENT_ONLY
2025-08-02,22:00,test,2025,2025,14,12.754984476128499,1.2450155238715013,14,13,false,2025,2025-08,macro_non_southerly,12.899999999999999,1.1000000000000014,13,false,-0.14501552387149985,0.14501552387149985,0,true,false,false,false,-1.1000000000000014,-1.2450155238715013,EXPERIMENT_ONLY
2025-08-02,23:00,test,2025,2025,14,12.854900832527063,1.145099167472937,14,13,false,2025,2025-08,macro_non_southerly,12.899999999999999,1.1000000000000014,13,false,-0.04509916747293552,0.04509916747293552,0,true,false,false,false,-1.1000000000000014,-1.145099167472937,EXPERIMENT_ONLY
2025-08-03,20:00,test,2025,2025,11,10.891967706267371,0.10803229373262901,11,11,true,2025,2025-08,macro_southerly_flow,11.246444444444442,0.24644444444444247,11,true,0.13841215071181345,0.3544767381770715,0,false,true,false,false,0.24644444444444247,-0.10803229373262901,EXPERIMENT_ONLY
2025-08-03,21:00,test,2025,2025,11,10.81591162879599,0.18408837120401067,11,11,true,2025,2025-08,macro_southerly_flow,11.246444444444442,0.24644444444444247,11,true,0.0623560732404318,0.43053281564845314,0,false,true,false,false,0.24644444444444247,-0.18408837120401067,EXPERIMENT_ONLY
2025-08-03,22:00,test,2025,2025,11,10.197724743330568,0.8022752566694322,11,10,false,2025,2025-08,macro_southerly_flow,11.246444444444442,0.24644444444444247,11,true,-0.5558308122249898,1.0487197011138747,1,true,false,false,true,0.24644444444444247,-0.8022752566694322,EXPERIMENT_ONLY
2025-08-03,23:00,test,2025,2025,11,10.33591374595681,0.6640862540431893,11,10,false,2025,2025-08,macro_southerly_flow,11.246444444444442,0.24644444444444247,11,true,-0.41764180959874686,0.9105306984876318,1,true,false,false,true,0.24644444444444247,-0.6640862540431893,EXPERIMENT_ONLY
2025-08-04,20:00,test,2025,2025,11,10.827100150552887,0.17289984944711279,11,11,true,2025,2025-08,macro_southerly_flow,12.132666666666665,1.1326666666666654,12,false,0.9597668172195526,1.3055665161137782,-1,false,true,true,false,1.1326666666666654,-0.17289984944711279,EXPERIMENT_ONLY
2025-08-04,21:00,test,2025,2025,11,10.926267422639356,0.07373257736064431,11,11,true,2025,2025-08,macro_southerly_flow,12.132666666666665,1.1326666666666654,12,false,1.058934089306021,1.2063992440273097,-1,false,true,true,false,1.1326666666666654,-0.07373257736064431,EXPERIMENT_ONLY
2025-08-04,22:00,test,2025,2025,11,10.800860619254518,0.199139380745482,11,11,true,2025,2025-08,macro_southerly_flow,12.132666666666665,1.1326666666666654,12,false,0.9335272859211834,1.3318060474121474,-1,false,true,true,false,1.1326666666666654,-0.199139380745482,EXPERIMENT_ONLY
2025-08-04,23:00,test,2025,2025,11,11.078384084054868,0.07838408405486774,11,11,true,2025,2025-08,macro_southerly_flow,12.132666666666665,1.1326666666666654,12,false,1.0542825826117976,1.0542825826117976,-1,false,true,true,false,1.1326666666666654,0.07838408405486774,EXPERIMENT_ONLY
2025-08-05,20:00,test,2025,2025,15,11.371853454010406,3.628146545989594,15,11,false,2025,2025-08,macro_non_southerly,13.346666666666668,1.6533333333333324,13,false,-1.9748132126562616,1.9748132126562616,0,true,false,false,false,-1.6533333333333324,-3.628146545989594,EXPERIMENT_ONLY
2025-08-05,21:00,test,2025,2025,15,11.77098228574054,3.2290177142594594,15,12,false,2025,2025-08,macro_non_southerly,13.346666666666668,1.6533333333333324,13,false,-1.575684380926127,1.575684380926127,0,true,false,false,false,-1.6533333333333324,-3.2290177142594594,EXPERIMENT_ONLY
2025-08-05,22:00,test,2025,2025,15,11.808604185742887,3.1913958142571133,15,12,false,2025,2025-08,macro_non_southerly,13.346666666666668,1.6533333333333324,13,false,-1.5380624809237808,1.5380624809237808,0,true,false,false,false,-1.6533333333333324,-3.1913958142571133,EXPERIMENT_ONLY
2025-08-05,23:00,test,2025,2025,15,12.01037644346034,2.9896235565396605,15,12,false,2025,2025-08,macro_non_southerly,13.346666666666668,1.6533333333333324,13,false,-1.336290223206328,1.336290223206328,0,true,false,false,false,-1.6533333333333324,-2.9896235565396605,EXPERIMENT_ONLY
2025-08-06,20:00,test,2025,2025,13,12.689360723558195,0.31063927644180467,13,13,true,2025,2025-08,macro_non_southerly,13.371777777777776,0.3717777777777762,13,true,0.06113850133597154,0.6824170542195809,0,false,true,false,false,0.3717777777777762,-0.31063927644180467,EXPERIMENT_ONLY
2025-08-06,21:00,test,2025,2025,13,13.152296812195427,0.15229681219542712,13,13,true,2025,2025-08,macro_non_southerly,13.371777777777776,0.3717777777777762,13,true,0.21948096558234909,0.21948096558234909,0,false,true,false,false,0.3717777777777762,0.15229681219542712,EXPERIMENT_ONLY
2025-08-06,22:00,test,2025,2025,13,13.706686577421044,0.7066865774210438,13,14,false,2025,2025-08,macro_non_southerly,13.371777777777776,0.3717777777777762,13,true,-0.3349087996432676,-0.3349087996432676,1,true,false,false,true,0.3717777777777762,0.7066865774210438,EXPERIMENT_ONLY
2025-08-06,23:00,test,2025,2025,13,14.11128585819609,1.1112858581960907,13,14,false,2025,2025-08,macro_non_southerly,13.371777777777776,0.3717777777777762,13,true,-0.7395080804183145,-0.7395080804183145,1,true,false,false,true,0.3717777777777762,1.1112858581960907,EXPERIMENT_ONLY
2025-08-07,20:00,test,2025,2025,15,13.651756622553739,1.348243377446261,15,14,false,2025,2025-08,macro_non_southerly,14.277777777777779,0.7222222222222214,14,false,-0.6260211552240396,0.6260211552240396,0,true,false,false,false,-0.7222222222222214,-1.348243377446261,EXPERIMENT_ONLY
2025-08-07,21:00,test,2025,2025,15,13.773336708803454,1.2266632911965463,15,14,false,2025,2025-08,macro_non_southerly,14.277777777777779,0.7222222222222214,14,false,-0.5044410689743248,0.5044410689743248,0,true,false,false,false,-0.7222222222222214,-1.2266632911965463,EXPERIMENT_ONLY
2025-08-07,22:00,test,2025,2025,15,13.628458343317318,1.3715416566826821,15,14,false,2025,2025-08,macro_non_southerly,14.277777777777779,0.7222222222222214,14,false,-0.6493194344604607,0.6493194344604607,0,true,false,false,false,-0.7222222222222214,-1.3715416566826821,EXPERIMENT_ONLY
2025-08-07,23:00,test,2025,2025,15,13.865993752376655,1.1340062476233452,15,14,false,2025,2025-08,macro_non_southerly,14.277777777777779,0.7222222222222214,14,false,-0.4117840254011238,0.4117840254011238,0,true,false,false,false,-0.7222222222222214,-1.1340062476233452,EXPERIMENT_ONLY
2025-08-08,20:00,test,2025,2025,14,13.686453736213073,0.31354626378692707,14,14,true,2025,2025-08,macro_non_southerly,14.580222222222222,0.580222222222222,15,false,0.2666759584352949,0.893768486009149,-1,false,true,true,false,0.580222222222222,-0.31354626378692707,EXPERIMENT_ONLY
2025-08-08,21:00,test,2025,2025,14,13.758046495220743,0.24195350477925714,14,14,true,2025,2025-08,macro_non_southerly,14.580222222222222,0.580222222222222,15,false,0.33826871744296483,0.8221757270014791,-1,false,true,true,false,0.580222222222222,-0.24195350477925714,EXPERIMENT_ONLY
2025-08-08,22:00,test,2025,2025,14,13.109648979984074,0.8903510200159257,14,13,false,2025,2025-08,macro_non_southerly,14.580222222222222,0.580222222222222,15,false,-0.3101287977937037,1.4705732422381477,0,true,false,false,false,0.580222222222222,-0.8903510200159257,EXPERIMENT_ONLY
2025-08-08,23:00,test,2025,2025,14,13.260188838144591,0.7398111618554086,14,13,false,2025,2025-08,macro_non_southerly,14.580222222222222,0.580222222222222,15,false,-0.15958893963318665,1.3200333840776306,0,true,false,false,false,0.580222222222222,-0.7398111618554086,EXPERIMENT_ONLY
2025-08-09,20:00,test,2025,2025,9,9.049268058393217,0.04926805839321702,9,9,true,2025,2025-08,macro_southerly_flow,9.693555555555555,0.6935555555555553,10,false,0.6442874971623382,0.6442874971623382,-1,false,true,true,false,0.6935555555555553,0.04926805839321702,EXPERIMENT_ONLY
2025-08-09,21:00,test,2025,2025,9,9.110847957943601,0.11084795794360147,9,9,true,2025,2025-08,macro_southerly_flow,9.693555555555555,0.6935555555555553,10,false,0.5827075976119538,0.5827075976119538,-1,false,true,true,false,0.6935555555555553,0.11084795794360147,EXPERIMENT_ONLY
2025-08-09,22:00,test,2025,2025,9,8.301482075743618,0.6985179242563824,9,8,false,2025,2025-08,macro_southerly_flow,9.693555555555555,0.6935555555555553,10,false,-0.004962368700827113,1.3920734798119376,0,true,false,false,false,0.6935555555555553,-0.6985179242563824,EXPERIMENT_ONLY
2025-08-09,23:00,test,2025,2025,9,8.476404183225771,0.523595816774229,9,8,false,2025,2025-08,macro_southerly_flow,9.693555555555555,0.6935555555555553,10,false,0.1699597387813263,1.2171513723297842,0,false,true,false,false,0.6935555555555553,-0.523595816774229,EXPERIMENT_ONLY
2025-08-10,20:00,test,2025,2025,9,8.143157615184757,0.8568423848152431,9,8,false,2025,2025-08,macro_southerly_flow,9.7,0.6999999999999993,10,false,-0.15684238481524382,1.5568423848152424,0,true,false,false,false,0.6999999999999993,-0.8568423848152431,EXPERIMENT_ONLY
2025-08-10,21:00,test,2025,2025,9,8.036331556272005,0.963668443727995,9,8,false,2025,2025-08,macro_southerly_flow,9.7,0.6999999999999993,10,false,-0.2636684437279957,1.6636684437279943,0,true,false,false,false,0.6999999999999993,-0.963668443727995,EXPERIMENT_ONLY
2025-08-10,22:00,test,2025,2025,9,7.616415522172634,1.383584477827366,9,8,false,2025,2025-08,macro_southerly_flow,9.7,0.6999999999999993,10,false,-0.6835844778273668,2.0835844778273653,0,true,false,false,false,0.6999999999999993,-1.383584477827366,EXPERIMENT_ONLY
2025-08-10,23:00,test,2025,2025,9,7.721851302311775,1.2781486976882253,9,8,false,2025,2025-08,macro_southerly_flow,9.7,0.6999999999999993,10,false,-0.578148697688226,1.9781486976882245,0,true,false,false,false,0.6999999999999993,-1.2781486976882253,EXPERIMENT_ONLY
2025-08-11,20:00,test,2025,2025,10,9.447701880297524,0.5522981197024759,10,9,false,2025,2025-08,macro_southerly_flow,10.597555555555555,0.5975555555555552,11,false,0.045257435853079286,1.149853675258031,0,false,true,false,false,0.5975555555555552,-0.5522981197024759,EXPERIMENT_ONLY
2025-08-11,21:00,test,2025,2025,10,9.476853514086198,0.5231464859138022,10,9,false,2025,2025-08,macro_southerly_flow,10.597555555555555,0.5975555555555552,11,false,0.07440906964175298,1.1207020414693574,0,false,true,false,false,0.5975555555555552,-0.5231464859138022,EXPERIMENT_ONLY
2025-08-11,22:00,test,2025,2025,10,9.184535452979457,0.815464547020543,10,9,false,2025,2025-08,macro_southerly_flow,10.597555555555555,0.5975555555555552,11,false,-0.21790899146498788,1.4130201025760982,0,true,false,false,false,0.5975555555555552,-0.815464547020543,EXPERIMENT_ONLY
2025-08-11,23:00,test,2025,2025,10,9.324292288054014,0.6757077119459858,10,9,false,2025,2025-08,macro_southerly_flow,10.597555555555555,0.5975555555555552,11,false,-0.0781521563904306,1.273263267501541,0,true,false,false,false,0.5975555555555552,-0.6757077119459858,EXPERIMENT_ONLY
2025-08-12,20:00,test,2025,2025,11,10.095711539723167,0.9042884602768329,11,10,false,2025,2025-08,macro_southerly_flow,10.707777777777777,0.2922222222222235,11,true,-0.6120662380546094,0.6120662380546094,1,true,false,false,true,-0.2922222222222235,-0.9042884602768329,EXPERIMENT_ONLY
2025-08-12,21:00,test,2025,2025,11,10.119519812924096,0.8804801870759036,11,10,false,2025,2025-08,macro_southerly_flow,10.707777777777777,0.2922222222222235,11,true,-0.5882579648536801,0.5882579648536801,1,true,false,false,true,-0.2922222222222235,-0.8804801870759036,EXPERIMENT_ONLY
2025-08-12,22:00,test,2025,2025,11,9.664282733760066,1.335717266239934,11,10,false,2025,2025-08,macro_southerly_flow,10.707777777777777,0.2922222222222235,11,true,-1.0434950440177104,1.0434950440177104,1,true,false,false,true,-0.2922222222222235,-1.335717266239934,EXPERIMENT_ONLY
2025-08-12,23:00,test,2025,2025,11,9.770321526379323,1.2296784736206767,11,10,false,2025,2025-08,macro_southerly_flow,10.707777777777777,0.2922222222222235,11,true,-0.9374562513984532,0.9374562513984532,1,true,false,false,true,-0.2922222222222235,-1.2296784736206767,EXPERIMENT_ONLY
2025-08-13,20:00,test,2025,2025,11,10.693407655458135,0.30659234454186546,11,11,true,2025,2025-08,macro_southerly_flow,11.214222222222222,0.2142222222222223,11,true,-0.09237012231964314,0.5208145667640878,0,true,false,false,false,0.2142222222222223,-0.30659234454186546,EXPERIMENT_ONLY
2025-08-13,21:00,test,2025,2025,11,10.757751362209074,0.24224863779092587,11,11,true,2025,2025-08,macro_southerly_flow,11.214222222222222,0.2142222222222223,11,true,-0.028026415568703555,0.4564708600131482,0,true,false,false,false,0.2142222222222223,-0.24224863779092587,EXPERIMENT_ONLY
2025-08-13,22:00,test,2025,2025,11,10.42231989811177,0.5776801018882303,11,10,false,2025,2025-08,macro_southerly_flow,11.214222222222222,0.2142222222222223,11,true,-0.36345787966600795,0.7919023241104526,1,true,false,false,true,0.2142222222222223,-0.5776801018882303,EXPERIMENT_ONLY
2025-08-13,23:00,test,2025,2025,11,10.633854507953805,0.3661454920461953,11,11,true,2025,2025-08,macro_southerly_flow,11.214222222222222,0.2142222222222223,11,true,-0.15192326982397297,0.5803677142684176,0,true,false,false,false,0.2142222222222223,-0.3661454920461953,EXPERIMENT_ONLY
2025-08-14,20:00,test,2025,2025,12,11.75777524699307,0.24222475300692992,12,12,true,2025,2025-08,macro_non_southerly,12.110222222222223,0.11022222222222311,12,true,-0.1320025307847068,0.352446975229153,0,true,false,false,false,0.11022222222222311,-0.24222475300692992,EXPERIMENT_ONLY
2025-08-14,21:00,test,2025,2025,12,12.257592563172354,0.2575925631723539,12,12,true,2025,2025-08,macro_non_southerly,12.110222222222223,0.11022222222222311,12,true,-0.1473703409501308,-0.1473703409501308,0,true,false,false,false,0.11022222222222311,0.2575925631723539,EXPERIMENT_ONLY
2025-08-14,22:00,test,2025,2025,12,11.844410322579186,0.15558967742081364,12,12,true,2025,2025-08,macro_non_southerly,12.110222222222223,0.11022222222222311,12,true,-0.045367455198590534,0.26581189964303675,0,true,false,false,false,0.11022222222222311,-0.15558967742081364,EXPERIMENT_ONLY
2025-08-14,23:00,test,2025,2025,12,11.43218589581035,0.5678141041896492,12,11,false,2025,2025-08,macro_non_southerly,12.110222222222223,0.11022222222222311,12,true,-0.45759188196742606,0.6780363264118723,1,true,false,false,true,0.11022222222222311,-0.5678141041896492,EXPERIMENT_ONLY
2025-08-15,20:00,test,2025,2025,15,13.14629722899505,1.8537027710049507,15,13,false,2025,2025-08,macro_non_southerly,13.607333333333335,1.3926666666666652,14,false,-0.46103610433828557,0.46103610433828557,0,true,false,false,false,-1.3926666666666652,-1.8537027710049507,EXPERIMENT_ONLY
2025-08-15,21:00,test,2025,2025,15,13.848531011256373,1.151468988743627,15,14,false,2025,2025-08,macro_non_southerly,13.607333333333335,1.3926666666666652,14,false,0.24119767792303826,-0.24119767792303826,0,false,true,false,false,-1.3926666666666652,-1.151468988743627,EXPERIMENT_ONLY
2025-08-15,22:00,test,2025,2025,15,14.188317661431086,0.8116823385689145,15,14,false,2025,2025-08,macro_non_southerly,13.607333333333335,1.3926666666666652,14,false,0.5809843280977507,-0.5809843280977507,0,false,true,false,false,-1.3926666666666652,-0.8116823385689145,EXPERIMENT_ONLY
2025-08-15,23:00,test,2025,2025,15,14.423811773241885,0.5761882267581147,15,14,false,2025,2025-08,macro_non_southerly,13.607333333333335,1.3926666666666652,14,false,0.8164784399085505,-0.8164784399085505,0,false,true,false,false,-1.3926666666666652,-0.5761882267581147,EXPERIMENT_ONLY
2025-08-16,20:00,test,2025,2025,13,14.198105335089704,1.1981053350897035,13,14,false,2025,2025-08,macro_non_southerly,13.34488888888889,0.3448888888888906,13,true,-0.8532164462008129,-0.8532164462008129,1,true,false,false,true,0.3448888888888906,1.1981053350897035,EXPERIMENT_ONLY
2025-08-16,21:00,test,2025,2025,13,14.123310797825471,1.1233107978254715,13,14,false,2025,2025-08,macro_non_southerly,13.34488888888889,0.3448888888888906,13,true,-0.7784219089365809,-0.7784219089365809,1,true,false,false,true,0.3448888888888906,1.1233107978254715,EXPERIMENT_ONLY
2025-08-16,22:00,test,2025,2025,13,14.133543513303946,1.1335435133039464,13,14,false,2025,2025-08,macro_non_southerly,13.34488888888889,0.3448888888888906,13,true,-0.7886546244150558,-0.7886546244150558,1,true,false,false,true,0.3448888888888906,1.1335435133039464,EXPERIMENT_ONLY
2025-08-16,23:00,test,2025,2025,13,14.434174864003298,1.4341748640032979,13,14,false,2025,2025-08,macro_non_southerly,13.34488888888889,0.3448888888888906,13,true,-1.0892859751144073,-1.0892859751144073,1,true,false,false,true,0.3448888888888906,1.4341748640032979,EXPERIMENT_ONLY
2025-08-17,20:00,test,2025,2025,14,14.166154874189143,0.166154874189143,14,14,true,2025,2025-08,macro_non_southerly,12.783333333333333,1.2166666666666668,13,false,1.0505117924775238,-1.3828215408558098,-1,false,true,true,false,-1.2166666666666668,0.166154874189143,EXPERIMENT_ONLY
2025-08-17,21:00,test,2025,2025,14,14.158459341867939,0.15845934186793897,14,14,true,2025,2025-08,macro_non_southerly,12.783333333333333,1.2166666666666668,13,false,1.0582073247987278,-1.3751260085346058,-1,false,true,true,false,-1.2166666666666668,0.15845934186793897,EXPERIMENT_ONLY
2025-08-17,22:00,test,2025,2025,14,13.990385843483791,0.009614156516208894,14,14,true,2025,2025-08,macro_non_southerly,12.783333333333333,1.2166666666666668,13,false,1.207052510150458,-1.207052510150458,-1,false,true,true,false,-1.2166666666666668,-0.009614156516208894,EXPERIMENT_ONLY
2025-08-17,23:00,test,2025,2025,14,14.02521191201854,0.02521191201853945,14,14,true,2025,2025-08,macro_non_southerly,12.783333333333333,1.2166666666666668,13,false,1.1914547546481273,-1.2418785786852062,-1,false,true,true,false,-1.2166666666666668,0.02521191201853945,EXPERIMENT_ONLY
2025-08-18,20:00,test,2025,2025,14,13.863442576197329,0.136557423802671,14,14,true,2025,2025-08,macro_non_southerly,14.018444444444444,0.018444444444444485,14,true,-0.11811297935822651,0.15500186824711548,0,true,false,false,false,0.018444444444444485,-0.136557423802671,EXPERIMENT_ONLY
2025-08-18,21:00,test,2025,2025,14,14.258553882904367,0.2585538829043674,14,14,true,2025,2025-08,macro_non_southerly,14.018444444444444,0.018444444444444485,14,true,-0.24010943845992294,-0.24010943845992294,0,true,false,false,false,0.018444444444444485,0.2585538829043674,EXPERIMENT_ONLY
2025-08-18,22:00,test,2025,2025,14,14.698560448637505,0.6985604486375045,14,15,false,2025,2025-08,macro_non_southerly,14.018444444444444,0.018444444444444485,14,true,-0.6801160041930601,-0.6801160041930601,1,true,false,false,true,0.018444444444444485,0.6985604486375045,EXPERIMENT_ONLY
2025-08-18,23:00,test,2025,2025,14,14.75803579782987,0.7580357978298693,14,15,false,2025,2025-08,macro_non_southerly,14.018444444444444,0.018444444444444485,14,true,-0.7395913533854248,-0.7395913533854248,1,true,false,false,true,0.018444444444444485,0.7580357978298693,EXPERIMENT_ONLY
2025-08-19,20:00,test,2025,2025,12,10.308203834975604,1.691796165024396,12,10,false,2025,2025-08,macro_southerly_flow,12.142444444444445,0.14244444444444504,12,true,-1.549351720579951,1.834240609468841,1,true,false,false,true,0.14244444444444504,-1.691796165024396,EXPERIMENT_ONLY
2025-08-19,21:00,test,2025,2025,12,10.384950249383012,1.615049750616988,12,10,false,2025,2025-08,macro_southerly_flow,12.142444444444445,0.14244444444444504,12,true,-1.472605306172543,1.7574941950614331,1,true,false,false,true,0.14244444444444504,-1.615049750616988,EXPERIMENT_ONLY
2025-08-19,22:00,test,2025,2025,12,9.277009366622556,2.722990633377444,12,9,false,2025,2025-08,macro_southerly_flow,12.142444444444445,0.14244444444444504,12,true,-2.580546188932999,2.865435077821889,1,true,false,false,true,0.14244444444444504,-2.722990633377444,EXPERIMENT_ONLY
2025-08-19,23:00,test,2025,2025,12,9.517985232189309,2.482014767810691,12,10,false,2025,2025-08,macro_southerly_flow,12.142444444444445,0.14244444444444504,12,true,-2.339570323366246,2.624459212255136,1,true,false,false,true,0.14244444444444504,-2.482014767810691,EXPERIMENT_ONLY
2025-08-20,20:00,test,2025,2025,11,10.303557398303868,0.6964426016961323,11,10,false,2025,2025-08,macro_southerly_flow,11.335333333333331,0.33533333333333104,11,true,-0.3611092683628012,1.0317759350294633,1,true,false,false,true,0.33533333333333104,-0.6964426016961323,EXPERIMENT_ONLY
2025-08-20,21:00,test,2025,2025,11,10.203364476672453,0.7966355233275468,11,10,false,2025,2025-08,macro_southerly_flow,11.335333333333331,0.33533333333333104,11,true,-0.4613021899942158,1.1319688566608779,1,true,false,false,true,0.33533333333333104,-0.7966355233275468,EXPERIMENT_ONLY
2025-08-20,22:00,test,2025,2025,11,9.984636566708957,1.0153634332910428,11,10,false,2025,2025-08,macro_southerly_flow,11.335333333333331,0.33533333333333104,11,true,-0.6800300999577118,1.3506967666243739,1,true,false,false,true,0.33533333333333104,-1.0153634332910428,EXPERIMENT_ONLY
2025-08-20,23:00,test,2025,2025,11,10.297807713900996,0.7021922860990042,11,10,false,2025,2025-08,macro_southerly_flow,11.335333333333331,0.33533333333333104,11,true,-0.36685895276567315,1.0375256194323352,1,true,false,false,true,0.33533333333333104,-0.7021922860990042,EXPERIMENT_ONLY
2025-08-21,20:00,test,2025,2025,11,11.013641207144047,0.013641207144047485,11,11,true,2025,2025-08,macro_southerly_flow,11.370666666666668,0.3706666666666685,11,true,0.357025459522621,0.357025459522621,0,false,true,false,false,0.3706666666666685,0.013641207144047485,EXPERIMENT_ONLY
2025-08-21,21:00,test,2025,2025,11,11.146526521685814,0.14652652168581426,11,11,true,2025,2025-08,macro_southerly_flow,11.370666666666668,0.3706666666666685,11,true,0.22414014498085422,0.22414014498085422,0,false,true,false,false,0.3706666666666685,0.14652652168581426,EXPERIMENT_ONLY
2025-08-21,22:00,test,2025,2025,11,10.254416563814033,0.7455834361859672,11,10,false,2025,2025-08,macro_southerly_flow,11.370666666666668,0.3706666666666685,11,true,-0.37491676951929875,1.1162501028526357,1,true,false,false,true,0.3706666666666685,-0.7455834361859672,EXPERIMENT_ONLY
2025-08-21,23:00,test,2025,2025,11,10.36081716392136,0.6391828360786391,11,10,false,2025,2025-08,macro_southerly_flow,11.370666666666668,0.3706666666666685,11,true,-0.26851616941197065,1.0098495027453076,1,true,false,false,true,0.3706666666666685,-0.6391828360786391,EXPERIMENT_ONLY
2025-08-22,20:00,test,2025,2025,12,10.812152708233542,1.1878472917664578,12,11,false,2025,2025-08,macro_southerly_flow,11.448666666666668,0.5513333333333321,11,false,-0.6365139584331256,0.6365139584331256,0,true,false,false,false,-0.5513333333333321,-1.1878472917664578,EXPERIMENT_ONLY
2025-08-22,21:00,test,2025,2025,12,11.074198324382024,0.9258016756179757,12,11,false,2025,2025-08,macro_southerly_flow,11.448666666666668,0.5513333333333321,11,false,-0.37446834228464354,0.37446834228464354,0,true,false,false,false,-0.5513333333333321,-0.9258016756179757,EXPERIMENT_ONLY
2025-08-22,22:00,test,2025,2025,12,10.73893077153348,1.2610692284665195,12,11,false,2025,2025-08,macro_southerly_flow,11.448666666666668,0.5513333333333321,11,false,-0.7097358951331874,0.7097358951331874,0,true,false,false,false,-0.5513333333333321,-1.2610692284665195,EXPERIMENT_ONLY
2025-08-22,23:00,test,2025,2025,12,10.91264685405539,1.0873531459446095,12,11,false,2025,2025-08,macro_southerly_flow,11.448666666666668,0.5513333333333321,11,false,-0.5360198126112774,0.5360198126112774,0,true,false,false,false,-0.5513333333333321,-1.0873531459446095,EXPERIMENT_ONLY
2025-08-23,20:00,test,2025,2025,12,11.253332053547561,0.7466679464524386,12,11,false,2025,2025-08,macro_non_southerly,12.436222222222222,0.43622222222222184,12,true,-0.31044572423021677,1.1828901686746605,1,true,false,false,true,0.43622222222222184,-0.7466679464524386,EXPERIMENT_ONLY
2025-08-23,21:00,test,2025,2025,12,11.854153206667496,0.14584679333250428,12,12,true,2025,2025-08,macro_non_southerly,12.436222222222222,0.43622222222222184,12,true,0.29037542888971757,0.5820690155547261,0,false,true,false,false,0.43622222222222184,-0.14584679333250428,EXPERIMENT_ONLY
2025-08-23,22:00,test,2025,2025,12,12.312279877735959,0.3122798777359588,12,12,true,2025,2025-08,macro_non_southerly,12.436222222222222,0.43622222222222184,12,true,0.12394234448626307,0.12394234448626307,0,false,true,false,false,0.43622222222222184,0.3122798777359588,EXPERIMENT_ONLY
2025-08-23,23:00,test,2025,2025,12,12.645755072950886,0.6457550729508856,12,13,false,2025,2025-08,macro_non_southerly,12.436222222222222,0.43622222222222184,12,true,-0.2095328507286638,-0.2095328507286638,1,true,false,false,true,0.43622222222222184,0.6457550729508856,EXPERIMENT_ONLY
2025-08-24,20:00,test,2025,2025,15,13.235533567307327,1.7644664326926733,15,13,false,2025,2025-08,macro_non_southerly,13.699333333333334,1.3006666666666664,14,false,-0.4637997660260069,0.4637997660260069,0,true,false,false,false,-1.3006666666666664,-1.7644664326926733,EXPERIMENT_ONLY
2025-08-24,21:00,test,2025,2025,15,13.73274277542901,1.26725722457099,15,14,false,2025,2025-08,macro_non_southerly,13.699333333333334,1.3006666666666664,14,false,0.03340944209567631,-0.03340944209567631,0,false,true,false,false,-1.3006666666666664,-1.26725722457099,EXPERIMENT_ONLY
2025-08-24,22:00,test,2025,2025,15,13.832567360534222,1.167432639465778,15,14,false,2025,2025-08,macro_non_southerly,13.699333333333334,1.3006666666666664,14,false,0.1332340272008885,-0.1332340272008885,0,false,true,false,false,-1.3006666666666664,-1.167432639465778,EXPERIMENT_ONLY
2025-08-24,23:00,test,2025,2025,15,13.928060687588802,1.0719393124111978,15,14,false,2025,2025-08,macro_non_southerly,13.699333333333334,1.3006666666666664,14,false,0.22872735425546864,-0.22872735425546864,0,false,true,false,false,-1.3006666666666664,-1.0719393124111978,EXPERIMENT_ONLY
2025-08-25,20:00,test,2025,2025,13,14.087815009732024,1.087815009732024,13,14,false,2025,2025-08,macro_non_southerly,14.249555555555556,1.2495555555555562,14,false,0.16174054582353214,0.16174054582353214,0,false,true,false,false,1.2495555555555562,1.087815009732024,EXPERIMENT_ONLY
2025-08-25,21:00,test,2025,2025,13,14.788968415801229,1.7889684158012287,13,15,false,2025,2025-08,macro_non_southerly,14.249555555555556,1.2495555555555562,14,false,-0.5394128602456725,-0.5394128602456725,0,true,false,false,false,1.2495555555555562,1.7889684158012287,EXPERIMENT_ONLY
2025-08-25,22:00,test,2025,2025,13,14.939120809830534,1.9391208098305341,13,15,false,2025,2025-08,macro_non_southerly,14.249555555555556,1.2495555555555562,14,false,-0.689565254274978,-0.689565254274978,0,true,false,false,false,1.2495555555555562,1.9391208098305341,EXPERIMENT_ONLY
2025-08-25,23:00,test,2025,2025,13,15.173962108820032,2.1739621088200316,13,15,false,2025,2025-08,macro_non_southerly,14.249555555555556,1.2495555555555562,14,false,-0.9244065532644754,-0.9244065532644754,0,true,false,false,false,1.2495555555555562,2.1739621088200316,EXPERIMENT_ONLY
2025-08-26,20:00,test,2025,2025,14,13.20078372240639,0.7992162775936098,14,13,false,2025,2025-08,macro_non_southerly,14.048222222222224,0.04822222222222372,14,true,-0.7509940553713861,0.8474384998158335,1,true,false,false,true,0.04822222222222372,-0.7992162775936098,EXPERIMENT_ONLY
2025-08-26,21:00,test,2025,2025,14,13.734921337561792,0.2650786624382082,14,14,true,2025,2025-08,macro_non_southerly,14.048222222222224,0.04822222222222372,14,true,-0.2168564402159845,0.31330088466043193,0,true,false,false,false,0.04822222222222372,-0.2650786624382082,EXPERIMENT_ONLY
2025-08-26,22:00,test,2025,2025,14,14.323442769121481,0.3234427691214812,14,14,true,2025,2025-08,macro_non_southerly,14.048222222222224,0.04822222222222372,14,true,-0.27522054689925746,-0.27522054689925746,0,true,false,false,false,0.04822222222222372,0.3234427691214812,EXPERIMENT_ONLY
2025-08-26,23:00,test,2025,2025,14,14.7241650697359,0.7241650697358999,14,15,false,2025,2025-08,macro_non_southerly,14.048222222222224,0.04822222222222372,14,true,-0.6759428475136762,-0.6759428475136762,1,true,false,false,true,0.04822222222222372,0.7241650697358999,EXPERIMENT_ONLY
2025-08-27,20:00,test,2025,2025,16,14.97953863227523,1.0204613677247707,16,15,false,2025,2025-08,macro_non_southerly,14.391333333333332,1.608666666666668,14,false,0.5882052989418973,-0.5882052989418973,0,false,true,false,false,-1.608666666666668,-1.0204613677247707,EXPERIMENT_ONLY
2025-08-27,21:00,test,2025,2025,16,15.33804416509165,0.6619558349083494,16,15,false,2025,2025-08,macro_non_southerly,14.391333333333332,1.608666666666668,14,false,0.9467108317583186,-0.9467108317583186,0,false,true,false,false,-1.608666666666668,-0.6619558349083494,EXPERIMENT_ONLY
2025-08-27,22:00,test,2025,2025,16,15.740368362251289,0.25963163774871134,16,16,true,2025,2025-08,macro_non_southerly,14.391333333333332,1.608666666666668,14,false,1.3490350289179567,-1.3490350289179567,-1,false,true,true,false,-1.608666666666668,-0.25963163774871134,EXPERIMENT_ONLY
2025-08-27,23:00,test,2025,2025,16,16.001802054562916,0.0018020545629156004,16,16,true,2025,2025-08,macro_non_southerly,14.391333333333332,1.608666666666668,14,false,1.6068646121037524,-1.6104687212295836,-1,false,true,true,false,-1.608666666666668,0.0018020545629156004,EXPERIMENT_ONLY
2025-08-28,20:00,test,2025,2025,15,14.73919827381232,0.2608017261876796,15,15,true,2025,2025-08,macro_non_southerly,14.438444444444444,0.5615555555555556,14,false,0.300753829367876,-0.300753829367876,-1,false,true,true,false,-0.5615555555555556,-0.2608017261876796,EXPERIMENT_ONLY
2025-08-28,21:00,test,2025,2025,15,14.871601390718464,0.12839860928153612,15,15,true,2025,2025-08,macro_non_southerly,14.438444444444444,0.5615555555555556,14,false,0.43315694627401946,-0.43315694627401946,-1,false,true,true,false,-0.5615555555555556,-0.12839860928153612,EXPERIMENT_ONLY
2025-08-28,22:00,test,2025,2025,15,14.58730196913423,0.4126980308657693,15,15,true,2025,2025-08,macro_non_southerly,14.438444444444444,0.5615555555555556,14,false,0.1488575246897863,-0.1488575246897863,-1,false,true,true,false,-0.5615555555555556,-0.4126980308657693,EXPERIMENT_ONLY
2025-08-28,23:00,test,2025,2025,15,14.337463310149609,0.6625366898503913,15,14,false,2025,2025-08,macro_non_southerly,14.438444444444444,0.5615555555555556,14,false,-0.10098113429483568,0.10098113429483568,0,true,false,false,false,-0.5615555555555556,-0.6625366898503913,EXPERIMENT_ONLY
2025-08-29,20:00,test,2025,2025,16,15.773636466766146,0.2263635332338545,16,16,true,2025,2025-08,macro_non_southerly,14.630222222222223,1.3697777777777773,15,false,1.1434142445439228,-1.1434142445439228,-1,false,true,true,false,-1.3697777777777773,-0.2263635332338545,EXPERIMENT_ONLY
2025-08-29,21:00,test,2025,2025,16,15.92932212170406,0.07067787829594074,16,16,true,2025,2025-08,macro_non_southerly,14.630222222222223,1.3697777777777773,15,false,1.2990998994818366,-1.2990998994818366,-1,false,true,true,false,-1.3697777777777773,-0.07067787829594074,EXPERIMENT_ONLY
2025-08-29,22:00,test,2025,2025,16,15.826090416532313,0.1739095834676867,16,16,true,2025,2025-08,macro_non_southerly,14.630222222222223,1.3697777777777773,15,false,1.1958681943100906,-1.1958681943100906,-1,false,true,true,false,-1.3697777777777773,-0.1739095834676867,EXPERIMENT_ONLY
2025-08-29,23:00,test,2025,2025,16,15.595543895620759,0.40445610437924095,16,16,true,2025,2025-08,macro_non_southerly,14.630222222222223,1.3697777777777773,15,false,0.9653216733985364,-0.9653216733985364,-1,false,true,true,false,-1.3697777777777773,-0.40445610437924095,EXPERIMENT_ONLY
2025-08-30,20:00,test,2025,2025,16,16.00651216752943,0.006512167529429291,16,16,true,2025,2025-08,macro_non_southerly,14.434444444444447,1.5655555555555534,14,false,1.559043388026124,-1.5720677230849827,-1,false,true,true,false,-1.5655555555555534,0.006512167529429291,EXPERIMENT_ONLY
2025-08-30,21:00,test,2025,2025,16,16.138537539846986,0.13853753984698614,16,16,true,2025,2025-08,macro_non_southerly,14.434444444444447,1.5655555555555534,14,false,1.4270180157085672,-1.7040930954025395,-1,false,true,true,false,-1.5655555555555534,0.13853753984698614,EXPERIMENT_ONLY
2025-08-30,22:00,test,2025,2025,16,16.08947058520133,0.08947058520132956,16,16,true,2025,2025-08,macro_non_southerly,14.434444444444447,1.5655555555555534,14,false,1.4760849703542238,-1.655026140756883,-1,false,true,true,false,-1.5655555555555534,0.08947058520132956,EXPERIMENT_ONLY
2025-08-30,23:00,test,2025,2025,16,16.183821288469808,0.18382128846980805,16,16,true,2025,2025-08,macro_non_southerly,14.434444444444447,1.5655555555555534,14,false,1.3817342670857453,-1.7493768440253614,-1,false,true,true,false,-1.5655555555555534,0.18382128846980805,EXPERIMENT_ONLY
2025-08-31,20:00,test,2025,2025,14,15.06480208796888,1.0648020879688804,14,15,false,2025,2025-08,macro_non_southerly,13.516222222222222,0.4837777777777781,14,true,-0.5810243101911023,-1.5485798657466585,1,true,false,false,true,-0.4837777777777781,1.0648020879688804,EXPERIMENT_ONLY
2025-08-31,21:00,test,2025,2025,14,14.856001934817435,0.856001934817435,14,15,false,2025,2025-08,macro_non_southerly,13.516222222222222,0.4837777777777781,14,true,-0.37222415703965694,-1.3397797125952131,1,true,false,false,true,-0.4837777777777781,0.856001934817435,EXPERIMENT_ONLY
2025-08-31,22:00,test,2025,2025,14,13.96461656788487,0.03538343211513073,14,14,true,2025,2025-08,macro_non_southerly,13.516222222222222,0.4837777777777781,14,true,0.44839434566264735,-0.44839434566264735,0,false,true,false,false,-0.4837777777777781,-0.03538343211513073,EXPERIMENT_ONLY
2025-08-31,23:00,test,2025,2025,14,13.905792905433868,0.09420709456613174,14,14,true,2025,2025-08,macro_non_southerly,13.516222222222222,0.4837777777777781,14,true,0.38957068321164634,-0.38957068321164634,0,false,true,false,false,-0.4837777777777781,-0.09420709456613174,EXPERIMENT_ONLY
2025-09-01,20:00,test,2025,2025,16,14.732725952159594,1.2672740478404059,16,15,false,2025,2025-09,macro_non_southerly,14.541777777777778,1.458222222222222,15,false,0.19094817438181622,-0.19094817438181622,0,false,true,false,false,-1.458222222222222,-1.2672740478404059,EXPERIMENT_ONLY
2025-09-01,21:00,test,2025,2025,16,15.39444808402315,0.6055519159768501,16,15,false,2025,2025-09,macro_non_southerly,14.541777777777778,1.458222222222222,15,false,0.852670306245372,-0.852670306245372,0,false,true,false,false,-1.458222222222222,-0.6055519159768501,EXPERIMENT_ONLY
2025-09-01,22:00,test,2025,2025,16,15.869391793022874,0.13060820697712572,16,16,true,2025,2025-09,macro_non_southerly,14.541777777777778,1.458222222222222,15,false,1.3276140152450964,-1.3276140152450964,-1,false,true,true,false,-1.458222222222222,-0.13060820697712572,EXPERIMENT_ONLY
2025-09-01,23:00,test,2025,2025,16,15.886957863217717,0.11304213678228336,16,16,true,2025,2025-09,macro_non_southerly,14.541777777777778,1.458222222222222,15,false,1.3451800854399387,-1.3451800854399387,-1,false,true,true,false,-1.458222222222222,-0.11304213678228336,EXPERIMENT_ONLY
2025-09-02,20:00,test,2025,2025,16,14.470987530352957,1.5290124696470428,16,14,false,2025,2025-09,macro_non_southerly,14.506888888888891,1.4931111111111086,15,false,-0.035901358535934236,0.035901358535934236,0,true,false,false,false,-1.4931111111111086,-1.5290124696470428,EXPERIMENT_ONLY
2025-09-02,21:00,test,2025,2025,16,14.602764567109357,1.3972354328906427,16,15,false,2025,2025-09,macro_non_southerly,14.506888888888891,1.4931111111111086,15,false,0.09587567822046594,-0.09587567822046594,0,false,true,false,false,-1.4931111111111086,-1.3972354328906427,EXPERIMENT_ONLY
2025-09-02,22:00,test,2025,2025,16,15.111095533700396,0.8889044662996035,16,15,false,2025,2025-09,macro_non_southerly,14.506888888888891,1.4931111111111086,15,false,0.6042066448115051,-0.6042066448115051,0,false,true,false,false,-1.4931111111111086,-0.8889044662996035,EXPERIMENT_ONLY
2025-09-02,23:00,test,2025,2025,16,15.20904636738778,0.7909536326122204,16,15,false,2025,2025-09,macro_non_southerly,14.506888888888891,1.4931111111111086,15,false,0.7021574784988882,-0.7021574784988882,0,false,true,false,false,-1.4931111111111086,-0.7909536326122204,EXPERIMENT_ONLY
2025-09-03,20:00,test,2025,2025,14,14.007669088469006,0.007669088469006269,14,14,true,2025,2025-09,macro_southerly_flow,13.190000000000001,0.8099999999999987,13,false,0.8023309115309925,-0.817669088469005,-1,false,true,true,false,-0.8099999999999987,0.007669088469006269,EXPERIMENT_ONLY
2025-09-03,21:00,test,2025,2025,14,14.262547824419217,0.262547824419217,14,14,true,2025,2025-09,macro_southerly_flow,13.190000000000001,0.8099999999999987,13,false,0.5474521755807817,-1.0725478244192157,-1,false,true,true,false,-0.8099999999999987,0.262547824419217,EXPERIMENT_ONLY
2025-09-03,22:00,test,2025,2025,14,13.66054826412814,0.33945173587185984,14,14,true,2025,2025-09,macro_southerly_flow,13.190000000000001,0.8099999999999987,13,false,0.4705482641281389,-0.4705482641281389,-1,false,true,true,false,-0.8099999999999987,-0.33945173587185984,EXPERIMENT_ONLY
2025-09-03,23:00,test,2025,2025,14,13.767728178581347,0.232271821418653,14,14,true,2025,2025-09,macro_southerly_flow,13.190000000000001,0.8099999999999987,13,false,0.5777281785813457,-0.5777281785813457,-1,false,true,true,false,-0.8099999999999987,-0.232271821418653,EXPERIMENT_ONLY
2025-09-04,20:00,test,2025,2025,16,15.220523905010637,0.7794760949893629,16,15,false,2025,2025-09,macro_non_southerly,15.078444444444443,0.9215555555555568,15,false,0.14207946056619392,-0.14207946056619392,0,false,true,false,false,-0.9215555555555568,-0.7794760949893629,EXPERIMENT_ONLY
2025-09-04,21:00,test,2025,2025,16,15.518947027590738,0.4810529724092625,16,16,true,2025,2025-09,macro_non_southerly,15.078444444444443,0.9215555555555568,15,false,0.4405025831462943,-0.4405025831462943,-1,false,true,true,false,-0.9215555555555568,-0.4810529724092625,EXPERIMENT_ONLY
2025-09-04,22:00,test,2025,2025,16,15.5019995114688,0.4980004885312006,16,16,true,2025,2025-09,macro_non_southerly,15.078444444444443,0.9215555555555568,15,false,0.4235550670243562,-0.4235550670243562,-1,false,true,true,false,-0.9215555555555568,-0.4980004885312006,EXPERIMENT_ONLY
2025-09-04,23:00,test,2025,2025,16,15.488492588095554,0.5115074119044465,16,15,false,2025,2025-09,macro_non_southerly,15.078444444444443,0.9215555555555568,15,false,0.4100481436511103,-0.4100481436511103,0,false,true,false,false,-0.9215555555555568,-0.5115074119044465,EXPERIMENT_ONLY
2025-09-05,20:00,test,2025,2025,16,15.762092709272302,0.23790729072769778,16,16,true,2025,2025-09,macro_non_southerly,15.147111111111112,0.8528888888888879,15,false,0.6149815981611901,-0.6149815981611901,-1,false,true,true,false,-0.8528888888888879,-0.23790729072769778,EXPERIMENT_ONLY
2025-09-05,21:00,test,2025,2025,16,15.756150479057307,0.24384952094269252,16,16,true,2025,2025-09,macro_non_southerly,15.147111111111112,0.8528888888888879,15,false,0.6090393679461954,-0.6090393679461954,-1,false,true,true,false,-0.8528888888888879,-0.24384952094269252,EXPERIMENT_ONLY
2025-09-05,22:00,test,2025,2025,16,15.286460889916746,0.7135391100832535,16,15,false,2025,2025-09,macro_non_southerly,15.147111111111112,0.8528888888888879,15,false,0.13934977880563437,-0.13934977880563437,0,false,true,false,false,-0.8528888888888879,-0.7135391100832535,EXPERIMENT_ONLY
2025-09-05,23:00,test,2025,2025,16,15.349580688161907,0.6504193118380925,16,15,false,2025,2025-09,macro_non_southerly,15.147111111111112,0.8528888888888879,15,false,0.20246957705079538,-0.20246957705079538,0,false,true,false,false,-0.8528888888888879,-0.6504193118380925,EXPERIMENT_ONLY
2025-09-06,20:00,test,2025,2025,13,14.479684925057903,1.479684925057903,13,14,false,2025,2025-09,macro_non_southerly,13.498888888888887,0.49888888888888694,13,true,-0.980796036169016,-0.980796036169016,1,true,false,false,true,0.49888888888888694,1.479684925057903,EXPERIMENT_ONLY
2025-09-06,21:00,test,2025,2025,13,14.810026231726141,1.810026231726141,13,15,false,2025,2025-09,macro_non_southerly,13.498888888888887,0.49888888888888694,13,true,-1.3111373428372541,-1.3111373428372541,1,true,false,false,true,0.49888888888888694,1.810026231726141,EXPERIMENT_ONLY
2025-09-06,22:00,test,2025,2025,13,13.546955121996838,0.546955121996838,13,14,false,2025,2025-09,macro_non_southerly,13.498888888888887,0.49888888888888694,13,true,-0.048066233107951106,-0.048066233107951106,1,true,false,false,true,0.49888888888888694,0.546955121996838,EXPERIMENT_ONLY
2025-09-06,23:00,test,2025,2025,13,13.509580011028769,0.5095800110287687,13,14,false,2025,2025-09,macro_non_southerly,13.498888888888887,0.49888888888888694,13,true,-0.01069112213988177,-0.01069112213988177,1,true,false,false,true,0.49888888888888694,0.5095800110287687,EXPERIMENT_ONLY
2025-09-07,20:00,test,2025,2025,14,13.663231243347218,0.3367687566527824,14,14,true,2025,2025-09,macro_non_southerly,13.069111111111111,0.9308888888888891,13,false,0.5941201322361067,-0.5941201322361067,-1,false,true,true,false,-0.9308888888888891,-0.3367687566527824,EXPERIMENT_ONLY
2025-09-07,21:00,test,2025,2025,14,13.917691793240774,0.08230820675922601,14,14,true,2025,2025-09,macro_non_southerly,13.069111111111111,0.9308888888888891,13,false,0.8485806821296631,-0.8485806821296631,-1,false,true,true,false,-0.9308888888888891,-0.08230820675922601,EXPERIMENT_ONLY
2025-09-07,22:00,test,2025,2025,14,14.10458131182296,0.10458131182295993,14,14,true,2025,2025-09,macro_non_southerly,13.069111111111111,0.9308888888888891,13,false,0.8263075770659292,-1.035470200711849,-1,false,true,true,false,-0.9308888888888891,0.10458131182295993,EXPERIMENT_ONLY
2025-09-07,23:00,test,2025,2025,14,12.988491213000886,1.011508786999114,14,13,false,2025,2025-09,macro_non_southerly,13.069111111111111,0.9308888888888891,13,false,-0.08061989811022485,0.08061989811022485,0,true,false,false,false,-0.9308888888888891,-1.011508786999114,EXPERIMENT_ONLY
2025-09-08,20:00,test,2025,2025,13,12.096342255955273,0.9036577440447271,13,12,false,2025,2025-09,macro_southerly_flow,12.31088888888889,0.6891111111111101,12,false,-0.21454663293361698,0.21454663293361698,0,true,false,false,false,-0.6891111111111101,-0.9036577440447271,EXPERIMENT_ONLY
2025-09-08,21:00,test,2025,2025,13,12.45917349184292,0.54082650815708,13,12,false,2025,2025-09,macro_southerly_flow,12.31088888888889,0.6891111111111101,12,false,0.14828460295403012,-0.14828460295403012,0,false,true,false,false,-0.6891111111111101,-0.54082650815708,EXPERIMENT_ONLY
2025-09-08,22:00,test,2025,2025,13,12.548748109986846,0.4512518900131539,13,13,true,2025,2025-09,macro_southerly_flow,12.31088888888889,0.6891111111111101,12,false,0.2378592210979562,-0.2378592210979562,-1,false,true,true,false,-0.6891111111111101,-0.4512518900131539,EXPERIMENT_ONLY
2025-09-08,23:00,test,2025,2025,13,12.718725515132002,0.281274484867998,13,13,true,2025,2025-09,macro_southerly_flow,12.31088888888889,0.6891111111111101,12,false,0.4078366262431121,-0.4078366262431121,-1,false,true,true,false,-0.6891111111111101,-0.281274484867998,EXPERIMENT_ONLY
2025-09-09,20:00,test,2025,2025,14,13.926916948809236,0.07308305119076408,14,14,true,2025,2025-09,macro_non_southerly,13.616666666666667,0.38333333333333286,14,true,0.3102502821425688,-0.3102502821425688,0,false,true,false,false,-0.38333333333333286,-0.07308305119076408,EXPERIMENT_ONLY
2025-09-09,21:00,test,2025,2025,14,13.96452492273134,0.035475077268660726,14,14,true,2025,2025-09,macro_non_southerly,13.616666666666667,0.38333333333333286,14,true,0.34785825606467213,-0.34785825606467213,0,false,true,false,false,-0.38333333333333286,-0.035475077268660726,EXPERIMENT_ONLY
2025-09-09,22:00,test,2025,2025,14,13.769159590573675,0.23084040942632456,14,14,true,2025,2025-09,macro_non_southerly,13.616666666666667,0.38333333333333286,14,true,0.1524929239070083,-0.1524929239070083,0,false,true,false,false,-0.38333333333333286,-0.23084040942632456,EXPERIMENT_ONLY
2025-09-09,23:00,test,2025,2025,14,14.077093546141004,0.07709354614100405,14,14,true,2025,2025-09,macro_non_southerly,13.616666666666667,0.38333333333333286,14,true,0.3062397871923288,-0.4604268794743369,0,false,true,false,false,-0.38333333333333286,0.07709354614100405,EXPERIMENT_ONLY
2025-09-10,20:00,test,2025,2025,16,14.510568660829174,1.4894313391708263,16,15,false,2025,2025-09,macro_non_southerly,14.983333333333334,1.0166666666666657,15,false,-0.47276467250416054,0.47276467250416054,0,true,false,false,false,-1.0166666666666657,-1.4894313391708263,EXPERIMENT_ONLY
2025-09-10,21:00,test,2025,2025,16,14.93700611814374,1.0629938818562596,16,15,false,2025,2025-09,macro_non_southerly,14.983333333333334,1.0166666666666657,15,false,-0.04632721518959393,0.04632721518959393,0,true,false,false,false,-1.0166666666666657,-1.0629938818562596,EXPERIMENT_ONLY
2025-09-10,22:00,test,2025,2025,16,14.93426331650892,1.06573668349108,16,15,false,2025,2025-09,macro_non_southerly,14.983333333333334,1.0166666666666657,15,false,-0.04907001682441425,0.04907001682441425,0,true,false,false,false,-1.0166666666666657,-1.06573668349108,EXPERIMENT_ONLY
2025-09-10,23:00,test,2025,2025,16,15.094318704906382,0.9056812950936184,16,15,false,2025,2025-09,macro_non_southerly,14.983333333333334,1.0166666666666657,15,false,0.11098537157304733,-0.11098537157304733,0,false,true,false,false,-1.0166666666666657,-0.9056812950936184,EXPERIMENT_ONLY
2025-09-11,20:00,test,2025,2025,14,13.06867835935574,0.9313216406442599,14,13,false,2025,2025-09,macro_non_southerly,13.315555555555555,0.6844444444444449,13,false,-0.24687719619981507,0.24687719619981507,0,true,false,false,false,-0.6844444444444449,-0.9313216406442599,EXPERIMENT_ONLY
2025-09-11,21:00,test,2025,2025,14,13.321378015029858,0.6786219849701425,14,13,false,2025,2025-09,macro_non_southerly,13.315555555555555,0.6844444444444449,13,false,0.005822459474302377,-0.005822459474302377,0,false,true,false,false,-0.6844444444444449,-0.6786219849701425,EXPERIMENT_ONLY
2025-09-11,22:00,test,2025,2025,14,13.978146110920854,0.021853889079146427,14,14,true,2025,2025-09,macro_non_southerly,13.315555555555555,0.6844444444444449,13,false,0.6625905553652984,-0.6625905553652984,-1,false,true,true,false,-0.6844444444444449,-0.021853889079146427,EXPERIMENT_ONLY
2025-09-11,23:00,test,2025,2025,14,14.263242853194088,0.2632428531940878,14,14,true,2025,2025-09,macro_non_southerly,13.315555555555555,0.6844444444444449,13,false,0.42120159125035705,-0.9476872976385327,-1,false,true,true,false,-0.6844444444444449,0.2632428531940878,EXPERIMENT_ONLY
2025-09-12,20:00,test,2025,2025,13,13.884020552166806,0.8840205521668061,13,14,false,2025,2025-09,macro_non_southerly,12.783777777777779,0.2162222222222212,13,true,-0.6677983299445849,-1.1002427743890273,1,true,false,false,true,-0.2162222222222212,0.8840205521668061,EXPERIMENT_ONLY
2025-09-12,21:00,test,2025,2025,13,14.255179412496185,1.2551794124961848,13,14,false,2025,2025-09,macro_non_southerly,12.783777777777779,0.2162222222222212,13,true,-1.0389571902739636,-1.471401634718406,1,true,false,false,true,-0.2162222222222212,1.2551794124961848,EXPERIMENT_ONLY
2025-09-12,22:00,test,2025,2025,13,14.178047171687096,1.178047171687096,13,14,false,2025,2025-09,macro_non_southerly,12.783777777777779,0.2162222222222212,13,true,-0.9618249494648747,-1.3942693939093171,1,true,false,false,true,-0.2162222222222212,1.178047171687096,EXPERIMENT_ONLY
2025-09-12,23:00,test,2025,2025,13,14.316607063402047,1.3166070634020475,13,14,false,2025,2025-09,macro_non_southerly,12.783777777777779,0.2162222222222212,13,true,-1.1003848411798263,-1.5328292856242687,1,true,false,false,true,-0.2162222222222212,1.3166070634020475,EXPERIMENT_ONLY
2025-09-13,20:00,test,2025,2025,17,14.98095199563747,2.0190480043625296,17,15,false,2025,2025-09,macro_non_southerly,15.503777777777776,1.4962222222222241,16,false,-0.5228257821403055,0.5228257821403055,0,true,false,false,false,-1.4962222222222241,-2.0190480043625296,EXPERIMENT_ONLY
2025-09-13,21:00,test,2025,2025,17,15.020297095571834,1.9797029044281658,17,15,false,2025,2025-09,macro_non_southerly,15.503777777777776,1.4962222222222241,16,false,-0.48348068220594165,0.48348068220594165,0,true,false,false,false,-1.4962222222222241,-1.9797029044281658,EXPERIMENT_ONLY
2025-09-13,22:00,test,2025,2025,17,15.227479459394296,1.7725205406057043,17,15,false,2025,2025-09,macro_non_southerly,15.503777777777776,1.4962222222222241,16,false,-0.2762983183834802,0.2762983183834802,0,true,false,false,false,-1.4962222222222241,-1.7725205406057043,EXPERIMENT_ONLY
2025-09-13,23:00,test,2025,2025,17,15.14670944179973,1.8532905582002694,17,15,false,2025,2025-09,macro_non_southerly,15.503777777777776,1.4962222222222241,16,false,-0.3570683359780453,0.3570683359780453,0,true,false,false,false,-1.4962222222222241,-1.8532905582002694,EXPERIMENT_ONLY
2025-09-14,20:00,test,2025,2025,13,11.871436110946858,1.128563889053142,13,12,false,2025,2025-09,macro_southerly_flow,12.755777777777778,0.24422222222222167,13,true,-0.8843416668309203,0.8843416668309203,1,true,false,false,true,-0.24422222222222167,-1.128563889053142,EXPERIMENT_ONLY
2025-09-14,21:00,test,2025,2025,13,11.865211417959898,1.1347885820401018,13,12,false,2025,2025-09,macro_southerly_flow,12.755777777777778,0.24422222222222167,13,true,-0.8905663598178801,0.8905663598178801,1,true,false,false,true,-0.24422222222222167,-1.1347885820401018,EXPERIMENT_ONLY
2025-09-14,22:00,test,2025,2025,13,11.611357162424628,1.3886428375753717,13,12,false,2025,2025-09,macro_southerly_flow,12.755777777777778,0.24422222222222167,13,true,-1.14442061535315,1.14442061535315,1,true,false,false,true,-0.24422222222222167,-1.3886428375753717,EXPERIMENT_ONLY
2025-09-14,23:00,test,2025,2025,13,11.650442280117382,1.3495577198826183,13,12,false,2025,2025-09,macro_southerly_flow,12.755777777777778,0.24422222222222167,13,true,-1.1053354976603966,1.1053354976603966,1,true,false,false,true,-0.24422222222222167,-1.3495577198826183,EXPERIMENT_ONLY
2025-09-15,20:00,test,2025,2025,17,15.454702512383193,1.545297487616807,17,15,false,2025,2025-09,macro_non_southerly,16.886222222222223,0.11377777777777709,17,true,-1.43151970983903,1.43151970983903,1,true,false,false,true,-0.11377777777777709,-1.545297487616807,EXPERIMENT_ONLY
2025-09-15,21:00,test,2025,2025,17,15.74691003929983,1.2530899607001693,17,16,false,2025,2025-09,macro_non_southerly,16.886222222222223,0.11377777777777709,17,true,-1.1393121829223922,1.1393121829223922,1,true,false,false,true,-0.11377777777777709,-1.2530899607001693,EXPERIMENT_ONLY
2025-09-15,22:00,test,2025,2025,17,15.924250185907376,1.0757498140926245,17,16,false,2025,2025-09,macro_non_southerly,16.886222222222223,0.11377777777777709,17,true,-0.9619720363148474,0.9619720363148474,1,true,false,false,true,-0.11377777777777709,-1.0757498140926245,EXPERIMENT_ONLY
2025-09-15,23:00,test,2025,2025,17,16.15258462859025,0.847415371409749,17,16,false,2025,2025-09,macro_non_southerly,16.886222222222223,0.11377777777777709,17,true,-0.7336375936319719,0.7336375936319719,1,true,false,false,true,-0.11377777777777709,-0.847415371409749,EXPERIMENT_ONLY
2025-09-16,20:00,test,2025,2025,20,18.916649405079607,1.0833505949203932,20,19,false,2025,2025-09,macro_non_southerly,18.041777777777778,1.958222222222222,18,false,0.8748716273018289,-0.8748716273018289,0,false,true,false,false,-1.958222222222222,-1.0833505949203932,EXPERIMENT_ONLY
2025-09-16,21:00,test,2025,2025,20,19.346247779211783,0.6537522207882169,20,19,false,2025,2025-09,macro_non_southerly,18.041777777777778,1.958222222222222,18,false,1.3044700014340052,-1.3044700014340052,0,false,true,false,false,-1.958222222222222,-0.6537522207882169,EXPERIMENT_ONLY
2025-09-16,22:00,test,2025,2025,20,19.720793554905303,0.2792064450946974,20,20,true,2025,2025-09,macro_non_southerly,18.041777777777778,1.958222222222222,18,false,1.6790157771275247,-1.6790157771275247,-1,false,true,true,false,-1.958222222222222,-0.2792064450946974,EXPERIMENT_ONLY
2025-09-16,23:00,test,2025,2025,20,19.78450301288716,0.21549698711283938,20,20,true,2025,2025-09,macro_non_southerly,18.041777777777778,1.958222222222222,18,false,1.7427252351093827,-1.7427252351093827,-1,false,true,true,false,-1.958222222222222,-0.21549698711283938,EXPERIMENT_ONLY
2025-09-17,20:00,test,2025,2025,16,17.332228813391517,1.3322288133915166,16,17,false,2025,2025-09,macro_non_southerly,16.23911111111111,0.23911111111111083,16,true,-1.0931177022804057,-1.0931177022804057,1,true,false,false,true,0.23911111111111083,1.3322288133915166,EXPERIMENT_ONLY
2025-09-17,21:00,test,2025,2025,16,17.46021647136878,1.4602164713687813,16,17,false,2025,2025-09,macro_non_southerly,16.23911111111111,0.23911111111111083,16,true,-1.2211053602576705,-1.2211053602576705,1,true,false,false,true,0.23911111111111083,1.4602164713687813,EXPERIMENT_ONLY
2025-09-17,22:00,test,2025,2025,16,16.945417078413485,0.9454170784134845,16,17,false,2025,2025-09,macro_non_southerly,16.23911111111111,0.23911111111111083,16,true,-0.7063059673023737,-0.7063059673023737,1,true,false,false,true,0.23911111111111083,0.9454170784134845,EXPERIMENT_ONLY
2025-09-17,23:00,test,2025,2025,16,17.081409024726547,1.0814090247265469,16,17,false,2025,2025-09,macro_non_southerly,16.23911111111111,0.23911111111111083,16,true,-0.842297913615436,-0.842297913615436,1,true,false,false,true,0.23911111111111083,1.0814090247265469,EXPERIMENT_ONLY
2025-09-18,20:00,test,2025,2025,17,16.569307362055223,0.43069263794477664,17,17,true,2025,2025-09,macro_non_southerly,16.294,0.7059999999999995,16,false,0.2753073620552229,-0.2753073620552229,-1,false,true,true,false,-0.7059999999999995,-0.43069263794477664,EXPERIMENT_ONLY
2025-09-18,21:00,test,2025,2025,17,16.749235243781452,0.25076475621854755,17,17,true,2025,2025-09,macro_non_southerly,16.294,0.7059999999999995,16,false,0.45523524378145197,-0.45523524378145197,-1,false,true,true,false,-0.7059999999999995,-0.25076475621854755,EXPERIMENT_ONLY
2025-09-18,22:00,test,2025,2025,17,16.475681563276087,0.5243184367239131,17,16,false,2025,2025-09,macro_non_southerly,16.294,0.7059999999999995,16,false,0.18168156327608642,-0.18168156327608642,0,false,true,false,false,-0.7059999999999995,-0.5243184367239131,EXPERIMENT_ONLY
2025-09-18,23:00,test,2025,2025,17,16.632256866914286,0.36774313308571394,17,17,true,2025,2025-09,macro_non_southerly,16.294,0.7059999999999995,16,false,0.3382568669142856,-0.3382568669142856,-1,false,true,true,false,-0.7059999999999995,-0.36774313308571394,EXPERIMENT_ONLY
2025-09-19,20:00,test,2025,2025,11,10.878319721408367,0.12168027859163288,11,11,true,2025,2025-09,macro_southerly_flow,11.327777777777778,0.3277777777777775,11,true,0.20609749918614462,0.4494580563694104,0,false,true,false,false,0.3277777777777775,-0.12168027859163288,EXPERIMENT_ONLY
2025-09-19,21:00,test,2025,2025,11,10.736301589533351,0.2636984104666489,11,11,true,2025,2025-09,macro_southerly_flow,11.327777777777778,0.3277777777777775,11,true,0.06407936731112862,0.5914761882444264,0,false,true,false,false,0.3277777777777775,-0.2636984104666489,EXPERIMENT_ONLY
2025-09-19,22:00,test,2025,2025,11,10.065085683416267,0.9349143165837326,11,10,false,2025,2025-09,macro_southerly_flow,11.327777777777778,0.3277777777777775,11,true,-0.6071365388059551,1.26269209436151,1,true,false,false,true,0.3277777777777775,-0.9349143165837326,EXPERIMENT_ONLY
2025-09-19,23:00,test,2025,2025,11,10.375241768207697,0.6247582317923026,11,10,false,2025,2025-09,macro_southerly_flow,11.327777777777778,0.3277777777777775,11,true,-0.2969804540145251,0.9525360095700801,1,true,false,false,true,0.3277777777777775,-0.6247582317923026,EXPERIMENT_ONLY
2025-09-20,20:00,test,2025,2025,14,13.62209622623253,0.37790377376746953,14,14,true,2025,2025-09,macro_non_southerly,14.023555555555555,0.02355555555555533,14,true,-0.3543482182119142,0.40145932932302486,0,true,false,false,false,0.02355555555555533,-0.37790377376746953,EXPERIMENT_ONLY
2025-09-20,21:00,test,2025,2025,14,13.8734121973361,0.12658780266390046,14,14,true,2025,2025-09,macro_non_southerly,14.023555555555555,0.02355555555555533,14,true,-0.10303224710834513,0.1501433582194558,0,true,false,false,false,0.02355555555555533,-0.12658780266390046,EXPERIMENT_ONLY
2025-09-20,22:00,test,2025,2025,14,14.57752905398384,0.5775290539838398,14,15,false,2025,2025-09,macro_non_southerly,14.023555555555555,0.02355555555555533,14,true,-0.5539734984282845,-0.5539734984282845,1,true,false,false,true,0.02355555555555533,0.5775290539838398,EXPERIMENT_ONLY
2025-09-20,23:00,test,2025,2025,14,15.005845487824976,1.0058454878249758,14,15,false,2025,2025-09,macro_non_southerly,14.023555555555555,0.02355555555555533,14,true,-0.9822899322694205,-0.9822899322694205,1,true,false,false,true,0.02355555555555533,1.0058454878249758,EXPERIMENT_ONLY
2025-09-21,20:00,test,2025,2025,16,15.488204617922865,0.5117953820771355,16,15,false,2025,2025-09,macro_non_southerly,16.04577777777778,0.04577777777777925,16,true,-0.46601760429935624,0.5575731598549147,1,true,false,false,true,0.04577777777777925,-0.5117953820771355,EXPERIMENT_ONLY
2025-09-21,21:00,test,2025,2025,16,15.483523901153845,0.5164760988461552,16,15,false,2025,2025-09,macro_non_southerly,16.04577777777778,0.04577777777777925,16,true,-0.47069832106837595,0.5622538766239344,1,true,false,false,true,0.04577777777777925,-0.5164760988461552,EXPERIMENT_ONLY
2025-09-21,22:00,test,2025,2025,16,15.234328640636305,0.7656713593636955,16,15,false,2025,2025-09,macro_non_southerly,16.04577777777778,0.04577777777777925,16,true,-0.7198935815859162,0.8114491371414747,1,true,false,false,true,0.04577777777777925,-0.7656713593636955,EXPERIMENT_ONLY
2025-09-21,23:00,test,2025,2025,16,15.508713263159295,0.49128673684070456,16,16,true,2025,2025-09,macro_non_southerly,16.04577777777778,0.04577777777777925,16,true,-0.4455089590629253,0.5370645146184838,0,true,false,false,false,0.04577777777777925,-0.49128673684070456,EXPERIMENT_ONLY
2025-09-22,20:00,test,2025,2025,15,16.574018741688626,1.5740187416886258,15,17,false,2025,2025-09,macro_non_southerly,15.710222222222225,0.7102222222222245,16,false,-0.8637965194664012,-0.8637965194664012,0,true,false,false,false,0.7102222222222245,1.5740187416886258,EXPERIMENT_ONLY
2025-09-22,21:00,test,2025,2025,15,16.67230077817695,1.6723007781769503,15,17,false,2025,2025-09,macro_non_southerly,15.710222222222225,0.7102222222222245,16,false,-0.9620785559547258,-0.9620785559547258,0,true,false,false,false,0.7102222222222245,1.6723007781769503,EXPERIMENT_ONLY
2025-09-22,22:00,test,2025,2025,15,16.156128387880095,1.156128387880095,15,16,false,2025,2025-09,macro_non_southerly,15.710222222222225,0.7102222222222245,16,false,-0.44590616565787045,-0.44590616565787045,0,true,false,false,false,0.7102222222222245,1.156128387880095,EXPERIMENT_ONLY
2025-09-22,23:00,test,2025,2025,15,16.367702939644122,1.367702939644122,15,16,false,2025,2025-09,macro_non_southerly,15.710222222222225,0.7102222222222245,16,false,-0.6574807174218975,-0.6574807174218975,0,true,false,false,false,0.7102222222222245,1.367702939644122,EXPERIMENT_ONLY
2025-09-23,20:00,test,2025,2025,15,16.407723266009633,1.4077232660096328,15,16,false,2025,2025-09,macro_non_southerly,15.749333333333333,0.7493333333333325,16,false,-0.6583899326763003,-0.6583899326763003,0,true,false,false,false,0.7493333333333325,1.4077232660096328,EXPERIMENT_ONLY
2025-09-23,21:00,test,2025,2025,15,16.371077607402842,1.3710776074028423,15,16,false,2025,2025-09,macro_non_southerly,15.749333333333333,0.7493333333333325,16,false,-0.6217442740695098,-0.6217442740695098,0,true,false,false,false,0.7493333333333325,1.3710776074028423,EXPERIMENT_ONLY
2025-09-23,22:00,test,2025,2025,15,15.909278854170534,0.9092788541705339,15,16,false,2025,2025-09,macro_non_southerly,15.749333333333333,0.7493333333333325,16,false,-0.15994552083720137,-0.15994552083720137,0,true,false,false,false,0.7493333333333325,0.9092788541705339,EXPERIMENT_ONLY
2025-09-23,23:00,test,2025,2025,15,15.983366395708355,0.9833663957083552,15,16,false,2025,2025-09,macro_non_southerly,15.749333333333333,0.7493333333333325,16,false,-0.23403306237502264,-0.23403306237502264,0,true,false,false,false,0.7493333333333325,0.9833663957083552,EXPERIMENT_ONLY
2025-09-24,20:00,test,2025,2025,15,16.447777096237044,1.4477770962370435,15,16,false,2025,2025-09,macro_non_southerly,15.175555555555556,0.17555555555555635,15,true,-1.2722215406814872,-1.2722215406814872,1,true,false,false,true,0.17555555555555635,1.4477770962370435,EXPERIMENT_ONLY
2025-09-24,21:00,test,2025,2025,15,16.64093961489136,1.6409396148913586,15,17,false,2025,2025-09,macro_non_southerly,15.175555555555556,0.17555555555555635,15,true,-1.4653840593358023,-1.4653840593358023,1,true,false,false,true,0.17555555555555635,1.6409396148913586,EXPERIMENT_ONLY
2025-09-24,22:00,test,2025,2025,15,16.723938325082393,1.7239383250823934,15,17,false,2025,2025-09,macro_non_southerly,15.175555555555556,0.17555555555555635,15,true,-1.548382769526837,-1.548382769526837,1,true,false,false,true,0.17555555555555635,1.7239383250823934,EXPERIMENT_ONLY
2025-09-24,23:00,test,2025,2025,15,16.929113608591354,1.9291136085913543,15,17,false,2025,2025-09,macro_non_southerly,15.175555555555556,0.17555555555555635,15,true,-1.753558053035798,-1.753558053035798,1,true,false,false,true,0.17555555555555635,1.9291136085913543,EXPERIMENT_ONLY
2025-09-25,20:00,test,2025,2025,16,15.322918373786928,0.6770816262130719,16,15,false,2025,2025-09,macro_non_southerly,15.46688888888889,0.5331111111111095,15,false,-0.14397051510196235,0.14397051510196235,0,true,false,false,false,-0.5331111111111095,-0.6770816262130719,EXPERIMENT_ONLY
2025-09-25,21:00,test,2025,2025,16,15.67112560144421,0.32887439855579004,16,16,true,2025,2025-09,macro_non_southerly,15.46688888888889,0.5331111111111095,15,false,0.2042367125553195,-0.2042367125553195,-1,false,true,true,false,-0.5331111111111095,-0.32887439855579004,EXPERIMENT_ONLY
2025-09-25,22:00,test,2025,2025,16,15.364784295602986,0.6352157043970141,16,15,false,2025,2025-09,macro_non_southerly,15.46688888888889,0.5331111111111095,15,false,-0.1021045932859046,0.1021045932859046,0,true,false,false,false,-0.5331111111111095,-0.6352157043970141,EXPERIMENT_ONLY
2025-09-25,23:00,test,2025,2025,16,15.630610593520174,0.36938940647982577,16,16,true,2025,2025-09,macro_non_southerly,15.46688888888889,0.5331111111111095,15,false,0.16372170463128377,-0.16372170463128377,-1,false,true,true,false,-0.5331111111111095,-0.36938940647982577,EXPERIMENT_ONLY
2025-09-26,20:00,test,2025,2025,15,16.08550400781354,1.0855040078135403,15,16,false,2025,2025-09,macro_non_southerly,14.931333333333333,0.0686666666666671,15,true,-1.0168373411468732,-1.1541706744802074,1,true,false,false,true,-0.0686666666666671,1.0855040078135403,EXPERIMENT_ONLY
2025-09-26,21:00,test,2025,2025,15,15.805966231237736,0.8059662312377363,15,16,false,2025,2025-09,macro_non_southerly,14.931333333333333,0.0686666666666671,15,true,-0.7372995645710692,-0.8746328979044034,1,true,false,false,true,-0.0686666666666671,0.8059662312377363,EXPERIMENT_ONLY
2025-09-26,22:00,test,2025,2025,15,15.05133710885463,0.05133710885463039,15,15,true,2025,2025-09,macro_non_southerly,14.931333333333333,0.0686666666666671,15,true,0.01732955781203671,-0.12000377552129748,0,false,true,false,false,-0.0686666666666671,0.05133710885463039,EXPERIMENT_ONLY
2025-09-26,23:00,test,2025,2025,15,14.870539635092072,0.12946036490792778,15,15,true,2025,2025-09,macro_non_southerly,14.931333333333333,0.0686666666666671,15,true,-0.060793698241260685,0.060793698241260685,0,true,false,false,false,-0.0686666666666671,-0.12946036490792778,EXPERIMENT_ONLY
2025-09-27,20:00,test,2025,2025,16,15.91821165100599,0.08178834899401011,16,16,true,2025,2025-09,macro_non_southerly,15.340666666666666,0.6593333333333344,15,false,0.5775449843393243,-0.5775449843393243,-1,false,true,true,false,-0.6593333333333344,-0.08178834899401011,EXPERIMENT_ONLY
2025-09-27,21:00,test,2025,2025,16,16.16712802264235,0.16712802264234838,16,16,true,2025,2025-09,macro_non_southerly,15.340666666666666,0.6593333333333344,15,false,0.49220531069098605,-0.8264613559756828,-1,false,true,true,false,-0.6593333333333344,0.16712802264234838,EXPERIMENT_ONLY
2025-09-27,22:00,test,2025,2025,16,16.06826666506531,0.06826666506530898,16,16,true,2025,2025-09,macro_non_southerly,15.340666666666666,0.6593333333333344,15,false,0.5910666682680255,-0.7275999983986434,-1,false,true,true,false,-0.6593333333333344,0.06826666506530898,EXPERIMENT_ONLY
2025-09-27,23:00,test,2025,2025,16,16.192456146256553,0.1924561462565535,16,16,true,2025,2025-09,macro_non_southerly,15.340666666666666,0.6593333333333344,15,false,0.46687718707678094,-0.8517894795898879,-1,false,true,true,false,-0.6593333333333344,0.1924561462565535,EXPERIMENT_ONLY
2025-09-28,20:00,test,2025,2025,18,17.890731731352933,0.1092682686470674,18,18,true,2025,2025-09,macro_non_southerly,16.958444444444446,1.0415555555555542,17,false,0.9322872869084868,-0.9322872869084868,-1,false,true,true,false,-1.0415555555555542,-0.1092682686470674,EXPERIMENT_ONLY
2025-09-28,21:00,test,2025,2025,18,18.021941187540687,0.02194118754068697,18,18,true,2025,2025-09,macro_non_southerly,16.958444444444446,1.0415555555555542,17,false,1.0196143680148673,-1.0634967430962412,-1,false,true,true,false,-1.0415555555555542,0.02194118754068697,EXPERIMENT_ONLY
2025-09-28,22:00,test,2025,2025,18,17.68630139032716,0.3136986096728407,18,18,true,2025,2025-09,macro_non_southerly,16.958444444444446,1.0415555555555542,17,false,0.7278569458827135,-0.7278569458827135,-1,false,true,true,false,-1.0415555555555542,-0.3136986096728407,EXPERIMENT_ONLY
2025-09-28,23:00,test,2025,2025,18,17.685572287462765,0.3144277125372348,18,18,true,2025,2025-09,macro_non_southerly,16.958444444444446,1.0415555555555542,17,false,0.7271278430183195,-0.7271278430183195,-1,false,true,true,false,-1.0415555555555542,-0.3144277125372348,EXPERIMENT_ONLY
2025-09-29,20:00,test,2025,2025,19,18.08231910179148,0.9176808982085198,19,18,false,2025,2025-09,macro_non_southerly,17.165111111111113,1.8348888888888872,17,false,0.9172079906803674,-0.9172079906803674,0,false,true,false,false,-1.8348888888888872,-0.9176808982085198,EXPERIMENT_ONLY
2025-09-29,21:00,test,2025,2025,19,17.91978566350439,1.0802143364956116,19,18,false,2025,2025-09,macro_non_southerly,17.165111111111113,1.8348888888888872,17,false,0.7546745523932756,-0.7546745523932756,0,false,true,false,false,-1.8348888888888872,-1.0802143364956116,EXPERIMENT_ONLY
2025-09-29,22:00,test,2025,2025,19,17.71817469081623,1.2818253091837697,19,18,false,2025,2025-09,macro_non_southerly,17.165111111111113,1.8348888888888872,17,false,0.5530635797051175,-0.5530635797051175,0,false,true,false,false,-1.8348888888888872,-1.2818253091837697,EXPERIMENT_ONLY
2025-09-29,23:00,test,2025,2025,19,17.51502935445687,1.4849706455431289,19,18,false,2025,2025-09,macro_non_southerly,17.165111111111113,1.8348888888888872,17,false,0.3499182433457584,-0.3499182433457584,0,false,true,false,false,-1.8348888888888872,-1.4849706455431289,EXPERIMENT_ONLY
2025-09-30,20:00,test,2025,2025,15,16.052495774322452,1.052495774322452,15,16,false,2025,2025-09,macro_non_southerly,14.620666666666665,0.3793333333333351,15,true,-0.6731624409891168,-1.431829107655787,1,true,false,false,true,-0.3793333333333351,1.052495774322452,EXPERIMENT_ONLY
2025-09-30,21:00,test,2025,2025,15,16.275699619602133,1.2756996196021326,15,16,false,2025,2025-09,macro_non_southerly,14.620666666666665,0.3793333333333351,15,true,-0.8963662862687976,-1.6550329529354677,1,true,false,false,true,-0.3793333333333351,1.2756996196021326,EXPERIMENT_ONLY
2025-09-30,22:00,test,2025,2025,15,15.893718866462592,0.8937188664625921,15,16,false,2025,2025-09,macro_non_southerly,14.620666666666665,0.3793333333333351,15,true,-0.514385533129257,-1.2730521997959272,1,true,false,false,true,-0.3793333333333351,0.8937188664625921,EXPERIMENT_ONLY
2025-09-30,23:00,test,2025,2025,15,15.800228398349653,0.8002283983496525,15,16,false,2025,2025-09,macro_non_southerly,14.620666666666665,0.3793333333333351,15,true,-0.42089506501631746,-1.1795617316829876,1,true,false,false,true,-0.3793333333333351,0.8002283983496525,EXPERIMENT_ONLY
2025-10-01,20:00,test,2025,2025,15,15.450699914719085,0.45069991471908466,15,15,true,2025,2025-10,macro_non_southerly,14.915555555555557,0.08444444444444343,15,true,-0.3662554702746412,-0.5351443591635281,0,true,false,false,false,-0.08444444444444343,0.45069991471908466,EXPERIMENT_ONLY
2025-10-01,21:00,test,2025,2025,15,15.344407296365024,0.34440729636502354,15,15,true,2025,2025-10,macro_non_southerly,14.915555555555557,0.08444444444444343,15,true,-0.2599628519205801,-0.428851740809467,0,true,false,false,false,-0.08444444444444343,0.34440729636502354,EXPERIMENT_ONLY
2025-10-01,22:00,test,2025,2025,15,12.7168573573727,2.2831426426273005,15,13,false,2025,2025-10,macro_non_southerly,14.915555555555557,0.08444444444444343,15,true,-2.198698198182857,2.198698198182857,1,true,false,false,true,-0.08444444444444343,-2.2831426426273005,EXPERIMENT_ONLY
2025-10-01,23:00,test,2025,2025,15,11.701122211528634,3.2988777884713656,15,12,false,2025,2025-10,macro_non_southerly,14.915555555555557,0.08444444444444343,15,true,-3.214433344026922,3.214433344026922,1,true,false,false,true,-0.08444444444444343,-3.2988777884713656,EXPERIMENT_ONLY
2025-10-02,20:00,test,2025,2025,13,14.486208930456892,1.4862089304568915,13,14,false,2025,2025-10,macro_non_southerly,13.793333333333333,0.793333333333333,14,false,-0.6928755971235585,-0.6928755971235585,0,true,false,false,false,0.793333333333333,1.4862089304568915,EXPERIMENT_ONLY
2025-10-02,21:00,test,2025,2025,13,14.602274786142942,1.6022747861429423,13,15,false,2025,2025-10,macro_non_southerly,13.793333333333333,0.793333333333333,14,false,-0.8089414528096093,-0.8089414528096093,0,true,false,false,false,0.793333333333333,1.6022747861429423,EXPERIMENT_ONLY
2025-10-02,22:00,test,2025,2025,13,14.40108060903198,1.4010806090319807,13,14,false,2025,2025-10,macro_non_southerly,13.793333333333333,0.793333333333333,14,false,-0.6077472756986477,-0.6077472756986477,0,true,false,false,false,0.793333333333333,1.4010806090319807,EXPERIMENT_ONLY
2025-10-02,23:00,test,2025,2025,13,13.877302769440648,0.8773027694406483,13,14,false,2025,2025-10,macro_non_southerly,13.793333333333333,0.793333333333333,14,false,-0.08396943610731533,-0.08396943610731533,0,true,false,false,false,0.793333333333333,0.8773027694406483,EXPERIMENT_ONLY
2025-10-03,20:00,test,2025,2025,14,14.397861711717793,0.39786171171779294,14,14,true,2025,2025-10,macro_southerly_flow,16.112444444444446,2.1124444444444457,16,false,1.7145827327266527,1.7145827327266527,-1,false,true,true,false,2.1124444444444457,0.39786171171779294,EXPERIMENT_ONLY
2025-10-03,21:00,test,2025,2025,14,14.355793155951892,0.35579315595189165,14,14,true,2025,2025-10,macro_southerly_flow,16.112444444444446,2.1124444444444457,16,false,1.756651288492554,1.756651288492554,-1,false,true,true,false,2.1124444444444457,0.35579315595189165,EXPERIMENT_ONLY
2025-10-03,22:00,test,2025,2025,14,14.529380624411575,0.5293806244115746,14,15,false,2025,2025-10,macro_southerly_flow,16.112444444444446,2.1124444444444457,16,false,1.583063820032871,1.583063820032871,0,false,true,false,false,2.1124444444444457,0.5293806244115746,EXPERIMENT_ONLY
2025-10-03,23:00,test,2025,2025,14,15.922710918931926,1.9227109189319265,14,16,false,2025,2025-10,macro_non_southerly,16.112444444444446,2.1124444444444457,16,false,0.1897335255125192,0.1897335255125192,0,false,true,false,false,2.1124444444444457,1.9227109189319265,EXPERIMENT_ONLY
2025-10-04,20:00,test,2025,2025,17,16.63660460995929,0.3633953900407114,17,17,true,2025,2025-10,macro_non_southerly,16.278666666666666,0.7213333333333338,16,false,0.3579379432926224,-0.3579379432926224,-1,false,true,true,false,-0.7213333333333338,-0.3633953900407114,EXPERIMENT_ONLY
2025-10-04,21:00,test,2025,2025,17,16.542646046406624,0.45735395359337616,17,17,true,2025,2025-10,macro_non_southerly,16.278666666666666,0.7213333333333338,16,false,0.26397937973995766,-0.26397937973995766,-1,false,true,true,false,-0.7213333333333338,-0.45735395359337616,EXPERIMENT_ONLY
2025-10-04,22:00,test,2025,2025,17,16.31211323610116,0.6878867638988417,17,16,false,2025,2025-10,macro_non_southerly,16.278666666666666,0.7213333333333338,16,false,0.03344656943449209,-0.03344656943449209,0,false,true,false,false,-0.7213333333333338,-0.6878867638988417,EXPERIMENT_ONLY
2025-10-04,23:00,test,2025,2025,17,16.385952225921905,0.6140477740780952,17,16,false,2025,2025-10,macro_non_southerly,16.278666666666666,0.7213333333333338,16,false,0.10728555925523864,-0.10728555925523864,0,false,true,false,false,-0.7213333333333338,-0.6140477740780952,EXPERIMENT_ONLY
2025-10-05,20:00,test,2025,2025,14,14.00173397081753,0.00173397081752924,14,14,true,2025,2025-10,macro_southerly_flow,14.164222222222222,0.1642222222222216,14,true,0.16248825140469236,0.16248825140469236,0,false,true,false,false,0.1642222222222216,0.00173397081752924,EXPERIMENT_ONLY
2025-10-05,21:00,test,2025,2025,14,13.90457464093848,0.09542535906152061,14,14,true,2025,2025-10,macro_southerly_flow,14.164222222222222,0.1642222222222216,14,true,0.068796863160701,0.2596475812837422,0,false,true,false,false,0.1642222222222216,-0.09542535906152061,EXPERIMENT_ONLY
2025-10-05,22:00,test,2025,2025,14,13.635556807622049,0.3644431923779514,14,14,true,2025,2025-10,macro_southerly_flow,14.164222222222222,0.1642222222222216,14,true,-0.20022097015572982,0.528665414600173,0,true,false,false,false,0.1642222222222216,-0.3644431923779514,EXPERIMENT_ONLY
2025-10-05,23:00,test,2025,2025,14,13.788087265882153,0.21191273411784728,14,14,true,2025,2025-10,macro_southerly_flow,14.164222222222222,0.1642222222222216,14,true,-0.047690511895625676,0.3761349563400689,0,true,false,false,false,0.1642222222222216,-0.21191273411784728,EXPERIMENT_ONLY
2025-10-06,20:00,test,2025,2025,15,14.354320717686708,0.6456792823132922,15,14,false,2025,2025-10,macro_southerly_flow,15.645111111111111,0.6451111111111114,16,false,-0.0005681712021807783,1.2907903934244036,0,true,false,false,false,0.6451111111111114,-0.6456792823132922,EXPERIMENT_ONLY
2025-10-06,21:00,test,2025,2025,15,14.36062864932784,0.6393713506721603,15,14,false,2025,2025-10,macro_southerly_flow,15.645111111111111,0.6451111111111114,16,false,0.00573976043895108,1.2844824617832717,0,false,true,false,false,0.6451111111111114,-0.6393713506721603,EXPERIMENT_ONLY
2025-10-06,22:00,test,2025,2025,15,13.928617981048365,1.0713820189516348,15,14,false,2025,2025-10,macro_southerly_flow,15.645111111111111,0.6451111111111114,16,false,-0.42627090784052335,1.7164931300627462,0,true,false,false,false,0.6451111111111114,-1.0713820189516348,EXPERIMENT_ONLY
2025-10-06,23:00,test,2025,2025,15,14.67428610983725,0.3257138901627492,15,15,true,2025,2025-10,macro_southerly_flow,15.645111111111111,0.6451111111111114,16,false,0.3193972209483622,0.9708250012738606,-1,false,true,true,false,0.6451111111111114,-0.3257138901627492,EXPERIMENT_ONLY
2025-10-07,20:00,test,2025,2025,16,15.733979151411335,0.26602084858866526,16,16,true,2025,2025-10,macro_non_southerly,15.947777777777777,0.05222222222222328,16,true,-0.21379862636644198,0.21379862636644198,0,true,false,false,false,-0.05222222222222328,-0.26602084858866526,EXPERIMENT_ONLY
2025-10-07,21:00,test,2025,2025,16,15.399088674150565,0.6009113258494345,16,15,false,2025,2025-10,macro_non_southerly,15.947777777777777,0.05222222222222328,16,true,-0.5486891036272112,0.5486891036272112,1,true,false,false,true,-0.05222222222222328,-0.6009113258494345,EXPERIMENT_ONLY
2025-10-07,22:00,test,2025,2025,16,14.91349099345171,1.0865090065482903,16,15,false,2025,2025-10,macro_non_southerly,15.947777777777777,0.05222222222222328,16,true,-1.034286784326067,1.034286784326067,1,true,false,false,true,-0.05222222222222328,-1.0865090065482903,EXPERIMENT_ONLY
2025-10-07,23:00,test,2025,2025,16,15.244604316951746,0.7553956830482544,16,15,false,2025,2025-10,macro_non_southerly,15.947777777777777,0.05222222222222328,16,true,-0.7031734608260312,0.7031734608260312,1,true,false,false,true,-0.05222222222222328,-0.7553956830482544,EXPERIMENT_ONLY
2025-10-08,20:00,test,2025,2025,17,17.272049534249533,0.2720495342495326,17,17,true,2025,2025-10,macro_non_southerly,16.298444444444446,0.7015555555555544,16,false,0.4295060213060218,-0.973605089805087,-1,false,true,true,false,-0.7015555555555544,0.2720495342495326,EXPERIMENT_ONLY
2025-10-08,21:00,test,2025,2025,17,17.733469385064527,0.7334693850645273,17,18,false,2025,2025-10,macro_non_southerly,16.298444444444446,0.7015555555555544,16,false,-0.031913829508972924,-1.4350249406200817,0,true,false,false,false,-0.7015555555555544,0.7334693850645273,EXPERIMENT_ONLY
2025-10-08,22:00,test,2025,2025,17,17.454087231610508,0.454087231610508,17,17,true,2025,2025-10,macro_non_southerly,16.298444444444446,0.7015555555555544,16,false,0.24746832394504636,-1.1556427871660624,-1,false,true,true,false,-0.7015555555555544,0.454087231610508,EXPERIMENT_ONLY
2025-10-08,23:00,test,2025,2025,17,17.477906684494737,0.4779066844947373,17,17,true,2025,2025-10,macro_non_southerly,16.298444444444446,0.7015555555555544,16,false,0.2236488710608171,-1.1794622400502917,-1,false,true,true,false,-0.7015555555555544,0.4779066844947373,EXPERIMENT_ONLY
2025-10-09,20:00,test,2025,2025,17,17.104303921870468,0.10430392187046778,17,17,true,2025,2025-10,macro_non_southerly,16.638,0.3619999999999983,17,true,0.25769607812953055,-0.4663039218704661,0,false,true,false,false,-0.3619999999999983,0.10430392187046778,EXPERIMENT_ONLY
2025-10-09,21:00,test,2025,2025,17,17.131171777170323,0.1311717771703229,17,17,true,2025,2025-10,macro_non_southerly,16.638,0.3619999999999983,17,true,0.2308282228296754,-0.49317177717032123,0,false,true,false,false,-0.3619999999999983,0.1311717771703229,EXPERIMENT_ONLY
2025-10-09,22:00,test,2025,2025,17,16.963294198840803,0.03670580115919719,17,17,true,2025,2025-10,macro_non_southerly,16.638,0.3619999999999983,17,true,0.32529419884080113,-0.32529419884080113,0,false,true,false,false,-0.3619999999999983,-0.03670580115919719,EXPERIMENT_ONLY
2025-10-09,23:00,test,2025,2025,17,16.867190660646276,0.13280933935372374,17,17,true,2025,2025-10,macro_non_southerly,16.638,0.3619999999999983,17,true,0.22919066064627458,-0.22919066064627458,0,false,true,false,false,-0.3619999999999983,-0.13280933935372374,EXPERIMENT_ONLY
2025-10-10,20:00,test,2025,2025,18,18.3760864778123,0.37608647781230076,18,18,true,2025,2025-10,macro_non_southerly,18.075777777777777,0.07577777777777683,18,true,-0.3003087000345239,-0.3003087000345239,0,true,false,false,false,0.07577777777777683,0.37608647781230076,EXPERIMENT_ONLY
2025-10-10,21:00,test,2025,2025,18,18.41321077990137,0.41321077990136956,18,18,true,2025,2025-10,macro_non_southerly,18.075777777777777,0.07577777777777683,18,true,-0.33743300212359273,-0.33743300212359273,0,true,false,false,false,0.07577777777777683,0.41321077990136956,EXPERIMENT_ONLY
2025-10-10,22:00,test,2025,2025,18,18.208549550743637,0.208549550743637,18,18,true,2025,2025-10,macro_non_southerly,18.075777777777777,0.07577777777777683,18,true,-0.13277177296586018,-0.13277177296586018,0,true,false,false,false,0.07577777777777683,0.208549550743637,EXPERIMENT_ONLY
2025-10-10,23:00,test,2025,2025,18,17.804410141725064,0.19558985827493558,18,18,true,2025,2025-10,macro_non_southerly,18.075777777777777,0.07577777777777683,18,true,-0.11981208049715875,0.2713676360527124,0,true,false,false,false,0.07577777777777683,-0.19558985827493558,EXPERIMENT_ONLY
2025-10-11,20:00,test,2025,2025,17,18.063312047139895,1.0633120471398954,17,18,false,2025,2025-10,macro_non_southerly,17.084222222222223,0.08422222222222331,17,true,-0.979089824917672,-0.979089824917672,1,true,false,false,true,0.08422222222222331,1.0633120471398954,EXPERIMENT_ONLY
2025-10-11,21:00,test,2025,2025,17,17.824655940871157,0.8246559408711569,17,18,false,2025,2025-10,macro_non_southerly,17.084222222222223,0.08422222222222331,17,true,-0.7404337186489336,-0.7404337186489336,1,true,false,false,true,0.08422222222222331,0.8246559408711569,EXPERIMENT_ONLY
2025-10-11,22:00,test,2025,2025,17,17.630611405589995,0.6306114055899954,17,18,false,2025,2025-10,macro_non_southerly,17.084222222222223,0.08422222222222331,17,true,-0.5463891833677721,-0.5463891833677721,1,true,false,false,true,0.08422222222222331,0.6306114055899954,EXPERIMENT_ONLY
2025-10-11,23:00,test,2025,2025,17,17.638249352225,0.6382493522249995,17,18,false,2025,2025-10,macro_non_southerly,17.084222222222223,0.08422222222222331,17,true,-0.5540271300027761,-0.5540271300027761,1,true,false,false,true,0.08422222222222331,0.6382493522249995,EXPERIMENT_ONLY
2025-10-12,20:00,test,2025,2025,18,17.72324434368562,0.2767556563143785,18,18,true,2025,2025-10,macro_non_southerly,17.016,0.9840000000000018,17,false,0.7072443436856233,-0.7072443436856233,-1,false,true,true,false,-0.9840000000000018,-0.2767556563143785,EXPERIMENT_ONLY
2025-10-12,21:00,test,2025,2025,18,17.41157223952772,0.5884277604722783,18,17,false,2025,2025-10,macro_non_southerly,17.016,0.9840000000000018,17,false,0.39557223952772347,-0.39557223952772347,0,false,true,false,false,-0.9840000000000018,-0.5884277604722783,EXPERIMENT_ONLY
2025-10-12,22:00,test,2025,2025,18,17.147917908254932,0.8520820917450678,18,17,false,2025,2025-10,macro_non_southerly,17.016,0.9840000000000018,17,false,0.131917908254934,-0.131917908254934,0,false,true,false,false,-0.9840000000000018,-0.8520820917450678,EXPERIMENT_ONLY
2025-10-12,23:00,test,2025,2025,18,17.087273054751563,0.912726945248437,18,17,false,2025,2025-10,macro_non_southerly,17.016,0.9840000000000018,17,false,0.07127305475156476,-0.07127305475156476,0,false,true,false,false,-0.9840000000000018,-0.912726945248437,EXPERIMENT_ONLY
2025-10-13,20:00,test,2025,2025,17,18.09734451984562,1.0973445198456204,17,18,false,2025,2025-10,macro_non_southerly,16.887777777777778,0.112222222222222,17,true,-0.9851222976233984,-1.2095667420678424,1,true,false,false,true,-0.112222222222222,1.0973445198456204,EXPERIMENT_ONLY
2025-10-13,21:00,test,2025,2025,17,18.314520772031806,1.3145207720318055,17,18,false,2025,2025-10,macro_non_southerly,16.887777777777778,0.112222222222222,17,true,-1.2022985498095835,-1.4267429942540275,1,true,false,false,true,-0.112222222222222,1.3145207720318055,EXPERIMENT_ONLY
2025-10-13,22:00,test,2025,2025,17,18.08424473642491,1.0842447364249104,17,18,false,2025,2025-10,macro_non_southerly,16.887777777777778,0.112222222222222,17,true,-0.9720225142026884,-1.1964669586471324,1,true,false,false,true,-0.112222222222222,1.0842447364249104,EXPERIMENT_ONLY
2025-10-13,23:00,test,2025,2025,17,17.750702077904045,0.7507020779040445,17,18,false,2025,2025-10,macro_non_southerly,16.887777777777778,0.112222222222222,17,true,-0.6384798556818225,-0.8629243001262665,1,true,false,false,true,-0.112222222222222,0.7507020779040445,EXPERIMENT_ONLY
2025-10-14,20:00,test,2025,2025,16,15.57415205900211,0.42584794099789036,16,16,true,2025,2025-10,macro_southerly_flow,15.885555555555555,0.11444444444444457,16,true,-0.3114034965534458,0.3114034965534458,0,true,false,false,false,-0.11444444444444457,-0.42584794099789036,EXPERIMENT_ONLY
2025-10-14,21:00,test,2025,2025,16,14.439363128555975,1.560636871444025,16,14,false,2025,2025-10,macro_southerly_flow,15.885555555555555,0.11444444444444457,16,true,-1.4461924269995805,1.4461924269995805,1,true,false,false,true,-0.11444444444444457,-1.560636871444025,EXPERIMENT_ONLY
2025-10-14,22:00,test,2025,2025,16,14.173768923448495,1.8262310765515046,16,14,false,2025,2025-10,macro_southerly_flow,15.885555555555555,0.11444444444444457,16,true,-1.71178663210706,1.71178663210706,1,true,false,false,true,-0.11444444444444457,-1.8262310765515046,EXPERIMENT_ONLY
2025-10-14,23:00,test,2025,2025,16,13.840365221121889,2.159634778878111,16,14,false,2025,2025-10,macro_southerly_flow,15.885555555555555,0.11444444444444457,16,true,-2.0451903344336664,2.0451903344336664,1,true,false,false,true,-0.11444444444444457,-2.159634778878111,EXPERIMENT_ONLY
2025-10-15,20:00,test,2025,2025,16,15.861479917777599,0.1385200822224011,16,16,true,2025,2025-10,macro_non_southerly,15.831111111111111,0.16888888888888864,16,true,0.030368806666487558,-0.030368806666487558,0,false,true,false,false,-0.16888888888888864,-0.1385200822224011,EXPERIMENT_ONLY
2025-10-15,21:00,test,2025,2025,16,16.39872727898051,0.39872727898050897,16,16,true,2025,2025-10,macro_non_southerly,15.831111111111111,0.16888888888888864,16,true,-0.22983839009162033,-0.5676161678693976,0,true,false,false,false,-0.16888888888888864,0.39872727898050897,EXPERIMENT_ONLY
2025-10-15,22:00,test,2025,2025,16,16.12121207317693,0.12121207317693106,16,16,true,2025,2025-10,macro_non_southerly,15.831111111111111,0.16888888888888864,16,true,0.04767681571195759,-0.2901009620658197,0,false,true,false,false,-0.16888888888888864,0.12121207317693106,EXPERIMENT_ONLY
2025-10-15,23:00,test,2025,2025,16,15.969874050418012,0.03012594958198811,16,16,true,2025,2025-10,macro_non_southerly,15.831111111111111,0.16888888888888864,16,true,0.13876293930690053,-0.13876293930690053,0,false,true,false,false,-0.16888888888888864,-0.03012594958198811,EXPERIMENT_ONLY
2025-10-16,20:00,test,2025,2025,18,18.391896557697955,0.3918965576979545,18,18,true,2025,2025-10,macro_non_southerly,18.448666666666664,0.4486666666666643,18,true,0.05677010896870982,0.05677010896870982,0,false,true,false,false,0.4486666666666643,0.3918965576979545,EXPERIMENT_ONLY
2025-10-16,21:00,test,2025,2025,18,18.41240884770906,0.4124088477090595,18,18,true,2025,2025-10,macro_non_southerly,18.448666666666664,0.4486666666666643,18,true,0.036257818957604826,0.036257818957604826,0,false,true,false,false,0.4486666666666643,0.4124088477090595,EXPERIMENT_ONLY
2025-10-16,22:00,test,2025,2025,18,18.374080761436485,0.3740807614364847,18,18,true,2025,2025-10,macro_non_southerly,18.448666666666664,0.4486666666666643,18,true,0.0745859052301796,0.0745859052301796,0,false,true,false,false,0.4486666666666643,0.3740807614364847,EXPERIMENT_ONLY
2025-10-16,23:00,test,2025,2025,18,18.977526198306254,0.9775261983062542,18,19,false,2025,2025-10,macro_non_southerly,18.448666666666664,0.4486666666666643,18,true,-0.5288595316395899,-0.5288595316395899,1,true,false,false,true,0.4486666666666643,0.9775261983062542,EXPERIMENT_ONLY
2025-10-17,20:00,test,2025,2025,16,16.1338353576699,0.1338353576698985,16,16,true,2025,2025-10,macro_southerly_flow,15.866666666666665,0.13333333333333464,16,true,-0.0005020243365638777,-0.26716869100323315,0,true,false,false,false,-0.13333333333333464,0.1338353576698985,EXPERIMENT_ONLY
2025-10-17,21:00,test,2025,2025,16,17.96362669812474,1.9636266981247417,16,18,false,2025,2025-10,macro_non_southerly,15.866666666666665,0.13333333333333464,16,true,-1.830293364791407,-2.0969600314580763,1,true,false,false,true,-0.13333333333333464,1.9636266981247417,EXPERIMENT_ONLY
2025-10-17,22:00,test,2025,2025,16,17.820888889918482,1.820888889918482,16,18,false,2025,2025-10,macro_non_southerly,15.866666666666665,0.13333333333333464,16,true,-1.6875555565851474,-1.9542222232518167,1,true,false,false,true,-0.13333333333333464,1.820888889918482,EXPERIMENT_ONLY
2025-10-17,23:00,test,2025,2025,16,17.88032102247604,1.8803210224760392,16,18,false,2025,2025-10,macro_non_southerly,15.866666666666665,0.13333333333333464,16,true,-1.7469876891427045,-2.013654355809374,1,true,false,false,true,-0.13333333333333464,1.8803210224760392,EXPERIMENT_ONLY
2025-10-18,20:00,test,2025,2025,16,16.912313755663593,0.9123137556635932,16,17,false,2025,2025-10,macro_non_southerly,16.072888888888887,0.07288888888888678,16,true,-0.8394248667747064,-0.8394248667747064,1,true,false,false,true,0.07288888888888678,0.9123137556635932,EXPERIMENT_ONLY
2025-10-18,21:00,test,2025,2025,16,16.998007685462056,0.9980076854620563,16,17,false,2025,2025-10,macro_non_southerly,16.072888888888887,0.07288888888888678,16,true,-0.9251187965731695,-0.9251187965731695,1,true,false,false,true,0.07288888888888678,0.9980076854620563,EXPERIMENT_ONLY
2025-10-18,22:00,test,2025,2025,16,16.833671303822854,0.8336713038228538,16,17,false,2025,2025-10,macro_non_southerly,16.072888888888887,0.07288888888888678,16,true,-0.760782414933967,-0.760782414933967,1,true,false,false,true,0.07288888888888678,0.8336713038228538,EXPERIMENT_ONLY
2025-10-18,23:00,test,2025,2025,16,16.941757241473987,0.9417572414739865,16,17,false,2025,2025-10,macro_non_southerly,16.072888888888887,0.07288888888888678,16,true,-0.8688683525850998,-0.8688683525850998,1,true,false,false,true,0.07288888888888678,0.9417572414739865,EXPERIMENT_ONLY
2025-10-19,20:00,test,2025,2025,18,17.74673178183196,0.2532682181680386,18,18,true,2025,2025-10,macro_non_southerly,17.148444444444443,0.8515555555555565,17,false,0.5982873373875179,-0.5982873373875179,-1,false,true,true,false,-0.8515555555555565,-0.2532682181680386,EXPERIMENT_ONLY
2025-10-19,21:00,test,2025,2025,18,18.17182171293929,0.17182171293929116,18,18,true,2025,2025-10,macro_non_southerly,17.148444444444443,0.8515555555555565,17,false,0.6797338426162653,-1.0233772684948477,-1,false,true,true,false,-0.8515555555555565,0.17182171293929116,EXPERIMENT_ONLY
2025-10-19,22:00,test,2025,2025,18,17.970591369142603,0.029408630857396645,18,18,true,2025,2025-10,macro_non_southerly,17.148444444444443,0.8515555555555565,17,false,0.8221469246981599,-0.8221469246981599,-1,false,true,true,false,-0.8515555555555565,-0.029408630857396645,EXPERIMENT_ONLY
2025-10-19,23:00,test,2025,2025,18,17.961469308781126,0.03853069121887387,18,18,true,2025,2025-10,macro_non_southerly,17.148444444444443,0.8515555555555565,17,false,0.8130248643366826,-0.8130248643366826,-1,false,true,true,false,-0.8515555555555565,-0.03853069121887387,EXPERIMENT_ONLY
2025-10-20,20:00,test,2025,2025,17,17.04584148204107,0.045841482041069526,17,17,true,2025,2025-10,macro_non_southerly,16.508000000000003,0.49199999999999733,17,true,0.4461585179589278,-0.5378414820410669,0,false,true,false,false,-0.49199999999999733,0.045841482041069526,EXPERIMENT_ONLY
2025-10-20,21:00,test,2025,2025,17,17.19704690208253,0.19704690208252984,17,17,true,2025,2025-10,macro_non_southerly,16.508000000000003,0.49199999999999733,17,true,0.2949530979174675,-0.6890469020825272,0,false,true,false,false,-0.49199999999999733,0.19704690208252984,EXPERIMENT_ONLY
2025-10-20,22:00,test,2025,2025,17,17.092868177930065,0.09286817793006463,17,17,true,2025,2025-10,macro_non_southerly,16.508000000000003,0.49199999999999733,17,true,0.3991318220699327,-0.584868177930062,0,false,true,false,false,-0.49199999999999733,0.09286817793006463,EXPERIMENT_ONLY
2025-10-20,23:00,test,2025,2025,17,17.224173327824662,0.22417332782466204,17,17,true,2025,2025-10,macro_non_southerly,16.508000000000003,0.49199999999999733,17,true,0.2678266721753353,-0.7161733278246594,0,false,true,false,false,-0.49199999999999733,0.22417332782466204,EXPERIMENT_ONLY
2025-10-21,20:00,test,2025,2025,18,19.058182450971785,1.0581824509717848,18,19,false,2025,2025-10,macro_non_southerly,17.61688888888889,0.3831111111111092,18,true,-0.6750713398606756,-1.441293562082894,1,true,false,false,true,-0.3831111111111092,1.0581824509717848,EXPERIMENT_ONLY
2025-10-21,21:00,test,2025,2025,18,18.994185232449283,0.9941852324492828,18,19,false,2025,2025-10,macro_non_southerly,17.61688888888889,0.3831111111111092,18,true,-0.6110741213381736,-1.377296343560392,1,true,false,false,true,-0.3831111111111092,0.9941852324492828,EXPERIMENT_ONLY
2025-10-21,22:00,test,2025,2025,18,18.429745136739886,0.4297451367398857,18,18,true,2025,2025-10,macro_non_southerly,17.61688888888889,0.3831111111111092,18,true,-0.0466340256287765,-0.8128562478509949,0,true,false,false,false,-0.3831111111111092,0.4297451367398857,EXPERIMENT_ONLY
2025-10-21,23:00,test,2025,2025,18,18.406286092675117,0.40628609267511706,18,18,true,2025,2025-10,macro_non_southerly,17.61688888888889,0.3831111111111092,18,true,-0.02317498156400788,-0.7893972037862262,0,true,false,false,false,-0.3831111111111092,0.40628609267511706,EXPERIMENT_ONLY
2025-10-22,20:00,test,2025,2025,15,17.331942514502504,2.3319425145025043,15,17,false,2025,2025-10,macro_non_southerly,15.756444444444444,0.756444444444444,16,false,-1.5754980700580603,-1.5754980700580603,0,true,false,false,false,0.756444444444444,2.3319425145025043,EXPERIMENT_ONLY
2025-10-22,21:00,test,2025,2025,15,17.49140132232368,2.4914013223236786,15,17,false,2025,2025-10,macro_non_southerly,15.756444444444444,0.756444444444444,16,false,-1.7349568778792346,-1.7349568778792346,0,true,false,false,false,0.756444444444444,2.4914013223236786,EXPERIMENT_ONLY
2025-10-22,22:00,test,2025,2025,15,17.082384944983552,2.082384944983552,15,17,false,2025,2025-10,macro_non_southerly,15.756444444444444,0.756444444444444,16,false,-1.325940500539108,-1.325940500539108,0,true,false,false,false,0.756444444444444,2.082384944983552,EXPERIMENT_ONLY
2025-10-22,23:00,test,2025,2025,15,16.541003501510378,1.541003501510378,15,17,false,2025,2025-10,macro_non_southerly,15.756444444444444,0.756444444444444,16,false,-0.784559057065934,-0.784559057065934,0,true,false,false,false,0.756444444444444,1.541003501510378,EXPERIMENT_ONLY
2025-10-23,20:00,test,2025,2025,19,18.363125190606535,0.6368748093934649,19,18,false,2025,2025-10,macro_non_southerly,18.400222222222222,0.5997777777777777,18,false,-0.037097031615687115,0.037097031615687115,0,true,false,false,false,-0.5997777777777777,-0.6368748093934649,EXPERIMENT_ONLY
2025-10-23,21:00,test,2025,2025,19,18.923964775812145,0.07603522418785502,19,19,true,2025,2025-10,macro_non_southerly,18.400222222222222,0.5997777777777777,18,false,0.5237425535899227,-0.5237425535899227,-1,false,true,true,false,-0.5997777777777777,-0.07603522418785502,EXPERIMENT_ONLY
2025-10-23,22:00,test,2025,2025,19,18.800931395231256,0.199068604768744,19,19,true,2025,2025-10,macro_non_southerly,18.400222222222222,0.5997777777777777,18,false,0.40070917300903375,-0.40070917300903375,-1,false,true,true,false,-0.5997777777777777,-0.199068604768744,EXPERIMENT_ONLY
2025-10-23,23:00,test,2025,2025,19,18.84615524182998,0.1538447581700204,19,19,true,2025,2025-10,macro_non_southerly,18.400222222222222,0.5997777777777777,18,false,0.44593301960775733,-0.44593301960775733,-1,false,true,true,false,-0.5997777777777777,-0.1538447581700204,EXPERIMENT_ONLY
2025-10-24,20:00,test,2025,2025,17,18.12139322714092,1.1213932271409206,17,18,false,2025,2025-10,macro_non_southerly,16.214222222222222,0.7857777777777777,16,false,-0.3356154493631429,-1.9071710049186983,0,true,false,false,false,-0.7857777777777777,1.1213932271409206,EXPERIMENT_ONLY
2025-10-24,21:00,test,2025,2025,17,18.715120418069606,1.7151204180696062,17,19,false,2025,2025-10,macro_non_southerly,16.214222222222222,0.7857777777777777,16,false,-0.9293426402918286,-2.500898195847384,0,true,false,false,false,-0.7857777777777777,1.7151204180696062,EXPERIMENT_ONLY
2025-10-24,22:00,test,2025,2025,17,18.47373200860042,1.4737320086004218,17,18,false,2025,2025-10,macro_non_southerly,16.214222222222222,0.7857777777777777,16,false,-0.6879542308226441,-2.2595097863781994,0,true,false,false,false,-0.7857777777777777,1.4737320086004218,EXPERIMENT_ONLY
2025-10-24,23:00,test,2025,2025,17,18.435716890407033,1.4357168904070328,17,18,false,2025,2025-10,macro_non_southerly,16.214222222222222,0.7857777777777777,16,false,-0.6499391126292551,-2.2214946681848105,0,true,false,false,false,-0.7857777777777777,1.4357168904070328,EXPERIMENT_ONLY
2025-10-25,20:00,test,2025,2025,17,17.542471970461943,0.5424719704619427,17,18,false,2025,2025-10,macro_non_southerly,16.80311111111111,0.1968888888888891,17,true,-0.3455830815730536,-0.7393608593508318,1,true,false,false,true,-0.1968888888888891,0.5424719704619427,EXPERIMENT_ONLY
2025-10-25,21:00,test,2025,2025,17,18.060851482713755,1.0608514827137547,17,18,false,2025,2025-10,macro_non_southerly,16.80311111111111,0.1968888888888891,17,true,-0.8639625938248656,-1.2577403716026438,1,true,false,false,true,-0.1968888888888891,1.0608514827137547,EXPERIMENT_ONLY
2025-10-25,22:00,test,2025,2025,17,18.02381905663465,1.0238190566346503,17,18,false,2025,2025-10,macro_non_southerly,16.80311111111111,0.1968888888888891,17,true,-0.8269301677457612,-1.2207079455235395,1,true,false,false,true,-0.1968888888888891,1.0238190566346503,EXPERIMENT_ONLY
2025-10-25,23:00,test,2025,2025,17,17.88934594202033,0.8893459420203307,17,18,false,2025,2025-10,macro_non_southerly,16.80311111111111,0.1968888888888891,17,true,-0.6924570531314416,-1.0862348309092198,1,true,false,false,true,-0.1968888888888891,0.8893459420203307,EXPERIMENT_ONLY
2025-10-26,20:00,test,2025,2025,17,17.725214264556712,0.7252142645567119,17,18,false,2025,2025-10,macro_non_southerly,16.056888888888892,0.9431111111111079,16,false,0.217896846554396,-1.6683253756678198,0,false,true,false,false,-0.9431111111111079,0.7252142645567119,EXPERIMENT_ONLY
2025-10-26,21:00,test,2025,2025,17,18.00908852654317,1.0090885265431702,17,18,false,2025,2025-10,macro_non_southerly,16.056888888888892,0.9431111111111079,16,false,-0.06597741543206226,-1.952199637654278,0,true,false,false,false,-0.9431111111111079,1.0090885265431702,EXPERIMENT_ONLY
2025-10-26,22:00,test,2025,2025,17,17.775247070811307,0.7752470708113073,17,18,false,2025,2025-10,macro_non_southerly,16.056888888888892,0.9431111111111079,16,false,0.16786404029980062,-1.7183581819224152,0,false,true,false,false,-0.9431111111111079,0.7752470708113073,EXPERIMENT_ONLY
2025-10-26,23:00,test,2025,2025,17,17.472601486604525,0.4726014866045247,17,17,true,2025,2025-10,macro_non_southerly,16.056888888888892,0.9431111111111079,16,false,0.4705096245065832,-1.4157125977156326,-1,false,true,true,false,-0.9431111111111079,0.4726014866045247,EXPERIMENT_ONLY
2025-10-27,20:00,test,2025,2025,17,17.675253060617727,0.6752530606177274,17,18,false,2025,2025-10,macro_non_southerly,17.158444444444445,0.15844444444444505,17,true,-0.5168086161732823,-0.5168086161732823,1,true,false,false,true,0.15844444444444505,0.6752530606177274,EXPERIMENT_ONLY
2025-10-27,21:00,test,2025,2025,17,17.615642496181827,0.6156424961818274,17,18,false,2025,2025-10,macro_non_southerly,17.158444444444445,0.15844444444444505,17,true,-0.45719805173738237,-0.45719805173738237,1,true,false,false,true,0.15844444444444505,0.6156424961818274,EXPERIMENT_ONLY
2025-10-27,22:00,test,2025,2025,17,17.122175474123882,0.12217547412388186,17,17,true,2025,2025-10,macro_non_southerly,17.158444444444445,0.15844444444444505,17,true,0.0362689703205632,0.0362689703205632,0,false,true,false,false,0.15844444444444505,0.12217547412388186,EXPERIMENT_ONLY
2025-10-27,23:00,test,2025,2025,17,16.936646377682596,0.06335362231740405,17,17,true,2025,2025-10,macro_non_southerly,17.158444444444445,0.15844444444444505,17,true,0.09509082212704101,0.2217980667618491,0,false,true,false,false,0.15844444444444505,-0.06335362231740405,EXPERIMENT_ONLY
2025-10-28,20:00,test,2025,2025,16,16.056669250518667,0.05666925051866656,16,16,true,2025,2025-10,macro_southerly_flow,15.665999999999999,0.3340000000000014,16,true,0.27733074948133485,-0.39066925051866797,0,false,true,false,false,-0.3340000000000014,0.05666925051866656,EXPERIMENT_ONLY
2025-10-28,21:00,test,2025,2025,16,16.3658650160624,0.3658650160624006,16,16,true,2025,2025-10,macro_southerly_flow,15.665999999999999,0.3340000000000014,16,true,-0.03186501606239922,-0.699865016062402,0,true,false,false,false,-0.3340000000000014,0.3658650160624006,EXPERIMENT_ONLY
2025-10-28,22:00,test,2025,2025,16,15.63214970619587,0.36785029380413015,16,16,true,2025,2025-10,macro_southerly_flow,15.665999999999999,0.3340000000000014,16,true,-0.03385029380412874,0.03385029380412874,0,true,false,false,false,-0.3340000000000014,-0.36785029380413015,EXPERIMENT_ONLY
2025-10-28,23:00,test,2025,2025,16,16.173071675310517,0.17307167531051704,16,16,true,2025,2025-10,macro_southerly_flow,15.665999999999999,0.3340000000000014,16,true,0.16092832468948437,-0.5070716753105184,0,false,true,false,false,-0.3340000000000014,0.17307167531051704,EXPERIMENT_ONLY
2025-10-29,20:00,test,2025,2025,15,16.47583898606249,1.4758389860624916,15,16,false,2025,2025-10,macro_non_southerly,15.591999999999999,0.5919999999999987,16,false,-0.8838389860624929,-0.8838389860624929,0,true,false,false,false,0.5919999999999987,1.4758389860624916,EXPERIMENT_ONLY
2025-10-29,21:00,test,2025,2025,15,16.626464287644257,1.6264642876442572,15,17,false,2025,2025-10,macro_non_southerly,15.591999999999999,0.5919999999999987,16,false,-1.0344642876442585,-1.0344642876442585,0,true,false,false,false,0.5919999999999987,1.6264642876442572,EXPERIMENT_ONLY
2025-10-29,22:00,test,2025,2025,15,16.40885659637748,1.408856596377479,15,16,false,2025,2025-10,macro_non_southerly,15.591999999999999,0.5919999999999987,16,false,-0.8168565963774803,-0.8168565963774803,0,true,false,false,false,0.5919999999999987,1.408856596377479,EXPERIMENT_ONLY
2025-10-29,23:00,test,2025,2025,15,16.185285529702952,1.185285529702952,15,16,false,2025,2025-10,macro_non_southerly,15.591999999999999,0.5919999999999987,16,false,-0.5932855297029533,-0.5932855297029533,0,true,false,false,false,0.5919999999999987,1.185285529702952,EXPERIMENT_ONLY
2025-10-30,20:00,test,2025,2025,17,17.60898093329263,0.6089809332926315,17,18,false,2025,2025-10,macro_non_southerly,15.888,1.112,16,false,0.5030190667073686,-1.7209809332926316,0,false,true,false,false,-1.112,0.6089809332926315,EXPERIMENT_ONLY
2025-10-30,21:00,test,2025,2025,17,17.861031458018104,0.861031458018104,17,18,false,2025,2025-10,macro_non_southerly,15.888,1.112,16,false,0.2509685419818961,-1.973031458018104,0,false,true,false,false,-1.112,0.861031458018104,EXPERIMENT_ONLY
2025-10-30,22:00,test,2025,2025,17,17.62076053693974,0.6207605369397413,17,18,false,2025,2025-10,macro_non_southerly,15.888,1.112,16,false,0.4912394630602588,-1.7327605369397414,0,false,true,false,false,-1.112,0.6207605369397413,EXPERIMENT_ONLY
2025-10-30,23:00,test,2025,2025,17,17.74861837374642,0.7486183737464209,17,18,false,2025,2025-10,macro_non_southerly,15.888,1.112,16,false,0.36338162625357917,-1.860618373746421,0,false,true,false,false,-1.112,0.7486183737464209,EXPERIMENT_ONLY
2025-10-31,20:00,test,2025,2025,19,19.535000474271598,0.5350004742715981,19,20,false,2025,2025-10,macro_non_southerly,18.115777777777776,0.884222222222224,18,false,0.3492217479506259,-1.4192226964938222,0,false,true,false,false,-0.884222222222224,0.5350004742715981,EXPERIMENT_ONLY
2025-10-31,21:00,test,2025,2025,19,19.856932756091815,0.8569327560918154,19,20,false,2025,2025-10,macro_non_southerly,18.115777777777776,0.884222222222224,18,false,0.027289466130408613,-1.7411549783140394,0,false,true,false,false,-0.884222222222224,0.8569327560918154,EXPERIMENT_ONLY
2025-10-31,22:00,test,2025,2025,19,19.847485567859536,0.8474855678595361,19,20,false,2025,2025-10,macro_non_southerly,18.115777777777776,0.884222222222224,18,false,0.036736654362687915,-1.7317077900817601,0,false,true,false,false,-0.884222222222224,0.8474855678595361,EXPERIMENT_ONLY
2025-10-31,23:00,test,2025,2025,19,20.069293809830416,1.069293809830416,19,20,false,2025,2025-10,macro_non_southerly,18.115777777777776,0.884222222222224,18,false,-0.1850715876081921,-1.9535160320526401,0,true,false,false,false,-0.884222222222224,1.069293809830416,EXPERIMENT_ONLY
2025-11-01,20:00,test,2025,2025,17,16.872357745471344,0.12764225452865574,17,17,true,2025,2025-11,macro_southerly_flow,16.895333333333333,0.10466666666666669,17,true,-0.022975587861989055,0.022975587861989055,0,true,false,false,false,-0.10466666666666669,-0.12764225452865574,EXPERIMENT_ONLY
2025-11-01,21:00,test,2025,2025,17,17.33772164308525,0.3377216430852492,17,17,true,2025,2025-11,macro_southerly_flow,16.895333333333333,0.10466666666666669,17,true,-0.23305497641858253,-0.4423883097519159,0,true,false,false,false,-0.10466666666666669,0.3377216430852492,EXPERIMENT_ONLY
2025-11-01,22:00,test,2025,2025,17,17.240238144446263,0.24023814444626268,17,17,true,2025,2025-11,macro_southerly_flow,16.895333333333333,0.10466666666666669,17,true,-0.135571477779596,-0.34490481111292937,0,true,false,false,false,-0.10466666666666669,0.24023814444626268,EXPERIMENT_ONLY
2025-11-01,23:00,test,2025,2025,17,17.578584657291874,0.5785846572918736,17,18,false,2025,2025-11,macro_southerly_flow,16.895333333333333,0.10466666666666669,17,true,-0.4739179906252069,-0.6832513239585403,1,true,false,false,true,-0.10466666666666669,0.5785846572918736,EXPERIMENT_ONLY
2025-11-02,20:00,test,2025,2025,16,17.229498409821673,1.229498409821673,16,17,false,2025,2025-11,macro_non_southerly,15.84511111111111,0.1548888888888893,16,true,-1.0746095209327837,-1.3843872987105623,1,true,false,false,true,-0.1548888888888893,1.229498409821673,EXPERIMENT_ONLY
2025-11-02,21:00,test,2025,2025,16,17.323089626505077,1.3230896265050767,16,17,false,2025,2025-11,macro_non_southerly,15.84511111111111,0.1548888888888893,16,true,-1.1682007376161874,-1.477978515393966,1,true,false,false,true,-0.1548888888888893,1.3230896265050767,EXPERIMENT_ONLY
2025-11-02,22:00,test,2025,2025,16,17.31602544397032,1.3160254439703216,16,17,false,2025,2025-11,macro_non_southerly,15.84511111111111,0.1548888888888893,16,true,-1.1611365550814323,-1.470914332859211,1,true,false,false,true,-0.1548888888888893,1.3160254439703216,EXPERIMENT_ONLY
2025-11-02,23:00,test,2025,2025,16,17.377352357670528,1.377352357670528,16,17,false,2025,2025-11,macro_non_southerly,15.84511111111111,0.1548888888888893,16,true,-1.2224634687816387,-1.5322412465594173,1,true,false,false,true,-0.1548888888888893,1.377352357670528,EXPERIMENT_ONLY
2025-11-03,20:00,test,2025,2025,17,18.436570387080792,1.436570387080792,17,18,false,2025,2025-11,macro_non_southerly,16.29977777777778,0.7002222222222194,16,false,-0.7363481648585726,-2.1367926093030114,0,true,false,false,false,-0.7002222222222194,1.436570387080792,EXPERIMENT_ONLY
2025-11-03,21:00,test,2025,2025,17,18.66782430315583,1.6678243031558289,17,19,false,2025,2025-11,macro_non_southerly,16.29977777777778,0.7002222222222194,16,false,-0.9676020809336094,-2.3680465253780483,0,true,false,false,false,-0.7002222222222194,1.6678243031558289,EXPERIMENT_ONLY
2025-11-03,22:00,test,2025,2025,17,18.459557067201253,1.4595570672012528,17,18,false,2025,2025-11,macro_non_southerly,16.29977777777778,0.7002222222222194,16,false,-0.7593348449790334,-2.159779289423472,0,true,false,false,false,-0.7002222222222194,1.4595570672012528,EXPERIMENT_ONLY
2025-11-03,23:00,test,2025,2025,17,18.52386266846087,1.5238626684608683,17,19,false,2025,2025-11,macro_non_southerly,16.29977777777778,0.7002222222222194,16,false,-0.8236404462386488,-2.2240848906830877,0,true,false,false,false,-0.7002222222222194,1.5238626684608683,EXPERIMENT_ONLY
2025-11-04,20:00,test,2025,2025,17,17.882130018069613,0.8821300180696134,17,18,false,2025,2025-11,macro_non_southerly,16.779999999999998,0.22000000000000242,17,true,-0.662130018069611,-1.1021300180696159,1,true,false,false,true,-0.22000000000000242,0.8821300180696134,EXPERIMENT_ONLY
2025-11-04,21:00,test,2025,2025,17,17.84774815668695,0.8477481566869507,17,18,false,2025,2025-11,macro_non_southerly,16.779999999999998,0.22000000000000242,17,true,-0.6277481566869483,-1.067748156686953,1,true,false,false,true,-0.22000000000000242,0.8477481566869507,EXPERIMENT_ONLY
2025-11-04,22:00,test,2025,2025,17,17.6750283876635,0.6750283876634988,17,18,false,2025,2025-11,macro_non_southerly,16.779999999999998,0.22000000000000242,17,true,-0.4550283876634964,-0.8950283876635012,1,true,false,false,true,-0.22000000000000242,0.6750283876634988,EXPERIMENT_ONLY
2025-11-04,23:00,test,2025,2025,17,17.638124832065564,0.6381248320655644,17,18,false,2025,2025-11,macro_non_southerly,16.779999999999998,0.22000000000000242,17,true,-0.41812483206556195,-0.8581248320655668,1,true,false,false,true,-0.22000000000000242,0.6381248320655644,EXPERIMENT_ONLY
2025-11-05,20:00,test,2025,2025,19,19.230110395749747,0.23011039574974745,19,19,true,2025,2025-11,macro_non_southerly,17.937555555555555,1.062444444444445,18,false,0.8323340486946975,-1.2925548401941924,-1,false,true,true,false,-1.062444444444445,0.23011039574974745,EXPERIMENT_ONLY
2025-11-05,21:00,test,2025,2025,19,19.394692327312775,0.39469232731277515,19,19,true,2025,2025-11,macro_non_southerly,17.937555555555555,1.062444444444445,18,false,0.6677521171316698,-1.4571367717572201,-1,false,true,true,false,-1.062444444444445,0.39469232731277515,EXPERIMENT_ONLY
2025-11-05,22:00,test,2025,2025,19,19.195086764344126,0.19508676434412564,19,19,true,2025,2025-11,macro_non_southerly,17.937555555555555,1.062444444444445,18,false,0.8673576801003193,-1.2575312087885706,-1,false,true,true,false,-1.062444444444445,0.19508676434412564,EXPERIMENT_ONLY
2025-11-05,23:00,test,2025,2025,19,19.427200470279423,0.4272004702794234,19,19,true,2025,2025-11,macro_non_southerly,17.937555555555555,1.062444444444445,18,false,0.6352439741650215,-1.4896449147238684,-1,false,true,true,false,-1.062444444444445,0.4272004702794234,EXPERIMENT_ONLY
2025-11-06,20:00,test,2025,2025,18,19.174005418310387,1.1740054183103865,18,19,false,2025,2025-11,macro_non_southerly,18.34777777777778,0.34777777777777885,18,true,-0.8262276405326077,-0.8262276405326077,1,true,false,false,true,0.34777777777777885,1.1740054183103865,EXPERIMENT_ONLY
2025-11-06,21:00,test,2025,2025,18,19.697567717081803,1.697567717081803,18,20,false,2025,2025-11,macro_non_southerly,18.34777777777778,0.34777777777777885,18,true,-1.3497899393040242,-1.3497899393040242,1,true,false,false,true,0.34777777777777885,1.697567717081803,EXPERIMENT_ONLY
2025-11-06,22:00,test,2025,2025,18,19.40035832689213,1.4003583268921282,18,19,false,2025,2025-11,macro_non_southerly,18.34777777777778,0.34777777777777885,18,true,-1.0525805491143494,-1.0525805491143494,1,true,false,false,true,0.34777777777777885,1.4003583268921282,EXPERIMENT_ONLY
2025-11-06,23:00,test,2025,2025,18,19.372032990840808,1.3720329908408075,18,19,false,2025,2025-11,macro_non_southerly,18.34777777777778,0.34777777777777885,18,true,-1.0242552130630287,-1.0242552130630287,1,true,false,false,true,0.34777777777777885,1.3720329908408075,EXPERIMENT_ONLY
2025-11-07,20:00,test,2025,2025,19,20.55475227776835,1.5547522777683511,19,21,false,2025,2025-11,macro_non_southerly,18.75288888888889,0.24711111111110995,19,true,-1.3076411666572412,-1.801863388879461,1,true,false,false,true,-0.24711111111110995,1.5547522777683511,EXPERIMENT_ONLY
2025-11-07,21:00,test,2025,2025,19,20.068978052533733,1.0689780525337333,19,20,false,2025,2025-11,macro_non_southerly,18.75288888888889,0.24711111111110995,19,true,-0.8218669414226234,-1.3160891636448433,1,true,false,false,true,-0.24711111111110995,1.0689780525337333,EXPERIMENT_ONLY
2025-11-07,22:00,test,2025,2025,19,18.832693820038063,0.16730617996193686,19,19,true,2025,2025-11,macro_southerly_flow,18.75288888888889,0.24711111111110995,19,true,0.07980493114917309,-0.07980493114917309,0,false,true,false,false,-0.24711111111110995,-0.16730617996193686,EXPERIMENT_ONLY
2025-11-07,23:00,test,2025,2025,19,18.66959128549503,0.3304087145049692,19,19,true,2025,2025-11,macro_southerly_flow,18.75288888888889,0.24711111111110995,19,true,-0.08329760339385928,0.08329760339385928,0,true,false,false,false,-0.24711111111110995,-0.3304087145049692,EXPERIMENT_ONLY
2025-11-08,20:00,test,2025,2025,19,18.750116722162485,0.2498832778375153,19,19,true,2025,2025-11,macro_non_southerly,17.923333333333336,1.0766666666666644,18,false,0.8267833888291491,-0.8267833888291491,-1,false,true,true,false,-1.0766666666666644,-0.2498832778375153,EXPERIMENT_ONLY
2025-11-08,21:00,test,2025,2025,19,19.008946334180123,0.008946334180123472,19,19,true,2025,2025-11,macro_non_southerly,17.923333333333336,1.0766666666666644,18,false,1.067720332486541,-1.085613000846788,-1,false,true,true,false,-1.0766666666666644,0.008946334180123472,EXPERIMENT_ONLY
2025-11-08,22:00,test,2025,2025,19,18.80417026661653,0.19582973338346932,19,19,true,2025,2025-11,macro_non_southerly,17.923333333333336,1.0766666666666644,18,false,0.8808369332831951,-0.8808369332831951,-1,false,true,true,false,-1.0766666666666644,-0.19582973338346932,EXPERIMENT_ONLY
2025-11-08,23:00,test,2025,2025,19,18.932306970220555,0.06769302977944491,19,19,true,2025,2025-11,macro_non_southerly,17.923333333333336,1.0766666666666644,18,false,1.0089736368872195,-1.0089736368872195,-1,false,true,true,false,-1.0766666666666644,-0.06769302977944491,EXPERIMENT_ONLY
2025-11-09,20:00,test,2025,2025,19,19.28689579575589,0.2868957957558891,19,19,true,2025,2025-11,macro_non_southerly,18.20777777777778,0.7922222222222217,18,false,0.5053264264663326,-1.0791180179781108,-1,false,true,true,false,-0.7922222222222217,0.2868957957558891,EXPERIMENT_ONLY
2025-11-09,21:00,test,2025,2025,19,19.243017562116215,0.24301756211621495,19,19,true,2025,2025-11,macro_non_southerly,18.20777777777778,0.7922222222222217,18,false,0.5492046601060068,-1.0352397843384367,-1,false,true,true,false,-0.7922222222222217,0.24301756211621495,EXPERIMENT_ONLY
2025-11-09,22:00,test,2025,2025,19,19.03884838464527,0.03884838464527007,19,19,true,2025,2025-11,macro_non_southerly,18.20777777777778,0.7922222222222217,18,false,0.7533738375769516,-0.8310706068674918,-1,false,true,true,false,-0.7922222222222217,0.03884838464527007,EXPERIMENT_ONLY
2025-11-09,23:00,test,2025,2025,19,19.711944476363918,0.711944476363918,19,20,false,2025,2025-11,macro_non_southerly,18.20777777777778,0.7922222222222217,18,false,0.08027774585830372,-1.5041666985861397,0,false,true,false,false,-0.7922222222222217,0.711944476363918,EXPERIMENT_ONLY
2025-11-10,20:00,test,2025,2025,19,19.55873878239141,0.5587387823914085,19,20,false,2025,2025-11,macro_non_southerly,18.563333333333333,0.4366666666666674,19,true,-0.12207211572474108,-0.9954054490580759,1,true,false,false,true,-0.4366666666666674,0.5587387823914085,EXPERIMENT_ONLY
2025-11-10,21:00,test,2025,2025,19,19.81437617428795,0.8143761742879505,19,20,false,2025,2025-11,macro_non_southerly,18.563333333333333,0.4366666666666674,19,true,-0.3777095076212831,-1.251042840954618,1,true,false,false,true,-0.4366666666666674,0.8143761742879505,EXPERIMENT_ONLY
2025-11-10,22:00,test,2025,2025,19,19.64863613463583,0.6486361346358294,19,20,false,2025,2025-11,macro_non_southerly,18.563333333333333,0.4366666666666674,19,true,-0.21196946796916194,-1.0853028013024968,1,true,false,false,true,-0.4366666666666674,0.6486361346358294,EXPERIMENT_ONLY
2025-11-10,23:00,test,2025,2025,19,19.920776103925512,0.9207761039255118,19,20,false,2025,2025-11,macro_non_southerly,18.563333333333333,0.4366666666666674,19,true,-0.48410943725884437,-1.3574427705921792,1,true,false,false,true,-0.4366666666666674,0.9207761039255118,EXPERIMENT_ONLY
2025-11-11,20:00,test,2025,2025,17,18.20475070502555,1.2047507050255497,17,18,false,2025,2025-11,macro_non_southerly,17.127555555555556,0.1275555555555563,17,true,-1.0771951494699934,-1.0771951494699934,1,true,false,false,true,0.1275555555555563,1.2047507050255497,EXPERIMENT_ONLY
2025-11-11,21:00,test,2025,2025,17,17.197677459747023,0.19767745974702322,17,17,true,2025,2025-11,macro_non_southerly,17.127555555555556,0.1275555555555563,17,true,-0.07012190419146691,-0.07012190419146691,0,true,false,false,false,0.1275555555555563,0.19767745974702322,EXPERIMENT_ONLY
2025-11-11,22:00,test,2025,2025,17,17.175620686858803,0.17562068685880305,17,17,true,2025,2025-11,macro_non_southerly,17.127555555555556,0.1275555555555563,17,true,-0.048065131303246744,-0.048065131303246744,0,true,false,false,false,0.1275555555555563,0.17562068685880305,EXPERIMENT_ONLY
2025-11-11,23:00,test,2025,2025,17,17.38796494301047,0.3879649430104699,17,17,true,2025,2025-11,macro_non_southerly,17.127555555555556,0.1275555555555563,17,true,-0.2604093874549136,-0.2604093874549136,0,true,false,false,false,0.1275555555555563,0.3879649430104699,EXPERIMENT_ONLY
2025-11-12,20:00,test,2025,2025,19,17.61716462188558,1.3828353781144216,19,18,false,2025,2025-11,macro_southerly_flow,18.81577777777778,0.18422222222222118,19,true,-1.1986131558922004,1.1986131558922004,1,true,false,false,true,-0.18422222222222118,-1.3828353781144216,EXPERIMENT_ONLY
2025-11-12,21:00,test,2025,2025,19,17.299487295464406,1.700512704535594,19,17,false,2025,2025-11,macro_southerly_flow,18.81577777777778,0.18422222222222118,19,true,-1.516290482313373,1.516290482313373,1,true,false,false,true,-0.18422222222222118,-1.700512704535594,EXPERIMENT_ONLY
2025-11-12,22:00,test,2025,2025,19,17.180838571373915,1.819161428626085,19,17,false,2025,2025-11,macro_southerly_flow,18.81577777777778,0.18422222222222118,19,true,-1.634939206403864,1.634939206403864,1,true,false,false,true,-0.18422222222222118,-1.819161428626085,EXPERIMENT_ONLY
2025-11-12,23:00,test,2025,2025,19,17.43261625654885,1.567383743451149,19,17,false,2025,2025-11,macro_southerly_flow,18.81577777777778,0.18422222222222118,19,true,-1.3831615212289279,1.3831615212289279,1,true,false,false,true,-0.18422222222222118,-1.567383743451149,EXPERIMENT_ONLY
2025-11-13,20:00,test,2025,2025,18,16.78027517541276,1.2197248245872387,18,17,false,2025,2025-11,macro_southerly_flow,18.017555555555553,0.017555555555553326,18,true,-1.2021692690316854,1.237280380142792,1,true,false,false,true,0.017555555555553326,-1.2197248245872387,EXPERIMENT_ONLY
2025-11-13,21:00,test,2025,2025,18,16.310953749414317,1.6890462505856831,18,16,false,2025,2025-11,macro_southerly_flow,18.017555555555553,0.017555555555553326,18,true,-1.6714906950301298,1.7066018061412365,1,true,false,false,true,0.017555555555553326,-1.6890462505856831,EXPERIMENT_ONLY
2025-11-13,22:00,test,2025,2025,18,16.148325613289188,1.8516743867108119,18,16,false,2025,2025-11,macro_southerly_flow,18.017555555555553,0.017555555555553326,18,true,-1.8341188311552585,1.8692299422663652,1,true,false,false,true,0.017555555555553326,-1.8516743867108119,EXPERIMENT_ONLY
2025-11-13,23:00,test,2025,2025,18,17.857279532332345,0.14272046766765456,18,18,true,2025,2025-11,macro_southerly_flow,18.017555555555553,0.017555555555553326,18,true,-0.12516491211210123,0.1602760232232079,0,true,false,false,false,0.017555555555553326,-0.14272046766765456,EXPERIMENT_ONLY
2025-11-14,20:00,test,2025,2025,19,19.389232800505155,0.3892328005051553,19,19,true,2025,2025-11,macro_non_southerly,18.298222222222222,0.7017777777777781,18,false,0.31254497727262276,-1.0910105782829334,-1,false,true,true,false,-0.7017777777777781,0.3892328005051553,EXPERIMENT_ONLY
2025-11-14,21:00,test,2025,2025,19,19.76453018460576,0.7645301846057606,19,20,false,2025,2025-11,macro_non_southerly,18.298222222222222,0.7017777777777781,18,false,-0.06275240682798255,-1.4663079623835387,0,true,false,false,false,-0.7017777777777781,0.7645301846057606,EXPERIMENT_ONLY
2025-11-14,22:00,test,2025,2025,19,19.692194359618394,0.6921943596183944,19,20,false,2025,2025-11,macro_non_southerly,18.298222222222222,0.7017777777777781,18,false,0.009583418159383683,-1.3939721373961724,0,false,true,false,false,-0.7017777777777781,0.6921943596183944,EXPERIMENT_ONLY
2025-11-14,23:00,test,2025,2025,19,19.785601886070953,0.7856018860709533,19,20,false,2025,2025-11,macro_non_southerly,18.298222222222222,0.7017777777777781,18,false,-0.08382410829317521,-1.4873796638487313,0,true,false,false,false,-0.7017777777777781,0.7856018860709533,EXPERIMENT_ONLY
2025-11-15,20:00,test,2025,2025,19,18.95013504070704,0.049864959292960975,19,19,true,2025,2025-11,macro_non_southerly,17.496666666666666,1.5033333333333339,17,false,1.4534683740403729,-1.4534683740403729,-1,false,true,true,false,-1.5033333333333339,-0.049864959292960975,EXPERIMENT_ONLY
2025-11-15,21:00,test,2025,2025,19,18.206754979898648,0.7932450201013523,19,18,false,2025,2025-11,macro_non_southerly,17.496666666666666,1.5033333333333339,17,false,0.7100883132319815,-0.7100883132319815,0,false,true,false,false,-1.5033333333333339,-0.7932450201013523,EXPERIMENT_ONLY
2025-11-15,22:00,test,2025,2025,19,18.039836053400215,0.9601639465997849,19,18,false,2025,2025-11,macro_non_southerly,17.496666666666666,1.5033333333333339,17,false,0.543169386733549,-0.543169386733549,0,false,true,false,false,-1.5033333333333339,-0.9601639465997849,EXPERIMENT_ONLY
2025-11-15,23:00,test,2025,2025,19,17.836369964201992,1.1636300357980076,19,18,false,2025,2025-11,macro_non_southerly,17.496666666666666,1.5033333333333339,17,false,0.33970329753532624,-0.33970329753532624,0,false,true,false,false,-1.5033333333333339,-1.1636300357980076,EXPERIMENT_ONLY
2025-11-16,20:00,test,2025,2025,19,19.120312739838305,0.1203127398383046,19,19,true,2025,2025-11,macro_non_southerly,17.36666666666667,1.6333333333333293,17,false,1.5130205934950247,-1.753646073171634,-1,false,true,true,false,-1.6333333333333293,0.1203127398383046,EXPERIMENT_ONLY
2025-11-16,21:00,test,2025,2025,19,19.531285621786445,0.531285621786445,19,20,false,2025,2025-11,macro_non_southerly,17.36666666666667,1.6333333333333293,17,false,1.1020477115468843,-2.1646189551197743,0,false,true,false,false,-1.6333333333333293,0.531285621786445,EXPERIMENT_ONLY
2025-11-16,22:00,test,2025,2025,19,19.352222848341256,0.35222284834125617,19,19,true,2025,2025-11,macro_non_southerly,17.36666666666667,1.6333333333333293,17,false,1.2811104849920731,-1.9855561816745855,-1,false,true,true,false,-1.6333333333333293,0.35222284834125617,EXPERIMENT_ONLY
2025-11-16,23:00,test,2025,2025,19,19.650855585243978,0.6508555852439777,19,20,false,2025,2025-11,macro_non_southerly,17.36666666666667,1.6333333333333293,17,false,0.9824777480893516,-2.284188918577307,0,false,true,false,false,-1.6333333333333293,0.6508555852439777,EXPERIMENT_ONLY
2025-11-17,20:00,test,2025,2025,21,19.652196773370267,1.3478032266297326,21,20,false,2025,2025-11,macro_non_southerly,19.727777777777778,1.2722222222222221,20,false,-0.07558100440751048,0.07558100440751048,0,true,false,false,false,-1.2722222222222221,-1.3478032266297326,EXPERIMENT_ONLY
2025-11-17,21:00,test,2025,2025,21,20.117945985978412,0.8820540140215876,21,20,false,2025,2025-11,macro_non_southerly,19.727777777777778,1.2722222222222221,20,false,0.3901682082006346,-0.3901682082006346,0,false,true,false,false,-1.2722222222222221,-0.8820540140215876,EXPERIMENT_ONLY
2025-11-17,22:00,test,2025,2025,21,19.97059914512503,1.0294008548749716,21,20,false,2025,2025-11,macro_non_southerly,19.727777777777778,1.2722222222222221,20,false,0.24282136734725057,-0.24282136734725057,0,false,true,false,false,-1.2722222222222221,-1.0294008548749716,EXPERIMENT_ONLY
2025-11-17,23:00,test,2025,2025,21,20.16441012822258,0.8355898717774188,21,20,false,2025,2025-11,macro_non_southerly,19.727777777777778,1.2722222222222221,20,false,0.4366323504448033,-0.4366323504448033,0,false,true,false,false,-1.2722222222222221,-0.8355898717774188,EXPERIMENT_ONLY
2025-11-18,20:00,test,2025,2025,23,21.65032256567447,1.3496774343255282,23,22,false,2025,2025-11,macro_non_southerly,21.085777777777775,1.9142222222222252,21,false,0.5645447878966969,-0.5645447878966969,0,false,true,false,false,-1.9142222222222252,-1.3496774343255282,EXPERIMENT_ONLY
2025-11-18,21:00,test,2025,2025,23,21.8994112457338,1.1005887542662016,23,22,false,2025,2025-11,macro_non_southerly,21.085777777777775,1.9142222222222252,21,false,0.8136334679560235,-0.8136334679560235,0,false,true,false,false,-1.9142222222222252,-1.1005887542662016,EXPERIMENT_ONLY
2025-11-18,22:00,test,2025,2025,23,21.828321721213438,1.1716782787865618,23,22,false,2025,2025-11,macro_non_southerly,21.085777777777775,1.9142222222222252,21,false,0.7425439434356633,-0.7425439434356633,0,false,true,false,false,-1.9142222222222252,-1.1716782787865618,EXPERIMENT_ONLY
2025-11-18,23:00,test,2025,2025,23,21.96902145711481,1.0309785428851903,23,22,false,2025,2025-11,macro_non_southerly,21.085777777777775,1.9142222222222252,21,false,0.8832436793370348,-0.8832436793370348,0,false,true,false,false,-1.9142222222222252,-1.0309785428851903,EXPERIMENT_ONLY
2025-11-19,20:00,test,2025,2025,22,21.42059227758106,0.5794077224189387,22,21,false,2025,2025-11,macro_non_southerly,20.371333333333336,1.628666666666664,20,false,1.0492589442477254,-1.0492589442477254,0,false,true,false,false,-1.628666666666664,-0.5794077224189387,EXPERIMENT_ONLY
2025-11-19,21:00,test,2025,2025,22,21.76673721534238,0.23326278465761874,22,22,true,2025,2025-11,macro_non_southerly,20.371333333333336,1.628666666666664,20,false,1.3954038820090453,-1.3954038820090453,-1,false,true,true,false,-1.628666666666664,-0.23326278465761874,EXPERIMENT_ONLY
2025-11-19,22:00,test,2025,2025,22,21.49321261923979,0.5067873807602084,22,21,false,2025,2025-11,macro_non_southerly,20.371333333333336,1.628666666666664,20,false,1.1218792859064557,-1.1218792859064557,0,false,true,false,false,-1.628666666666664,-0.5067873807602084,EXPERIMENT_ONLY
2025-11-19,23:00,test,2025,2025,22,21.824307476789883,0.17569252321011675,22,22,true,2025,2025-11,macro_non_southerly,20.371333333333336,1.628666666666664,20,false,1.4529741434565473,-1.4529741434565473,-1,false,true,true,false,-1.628666666666664,-0.17569252321011675,EXPERIMENT_ONLY
2025-11-20,20:00,test,2025,2025,20,20.928785643246197,0.9287856432461972,20,21,false,2025,2025-11,macro_non_southerly,20.05911111111111,0.059111111111111114,20,true,-0.869674532135086,-0.869674532135086,1,true,false,false,true,0.059111111111111114,0.9287856432461972,EXPERIMENT_ONLY
2025-11-20,21:00,test,2025,2025,20,21.267436421664083,1.2674364216640832,20,21,false,2025,2025-11,macro_non_southerly,20.05911111111111,0.059111111111111114,20,true,-1.208325310552972,-1.208325310552972,1,true,false,false,true,0.059111111111111114,1.2674364216640832,EXPERIMENT_ONLY
2025-11-20,22:00,test,2025,2025,20,21.272714680357055,1.2727146803570548,20,21,false,2025,2025-11,macro_non_southerly,20.05911111111111,0.059111111111111114,20,true,-1.2136035692459437,-1.2136035692459437,1,true,false,false,true,0.059111111111111114,1.2727146803570548,EXPERIMENT_ONLY
2025-11-20,23:00,test,2025,2025,20,21.309419438916095,1.3094194389160947,20,21,false,2025,2025-11,macro_non_southerly,20.05911111111111,0.059111111111111114,20,true,-1.2503083278049836,-1.2503083278049836,1,true,false,false,true,0.059111111111111114,1.3094194389160947,EXPERIMENT_ONLY
2025-11-21,20:00,test,2025,2025,20,20.200379092233575,0.2003790922335753,20,20,true,2025,2025-11,macro_non_southerly,18.772222222222222,1.2277777777777779,19,false,1.0273986855442026,-1.4281568700113532,-1,false,true,true,false,-1.2277777777777779,0.2003790922335753,EXPERIMENT_ONLY
2025-11-21,21:00,test,2025,2025,20,20.324239815364713,0.324239815364713,20,20,true,2025,2025-11,macro_non_southerly,18.772222222222222,1.2277777777777779,19,false,0.9035379624130648,-1.5520175931424909,-1,false,true,true,false,-1.2277777777777779,0.324239815364713,EXPERIMENT_ONLY
2025-11-21,22:00,test,2025,2025,20,20.180501267873257,0.18050126787325738,20,20,true,2025,2025-11,macro_non_southerly,18.772222222222222,1.2277777777777779,19,false,1.0472765099045205,-1.4082790456510352,-1,false,true,true,false,-1.2277777777777779,0.18050126787325738,EXPERIMENT_ONLY
2025-11-21,23:00,test,2025,2025,20,20.37739080548829,0.3773908054882895,20,20,true,2025,2025-11,macro_non_southerly,18.772222222222222,1.2277777777777779,19,false,0.8503869722894883,-1.6051685832660674,-1,false,true,true,false,-1.2277777777777779,0.3773908054882895,EXPERIMENT_ONLY
2025-11-22,20:00,test,2025,2025,17,18.8333617157471,1.833361715747099,17,19,false,2025,2025-11,macro_southerly_flow,17.46644444444445,0.46644444444444844,17,true,-1.3669172713026505,-1.3669172713026505,1,true,false,false,true,0.46644444444444844,1.833361715747099,EXPERIMENT_ONLY
2025-11-22,21:00,test,2025,2025,17,18.80501803072716,1.8050180307271617,17,19,false,2025,2025-11,macro_southerly_flow,17.46644444444445,0.46644444444444844,17,true,-1.3385735862827133,-1.3385735862827133,1,true,false,false,true,0.46644444444444844,1.8050180307271617,EXPERIMENT_ONLY
2025-11-22,22:00,test,2025,2025,17,18.731202631128387,1.7312026311283866,17,19,false,2025,2025-11,macro_southerly_flow,17.46644444444445,0.46644444444444844,17,true,-1.2647581866839381,-1.2647581866839381,1,true,false,false,true,0.46644444444444844,1.7312026311283866,EXPERIMENT_ONLY
2025-11-22,23:00,test,2025,2025,17,18.75430318104828,1.7543031810482788,17,19,false,2025,2025-11,macro_southerly_flow,17.46644444444445,0.46644444444444844,17,true,-1.2878587366038303,-1.2878587366038303,1,true,false,false,true,0.46644444444444844,1.7543031810482788,EXPERIMENT_ONLY
2025-11-23,20:00,test,2025,2025,20,18.929368750125157,1.0706312498748431,20,19,false,2025,2025-11,macro_non_southerly,19.031111111111112,0.9688888888888876,19,false,-0.10174236098595557,0.10174236098595557,0,true,false,false,false,-0.9688888888888876,-1.0706312498748431,EXPERIMENT_ONLY
2025-11-23,21:00,test,2025,2025,20,19.306149463242093,0.6938505367579069,20,19,false,2025,2025-11,macro_non_southerly,19.031111111111112,0.9688888888888876,19,false,0.2750383521309807,-0.2750383521309807,0,false,true,false,false,-0.9688888888888876,-0.6938505367579069,EXPERIMENT_ONLY
2025-11-23,22:00,test,2025,2025,20,19.26491742824504,0.7350825717549583,20,19,false,2025,2025-11,macro_non_southerly,19.031111111111112,0.9688888888888876,19,false,0.2338063171339293,-0.2338063171339293,0,false,true,false,false,-0.9688888888888876,-0.7350825717549583,EXPERIMENT_ONLY
2025-11-23,23:00,test,2025,2025,20,19.72891569294772,0.2710843070522806,20,20,true,2025,2025-11,macro_non_southerly,19.031111111111112,0.9688888888888876,19,false,0.697804581836607,-0.697804581836607,-1,false,true,true,false,-0.9688888888888876,-0.2710843070522806,EXPERIMENT_ONLY
2025-11-24,20:00,test,2025,2025,18,17.071183258030157,0.9288167419698432,18,17,false,2025,2025-11,macro_southerly_flow,17.394444444444442,0.6055555555555578,17,false,-0.32326118641428536,0.32326118641428536,0,true,false,false,false,-0.6055555555555578,-0.9288167419698432,EXPERIMENT_ONLY
2025-11-24,21:00,test,2025,2025,18,16.417083436412327,1.5829165635876734,18,16,false,2025,2025-11,macro_southerly_flow,17.394444444444442,0.6055555555555578,17,false,-0.9773610080321156,0.9773610080321156,0,true,false,false,false,-0.6055555555555578,-1.5829165635876734,EXPERIMENT_ONLY
2025-11-24,22:00,test,2025,2025,18,16.230265240602655,1.7697347593973447,18,16,false,2025,2025-11,macro_southerly_flow,17.394444444444442,0.6055555555555578,17,false,-1.1641792038417869,1.1641792038417869,0,true,false,false,false,-0.6055555555555578,-1.7697347593973447,EXPERIMENT_ONLY
2025-11-24,23:00,test,2025,2025,18,16.401900004144977,1.5980999958550228,18,16,false,2025,2025-11,macro_southerly_flow,17.394444444444442,0.6055555555555578,17,false,-0.992544440299465,0.992544440299465,0,true,false,false,false,-0.6055555555555578,-1.5980999958550228,EXPERIMENT_ONLY
2025-11-25,20:00,test,2025,2025,22,19.748801807207215,2.251198192792785,22,20,false,2025,2025-11,macro_non_southerly,21.046888888888887,0.953111111111113,21,false,-1.2980870816816719,1.2980870816816719,0,true,false,false,false,-0.953111111111113,-2.251198192792785,EXPERIMENT_ONLY
2025-11-25,21:00,test,2025,2025,22,21.123231526453413,0.876768473546587,22,21,false,2025,2025-11,macro_non_southerly,21.046888888888887,0.953111111111113,21,false,0.07634263756452597,-0.07634263756452597,0,false,true,false,false,-0.953111111111113,-0.876768473546587,EXPERIMENT_ONLY
2025-11-25,22:00,test,2025,2025,22,21.53103203403419,0.4689679659658097,22,22,true,2025,2025-11,macro_non_southerly,21.046888888888887,0.953111111111113,21,false,0.4841431451453033,-0.4841431451453033,-1,false,true,true,false,-0.953111111111113,-0.4689679659658097,EXPERIMENT_ONLY
2025-11-25,23:00,test,2025,2025,22,21.363006755426607,0.636993244573393,22,21,false,2025,2025-11,macro_non_southerly,21.046888888888887,0.953111111111113,21,false,0.31611786653772,-0.31611786653772,0,false,true,false,false,-0.953111111111113,-0.636993244573393,EXPERIMENT_ONLY
2025-11-26,20:00,test,2025,2025,21,21.30738362941982,0.3073836294198209,21,21,true,2025,2025-11,macro_non_southerly,21.256222222222224,0.2562222222222239,21,true,-0.051161407197596986,-0.051161407197596986,0,true,false,false,false,0.2562222222222239,0.3073836294198209,EXPERIMENT_ONLY
2025-11-26,21:00,test,2025,2025,21,22.13065795292301,1.1306579529230092,21,22,false,2025,2025-11,macro_non_southerly,21.256222222222224,0.2562222222222239,21,true,-0.8744357307007853,-0.8744357307007853,1,true,false,false,true,0.2562222222222239,1.1306579529230092,EXPERIMENT_ONLY
2025-11-26,22:00,test,2025,2025,21,22.071805476958062,1.0718054769580618,21,22,false,2025,2025-11,macro_non_southerly,21.256222222222224,0.2562222222222239,21,true,-0.8155832547358379,-0.8155832547358379,1,true,false,false,true,0.2562222222222239,1.0718054769580618,EXPERIMENT_ONLY
2025-11-26,23:00,test,2025,2025,21,22.374719005875413,1.3747190058754128,21,22,false,2025,2025-11,macro_non_southerly,21.256222222222224,0.2562222222222239,21,true,-1.118496783653189,-1.118496783653189,1,true,false,false,true,0.2562222222222239,1.3747190058754128,EXPERIMENT_ONLY
2025-11-27,20:00,test,2025,2025,21,20.954848219064424,0.04515178093557637,21,21,true,2025,2025-11,macro_non_southerly,20.862444444444442,0.13755555555555787,21,true,0.0924037746199815,-0.0924037746199815,0,false,true,false,false,-0.13755555555555787,-0.04515178093557637,EXPERIMENT_ONLY
2025-11-27,21:00,test,2025,2025,21,21.066810948941477,0.06681094894147677,21,21,true,2025,2025-11,macro_non_southerly,20.862444444444442,0.13755555555555787,21,true,0.07074460661408111,-0.20436650449703464,0,false,true,false,false,-0.13755555555555787,0.06681094894147677,EXPERIMENT_ONLY
2025-11-27,22:00,test,2025,2025,21,21.03837917615043,0.03837917615042841,21,21,true,2025,2025-11,macro_non_southerly,20.862444444444442,0.13755555555555787,21,true,0.09917637940512947,-0.17593473170598628,0,false,true,false,false,-0.13755555555555787,0.03837917615042841,EXPERIMENT_ONLY
2025-11-27,23:00,test,2025,2025,21,21.48353838917306,0.48353838917305936,21,21,true,2025,2025-11,macro_non_southerly,20.862444444444442,0.13755555555555787,21,true,-0.3459828336175015,-0.6210939447286172,0,true,false,false,false,-0.13755555555555787,0.48353838917305936,EXPERIMENT_ONLY
2025-11-28,20:00,test,2025,2025,21,20.32835245525541,0.6716475447445909,21,20,false,2025,2025-11,macro_non_southerly,21.06688888888889,0.06688888888889011,21,true,-0.6047586558557008,0.738536433633481,1,true,false,false,true,0.06688888888889011,-0.6716475447445909,EXPERIMENT_ONLY
2025-11-28,21:00,test,2025,2025,21,20.389951095304315,0.6100489046956845,21,20,false,2025,2025-11,macro_non_southerly,21.06688888888889,0.06688888888889011,21,true,-0.5431600158067944,0.6769377935845746,1,true,false,false,true,0.06688888888889011,-0.6100489046956845,EXPERIMENT_ONLY
2025-11-28,22:00,test,2025,2025,21,20.518202223813862,0.48179777618613784,21,21,true,2025,2025-11,macro_non_southerly,21.06688888888889,0.06688888888889011,21,true,-0.41490888729724773,0.548686665075028,0,true,false,false,false,0.06688888888889011,-0.48179777618613784,EXPERIMENT_ONLY
2025-11-28,23:00,test,2025,2025,21,20.848660729508023,0.15133927049197737,21,21,true,2025,2025-11,macro_non_southerly,21.06688888888889,0.06688888888889011,21,true,-0.08445038160308727,0.21822815938086748,0,true,false,false,false,0.06688888888889011,-0.15133927049197737,EXPERIMENT_ONLY
2025-11-29,20:00,test,2025,2025,21,20.537489379912934,0.4625106200870661,21,21,true,2025,2025-11,macro_non_southerly,20.258,0.7420000000000009,20,false,0.27948937991293477,-0.27948937991293477,-1,false,true,true,false,-0.7420000000000009,-0.4625106200870661,EXPERIMENT_ONLY
2025-11-29,21:00,test,2025,2025,21,20.76718609013807,0.23281390986193173,21,21,true,2025,2025-11,macro_non_southerly,20.258,0.7420000000000009,20,false,0.5091860901380691,-0.5091860901380691,-1,false,true,true,false,-0.7420000000000009,-0.23281390986193173,EXPERIMENT_ONLY
2025-11-29,22:00,test,2025,2025,21,20.5183777497441,0.48162225025589933,21,21,true,2025,2025-11,macro_non_southerly,20.258,0.7420000000000009,20,false,0.26037774974410155,-0.26037774974410155,-1,false,true,true,false,-0.7420000000000009,-0.48162225025589933,EXPERIMENT_ONLY
2025-11-29,23:00,test,2025,2025,21,20.7030464075007,0.29695359249929965,21,21,true,2025,2025-11,macro_non_southerly,20.258,0.7420000000000009,20,false,0.44504640750070124,-0.44504640750070124,-1,false,true,true,false,-0.7420000000000009,-0.29695359249929965,EXPERIMENT_ONLY
2025-11-30,20:00,test,2025,2025,21,20.66499666549123,0.3350033345087695,21,21,true,2025,2025-11,macro_non_southerly,20.194444444444443,0.8055555555555571,20,false,0.4705522210467876,-0.4705522210467876,-1,false,true,true,false,-0.8055555555555571,-0.3350033345087695,EXPERIMENT_ONLY
2025-11-30,21:00,test,2025,2025,21,20.771230214664833,0.22876978533516734,21,21,true,2025,2025-11,macro_non_southerly,20.194444444444443,0.8055555555555571,20,false,0.5767857702203898,-0.5767857702203898,-1,false,true,true,false,-0.8055555555555571,-0.22876978533516734,EXPERIMENT_ONLY
2025-11-30,22:00,test,2025,2025,21,20.393477407540775,0.6065225924592248,21,20,false,2025,2025-11,macro_non_southerly,20.194444444444443,0.8055555555555571,20,false,0.19903296309633234,-0.19903296309633234,0,false,true,false,false,-0.8055555555555571,-0.6065225924592248,EXPERIMENT_ONLY
2025-11-30,23:00,test,2025,2025,21,20.588297214470842,0.4117027855291582,21,21,true,2025,2025-11,macro_non_southerly,20.194444444444443,0.8055555555555571,20,false,0.39385277002639896,-0.39385277002639896,-1,false,true,true,false,-0.8055555555555571,-0.4117027855291582,EXPERIMENT_ONLY
2025-12-01,20:00,test,2025,2025,19,20.35780783825492,1.3578078382549208,19,20,false,2025,2025-12,macro_non_southerly,19.255111111111113,0.2551111111111126,19,true,-1.1026967271438082,-1.1026967271438082,1,true,false,false,true,0.2551111111111126,1.3578078382549208,EXPERIMENT_ONLY
2025-12-01,21:00,test,2025,2025,19,20.431852577036963,1.4318525770369632,19,20,false,2025,2025-12,macro_non_southerly,19.255111111111113,0.2551111111111126,19,true,-1.1767414659258506,-1.1767414659258506,1,true,false,false,true,0.2551111111111126,1.4318525770369632,EXPERIMENT_ONLY
2025-12-01,22:00,test,2025,2025,19,20.158939883337627,1.1589398833376272,19,20,false,2025,2025-12,macro_non_southerly,19.255111111111113,0.2551111111111126,19,true,-0.9038287722265146,-0.9038287722265146,1,true,false,false,true,0.2551111111111126,1.1589398833376272,EXPERIMENT_ONLY
2025-12-01,23:00,test,2025,2025,19,20.214630817487034,1.2146308174870342,19,20,false,2025,2025-12,macro_non_southerly,19.255111111111113,0.2551111111111126,19,true,-0.9595197063759215,-0.9595197063759215,1,true,false,false,true,0.2551111111111126,1.2146308174870342,EXPERIMENT_ONLY
2025-12-02,20:00,test,2025,2025,20,19.421978437147768,0.578021562852232,20,19,false,2025,2025-12,macro_non_southerly,19.541555555555558,0.4584444444444422,20,true,-0.11957711840778984,0.11957711840778984,1,true,false,false,true,-0.4584444444444422,-0.578021562852232,EXPERIMENT_ONLY
2025-12-02,21:00,test,2025,2025,20,19.55312827722957,0.44687172277043175,20,20,true,2025,2025-12,macro_non_southerly,19.541555555555558,0.4584444444444422,20,true,0.011572721674010467,-0.011572721674010467,0,false,true,false,false,-0.4584444444444422,-0.44687172277043175,EXPERIMENT_ONLY
2025-12-02,22:00,test,2025,2025,20,19.34559925059625,0.6544007494037487,20,19,false,2025,2025-12,macro_non_southerly,19.541555555555558,0.4584444444444422,20,true,-0.1959563049593065,0.1959563049593065,1,true,false,false,true,-0.4584444444444422,-0.6544007494037487,EXPERIMENT_ONLY
2025-12-02,23:00,test,2025,2025,20,19.402434066349443,0.5975659336505572,20,19,false,2025,2025-12,macro_non_southerly,19.541555555555558,0.4584444444444422,20,true,-0.139121489206115,0.139121489206115,1,true,false,false,true,-0.4584444444444422,-0.5975659336505572,EXPERIMENT_ONLY
2025-12-03,20:00,test,2025,2025,15,16.568011226353956,1.5680112263539563,15,17,false,2025,2025-12,macro_southerly_flow,17.295333333333332,2.295333333333332,17,false,0.7273221069793756,0.7273221069793756,0,false,true,false,false,2.295333333333332,1.5680112263539563,EXPERIMENT_ONLY
2025-12-03,21:00,test,2025,2025,15,16.579656979280042,1.579656979280042,15,17,false,2025,2025-12,macro_southerly_flow,17.295333333333332,2.295333333333332,17,false,0.71567635405329,0.71567635405329,0,false,true,false,false,2.295333333333332,1.579656979280042,EXPERIMENT_ONLY
2025-12-03,22:00,test,2025,2025,15,16.074539683540664,1.0745396835406638,15,16,false,2025,2025-12,macro_southerly_flow,17.295333333333332,2.295333333333332,17,false,1.2207936497926681,1.2207936497926681,0,false,true,false,false,2.295333333333332,1.0745396835406638,EXPERIMENT_ONLY
2025-12-03,23:00,test,2025,2025,15,16.755694737420427,1.755694737420427,15,17,false,2025,2025-12,macro_southerly_flow,17.295333333333332,2.295333333333332,17,false,0.5396385959129049,0.5396385959129049,0,false,true,false,false,2.295333333333332,1.755694737420427,EXPERIMENT_ONLY
2025-12-04,20:00,test,2025,2025,17,16.64856354437957,0.3514364556204299,17,17,true,2025,2025-12,macro_southerly_flow,16.743555555555556,0.25644444444444403,17,true,-0.09499201117598588,0.09499201117598588,0,true,false,false,false,-0.25644444444444403,-0.3514364556204299,EXPERIMENT_ONLY
2025-12-04,21:00,test,2025,2025,17,16.694059939549838,0.30594006045016187,17,17,true,2025,2025-12,macro_southerly_flow,16.743555555555556,0.25644444444444403,17,true,-0.049495616005717835,0.049495616005717835,0,true,false,false,false,-0.25644444444444403,-0.30594006045016187,EXPERIMENT_ONLY
2025-12-04,22:00,test,2025,2025,17,16.394750596163128,0.6052494038368721,17,16,false,2025,2025-12,macro_southerly_flow,16.743555555555556,0.25644444444444403,17,true,-0.34880495939242806,0.34880495939242806,1,true,false,false,true,-0.25644444444444403,-0.6052494038368721,EXPERIMENT_ONLY
2025-12-04,23:00,test,2025,2025,17,16.56490890505232,0.43509109494767984,17,17,true,2025,2025-12,macro_southerly_flow,16.743555555555556,0.25644444444444403,17,true,-0.1786466505032358,0.1786466505032358,0,true,false,false,false,-0.25644444444444403,-0.43509109494767984,EXPERIMENT_ONLY
2025-12-05,20:00,test,2025,2025,21,20.100902239044462,0.899097760955538,21,20,false,2025,2025-12,macro_non_southerly,20.570888888888888,0.4291111111111121,21,true,-0.46998664984442584,0.46998664984442584,1,true,false,false,true,-0.4291111111111121,-0.899097760955538,EXPERIMENT_ONLY
2025-12-05,21:00,test,2025,2025,21,20.938334510579445,0.061665489420555275,21,21,true,2025,2025-12,macro_non_southerly,20.570888888888888,0.4291111111111121,21,true,0.36744562169055683,-0.36744562169055683,0,false,true,false,false,-0.4291111111111121,-0.061665489420555275,EXPERIMENT_ONLY
2025-12-05,22:00,test,2025,2025,21,20.83061965983858,0.16938034016142112,21,21,true,2025,2025-12,macro_non_southerly,20.570888888888888,0.4291111111111121,21,true,0.259730770949691,-0.259730770949691,0,false,true,false,false,-0.4291111111111121,-0.16938034016142112,EXPERIMENT_ONLY
2025-12-05,23:00,test,2025,2025,21,21.023976861195077,0.023976861195077248,21,21,true,2025,2025-12,macro_non_southerly,20.570888888888888,0.4291111111111121,21,true,0.40513424991603486,-0.45308797230618936,0,false,true,false,false,-0.4291111111111121,0.023976861195077248,EXPERIMENT_ONLY
2025-12-06,20:00,test,2025,2025,22,21.104708252710676,0.895291747289324,22,21,false,2025,2025-12,macro_non_southerly,21.46377777777778,0.5362222222222215,21,false,-0.35906952506710255,0.35906952506710255,0,true,false,false,false,-0.5362222222222215,-0.895291747289324,EXPERIMENT_ONLY
2025-12-06,21:00,test,2025,2025,22,21.37072079189757,0.6292792081024317,22,21,false,2025,2025-12,macro_non_southerly,21.46377777777778,0.5362222222222215,21,false,-0.09305698588021016,0.09305698588021016,0,true,false,false,false,-0.5362222222222215,-0.6292792081024317,EXPERIMENT_ONLY
2025-12-06,22:00,test,2025,2025,22,21.173323915020923,0.8266760849790771,22,21,false,2025,2025-12,macro_non_southerly,21.46377777777778,0.5362222222222215,21,false,-0.2904538627568556,0.2904538627568556,0,true,false,false,false,-0.5362222222222215,-0.8266760849790771,EXPERIMENT_ONLY
2025-12-06,23:00,test,2025,2025,22,21.30641689766601,0.6935831023339887,22,21,false,2025,2025-12,macro_non_southerly,21.46377777777778,0.5362222222222215,21,false,-0.1573608801117672,0.1573608801117672,0,true,false,false,false,-0.5362222222222215,-0.6935831023339887,EXPERIMENT_ONLY
2025-12-07,20:00,test,2025,2025,21,21.890496913786954,0.8904969137869543,21,22,false,2025,2025-12,macro_non_southerly,20.512444444444444,0.48755555555555574,21,true,-0.40294135823139854,-1.37805246934251,1,true,false,false,true,-0.48755555555555574,0.8904969137869543,EXPERIMENT_ONLY
2025-12-07,21:00,test,2025,2025,21,21.777119492474448,0.7771194924744478,21,22,false,2025,2025-12,macro_non_southerly,20.512444444444444,0.48755555555555574,21,true,-0.28956393691889204,-1.2646750480300035,1,true,false,false,true,-0.48755555555555574,0.7771194924744478,EXPERIMENT_ONLY
2025-12-07,22:00,test,2025,2025,21,21.778299568854706,0.7782995688547061,21,22,false,2025,2025-12,macro_non_southerly,20.512444444444444,0.48755555555555574,21,true,-0.29074401329915034,-1.2658551244102618,1,true,false,false,true,-0.48755555555555574,0.7782995688547061,EXPERIMENT_ONLY
2025-12-07,23:00,test,2025,2025,21,21.9800207108137,0.9800207108137009,21,22,false,2025,2025-12,macro_non_southerly,20.512444444444444,0.48755555555555574,21,true,-0.49246515525814516,-1.4675762663692566,1,true,false,false,true,-0.48755555555555574,0.9800207108137009,EXPERIMENT_ONLY
2025-12-08,20:00,test,2025,2025,22,21.78980464156927,0.210195358430731,22,22,true,2025,2025-12,macro_non_southerly,20.628444444444444,1.371555555555556,21,false,1.161360197124825,-1.161360197124825,-1,false,true,true,false,-1.371555555555556,-0.210195358430731,EXPERIMENT_ONLY
2025-12-08,21:00,test,2025,2025,22,21.697178848294072,0.3028211517059276,22,22,true,2025,2025-12,macro_non_southerly,20.628444444444444,1.371555555555556,21,false,1.0687344038496285,-1.0687344038496285,-1,false,true,true,false,-1.371555555555556,-0.3028211517059276,EXPERIMENT_ONLY
2025-12-08,22:00,test,2025,2025,22,21.700579634326033,0.2994203656739671,22,22,true,2025,2025-12,macro_non_southerly,20.628444444444444,1.371555555555556,21,false,1.072135189881589,-1.072135189881589,-1,false,true,true,false,-1.371555555555556,-0.2994203656739671,EXPERIMENT_ONLY
2025-12-08,23:00,test,2025,2025,22,21.83528561329443,0.16471438670556893,22,22,true,2025,2025-12,macro_non_southerly,20.628444444444444,1.371555555555556,21,false,1.2068411688499872,-1.2068411688499872,-1,false,true,true,false,-1.371555555555556,-0.16471438670556893,EXPERIMENT_ONLY
2025-12-09,20:00,test,2025,2025,23,22.436495838340157,0.5635041616598429,23,22,false,2025,2025-12,macro_non_southerly,21.863333333333333,1.1366666666666667,22,false,0.5731625050068239,-0.5731625050068239,0,false,true,false,false,-1.1366666666666667,-0.5635041616598429,EXPERIMENT_ONLY
2025-12-09,21:00,test,2025,2025,23,22.908042083763497,0.09195791623650251,23,23,true,2025,2025-12,macro_non_southerly,21.863333333333333,1.1366666666666667,22,false,1.0447087504301642,-1.0447087504301642,-1,false,true,true,false,-1.1366666666666667,-0.09195791623650251,EXPERIMENT_ONLY
2025-12-09,22:00,test,2025,2025,23,22.868305512257056,0.13169448774294423,23,23,true,2025,2025-12,macro_non_southerly,21.863333333333333,1.1366666666666667,22,false,1.0049721789237225,-1.0049721789237225,-1,false,true,true,false,-1.1366666666666667,-0.13169448774294423,EXPERIMENT_ONLY
2025-12-09,23:00,test,2025,2025,23,23.131104976181536,0.13110497618153616,23,23,true,2025,2025-12,macro_non_southerly,21.863333333333333,1.1366666666666667,22,false,1.0055616904851306,-1.2677716428482029,-1,false,true,true,false,-1.1366666666666667,0.13110497618153616,EXPERIMENT_ONLY
2025-12-10,20:00,test,2025,2025,23,22.492156585156696,0.507843414843304,23,22,false,2025,2025-12,macro_non_southerly,21.716222222222225,1.2837777777777752,22,false,0.7759343629344713,-0.7759343629344713,0,false,true,false,false,-1.2837777777777752,-0.507843414843304,EXPERIMENT_ONLY
2025-12-10,21:00,test,2025,2025,23,22.975876917591854,0.024123082408145535,23,23,true,2025,2025-12,macro_non_southerly,21.716222222222225,1.2837777777777752,22,false,1.2596546953696297,-1.2596546953696297,-1,false,true,true,false,-1.2837777777777752,-0.024123082408145535,EXPERIMENT_ONLY
2025-12-10,22:00,test,2025,2025,23,22.875823982424507,0.12417601757549335,23,23,true,2025,2025-12,macro_non_southerly,21.716222222222225,1.2837777777777752,22,false,1.159601760202282,-1.159601760202282,-1,false,true,true,false,-1.2837777777777752,-0.12417601757549335,EXPERIMENT_ONLY
2025-12-10,23:00,test,2025,2025,23,23.075062792726825,0.07506279272682548,23,23,true,2025,2025-12,macro_non_southerly,21.716222222222225,1.2837777777777752,22,false,1.2087149850509498,-1.3588405705046007,-1,false,true,true,false,-1.2837777777777752,0.07506279272682548,EXPERIMENT_ONLY
2025-12-11,20:00,test,2025,2025,19,18.97203268968151,0.0279673103184912,19,19,true,2025,2025-12,macro_southerly_flow,19.79911111111111,0.7991111111111096,20,false,0.7711438007926184,0.8270784214296008,-1,false,true,true,false,0.7991111111111096,-0.0279673103184912,EXPERIMENT_ONLY
2025-12-11,21:00,test,2025,2025,19,19.089123766641766,0.08912376664176591,19,19,true,2025,2025-12,macro_southerly_flow,19.79911111111111,0.7991111111111096,20,false,0.7099873444693436,0.7099873444693436,-1,false,true,true,false,0.7991111111111096,0.08912376664176591,EXPERIMENT_ONLY
2025-12-11,22:00,test,2025,2025,19,19.092432587880598,0.09243258788059805,19,19,true,2025,2025-12,macro_southerly_flow,19.79911111111111,0.7991111111111096,20,false,0.7066785232305115,0.7066785232305115,-1,false,true,true,false,0.7991111111111096,0.09243258788059805,EXPERIMENT_ONLY
2025-12-11,23:00,test,2025,2025,19,19.295605424664952,0.2956054246649522,19,19,true,2025,2025-12,macro_southerly_flow,19.79911111111111,0.7991111111111096,20,false,0.5035056864461573,0.5035056864461573,-1,false,true,true,false,0.7991111111111096,0.2956054246649522,EXPERIMENT_ONLY
2025-12-12,20:00,test,2025,2025,18,19.714692859196965,1.7146928591969655,18,20,false,2025,2025-12,macro_southerly_flow,18.17533333333333,0.1753333333333309,18,true,-1.5393595258636346,-1.5393595258636346,1,true,false,false,true,0.1753333333333309,1.7146928591969655,EXPERIMENT_ONLY
2025-12-12,21:00,test,2025,2025,18,19.693049031787318,1.693049031787318,18,20,false,2025,2025-12,macro_southerly_flow,18.17533333333333,0.1753333333333309,18,true,-1.517715698453987,-1.517715698453987,1,true,false,false,true,0.1753333333333309,1.693049031787318,EXPERIMENT_ONLY
2025-12-12,22:00,test,2025,2025,18,19.50248911422961,1.5024891142296113,18,20,false,2025,2025-12,macro_southerly_flow,18.17533333333333,0.1753333333333309,18,true,-1.3271557808962804,-1.3271557808962804,1,true,false,false,true,0.1753333333333309,1.5024891142296113,EXPERIMENT_ONLY
2025-12-12,23:00,test,2025,2025,18,19.926590830048116,1.9265908300481165,18,20,false,2025,2025-12,macro_southerly_flow,18.17533333333333,0.1753333333333309,18,true,-1.7512574967147856,-1.7512574967147856,1,true,false,false,true,0.1753333333333309,1.9265908300481165,EXPERIMENT_ONLY
2025-12-13,20:00,test,2025,2025,18,19.22061049797421,1.22061049797421,18,19,false,2025,2025-12,macro_non_southerly,19.110444444444447,1.1104444444444468,19,false,-0.11016605352976327,-0.11016605352976327,0,true,false,false,false,1.1104444444444468,1.22061049797421,EXPERIMENT_ONLY
2025-12-13,21:00,test,2025,2025,18,19.817875922544832,1.8178759225448324,18,20,false,2025,2025-12,macro_non_southerly,19.110444444444447,1.1104444444444468,19,false,-0.7074314781003856,-0.7074314781003856,0,true,false,false,false,1.1104444444444468,1.8178759225448324,EXPERIMENT_ONLY
2025-12-13,22:00,test,2025,2025,18,19.647649829170163,1.6476498291701631,18,20,false,2025,2025-12,macro_non_southerly,19.110444444444447,1.1104444444444468,19,false,-0.5372053847257163,-0.5372053847257163,0,true,false,false,false,1.1104444444444468,1.6476498291701631,EXPERIMENT_ONLY
2025-12-13,23:00,test,2025,2025,18,19.74665347618801,1.7466534761880084,18,20,false,2025,2025-12,macro_non_southerly,19.110444444444447,1.1104444444444468,19,false,-0.6362090317435616,-0.6362090317435616,0,true,false,false,false,1.1104444444444468,1.7466534761880084,EXPERIMENT_ONLY
2025-12-14,20:00,test,2025,2025,23,21.782567771009216,1.2174322289907842,23,22,false,2025,2025-12,macro_non_southerly,21.726000000000003,1.2739999999999974,22,false,0.056567771009213175,-0.056567771009213175,0,false,true,false,false,-1.2739999999999974,-1.2174322289907842,EXPERIMENT_ONLY
2025-12-14,21:00,test,2025,2025,23,22.675100445520947,0.32489955447905317,23,23,true,2025,2025-12,macro_non_southerly,21.726000000000003,1.2739999999999974,22,false,0.9491004455209442,-0.9491004455209442,-1,false,true,true,false,-1.2739999999999974,-0.32489955447905317,EXPERIMENT_ONLY
2025-12-14,22:00,test,2025,2025,23,22.58662182474212,0.4133781752578791,23,23,true,2025,2025-12,macro_non_southerly,21.726000000000003,1.2739999999999974,22,false,0.8606218247421182,-0.8606218247421182,-1,false,true,true,false,-1.2739999999999974,-0.4133781752578791,EXPERIMENT_ONLY
2025-12-14,23:00,test,2025,2025,23,22.699411118087628,0.3005888819123719,23,23,true,2025,2025-12,macro_non_southerly,21.726000000000003,1.2739999999999974,22,false,0.9734111180876255,-0.9734111180876255,-1,false,true,true,false,-1.2739999999999974,-0.3005888819123719,EXPERIMENT_ONLY
2025-12-15,20:00,test,2025,2025,21,22.03926691734183,1.0392669173418305,21,22,false,2025,2025-12,macro_non_southerly,20.918888888888887,0.08111111111111313,21,true,-0.9581558062307174,-1.1203780284529437,1,true,false,false,true,-0.08111111111111313,1.0392669173418305,EXPERIMENT_ONLY
2025-12-15,21:00,test,2025,2025,21,22.157433633762434,1.1574336337624338,21,22,false,2025,2025-12,macro_non_southerly,20.918888888888887,0.08111111111111313,21,true,-1.0763225226513207,-1.238544744873547,1,true,false,false,true,-0.08111111111111313,1.1574336337624338,EXPERIMENT_ONLY
2025-12-15,22:00,test,2025,2025,21,22.052395592795893,1.052395592795893,21,22,false,2025,2025-12,macro_non_southerly,20.918888888888887,0.08111111111111313,21,true,-0.9712844816847799,-1.1335067039070061,1,true,false,false,true,-0.08111111111111313,1.052395592795893,EXPERIMENT_ONLY
2025-12-15,23:00,test,2025,2025,21,22.28501670692777,1.2850167069277703,21,22,false,2025,2025-12,macro_non_southerly,20.918888888888887,0.08111111111111313,21,true,-1.2039055958166571,-1.3661278180388834,1,true,false,false,true,-0.08111111111111313,1.2850167069277703,EXPERIMENT_ONLY
2025-12-16,20:00,test,2025,2025,20,21.023943950997925,1.023943950997925,20,21,false,2025,2025-12,macro_non_southerly,19.642222222222223,0.35777777777777686,20,true,-0.666166173220148,-1.3817217287757018,1,true,false,false,true,-0.35777777777777686,1.023943950997925,EXPERIMENT_ONLY
2025-12-16,21:00,test,2025,2025,20,20.678805879331698,0.6788058793316978,20,21,false,2025,2025-12,macro_non_southerly,19.642222222222223,0.35777777777777686,20,true,-0.3210281015539209,-1.0365836571094746,1,true,false,false,true,-0.35777777777777686,0.6788058793316978,EXPERIMENT_ONLY
2025-12-16,22:00,test,2025,2025,20,19.76106371012582,0.2389362898741787,20,20,true,2025,2025-12,macro_non_southerly,19.642222222222223,0.35777777777777686,20,true,0.11884148790359816,-0.11884148790359816,0,false,true,false,false,-0.35777777777777686,-0.2389362898741787,EXPERIMENT_ONLY
2025-12-16,23:00,test,2025,2025,20,19.233725582656483,0.7662744173435172,20,19,false,2025,2025-12,macro_non_southerly,19.642222222222223,0.35777777777777686,20,true,-0.40849663956574034,0.40849663956574034,1,true,false,false,true,-0.35777777777777686,-0.7662744173435172,EXPERIMENT_ONLY
2025-12-17,20:00,test,2025,2025,16,16.227918121348235,0.2279181213482353,16,16,true,2025,2025-12,macro_non_southerly,16.450666666666667,0.45066666666666677,16,true,0.22274854531843147,0.22274854531843147,0,false,true,false,false,0.45066666666666677,0.2279181213482353,EXPERIMENT_ONLY
2025-12-17,21:00,test,2025,2025,16,15.990834728604542,0.009165271395458419,16,16,true,2025,2025-12,macro_southerly_flow,16.450666666666667,0.45066666666666677,16,true,0.44150139527120835,0.4598319380621252,0,false,true,false,false,0.45066666666666677,-0.009165271395458419,EXPERIMENT_ONLY
2025-12-17,22:00,test,2025,2025,16,15.777850957905242,0.22214904209475783,16,16,true,2025,2025-12,macro_southerly_flow,16.450666666666667,0.45066666666666677,16,true,0.22851762457190894,0.6728157087614246,0,false,true,false,false,0.45066666666666677,-0.22214904209475783,EXPERIMENT_ONLY
2025-12-17,23:00,test,2025,2025,16,15.916599807925804,0.0834001920741958,16,16,true,2025,2025-12,macro_southerly_flow,16.450666666666667,0.45066666666666677,16,true,0.36726647459247097,0.5340668587408626,0,false,true,false,false,0.45066666666666677,-0.0834001920741958,EXPERIMENT_ONLY
2025-12-18,20:00,test,2025,2025,19,19.211037548407855,0.21103754840785527,19,19,true,2025,2025-12,macro_non_southerly,19.02866666666667,0.028666666666669727,19,true,-0.18237088174118554,-0.18237088174118554,0,true,false,false,false,0.028666666666669727,0.21103754840785527,EXPERIMENT_ONLY
2025-12-18,21:00,test,2025,2025,19,19.703180209736967,0.703180209736967,19,20,false,2025,2025-12,macro_non_southerly,19.02866666666667,0.028666666666669727,19,true,-0.6745135430702973,-0.6745135430702973,1,true,false,false,true,0.028666666666669727,0.703180209736967,EXPERIMENT_ONLY
2025-12-18,22:00,test,2025,2025,19,19.66991866671431,0.6699186667143096,19,20,false,2025,2025-12,macro_non_southerly,19.02866666666667,0.028666666666669727,19,true,-0.6412520000476398,-0.6412520000476398,1,true,false,false,true,0.028666666666669727,0.6699186667143096,EXPERIMENT_ONLY
2025-12-18,23:00,test,2025,2025,19,19.73933829416889,0.7393382941688884,19,20,false,2025,2025-12,macro_non_southerly,19.02866666666667,0.028666666666669727,19,true,-0.7106716275022187,-0.7106716275022187,1,true,false,false,true,0.028666666666669727,0.7393382941688884,EXPERIMENT_ONLY
2025-12-19,20:00,test,2025,2025,20,20.500785193093936,0.500785193093936,20,21,false,2025,2025-12,macro_non_southerly,20.065333333333335,0.06533333333333502,20,true,-0.43545185976060097,-0.43545185976060097,1,true,false,false,true,0.06533333333333502,0.500785193093936,EXPERIMENT_ONLY
2025-12-19,21:00,test,2025,2025,20,20.649933059936494,0.6499330599364939,20,21,false,2025,2025-12,macro_non_southerly,20.065333333333335,0.06533333333333502,20,true,-0.5845997266031588,-0.5845997266031588,1,true,false,false,true,0.06533333333333502,0.6499330599364939,EXPERIMENT_ONLY
2025-12-19,22:00,test,2025,2025,20,20.34119012790412,0.3411901279041203,20,20,true,2025,2025-12,macro_non_southerly,20.065333333333335,0.06533333333333502,20,true,-0.27585679457078527,-0.27585679457078527,0,true,false,false,false,0.06533333333333502,0.3411901279041203,EXPERIMENT_ONLY
2025-12-19,23:00,test,2025,2025,20,19.997005928049603,0.002994071950396915,20,20,true,2025,2025-12,macro_non_southerly,20.065333333333335,0.06533333333333502,20,true,0.062339261382938105,0.06832740528373193,0,false,true,false,false,0.06533333333333502,-0.002994071950396915,EXPERIMENT_ONLY
2025-12-20,20:00,test,2025,2025,19,17.635696417995007,1.3643035820049931,19,18,false,2025,2025-12,macro_southerly_flow,17.906444444444446,1.0935555555555538,18,false,-0.2707480264494393,0.2707480264494393,0,true,false,false,false,-1.0935555555555538,-1.3643035820049931,EXPERIMENT_ONLY
2025-12-20,21:00,test,2025,2025,19,17.3887087291368,1.6112912708632017,19,17,false,2025,2025-12,macro_southerly_flow,17.906444444444446,1.0935555555555538,18,false,-0.5177357153076478,0.5177357153076478,0,true,false,false,false,-1.0935555555555538,-1.6112912708632017,EXPERIMENT_ONLY
2025-12-20,22:00,test,2025,2025,19,17.5556376076304,1.4443623923696016,19,18,false,2025,2025-12,macro_non_southerly,17.906444444444446,1.0935555555555538,18,false,-0.3508068368140478,0.3508068368140478,0,true,false,false,false,-1.0935555555555538,-1.4443623923696016,EXPERIMENT_ONLY
2025-12-20,23:00,test,2025,2025,19,18.316903240774934,0.6830967592250659,19,18,false,2025,2025-12,macro_non_southerly,17.906444444444446,1.0935555555555538,18,false,0.410458796330488,-0.410458796330488,0,false,true,false,false,-1.0935555555555538,-0.6830967592250659,EXPERIMENT_ONLY
2025-12-21,20:00,test,2025,2025,16,16.24621196341502,0.24621196341502127,16,16,true,2025,2025-12,macro_southerly_flow,16.088,0.08800000000000097,16,true,-0.1582119634150203,-0.1582119634150203,0,true,false,false,false,0.08800000000000097,0.24621196341502127,EXPERIMENT_ONLY
2025-12-21,21:00,test,2025,2025,16,16.964353982697602,0.9643539826976024,16,17,false,2025,2025-12,macro_non_southerly,16.088,0.08800000000000097,16,true,-0.8763539826976015,-0.8763539826976015,1,true,false,false,true,0.08800000000000097,0.9643539826976024,EXPERIMENT_ONLY
2025-12-21,22:00,test,2025,2025,16,16.764907898182685,0.7649078981826847,16,17,false,2025,2025-12,macro_non_southerly,16.088,0.08800000000000097,16,true,-0.6769078981826837,-0.6769078981826837,1,true,false,false,true,0.08800000000000097,0.7649078981826847,EXPERIMENT_ONLY
2025-12-21,23:00,test,2025,2025,16,16.898808264612736,0.898808264612736,16,17,false,2025,2025-12,macro_non_southerly,16.088,0.08800000000000097,16,true,-0.810808264612735,-0.810808264612735,1,true,false,false,true,0.08800000000000097,0.898808264612736,EXPERIMENT_ONLY
2025-12-22,20:00,test,2025,2025,20,19.67997309729346,0.320026902706541,20,20,true,2025,2025-12,macro_non_southerly,19.088,0.911999999999999,19,false,0.591973097293458,-0.591973097293458,-1,false,true,true,false,-0.911999999999999,-0.320026902706541,EXPERIMENT_ONLY
2025-12-22,21:00,test,2025,2025,20,20.329050307640617,0.3290503076406175,20,20,true,2025,2025-12,macro_non_southerly,19.088,0.911999999999999,19,false,0.5829496923593815,-1.2410503076406165,-1,false,true,true,false,-0.911999999999999,0.3290503076406175,EXPERIMENT_ONLY
2025-12-22,22:00,test,2025,2025,20,20.066386881565137,0.06638688156513695,20,20,true,2025,2025-12,macro_non_southerly,19.088,0.911999999999999,19,false,0.8456131184348621,-0.978386881565136,-1,false,true,true,false,-0.911999999999999,0.06638688156513695,EXPERIMENT_ONLY
2025-12-22,23:00,test,2025,2025,20,20.131781528227204,0.13178152822720435,20,20,true,2025,2025-12,macro_non_southerly,19.088,0.911999999999999,19,false,0.7802184717727947,-1.0437815282272034,-1,false,true,true,false,-0.911999999999999,0.13178152822720435,EXPERIMENT_ONLY
2025-12-23,20:00,test,2025,2025,23,21.42616374408168,1.5738362559183194,23,21,false,2025,2025-12,macro_non_southerly,21.624000000000002,1.3759999999999977,22,false,-0.19783625591832177,0.19783625591832177,0,true,false,false,false,-1.3759999999999977,-1.5738362559183194,EXPERIMENT_ONLY
2025-12-23,21:00,test,2025,2025,23,21.394995380465005,1.605004619534995,23,21,false,2025,2025-12,macro_non_southerly,21.624000000000002,1.3759999999999977,22,false,-0.2290046195349973,0.2290046195349973,0,true,false,false,false,-1.3759999999999977,-1.605004619534995,EXPERIMENT_ONLY
2025-12-23,22:00,test,2025,2025,23,21.802808729422804,1.1971912705771963,23,22,false,2025,2025-12,macro_non_southerly,21.624000000000002,1.3759999999999977,22,false,0.17880872942280135,-0.17880872942280135,0,false,true,false,false,-1.3759999999999977,-1.1971912705771963,EXPERIMENT_ONLY
2025-12-23,23:00,test,2025,2025,23,21.99667894908382,1.0033210509161812,23,22,false,2025,2025-12,macro_non_southerly,21.624000000000002,1.3759999999999977,22,false,0.3726789490838165,-0.3726789490838165,0,false,true,false,false,-1.3759999999999977,-1.0033210509161812,EXPERIMENT_ONLY
2025-12-24,20:00,test,2025,2025,22,21.919013105024558,0.08098689497544242,22,22,true,2025,2025-12,macro_non_southerly,21.218888888888888,0.7811111111111124,21,false,0.70012421613567,-0.70012421613567,-1,false,true,true,false,-0.7811111111111124,-0.08098689497544242,EXPERIMENT_ONLY
2025-12-24,21:00,test,2025,2025,22,22.162255679508757,0.16225567950875686,22,22,true,2025,2025-12,macro_non_southerly,21.218888888888888,0.7811111111111124,21,false,0.6188554316023556,-0.9433667906198693,-1,false,true,true,false,-0.7811111111111124,0.16225567950875686,EXPERIMENT_ONLY
2025-12-24,22:00,test,2025,2025,22,22.085718641363258,0.08571864136325757,22,22,true,2025,2025-12,macro_non_southerly,21.218888888888888,0.7811111111111124,21,false,0.6953924697478548,-0.86682975247437,-1,false,true,true,false,-0.7811111111111124,0.08571864136325757,EXPERIMENT_ONLY
2025-12-24,23:00,test,2025,2025,22,22.18179998234517,0.1817999823451686,22,22,true,2025,2025-12,macro_non_southerly,21.218888888888888,0.7811111111111124,21,false,0.5993111287659438,-0.962911093456281,-1,false,true,true,false,-0.7811111111111124,0.1817999823451686,EXPERIMENT_ONLY
2025-12-25,20:00,test,2025,2025,20,21.412701286467108,1.412701286467108,20,21,false,2025,2025-12,macro_non_southerly,20.057555555555552,0.05755555555555247,20,true,-1.3551457309115555,-1.3551457309115555,1,true,false,false,true,0.05755555555555247,1.412701286467108,EXPERIMENT_ONLY
2025-12-25,21:00,test,2025,2025,20,21.756086441155503,1.756086441155503,20,22,false,2025,2025-12,macro_non_southerly,20.057555555555552,0.05755555555555247,20,true,-1.6985308855999506,-1.6985308855999506,1,true,false,false,true,0.05755555555555247,1.756086441155503,EXPERIMENT_ONLY
2025-12-25,22:00,test,2025,2025,20,21.58647619539443,1.5864761953944289,20,22,false,2025,2025-12,macro_non_southerly,20.057555555555552,0.05755555555555247,20,true,-1.5289206398388764,-1.5289206398388764,1,true,false,false,true,0.05755555555555247,1.5864761953944289,EXPERIMENT_ONLY
2025-12-25,23:00,test,2025,2025,20,21.44137304135236,1.4413730413523602,20,21,false,2025,2025-12,macro_non_southerly,20.057555555555552,0.05755555555555247,20,true,-1.3838174857968077,-1.3838174857968077,1,true,false,false,true,0.05755555555555247,1.4413730413523602,EXPERIMENT_ONLY
2025-12-26,20:00,test,2025,2025,19,20.628096223693028,1.6280962236930279,19,21,false,2025,2025-12,macro_non_southerly,18.797555555555558,0.20244444444444198,19,true,-1.4256517792485859,-1.8305406681374699,1,true,false,false,true,-0.20244444444444198,1.6280962236930279,EXPERIMENT_ONLY
2025-12-26,21:00,test,2025,2025,19,19.92842920788484,0.9284292078848395,19,20,false,2025,2025-12,macro_non_southerly,18.797555555555558,0.20244444444444198,19,true,-0.7259847634403975,-1.1308736523292815,1,true,false,false,true,-0.20244444444444198,0.9284292078848395,EXPERIMENT_ONLY
2025-12-26,22:00,test,2025,2025,19,19.30329889410556,0.3032988941055592,19,19,true,2025,2025-12,macro_non_southerly,18.797555555555558,0.20244444444444198,19,true,-0.10085444966111723,-0.5057433385500012,0,true,false,false,false,-0.20244444444444198,0.3032988941055592,EXPERIMENT_ONLY
2025-12-26,23:00,test,2025,2025,19,19.113398305945715,0.1133983059457151,19,19,true,2025,2025-12,macro_non_southerly,18.797555555555558,0.20244444444444198,19,true,0.08904613849872689,-0.3158427503901571,0,false,true,false,false,-0.20244444444444198,0.1133983059457151,EXPERIMENT_ONLY
2025-12-27,20:00,test,2025,2025,20,20.76897990169589,0.7689799016958894,20,21,false,2025,2025-12,macro_non_southerly,18.875777777777778,1.1242222222222225,19,false,0.3552423205263331,-1.8932021239181118,0,false,true,false,false,-1.1242222222222225,0.7689799016958894,EXPERIMENT_ONLY
2025-12-27,21:00,test,2025,2025,20,20.843765887688274,0.8437658876882743,20,21,false,2025,2025-12,macro_non_southerly,18.875777777777778,1.1242222222222225,19,false,0.28045633453394814,-1.9679881099104968,0,false,true,false,false,-1.1242222222222225,0.8437658876882743,EXPERIMENT_ONLY
2025-12-27,22:00,test,2025,2025,20,20.66816743291857,0.668167432918569,20,21,false,2025,2025-12,macro_non_southerly,18.875777777777778,1.1242222222222225,19,false,0.4560547893036535,-1.7923896551407914,0,false,true,false,false,-1.1242222222222225,0.668167432918569,EXPERIMENT_ONLY
2025-12-27,23:00,test,2025,2025,20,20.449908840446163,0.4499088404461631,20,20,true,2025,2025-12,macro_non_southerly,18.875777777777778,1.1242222222222225,19,false,0.6743133817760594,-1.5741310626683855,-1,false,true,true,false,-1.1242222222222225,0.4499088404461631,EXPERIMENT_ONLY
2025-12-28,20:00,test,2025,2025,19,20.275897520819033,1.2758975208190328,19,20,false,2025,2025-12,macro_non_southerly,19.601555555555557,0.6015555555555565,20,false,-0.6743419652634763,-0.6743419652634763,0,true,false,false,false,0.6015555555555565,1.2758975208190328,EXPERIMENT_ONLY
2025-12-28,21:00,test,2025,2025,19,19.748780017899943,0.7487800178999429,19,20,false,2025,2025-12,macro_non_southerly,19.601555555555557,0.6015555555555565,20,false,-0.14722446234438635,-0.14722446234438635,0,true,false,false,false,0.6015555555555565,0.7487800178999429,EXPERIMENT_ONLY
2025-12-28,22:00,test,2025,2025,19,19.705678150642896,0.7056781506428962,19,20,false,2025,2025-12,macro_non_southerly,19.601555555555557,0.6015555555555565,20,false,-0.10412259508733968,-0.10412259508733968,0,true,false,false,false,0.6015555555555565,0.7056781506428962,EXPERIMENT_ONLY
2025-12-28,23:00,test,2025,2025,19,19.67062041722159,0.6706204172215884,19,20,false,2025,2025-12,macro_non_southerly,19.601555555555557,0.6015555555555565,20,false,-0.06906486166603187,-0.06906486166603187,0,true,false,false,false,0.6015555555555565,0.6706204172215884,EXPERIMENT_ONLY
2025-12-29,20:00,test,2025,2025,19,20.6369446775346,1.6369446775346006,19,21,false,2025,2025-12,macro_non_southerly,19.087333333333333,0.08733333333333348,19,true,-1.5496113442012671,-1.5496113442012671,1,true,false,false,true,0.08733333333333348,1.6369446775346006,EXPERIMENT_ONLY
2025-12-29,21:00,test,2025,2025,19,20.823819242387515,1.8238192423875148,19,21,false,2025,2025-12,macro_non_southerly,19.087333333333333,0.08733333333333348,19,true,-1.7364859090541813,-1.7364859090541813,1,true,false,false,true,0.08733333333333348,1.8238192423875148,EXPERIMENT_ONLY
2025-12-29,22:00,test,2025,2025,19,20.237907019083373,1.237907019083373,19,20,false,2025,2025-12,macro_non_southerly,19.087333333333333,0.08733333333333348,19,true,-1.1505736857500395,-1.1505736857500395,1,true,false,false,true,0.08733333333333348,1.237907019083373,EXPERIMENT_ONLY
2025-12-29,23:00,test,2025,2025,19,20.27390269747494,1.2739026974749414,19,20,false,2025,2025-12,macro_non_southerly,19.087333333333333,0.08733333333333348,19,true,-1.186569364141608,-1.186569364141608,1,true,false,false,true,0.08733333333333348,1.2739026974749414,EXPERIMENT_ONLY
2025-12-30,20:00,test,2025,2025,17,16.452842260272124,0.5471577397278757,17,16,false,2025,2025-12,macro_southerly_flow,16.947555555555557,0.052444444444443405,17,true,-0.49471329528343233,0.49471329528343233,1,true,false,false,true,-0.052444444444443405,-0.5471577397278757,EXPERIMENT_ONLY
2025-12-30,21:00,test,2025,2025,17,16.44175182568947,0.5582481743105312,17,16,false,2025,2025-12,macro_southerly_flow,16.947555555555557,0.052444444444443405,17,true,-0.5058037298660878,0.5058037298660878,1,true,false,false,true,-0.052444444444443405,-0.5582481743105312,EXPERIMENT_ONLY
2025-12-30,22:00,test,2025,2025,17,15.53949760047614,1.4605023995238593,17,16,false,2025,2025-12,macro_southerly_flow,16.947555555555557,0.052444444444443405,17,true,-1.408057955079416,1.408057955079416,1,true,false,false,true,-0.052444444444443405,-1.4605023995238593,EXPERIMENT_ONLY
2025-12-30,23:00,test,2025,2025,17,15.647747438855847,1.3522525611441534,17,16,false,2025,2025-12,macro_southerly_flow,16.947555555555557,0.052444444444443405,17,true,-1.29980811669971,1.29980811669971,1,true,false,false,true,-0.052444444444443405,-1.3522525611441534,EXPERIMENT_ONLY
2025-12-31,20:00,test,2025,2025,16,18.20044838250948,2.2004483825094816,16,18,false,2025,2025-12,macro_southerly_flow,19.72577777777778,3.725777777777779,20,false,1.5253293952682974,1.5253293952682974,0,false,true,false,false,3.725777777777779,2.2004483825094816,EXPERIMENT_ONLY
2025-12-31,21:00,test,2025,2025,16,18.42999282973416,2.429992829734161,16,18,false,2025,2025-12,macro_southerly_flow,19.72577777777778,3.725777777777779,20,false,1.295784948043618,1.295784948043618,0,false,true,false,false,3.725777777777779,2.429992829734161,EXPERIMENT_ONLY
2025-12-31,22:00,test,2025,2025,16,18.06360920892493,2.0636092089249303,16,18,false,2025,2025-12,macro_southerly_flow,19.72577777777778,3.725777777777779,20,false,1.6621685688528487,1.6621685688528487,0,false,true,false,false,3.725777777777779,2.0636092089249303,EXPERIMENT_ONLY
2025-12-31,23:00,test,2025,2025,16,17.96764125305244,1.9676412530524416,16,18,false,2025,2025-12,macro_southerly_flow,19.72577777777778,3.725777777777779,20,false,1.7581365247253373,1.7581365247253373,0,false,true,false,false,3.725777777777779,1.9676412530524416,EXPERIMENT_ONLY
